{
    "substitutions": {
        "rule-5": [
            {
                "part": null,
                "node-pos": 22,
                "html": true,
                "template-line-number": 44,
                "replacement-node": 10
            }
        ],
        "rule-14": [
            {
                "part": null,
                "node-pos": 184,
                "template-line-number": 670,
                "replacement-node": 94
            }
        ],
        "rule-23": {
            "subs": [
                {
                    "part": "1",
                    "name": "ShipperLineItems",
                    "replacement-node": 47,
                    "extras": {},
                    "node-pos": 107,
                    "template-line-number": 540
                },
                {
                    "part": "1",
                    "expression-node": 50,
                    "name": "ShipperLineItems",
                    "replacement-node": 49,
                    "node-pos": 110,
                    "template-line-number": 546
                },
                {
                    "part": "10",
                    "expression-node": 77,
                    "name": "ShipperLineItems",
                    "replacement-node": 76,
                    "node-pos": 146,
                    "template-line-number": 604
                },
                {
                    "part": "11",
                    "expression-node": 80,
                    "name": "ShipperLineItems",
                    "replacement-node": 79,
                    "node-pos": 150,
                    "template-line-number": 610
                },
                {
                    "part": "12",
                    "expression-node": 83,
                    "name": "ShipperLineItems",
                    "replacement-node": 82,
                    "node-pos": 154,
                    "template-line-number": 616
                },
                {
                    "part": "13",
                    "expression-node": 86,
                    "name": "ShipperLineItems",
                    "replacement-node": 85,
                    "node-pos": 158,
                    "template-line-number": 623
                },
                {
                    "part": "14",
                    "expression-node": 89,
                    "name": "ShipperLineItems",
                    "replacement-node": 88,
                    "node-pos": 162,
                    "template-line-number": 629
                },
                {
                    "part": "15",
                    "expression-node": 92,
                    "name": "ShipperLineItems",
                    "replacement-node": 91,
                    "node-pos": 166,
                    "template-line-number": 635
                },
                {
                    "part": "2",
                    "expression-node": 53,
                    "name": "ShipperLineItems",
                    "replacement-node": 52,
                    "node-pos": 114,
                    "template-line-number": 553
                },
                {
                    "part": "3",
                    "expression-node": 56,
                    "name": "ShipperLineItems",
                    "replacement-node": 55,
                    "node-pos": 118,
                    "template-line-number": 559
                },
                {
                    "part": "4",
                    "expression-node": 59,
                    "name": "ShipperLineItems",
                    "replacement-node": 58,
                    "node-pos": 122,
                    "template-line-number": 565
                },
                {
                    "part": "5",
                    "expression-node": 62,
                    "name": "ShipperLineItems",
                    "replacement-node": 61,
                    "node-pos": 126,
                    "template-line-number": 571
                },
                {
                    "part": "6",
                    "expression-node": 65,
                    "name": "ShipperLineItems",
                    "replacement-node": 64,
                    "node-pos": 130,
                    "template-line-number": 580
                },
                {
                    "part": "7",
                    "expression-node": 68,
                    "name": "ShipperLineItems",
                    "replacement-node": 67,
                    "node-pos": 134,
                    "template-line-number": 586
                },
                {
                    "part": "8",
                    "expression-node": 71,
                    "name": "ShipperLineItems",
                    "replacement-node": 70,
                    "node-pos": 138,
                    "template-line-number": 592
                },
                {
                    "part": "9",
                    "expression-node": 74,
                    "name": "ShipperLineItems",
                    "replacement-node": 73,
                    "node-pos": 142,
                    "template-line-number": 598
                }
            ],
            "name": "ShipperLineItems"
        },
        "rule-21": [
            {
                "part": null,
                "node-pos": 212,
                "template-line-number": 738,
                "replacement-node": 109
            }
        ],
        "rule-6": [
            {
                "part": null,
                "node-pos": 27,
                "html": true,
                "template-line-number": 56,
                "replacement-node": 13
            }
        ],
        "rule-24": {
            "subs": [
                {
                    "part": "1",
                    "name": "ShipperSuppliedHeadings",
                    "replacement-node": 40,
                    "extras": {},
                    "node-pos": 97,
                    "template-line-number": 166
                },
                {
                    "part": "2",
                    "name": "ShipperSuppliedHeadings",
                    "replacement-node": 43,
                    "extras": {},
                    "node-pos": 101,
                    "template-line-number": 175
                },
                {
                    "part": "3",
                    "name": "ShipperSuppliedHeadings",
                    "replacement-node": 38,
                    "extras": {},
                    "node-pos": 95,
                    "template-line-number": 162
                }
            ],
            "name": "ShipperSuppliedHeadings"
        },
        "rule-8": [
            {
                "part": null,
                "node-pos": 36,
                "expression-node": 20,
                "template-line-number": 72,
                "replacement-node": 19
            }
        ],
        "rule-20": [
            {
                "part": null,
                "node-pos": 208,
                "expression-node": 107,
                "template-line-number": 733,
                "replacement-node": 106
            }
        ],
        "rule-2": [
            {
                "part": null,
                "node-pos": 10,
                "template-line-number": 27,
                "replacement-node": 1
            }
        ],
        "rule-4": [
            {
                "part": null,
                "node-pos": 18,
                "template-line-number": 38,
                "replacement-node": 7
            }
        ],
        "rule-17": [
            {
                "part": null,
                "node-pos": 195,
                "expression-node": 101,
                "template-line-number": 697,
                "replacement-node": 100
            }
        ],
        "rule-13": [
            {
                "part": null,
                "node-pos": 59,
                "html": true,
                "template-line-number": 108,
                "replacement-node": 34
            }
        ],
        "rule-10": [
            {
                "part": null,
                "node-pos": 44,
                "expression-node": 26,
                "template-line-number": 82,
                "replacement-node": 25
            }
        ],
        "rule-18": [
            {
                "part": null,
                "node-pos": 200,
                "template-line-number": 711,
                "replacement-node": 102
            }
        ],
        "rule-12": [
            {
                "part": null,
                "node-pos": 54,
                "template-line-number": 97,
                "replacement-node": 31
            }
        ],
        "rule-9": [
            {
                "part": null,
                "node-pos": 40,
                "template-line-number": 77,
                "replacement-node": 22
            }
        ],
        "rule-15": [
            {
                "part": null,
                "node-pos": 187,
                "expression-node": 97,
                "template-line-number": 677,
                "replacement-node": 96
            }
        ],
        "rule-7": [
            {
                "part": null,
                "node-pos": 32,
                "template-line-number": 67,
                "replacement-node": 16
            }
        ],
        "rule-22": [
            {
                "part": null,
                "node-pos": 216,
                "template-line-number": 747,
                "replacement-node": 112
            }
        ],
        "rule-16": [
            {
                "part": null,
                "node-pos": 192,
                "template-line-number": 690,
                "replacement-node": 98
            }
        ],
        "rule-19": [
            {
                "part": null,
                "node-pos": 203,
                "expression-node": 105,
                "template-line-number": 718,
                "replacement-node": 104
            }
        ],
        "rule-11": [
            {
                "part": null,
                "node-pos": 48,
                "expression-node": 29,
                "template-line-number": 87,
                "replacement-node": 28
            }
        ],
        "rule-3": [
            {
                "part": null,
                "node-pos": 14,
                "expression-node": 5,
                "template-line-number": 32,
                "replacement-node": 4
            }
        ]
    },
    "line-numbers": {},
    "showifs": {
        "rule-1": {
            "type": "showif",
            "template-line-number": 17
        }
    }
}