{
    "showifs": {},
    "line-numbers": {
        "TransmissionOfElectricity": [
            {
                "start-number": 1,
                "template-line-number": 255,
                "line-number-node": 46
            }
        ]
    },
    "substitutions": {
        "rule-4": [
            {
                "html": true,
                "part": null,
                "node-pos": 21,
                "template-line-number": 40,
                "replacement-node": 9
            }
        ],
        "rule-7": [
            {
                "node-pos": 35,
                "part": null,
                "template-line-number": 82,
                "expression-node": 19,
                "replacement-node": 18
            }
        ],
        "rule-20": [
            {
                "node-pos": 164,
                "part": null,
                "template-line-number": 399,
                "expression-node": 94,
                "replacement-node": 93
            }
        ],
        "rule-16": [
            {
                "node-pos": 146,
                "part": null,
                "template-line-number": 358,
                "expression-node": 82,
                "replacement-node": 81
            }
        ],
        "rule-6": [
            {
                "part": null,
                "node-pos": 31,
                "template-line-number": 75,
                "replacement-node": 15
            }
        ],
        "rule-13": [
            {
                "part": null,
                "node-pos": 132,
                "template-line-number": 327,
                "replacement-node": 72
            }
        ],
        "rule-12": [
            {
                "html": true,
                "part": null,
                "node-pos": 58,
                "template-line-number": 126,
                "replacement-node": 33
            }
        ],
        "rule-23": {
            "name": "TransmissionOfElectricity",
            "subs": [
                {
                    "part": "2",
                    "expression-node": 49,
                    "template-line-number": 260,
                    "replacement-node": 48,
                    "name": "TransmissionOfElectricity",
                    "node-pos": 98
                },
                {
                    "part": "3",
                    "expression-node": 52,
                    "template-line-number": 268,
                    "replacement-node": 51,
                    "name": "TransmissionOfElectricity",
                    "node-pos": 102
                },
                {
                    "part": "4",
                    "expression-node": 55,
                    "template-line-number": 276,
                    "replacement-node": 54,
                    "name": "TransmissionOfElectricity",
                    "node-pos": 106
                },
                {
                    "part": "5",
                    "expression-node": 58,
                    "template-line-number": 284,
                    "replacement-node": 57,
                    "name": "TransmissionOfElectricity",
                    "node-pos": 110
                },
                {
                    "part": "6",
                    "expression-node": 61,
                    "template-line-number": 292,
                    "replacement-node": 60,
                    "name": "TransmissionOfElectricity",
                    "node-pos": 114
                },
                {
                    "part": "7",
                    "expression-node": 64,
                    "template-line-number": 300,
                    "replacement-node": 63,
                    "name": "TransmissionOfElectricity",
                    "node-pos": 118
                },
                {
                    "part": "8",
                    "expression-node": 67,
                    "template-line-number": 308,
                    "replacement-node": 66,
                    "name": "TransmissionOfElectricity",
                    "node-pos": 122
                },
                {
                    "part": "9",
                    "expression-node": 70,
                    "template-line-number": 316,
                    "replacement-node": 69,
                    "name": "TransmissionOfElectricity",
                    "node-pos": 126
                }
            ]
        },
        "rule-24": {
            "name": "ColumnHeadings",
            "subs": [
                {
                    "part": "1",
                    "node-pos": 85,
                    "template-line-number": 178,
                    "replacement-node": 39,
                    "name": "ColumnHeadings",
                    "extras": {}
                },
                {
                    "part": "2",
                    "node-pos": 89,
                    "template-line-number": 186,
                    "replacement-node": 42,
                    "name": "ColumnHeadings",
                    "extras": {}
                },
                {
                    "part": "3",
                    "node-pos": 83,
                    "template-line-number": 174,
                    "replacement-node": 37,
                    "name": "ColumnHeadings",
                    "extras": {}
                }
            ]
        },
        "rule-11": [
            {
                "part": null,
                "node-pos": 53,
                "template-line-number": 115,
                "replacement-node": 30
            }
        ],
        "rule-19": [
            {
                "node-pos": 158,
                "part": null,
                "template-line-number": 385,
                "expression-node": 91,
                "replacement-node": 90
            }
        ],
        "rule-3": [
            {
                "part": null,
                "node-pos": 17,
                "template-line-number": 32,
                "replacement-node": 6
            }
        ],
        "rule-8": [
            {
                "part": null,
                "node-pos": 39,
                "template-line-number": 89,
                "replacement-node": 21
            }
        ],
        "rule-21": [
            {
                "part": null,
                "node-pos": 168,
                "template-line-number": 406,
                "replacement-node": 96
            }
        ],
        "rule-15": [
            {
                "node-pos": 142,
                "part": null,
                "template-line-number": 349,
                "expression-node": 79,
                "replacement-node": 78
            }
        ],
        "rule-1": [
            {
                "part": null,
                "node-pos": 9,
                "template-line-number": 18,
                "replacement-node": 0
            }
        ],
        "rule-9": [
            {
                "node-pos": 43,
                "part": null,
                "template-line-number": 96,
                "expression-node": 25,
                "replacement-node": 24
            }
        ],
        "rule-10": [
            {
                "node-pos": 47,
                "part": null,
                "template-line-number": 102,
                "expression-node": 28,
                "replacement-node": 27
            }
        ],
        "rule-17": [
            {
                "node-pos": 150,
                "part": null,
                "template-line-number": 367,
                "expression-node": 85,
                "replacement-node": 84
            }
        ],
        "rule-14": [
            {
                "node-pos": 138,
                "part": null,
                "template-line-number": 340,
                "expression-node": 76,
                "replacement-node": 75
            }
        ],
        "rule-22": [
            {
                "part": null,
                "node-pos": 172,
                "template-line-number": 416,
                "replacement-node": 99
            }
        ],
        "rule-2": [
            {
                "node-pos": 13,
                "part": null,
                "template-line-number": 25,
                "expression-node": 4,
                "replacement-node": 3
            }
        ],
        "rule-5": [
            {
                "html": true,
                "part": null,
                "node-pos": 26,
                "template-line-number": 57,
                "replacement-node": 12
            }
        ],
        "rule-18": [
            {
                "node-pos": 154,
                "part": null,
                "template-line-number": 376,
                "expression-node": 88,
                "replacement-node": 87
            }
        ]
    }
}