{
    "line-numbers": {
        "MiscItems3": [
            {
                "line-number-node": 97,
                "template-line-number": 412,
                "start-number": 1
            }
        ],
        "MiscItems4": [
            {
                "line-number-node": 121,
                "template-line-number": 514,
                "start-number": 1
            }
        ],
        "MiscItems6": [
            {
                "line-number-node": 169,
                "template-line-number": 717,
                "start-number": 1
            }
        ],
        "MiscItems2": [
            {
                "line-number-node": 73,
                "template-line-number": 311,
                "start-number": 1
            }
        ],
        "MiscItems5": [
            {
                "line-number-node": 145,
                "template-line-number": 616,
                "start-number": 1
            }
        ],
        "MiscItems1": [
            {
                "line-number-node": 49,
                "template-line-number": 206,
                "start-number": 1
            }
        ],
        "MiscItems": [
            {
                "line-number-node": 193,
                "template-line-number": 816,
                "start-number": 1
            }
        ]
    },
    "substitutions": {
        "rule-42": {
            "name": "MiscItems",
            "subs": [
                {
                    "name": "MiscItems",
                    "expression-node": 196,
                    "replacement-node": 195,
                    "template-line-number": 819,
                    "node-pos": 313,
                    "part": "2"
                },
                {
                    "name": "MiscItems",
                    "expression-node": 199,
                    "replacement-node": 198,
                    "template-line-number": 824,
                    "node-pos": 317,
                    "part": "3"
                },
                {
                    "name": "MiscItems",
                    "expression-node": 202,
                    "replacement-node": 201,
                    "template-line-number": 829,
                    "node-pos": 321,
                    "part": "4"
                },
                {
                    "name": "MiscItems",
                    "expression-node": 205,
                    "replacement-node": 204,
                    "template-line-number": 834,
                    "node-pos": 325,
                    "part": "5"
                }
            ]
        },
        "rule-14": [
            {
                "replacement-node": 63,
                "template-line-number": 233,
                "node-pos": 109,
                "part": null
            }
        ],
        "rule-20": [
            {
                "replacement-node": 111,
                "template-line-number": 439,
                "node-pos": 183,
                "part": null
            }
        ],
        "rule-34": {
            "name": "MiscItems3",
            "subs": [
                {
                    "name": "MiscItems3",
                    "expression-node": 100,
                    "replacement-node": 99,
                    "template-line-number": 415,
                    "node-pos": 166,
                    "part": "2"
                },
                {
                    "name": "MiscItems3",
                    "expression-node": 103,
                    "replacement-node": 102,
                    "template-line-number": 420,
                    "node-pos": 170,
                    "part": "3"
                },
                {
                    "name": "MiscItems3",
                    "expression-node": 106,
                    "replacement-node": 105,
                    "template-line-number": 425,
                    "node-pos": 174,
                    "part": "4"
                },
                {
                    "name": "MiscItems3",
                    "expression-node": 109,
                    "replacement-node": 108,
                    "template-line-number": 430,
                    "node-pos": 178,
                    "part": "5"
                }
            ]
        },
        "rule-32": [
            {
                "replacement-node": 210,
                "template-line-number": 850,
                "node-pos": 335,
                "part": null
            }
        ],
        "rule-8": [
            {
                "replacement-node": 21,
                "template-line-number": 74,
                "node-pos": 40,
                "part": null
            }
        ],
        "rule-2": [
            {
                "expression-node": 4,
                "replacement-node": 3,
                "template-line-number": 29,
                "node-pos": 14,
                "part": null
            }
        ],
        "rule-10": [
            {
                "expression-node": 28,
                "replacement-node": 27,
                "template-line-number": 84,
                "node-pos": 48,
                "part": null
            }
        ],
        "rule-38": {
            "name": "ColumnHeadings",
            "subs": [
                {
                    "name": "ColumnHeadings",
                    "replacement-node": 39,
                    "template-line-number": 136,
                    "extras": {},
                    "node-pos": 73,
                    "part": "1"
                },
                {
                    "name": "ColumnHeadings",
                    "replacement-node": 42,
                    "template-line-number": 144,
                    "extras": {},
                    "node-pos": 77,
                    "part": "2"
                },
                {
                    "name": "ColumnHeadings",
                    "replacement-node": 37,
                    "template-line-number": 132,
                    "extras": {},
                    "node-pos": 71,
                    "part": "3"
                }
            ]
        },
        "rule-22": [
            {
                "replacement-node": 117,
                "template-line-number": 463,
                "node-pos": 193,
                "part": null
            }
        ],
        "rule-35": {
            "name": "MiscItems6",
            "subs": [
                {
                    "name": "MiscItems6",
                    "expression-node": 172,
                    "replacement-node": 171,
                    "template-line-number": 720,
                    "node-pos": 277,
                    "part": "2"
                },
                {
                    "name": "MiscItems6",
                    "expression-node": 175,
                    "replacement-node": 174,
                    "template-line-number": 725,
                    "node-pos": 281,
                    "part": "3"
                },
                {
                    "name": "MiscItems6",
                    "expression-node": 178,
                    "replacement-node": 177,
                    "template-line-number": 730,
                    "node-pos": 285,
                    "part": "4"
                },
                {
                    "name": "MiscItems6",
                    "expression-node": 181,
                    "replacement-node": 180,
                    "template-line-number": 735,
                    "node-pos": 289,
                    "part": "5"
                }
            ]
        },
        "rule-5": [
            {
                "html": true,
                "replacement-node": 12,
                "template-line-number": 53,
                "node-pos": 27,
                "part": null
            }
        ],
        "rule-15": [
            {
                "expression-node": 67,
                "replacement-node": 66,
                "template-line-number": 245,
                "node-pos": 114,
                "part": null
            }
        ],
        "rule-31": [
            {
                "expression-node": 208,
                "replacement-node": 207,
                "template-line-number": 845,
                "node-pos": 331,
                "part": null
            }
        ],
        "rule-37": {
            "name": "MiscItems4",
            "subs": [
                {
                    "name": "MiscItems4",
                    "expression-node": 124,
                    "replacement-node": 123,
                    "template-line-number": 517,
                    "node-pos": 203,
                    "part": "2"
                },
                {
                    "name": "MiscItems4",
                    "expression-node": 127,
                    "replacement-node": 126,
                    "template-line-number": 522,
                    "node-pos": 207,
                    "part": "3"
                },
                {
                    "name": "MiscItems4",
                    "expression-node": 130,
                    "replacement-node": 129,
                    "template-line-number": 527,
                    "node-pos": 211,
                    "part": "4"
                },
                {
                    "name": "MiscItems4",
                    "expression-node": 133,
                    "replacement-node": 132,
                    "template-line-number": 532,
                    "node-pos": 215,
                    "part": "5"
                }
            ]
        },
        "rule-24": [
            {
                "expression-node": 139,
                "replacement-node": 138,
                "template-line-number": 553,
                "node-pos": 225,
                "part": null
            }
        ],
        "rule-23": [
            {
                "replacement-node": 135,
                "template-line-number": 541,
                "node-pos": 220,
                "part": null
            }
        ],
        "rule-19": [
            {
                "replacement-node": 93,
                "template-line-number": 362,
                "node-pos": 156,
                "part": null
            }
        ],
        "rule-28": [
            {
                "replacement-node": 165,
                "template-line-number": 667,
                "node-pos": 267,
                "part": null
            }
        ],
        "rule-11": [
            {
                "replacement-node": 30,
                "template-line-number": 94,
                "node-pos": 54,
                "part": null
            }
        ],
        "rule-16": [
            {
                "replacement-node": 69,
                "template-line-number": 257,
                "node-pos": 119,
                "part": null
            }
        ],
        "rule-39": {
            "name": "MiscItemsHeader",
            "subs": [
                {
                    "name": "MiscItemsHeader",
                    "replacement-node": 190,
                    "template-line-number": 776,
                    "extras": {},
                    "node-pos": 305,
                    "part": "1"
                }
            ]
        },
        "rule-25": [
            {
                "replacement-node": 141,
                "template-line-number": 565,
                "node-pos": 230,
                "part": null
            }
        ],
        "rule-27": [
            {
                "expression-node": 163,
                "replacement-node": 162,
                "template-line-number": 655,
                "node-pos": 262,
                "part": null
            }
        ],
        "rule-9": [
            {
                "expression-node": 25,
                "replacement-node": 24,
                "template-line-number": 79,
                "node-pos": 44,
                "part": null
            }
        ],
        "rule-33": [
            {
                "replacement-node": 213,
                "template-line-number": 859,
                "node-pos": 339,
                "part": null
            }
        ],
        "rule-30": [
            {
                "expression-node": 187,
                "replacement-node": 186,
                "template-line-number": 756,
                "node-pos": 299,
                "part": null
            }
        ],
        "rule-40": {
            "name": "MiscItems5",
            "subs": [
                {
                    "name": "MiscItems5",
                    "expression-node": 148,
                    "replacement-node": 147,
                    "template-line-number": 619,
                    "node-pos": 240,
                    "part": "2"
                },
                {
                    "name": "MiscItems5",
                    "expression-node": 151,
                    "replacement-node": 150,
                    "template-line-number": 624,
                    "node-pos": 244,
                    "part": "3"
                },
                {
                    "name": "MiscItems5",
                    "expression-node": 154,
                    "replacement-node": 153,
                    "template-line-number": 629,
                    "node-pos": 248,
                    "part": "4"
                },
                {
                    "name": "MiscItems5",
                    "expression-node": 157,
                    "replacement-node": 156,
                    "template-line-number": 634,
                    "node-pos": 252,
                    "part": "5"
                }
            ]
        },
        "rule-26": [
            {
                "replacement-node": 159,
                "template-line-number": 643,
                "node-pos": 257,
                "part": null
            }
        ],
        "rule-7": [
            {
                "expression-node": 19,
                "replacement-node": 18,
                "template-line-number": 69,
                "node-pos": 36,
                "part": null
            }
        ],
        "rule-29": [
            {
                "replacement-node": 183,
                "template-line-number": 744,
                "node-pos": 294,
                "part": null
            }
        ],
        "rule-13": [
            {
                "replacement-node": 45,
                "template-line-number": 155,
                "node-pos": 82,
                "part": null
            }
        ],
        "rule-41": {
            "name": "MiscItems1",
            "subs": [
                {
                    "name": "MiscItems1",
                    "expression-node": 52,
                    "replacement-node": 51,
                    "template-line-number": 209,
                    "node-pos": 92,
                    "part": "2"
                },
                {
                    "name": "MiscItems1",
                    "expression-node": 55,
                    "replacement-node": 54,
                    "template-line-number": 214,
                    "node-pos": 96,
                    "part": "3"
                },
                {
                    "name": "MiscItems1",
                    "expression-node": 58,
                    "replacement-node": 57,
                    "template-line-number": 219,
                    "node-pos": 100,
                    "part": "4"
                },
                {
                    "name": "MiscItems1",
                    "expression-node": 61,
                    "replacement-node": 60,
                    "template-line-number": 224,
                    "node-pos": 104,
                    "part": "5"
                }
            ]
        },
        "rule-3": [
            {
                "replacement-node": 6,
                "template-line-number": 35,
                "node-pos": 18,
                "part": null
            }
        ],
        "rule-6": [
            {
                "replacement-node": 15,
                "template-line-number": 64,
                "node-pos": 32,
                "part": null
            }
        ],
        "rule-21": [
            {
                "expression-node": 115,
                "replacement-node": 114,
                "template-line-number": 451,
                "node-pos": 188,
                "part": null
            }
        ],
        "rule-18": [
            {
                "expression-node": 91,
                "replacement-node": 90,
                "template-line-number": 350,
                "node-pos": 151,
                "part": null
            }
        ],
        "rule-17": [
            {
                "replacement-node": 87,
                "template-line-number": 338,
                "node-pos": 146,
                "part": null
            }
        ],
        "rule-4": [
            {
                "html": true,
                "replacement-node": 9,
                "template-line-number": 41,
                "node-pos": 22,
                "part": null
            }
        ],
        "rule-12": [
            {
                "html": true,
                "replacement-node": 33,
                "template-line-number": 105,
                "node-pos": 59,
                "part": null
            }
        ],
        "rule-36": {
            "name": "MiscItems2",
            "subs": [
                {
                    "name": "MiscItems2",
                    "expression-node": 76,
                    "replacement-node": 75,
                    "template-line-number": 314,
                    "node-pos": 129,
                    "part": "2"
                },
                {
                    "name": "MiscItems2",
                    "expression-node": 79,
                    "replacement-node": 78,
                    "template-line-number": 319,
                    "node-pos": 133,
                    "part": "3"
                },
                {
                    "name": "MiscItems2",
                    "expression-node": 82,
                    "replacement-node": 81,
                    "template-line-number": 324,
                    "node-pos": 137,
                    "part": "4"
                },
                {
                    "name": "MiscItems2",
                    "expression-node": 85,
                    "replacement-node": 84,
                    "template-line-number": 329,
                    "node-pos": 141,
                    "part": "5"
                }
            ]
        },
        "rule-1": [
            {
                "replacement-node": 0,
                "template-line-number": 23,
                "node-pos": 10,
                "part": null
            }
        ]
    },
    "showifs": {}
}