{
    "showifs": {},
    "line-numbers": {},
    "substitutions": {
        "rule-16": {
            "name": "ShipperSuppliedHeadings",
            "subs": [
                {
                    "template-line-number": 160,
                    "part": "1",
                    "replacement-node": 39,
                    "name": "ShipperSuppliedHeadings",
                    "node-pos": 96,
                    "extras": {}
                },
                {
                    "template-line-number": 169,
                    "part": "2",
                    "replacement-node": 42,
                    "name": "ShipperSuppliedHeadings",
                    "node-pos": 100,
                    "extras": {}
                },
                {
                    "template-line-number": 156,
                    "part": "3",
                    "replacement-node": 37,
                    "name": "ShipperSuppliedHeadings",
                    "node-pos": 94,
                    "extras": {}
                }
            ]
        },
        "rule-4": [
            {
                "node-pos": 21,
                "template-line-number": 38,
                "part": null,
                "replacement-node": 9,
                "html": true
            }
        ],
        "rule-15": [
            {
                "node-pos": 179,
                "template-line-number": 663,
                "part": null,
                "replacement-node": 99
            }
        ],
        "rule-8": [
            {
                "node-pos": 39,
                "template-line-number": 71,
                "part": null,
                "replacement-node": 21
            }
        ],
        "rule-2": [
            {
                "expression-node": 4,
                "node-pos": 13,
                "template-line-number": 26,
                "part": null,
                "replacement-node": 3
            }
        ],
        "rule-10": [
            {
                "expression-node": 28,
                "node-pos": 47,
                "template-line-number": 81,
                "part": null,
                "replacement-node": 27
            }
        ],
        "rule-3": [
            {
                "node-pos": 17,
                "template-line-number": 32,
                "part": null,
                "replacement-node": 6
            }
        ],
        "rule-11": [
            {
                "node-pos": 53,
                "template-line-number": 91,
                "part": null,
                "replacement-node": 30
            }
        ],
        "rule-7": [
            {
                "expression-node": 19,
                "node-pos": 35,
                "template-line-number": 66,
                "part": null,
                "replacement-node": 18
            }
        ],
        "rule-6": [
            {
                "node-pos": 31,
                "template-line-number": 61,
                "part": null,
                "replacement-node": 15
            }
        ],
        "rule-1": [
            {
                "node-pos": 9,
                "template-line-number": 21,
                "part": null,
                "replacement-node": 0
            }
        ],
        "rule-17": {
            "name": "ShipperLineItems",
            "subs": [
                {
                    "template-line-number": 535,
                    "part": "1",
                    "replacement-node": 46,
                    "name": "ShipperLineItems",
                    "node-pos": 106,
                    "extras": {}
                },
                {
                    "expression-node": 49,
                    "template-line-number": 541,
                    "part": "1",
                    "replacement-node": 48,
                    "name": "ShipperLineItems",
                    "node-pos": 109
                },
                {
                    "expression-node": 76,
                    "template-line-number": 598,
                    "part": "10",
                    "replacement-node": 75,
                    "name": "ShipperLineItems",
                    "node-pos": 145
                },
                {
                    "expression-node": 79,
                    "template-line-number": 604,
                    "part": "11",
                    "replacement-node": 78,
                    "name": "ShipperLineItems",
                    "node-pos": 149
                },
                {
                    "expression-node": 82,
                    "template-line-number": 610,
                    "part": "12",
                    "replacement-node": 81,
                    "name": "ShipperLineItems",
                    "node-pos": 153
                },
                {
                    "expression-node": 85,
                    "template-line-number": 617,
                    "part": "13",
                    "replacement-node": 84,
                    "name": "ShipperLineItems",
                    "node-pos": 157
                },
                {
                    "expression-node": 88,
                    "template-line-number": 623,
                    "part": "14",
                    "replacement-node": 87,
                    "name": "ShipperLineItems",
                    "node-pos": 161
                },
                {
                    "expression-node": 91,
                    "template-line-number": 629,
                    "part": "15",
                    "replacement-node": 90,
                    "name": "ShipperLineItems",
                    "node-pos": 165
                },
                {
                    "expression-node": 52,
                    "template-line-number": 548,
                    "part": "2",
                    "replacement-node": 51,
                    "name": "ShipperLineItems",
                    "node-pos": 113
                },
                {
                    "expression-node": 55,
                    "template-line-number": 554,
                    "part": "3",
                    "replacement-node": 54,
                    "name": "ShipperLineItems",
                    "node-pos": 117
                },
                {
                    "expression-node": 58,
                    "template-line-number": 560,
                    "part": "4",
                    "replacement-node": 57,
                    "name": "ShipperLineItems",
                    "node-pos": 121
                },
                {
                    "expression-node": 61,
                    "template-line-number": 566,
                    "part": "5",
                    "replacement-node": 60,
                    "name": "ShipperLineItems",
                    "node-pos": 125
                },
                {
                    "expression-node": 64,
                    "template-line-number": 574,
                    "part": "6",
                    "replacement-node": 63,
                    "name": "ShipperLineItems",
                    "node-pos": 129
                },
                {
                    "expression-node": 67,
                    "template-line-number": 580,
                    "part": "7",
                    "replacement-node": 66,
                    "name": "ShipperLineItems",
                    "node-pos": 133
                },
                {
                    "expression-node": 70,
                    "template-line-number": 586,
                    "part": "8",
                    "replacement-node": 69,
                    "name": "ShipperLineItems",
                    "node-pos": 137
                },
                {
                    "expression-node": 73,
                    "template-line-number": 592,
                    "part": "9",
                    "replacement-node": 72,
                    "name": "ShipperLineItems",
                    "node-pos": 141
                }
            ]
        },
        "rule-12": [
            {
                "node-pos": 58,
                "template-line-number": 102,
                "part": null,
                "replacement-node": 33,
                "html": true
            }
        ],
        "rule-13": [
            {
                "expression-node": 94,
                "node-pos": 171,
                "template-line-number": 649,
                "part": null,
                "replacement-node": 93
            }
        ],
        "rule-5": [
            {
                "node-pos": 26,
                "template-line-number": 50,
                "part": null,
                "replacement-node": 12,
                "html": true
            }
        ],
        "rule-9": [
            {
                "expression-node": 25,
                "node-pos": 43,
                "template-line-number": 76,
                "part": null,
                "replacement-node": 24
            }
        ],
        "rule-14": [
            {
                "node-pos": 175,
                "template-line-number": 654,
                "part": null,
                "replacement-node": 96
            }
        ]
    }
}