{
    "substitutions": {
        "rule-15": {
            "subs": [
                {
                    "template-line-number": 112,
                    "extras": {},
                    "replacement-node": 34,
                    "node-pos": 61,
                    "part": "1",
                    "name": "APHeadings"
                },
                {
                    "template-line-number": 119,
                    "extras": {},
                    "replacement-node": 37,
                    "node-pos": 65,
                    "part": "2",
                    "name": "APHeadings"
                }
            ],
            "name": "APHeadings"
        },
        "rule-16": {
            "subs": [
                {
                    "template-line-number": 171,
                    "extras": {},
                    "replacement-node": 41,
                    "node-pos": 71,
                    "part": "1",
                    "name": "APLineItems"
                },
                {
                    "template-line-number": 182,
                    "extras": {},
                    "replacement-node": 46,
                    "node-pos": 79,
                    "part": "2",
                    "name": "APLineItems"
                },
                {
                    "template-line-number": 191,
                    "replacement-node": 50,
                    "expression-node": 51,
                    "part": "3",
                    "node-pos": 84,
                    "name": "APLineItems"
                },
                {
                    "template-line-number": 197,
                    "replacement-node": 53,
                    "expression-node": 54,
                    "part": "4",
                    "node-pos": 88,
                    "name": "APLineItems"
                },
                {
                    "template-line-number": 203,
                    "replacement-node": 56,
                    "expression-node": 57,
                    "part": "5",
                    "node-pos": 92,
                    "name": "APLineItems"
                },
                {
                    "template-line-number": 209,
                    "replacement-node": 59,
                    "expression-node": 60,
                    "part": "6",
                    "node-pos": 96,
                    "name": "APLineItems"
                },
                {
                    "template-line-number": 215,
                    "replacement-node": 62,
                    "expression-node": 63,
                    "part": "7",
                    "node-pos": 100,
                    "name": "APLineItems"
                },
                {
                    "template-line-number": 178,
                    "extras": {},
                    "replacement-node": 44,
                    "node-pos": 77,
                    "part": "8",
                    "name": "APLineItems"
                }
            ],
            "name": "APLineItems"
        },
        "rule-6": [
            {
                "template-line-number": 61,
                "replacement-node": 15,
                "node-pos": 31,
                "part": null
            }
        ],
        "rule-4": [
            {
                "html": true,
                "template-line-number": 38,
                "replacement-node": 9,
                "node-pos": 21,
                "part": null
            }
        ],
        "rule-13": [
            {
                "template-line-number": 230,
                "replacement-node": 68,
                "node-pos": 110,
                "part": null
            }
        ],
        "rule-7": [
            {
                "template-line-number": 65,
                "node-pos": 35,
                "replacement-node": 18,
                "expression-node": 19,
                "part": null
            }
        ],
        "rule-8": [
            {
                "template-line-number": 70,
                "replacement-node": 21,
                "node-pos": 39,
                "part": null
            }
        ],
        "rule-10": [
            {
                "template-line-number": 79,
                "node-pos": 47,
                "replacement-node": 27,
                "expression-node": 28,
                "part": null
            }
        ],
        "rule-2": [
            {
                "template-line-number": 26,
                "node-pos": 13,
                "replacement-node": 3,
                "expression-node": 4,
                "part": null
            }
        ],
        "rule-9": [
            {
                "template-line-number": 74,
                "node-pos": 43,
                "replacement-node": 24,
                "expression-node": 25,
                "part": null
            }
        ],
        "rule-11": [
            {
                "template-line-number": 89,
                "replacement-node": 30,
                "node-pos": 53,
                "part": null
            }
        ],
        "rule-3": [
            {
                "template-line-number": 32,
                "replacement-node": 6,
                "node-pos": 17,
                "part": null
            }
        ],
        "rule-1": [
            {
                "template-line-number": 21,
                "replacement-node": 0,
                "node-pos": 9,
                "part": null
            }
        ],
        "rule-12": [
            {
                "template-line-number": 225,
                "node-pos": 106,
                "replacement-node": 65,
                "expression-node": 66,
                "part": null
            }
        ],
        "rule-14": [
            {
                "template-line-number": 239,
                "replacement-node": 71,
                "node-pos": 114,
                "part": null
            }
        ],
        "rule-5": [
            {
                "html": true,
                "template-line-number": 50,
                "replacement-node": 12,
                "node-pos": 26,
                "part": null
            }
        ]
    },
    "line-numbers": {},
    "showifs": {}
}