{
    "showifs": {},
    "line-numbers": {},
    "substitutions": {
        "rule-4": [
            {
                "template-line-number": 60,
                "node-pos": 28,
                "replacement-node": 12,
                "part": null
            }
        ],
        "rule-14": [
            {
                "template-line-number": 150,
                "node-pos": 74,
                "replacement-node": 42,
                "part": null
            }
        ],
        "rule-26": [
            {
                "template-line-number": 292,
                "node-pos": 142,
                "replacement-node": 78,
                "expression-node": 79,
                "part": null
            }
        ],
        "rule-10": [
            {
                "template-line-number": 112,
                "node-pos": 56,
                "replacement-node": 30,
                "part": null
            }
        ],
        "rule-23": [
            {
                "template-line-number": 242,
                "node-pos": 116,
                "replacement-node": 69,
                "part": null
            }
        ],
        "rule-21": [
            {
                "template-line-number": 218,
                "node-pos": 106,
                "replacement-node": 63,
                "html": true,
                "part": null
            }
        ],
        "rule-24": [
            {
                "template-line-number": 250,
                "node-pos": 121,
                "replacement-node": 72,
                "expression-node": 73,
                "part": null
            }
        ],
        "rule-19": [
            {
                "template-line-number": 198,
                "node-pos": 98,
                "replacement-node": 57,
                "expression-node": 58,
                "part": null
            }
        ],
        "rule-25": [
            {
                "template-line-number": 284,
                "node-pos": 138,
                "replacement-node": 75,
                "part": null
            }
        ],
        "rule-1": [
            {
                "template-line-number": 22,
                "node-pos": 9,
                "replacement-node": 0,
                "expression-node": 1,
                "part": null
            }
        ],
        "rule-27": [
            {
                "template-line-number": 304,
                "node-pos": 147,
                "replacement-node": 81,
                "part": null
            }
        ],
        "rule-16": [
            {
                "template-line-number": 170,
                "node-pos": 83,
                "replacement-node": 48,
                "part": null
            }
        ],
        "rule-3": [
            {
                "template-line-number": 42,
                "node-pos": 20,
                "replacement-node": 6,
                "part": null
            }
        ],
        "rule-11": [
            {
                "template-line-number": 120,
                "node-pos": 61,
                "replacement-node": 33,
                "expression-node": 34,
                "part": null
            }
        ],
        "rule-32": [
            {
                "template-line-number": 350,
                "node-pos": 168,
                "replacement-node": 96,
                "expression-node": 97,
                "part": null
            }
        ],
        "rule-15": [
            {
                "template-line-number": 158,
                "node-pos": 78,
                "replacement-node": 45,
                "expression-node": 46,
                "part": null
            }
        ],
        "rule-30": [
            {
                "template-line-number": 332,
                "node-pos": 159,
                "replacement-node": 90,
                "expression-node": 91,
                "part": null
            }
        ],
        "rule-9": [
            {
                "template-line-number": 103,
                "node-pos": 51,
                "replacement-node": 27,
                "expression-node": 28,
                "part": null
            }
        ],
        "rule-20": [
            {
                "template-line-number": 208,
                "node-pos": 102,
                "replacement-node": 60,
                "part": null
            }
        ],
        "rule-13": [
            {
                "template-line-number": 140,
                "node-pos": 70,
                "replacement-node": 39,
                "expression-node": 40,
                "part": null
            }
        ],
        "rule-36": {
            "name": "RespondentLegalName",
            "subs": [
                {
                    "name": "RespondentLegalName",
                    "template-line-number": 50,
                    "node-pos": 24,
                    "replacement-node": 9,
                    "expression-node": 10,
                    "part": "1"
                }
            ]
        },
        "rule-35": [
            {
                "template-line-number": 394,
                "node-pos": 187,
                "replacement-node": 105,
                "part": null
            }
        ],
        "rule-2": [
            {
                "template-line-number": 31,
                "node-pos": 15,
                "replacement-node": 3,
                "part": null
            }
        ],
        "rule-34": [
            {
                "template-line-number": 384,
                "node-pos": 183,
                "replacement-node": 102,
                "part": null
            }
        ],
        "rule-5": [
            {
                "template-line-number": 72,
                "node-pos": 33,
                "replacement-node": 15,
                "expression-node": 16,
                "part": null
            }
        ],
        "rule-12": [
            {
                "template-line-number": 132,
                "node-pos": 66,
                "replacement-node": 36,
                "part": null
            }
        ],
        "rule-8": [
            {
                "template-line-number": 95,
                "node-pos": 47,
                "replacement-node": 24,
                "expression-node": 25,
                "part": null
            }
        ],
        "rule-7": [
            {
                "template-line-number": 87,
                "node-pos": 42,
                "replacement-node": 21,
                "part": null
            }
        ],
        "rule-6": [
            {
                "template-line-number": 77,
                "node-pos": 37,
                "replacement-node": 18,
                "expression-node": 19,
                "part": null
            }
        ],
        "rule-33": [
            {
                "template-line-number": 377,
                "node-pos": 179,
                "replacement-node": 99,
                "expression-node": 100,
                "part": null
            }
        ],
        "rule-17": [
            {
                "template-line-number": 178,
                "node-pos": 88,
                "replacement-node": 51,
                "expression-node": 52,
                "part": null
            }
        ],
        "rule-28": [
            {
                "template-line-number": 312,
                "node-pos": 151,
                "replacement-node": 84,
                "expression-node": 85,
                "part": null
            }
        ],
        "rule-29": [
            {
                "template-line-number": 324,
                "node-pos": 155,
                "replacement-node": 87,
                "part": null
            }
        ],
        "rule-31": [
            {
                "template-line-number": 342,
                "node-pos": 164,
                "replacement-node": 93,
                "part": null
            }
        ],
        "rule-22": [
            {
                "template-line-number": 230,
                "node-pos": 111,
                "replacement-node": 66,
                "html": true,
                "part": null
            }
        ],
        "rule-18": [
            {
                "template-line-number": 190,
                "node-pos": 93,
                "replacement-node": 54,
                "part": null
            }
        ]
    }
}