{
    "showifs": {},
    "substitutions": {
        "rule-28": [
            {
                "expression-node": 85,
                "replacement-node": 84,
                "part": null,
                "node-pos": 151,
                "template-line-number": 312
            }
        ],
        "rule-5": [
            {
                "expression-node": 16,
                "replacement-node": 15,
                "part": null,
                "node-pos": 33,
                "template-line-number": 72
            }
        ],
        "rule-35": [
            {
                "node-pos": 187,
                "replacement-node": 105,
                "part": null,
                "template-line-number": 394
            }
        ],
        "rule-13": [
            {
                "expression-node": 40,
                "replacement-node": 39,
                "part": null,
                "node-pos": 70,
                "template-line-number": 140
            }
        ],
        "rule-33": [
            {
                "expression-node": 100,
                "replacement-node": 99,
                "part": null,
                "node-pos": 179,
                "template-line-number": 377
            }
        ],
        "rule-7": [
            {
                "node-pos": 42,
                "replacement-node": 21,
                "part": null,
                "template-line-number": 87
            }
        ],
        "rule-34": [
            {
                "node-pos": 183,
                "replacement-node": 102,
                "part": null,
                "template-line-number": 384
            }
        ],
        "rule-30": [
            {
                "expression-node": 91,
                "replacement-node": 90,
                "part": null,
                "node-pos": 159,
                "template-line-number": 332
            }
        ],
        "rule-12": [
            {
                "node-pos": 66,
                "replacement-node": 36,
                "part": null,
                "template-line-number": 132
            }
        ],
        "rule-32": [
            {
                "expression-node": 97,
                "replacement-node": 96,
                "part": null,
                "node-pos": 168,
                "template-line-number": 350
            }
        ],
        "rule-9": [
            {
                "expression-node": 28,
                "replacement-node": 27,
                "part": null,
                "node-pos": 51,
                "template-line-number": 103
            }
        ],
        "rule-14": [
            {
                "node-pos": 74,
                "replacement-node": 42,
                "part": null,
                "template-line-number": 150
            }
        ],
        "rule-3": [
            {
                "node-pos": 20,
                "replacement-node": 6,
                "part": null,
                "template-line-number": 42
            }
        ],
        "rule-26": [
            {
                "expression-node": 79,
                "replacement-node": 78,
                "part": null,
                "node-pos": 142,
                "template-line-number": 292
            }
        ],
        "rule-22": [
            {
                "html": true,
                "node-pos": 111,
                "replacement-node": 66,
                "part": null,
                "template-line-number": 230
            }
        ],
        "rule-19": [
            {
                "expression-node": 58,
                "replacement-node": 57,
                "part": null,
                "node-pos": 98,
                "template-line-number": 198
            }
        ],
        "rule-8": [
            {
                "expression-node": 25,
                "replacement-node": 24,
                "part": null,
                "node-pos": 47,
                "template-line-number": 95
            }
        ],
        "rule-23": [
            {
                "node-pos": 116,
                "replacement-node": 69,
                "part": null,
                "template-line-number": 242
            }
        ],
        "rule-4": [
            {
                "node-pos": 28,
                "replacement-node": 12,
                "part": null,
                "template-line-number": 60
            }
        ],
        "rule-31": [
            {
                "node-pos": 164,
                "replacement-node": 93,
                "part": null,
                "template-line-number": 342
            }
        ],
        "rule-27": [
            {
                "node-pos": 147,
                "replacement-node": 81,
                "part": null,
                "template-line-number": 304
            }
        ],
        "rule-1": [
            {
                "expression-node": 1,
                "replacement-node": 0,
                "part": null,
                "node-pos": 9,
                "template-line-number": 22
            }
        ],
        "rule-21": [
            {
                "html": true,
                "node-pos": 106,
                "replacement-node": 63,
                "part": null,
                "template-line-number": 218
            }
        ],
        "rule-16": [
            {
                "node-pos": 83,
                "replacement-node": 48,
                "part": null,
                "template-line-number": 170
            }
        ],
        "rule-2": [
            {
                "node-pos": 15,
                "replacement-node": 3,
                "part": null,
                "template-line-number": 31
            }
        ],
        "rule-29": [
            {
                "node-pos": 155,
                "replacement-node": 87,
                "part": null,
                "template-line-number": 324
            }
        ],
        "rule-15": [
            {
                "expression-node": 46,
                "replacement-node": 45,
                "part": null,
                "node-pos": 78,
                "template-line-number": 158
            }
        ],
        "rule-25": [
            {
                "node-pos": 138,
                "replacement-node": 75,
                "part": null,
                "template-line-number": 284
            }
        ],
        "rule-24": [
            {
                "expression-node": 73,
                "replacement-node": 72,
                "part": null,
                "node-pos": 121,
                "template-line-number": 250
            }
        ],
        "rule-36": {
            "subs": [
                {
                    "expression-node": 10,
                    "replacement-node": 9,
                    "node-pos": 24,
                    "template-line-number": 50,
                    "name": "RespondentLegalName",
                    "part": "1"
                }
            ],
            "name": "RespondentLegalName"
        },
        "rule-17": [
            {
                "expression-node": 52,
                "replacement-node": 51,
                "part": null,
                "node-pos": 88,
                "template-line-number": 178
            }
        ],
        "rule-10": [
            {
                "node-pos": 56,
                "replacement-node": 30,
                "part": null,
                "template-line-number": 112
            }
        ],
        "rule-20": [
            {
                "node-pos": 102,
                "replacement-node": 60,
                "part": null,
                "template-line-number": 208
            }
        ],
        "rule-6": [
            {
                "expression-node": 19,
                "replacement-node": 18,
                "part": null,
                "node-pos": 37,
                "template-line-number": 77
            }
        ],
        "rule-11": [
            {
                "expression-node": 34,
                "replacement-node": 33,
                "part": null,
                "node-pos": 61,
                "template-line-number": 120
            }
        ],
        "rule-18": [
            {
                "node-pos": 93,
                "replacement-node": 54,
                "part": null,
                "template-line-number": 190
            }
        ]
    },
    "line-numbers": {}
}