{
    "substitutions": {
        "rule-12": [
            {
                "node-pos": 113,
                "part": null,
                "template-line-number": 237,
                "replacement-node": 60
            }
        ],
        "rule-10": [
            {
                "node-pos": 103,
                "part": null,
                "expression-node": 55,
                "template-line-number": 219,
                "replacement-node": 54
            }
        ],
        "rule-7": [
            {
                "node-pos": 40,
                "part": null,
                "html": true,
                "template-line-number": 73,
                "replacement-node": 18
            }
        ],
        "rule-5": [
            {
                "node-pos": 29,
                "part": null,
                "expression-node": 13,
                "template-line-number": 52,
                "replacement-node": 12
            }
        ],
        "rule-1": [
            {
                "node-pos": 15,
                "part": null,
                "expression-node": 1,
                "template-line-number": 30,
                "replacement-node": 0
            }
        ],
        "rule-4": [
            {
                "node-pos": 26,
                "part": null,
                "template-line-number": 47,
                "replacement-node": 9
            }
        ],
        "rule-14": {
            "name": "GenPlantsHead",
            "subs": [
                {
                    "node-pos": 59,
                    "extras": {},
                    "template-line-number": 110,
                    "name": "GenPlantsHead",
                    "part": "1",
                    "replacement-node": 24
                },
                {
                    "node-pos": 63,
                    "extras": {},
                    "template-line-number": 119,
                    "name": "GenPlantsHead",
                    "part": "2",
                    "replacement-node": 27
                },
                {
                    "node-pos": 57,
                    "extras": {},
                    "template-line-number": 106,
                    "name": "GenPlantsHead",
                    "part": "3",
                    "replacement-node": 22
                }
            ]
        },
        "rule-9": [
            {
                "node-pos": 99,
                "part": null,
                "expression-node": 52,
                "template-line-number": 214,
                "replacement-node": 51
            }
        ],
        "rule-3": [
            {
                "node-pos": 22,
                "part": null,
                "expression-node": 7,
                "template-line-number": 42,
                "replacement-node": 6
            }
        ],
        "rule-13": {
            "name": "GenPlants",
            "subs": [
                {
                    "node-pos": 72,
                    "template-line-number": 177,
                    "name": "GenPlants",
                    "part": "2",
                    "replacement-node": 33,
                    "expression-node": 34
                },
                {
                    "node-pos": 76,
                    "template-line-number": 182,
                    "name": "GenPlants",
                    "part": "3",
                    "replacement-node": 36,
                    "expression-node": 37
                },
                {
                    "node-pos": 80,
                    "template-line-number": 187,
                    "name": "GenPlants",
                    "part": "4",
                    "replacement-node": 39,
                    "expression-node": 40
                },
                {
                    "node-pos": 84,
                    "template-line-number": 192,
                    "name": "GenPlants",
                    "part": "5",
                    "replacement-node": 42,
                    "expression-node": 43
                },
                {
                    "node-pos": 88,
                    "template-line-number": 197,
                    "name": "GenPlants",
                    "part": "5",
                    "replacement-node": 45,
                    "expression-node": 46
                }
            ]
        },
        "rule-6": [
            {
                "node-pos": 35,
                "part": null,
                "template-line-number": 62,
                "replacement-node": 15
            }
        ],
        "rule-11": [
            {
                "node-pos": 107,
                "part": null,
                "expression-node": 58,
                "template-line-number": 224,
                "replacement-node": 57
            }
        ],
        "rule-8": [
            {
                "node-pos": 95,
                "part": null,
                "expression-node": 49,
                "template-line-number": 209,
                "replacement-node": 48
            }
        ],
        "rule-2": [
            {
                "node-pos": 19,
                "part": null,
                "template-line-number": 37,
                "replacement-node": 3
            }
        ]
    },
    "line-numbers": {
        "GenPlants": [
            {
                "line-number-node": 31,
                "template-line-number": 174,
                "start-number": 1
            }
        ]
    },
    "showifs": {}
}