{
    "substitutions": {
        "rule-2": [
            {
                "replacement-node": 1,
                "node-pos": 11,
                "part": null,
                "template-line-number": 29
            }
        ],
        "rule-3": [
            {
                "expression-node": 5,
                "replacement-node": 4,
                "node-pos": 15,
                "part": null,
                "template-line-number": 34
            }
        ],
        "rule-16": [
            {
                "replacement-node": 78,
                "node-pos": 132,
                "part": null,
                "template-line-number": 285
            }
        ],
        "rule-18": {
            "subs": [
                {
                    "replacement-node": 38,
                    "name": "ColumnHeadings",
                    "extras": {},
                    "part": "1",
                    "template-line-number": 142,
                    "node-pos": 75
                },
                {
                    "replacement-node": 41,
                    "name": "ColumnHeadings",
                    "extras": {},
                    "part": "2",
                    "template-line-number": 149,
                    "node-pos": 79
                }
            ],
            "name": "ColumnHeadings"
        },
        "rule-10": [
            {
                "expression-node": 26,
                "replacement-node": 25,
                "node-pos": 45,
                "part": null,
                "template-line-number": 84
            }
        ],
        "rule-13": [
            {
                "replacement-node": 34,
                "node-pos": 60,
                "part": null,
                "template-line-number": 110,
                "html": true
            }
        ],
        "rule-12": [
            {
                "replacement-node": 31,
                "node-pos": 55,
                "part": null,
                "template-line-number": 99
            }
        ],
        "rule-15": [
            {
                "replacement-node": 75,
                "node-pos": 128,
                "part": null,
                "template-line-number": 276
            }
        ],
        "rule-11": [
            {
                "expression-node": 29,
                "replacement-node": 28,
                "node-pos": 49,
                "part": null,
                "template-line-number": 89
            }
        ],
        "rule-14": [
            {
                "expression-node": 73,
                "replacement-node": 72,
                "node-pos": 124,
                "part": null,
                "template-line-number": 271
            }
        ],
        "rule-6": [
            {
                "replacement-node": 13,
                "node-pos": 28,
                "part": null,
                "template-line-number": 58,
                "html": true
            }
        ],
        "rule-4": [
            {
                "replacement-node": 7,
                "node-pos": 19,
                "part": null,
                "template-line-number": 40
            }
        ],
        "rule-8": [
            {
                "expression-node": 20,
                "replacement-node": 19,
                "node-pos": 37,
                "part": null,
                "template-line-number": 74
            }
        ],
        "rule-5": [
            {
                "replacement-node": 10,
                "node-pos": 23,
                "part": null,
                "template-line-number": 46,
                "html": true
            }
        ],
        "rule-7": [
            {
                "replacement-node": 16,
                "node-pos": 33,
                "part": null,
                "template-line-number": 69
            }
        ],
        "rule-9": [
            {
                "replacement-node": 22,
                "node-pos": 41,
                "part": null,
                "template-line-number": 79
            }
        ],
        "rule-17": {
            "subs": [
                {
                    "replacement-node": 45,
                    "name": "CarrierPropertyItems",
                    "extras": {},
                    "part": "1",
                    "template-line-number": 204,
                    "node-pos": 85
                },
                {
                    "replacement-node": 50,
                    "name": "CarrierPropertyItems",
                    "extras": {},
                    "part": "2",
                    "template-line-number": 216,
                    "node-pos": 93
                },
                {
                    "expression-node": 54,
                    "replacement-node": 53,
                    "name": "CarrierPropertyItems",
                    "part": "2",
                    "template-line-number": 225,
                    "node-pos": 97
                },
                {
                    "expression-node": 57,
                    "replacement-node": 56,
                    "name": "CarrierPropertyItems",
                    "part": "3",
                    "template-line-number": 232,
                    "node-pos": 101
                },
                {
                    "expression-node": 60,
                    "replacement-node": 59,
                    "name": "CarrierPropertyItems",
                    "part": "4",
                    "template-line-number": 239,
                    "node-pos": 105
                },
                {
                    "expression-node": 64,
                    "replacement-node": 63,
                    "name": "CarrierPropertyItems",
                    "part": "5",
                    "template-line-number": 247,
                    "node-pos": 110
                },
                {
                    "replacement-node": 48,
                    "name": "CarrierPropertyItems",
                    "extras": {},
                    "part": "6",
                    "template-line-number": 212,
                    "node-pos": 91
                },
                {
                    "expression-node": 67,
                    "replacement-node": 66,
                    "name": "CarrierPropertyItems",
                    "part": "6",
                    "template-line-number": 254,
                    "node-pos": 114
                },
                {
                    "expression-node": 70,
                    "replacement-node": 69,
                    "name": "CarrierPropertyItems",
                    "part": "7",
                    "template-line-number": 261,
                    "node-pos": 118
                }
            ],
            "name": "CarrierPropertyItems"
        }
    },
    "showifs": {
        "rule-1": {
            "template-line-number": 19,
            "type": "showif"
        }
    },
    "line-numbers": {}
}