{
    "substitutions": {
        "rule-10": [
            {
                "part": null,
                "template-line-number": 78,
                "node-pos": 47,
                "expression-node": 28,
                "replacement-node": 27
            }
        ],
        "rule-6": [
            {
                "part": null,
                "template-line-number": 60,
                "node-pos": 31,
                "replacement-node": 15
            }
        ],
        "rule-21": [
            {
                "part": null,
                "template-line-number": 331,
                "node-pos": 141,
                "replacement-node": 80
            }
        ],
        "rule-22": [
            {
                "part": null,
                "template-line-number": 343,
                "node-pos": 146,
                "expression-node": 84,
                "replacement-node": 83
            }
        ],
        "rule-5": [
            {
                "part": null,
                "template-line-number": 49,
                "node-pos": 26,
                "html": true,
                "replacement-node": 12
            }
        ],
        "rule-27": {
            "subs": [
                {
                    "part": "2",
                    "expression-node": 74,
                    "template-line-number": 307,
                    "node-pos": 130,
                    "replacement-node": 73,
                    "name": "BenefitsLineItems"
                },
                {
                    "part": "3",
                    "expression-node": 78,
                    "template-line-number": 320,
                    "node-pos": 135,
                    "replacement-node": 77,
                    "name": "BenefitsLineItems"
                }
            ],
            "name": "BenefitsLineItems"
        },
        "rule-4": [
            {
                "part": null,
                "template-line-number": 37,
                "node-pos": 21,
                "html": true,
                "replacement-node": 9
            }
        ],
        "rule-13": [
            {
                "part": null,
                "template-line-number": 153,
                "node-pos": 82,
                "replacement-node": 45
            }
        ],
        "rule-18": [
            {
                "part": null,
                "template-line-number": 213,
                "node-pos": 109,
                "expression-node": 61,
                "replacement-node": 60
            }
        ],
        "rule-7": [
            {
                "part": null,
                "template-line-number": 64,
                "node-pos": 35,
                "expression-node": 19,
                "replacement-node": 18
            }
        ],
        "rule-15": [
            {
                "part": null,
                "template-line-number": 177,
                "node-pos": 93,
                "replacement-node": 51
            }
        ],
        "rule-8": [
            {
                "part": null,
                "template-line-number": 69,
                "node-pos": 39,
                "replacement-node": 21
            }
        ],
        "rule-14": [
            {
                "part": null,
                "template-line-number": 165,
                "node-pos": 87,
                "expression-node": 49,
                "replacement-node": 48
            }
        ],
        "rule-3": [
            {
                "part": null,
                "template-line-number": 31,
                "node-pos": 17,
                "replacement-node": 6
            }
        ],
        "rule-19": [
            {
                "part": null,
                "template-line-number": 225,
                "node-pos": 115,
                "replacement-node": 63
            }
        ],
        "rule-2": [
            {
                "part": null,
                "template-line-number": 25,
                "node-pos": 13,
                "expression-node": 4,
                "replacement-node": 3
            }
        ],
        "rule-11": [
            {
                "part": null,
                "template-line-number": 88,
                "node-pos": 53,
                "replacement-node": 30
            }
        ],
        "rule-25": [
            {
                "part": null,
                "template-line-number": 371,
                "node-pos": 160,
                "replacement-node": 92
            }
        ],
        "rule-20": [
            {
                "part": null,
                "template-line-number": 237,
                "node-pos": 120,
                "expression-node": 67,
                "replacement-node": 66
            }
        ],
        "rule-24": [
            {
                "part": null,
                "template-line-number": 362,
                "node-pos": 156,
                "replacement-node": 89
            }
        ],
        "rule-26": {
            "subs": [
                {
                    "part": "1",
                    "extras": {},
                    "replacement-node": 39,
                    "template-line-number": 131,
                    "node-pos": 72,
                    "name": "GasPlantInServiceHeadings"
                },
                {
                    "part": "2",
                    "extras": {},
                    "replacement-node": 42,
                    "template-line-number": 140,
                    "node-pos": 76,
                    "name": "GasPlantInServiceHeadings"
                },
                {
                    "part": "3",
                    "extras": {},
                    "replacement-node": 37,
                    "template-line-number": 127,
                    "node-pos": 70,
                    "name": "GasPlantInServiceHeadings"
                }
            ],
            "name": "GasPlantInServiceHeadings"
        },
        "rule-9": [
            {
                "part": null,
                "template-line-number": 73,
                "node-pos": 43,
                "expression-node": 25,
                "replacement-node": 24
            }
        ],
        "rule-12": [
            {
                "part": null,
                "template-line-number": 99,
                "node-pos": 58,
                "html": true,
                "replacement-node": 33
            }
        ],
        "rule-17": [
            {
                "part": null,
                "template-line-number": 201,
                "node-pos": 104,
                "replacement-node": 57
            }
        ],
        "rule-23": [
            {
                "part": null,
                "template-line-number": 357,
                "node-pos": 152,
                "expression-node": 87,
                "replacement-node": 86
            }
        ],
        "rule-16": [
            {
                "part": null,
                "template-line-number": 189,
                "node-pos": 98,
                "expression-node": 55,
                "replacement-node": 54
            }
        ],
        "rule-1": [
            {
                "part": null,
                "template-line-number": 21,
                "node-pos": 9,
                "replacement-node": 0
            }
        ]
    },
    "showifs": {},
    "line-numbers": {
        "BenefitsLineItems": [
            {
                "line-number-node": 70,
                "template-line-number": 302,
                "start-number": 5
            }
        ]
    }
}