{
    "line-numbers": {
        "BenefitsLineItems": [
            {
                "template-line-number": 302,
                "line-number-node": 70,
                "start-number": 5
            }
        ]
    },
    "substitutions": {
        "rule-14": [
            {
                "expression-node": 49,
                "replacement-node": 48,
                "part": null,
                "node-pos": 87,
                "template-line-number": 165
            }
        ],
        "rule-26": {
            "name": "BenefitsLineItems",
            "subs": [
                {
                    "expression-node": 74,
                    "template-line-number": 307,
                    "name": "BenefitsLineItems",
                    "replacement-node": 73,
                    "part": "2",
                    "node-pos": 130
                },
                {
                    "expression-node": 78,
                    "template-line-number": 320,
                    "name": "BenefitsLineItems",
                    "replacement-node": 77,
                    "part": "3",
                    "node-pos": 135
                }
            ]
        },
        "rule-18": [
            {
                "expression-node": 61,
                "replacement-node": 60,
                "part": null,
                "node-pos": 109,
                "template-line-number": 213
            }
        ],
        "rule-4": [
            {
                "html": true,
                "replacement-node": 9,
                "part": null,
                "node-pos": 21,
                "template-line-number": 37
            }
        ],
        "rule-3": [
            {
                "replacement-node": 6,
                "part": null,
                "node-pos": 17,
                "template-line-number": 31
            }
        ],
        "rule-24": [
            {
                "replacement-node": 89,
                "part": null,
                "node-pos": 156,
                "template-line-number": 362
            }
        ],
        "rule-13": [
            {
                "replacement-node": 45,
                "part": null,
                "node-pos": 82,
                "template-line-number": 153
            }
        ],
        "rule-8": [
            {
                "replacement-node": 21,
                "part": null,
                "node-pos": 39,
                "template-line-number": 69
            }
        ],
        "rule-16": [
            {
                "expression-node": 55,
                "replacement-node": 54,
                "part": null,
                "node-pos": 98,
                "template-line-number": 189
            }
        ],
        "rule-2": [
            {
                "expression-node": 4,
                "replacement-node": 3,
                "part": null,
                "node-pos": 13,
                "template-line-number": 25
            }
        ],
        "rule-7": [
            {
                "expression-node": 19,
                "replacement-node": 18,
                "part": null,
                "node-pos": 35,
                "template-line-number": 64
            }
        ],
        "rule-21": [
            {
                "replacement-node": 80,
                "part": null,
                "node-pos": 141,
                "template-line-number": 331
            }
        ],
        "rule-12": [
            {
                "html": true,
                "replacement-node": 33,
                "part": null,
                "node-pos": 58,
                "template-line-number": 99
            }
        ],
        "rule-27": {
            "name": "GasPlantInServiceHeadings",
            "subs": [
                {
                    "template-line-number": 131,
                    "part": "1",
                    "name": "GasPlantInServiceHeadings",
                    "replacement-node": 39,
                    "extras": {},
                    "node-pos": 72
                },
                {
                    "template-line-number": 140,
                    "part": "2",
                    "name": "GasPlantInServiceHeadings",
                    "replacement-node": 42,
                    "extras": {},
                    "node-pos": 76
                },
                {
                    "template-line-number": 127,
                    "part": "3",
                    "name": "GasPlantInServiceHeadings",
                    "replacement-node": 37,
                    "extras": {},
                    "node-pos": 70
                }
            ]
        },
        "rule-25": [
            {
                "replacement-node": 92,
                "part": null,
                "node-pos": 160,
                "template-line-number": 371
            }
        ],
        "rule-10": [
            {
                "expression-node": 28,
                "replacement-node": 27,
                "part": null,
                "node-pos": 47,
                "template-line-number": 78
            }
        ],
        "rule-9": [
            {
                "expression-node": 25,
                "replacement-node": 24,
                "part": null,
                "node-pos": 43,
                "template-line-number": 73
            }
        ],
        "rule-19": [
            {
                "replacement-node": 63,
                "part": null,
                "node-pos": 115,
                "template-line-number": 225
            }
        ],
        "rule-11": [
            {
                "replacement-node": 30,
                "part": null,
                "node-pos": 53,
                "template-line-number": 88
            }
        ],
        "rule-20": [
            {
                "expression-node": 67,
                "replacement-node": 66,
                "part": null,
                "node-pos": 120,
                "template-line-number": 237
            }
        ],
        "rule-6": [
            {
                "replacement-node": 15,
                "part": null,
                "node-pos": 31,
                "template-line-number": 60
            }
        ],
        "rule-23": [
            {
                "expression-node": 87,
                "replacement-node": 86,
                "part": null,
                "node-pos": 152,
                "template-line-number": 357
            }
        ],
        "rule-1": [
            {
                "replacement-node": 0,
                "part": null,
                "node-pos": 9,
                "template-line-number": 21
            }
        ],
        "rule-22": [
            {
                "expression-node": 84,
                "replacement-node": 83,
                "part": null,
                "node-pos": 146,
                "template-line-number": 343
            }
        ],
        "rule-5": [
            {
                "html": true,
                "replacement-node": 12,
                "part": null,
                "node-pos": 26,
                "template-line-number": 49
            }
        ],
        "rule-15": [
            {
                "replacement-node": 51,
                "part": null,
                "node-pos": 93,
                "template-line-number": 177
            }
        ],
        "rule-17": [
            {
                "replacement-node": 57,
                "part": null,
                "node-pos": 104,
                "template-line-number": 201
            }
        ]
    },
    "showifs": {}
}