{
    "showifs": {},
    "line-numbers": {
        "TransmissionLinesAdded": [
            {
                "template-line-number": 294,
                "start-number": 1,
                "line-number-node": 47
            }
        ]
    },
    "substitutions": {
        "rule-5": [
            {
                "node-pos": 26,
                "template-line-number": 51,
                "html": true,
                "replacement-node": 12,
                "part": null
            }
        ],
        "rule-25": [
            {
                "node-pos": 223,
                "template-line-number": 511,
                "replacement-node": 133,
                "part": null
            }
        ],
        "rule-22": [
            {
                "node-pos": 209,
                "template-line-number": 483,
                "expression-node": 125,
                "replacement-node": 124,
                "part": null
            }
        ],
        "rule-20": [
            {
                "node-pos": 201,
                "template-line-number": 463,
                "expression-node": 119,
                "replacement-node": 118,
                "part": null
            }
        ],
        "rule-11": [
            {
                "node-pos": 53,
                "template-line-number": 92,
                "html": true,
                "replacement-node": 30,
                "part": null
            }
        ],
        "rule-4": [
            {
                "node-pos": 21,
                "template-line-number": 39,
                "html": true,
                "replacement-node": 9,
                "part": null
            }
        ],
        "rule-7": [
            {
                "node-pos": 35,
                "template-line-number": 67,
                "expression-node": 19,
                "replacement-node": 18,
                "part": null
            }
        ],
        "rule-19": [
            {
                "node-pos": 197,
                "template-line-number": 453,
                "expression-node": 116,
                "replacement-node": 115,
                "part": null
            }
        ],
        "rule-28": {
            "name": "TransmissionLinesAdded",
            "subs": [
                {
                    "node-pos": 132,
                    "expression-node": 74,
                    "replacement-node": 73,
                    "part": "10",
                    "name": "TransmissionLinesAdded",
                    "template-line-number": 337
                },
                {
                    "node-pos": 136,
                    "expression-node": 77,
                    "replacement-node": 76,
                    "part": "11",
                    "name": "TransmissionLinesAdded",
                    "template-line-number": 342
                },
                {
                    "node-pos": 140,
                    "expression-node": 80,
                    "replacement-node": 79,
                    "part": "12",
                    "name": "TransmissionLinesAdded",
                    "template-line-number": 347
                },
                {
                    "node-pos": 144,
                    "expression-node": 83,
                    "replacement-node": 82,
                    "part": "13",
                    "name": "TransmissionLinesAdded",
                    "template-line-number": 352
                },
                {
                    "node-pos": 148,
                    "expression-node": 86,
                    "replacement-node": 85,
                    "part": "14",
                    "name": "TransmissionLinesAdded",
                    "template-line-number": 357
                },
                {
                    "node-pos": 152,
                    "expression-node": 89,
                    "replacement-node": 88,
                    "part": "15",
                    "name": "TransmissionLinesAdded",
                    "template-line-number": 362
                },
                {
                    "node-pos": 156,
                    "expression-node": 92,
                    "replacement-node": 91,
                    "part": "16",
                    "name": "TransmissionLinesAdded",
                    "template-line-number": 367
                },
                {
                    "node-pos": 160,
                    "expression-node": 95,
                    "replacement-node": 94,
                    "part": "17",
                    "name": "TransmissionLinesAdded",
                    "template-line-number": 372
                },
                {
                    "node-pos": 100,
                    "expression-node": 50,
                    "replacement-node": 49,
                    "part": "2",
                    "name": "TransmissionLinesAdded",
                    "template-line-number": 297
                },
                {
                    "node-pos": 104,
                    "expression-node": 53,
                    "replacement-node": 52,
                    "part": "3",
                    "name": "TransmissionLinesAdded",
                    "template-line-number": 302
                },
                {
                    "node-pos": 108,
                    "expression-node": 56,
                    "replacement-node": 55,
                    "part": "4",
                    "name": "TransmissionLinesAdded",
                    "template-line-number": 307
                },
                {
                    "node-pos": 112,
                    "expression-node": 59,
                    "replacement-node": 58,
                    "part": "5",
                    "name": "TransmissionLinesAdded",
                    "template-line-number": 312
                },
                {
                    "node-pos": 116,
                    "expression-node": 62,
                    "replacement-node": 61,
                    "part": "6",
                    "name": "TransmissionLinesAdded",
                    "template-line-number": 317
                },
                {
                    "node-pos": 120,
                    "expression-node": 65,
                    "replacement-node": 64,
                    "part": "7",
                    "name": "TransmissionLinesAdded",
                    "template-line-number": 322
                },
                {
                    "node-pos": 124,
                    "expression-node": 68,
                    "replacement-node": 67,
                    "part": "8",
                    "name": "TransmissionLinesAdded",
                    "template-line-number": 327
                },
                {
                    "node-pos": 128,
                    "expression-node": 71,
                    "replacement-node": 70,
                    "part": "9",
                    "name": "TransmissionLinesAdded",
                    "template-line-number": 332
                }
            ]
        },
        "rule-15": [
            {
                "node-pos": 177,
                "template-line-number": 408,
                "expression-node": 104,
                "replacement-node": 103,
                "part": null
            }
        ],
        "rule-1": [
            {
                "node-pos": 9,
                "template-line-number": 22,
                "replacement-node": 0,
                "part": null
            }
        ],
        "rule-27": {
            "name": "RevenueHeadings",
            "subs": [
                {
                    "extras": {},
                    "node-pos": 83,
                    "name": "RevenueHeadings",
                    "replacement-node": 39,
                    "part": "1",
                    "template-line-number": 165
                },
                {
                    "extras": {},
                    "node-pos": 81,
                    "name": "RevenueHeadings",
                    "replacement-node": 37,
                    "part": "3",
                    "template-line-number": 161
                }
            ]
        },
        "rule-6": [
            {
                "node-pos": 31,
                "template-line-number": 62,
                "replacement-node": 15,
                "part": null
            }
        ],
        "rule-18": [
            {
                "node-pos": 193,
                "template-line-number": 443,
                "expression-node": 113,
                "replacement-node": 112,
                "part": null
            }
        ],
        "rule-2": [
            {
                "node-pos": 13,
                "template-line-number": 27,
                "expression-node": 4,
                "replacement-node": 3,
                "part": null
            }
        ],
        "rule-12": [
            {
                "node-pos": 58,
                "template-line-number": 104,
                "html": true,
                "replacement-node": 33,
                "part": null
            }
        ],
        "rule-10": [
            {
                "node-pos": 47,
                "template-line-number": 82,
                "expression-node": 28,
                "replacement-node": 27,
                "part": null
            }
        ],
        "rule-26": {
            "name": "RevenueHeadings2",
            "subs": [
                {
                    "extras": {},
                    "node-pos": 91,
                    "name": "RevenueHeadings2",
                    "replacement-node": 43,
                    "part": "2",
                    "template-line-number": 191
                }
            ]
        },
        "rule-21": [
            {
                "node-pos": 205,
                "template-line-number": 473,
                "expression-node": 122,
                "replacement-node": 121,
                "part": null
            }
        ],
        "rule-14": [
            {
                "node-pos": 172,
                "template-line-number": 397,
                "expression-node": 101,
                "replacement-node": 100,
                "part": null
            }
        ],
        "rule-9": [
            {
                "node-pos": 43,
                "template-line-number": 77,
                "expression-node": 25,
                "replacement-node": 24,
                "part": null
            }
        ],
        "rule-8": [
            {
                "node-pos": 39,
                "template-line-number": 72,
                "replacement-node": 21,
                "part": null
            }
        ],
        "rule-23": [
            {
                "node-pos": 215,
                "template-line-number": 496,
                "expression-node": 128,
                "replacement-node": 127,
                "part": null
            }
        ],
        "rule-3": [
            {
                "node-pos": 17,
                "template-line-number": 33,
                "replacement-node": 6,
                "part": null
            }
        ],
        "rule-24": [
            {
                "node-pos": 219,
                "template-line-number": 502,
                "replacement-node": 130,
                "part": null
            }
        ],
        "rule-13": [
            {
                "node-pos": 166,
                "template-line-number": 383,
                "replacement-node": 97,
                "part": null
            }
        ],
        "rule-17": [
            {
                "node-pos": 185,
                "template-line-number": 428,
                "expression-node": 110,
                "replacement-node": 109,
                "part": null
            }
        ],
        "rule-16": [
            {
                "node-pos": 181,
                "template-line-number": 418,
                "expression-node": 107,
                "replacement-node": 106,
                "part": null
            }
        ]
    }
}