{
    "line-numbers": {
        "SalesForResale": [
            {
                "line-number-node": 44,
                "template-line-number": 291,
                "start-number": 1
            }
        ]
    },
    "substitutions": {
        "rule-8": [
            {
                "part": null,
                "replacement-node": 21,
                "template-line-number": 89,
                "node-pos": 39
            }
        ],
        "rule-17": [
            {
                "part": null,
                "node-pos": 186,
                "replacement-node": 115,
                "expression-node": 116,
                "template-line-number": 514
            }
        ],
        "rule-2": [
            {
                "part": null,
                "node-pos": 13,
                "replacement-node": 3,
                "expression-node": 4,
                "template-line-number": 25
            }
        ],
        "rule-15": [
            {
                "part": null,
                "node-pos": 178,
                "replacement-node": 109,
                "expression-node": 110,
                "template-line-number": 496
            }
        ],
        "rule-13": [
            {
                "part": null,
                "node-pos": 170,
                "replacement-node": 103,
                "expression-node": 104,
                "template-line-number": 478
            }
        ],
        "rule-23": [
            {
                "part": null,
                "node-pos": 210,
                "replacement-node": 133,
                "expression-node": 134,
                "template-line-number": 568
            }
        ],
        "rule-32": {
            "subs": [
                {
                    "part": "1",
                    "extras": {},
                    "replacement-node": 37,
                    "node-pos": 76,
                    "name": "ISHeadings",
                    "template-line-number": 162
                },
                {
                    "part": "2",
                    "extras": {},
                    "replacement-node": 40,
                    "node-pos": 80,
                    "name": "ISHeadings",
                    "template-line-number": 169
                }
            ],
            "name": "ISHeadings"
        },
        "rule-10": [
            {
                "part": null,
                "node-pos": 47,
                "replacement-node": 27,
                "expression-node": 28,
                "template-line-number": 102
            }
        ],
        "rule-6": [
            {
                "part": null,
                "replacement-node": 15,
                "template-line-number": 75,
                "node-pos": 31
            }
        ],
        "rule-1": [
            {
                "part": null,
                "replacement-node": 0,
                "template-line-number": 18,
                "node-pos": 9
            }
        ],
        "rule-4": [
            {
                "part": null,
                "html": true,
                "replacement-node": 9,
                "template-line-number": 40,
                "node-pos": 21
            }
        ],
        "rule-3": [
            {
                "part": null,
                "replacement-node": 6,
                "template-line-number": 32,
                "node-pos": 17
            }
        ],
        "rule-31": {
            "subs": [
                {
                    "part": "10",
                    "name": "SalesForResale",
                    "replacement-node": 70,
                    "template-line-number": 368,
                    "node-pos": 121,
                    "expression-node": 71
                },
                {
                    "part": "11",
                    "name": "SalesForResale",
                    "replacement-node": 73,
                    "template-line-number": 377,
                    "node-pos": 125,
                    "expression-node": 74
                },
                {
                    "part": "12",
                    "name": "SalesForResale",
                    "replacement-node": 76,
                    "template-line-number": 386,
                    "node-pos": 129,
                    "expression-node": 77
                },
                {
                    "part": "13",
                    "name": "SalesForResale",
                    "replacement-node": 79,
                    "template-line-number": 396,
                    "node-pos": 133,
                    "expression-node": 80
                },
                {
                    "part": "14",
                    "name": "SalesForResale",
                    "replacement-node": 82,
                    "template-line-number": 405,
                    "node-pos": 137,
                    "expression-node": 83
                },
                {
                    "part": "15",
                    "name": "SalesForResale",
                    "replacement-node": 85,
                    "template-line-number": 414,
                    "node-pos": 141,
                    "expression-node": 86
                },
                {
                    "part": "16",
                    "name": "SalesForResale",
                    "replacement-node": 88,
                    "template-line-number": 423,
                    "node-pos": 145,
                    "expression-node": 89
                },
                {
                    "part": "17",
                    "name": "SalesForResale",
                    "replacement-node": 91,
                    "template-line-number": 432,
                    "node-pos": 149,
                    "expression-node": 92
                },
                {
                    "part": "18",
                    "name": "SalesForResale",
                    "replacement-node": 94,
                    "template-line-number": 442,
                    "node-pos": 153,
                    "expression-node": 95
                },
                {
                    "part": "19",
                    "name": "SalesForResale",
                    "replacement-node": 97,
                    "template-line-number": 451,
                    "node-pos": 157,
                    "expression-node": 98
                },
                {
                    "part": "2",
                    "name": "SalesForResale",
                    "replacement-node": 46,
                    "template-line-number": 296,
                    "node-pos": 89,
                    "expression-node": 47
                },
                {
                    "part": "20",
                    "name": "SalesForResale",
                    "replacement-node": 100,
                    "template-line-number": 460,
                    "node-pos": 161,
                    "expression-node": 101
                },
                {
                    "part": "3",
                    "name": "SalesForResale",
                    "replacement-node": 49,
                    "template-line-number": 305,
                    "node-pos": 93,
                    "expression-node": 50
                },
                {
                    "part": "4",
                    "name": "SalesForResale",
                    "replacement-node": 52,
                    "template-line-number": 314,
                    "node-pos": 97,
                    "expression-node": 53
                },
                {
                    "part": "5",
                    "name": "SalesForResale",
                    "replacement-node": 55,
                    "template-line-number": 323,
                    "node-pos": 101,
                    "expression-node": 56
                },
                {
                    "part": "6",
                    "name": "SalesForResale",
                    "replacement-node": 58,
                    "template-line-number": 332,
                    "node-pos": 105,
                    "expression-node": 59
                },
                {
                    "part": "7",
                    "name": "SalesForResale",
                    "replacement-node": 61,
                    "template-line-number": 341,
                    "node-pos": 109,
                    "expression-node": 62
                },
                {
                    "part": "8",
                    "name": "SalesForResale",
                    "replacement-node": 64,
                    "template-line-number": 350,
                    "node-pos": 113,
                    "expression-node": 65
                },
                {
                    "part": "9",
                    "name": "SalesForResale",
                    "replacement-node": 67,
                    "template-line-number": 359,
                    "node-pos": 117,
                    "expression-node": 68
                }
            ],
            "name": "SalesForResale"
        },
        "rule-19": [
            {
                "part": null,
                "node-pos": 194,
                "replacement-node": 121,
                "expression-node": 122,
                "template-line-number": 532
            }
        ],
        "rule-9": [
            {
                "part": null,
                "node-pos": 43,
                "replacement-node": 24,
                "expression-node": 25,
                "template-line-number": 96
            }
        ],
        "rule-21": [
            {
                "part": null,
                "node-pos": 202,
                "replacement-node": 127,
                "expression-node": 128,
                "template-line-number": 550
            }
        ],
        "rule-30": [
            {
                "part": null,
                "replacement-node": 154,
                "template-line-number": 641,
                "node-pos": 241
            }
        ],
        "rule-14": [
            {
                "part": null,
                "node-pos": 174,
                "replacement-node": 106,
                "expression-node": 107,
                "template-line-number": 487
            }
        ],
        "rule-26": [
            {
                "part": null,
                "node-pos": 223,
                "replacement-node": 142,
                "expression-node": 143,
                "template-line-number": 596
            }
        ],
        "rule-27": [
            {
                "part": null,
                "node-pos": 227,
                "replacement-node": 145,
                "expression-node": 146,
                "template-line-number": 605
            }
        ],
        "rule-16": [
            {
                "part": null,
                "node-pos": 182,
                "replacement-node": 112,
                "expression-node": 113,
                "template-line-number": 505
            }
        ],
        "rule-28": [
            {
                "part": null,
                "node-pos": 233,
                "replacement-node": 148,
                "expression-node": 149,
                "template-line-number": 624
            }
        ],
        "rule-7": [
            {
                "part": null,
                "node-pos": 35,
                "replacement-node": 18,
                "expression-node": 19,
                "template-line-number": 82
            }
        ],
        "rule-22": [
            {
                "part": null,
                "node-pos": 206,
                "replacement-node": 130,
                "expression-node": 131,
                "template-line-number": 559
            }
        ],
        "rule-24": [
            {
                "part": null,
                "node-pos": 214,
                "replacement-node": 136,
                "expression-node": 137,
                "template-line-number": 577
            }
        ],
        "rule-11": [
            {
                "part": null,
                "html": true,
                "replacement-node": 30,
                "template-line-number": 114,
                "node-pos": 53
            }
        ],
        "rule-18": [
            {
                "part": null,
                "node-pos": 190,
                "replacement-node": 118,
                "expression-node": 119,
                "template-line-number": 523
            }
        ],
        "rule-29": [
            {
                "part": null,
                "replacement-node": 151,
                "template-line-number": 631,
                "node-pos": 237
            }
        ],
        "rule-25": [
            {
                "part": null,
                "node-pos": 219,
                "replacement-node": 139,
                "expression-node": 140,
                "template-line-number": 587
            }
        ],
        "rule-20": [
            {
                "part": null,
                "node-pos": 198,
                "replacement-node": 124,
                "expression-node": 125,
                "template-line-number": 541
            }
        ],
        "rule-12": [
            {
                "part": null,
                "html": true,
                "replacement-node": 33,
                "template-line-number": 126,
                "node-pos": 58
            }
        ],
        "rule-5": [
            {
                "part": null,
                "html": true,
                "replacement-node": 12,
                "template-line-number": 57,
                "node-pos": 26
            }
        ]
    },
    "showifs": {}
}