{
    "line-numbers": {
        "TransmissionLinesAdded": [
            {
                "template-line-number": 294,
                "start-number": 1,
                "line-number-node": 47
            }
        ]
    },
    "showifs": {},
    "substitutions": {
        "rule-17": [
            {
                "expression-node": 110,
                "part": null,
                "template-line-number": 428,
                "replacement-node": 109,
                "node-pos": 185
            }
        ],
        "rule-1": [
            {
                "template-line-number": 22,
                "part": null,
                "replacement-node": 0,
                "node-pos": 9
            }
        ],
        "rule-15": [
            {
                "expression-node": 104,
                "part": null,
                "template-line-number": 408,
                "replacement-node": 103,
                "node-pos": 177
            }
        ],
        "rule-28": {
            "subs": [
                {
                    "part": "1",
                    "replacement-node": 39,
                    "template-line-number": 165,
                    "name": "RevenueHeadings",
                    "extras": {},
                    "node-pos": 83
                },
                {
                    "part": "3",
                    "replacement-node": 37,
                    "template-line-number": 161,
                    "name": "RevenueHeadings",
                    "extras": {},
                    "node-pos": 81
                }
            ],
            "name": "RevenueHeadings"
        },
        "rule-27": {
            "subs": [
                {
                    "part": "2",
                    "replacement-node": 43,
                    "template-line-number": 191,
                    "name": "RevenueHeadings2",
                    "extras": {},
                    "node-pos": 91
                }
            ],
            "name": "RevenueHeadings2"
        },
        "rule-6": [
            {
                "template-line-number": 62,
                "part": null,
                "replacement-node": 15,
                "node-pos": 31
            }
        ],
        "rule-12": [
            {
                "template-line-number": 104,
                "part": null,
                "html": true,
                "replacement-node": 33,
                "node-pos": 58
            }
        ],
        "rule-7": [
            {
                "expression-node": 19,
                "part": null,
                "template-line-number": 67,
                "replacement-node": 18,
                "node-pos": 35
            }
        ],
        "rule-22": [
            {
                "expression-node": 125,
                "part": null,
                "template-line-number": 483,
                "replacement-node": 124,
                "node-pos": 209
            }
        ],
        "rule-2": [
            {
                "expression-node": 4,
                "part": null,
                "template-line-number": 27,
                "replacement-node": 3,
                "node-pos": 13
            }
        ],
        "rule-19": [
            {
                "expression-node": 116,
                "part": null,
                "template-line-number": 453,
                "replacement-node": 115,
                "node-pos": 197
            }
        ],
        "rule-4": [
            {
                "template-line-number": 39,
                "part": null,
                "html": true,
                "replacement-node": 9,
                "node-pos": 21
            }
        ],
        "rule-18": [
            {
                "expression-node": 113,
                "part": null,
                "template-line-number": 443,
                "replacement-node": 112,
                "node-pos": 193
            }
        ],
        "rule-25": [
            {
                "template-line-number": 511,
                "part": null,
                "replacement-node": 133,
                "node-pos": 223
            }
        ],
        "rule-5": [
            {
                "template-line-number": 51,
                "part": null,
                "html": true,
                "replacement-node": 12,
                "node-pos": 26
            }
        ],
        "rule-8": [
            {
                "template-line-number": 72,
                "part": null,
                "replacement-node": 21,
                "node-pos": 39
            }
        ],
        "rule-16": [
            {
                "expression-node": 107,
                "part": null,
                "template-line-number": 418,
                "replacement-node": 106,
                "node-pos": 181
            }
        ],
        "rule-13": [
            {
                "template-line-number": 383,
                "part": null,
                "replacement-node": 97,
                "node-pos": 166
            }
        ],
        "rule-11": [
            {
                "template-line-number": 92,
                "part": null,
                "html": true,
                "replacement-node": 30,
                "node-pos": 53
            }
        ],
        "rule-20": [
            {
                "expression-node": 119,
                "part": null,
                "template-line-number": 463,
                "replacement-node": 118,
                "node-pos": 201
            }
        ],
        "rule-14": [
            {
                "expression-node": 101,
                "part": null,
                "template-line-number": 397,
                "replacement-node": 100,
                "node-pos": 172
            }
        ],
        "rule-3": [
            {
                "template-line-number": 33,
                "part": null,
                "replacement-node": 6,
                "node-pos": 17
            }
        ],
        "rule-10": [
            {
                "expression-node": 28,
                "part": null,
                "template-line-number": 82,
                "replacement-node": 27,
                "node-pos": 47
            }
        ],
        "rule-21": [
            {
                "expression-node": 122,
                "part": null,
                "template-line-number": 473,
                "replacement-node": 121,
                "node-pos": 205
            }
        ],
        "rule-9": [
            {
                "expression-node": 25,
                "part": null,
                "template-line-number": 77,
                "replacement-node": 24,
                "node-pos": 43
            }
        ],
        "rule-26": {
            "subs": [
                {
                    "template-line-number": 337,
                    "part": "10",
                    "replacement-node": 73,
                    "expression-node": 74,
                    "name": "TransmissionLinesAdded",
                    "node-pos": 132
                },
                {
                    "template-line-number": 342,
                    "part": "11",
                    "replacement-node": 76,
                    "expression-node": 77,
                    "name": "TransmissionLinesAdded",
                    "node-pos": 136
                },
                {
                    "template-line-number": 347,
                    "part": "12",
                    "replacement-node": 79,
                    "expression-node": 80,
                    "name": "TransmissionLinesAdded",
                    "node-pos": 140
                },
                {
                    "template-line-number": 352,
                    "part": "13",
                    "replacement-node": 82,
                    "expression-node": 83,
                    "name": "TransmissionLinesAdded",
                    "node-pos": 144
                },
                {
                    "template-line-number": 357,
                    "part": "14",
                    "replacement-node": 85,
                    "expression-node": 86,
                    "name": "TransmissionLinesAdded",
                    "node-pos": 148
                },
                {
                    "template-line-number": 362,
                    "part": "15",
                    "replacement-node": 88,
                    "expression-node": 89,
                    "name": "TransmissionLinesAdded",
                    "node-pos": 152
                },
                {
                    "template-line-number": 367,
                    "part": "16",
                    "replacement-node": 91,
                    "expression-node": 92,
                    "name": "TransmissionLinesAdded",
                    "node-pos": 156
                },
                {
                    "template-line-number": 372,
                    "part": "17",
                    "replacement-node": 94,
                    "expression-node": 95,
                    "name": "TransmissionLinesAdded",
                    "node-pos": 160
                },
                {
                    "template-line-number": 297,
                    "part": "2",
                    "replacement-node": 49,
                    "expression-node": 50,
                    "name": "TransmissionLinesAdded",
                    "node-pos": 100
                },
                {
                    "template-line-number": 302,
                    "part": "3",
                    "replacement-node": 52,
                    "expression-node": 53,
                    "name": "TransmissionLinesAdded",
                    "node-pos": 104
                },
                {
                    "template-line-number": 307,
                    "part": "4",
                    "replacement-node": 55,
                    "expression-node": 56,
                    "name": "TransmissionLinesAdded",
                    "node-pos": 108
                },
                {
                    "template-line-number": 312,
                    "part": "5",
                    "replacement-node": 58,
                    "expression-node": 59,
                    "name": "TransmissionLinesAdded",
                    "node-pos": 112
                },
                {
                    "template-line-number": 317,
                    "part": "6",
                    "replacement-node": 61,
                    "expression-node": 62,
                    "name": "TransmissionLinesAdded",
                    "node-pos": 116
                },
                {
                    "template-line-number": 322,
                    "part": "7",
                    "replacement-node": 64,
                    "expression-node": 65,
                    "name": "TransmissionLinesAdded",
                    "node-pos": 120
                },
                {
                    "template-line-number": 327,
                    "part": "8",
                    "replacement-node": 67,
                    "expression-node": 68,
                    "name": "TransmissionLinesAdded",
                    "node-pos": 124
                },
                {
                    "template-line-number": 332,
                    "part": "9",
                    "replacement-node": 70,
                    "expression-node": 71,
                    "name": "TransmissionLinesAdded",
                    "node-pos": 128
                }
            ],
            "name": "TransmissionLinesAdded"
        },
        "rule-23": [
            {
                "expression-node": 128,
                "part": null,
                "template-line-number": 496,
                "replacement-node": 127,
                "node-pos": 215
            }
        ],
        "rule-24": [
            {
                "template-line-number": 502,
                "part": null,
                "replacement-node": 130,
                "node-pos": 219
            }
        ]
    }
}