{
    "line-numbers": {
        "SalesForResale": [
            {
                "start-number": 1,
                "line-number-node": 44,
                "template-line-number": 291
            }
        ]
    },
    "showifs": {},
    "substitutions": {
        "rule-32": {
            "name": "ISHeadings",
            "subs": [
                {
                    "name": "ISHeadings",
                    "node-pos": 76,
                    "extras": {},
                    "template-line-number": 162,
                    "part": "1",
                    "replacement-node": 37
                },
                {
                    "name": "ISHeadings",
                    "node-pos": 80,
                    "extras": {},
                    "template-line-number": 169,
                    "part": "2",
                    "replacement-node": 40
                }
            ]
        },
        "rule-16": [
            {
                "expression-node": 113,
                "template-line-number": 505,
                "node-pos": 182,
                "part": null,
                "replacement-node": 112
            }
        ],
        "rule-22": [
            {
                "expression-node": 131,
                "template-line-number": 559,
                "node-pos": 206,
                "part": null,
                "replacement-node": 130
            }
        ],
        "rule-30": [
            {
                "template-line-number": 641,
                "node-pos": 241,
                "part": null,
                "replacement-node": 154
            }
        ],
        "rule-4": [
            {
                "html": true,
                "template-line-number": 40,
                "node-pos": 21,
                "part": null,
                "replacement-node": 9
            }
        ],
        "rule-18": [
            {
                "expression-node": 119,
                "template-line-number": 523,
                "node-pos": 190,
                "part": null,
                "replacement-node": 118
            }
        ],
        "rule-27": [
            {
                "expression-node": 146,
                "template-line-number": 605,
                "node-pos": 227,
                "part": null,
                "replacement-node": 145
            }
        ],
        "rule-23": [
            {
                "expression-node": 134,
                "template-line-number": 568,
                "node-pos": 210,
                "part": null,
                "replacement-node": 133
            }
        ],
        "rule-10": [
            {
                "expression-node": 28,
                "template-line-number": 102,
                "node-pos": 47,
                "part": null,
                "replacement-node": 27
            }
        ],
        "rule-1": [
            {
                "template-line-number": 18,
                "node-pos": 9,
                "part": null,
                "replacement-node": 0
            }
        ],
        "rule-19": [
            {
                "expression-node": 122,
                "template-line-number": 532,
                "node-pos": 194,
                "part": null,
                "replacement-node": 121
            }
        ],
        "rule-13": [
            {
                "expression-node": 104,
                "template-line-number": 478,
                "node-pos": 170,
                "part": null,
                "replacement-node": 103
            }
        ],
        "rule-25": [
            {
                "expression-node": 140,
                "template-line-number": 587,
                "node-pos": 219,
                "part": null,
                "replacement-node": 139
            }
        ],
        "rule-24": [
            {
                "expression-node": 137,
                "template-line-number": 577,
                "node-pos": 214,
                "part": null,
                "replacement-node": 136
            }
        ],
        "rule-28": [
            {
                "expression-node": 149,
                "template-line-number": 624,
                "node-pos": 233,
                "part": null,
                "replacement-node": 148
            }
        ],
        "rule-7": [
            {
                "expression-node": 19,
                "template-line-number": 82,
                "node-pos": 35,
                "part": null,
                "replacement-node": 18
            }
        ],
        "rule-31": {
            "name": "SalesForResale",
            "subs": [
                {
                    "name": "SalesForResale",
                    "node-pos": 121,
                    "expression-node": 71,
                    "template-line-number": 368,
                    "part": "10",
                    "replacement-node": 70
                },
                {
                    "name": "SalesForResale",
                    "node-pos": 125,
                    "expression-node": 74,
                    "template-line-number": 377,
                    "part": "11",
                    "replacement-node": 73
                },
                {
                    "name": "SalesForResale",
                    "node-pos": 129,
                    "expression-node": 77,
                    "template-line-number": 386,
                    "part": "12",
                    "replacement-node": 76
                },
                {
                    "name": "SalesForResale",
                    "node-pos": 133,
                    "expression-node": 80,
                    "template-line-number": 396,
                    "part": "13",
                    "replacement-node": 79
                },
                {
                    "name": "SalesForResale",
                    "node-pos": 137,
                    "expression-node": 83,
                    "template-line-number": 405,
                    "part": "14",
                    "replacement-node": 82
                },
                {
                    "name": "SalesForResale",
                    "node-pos": 141,
                    "expression-node": 86,
                    "template-line-number": 414,
                    "part": "15",
                    "replacement-node": 85
                },
                {
                    "name": "SalesForResale",
                    "node-pos": 145,
                    "expression-node": 89,
                    "template-line-number": 423,
                    "part": "16",
                    "replacement-node": 88
                },
                {
                    "name": "SalesForResale",
                    "node-pos": 149,
                    "expression-node": 92,
                    "template-line-number": 432,
                    "part": "17",
                    "replacement-node": 91
                },
                {
                    "name": "SalesForResale",
                    "node-pos": 153,
                    "expression-node": 95,
                    "template-line-number": 442,
                    "part": "18",
                    "replacement-node": 94
                },
                {
                    "name": "SalesForResale",
                    "node-pos": 157,
                    "expression-node": 98,
                    "template-line-number": 451,
                    "part": "19",
                    "replacement-node": 97
                },
                {
                    "name": "SalesForResale",
                    "node-pos": 89,
                    "expression-node": 47,
                    "template-line-number": 296,
                    "part": "2",
                    "replacement-node": 46
                },
                {
                    "name": "SalesForResale",
                    "node-pos": 161,
                    "expression-node": 101,
                    "template-line-number": 460,
                    "part": "20",
                    "replacement-node": 100
                },
                {
                    "name": "SalesForResale",
                    "node-pos": 93,
                    "expression-node": 50,
                    "template-line-number": 305,
                    "part": "3",
                    "replacement-node": 49
                },
                {
                    "name": "SalesForResale",
                    "node-pos": 97,
                    "expression-node": 53,
                    "template-line-number": 314,
                    "part": "4",
                    "replacement-node": 52
                },
                {
                    "name": "SalesForResale",
                    "node-pos": 101,
                    "expression-node": 56,
                    "template-line-number": 323,
                    "part": "5",
                    "replacement-node": 55
                },
                {
                    "name": "SalesForResale",
                    "node-pos": 105,
                    "expression-node": 59,
                    "template-line-number": 332,
                    "part": "6",
                    "replacement-node": 58
                },
                {
                    "name": "SalesForResale",
                    "node-pos": 109,
                    "expression-node": 62,
                    "template-line-number": 341,
                    "part": "7",
                    "replacement-node": 61
                },
                {
                    "name": "SalesForResale",
                    "node-pos": 113,
                    "expression-node": 65,
                    "template-line-number": 350,
                    "part": "8",
                    "replacement-node": 64
                },
                {
                    "name": "SalesForResale",
                    "node-pos": 117,
                    "expression-node": 68,
                    "template-line-number": 359,
                    "part": "9",
                    "replacement-node": 67
                }
            ]
        },
        "rule-20": [
            {
                "expression-node": 125,
                "template-line-number": 541,
                "node-pos": 198,
                "part": null,
                "replacement-node": 124
            }
        ],
        "rule-11": [
            {
                "html": true,
                "template-line-number": 114,
                "node-pos": 53,
                "part": null,
                "replacement-node": 30
            }
        ],
        "rule-9": [
            {
                "expression-node": 25,
                "template-line-number": 96,
                "node-pos": 43,
                "part": null,
                "replacement-node": 24
            }
        ],
        "rule-5": [
            {
                "html": true,
                "template-line-number": 57,
                "node-pos": 26,
                "part": null,
                "replacement-node": 12
            }
        ],
        "rule-21": [
            {
                "expression-node": 128,
                "template-line-number": 550,
                "node-pos": 202,
                "part": null,
                "replacement-node": 127
            }
        ],
        "rule-14": [
            {
                "expression-node": 107,
                "template-line-number": 487,
                "node-pos": 174,
                "part": null,
                "replacement-node": 106
            }
        ],
        "rule-8": [
            {
                "template-line-number": 89,
                "node-pos": 39,
                "part": null,
                "replacement-node": 21
            }
        ],
        "rule-29": [
            {
                "template-line-number": 631,
                "node-pos": 237,
                "part": null,
                "replacement-node": 151
            }
        ],
        "rule-2": [
            {
                "expression-node": 4,
                "template-line-number": 25,
                "node-pos": 13,
                "part": null,
                "replacement-node": 3
            }
        ],
        "rule-26": [
            {
                "expression-node": 143,
                "template-line-number": 596,
                "node-pos": 223,
                "part": null,
                "replacement-node": 142
            }
        ],
        "rule-12": [
            {
                "html": true,
                "template-line-number": 126,
                "node-pos": 58,
                "part": null,
                "replacement-node": 33
            }
        ],
        "rule-3": [
            {
                "template-line-number": 32,
                "node-pos": 17,
                "part": null,
                "replacement-node": 6
            }
        ],
        "rule-15": [
            {
                "expression-node": 110,
                "template-line-number": 496,
                "node-pos": 178,
                "part": null,
                "replacement-node": 109
            }
        ],
        "rule-17": [
            {
                "expression-node": 116,
                "template-line-number": 514,
                "node-pos": 186,
                "part": null,
                "replacement-node": 115
            }
        ],
        "rule-6": [
            {
                "template-line-number": 75,
                "node-pos": 31,
                "part": null,
                "replacement-node": 15
            }
        ]
    }
}