{
    "showifs": {
        "rule-1": {
            "template-line-number": 17,
            "type": "showif"
        }
    },
    "substitutions": {
        "rule-16": [
            {
                "part": null,
                "replacement-node": 100,
                "node-pos": 180,
                "template-line-number": 669
            }
        ],
        "rule-18": {
            "subs": [
                {
                    "part": "1",
                    "name": "ShipperSuppliedHeadings",
                    "template-line-number": 166,
                    "extras": {},
                    "replacement-node": 40,
                    "node-pos": 97
                },
                {
                    "part": "2",
                    "name": "ShipperSuppliedHeadings",
                    "template-line-number": 175,
                    "extras": {},
                    "replacement-node": 43,
                    "node-pos": 101
                },
                {
                    "part": "3",
                    "name": "ShipperSuppliedHeadings",
                    "template-line-number": 162,
                    "extras": {},
                    "replacement-node": 38,
                    "node-pos": 95
                }
            ],
            "name": "ShipperSuppliedHeadings"
        },
        "rule-5": [
            {
                "part": null,
                "html": true,
                "replacement-node": 10,
                "node-pos": 22,
                "template-line-number": 44
            }
        ],
        "rule-9": [
            {
                "part": null,
                "replacement-node": 22,
                "node-pos": 40,
                "template-line-number": 77
            }
        ],
        "rule-14": [
            {
                "part": null,
                "expression-node": 95,
                "replacement-node": 94,
                "node-pos": 172,
                "template-line-number": 655
            }
        ],
        "rule-17": {
            "subs": [
                {
                    "part": "1",
                    "name": "ShipperLineItems",
                    "template-line-number": 541,
                    "extras": {},
                    "replacement-node": 47,
                    "node-pos": 107
                },
                {
                    "part": "1",
                    "name": "ShipperLineItems",
                    "node-pos": 110,
                    "template-line-number": 547,
                    "expression-node": 50,
                    "replacement-node": 49
                },
                {
                    "part": "10",
                    "name": "ShipperLineItems",
                    "node-pos": 146,
                    "template-line-number": 604,
                    "expression-node": 77,
                    "replacement-node": 76
                },
                {
                    "part": "11",
                    "name": "ShipperLineItems",
                    "node-pos": 150,
                    "template-line-number": 610,
                    "expression-node": 80,
                    "replacement-node": 79
                },
                {
                    "part": "12",
                    "name": "ShipperLineItems",
                    "node-pos": 154,
                    "template-line-number": 616,
                    "expression-node": 83,
                    "replacement-node": 82
                },
                {
                    "part": "13",
                    "name": "ShipperLineItems",
                    "node-pos": 158,
                    "template-line-number": 623,
                    "expression-node": 86,
                    "replacement-node": 85
                },
                {
                    "part": "14",
                    "name": "ShipperLineItems",
                    "node-pos": 162,
                    "template-line-number": 629,
                    "expression-node": 89,
                    "replacement-node": 88
                },
                {
                    "part": "15",
                    "name": "ShipperLineItems",
                    "node-pos": 166,
                    "template-line-number": 635,
                    "expression-node": 92,
                    "replacement-node": 91
                },
                {
                    "part": "2",
                    "name": "ShipperLineItems",
                    "node-pos": 114,
                    "template-line-number": 554,
                    "expression-node": 53,
                    "replacement-node": 52
                },
                {
                    "part": "3",
                    "name": "ShipperLineItems",
                    "node-pos": 118,
                    "template-line-number": 560,
                    "expression-node": 56,
                    "replacement-node": 55
                },
                {
                    "part": "4",
                    "name": "ShipperLineItems",
                    "node-pos": 122,
                    "template-line-number": 566,
                    "expression-node": 59,
                    "replacement-node": 58
                },
                {
                    "part": "5",
                    "name": "ShipperLineItems",
                    "node-pos": 126,
                    "template-line-number": 572,
                    "expression-node": 62,
                    "replacement-node": 61
                },
                {
                    "part": "6",
                    "name": "ShipperLineItems",
                    "node-pos": 130,
                    "template-line-number": 580,
                    "expression-node": 65,
                    "replacement-node": 64
                },
                {
                    "part": "7",
                    "name": "ShipperLineItems",
                    "node-pos": 134,
                    "template-line-number": 586,
                    "expression-node": 68,
                    "replacement-node": 67
                },
                {
                    "part": "8",
                    "name": "ShipperLineItems",
                    "node-pos": 138,
                    "template-line-number": 592,
                    "expression-node": 71,
                    "replacement-node": 70
                },
                {
                    "part": "9",
                    "name": "ShipperLineItems",
                    "node-pos": 142,
                    "template-line-number": 598,
                    "expression-node": 74,
                    "replacement-node": 73
                }
            ],
            "name": "ShipperLineItems"
        },
        "rule-3": [
            {
                "part": null,
                "expression-node": 5,
                "replacement-node": 4,
                "node-pos": 14,
                "template-line-number": 32
            }
        ],
        "rule-6": [
            {
                "part": null,
                "html": true,
                "replacement-node": 13,
                "node-pos": 27,
                "template-line-number": 56
            }
        ],
        "rule-11": [
            {
                "part": null,
                "expression-node": 29,
                "replacement-node": 28,
                "node-pos": 48,
                "template-line-number": 87
            }
        ],
        "rule-2": [
            {
                "part": null,
                "replacement-node": 1,
                "node-pos": 10,
                "template-line-number": 27
            }
        ],
        "rule-15": [
            {
                "part": null,
                "replacement-node": 97,
                "node-pos": 176,
                "template-line-number": 660
            }
        ],
        "rule-7": [
            {
                "part": null,
                "replacement-node": 16,
                "node-pos": 32,
                "template-line-number": 67
            }
        ],
        "rule-8": [
            {
                "part": null,
                "expression-node": 20,
                "replacement-node": 19,
                "node-pos": 36,
                "template-line-number": 72
            }
        ],
        "rule-13": [
            {
                "part": null,
                "html": true,
                "replacement-node": 34,
                "node-pos": 59,
                "template-line-number": 108
            }
        ],
        "rule-10": [
            {
                "part": null,
                "expression-node": 26,
                "replacement-node": 25,
                "node-pos": 44,
                "template-line-number": 82
            }
        ],
        "rule-4": [
            {
                "part": null,
                "replacement-node": 7,
                "node-pos": 18,
                "template-line-number": 38
            }
        ],
        "rule-12": [
            {
                "part": null,
                "replacement-node": 31,
                "node-pos": 54,
                "template-line-number": 97
            }
        ]
    },
    "line-numbers": {}
}