{
    "line-numbers": {},
    "substitutions": {
        "rule-17": {
            "subs": [
                {
                    "name": "ISLineItems",
                    "extras": {},
                    "node-pos": 94,
                    "part": "1",
                    "replacement-node": 45,
                    "template-line-number": 233
                },
                {
                    "expression-node": 79,
                    "name": "ISLineItems",
                    "node-pos": 137,
                    "part": "10",
                    "replacement-node": 78,
                    "template-line-number": 312
                },
                {
                    "expression-node": 83,
                    "name": "ISLineItems",
                    "node-pos": 142,
                    "part": "11",
                    "replacement-node": 82,
                    "template-line-number": 321
                },
                {
                    "name": "ISLineItems",
                    "extras": {},
                    "node-pos": 147,
                    "part": "11",
                    "replacement-node": 86,
                    "template-line-number": 329
                },
                {
                    "name": "ISLineItems",
                    "extras": {},
                    "node-pos": 102,
                    "part": "2",
                    "replacement-node": 50,
                    "template-line-number": 244
                },
                {
                    "expression-node": 55,
                    "name": "ISLineItems",
                    "node-pos": 107,
                    "part": "4",
                    "replacement-node": 54,
                    "template-line-number": 253
                },
                {
                    "expression-node": 59,
                    "name": "ISLineItems",
                    "node-pos": 112,
                    "part": "5",
                    "replacement-node": 58,
                    "template-line-number": 262
                },
                {
                    "name": "ISLineItems",
                    "extras": {},
                    "node-pos": 100,
                    "part": "6",
                    "replacement-node": 48,
                    "template-line-number": 240
                },
                {
                    "expression-node": 63,
                    "name": "ISLineItems",
                    "node-pos": 117,
                    "part": "6",
                    "replacement-node": 62,
                    "template-line-number": 275
                },
                {
                    "expression-node": 67,
                    "name": "ISLineItems",
                    "node-pos": 122,
                    "part": "7",
                    "replacement-node": 66,
                    "template-line-number": 284
                },
                {
                    "expression-node": 71,
                    "name": "ISLineItems",
                    "node-pos": 127,
                    "part": "8",
                    "replacement-node": 70,
                    "template-line-number": 294
                },
                {
                    "expression-node": 75,
                    "name": "ISLineItems",
                    "node-pos": 132,
                    "part": "9",
                    "replacement-node": 74,
                    "template-line-number": 303
                }
            ],
            "name": "ISLineItems"
        },
        "rule-11": [
            {
                "expression-node": 29,
                "part": null,
                "replacement-node": 28,
                "template-line-number": 89,
                "node-pos": 49
            }
        ],
        "rule-10": [
            {
                "expression-node": 26,
                "part": null,
                "replacement-node": 25,
                "template-line-number": 84,
                "node-pos": 45
            }
        ],
        "rule-12": [
            {
                "part": null,
                "replacement-node": 31,
                "template-line-number": 99,
                "node-pos": 55
            }
        ],
        "rule-16": [
            {
                "part": null,
                "replacement-node": 96,
                "template-line-number": 358,
                "node-pos": 162
            }
        ],
        "rule-4": [
            {
                "part": null,
                "replacement-node": 7,
                "template-line-number": 40,
                "node-pos": 19
            }
        ],
        "rule-15": [
            {
                "part": null,
                "replacement-node": 93,
                "template-line-number": 348,
                "node-pos": 158
            }
        ],
        "rule-8": [
            {
                "expression-node": 20,
                "part": null,
                "replacement-node": 19,
                "template-line-number": 74,
                "node-pos": 37
            }
        ],
        "rule-18": {
            "subs": [
                {
                    "name": "ISHeadings",
                    "extras": {},
                    "node-pos": 84,
                    "part": "1",
                    "replacement-node": 38,
                    "template-line-number": 150
                },
                {
                    "name": "ISHeadings",
                    "extras": {},
                    "node-pos": 88,
                    "part": "2",
                    "replacement-node": 41,
                    "template-line-number": 157
                }
            ],
            "name": "ISHeadings"
        },
        "rule-7": [
            {
                "part": null,
                "replacement-node": 16,
                "template-line-number": 69,
                "node-pos": 33
            }
        ],
        "rule-6": [
            {
                "html": true,
                "part": null,
                "replacement-node": 13,
                "template-line-number": 58,
                "node-pos": 28
            }
        ],
        "rule-9": [
            {
                "part": null,
                "replacement-node": 22,
                "template-line-number": 79,
                "node-pos": 41
            }
        ],
        "rule-14": [
            {
                "expression-node": 91,
                "part": null,
                "replacement-node": 90,
                "template-line-number": 343,
                "node-pos": 154
            }
        ],
        "rule-3": [
            {
                "expression-node": 5,
                "part": null,
                "replacement-node": 4,
                "template-line-number": 34,
                "node-pos": 15
            }
        ],
        "rule-5": [
            {
                "html": true,
                "part": null,
                "replacement-node": 10,
                "template-line-number": 46,
                "node-pos": 23
            }
        ],
        "rule-13": [
            {
                "html": true,
                "part": null,
                "replacement-node": 34,
                "template-line-number": 110,
                "node-pos": 60
            }
        ],
        "rule-2": [
            {
                "part": null,
                "replacement-node": 1,
                "template-line-number": 29,
                "node-pos": 11
            }
        ]
    },
    "showifs": {
        "rule-1": {
            "type": "showif",
            "template-line-number": 19
        }
    }
}