{
    "substitutions": {
        "rule-7": [
            {
                "replacement-node": 16,
                "part": null,
                "template-line-number": 83,
                "node-pos": 33
            }
        ],
        "rule-10": [
            {
                "replacement-node": 25,
                "part": null,
                "template-line-number": 104,
                "expression-node": 26,
                "node-pos": 45
            }
        ],
        "rule-11": [
            {
                "replacement-node": 28,
                "part": null,
                "template-line-number": 110,
                "expression-node": 29,
                "node-pos": 49
            }
        ],
        "rule-9": [
            {
                "replacement-node": 22,
                "part": null,
                "template-line-number": 97,
                "node-pos": 41
            }
        ],
        "rule-6": [
            {
                "replacement-node": 13,
                "part": null,
                "html": true,
                "template-line-number": 65,
                "node-pos": 28
            }
        ],
        "rule-3": [
            {
                "replacement-node": 4,
                "part": null,
                "template-line-number": 33,
                "expression-node": 5,
                "node-pos": 15
            }
        ],
        "rule-15": [
            {
                "replacement-node": 65,
                "part": null,
                "template-line-number": 365,
                "node-pos": 115
            }
        ],
        "rule-13": [
            {
                "replacement-node": 34,
                "part": null,
                "html": true,
                "template-line-number": 133,
                "node-pos": 60
            }
        ],
        "rule-8": [
            {
                "replacement-node": 19,
                "part": null,
                "template-line-number": 90,
                "expression-node": 20,
                "node-pos": 37
            }
        ],
        "rule-14": [
            {
                "replacement-node": 62,
                "part": null,
                "template-line-number": 360,
                "expression-node": 63,
                "node-pos": 111
            }
        ],
        "rule-5": [
            {
                "replacement-node": 10,
                "part": null,
                "html": true,
                "template-line-number": 48,
                "node-pos": 23
            }
        ],
        "rule-18": {
            "subs": [
                {
                    "replacement-node": 38,
                    "part": "1",
                    "extras": {},
                    "template-line-number": 166,
                    "node-pos": 76,
                    "name": "ISHeadings"
                },
                {
                    "replacement-node": 41,
                    "part": "2",
                    "extras": {},
                    "template-line-number": 173,
                    "node-pos": 80,
                    "name": "ISHeadings"
                }
            ],
            "name": "ISHeadings"
        },
        "rule-2": [
            {
                "replacement-node": 1,
                "part": null,
                "template-line-number": 26,
                "node-pos": 11
            }
        ],
        "rule-17": {
            "subs": [
                {
                    "replacement-node": 47,
                    "part": "2",
                    "template-line-number": 310,
                    "expression-node": 48,
                    "node-pos": 89,
                    "name": "SalesForResale"
                },
                {
                    "replacement-node": 50,
                    "part": "3",
                    "template-line-number": 319,
                    "expression-node": 51,
                    "node-pos": 93,
                    "name": "SalesForResale"
                },
                {
                    "replacement-node": 53,
                    "part": "4",
                    "template-line-number": 328,
                    "expression-node": 54,
                    "node-pos": 97,
                    "name": "SalesForResale"
                },
                {
                    "replacement-node": 56,
                    "part": "5",
                    "template-line-number": 337,
                    "expression-node": 57,
                    "node-pos": 101,
                    "name": "SalesForResale"
                },
                {
                    "replacement-node": 59,
                    "part": "6",
                    "template-line-number": 346,
                    "expression-node": 60,
                    "node-pos": 105,
                    "name": "SalesForResale"
                }
            ],
            "name": "SalesForResale"
        },
        "rule-4": [
            {
                "replacement-node": 7,
                "part": null,
                "template-line-number": 40,
                "node-pos": 19
            }
        ],
        "rule-16": [
            {
                "replacement-node": 68,
                "part": null,
                "template-line-number": 375,
                "node-pos": 119
            }
        ],
        "rule-12": [
            {
                "replacement-node": 31,
                "part": null,
                "template-line-number": 122,
                "node-pos": 55
            }
        ]
    },
    "showifs": {
        "rule-1": {
            "template-line-number": 16,
            "type": "showif"
        }
    },
    "line-numbers": {
        "SalesForResale": [
            {
                "line-number-node": 45,
                "start-number": 1,
                "template-line-number": 305
            }
        ]
    }
}