{
    "substitutions": {
        "rule-7": [
            {
                "template-line-number": 83,
                "node-pos": 33,
                "replacement-node": 16,
                "part": null
            }
        ],
        "rule-10": [
            {
                "expression-node": 26,
                "template-line-number": 104,
                "node-pos": 45,
                "replacement-node": 25,
                "part": null
            }
        ],
        "rule-5": [
            {
                "template-line-number": 48,
                "node-pos": 23,
                "replacement-node": 10,
                "part": null,
                "html": true
            }
        ],
        "rule-6": [
            {
                "template-line-number": 65,
                "node-pos": 28,
                "replacement-node": 13,
                "part": null,
                "html": true
            }
        ],
        "rule-16": {
            "name": "SalesForResale",
            "subs": [
                {
                    "template-line-number": 311,
                    "expression-node": 45,
                    "name": "SalesForResale",
                    "node-pos": 86,
                    "replacement-node": 44,
                    "part": "2"
                },
                {
                    "template-line-number": 320,
                    "expression-node": 48,
                    "name": "SalesForResale",
                    "node-pos": 90,
                    "replacement-node": 47,
                    "part": "3"
                },
                {
                    "template-line-number": 329,
                    "expression-node": 51,
                    "name": "SalesForResale",
                    "node-pos": 94,
                    "replacement-node": 50,
                    "part": "4"
                },
                {
                    "template-line-number": 338,
                    "expression-node": 54,
                    "name": "SalesForResale",
                    "node-pos": 98,
                    "replacement-node": 53,
                    "part": "5"
                },
                {
                    "template-line-number": 347,
                    "expression-node": 57,
                    "name": "SalesForResale",
                    "node-pos": 102,
                    "replacement-node": 56,
                    "part": "6"
                }
            ]
        },
        "rule-9": [
            {
                "template-line-number": 97,
                "node-pos": 41,
                "replacement-node": 22,
                "part": null
            }
        ],
        "rule-15": [
            {
                "template-line-number": 376,
                "node-pos": 116,
                "replacement-node": 65,
                "part": null
            }
        ],
        "rule-14": [
            {
                "template-line-number": 366,
                "node-pos": 112,
                "replacement-node": 62,
                "part": null
            }
        ],
        "rule-2": [
            {
                "template-line-number": 26,
                "node-pos": 11,
                "replacement-node": 1,
                "part": null
            }
        ],
        "rule-3": [
            {
                "expression-node": 5,
                "template-line-number": 33,
                "node-pos": 15,
                "replacement-node": 4,
                "part": null
            }
        ],
        "rule-11": [
            {
                "expression-node": 29,
                "template-line-number": 110,
                "node-pos": 49,
                "replacement-node": 28,
                "part": null
            }
        ],
        "rule-12": [
            {
                "template-line-number": 122,
                "node-pos": 55,
                "replacement-node": 31,
                "part": null
            }
        ],
        "rule-4": [
            {
                "template-line-number": 40,
                "node-pos": 19,
                "replacement-node": 7,
                "part": null
            }
        ],
        "rule-8": [
            {
                "expression-node": 20,
                "template-line-number": 90,
                "node-pos": 37,
                "replacement-node": 19,
                "part": null
            }
        ],
        "rule-17": {
            "name": "ISHeadings",
            "subs": [
                {
                    "extras": {},
                    "template-line-number": 166,
                    "name": "ISHeadings",
                    "node-pos": 73,
                    "replacement-node": 35,
                    "part": "1"
                },
                {
                    "extras": {},
                    "template-line-number": 173,
                    "name": "ISHeadings",
                    "node-pos": 77,
                    "replacement-node": 38,
                    "part": "2"
                }
            ]
        },
        "rule-13": [
            {
                "expression-node": 60,
                "template-line-number": 361,
                "node-pos": 108,
                "replacement-node": 59,
                "part": null
            }
        ]
    },
    "showifs": {
        "rule-1": {
            "template-line-number": 16,
            "type": "showif"
        }
    },
    "line-numbers": {
        "SalesForResale": [
            {
                "template-line-number": 306,
                "line-number-node": 42,
                "start-number": 1
            }
        ]
    }
}