{
    "line-numbers": {
        "ExtraordinaryPropertyLosses": [
            {
                "start-number": 1,
                "template-line-number": 225,
                "line-number-node": 43
            }
        ]
    },
    "substitutions": {
        "rule-8": [
            {
                "node-pos": 39,
                "replacement-node": 21,
                "template-line-number": 88,
                "part": null
            }
        ],
        "rule-17": [
            {
                "node-pos": 136,
                "replacement-node": 79,
                "template-line-number": 343,
                "part": null
            }
        ],
        "rule-16": [
            {
                "node-pos": 132,
                "replacement-node": 76,
                "expression-node": 77,
                "part": null,
                "template-line-number": 338
            }
        ],
        "rule-12": [
            {
                "node-pos": 113,
                "replacement-node": 64,
                "expression-node": 65,
                "part": null,
                "template-line-number": 293
            }
        ],
        "rule-19": {
            "subs": [
                {
                    "part": "1",
                    "node-pos": 72,
                    "name": "ColumnHeadings",
                    "replacement-node": 36,
                    "extras": {},
                    "template-line-number": 155
                },
                {
                    "part": "2",
                    "node-pos": 76,
                    "name": "ColumnHeadings",
                    "replacement-node": 39,
                    "extras": {},
                    "template-line-number": 163
                },
                {
                    "part": "3",
                    "node-pos": 70,
                    "name": "ColumnHeadings",
                    "replacement-node": 34,
                    "extras": {},
                    "template-line-number": 151
                }
            ],
            "name": "ColumnHeadings"
        },
        "rule-11": [
            {
                "node-pos": 53,
                "replacement-node": 30,
                "template-line-number": 112,
                "part": null
            }
        ],
        "rule-2": [
            {
                "node-pos": 13,
                "replacement-node": 3,
                "expression-node": 4,
                "part": null,
                "template-line-number": 25
            }
        ],
        "rule-6": [
            {
                "node-pos": 31,
                "replacement-node": 15,
                "template-line-number": 74,
                "part": null
            }
        ],
        "rule-13": [
            {
                "node-pos": 117,
                "replacement-node": 67,
                "expression-node": 68,
                "part": null,
                "template-line-number": 303
            }
        ],
        "rule-1": [
            {
                "node-pos": 9,
                "replacement-node": 0,
                "template-line-number": 18,
                "part": null
            }
        ],
        "rule-14": [
            {
                "node-pos": 122,
                "replacement-node": 70,
                "expression-node": 71,
                "part": null,
                "template-line-number": 314
            }
        ],
        "rule-3": [
            {
                "node-pos": 17,
                "replacement-node": 6,
                "template-line-number": 32,
                "part": null
            }
        ],
        "rule-18": [
            {
                "node-pos": 140,
                "replacement-node": 82,
                "template-line-number": 352,
                "part": null
            }
        ],
        "rule-20": {
            "subs": [
                {
                    "part": "2",
                    "expression-node": 47,
                    "name": "ExtraordinaryPropertyLosses",
                    "replacement-node": 46,
                    "node-pos": 86,
                    "template-line-number": 232
                },
                {
                    "part": "3",
                    "expression-node": 50,
                    "name": "ExtraordinaryPropertyLosses",
                    "replacement-node": 49,
                    "node-pos": 90,
                    "template-line-number": 242
                },
                {
                    "part": "4",
                    "expression-node": 53,
                    "name": "ExtraordinaryPropertyLosses",
                    "replacement-node": 52,
                    "node-pos": 94,
                    "template-line-number": 251
                },
                {
                    "part": "5",
                    "expression-node": 56,
                    "name": "ExtraordinaryPropertyLosses",
                    "replacement-node": 55,
                    "node-pos": 98,
                    "template-line-number": 259
                },
                {
                    "part": "6",
                    "expression-node": 59,
                    "name": "ExtraordinaryPropertyLosses",
                    "replacement-node": 58,
                    "node-pos": 102,
                    "template-line-number": 270
                },
                {
                    "part": "7",
                    "expression-node": 62,
                    "name": "ExtraordinaryPropertyLosses",
                    "replacement-node": 61,
                    "node-pos": 106,
                    "template-line-number": 279
                }
            ],
            "name": "ExtraordinaryPropertyLosses"
        },
        "rule-7": [
            {
                "node-pos": 35,
                "replacement-node": 18,
                "expression-node": 19,
                "part": null,
                "template-line-number": 81
            }
        ],
        "rule-9": [
            {
                "node-pos": 43,
                "replacement-node": 24,
                "expression-node": 25,
                "part": null,
                "template-line-number": 95
            }
        ],
        "rule-10": [
            {
                "node-pos": 47,
                "replacement-node": 27,
                "expression-node": 28,
                "part": null,
                "template-line-number": 101
            }
        ],
        "rule-4": [
            {
                "html": true,
                "node-pos": 21,
                "replacement-node": 9,
                "template-line-number": 40,
                "part": null
            }
        ],
        "rule-5": [
            {
                "html": true,
                "node-pos": 26,
                "replacement-node": 12,
                "template-line-number": 56,
                "part": null
            }
        ],
        "rule-15": [
            {
                "node-pos": 126,
                "replacement-node": 73,
                "expression-node": 74,
                "part": null,
                "template-line-number": 324
            }
        ]
    },
    "showifs": {}
}