{
    "substitutions": {
        "rule-24": [
            {
                "part": null,
                "template-line-number": 542,
                "replacement-node": 112,
                "node-pos": 211
            }
        ],
        "rule-26": {
            "name": "BSHeadings",
            "subs": [
                {
                    "node-pos": 78,
                    "extras": {},
                    "replacement-node": 37,
                    "part": "1",
                    "template-line-number": 136,
                    "name": "BSHeadings"
                },
                {
                    "node-pos": 82,
                    "extras": {},
                    "replacement-node": 40,
                    "part": "2",
                    "template-line-number": 143,
                    "name": "BSHeadings"
                }
            ]
        },
        "rule-27": {
            "name": "StudyCostsIncurred",
            "subs": [
                {
                    "expression-node": 50,
                    "node-pos": 102,
                    "replacement-node": 49,
                    "part": "2",
                    "template-line-number": 300,
                    "name": "StudyCostsIncurred"
                },
                {
                    "expression-node": 53,
                    "node-pos": 106,
                    "replacement-node": 52,
                    "part": "3",
                    "template-line-number": 305,
                    "name": "StudyCostsIncurred"
                },
                {
                    "expression-node": 56,
                    "node-pos": 110,
                    "replacement-node": 55,
                    "part": "4",
                    "template-line-number": 310,
                    "name": "StudyCostsIncurred"
                },
                {
                    "expression-node": 59,
                    "node-pos": 114,
                    "replacement-node": 58,
                    "part": "5",
                    "template-line-number": 315,
                    "name": "StudyCostsIncurred"
                },
                {
                    "expression-node": 62,
                    "node-pos": 118,
                    "replacement-node": 61,
                    "part": "6",
                    "template-line-number": 320,
                    "name": "StudyCostsIncurred"
                }
            ]
        },
        "rule-8": [
            {
                "part": null,
                "template-line-number": 72,
                "replacement-node": 21,
                "node-pos": 42
            }
        ],
        "rule-3": [
            {
                "part": null,
                "template-line-number": 33,
                "replacement-node": 6,
                "node-pos": 19
            }
        ],
        "rule-13": [
            {
                "part": null,
                "template-line-number": 226,
                "replacement-node": 43,
                "node-pos": 88
            }
        ],
        "rule-14": [
            {
                "part": null,
                "template-line-number": 331,
                "replacement-node": 64,
                "node-pos": 124
            }
        ],
        "rule-15": [
            {
                "expression-node": 68,
                "part": null,
                "template-line-number": 343,
                "replacement-node": 67,
                "node-pos": 129
            }
        ],
        "rule-2": [
            {
                "expression-node": 4,
                "part": null,
                "template-line-number": 27,
                "replacement-node": 3,
                "node-pos": 15
            }
        ],
        "rule-7": [
            {
                "expression-node": 19,
                "part": null,
                "template-line-number": 67,
                "replacement-node": 18,
                "node-pos": 38
            }
        ],
        "rule-1": [
            {
                "part": null,
                "template-line-number": 22,
                "replacement-node": 0,
                "node-pos": 10
            }
        ],
        "rule-6": [
            {
                "part": null,
                "template-line-number": 62,
                "replacement-node": 15,
                "node-pos": 33
            }
        ],
        "rule-18": [
            {
                "part": null,
                "template-line-number": 470,
                "replacement-node": 94,
                "node-pos": 177
            }
        ],
        "rule-4": [
            {
                "part": null,
                "template-line-number": 39,
                "replacement-node": 9,
                "html": true,
                "node-pos": 23
            }
        ],
        "rule-16": [
            {
                "expression-node": 71,
                "part": null,
                "template-line-number": 353,
                "replacement-node": 70,
                "node-pos": 134
            }
        ],
        "rule-21": [
            {
                "expression-node": 104,
                "part": null,
                "template-line-number": 509,
                "replacement-node": 103,
                "node-pos": 195
            }
        ],
        "rule-10": [
            {
                "expression-node": 28,
                "part": null,
                "template-line-number": 82,
                "replacement-node": 27,
                "node-pos": 51
            }
        ],
        "rule-20": [
            {
                "expression-node": 101,
                "part": null,
                "template-line-number": 492,
                "replacement-node": 100,
                "node-pos": 187
            }
        ],
        "rule-25": {
            "name": "StudyCostsIncurred2",
            "subs": [
                {
                    "expression-node": 80,
                    "node-pos": 155,
                    "replacement-node": 79,
                    "part": "2",
                    "template-line-number": 439,
                    "name": "StudyCostsIncurred2"
                },
                {
                    "expression-node": 83,
                    "node-pos": 159,
                    "replacement-node": 82,
                    "part": "3",
                    "template-line-number": 444,
                    "name": "StudyCostsIncurred2"
                },
                {
                    "expression-node": 86,
                    "node-pos": 163,
                    "replacement-node": 85,
                    "part": "4",
                    "template-line-number": 449,
                    "name": "StudyCostsIncurred2"
                },
                {
                    "expression-node": 89,
                    "node-pos": 167,
                    "replacement-node": 88,
                    "part": "5",
                    "template-line-number": 454,
                    "name": "StudyCostsIncurred2"
                },
                {
                    "expression-node": 92,
                    "node-pos": 171,
                    "replacement-node": 91,
                    "part": "6",
                    "template-line-number": 459,
                    "name": "StudyCostsIncurred2"
                }
            ]
        },
        "rule-5": [
            {
                "part": null,
                "template-line-number": 51,
                "replacement-node": 12,
                "html": true,
                "node-pos": 28
            }
        ],
        "rule-9": [
            {
                "expression-node": 25,
                "part": null,
                "template-line-number": 77,
                "replacement-node": 24,
                "node-pos": 47
            }
        ],
        "rule-17": [
            {
                "part": null,
                "template-line-number": 368,
                "replacement-node": 73,
                "node-pos": 141
            }
        ],
        "rule-11": [
            {
                "part": null,
                "template-line-number": 93,
                "replacement-node": 30,
                "node-pos": 57
            }
        ],
        "rule-22": [
            {
                "expression-node": 107,
                "part": null,
                "template-line-number": 519,
                "replacement-node": 106,
                "node-pos": 200
            }
        ],
        "rule-12": [
            {
                "part": null,
                "template-line-number": 104,
                "replacement-node": 33,
                "html": true,
                "node-pos": 62
            }
        ],
        "rule-19": [
            {
                "expression-node": 98,
                "part": null,
                "template-line-number": 482,
                "replacement-node": 97,
                "node-pos": 182
            }
        ],
        "rule-23": [
            {
                "part": null,
                "template-line-number": 533,
                "replacement-node": 109,
                "node-pos": 207
            }
        ]
    },
    "line-numbers": {
        "StudyCostsIncurred": [
            {
                "line-number-node": 47,
                "start-number": 1,
                "template-line-number": 295
            }
        ],
        "StudyCostsIncurred2": [
            {
                "line-number-node": 77,
                "start-number": 11,
                "template-line-number": 434
            }
        ]
    },
    "showifs": {}
}