{
    "substitutions": {
        "rule-6": [
            {
                "replacement-node": 15,
                "node-pos": 31,
                "template-line-number": 62,
                "part": null
            }
        ],
        "rule-7": [
            {
                "replacement-node": 18,
                "node-pos": 35,
                "template-line-number": 67,
                "expression-node": 19,
                "part": null
            }
        ],
        "rule-8": [
            {
                "replacement-node": 21,
                "node-pos": 39,
                "template-line-number": 72,
                "part": null
            }
        ],
        "rule-13": [
            {
                "replacement-node": 116,
                "node-pos": 210,
                "template-line-number": 465,
                "part": null
            }
        ],
        "rule-29": {
            "name": "DeferredIncomeTaxesHeadings",
            "subs": [
                {
                    "replacement-node": 37,
                    "node-pos": 88,
                    "part": "1",
                    "extras": {},
                    "name": "DeferredIncomeTaxesHeadings",
                    "template-line-number": 150
                },
                {
                    "replacement-node": 40,
                    "node-pos": 92,
                    "part": "2",
                    "extras": {},
                    "name": "DeferredIncomeTaxesHeadings",
                    "template-line-number": 157
                }
            ]
        },
        "rule-22": [
            {
                "replacement-node": 143,
                "node-pos": 247,
                "template-line-number": 549,
                "expression-node": 144,
                "part": null
            }
        ],
        "rule-19": [
            {
                "replacement-node": 134,
                "node-pos": 235,
                "template-line-number": 522,
                "expression-node": 135,
                "part": null
            }
        ],
        "rule-28": {
            "name": "NonUtilityLineItems",
            "subs": [
                {
                    "replacement-node": 107,
                    "part": "10",
                    "node-pos": 196,
                    "name": "NonUtilityLineItems",
                    "template-line-number": 437,
                    "expression-node": 108
                },
                {
                    "replacement-node": 110,
                    "part": "11",
                    "node-pos": 200,
                    "name": "NonUtilityLineItems",
                    "template-line-number": 445,
                    "expression-node": 111
                },
                {
                    "replacement-node": 113,
                    "part": "12",
                    "node-pos": 204,
                    "name": "NonUtilityLineItems",
                    "template-line-number": 453,
                    "expression-node": 114
                },
                {
                    "replacement-node": 83,
                    "part": "2",
                    "node-pos": 164,
                    "name": "NonUtilityLineItems",
                    "template-line-number": 373,
                    "expression-node": 84
                },
                {
                    "replacement-node": 86,
                    "part": "3",
                    "node-pos": 168,
                    "name": "NonUtilityLineItems",
                    "template-line-number": 381,
                    "expression-node": 87
                },
                {
                    "replacement-node": 89,
                    "part": "4",
                    "node-pos": 172,
                    "name": "NonUtilityLineItems",
                    "template-line-number": 389,
                    "expression-node": 90
                },
                {
                    "replacement-node": 92,
                    "part": "5",
                    "node-pos": 176,
                    "name": "NonUtilityLineItems",
                    "template-line-number": 397,
                    "expression-node": 93
                },
                {
                    "replacement-node": 95,
                    "part": "6",
                    "node-pos": 180,
                    "name": "NonUtilityLineItems",
                    "template-line-number": 405,
                    "expression-node": 96
                },
                {
                    "replacement-node": 98,
                    "part": "7",
                    "node-pos": 184,
                    "name": "NonUtilityLineItems",
                    "template-line-number": 413,
                    "expression-node": 99
                },
                {
                    "replacement-node": 101,
                    "part": "8",
                    "node-pos": 188,
                    "name": "NonUtilityLineItems",
                    "template-line-number": 421,
                    "expression-node": 102
                },
                {
                    "replacement-node": 104,
                    "part": "9",
                    "node-pos": 192,
                    "name": "NonUtilityLineItems",
                    "template-line-number": 429,
                    "expression-node": 105
                }
            ]
        },
        "rule-21": [
            {
                "replacement-node": 140,
                "node-pos": 243,
                "template-line-number": 540,
                "expression-node": 141,
                "part": null
            }
        ],
        "rule-17": [
            {
                "replacement-node": 128,
                "node-pos": 227,
                "template-line-number": 504,
                "expression-node": 129,
                "part": null
            }
        ],
        "rule-18": [
            {
                "replacement-node": 131,
                "node-pos": 231,
                "template-line-number": 513,
                "expression-node": 132,
                "part": null
            }
        ],
        "rule-20": [
            {
                "replacement-node": 137,
                "node-pos": 239,
                "template-line-number": 531,
                "expression-node": 138,
                "part": null
            }
        ],
        "rule-10": [
            {
                "replacement-node": 27,
                "node-pos": 47,
                "template-line-number": 82,
                "expression-node": 28,
                "part": null
            }
        ],
        "rule-3": [
            {
                "replacement-node": 6,
                "node-pos": 17,
                "template-line-number": 33,
                "part": null
            }
        ],
        "rule-12": [
            {
                "replacement-node": 33,
                "node-pos": 58,
                "template-line-number": 103,
                "html": true,
                "part": null
            }
        ],
        "rule-30": {
            "name": "DeferredIncomeTaxesLineItems",
            "subs": [
                {
                    "replacement-node": 68,
                    "part": "10",
                    "node-pos": 143,
                    "name": "DeferredIncomeTaxesLineItems",
                    "template-line-number": 271,
                    "expression-node": 69
                },
                {
                    "replacement-node": 71,
                    "part": "11",
                    "node-pos": 147,
                    "name": "DeferredIncomeTaxesLineItems",
                    "template-line-number": 276,
                    "expression-node": 72
                },
                {
                    "replacement-node": 74,
                    "part": "12",
                    "node-pos": 151,
                    "name": "DeferredIncomeTaxesLineItems",
                    "template-line-number": 281,
                    "expression-node": 75
                },
                {
                    "replacement-node": 77,
                    "part": "13",
                    "node-pos": 155,
                    "name": "DeferredIncomeTaxesLineItems",
                    "template-line-number": 286,
                    "expression-node": 78
                },
                {
                    "replacement-node": 47,
                    "node-pos": 115,
                    "part": "2",
                    "extras": {},
                    "name": "DeferredIncomeTaxesLineItems",
                    "template-line-number": 235
                },
                {
                    "replacement-node": 44,
                    "node-pos": 111,
                    "part": "3",
                    "extras": {},
                    "name": "DeferredIncomeTaxesLineItems",
                    "template-line-number": 229
                },
                {
                    "replacement-node": 50,
                    "part": "4",
                    "node-pos": 119,
                    "name": "DeferredIncomeTaxesLineItems",
                    "template-line-number": 241,
                    "expression-node": 51
                },
                {
                    "replacement-node": 53,
                    "part": "5",
                    "node-pos": 123,
                    "name": "DeferredIncomeTaxesLineItems",
                    "template-line-number": 246,
                    "expression-node": 54
                },
                {
                    "replacement-node": 56,
                    "part": "6",
                    "node-pos": 127,
                    "name": "DeferredIncomeTaxesLineItems",
                    "template-line-number": 251,
                    "expression-node": 57
                },
                {
                    "replacement-node": 59,
                    "part": "7",
                    "node-pos": 131,
                    "name": "DeferredIncomeTaxesLineItems",
                    "template-line-number": 256,
                    "expression-node": 60
                },
                {
                    "replacement-node": 62,
                    "part": "8",
                    "node-pos": 135,
                    "name": "DeferredIncomeTaxesLineItems",
                    "template-line-number": 261,
                    "expression-node": 63
                },
                {
                    "replacement-node": 65,
                    "part": "9",
                    "node-pos": 139,
                    "name": "DeferredIncomeTaxesLineItems",
                    "template-line-number": 266,
                    "expression-node": 66
                }
            ]
        },
        "rule-5": [
            {
                "replacement-node": 12,
                "node-pos": 26,
                "template-line-number": 51,
                "html": true,
                "part": null
            }
        ],
        "rule-25": [
            {
                "replacement-node": 188,
                "node-pos": 323,
                "template-line-number": 730,
                "expression-node": 189,
                "part": null
            }
        ],
        "rule-16": [
            {
                "replacement-node": 125,
                "node-pos": 223,
                "template-line-number": 495,
                "expression-node": 126,
                "part": null
            }
        ],
        "rule-4": [
            {
                "replacement-node": 9,
                "node-pos": 21,
                "template-line-number": 39,
                "html": true,
                "part": null
            }
        ],
        "rule-2": [
            {
                "replacement-node": 3,
                "node-pos": 13,
                "template-line-number": 27,
                "expression-node": 4,
                "part": null
            }
        ],
        "rule-1": [
            {
                "replacement-node": 0,
                "node-pos": 9,
                "template-line-number": 22,
                "part": null
            }
        ],
        "rule-31": {
            "name": "TaxClassificationLineItems",
            "subs": [
                {
                    "replacement-node": 156,
                    "node-pos": 278,
                    "part": "1",
                    "extras": {},
                    "name": "TaxClassificationLineItems",
                    "template-line-number": 644
                },
                {
                    "replacement-node": 158,
                    "part": "2",
                    "node-pos": 281,
                    "name": "TaxClassificationLineItems",
                    "template-line-number": 651,
                    "expression-node": 159
                },
                {
                    "replacement-node": 161,
                    "part": "3",
                    "node-pos": 285,
                    "name": "TaxClassificationLineItems",
                    "template-line-number": 659,
                    "expression-node": 162
                },
                {
                    "replacement-node": 164,
                    "part": "4",
                    "node-pos": 289,
                    "name": "TaxClassificationLineItems",
                    "template-line-number": 667,
                    "expression-node": 165
                },
                {
                    "replacement-node": 167,
                    "part": "5",
                    "node-pos": 293,
                    "name": "TaxClassificationLineItems",
                    "template-line-number": 675,
                    "expression-node": 168
                },
                {
                    "replacement-node": 170,
                    "part": "6",
                    "node-pos": 297,
                    "name": "TaxClassificationLineItems",
                    "template-line-number": 683,
                    "expression-node": 171
                },
                {
                    "replacement-node": 176,
                    "part": "6",
                    "node-pos": 305,
                    "name": "TaxClassificationLineItems",
                    "template-line-number": 698,
                    "expression-node": 177
                },
                {
                    "replacement-node": 182,
                    "part": "6",
                    "node-pos": 313,
                    "name": "TaxClassificationLineItems",
                    "template-line-number": 712,
                    "expression-node": 183
                },
                {
                    "replacement-node": 185,
                    "part": "6",
                    "node-pos": 317,
                    "name": "TaxClassificationLineItems",
                    "template-line-number": 719,
                    "expression-node": 186
                },
                {
                    "replacement-node": 173,
                    "part": "7",
                    "node-pos": 301,
                    "name": "TaxClassificationLineItems",
                    "template-line-number": 691,
                    "expression-node": 174
                },
                {
                    "replacement-node": 179,
                    "part": "7",
                    "node-pos": 309,
                    "name": "TaxClassificationLineItems",
                    "template-line-number": 705,
                    "expression-node": 180
                }
            ]
        },
        "rule-11": [
            {
                "replacement-node": 30,
                "node-pos": 53,
                "template-line-number": 92,
                "part": null
            }
        ],
        "rule-23": [
            {
                "replacement-node": 146,
                "node-pos": 251,
                "template-line-number": 558,
                "expression-node": 147,
                "part": null
            }
        ],
        "rule-14": [
            {
                "replacement-node": 119,
                "node-pos": 215,
                "template-line-number": 477,
                "expression-node": 120,
                "part": null
            }
        ],
        "rule-26": [
            {
                "replacement-node": 191,
                "node-pos": 327,
                "template-line-number": 737,
                "part": null
            }
        ],
        "rule-24": [
            {
                "replacement-node": 149,
                "node-pos": 257,
                "template-line-number": 571,
                "part": null
            }
        ],
        "rule-9": [
            {
                "replacement-node": 24,
                "node-pos": 43,
                "template-line-number": 77,
                "expression-node": 25,
                "part": null
            }
        ],
        "rule-15": [
            {
                "replacement-node": 122,
                "node-pos": 219,
                "template-line-number": 486,
                "expression-node": 123,
                "part": null
            }
        ],
        "rule-27": [
            {
                "replacement-node": 194,
                "node-pos": 331,
                "template-line-number": 747,
                "part": null
            }
        ]
    },
    "line-numbers": {
        "NonUtilityLineItems": [
            {
                "start-number": 6,
                "template-line-number": 369,
                "line-number-node": 81
            }
        ],
        "TaxClassificationLineItems": [
            {
                "start-number": 11,
                "template-line-number": 636,
                "line-number-node": 153
            }
        ]
    },
    "showifs": {}
}