{
    "showifs": {},
    "substitutions": {
        "rule-6": [
            {
                "node-pos": 31,
                "replacement-node": 15,
                "part": null,
                "template-line-number": 62
            }
        ],
        "rule-21": [
            {
                "node-pos": 243,
                "replacement-node": 140,
                "expression-node": 141,
                "part": null,
                "template-line-number": 540
            }
        ],
        "rule-5": [
            {
                "node-pos": 26,
                "replacement-node": 12,
                "part": null,
                "html": true,
                "template-line-number": 51
            }
        ],
        "rule-2": [
            {
                "node-pos": 13,
                "replacement-node": 3,
                "expression-node": 4,
                "part": null,
                "template-line-number": 27
            }
        ],
        "rule-11": [
            {
                "node-pos": 53,
                "replacement-node": 30,
                "part": null,
                "template-line-number": 92
            }
        ],
        "rule-25": [
            {
                "node-pos": 323,
                "replacement-node": 188,
                "expression-node": 189,
                "part": null,
                "template-line-number": 730
            }
        ],
        "rule-31": {
            "name": "NonUtilityLineItems",
            "subs": [
                {
                    "node-pos": 196,
                    "name": "NonUtilityLineItems",
                    "expression-node": 108,
                    "template-line-number": 437,
                    "replacement-node": 107,
                    "part": "10"
                },
                {
                    "node-pos": 200,
                    "name": "NonUtilityLineItems",
                    "expression-node": 111,
                    "template-line-number": 445,
                    "replacement-node": 110,
                    "part": "11"
                },
                {
                    "node-pos": 204,
                    "name": "NonUtilityLineItems",
                    "expression-node": 114,
                    "template-line-number": 453,
                    "replacement-node": 113,
                    "part": "12"
                },
                {
                    "node-pos": 164,
                    "name": "NonUtilityLineItems",
                    "expression-node": 84,
                    "template-line-number": 373,
                    "replacement-node": 83,
                    "part": "2"
                },
                {
                    "node-pos": 168,
                    "name": "NonUtilityLineItems",
                    "expression-node": 87,
                    "template-line-number": 381,
                    "replacement-node": 86,
                    "part": "3"
                },
                {
                    "node-pos": 172,
                    "name": "NonUtilityLineItems",
                    "expression-node": 90,
                    "template-line-number": 389,
                    "replacement-node": 89,
                    "part": "4"
                },
                {
                    "node-pos": 176,
                    "name": "NonUtilityLineItems",
                    "expression-node": 93,
                    "template-line-number": 397,
                    "replacement-node": 92,
                    "part": "5"
                },
                {
                    "node-pos": 180,
                    "name": "NonUtilityLineItems",
                    "expression-node": 96,
                    "template-line-number": 405,
                    "replacement-node": 95,
                    "part": "6"
                },
                {
                    "node-pos": 184,
                    "name": "NonUtilityLineItems",
                    "expression-node": 99,
                    "template-line-number": 413,
                    "replacement-node": 98,
                    "part": "7"
                },
                {
                    "node-pos": 188,
                    "name": "NonUtilityLineItems",
                    "expression-node": 102,
                    "template-line-number": 421,
                    "replacement-node": 101,
                    "part": "8"
                },
                {
                    "node-pos": 192,
                    "name": "NonUtilityLineItems",
                    "expression-node": 105,
                    "template-line-number": 429,
                    "replacement-node": 104,
                    "part": "9"
                }
            ]
        },
        "rule-26": [
            {
                "node-pos": 327,
                "replacement-node": 191,
                "part": null,
                "template-line-number": 737
            }
        ],
        "rule-7": [
            {
                "node-pos": 35,
                "replacement-node": 18,
                "expression-node": 19,
                "part": null,
                "template-line-number": 67
            }
        ],
        "rule-18": [
            {
                "node-pos": 231,
                "replacement-node": 131,
                "expression-node": 132,
                "part": null,
                "template-line-number": 513
            }
        ],
        "rule-13": [
            {
                "node-pos": 210,
                "replacement-node": 116,
                "part": null,
                "template-line-number": 465
            }
        ],
        "rule-28": {
            "name": "TaxClassificationLineItems",
            "subs": [
                {
                    "node-pos": 278,
                    "name": "TaxClassificationLineItems",
                    "extras": {},
                    "template-line-number": 644,
                    "replacement-node": 156,
                    "part": "1"
                },
                {
                    "node-pos": 281,
                    "name": "TaxClassificationLineItems",
                    "expression-node": 159,
                    "template-line-number": 651,
                    "replacement-node": 158,
                    "part": "2"
                },
                {
                    "node-pos": 285,
                    "name": "TaxClassificationLineItems",
                    "expression-node": 162,
                    "template-line-number": 659,
                    "replacement-node": 161,
                    "part": "3"
                },
                {
                    "node-pos": 289,
                    "name": "TaxClassificationLineItems",
                    "expression-node": 165,
                    "template-line-number": 667,
                    "replacement-node": 164,
                    "part": "4"
                },
                {
                    "node-pos": 293,
                    "name": "TaxClassificationLineItems",
                    "expression-node": 168,
                    "template-line-number": 675,
                    "replacement-node": 167,
                    "part": "5"
                },
                {
                    "node-pos": 297,
                    "name": "TaxClassificationLineItems",
                    "expression-node": 171,
                    "template-line-number": 683,
                    "replacement-node": 170,
                    "part": "6"
                },
                {
                    "node-pos": 305,
                    "name": "TaxClassificationLineItems",
                    "expression-node": 177,
                    "template-line-number": 698,
                    "replacement-node": 176,
                    "part": "6"
                },
                {
                    "node-pos": 313,
                    "name": "TaxClassificationLineItems",
                    "expression-node": 183,
                    "template-line-number": 712,
                    "replacement-node": 182,
                    "part": "6"
                },
                {
                    "node-pos": 317,
                    "name": "TaxClassificationLineItems",
                    "expression-node": 186,
                    "template-line-number": 719,
                    "replacement-node": 185,
                    "part": "6"
                },
                {
                    "node-pos": 301,
                    "name": "TaxClassificationLineItems",
                    "expression-node": 174,
                    "template-line-number": 691,
                    "replacement-node": 173,
                    "part": "7"
                },
                {
                    "node-pos": 309,
                    "name": "TaxClassificationLineItems",
                    "expression-node": 180,
                    "template-line-number": 705,
                    "replacement-node": 179,
                    "part": "7"
                }
            ]
        },
        "rule-14": [
            {
                "node-pos": 215,
                "replacement-node": 119,
                "expression-node": 120,
                "part": null,
                "template-line-number": 477
            }
        ],
        "rule-23": [
            {
                "node-pos": 251,
                "replacement-node": 146,
                "expression-node": 147,
                "part": null,
                "template-line-number": 558
            }
        ],
        "rule-19": [
            {
                "node-pos": 235,
                "replacement-node": 134,
                "expression-node": 135,
                "part": null,
                "template-line-number": 522
            }
        ],
        "rule-30": {
            "name": "DeferredIncomeTaxesHeadings",
            "subs": [
                {
                    "node-pos": 88,
                    "name": "DeferredIncomeTaxesHeadings",
                    "extras": {},
                    "template-line-number": 150,
                    "replacement-node": 37,
                    "part": "1"
                },
                {
                    "node-pos": 92,
                    "name": "DeferredIncomeTaxesHeadings",
                    "extras": {},
                    "template-line-number": 157,
                    "replacement-node": 40,
                    "part": "2"
                }
            ]
        },
        "rule-15": [
            {
                "node-pos": 219,
                "replacement-node": 122,
                "expression-node": 123,
                "part": null,
                "template-line-number": 486
            }
        ],
        "rule-20": [
            {
                "node-pos": 239,
                "replacement-node": 137,
                "expression-node": 138,
                "part": null,
                "template-line-number": 531
            }
        ],
        "rule-17": [
            {
                "node-pos": 227,
                "replacement-node": 128,
                "expression-node": 129,
                "part": null,
                "template-line-number": 504
            }
        ],
        "rule-8": [
            {
                "node-pos": 39,
                "replacement-node": 21,
                "part": null,
                "template-line-number": 72
            }
        ],
        "rule-24": [
            {
                "node-pos": 257,
                "replacement-node": 149,
                "part": null,
                "template-line-number": 571
            }
        ],
        "rule-29": {
            "name": "DeferredIncomeTaxesLineItems",
            "subs": [
                {
                    "node-pos": 143,
                    "name": "DeferredIncomeTaxesLineItems",
                    "expression-node": 69,
                    "template-line-number": 271,
                    "replacement-node": 68,
                    "part": "10"
                },
                {
                    "node-pos": 147,
                    "name": "DeferredIncomeTaxesLineItems",
                    "expression-node": 72,
                    "template-line-number": 276,
                    "replacement-node": 71,
                    "part": "11"
                },
                {
                    "node-pos": 151,
                    "name": "DeferredIncomeTaxesLineItems",
                    "expression-node": 75,
                    "template-line-number": 281,
                    "replacement-node": 74,
                    "part": "12"
                },
                {
                    "node-pos": 155,
                    "name": "DeferredIncomeTaxesLineItems",
                    "expression-node": 78,
                    "template-line-number": 286,
                    "replacement-node": 77,
                    "part": "13"
                },
                {
                    "node-pos": 115,
                    "name": "DeferredIncomeTaxesLineItems",
                    "extras": {},
                    "template-line-number": 235,
                    "replacement-node": 47,
                    "part": "2"
                },
                {
                    "node-pos": 111,
                    "name": "DeferredIncomeTaxesLineItems",
                    "extras": {},
                    "template-line-number": 229,
                    "replacement-node": 44,
                    "part": "3"
                },
                {
                    "node-pos": 119,
                    "name": "DeferredIncomeTaxesLineItems",
                    "expression-node": 51,
                    "template-line-number": 241,
                    "replacement-node": 50,
                    "part": "4"
                },
                {
                    "node-pos": 123,
                    "name": "DeferredIncomeTaxesLineItems",
                    "expression-node": 54,
                    "template-line-number": 246,
                    "replacement-node": 53,
                    "part": "5"
                },
                {
                    "node-pos": 127,
                    "name": "DeferredIncomeTaxesLineItems",
                    "expression-node": 57,
                    "template-line-number": 251,
                    "replacement-node": 56,
                    "part": "6"
                },
                {
                    "node-pos": 131,
                    "name": "DeferredIncomeTaxesLineItems",
                    "expression-node": 60,
                    "template-line-number": 256,
                    "replacement-node": 59,
                    "part": "7"
                },
                {
                    "node-pos": 135,
                    "name": "DeferredIncomeTaxesLineItems",
                    "expression-node": 63,
                    "template-line-number": 261,
                    "replacement-node": 62,
                    "part": "8"
                },
                {
                    "node-pos": 139,
                    "name": "DeferredIncomeTaxesLineItems",
                    "expression-node": 66,
                    "template-line-number": 266,
                    "replacement-node": 65,
                    "part": "9"
                }
            ]
        },
        "rule-22": [
            {
                "node-pos": 247,
                "replacement-node": 143,
                "expression-node": 144,
                "part": null,
                "template-line-number": 549
            }
        ],
        "rule-16": [
            {
                "node-pos": 223,
                "replacement-node": 125,
                "expression-node": 126,
                "part": null,
                "template-line-number": 495
            }
        ],
        "rule-3": [
            {
                "node-pos": 17,
                "replacement-node": 6,
                "part": null,
                "template-line-number": 33
            }
        ],
        "rule-1": [
            {
                "node-pos": 9,
                "replacement-node": 0,
                "part": null,
                "template-line-number": 22
            }
        ],
        "rule-4": [
            {
                "node-pos": 21,
                "replacement-node": 9,
                "part": null,
                "html": true,
                "template-line-number": 39
            }
        ],
        "rule-27": [
            {
                "node-pos": 331,
                "replacement-node": 194,
                "part": null,
                "template-line-number": 747
            }
        ],
        "rule-12": [
            {
                "node-pos": 58,
                "replacement-node": 33,
                "part": null,
                "html": true,
                "template-line-number": 103
            }
        ],
        "rule-9": [
            {
                "node-pos": 43,
                "replacement-node": 24,
                "expression-node": 25,
                "part": null,
                "template-line-number": 77
            }
        ],
        "rule-10": [
            {
                "node-pos": 47,
                "replacement-node": 27,
                "expression-node": 28,
                "part": null,
                "template-line-number": 82
            }
        ]
    },
    "line-numbers": {
        "TaxClassificationLineItems": [
            {
                "line-number-node": 153,
                "start-number": 11,
                "template-line-number": 636
            }
        ],
        "NonUtilityLineItems": [
            {
                "line-number-node": 81,
                "start-number": 6,
                "template-line-number": 369
            }
        ]
    }
}