{
    "substitutions": {
        "rule-17": [
            {
                "expression-node": 129,
                "template-line-number": 504,
                "part": null,
                "replacement-node": 128,
                "node-pos": 227
            }
        ],
        "rule-24": [
            {
                "node-pos": 257,
                "template-line-number": 571,
                "part": null,
                "replacement-node": 149
            }
        ],
        "rule-7": [
            {
                "expression-node": 19,
                "template-line-number": 67,
                "part": null,
                "replacement-node": 18,
                "node-pos": 35
            }
        ],
        "rule-29": {
            "subs": [
                {
                    "name": "TaxClassificationLineItems",
                    "template-line-number": 644,
                    "replacement-node": 156,
                    "extras": {},
                    "part": "1",
                    "node-pos": 278
                },
                {
                    "name": "TaxClassificationLineItems",
                    "template-line-number": 651,
                    "replacement-node": 158,
                    "expression-node": 159,
                    "part": "2",
                    "node-pos": 281
                },
                {
                    "name": "TaxClassificationLineItems",
                    "template-line-number": 659,
                    "replacement-node": 161,
                    "expression-node": 162,
                    "part": "3",
                    "node-pos": 285
                },
                {
                    "name": "TaxClassificationLineItems",
                    "template-line-number": 667,
                    "replacement-node": 164,
                    "expression-node": 165,
                    "part": "4",
                    "node-pos": 289
                },
                {
                    "name": "TaxClassificationLineItems",
                    "template-line-number": 675,
                    "replacement-node": 167,
                    "expression-node": 168,
                    "part": "5",
                    "node-pos": 293
                },
                {
                    "name": "TaxClassificationLineItems",
                    "template-line-number": 683,
                    "replacement-node": 170,
                    "expression-node": 171,
                    "part": "6",
                    "node-pos": 297
                },
                {
                    "name": "TaxClassificationLineItems",
                    "template-line-number": 698,
                    "replacement-node": 176,
                    "expression-node": 177,
                    "part": "6",
                    "node-pos": 305
                },
                {
                    "name": "TaxClassificationLineItems",
                    "template-line-number": 712,
                    "replacement-node": 182,
                    "expression-node": 183,
                    "part": "6",
                    "node-pos": 313
                },
                {
                    "name": "TaxClassificationLineItems",
                    "template-line-number": 719,
                    "replacement-node": 185,
                    "expression-node": 186,
                    "part": "6",
                    "node-pos": 317
                },
                {
                    "name": "TaxClassificationLineItems",
                    "template-line-number": 691,
                    "replacement-node": 173,
                    "expression-node": 174,
                    "part": "7",
                    "node-pos": 301
                },
                {
                    "name": "TaxClassificationLineItems",
                    "template-line-number": 705,
                    "replacement-node": 179,
                    "expression-node": 180,
                    "part": "7",
                    "node-pos": 309
                }
            ],
            "name": "TaxClassificationLineItems"
        },
        "rule-8": [
            {
                "node-pos": 39,
                "template-line-number": 72,
                "part": null,
                "replacement-node": 21
            }
        ],
        "rule-4": [
            {
                "node-pos": 21,
                "template-line-number": 39,
                "part": null,
                "replacement-node": 9,
                "html": true
            }
        ],
        "rule-13": [
            {
                "node-pos": 210,
                "template-line-number": 465,
                "part": null,
                "replacement-node": 116
            }
        ],
        "rule-10": [
            {
                "expression-node": 28,
                "template-line-number": 82,
                "part": null,
                "replacement-node": 27,
                "node-pos": 47
            }
        ],
        "rule-12": [
            {
                "node-pos": 58,
                "template-line-number": 103,
                "part": null,
                "replacement-node": 33,
                "html": true
            }
        ],
        "rule-30": {
            "subs": [
                {
                    "name": "DeferredIncomeTaxesHeadings",
                    "template-line-number": 150,
                    "replacement-node": 37,
                    "extras": {},
                    "part": "1",
                    "node-pos": 88
                },
                {
                    "name": "DeferredIncomeTaxesHeadings",
                    "template-line-number": 157,
                    "replacement-node": 40,
                    "extras": {},
                    "part": "2",
                    "node-pos": 92
                }
            ],
            "name": "DeferredIncomeTaxesHeadings"
        },
        "rule-15": [
            {
                "expression-node": 123,
                "template-line-number": 486,
                "part": null,
                "replacement-node": 122,
                "node-pos": 219
            }
        ],
        "rule-28": {
            "subs": [
                {
                    "name": "DeferredIncomeTaxesLineItems",
                    "template-line-number": 271,
                    "replacement-node": 68,
                    "expression-node": 69,
                    "part": "10",
                    "node-pos": 143
                },
                {
                    "name": "DeferredIncomeTaxesLineItems",
                    "template-line-number": 276,
                    "replacement-node": 71,
                    "expression-node": 72,
                    "part": "11",
                    "node-pos": 147
                },
                {
                    "name": "DeferredIncomeTaxesLineItems",
                    "template-line-number": 281,
                    "replacement-node": 74,
                    "expression-node": 75,
                    "part": "12",
                    "node-pos": 151
                },
                {
                    "name": "DeferredIncomeTaxesLineItems",
                    "template-line-number": 286,
                    "replacement-node": 77,
                    "expression-node": 78,
                    "part": "13",
                    "node-pos": 155
                },
                {
                    "name": "DeferredIncomeTaxesLineItems",
                    "template-line-number": 235,
                    "replacement-node": 47,
                    "extras": {},
                    "part": "2",
                    "node-pos": 115
                },
                {
                    "name": "DeferredIncomeTaxesLineItems",
                    "template-line-number": 229,
                    "replacement-node": 44,
                    "extras": {},
                    "part": "3",
                    "node-pos": 111
                },
                {
                    "name": "DeferredIncomeTaxesLineItems",
                    "template-line-number": 241,
                    "replacement-node": 50,
                    "expression-node": 51,
                    "part": "4",
                    "node-pos": 119
                },
                {
                    "name": "DeferredIncomeTaxesLineItems",
                    "template-line-number": 246,
                    "replacement-node": 53,
                    "expression-node": 54,
                    "part": "5",
                    "node-pos": 123
                },
                {
                    "name": "DeferredIncomeTaxesLineItems",
                    "template-line-number": 251,
                    "replacement-node": 56,
                    "expression-node": 57,
                    "part": "6",
                    "node-pos": 127
                },
                {
                    "name": "DeferredIncomeTaxesLineItems",
                    "template-line-number": 256,
                    "replacement-node": 59,
                    "expression-node": 60,
                    "part": "7",
                    "node-pos": 131
                },
                {
                    "name": "DeferredIncomeTaxesLineItems",
                    "template-line-number": 261,
                    "replacement-node": 62,
                    "expression-node": 63,
                    "part": "8",
                    "node-pos": 135
                },
                {
                    "name": "DeferredIncomeTaxesLineItems",
                    "template-line-number": 266,
                    "replacement-node": 65,
                    "expression-node": 66,
                    "part": "9",
                    "node-pos": 139
                }
            ],
            "name": "DeferredIncomeTaxesLineItems"
        },
        "rule-21": [
            {
                "expression-node": 141,
                "template-line-number": 540,
                "part": null,
                "replacement-node": 140,
                "node-pos": 243
            }
        ],
        "rule-9": [
            {
                "expression-node": 25,
                "template-line-number": 77,
                "part": null,
                "replacement-node": 24,
                "node-pos": 43
            }
        ],
        "rule-27": [
            {
                "node-pos": 331,
                "template-line-number": 747,
                "part": null,
                "replacement-node": 194
            }
        ],
        "rule-31": {
            "subs": [
                {
                    "name": "NonUtilityLineItems",
                    "template-line-number": 437,
                    "replacement-node": 107,
                    "expression-node": 108,
                    "part": "10",
                    "node-pos": 196
                },
                {
                    "name": "NonUtilityLineItems",
                    "template-line-number": 445,
                    "replacement-node": 110,
                    "expression-node": 111,
                    "part": "11",
                    "node-pos": 200
                },
                {
                    "name": "NonUtilityLineItems",
                    "template-line-number": 453,
                    "replacement-node": 113,
                    "expression-node": 114,
                    "part": "12",
                    "node-pos": 204
                },
                {
                    "name": "NonUtilityLineItems",
                    "template-line-number": 373,
                    "replacement-node": 83,
                    "expression-node": 84,
                    "part": "2",
                    "node-pos": 164
                },
                {
                    "name": "NonUtilityLineItems",
                    "template-line-number": 381,
                    "replacement-node": 86,
                    "expression-node": 87,
                    "part": "3",
                    "node-pos": 168
                },
                {
                    "name": "NonUtilityLineItems",
                    "template-line-number": 389,
                    "replacement-node": 89,
                    "expression-node": 90,
                    "part": "4",
                    "node-pos": 172
                },
                {
                    "name": "NonUtilityLineItems",
                    "template-line-number": 397,
                    "replacement-node": 92,
                    "expression-node": 93,
                    "part": "5",
                    "node-pos": 176
                },
                {
                    "name": "NonUtilityLineItems",
                    "template-line-number": 405,
                    "replacement-node": 95,
                    "expression-node": 96,
                    "part": "6",
                    "node-pos": 180
                },
                {
                    "name": "NonUtilityLineItems",
                    "template-line-number": 413,
                    "replacement-node": 98,
                    "expression-node": 99,
                    "part": "7",
                    "node-pos": 184
                },
                {
                    "name": "NonUtilityLineItems",
                    "template-line-number": 421,
                    "replacement-node": 101,
                    "expression-node": 102,
                    "part": "8",
                    "node-pos": 188
                },
                {
                    "name": "NonUtilityLineItems",
                    "template-line-number": 429,
                    "replacement-node": 104,
                    "expression-node": 105,
                    "part": "9",
                    "node-pos": 192
                }
            ],
            "name": "NonUtilityLineItems"
        },
        "rule-11": [
            {
                "node-pos": 53,
                "template-line-number": 92,
                "part": null,
                "replacement-node": 30
            }
        ],
        "rule-26": [
            {
                "node-pos": 327,
                "template-line-number": 737,
                "part": null,
                "replacement-node": 191
            }
        ],
        "rule-18": [
            {
                "expression-node": 132,
                "template-line-number": 513,
                "part": null,
                "replacement-node": 131,
                "node-pos": 231
            }
        ],
        "rule-1": [
            {
                "node-pos": 9,
                "template-line-number": 22,
                "part": null,
                "replacement-node": 0
            }
        ],
        "rule-14": [
            {
                "expression-node": 120,
                "template-line-number": 477,
                "part": null,
                "replacement-node": 119,
                "node-pos": 215
            }
        ],
        "rule-22": [
            {
                "expression-node": 144,
                "template-line-number": 549,
                "part": null,
                "replacement-node": 143,
                "node-pos": 247
            }
        ],
        "rule-16": [
            {
                "expression-node": 126,
                "template-line-number": 495,
                "part": null,
                "replacement-node": 125,
                "node-pos": 223
            }
        ],
        "rule-6": [
            {
                "node-pos": 31,
                "template-line-number": 62,
                "part": null,
                "replacement-node": 15
            }
        ],
        "rule-23": [
            {
                "expression-node": 147,
                "template-line-number": 558,
                "part": null,
                "replacement-node": 146,
                "node-pos": 251
            }
        ],
        "rule-2": [
            {
                "expression-node": 4,
                "template-line-number": 27,
                "part": null,
                "replacement-node": 3,
                "node-pos": 13
            }
        ],
        "rule-25": [
            {
                "expression-node": 189,
                "template-line-number": 730,
                "part": null,
                "replacement-node": 188,
                "node-pos": 323
            }
        ],
        "rule-20": [
            {
                "expression-node": 138,
                "template-line-number": 531,
                "part": null,
                "replacement-node": 137,
                "node-pos": 239
            }
        ],
        "rule-5": [
            {
                "node-pos": 26,
                "template-line-number": 51,
                "part": null,
                "replacement-node": 12,
                "html": true
            }
        ],
        "rule-19": [
            {
                "expression-node": 135,
                "template-line-number": 522,
                "part": null,
                "replacement-node": 134,
                "node-pos": 235
            }
        ],
        "rule-3": [
            {
                "node-pos": 17,
                "template-line-number": 33,
                "part": null,
                "replacement-node": 6
            }
        ]
    },
    "showifs": {},
    "line-numbers": {
        "TaxClassificationLineItems": [
            {
                "start-number": 11,
                "template-line-number": 636,
                "line-number-node": 153
            }
        ],
        "NonUtilityLineItems": [
            {
                "start-number": 6,
                "template-line-number": 369,
                "line-number-node": 81
            }
        ]
    }
}