{
    "substitutions": {
        "rule-25": [
            {
                "part": null,
                "node-pos": 131,
                "replacement-node": 70,
                "template-line-number": 265
            }
        ],
        "rule-34": [
            {
                "part": null,
                "node-pos": 177,
                "replacement-node": 97,
                "expression-node": 98,
                "template-line-number": 368
            }
        ],
        "rule-46": {
            "name": "VotingPowers",
            "subs": [
                {
                    "part": "2",
                    "name": "VotingPowers",
                    "node-pos": 221,
                    "template-line-number": 506,
                    "expression-node": 129,
                    "replacement-node": 128
                },
                {
                    "part": "3",
                    "name": "VotingPowers",
                    "node-pos": 225,
                    "template-line-number": 511,
                    "expression-node": 132,
                    "replacement-node": 131
                },
                {
                    "part": "4",
                    "name": "VotingPowers",
                    "node-pos": 229,
                    "template-line-number": 516,
                    "expression-node": 135,
                    "replacement-node": 134
                },
                {
                    "part": "5",
                    "name": "VotingPowers",
                    "node-pos": 233,
                    "template-line-number": 521,
                    "expression-node": 138,
                    "replacement-node": 137
                },
                {
                    "part": "6",
                    "name": "VotingPowers",
                    "node-pos": 237,
                    "template-line-number": 526,
                    "expression-node": 141,
                    "replacement-node": 140
                }
            ]
        },
        "rule-17": [
            {
                "part": null,
                "node-pos": 86,
                "replacement-node": 46,
                "expression-node": 47,
                "template-line-number": 169
            }
        ],
        "rule-43": [
            {
                "part": null,
                "node-pos": 243,
                "replacement-node": 143,
                "expression-node": 144,
                "template-line-number": 537
            }
        ],
        "rule-29": [
            {
                "part": null,
                "node-pos": 155,
                "replacement-node": 82,
                "expression-node": 83,
                "template-line-number": 317
            }
        ],
        "rule-40": [
            {
                "part": null,
                "node-pos": 203,
                "replacement-node": 115,
                "expression-node": 116,
                "template-line-number": 428
            }
        ],
        "rule-27": [
            {
                "part": null,
                "node-pos": 143,
                "replacement-node": 76,
                "template-line-number": 291
            }
        ],
        "rule-3": [
            {
                "part": null,
                "node-pos": 14,
                "replacement-node": 4,
                "expression-node": 5,
                "template-line-number": 31
            }
        ],
        "rule-26": [
            {
                "part": null,
                "node-pos": 137,
                "replacement-node": 73,
                "template-line-number": 278
            }
        ],
        "rule-21": [
            {
                "part": null,
                "node-pos": 105,
                "replacement-node": 58,
                "template-line-number": 209
            }
        ],
        "rule-31": [
            {
                "part": null,
                "node-pos": 163,
                "replacement-node": 88,
                "expression-node": 89,
                "template-line-number": 335
            }
        ],
        "rule-11": [
            {
                "part": null,
                "node-pos": 50,
                "replacement-node": 28,
                "expression-node": 29,
                "template-line-number": 86
            }
        ],
        "rule-35": [
            {
                "part": null,
                "node-pos": 181,
                "replacement-node": 100,
                "expression-node": 101,
                "template-line-number": 377
            }
        ],
        "rule-10": [
            {
                "part": null,
                "node-pos": 46,
                "replacement-node": 25,
                "expression-node": 26,
                "template-line-number": 81
            }
        ],
        "rule-22": [
            {
                "part": null,
                "node-pos": 115,
                "replacement-node": 61,
                "template-line-number": 226
            }
        ],
        "rule-7": [
            {
                "part": null,
                "node-pos": 32,
                "replacement-node": 16,
                "template-line-number": 66
            }
        ],
        "rule-13": [
            {
                "part": null,
                "node-pos": 61,
                "replacement-node": 34,
                "html": true,
                "template-line-number": 107
            }
        ],
        "rule-16": [
            {
                "part": null,
                "node-pos": 80,
                "replacement-node": 43,
                "template-line-number": 157
            }
        ],
        "rule-45": [
            {
                "part": null,
                "node-pos": 251,
                "replacement-node": 149,
                "template-line-number": 551
            }
        ],
        "rule-37": [
            {
                "part": null,
                "node-pos": 189,
                "replacement-node": 106,
                "expression-node": 107,
                "template-line-number": 395
            }
        ],
        "rule-36": [
            {
                "part": null,
                "node-pos": 185,
                "replacement-node": 103,
                "expression-node": 104,
                "template-line-number": 386
            }
        ],
        "rule-9": [
            {
                "part": null,
                "node-pos": 41,
                "replacement-node": 22,
                "template-line-number": 76
            }
        ],
        "rule-4": [
            {
                "part": null,
                "node-pos": 18,
                "replacement-node": 7,
                "template-line-number": 37
            }
        ],
        "rule-5": [
            {
                "part": null,
                "node-pos": 22,
                "replacement-node": 10,
                "html": true,
                "template-line-number": 43
            }
        ],
        "rule-18": [
            {
                "part": null,
                "node-pos": 90,
                "replacement-node": 49,
                "expression-node": 50,
                "template-line-number": 177
            }
        ],
        "rule-14": [
            {
                "part": null,
                "node-pos": 71,
                "replacement-node": 37,
                "template-line-number": 137
            }
        ],
        "rule-24": [
            {
                "part": null,
                "node-pos": 125,
                "replacement-node": 67,
                "template-line-number": 251
            }
        ],
        "rule-38": [
            {
                "part": null,
                "node-pos": 195,
                "replacement-node": 109,
                "template-line-number": 409
            }
        ],
        "rule-28": [
            {
                "part": null,
                "node-pos": 151,
                "replacement-node": 79,
                "template-line-number": 308
            }
        ],
        "rule-19": [
            {
                "part": null,
                "node-pos": 94,
                "replacement-node": 52,
                "template-line-number": 186
            }
        ],
        "rule-41": [
            {
                "part": null,
                "node-pos": 207,
                "replacement-node": 118,
                "expression-node": 119,
                "template-line-number": 437
            }
        ],
        "rule-6": [
            {
                "part": null,
                "node-pos": 27,
                "replacement-node": 13,
                "html": true,
                "template-line-number": 55
            }
        ],
        "rule-23": [
            {
                "part": null,
                "node-pos": 120,
                "replacement-node": 64,
                "expression-node": 65,
                "template-line-number": 237
            }
        ],
        "rule-33": [
            {
                "part": null,
                "node-pos": 173,
                "replacement-node": 94,
                "template-line-number": 358
            }
        ],
        "rule-44": [
            {
                "part": null,
                "node-pos": 247,
                "replacement-node": 146,
                "template-line-number": 542
            }
        ],
        "rule-15": [
            {
                "part": null,
                "node-pos": 76,
                "replacement-node": 40,
                "expression-node": 41,
                "template-line-number": 148
            }
        ],
        "rule-12": [
            {
                "part": null,
                "node-pos": 56,
                "replacement-node": 31,
                "template-line-number": 96
            }
        ],
        "rule-2": [
            {
                "part": null,
                "node-pos": 10,
                "replacement-node": 1,
                "template-line-number": 26
            }
        ],
        "rule-30": [
            {
                "part": null,
                "node-pos": 159,
                "replacement-node": 85,
                "expression-node": 86,
                "template-line-number": 326
            }
        ],
        "rule-42": [
            {
                "part": null,
                "node-pos": 211,
                "replacement-node": 121,
                "expression-node": 122,
                "template-line-number": 446
            }
        ],
        "rule-8": [
            {
                "part": null,
                "node-pos": 37,
                "replacement-node": 19,
                "expression-node": 20,
                "template-line-number": 71
            }
        ],
        "rule-20": [
            {
                "part": null,
                "node-pos": 99,
                "replacement-node": 55,
                "expression-node": 56,
                "template-line-number": 197
            }
        ],
        "rule-32": [
            {
                "part": null,
                "node-pos": 167,
                "replacement-node": 91,
                "expression-node": 92,
                "template-line-number": 344
            }
        ],
        "rule-39": [
            {
                "part": null,
                "node-pos": 199,
                "replacement-node": 112,
                "expression-node": 113,
                "template-line-number": 419
            }
        ]
    },
    "line-numbers": {
        "VotingPowers": [
            {
                "line-number-node": 125,
                "start-number": 8,
                "template-line-number": 503
            }
        ]
    },
    "showifs": {
        "rule-1": {
            "type": "showif",
            "template-line-number": 16
        }
    }
}