{
    "line-numbers": {},
    "substitutions": {
        "rule-9": [
            {
                "expression-node": 25,
                "replacement-node": 24,
                "part": null,
                "template-line-number": 78,
                "node-pos": 44
            }
        ],
        "rule-2": [
            {
                "expression-node": 4,
                "replacement-node": 3,
                "part": null,
                "template-line-number": 28,
                "node-pos": 14
            }
        ],
        "rule-5": [
            {
                "html": true,
                "template-line-number": 52,
                "replacement-node": 12,
                "part": null,
                "node-pos": 27
            }
        ],
        "rule-11": [
            {
                "template-line-number": 93,
                "replacement-node": 30,
                "part": null,
                "node-pos": 54
            }
        ],
        "rule-12": [
            {
                "html": true,
                "template-line-number": 104,
                "replacement-node": 33,
                "part": null,
                "node-pos": 59
            }
        ],
        "rule-15": [
            {
                "template-line-number": 279,
                "replacement-node": 77,
                "part": null,
                "node-pos": 131
            }
        ],
        "rule-13": [
            {
                "expression-node": 72,
                "replacement-node": 71,
                "part": null,
                "template-line-number": 265,
                "node-pos": 123
            }
        ],
        "rule-3": [
            {
                "template-line-number": 34,
                "replacement-node": 6,
                "part": null,
                "node-pos": 18
            }
        ],
        "rule-6": [
            {
                "template-line-number": 63,
                "replacement-node": 15,
                "part": null,
                "node-pos": 32
            }
        ],
        "rule-8": [
            {
                "template-line-number": 73,
                "replacement-node": 21,
                "part": null,
                "node-pos": 40
            }
        ],
        "rule-10": [
            {
                "expression-node": 28,
                "replacement-node": 27,
                "part": null,
                "template-line-number": 83,
                "node-pos": 48
            }
        ],
        "rule-17": {
            "name": "ColumnHeadings",
            "subs": [
                {
                    "name": "ColumnHeadings",
                    "extras": {},
                    "template-line-number": 136,
                    "replacement-node": 37,
                    "part": "1",
                    "node-pos": 74
                },
                {
                    "name": "ColumnHeadings",
                    "extras": {},
                    "template-line-number": 143,
                    "replacement-node": 40,
                    "part": "2",
                    "node-pos": 78
                }
            ]
        },
        "rule-7": [
            {
                "expression-node": 19,
                "replacement-node": 18,
                "part": null,
                "template-line-number": 68,
                "node-pos": 36
            }
        ],
        "rule-16": {
            "name": "CarrierPropertyItems",
            "subs": [
                {
                    "name": "CarrierPropertyItems",
                    "extras": {},
                    "template-line-number": 198,
                    "replacement-node": 44,
                    "part": "1",
                    "node-pos": 84
                },
                {
                    "name": "CarrierPropertyItems",
                    "extras": {},
                    "template-line-number": 210,
                    "replacement-node": 49,
                    "part": "2",
                    "node-pos": 92
                },
                {
                    "name": "CarrierPropertyItems",
                    "expression-node": 53,
                    "node-pos": 96,
                    "template-line-number": 219,
                    "replacement-node": 52,
                    "part": "2"
                },
                {
                    "name": "CarrierPropertyItems",
                    "expression-node": 56,
                    "node-pos": 100,
                    "template-line-number": 226,
                    "replacement-node": 55,
                    "part": "3"
                },
                {
                    "name": "CarrierPropertyItems",
                    "expression-node": 59,
                    "node-pos": 104,
                    "template-line-number": 233,
                    "replacement-node": 58,
                    "part": "4"
                },
                {
                    "name": "CarrierPropertyItems",
                    "expression-node": 63,
                    "node-pos": 109,
                    "template-line-number": 241,
                    "replacement-node": 62,
                    "part": "5"
                },
                {
                    "name": "CarrierPropertyItems",
                    "extras": {},
                    "template-line-number": 206,
                    "replacement-node": 47,
                    "part": "6",
                    "node-pos": 90
                },
                {
                    "name": "CarrierPropertyItems",
                    "expression-node": 66,
                    "node-pos": 113,
                    "template-line-number": 248,
                    "replacement-node": 65,
                    "part": "6"
                },
                {
                    "name": "CarrierPropertyItems",
                    "expression-node": 69,
                    "node-pos": 117,
                    "template-line-number": 255,
                    "replacement-node": 68,
                    "part": "7"
                }
            ]
        },
        "rule-1": [
            {
                "template-line-number": 23,
                "replacement-node": 0,
                "part": null,
                "node-pos": 10
            }
        ],
        "rule-14": [
            {
                "template-line-number": 270,
                "replacement-node": 74,
                "part": null,
                "node-pos": 127
            }
        ],
        "rule-4": [
            {
                "html": true,
                "template-line-number": 40,
                "replacement-node": 9,
                "part": null,
                "node-pos": 22
            }
        ]
    },
    "showifs": {}
}