{
    "substitutions": {
        "rule-3": [
            {
                "node-pos": 18,
                "template-line-number": 34,
                "replacement-node": 6,
                "part": null
            }
        ],
        "rule-14": [
            {
                "node-pos": 127,
                "template-line-number": 270,
                "replacement-node": 74,
                "part": null
            }
        ],
        "rule-15": [
            {
                "node-pos": 131,
                "template-line-number": 279,
                "replacement-node": 77,
                "part": null
            }
        ],
        "rule-7": [
            {
                "expression-node": 19,
                "node-pos": 36,
                "template-line-number": 68,
                "replacement-node": 18,
                "part": null
            }
        ],
        "rule-4": [
            {
                "node-pos": 22,
                "html": true,
                "template-line-number": 40,
                "replacement-node": 9,
                "part": null
            }
        ],
        "rule-12": [
            {
                "node-pos": 59,
                "html": true,
                "template-line-number": 104,
                "replacement-node": 33,
                "part": null
            }
        ],
        "rule-2": [
            {
                "expression-node": 4,
                "node-pos": 14,
                "template-line-number": 28,
                "replacement-node": 3,
                "part": null
            }
        ],
        "rule-6": [
            {
                "node-pos": 32,
                "template-line-number": 63,
                "replacement-node": 15,
                "part": null
            }
        ],
        "rule-10": [
            {
                "expression-node": 28,
                "node-pos": 48,
                "template-line-number": 83,
                "replacement-node": 27,
                "part": null
            }
        ],
        "rule-5": [
            {
                "node-pos": 27,
                "html": true,
                "template-line-number": 52,
                "replacement-node": 12,
                "part": null
            }
        ],
        "rule-9": [
            {
                "expression-node": 25,
                "node-pos": 44,
                "template-line-number": 78,
                "replacement-node": 24,
                "part": null
            }
        ],
        "rule-13": [
            {
                "expression-node": 72,
                "node-pos": 123,
                "template-line-number": 265,
                "replacement-node": 71,
                "part": null
            }
        ],
        "rule-11": [
            {
                "node-pos": 54,
                "template-line-number": 93,
                "replacement-node": 30,
                "part": null
            }
        ],
        "rule-16": {
            "name": "CarrierPropertyItems",
            "subs": [
                {
                    "node-pos": 84,
                    "replacement-node": 44,
                    "name": "CarrierPropertyItems",
                    "extras": {},
                    "template-line-number": 198,
                    "part": "1"
                },
                {
                    "node-pos": 92,
                    "replacement-node": 49,
                    "name": "CarrierPropertyItems",
                    "extras": {},
                    "template-line-number": 210,
                    "part": "2"
                },
                {
                    "expression-node": 53,
                    "replacement-node": 52,
                    "node-pos": 96,
                    "name": "CarrierPropertyItems",
                    "template-line-number": 219,
                    "part": "2"
                },
                {
                    "expression-node": 56,
                    "replacement-node": 55,
                    "node-pos": 100,
                    "name": "CarrierPropertyItems",
                    "template-line-number": 226,
                    "part": "3"
                },
                {
                    "expression-node": 59,
                    "replacement-node": 58,
                    "node-pos": 104,
                    "name": "CarrierPropertyItems",
                    "template-line-number": 233,
                    "part": "4"
                },
                {
                    "expression-node": 63,
                    "replacement-node": 62,
                    "node-pos": 109,
                    "name": "CarrierPropertyItems",
                    "template-line-number": 241,
                    "part": "5"
                },
                {
                    "node-pos": 90,
                    "replacement-node": 47,
                    "name": "CarrierPropertyItems",
                    "extras": {},
                    "template-line-number": 206,
                    "part": "6"
                },
                {
                    "expression-node": 66,
                    "replacement-node": 65,
                    "node-pos": 113,
                    "name": "CarrierPropertyItems",
                    "template-line-number": 248,
                    "part": "6"
                },
                {
                    "expression-node": 69,
                    "replacement-node": 68,
                    "node-pos": 117,
                    "name": "CarrierPropertyItems",
                    "template-line-number": 255,
                    "part": "7"
                }
            ]
        },
        "rule-1": [
            {
                "node-pos": 10,
                "template-line-number": 23,
                "replacement-node": 0,
                "part": null
            }
        ],
        "rule-8": [
            {
                "node-pos": 40,
                "template-line-number": 73,
                "replacement-node": 21,
                "part": null
            }
        ],
        "rule-17": {
            "name": "ColumnHeadings",
            "subs": [
                {
                    "node-pos": 74,
                    "replacement-node": 37,
                    "name": "ColumnHeadings",
                    "extras": {},
                    "template-line-number": 136,
                    "part": "1"
                },
                {
                    "node-pos": 78,
                    "replacement-node": 40,
                    "name": "ColumnHeadings",
                    "extras": {},
                    "template-line-number": 143,
                    "part": "2"
                }
            ]
        }
    },
    "showifs": {},
    "line-numbers": {}
}