{
    "substitutions": {
        "rule-5": [
            {
                "template-line-number": 52,
                "replacement-node": 12,
                "expression-node": 13,
                "node-pos": 29,
                "part": null
            }
        ],
        "rule-1": [
            {
                "template-line-number": 30,
                "replacement-node": 0,
                "expression-node": 1,
                "node-pos": 15,
                "part": null
            }
        ],
        "rule-3": [
            {
                "template-line-number": 42,
                "replacement-node": 6,
                "expression-node": 7,
                "node-pos": 22,
                "part": null
            }
        ],
        "rule-2": [
            {
                "replacement-node": 3,
                "template-line-number": 37,
                "node-pos": 19,
                "part": null
            }
        ],
        "rule-10": {
            "subs": [
                {
                    "name": "GenPlants",
                    "node-pos": 87,
                    "part": "1",
                    "replacement-node": 33,
                    "template-line-number": 196,
                    "extras": {}
                },
                {
                    "name": "GenPlants",
                    "expression-node": 37,
                    "node-pos": 91,
                    "part": "2",
                    "replacement-node": 36,
                    "template-line-number": 201
                },
                {
                    "name": "GenPlants",
                    "expression-node": 40,
                    "node-pos": 95,
                    "part": "3",
                    "replacement-node": 39,
                    "template-line-number": 206
                },
                {
                    "name": "GenPlants",
                    "expression-node": 43,
                    "node-pos": 99,
                    "part": "4",
                    "replacement-node": 42,
                    "template-line-number": 211
                },
                {
                    "name": "GenPlants",
                    "expression-node": 46,
                    "node-pos": 103,
                    "part": "5",
                    "replacement-node": 45,
                    "template-line-number": 217
                },
                {
                    "name": "GenPlants",
                    "expression-node": 49,
                    "node-pos": 107,
                    "part": "6",
                    "replacement-node": 48,
                    "template-line-number": 222
                },
                {
                    "name": "GenPlants",
                    "expression-node": 52,
                    "node-pos": 111,
                    "part": "7",
                    "replacement-node": 51,
                    "template-line-number": 227
                },
                {
                    "name": "GenPlants",
                    "expression-node": 55,
                    "node-pos": 115,
                    "part": "8",
                    "replacement-node": 54,
                    "template-line-number": 232
                },
                {
                    "name": "GenPlants",
                    "expression-node": 58,
                    "node-pos": 119,
                    "part": "8",
                    "replacement-node": 57,
                    "template-line-number": 237
                }
            ],
            "name": "GenPlants"
        },
        "rule-9": {
            "subs": [
                {
                    "name": "GenPlantsHead",
                    "node-pos": 74,
                    "part": "1",
                    "replacement-node": 24,
                    "template-line-number": 125,
                    "extras": {}
                },
                {
                    "name": "GenPlantsHead",
                    "node-pos": 78,
                    "part": "2",
                    "replacement-node": 27,
                    "template-line-number": 134,
                    "extras": {}
                },
                {
                    "name": "GenPlantsHead",
                    "node-pos": 72,
                    "part": "3",
                    "replacement-node": 22,
                    "template-line-number": 121,
                    "extras": {}
                }
            ],
            "name": "GenPlantsHead"
        },
        "rule-8": [
            {
                "replacement-node": 60,
                "template-line-number": 250,
                "node-pos": 125,
                "part": null
            }
        ],
        "rule-6": [
            {
                "replacement-node": 15,
                "template-line-number": 62,
                "node-pos": 35,
                "part": null
            }
        ],
        "rule-7": [
            {
                "html": true,
                "replacement-node": 18,
                "template-line-number": 73,
                "node-pos": 40,
                "part": null
            }
        ],
        "rule-4": [
            {
                "replacement-node": 9,
                "template-line-number": 47,
                "node-pos": 26,
                "part": null
            }
        ]
    },
    "showifs": {},
    "line-numbers": {
        "GenPlants": [
            {
                "template-line-number": 193,
                "line-number-node": 31,
                "start-number": 1
            }
        ]
    }
}