{
    "line-numbers": {
        "OtherRegulatoryAssets": [
            {
                "start-number": 1,
                "line-number-node": 47,
                "template-line-number": 227
            }
        ]
    },
    "showifs": {
        "rule-1": {
            "type": "showif",
            "template-line-number": 17
        }
    },
    "substitutions": {
        "rule-18": [
            {
                "replacement-node": 80,
                "template-line-number": 313,
                "node-pos": 140,
                "part": null,
                "expression-node": 81
            }
        ],
        "rule-24": {
            "name": "OtherRegulatoryAssets",
            "subs": [
                {
                    "name": "OtherRegulatoryAssets",
                    "part": "2",
                    "expression-node": 50,
                    "replacement-node": 49,
                    "node-pos": 90,
                    "template-line-number": 230
                },
                {
                    "name": "OtherRegulatoryAssets",
                    "part": "2",
                    "expression-node": 52,
                    "replacement-node": 51,
                    "node-pos": 93,
                    "template-line-number": 233
                },
                {
                    "name": "OtherRegulatoryAssets",
                    "part": "2",
                    "expression-node": 54,
                    "replacement-node": 53,
                    "node-pos": 96,
                    "template-line-number": 236
                },
                {
                    "name": "OtherRegulatoryAssets",
                    "part": "3",
                    "expression-node": 56,
                    "replacement-node": 55,
                    "node-pos": 99,
                    "template-line-number": 239
                },
                {
                    "name": "OtherRegulatoryAssets",
                    "part": "4",
                    "expression-node": 58,
                    "replacement-node": 57,
                    "node-pos": 102,
                    "template-line-number": 242
                },
                {
                    "name": "OtherRegulatoryAssets",
                    "part": "5",
                    "expression-node": 60,
                    "replacement-node": 59,
                    "node-pos": 105,
                    "template-line-number": 245
                },
                {
                    "name": "OtherRegulatoryAssets",
                    "part": "6",
                    "expression-node": 62,
                    "replacement-node": 61,
                    "node-pos": 108,
                    "template-line-number": 248
                },
                {
                    "name": "OtherRegulatoryAssets",
                    "part": "7",
                    "expression-node": 64,
                    "replacement-node": 63,
                    "node-pos": 111,
                    "template-line-number": 251
                },
                {
                    "name": "OtherRegulatoryAssets",
                    "part": "8",
                    "expression-node": 66,
                    "replacement-node": 65,
                    "node-pos": 114,
                    "template-line-number": 254
                }
            ]
        },
        "rule-15": [
            {
                "replacement-node": 71,
                "template-line-number": 283,
                "node-pos": 127,
                "part": null,
                "expression-node": 72
            }
        ],
        "rule-23": {
            "name": "OtherRegAssetsHeadings",
            "subs": [
                {
                    "name": "OtherRegAssetsHeadings",
                    "part": "1",
                    "extras": {},
                    "replacement-node": 40,
                    "node-pos": 77,
                    "template-line-number": 141
                },
                {
                    "name": "OtherRegAssetsHeadings",
                    "part": "2",
                    "extras": {},
                    "replacement-node": 43,
                    "node-pos": 81,
                    "template-line-number": 150
                },
                {
                    "name": "OtherRegAssetsHeadings",
                    "part": "3",
                    "extras": {},
                    "replacement-node": 38,
                    "node-pos": 75,
                    "template-line-number": 137
                }
            ]
        },
        "rule-5": [
            {
                "replacement-node": 10,
                "html": true,
                "node-pos": 22,
                "part": null,
                "template-line-number": 43
            }
        ],
        "rule-20": [
            {
                "replacement-node": 86,
                "template-line-number": 335,
                "node-pos": 150,
                "part": null,
                "expression-node": 87
            }
        ],
        "rule-2": [
            {
                "replacement-node": 1,
                "node-pos": 10,
                "part": null,
                "template-line-number": 27
            }
        ],
        "rule-17": [
            {
                "replacement-node": 77,
                "template-line-number": 304,
                "node-pos": 136,
                "part": null,
                "expression-node": 78
            }
        ],
        "rule-22": [
            {
                "replacement-node": 92,
                "node-pos": 158,
                "part": null,
                "template-line-number": 349
            }
        ],
        "rule-21": [
            {
                "replacement-node": 89,
                "node-pos": 154,
                "part": null,
                "template-line-number": 340
            }
        ],
        "rule-8": [
            {
                "replacement-node": 19,
                "template-line-number": 70,
                "node-pos": 36,
                "part": null,
                "expression-node": 20
            }
        ],
        "rule-14": [
            {
                "replacement-node": 68,
                "node-pos": 120,
                "part": null,
                "template-line-number": 265
            }
        ],
        "rule-12": [
            {
                "replacement-node": 31,
                "node-pos": 54,
                "part": null,
                "template-line-number": 94
            }
        ],
        "rule-13": [
            {
                "replacement-node": 34,
                "html": true,
                "node-pos": 59,
                "part": null,
                "template-line-number": 105
            }
        ],
        "rule-7": [
            {
                "replacement-node": 16,
                "node-pos": 32,
                "part": null,
                "template-line-number": 66
            }
        ],
        "rule-19": [
            {
                "replacement-node": 83,
                "template-line-number": 322,
                "node-pos": 144,
                "part": null,
                "expression-node": 84
            }
        ],
        "rule-6": [
            {
                "replacement-node": 13,
                "html": true,
                "node-pos": 27,
                "part": null,
                "template-line-number": 55
            }
        ],
        "rule-11": [
            {
                "replacement-node": 28,
                "template-line-number": 84,
                "node-pos": 48,
                "part": null,
                "expression-node": 29
            }
        ],
        "rule-10": [
            {
                "replacement-node": 25,
                "template-line-number": 79,
                "node-pos": 44,
                "part": null,
                "expression-node": 26
            }
        ],
        "rule-4": [
            {
                "replacement-node": 7,
                "node-pos": 18,
                "part": null,
                "template-line-number": 37
            }
        ],
        "rule-3": [
            {
                "replacement-node": 4,
                "template-line-number": 31,
                "node-pos": 14,
                "part": null,
                "expression-node": 5
            }
        ],
        "rule-16": [
            {
                "replacement-node": 74,
                "template-line-number": 292,
                "node-pos": 131,
                "part": null,
                "expression-node": 75
            }
        ],
        "rule-9": [
            {
                "replacement-node": 22,
                "node-pos": 40,
                "part": null,
                "template-line-number": 75
            }
        ]
    }
}