{
    "showifs": {},
    "substitutions": {
        "rule-23": {
            "name": "OtherRegAssetsHeadings",
            "subs": [
                {
                    "template-line-number": 135,
                    "name": "OtherRegAssetsHeadings",
                    "node-pos": 76,
                    "extras": {},
                    "replacement-node": 39,
                    "part": "1"
                },
                {
                    "template-line-number": 144,
                    "name": "OtherRegAssetsHeadings",
                    "node-pos": 80,
                    "extras": {},
                    "replacement-node": 42,
                    "part": "2"
                },
                {
                    "template-line-number": 131,
                    "name": "OtherRegAssetsHeadings",
                    "node-pos": 74,
                    "extras": {},
                    "replacement-node": 37,
                    "part": "3"
                }
            ]
        },
        "rule-15": [
            {
                "template-line-number": 286,
                "replacement-node": 73,
                "expression-node": 74,
                "part": null,
                "node-pos": 130
            }
        ],
        "rule-18": [
            {
                "template-line-number": 316,
                "replacement-node": 82,
                "expression-node": 83,
                "part": null,
                "node-pos": 143
            }
        ],
        "rule-6": [
            {
                "template-line-number": 60,
                "replacement-node": 15,
                "part": null,
                "node-pos": 31
            }
        ],
        "rule-8": [
            {
                "template-line-number": 69,
                "replacement-node": 21,
                "part": null,
                "node-pos": 39
            }
        ],
        "rule-14": [
            {
                "template-line-number": 277,
                "replacement-node": 70,
                "expression-node": 71,
                "part": null,
                "node-pos": 126
            }
        ],
        "rule-2": [
            {
                "template-line-number": 25,
                "replacement-node": 3,
                "expression-node": 4,
                "part": null,
                "node-pos": 13
            }
        ],
        "rule-9": [
            {
                "template-line-number": 73,
                "replacement-node": 24,
                "expression-node": 25,
                "part": null,
                "node-pos": 43
            }
        ],
        "rule-3": [
            {
                "template-line-number": 31,
                "replacement-node": 6,
                "part": null,
                "node-pos": 17
            }
        ],
        "rule-16": [
            {
                "template-line-number": 298,
                "replacement-node": 76,
                "expression-node": 77,
                "part": null,
                "node-pos": 135
            }
        ],
        "rule-20": [
            {
                "template-line-number": 334,
                "replacement-node": 88,
                "part": null,
                "node-pos": 153
            }
        ],
        "rule-13": [
            {
                "template-line-number": 259,
                "replacement-node": 67,
                "part": null,
                "node-pos": 119
            }
        ],
        "rule-4": [
            {
                "template-line-number": 37,
                "html": true,
                "replacement-node": 9,
                "part": null,
                "node-pos": 21
            }
        ],
        "rule-11": [
            {
                "template-line-number": 88,
                "replacement-node": 30,
                "part": null,
                "node-pos": 53
            }
        ],
        "rule-10": [
            {
                "template-line-number": 78,
                "replacement-node": 27,
                "expression-node": 28,
                "part": null,
                "node-pos": 47
            }
        ],
        "rule-21": [
            {
                "template-line-number": 343,
                "replacement-node": 91,
                "part": null,
                "node-pos": 157
            }
        ],
        "rule-1": [
            {
                "template-line-number": 21,
                "replacement-node": 0,
                "part": null,
                "node-pos": 9
            }
        ],
        "rule-17": [
            {
                "template-line-number": 307,
                "replacement-node": 79,
                "expression-node": 80,
                "part": null,
                "node-pos": 139
            }
        ],
        "rule-22": {
            "name": "OtherRegulatoryAssets",
            "subs": [
                {
                    "template-line-number": 224,
                    "name": "OtherRegulatoryAssets",
                    "expression-node": 49,
                    "node-pos": 89,
                    "replacement-node": 48,
                    "part": "2"
                },
                {
                    "template-line-number": 227,
                    "name": "OtherRegulatoryAssets",
                    "expression-node": 51,
                    "node-pos": 92,
                    "replacement-node": 50,
                    "part": "2"
                },
                {
                    "template-line-number": 230,
                    "name": "OtherRegulatoryAssets",
                    "expression-node": 53,
                    "node-pos": 95,
                    "replacement-node": 52,
                    "part": "2"
                },
                {
                    "template-line-number": 233,
                    "name": "OtherRegulatoryAssets",
                    "expression-node": 55,
                    "node-pos": 98,
                    "replacement-node": 54,
                    "part": "3"
                },
                {
                    "template-line-number": 236,
                    "name": "OtherRegulatoryAssets",
                    "expression-node": 57,
                    "node-pos": 101,
                    "replacement-node": 56,
                    "part": "4"
                },
                {
                    "template-line-number": 239,
                    "name": "OtherRegulatoryAssets",
                    "expression-node": 59,
                    "node-pos": 104,
                    "replacement-node": 58,
                    "part": "5"
                },
                {
                    "template-line-number": 242,
                    "name": "OtherRegulatoryAssets",
                    "expression-node": 61,
                    "node-pos": 107,
                    "replacement-node": 60,
                    "part": "6"
                },
                {
                    "template-line-number": 245,
                    "name": "OtherRegulatoryAssets",
                    "expression-node": 63,
                    "node-pos": 110,
                    "replacement-node": 62,
                    "part": "7"
                },
                {
                    "template-line-number": 248,
                    "name": "OtherRegulatoryAssets",
                    "expression-node": 65,
                    "node-pos": 113,
                    "replacement-node": 64,
                    "part": "8"
                }
            ]
        },
        "rule-7": [
            {
                "template-line-number": 64,
                "replacement-node": 18,
                "expression-node": 19,
                "part": null,
                "node-pos": 35
            }
        ],
        "rule-5": [
            {
                "template-line-number": 49,
                "html": true,
                "replacement-node": 12,
                "part": null,
                "node-pos": 26
            }
        ],
        "rule-19": [
            {
                "template-line-number": 329,
                "replacement-node": 85,
                "expression-node": 86,
                "part": null,
                "node-pos": 149
            }
        ],
        "rule-12": [
            {
                "template-line-number": 99,
                "html": true,
                "replacement-node": 33,
                "part": null,
                "node-pos": 58
            }
        ]
    },
    "line-numbers": {
        "OtherRegulatoryAssets": [
            {
                "template-line-number": 221,
                "start-number": 1,
                "line-number-node": 46
            }
        ]
    }
}