{
    "line-numbers": {
        "RegionalTransmissionServiceRevenues": [
            {
                "start-number": 1,
                "line-number-node": 44,
                "template-line-number": 195
            }
        ]
    },
    "showifs": {},
    "substitutions": {
        "rule-20": [
            {
                "node-pos": 134,
                "template-line-number": 301,
                "replacement-node": 82,
                "part": null
            }
        ],
        "rule-19": [
            {
                "node-pos": 130,
                "template-line-number": 291,
                "replacement-node": 79,
                "part": null
            }
        ],
        "rule-15": [
            {
                "node-pos": 112,
                "template-line-number": 252,
                "expression-node": 68,
                "replacement-node": 67,
                "part": null
            }
        ],
        "rule-10": [
            {
                "node-pos": 47,
                "template-line-number": 82,
                "expression-node": 28,
                "replacement-node": 27,
                "part": null
            }
        ],
        "rule-4": [
            {
                "node-pos": 21,
                "template-line-number": 39,
                "html": true,
                "replacement-node": 9,
                "part": null
            }
        ],
        "rule-11": [
            {
                "node-pos": 53,
                "template-line-number": 92,
                "replacement-node": 30,
                "part": null
            }
        ],
        "rule-2": [
            {
                "node-pos": 13,
                "template-line-number": 27,
                "expression-node": 4,
                "replacement-node": 3,
                "part": null
            }
        ],
        "rule-13": [
            {
                "node-pos": 103,
                "template-line-number": 230,
                "replacement-node": 61,
                "part": null
            }
        ],
        "rule-3": [
            {
                "node-pos": 17,
                "template-line-number": 33,
                "replacement-node": 6,
                "part": null
            }
        ],
        "rule-8": [
            {
                "node-pos": 39,
                "template-line-number": 72,
                "replacement-node": 21,
                "part": null
            }
        ],
        "rule-1": [
            {
                "node-pos": 9,
                "template-line-number": 22,
                "replacement-node": 0,
                "part": null
            }
        ],
        "rule-7": [
            {
                "node-pos": 35,
                "template-line-number": 67,
                "expression-node": 19,
                "replacement-node": 18,
                "part": null
            }
        ],
        "rule-6": [
            {
                "node-pos": 31,
                "template-line-number": 62,
                "replacement-node": 15,
                "part": null
            }
        ],
        "rule-16": [
            {
                "node-pos": 116,
                "template-line-number": 261,
                "expression-node": 71,
                "replacement-node": 70,
                "part": null
            }
        ],
        "rule-5": [
            {
                "node-pos": 26,
                "template-line-number": 51,
                "html": true,
                "replacement-node": 12,
                "part": null
            }
        ],
        "rule-14": [
            {
                "node-pos": 108,
                "template-line-number": 243,
                "expression-node": 65,
                "replacement-node": 64,
                "part": null
            }
        ],
        "rule-18": [
            {
                "node-pos": 126,
                "template-line-number": 284,
                "expression-node": 77,
                "replacement-node": 76,
                "part": null
            }
        ],
        "rule-21": {
            "name": "RegionalTransmissionServiceRevenues",
            "subs": [
                {
                    "node-pos": 81,
                    "template-line-number": 198,
                    "expression-node": 47,
                    "replacement-node": 46,
                    "name": "RegionalTransmissionServiceRevenues",
                    "part": "2"
                },
                {
                    "node-pos": 85,
                    "template-line-number": 203,
                    "expression-node": 50,
                    "replacement-node": 49,
                    "name": "RegionalTransmissionServiceRevenues",
                    "part": "3"
                },
                {
                    "node-pos": 89,
                    "template-line-number": 208,
                    "expression-node": 53,
                    "replacement-node": 52,
                    "name": "RegionalTransmissionServiceRevenues",
                    "part": "4"
                },
                {
                    "node-pos": 93,
                    "template-line-number": 213,
                    "expression-node": 56,
                    "replacement-node": 55,
                    "name": "RegionalTransmissionServiceRevenues",
                    "part": "5"
                },
                {
                    "node-pos": 97,
                    "template-line-number": 218,
                    "expression-node": 59,
                    "replacement-node": 58,
                    "name": "RegionalTransmissionServiceRevenues",
                    "part": "6"
                }
            ]
        },
        "rule-22": {
            "name": "ColumnHeadings",
            "subs": [
                {
                    "node-pos": 68,
                    "template-line-number": 129,
                    "replacement-node": 37,
                    "name": "ColumnHeadings",
                    "extras": {},
                    "part": "1"
                },
                {
                    "node-pos": 72,
                    "template-line-number": 136,
                    "replacement-node": 40,
                    "name": "ColumnHeadings",
                    "extras": {},
                    "part": "2"
                }
            ]
        },
        "rule-12": [
            {
                "node-pos": 58,
                "template-line-number": 103,
                "html": true,
                "replacement-node": 33,
                "part": null
            }
        ],
        "rule-17": [
            {
                "node-pos": 120,
                "template-line-number": 270,
                "expression-node": 74,
                "replacement-node": 73,
                "part": null
            }
        ],
        "rule-9": [
            {
                "node-pos": 43,
                "template-line-number": 77,
                "expression-node": 25,
                "replacement-node": 24,
                "part": null
            }
        ]
    }
}