{
    "substitutions": {
        "rule-15": [
            {
                "part": null,
                "expression-node": 86,
                "replacement-node": 85,
                "node-pos": 183,
                "template-line-number": 414
            }
        ],
        "rule-7": [
            {
                "part": null,
                "expression-node": 19,
                "replacement-node": 18,
                "node-pos": 35,
                "template-line-number": 67
            }
        ],
        "rule-22": [
            {
                "part": null,
                "node-pos": 215,
                "replacement-node": 106,
                "template-line-number": 483
            }
        ],
        "rule-39": [
            {
                "part": null,
                "expression-node": 194,
                "replacement-node": 193,
                "node-pos": 351,
                "template-line-number": 853
            }
        ],
        "rule-11": [
            {
                "part": null,
                "node-pos": 53,
                "replacement-node": 30,
                "template-line-number": 92
            }
        ],
        "rule-32": [
            {
                "part": null,
                "expression-node": 173,
                "replacement-node": 172,
                "node-pos": 323,
                "template-line-number": 790
            }
        ],
        "rule-23": [
            {
                "part": null,
                "expression-node": 146,
                "replacement-node": 145,
                "node-pos": 282,
                "template-line-number": 698
            }
        ],
        "rule-34": [
            {
                "part": null,
                "expression-node": 179,
                "replacement-node": 178,
                "node-pos": 331,
                "template-line-number": 808
            }
        ],
        "rule-35": [
            {
                "part": null,
                "expression-node": 182,
                "replacement-node": 181,
                "node-pos": 335,
                "template-line-number": 817
            }
        ],
        "rule-58": {
            "subs": [
                {
                    "part": "10",
                    "expression-node": 74,
                    "replacement-node": 73,
                    "template-line-number": 367,
                    "node-pos": 164,
                    "name": "ADITElectric"
                },
                {
                    "part": "11",
                    "expression-node": 77,
                    "replacement-node": 76,
                    "template-line-number": 376,
                    "node-pos": 168,
                    "name": "ADITElectric"
                },
                {
                    "part": "12",
                    "expression-node": 80,
                    "replacement-node": 79,
                    "template-line-number": 385,
                    "node-pos": 172,
                    "name": "ADITElectric"
                },
                {
                    "part": "2",
                    "expression-node": 50,
                    "replacement-node": 49,
                    "template-line-number": 295,
                    "node-pos": 132,
                    "name": "ADITElectric"
                },
                {
                    "part": "3",
                    "expression-node": 53,
                    "replacement-node": 52,
                    "template-line-number": 304,
                    "node-pos": 136,
                    "name": "ADITElectric"
                },
                {
                    "part": "4",
                    "expression-node": 56,
                    "replacement-node": 55,
                    "template-line-number": 313,
                    "node-pos": 140,
                    "name": "ADITElectric"
                },
                {
                    "part": "5",
                    "expression-node": 59,
                    "replacement-node": 58,
                    "template-line-number": 322,
                    "node-pos": 144,
                    "name": "ADITElectric"
                },
                {
                    "part": "6",
                    "expression-node": 62,
                    "replacement-node": 61,
                    "template-line-number": 331,
                    "node-pos": 148,
                    "name": "ADITElectric"
                },
                {
                    "part": "7",
                    "expression-node": 65,
                    "replacement-node": 64,
                    "template-line-number": 340,
                    "node-pos": 152,
                    "name": "ADITElectric"
                },
                {
                    "part": "8",
                    "expression-node": 68,
                    "replacement-node": 67,
                    "template-line-number": 349,
                    "node-pos": 156,
                    "name": "ADITElectric"
                },
                {
                    "part": "9",
                    "expression-node": 71,
                    "replacement-node": 70,
                    "template-line-number": 358,
                    "node-pos": 160,
                    "name": "ADITElectric"
                }
            ],
            "name": "ADITElectric"
        },
        "rule-47": [
            {
                "part": null,
                "expression-node": 218,
                "replacement-node": 217,
                "node-pos": 388,
                "template-line-number": 935
            }
        ],
        "rule-10": [
            {
                "part": null,
                "expression-node": 28,
                "replacement-node": 27,
                "node-pos": 47,
                "template-line-number": 82
            }
        ],
        "rule-55": {
            "subs": [
                {
                    "part": "10",
                    "expression-node": 137,
                    "replacement-node": 136,
                    "template-line-number": 663,
                    "node-pos": 267,
                    "name": "ADITGas"
                },
                {
                    "part": "11",
                    "expression-node": 140,
                    "replacement-node": 139,
                    "template-line-number": 672,
                    "node-pos": 271,
                    "name": "ADITGas"
                },
                {
                    "part": "12",
                    "expression-node": 143,
                    "replacement-node": 142,
                    "template-line-number": 681,
                    "node-pos": 275,
                    "name": "ADITGas"
                },
                {
                    "part": "2",
                    "expression-node": 113,
                    "replacement-node": 112,
                    "template-line-number": 591,
                    "node-pos": 235,
                    "name": "ADITGas"
                },
                {
                    "part": "3",
                    "expression-node": 116,
                    "replacement-node": 115,
                    "template-line-number": 600,
                    "node-pos": 239,
                    "name": "ADITGas"
                },
                {
                    "part": "4",
                    "expression-node": 119,
                    "replacement-node": 118,
                    "template-line-number": 609,
                    "node-pos": 243,
                    "name": "ADITGas"
                },
                {
                    "part": "5",
                    "expression-node": 122,
                    "replacement-node": 121,
                    "template-line-number": 618,
                    "node-pos": 247,
                    "name": "ADITGas"
                },
                {
                    "part": "6",
                    "expression-node": 125,
                    "replacement-node": 124,
                    "template-line-number": 627,
                    "node-pos": 251,
                    "name": "ADITGas"
                },
                {
                    "part": "7",
                    "expression-node": 128,
                    "replacement-node": 127,
                    "template-line-number": 636,
                    "node-pos": 255,
                    "name": "ADITGas"
                },
                {
                    "part": "8",
                    "expression-node": 131,
                    "replacement-node": 130,
                    "template-line-number": 645,
                    "node-pos": 259,
                    "name": "ADITGas"
                },
                {
                    "part": "9",
                    "expression-node": 134,
                    "replacement-node": 133,
                    "template-line-number": 654,
                    "node-pos": 263,
                    "name": "ADITGas"
                }
            ],
            "name": "ADITGas"
        },
        "rule-21": [
            {
                "part": null,
                "expression-node": 104,
                "replacement-node": 103,
                "node-pos": 209,
                "template-line-number": 470
            }
        ],
        "rule-42": [
            {
                "part": null,
                "expression-node": 203,
                "replacement-node": 202,
                "node-pos": 366,
                "template-line-number": 888
            }
        ],
        "rule-50": [
            {
                "part": null,
                "node-pos": 463,
                "replacement-node": 262,
                "template-line-number": 1114
            }
        ],
        "rule-24": [
            {
                "part": null,
                "expression-node": 149,
                "replacement-node": 148,
                "node-pos": 286,
                "template-line-number": 707
            }
        ],
        "rule-6": [
            {
                "part": null,
                "node-pos": 31,
                "replacement-node": 15,
                "template-line-number": 62
            }
        ],
        "rule-37": [
            {
                "part": null,
                "expression-node": 188,
                "replacement-node": 187,
                "node-pos": 343,
                "template-line-number": 835
            }
        ],
        "rule-14": [
            {
                "part": null,
                "expression-node": 83,
                "replacement-node": 82,
                "node-pos": 179,
                "template-line-number": 405
            }
        ],
        "rule-16": [
            {
                "part": null,
                "expression-node": 89,
                "replacement-node": 88,
                "node-pos": 187,
                "template-line-number": 423
            }
        ],
        "rule-25": [
            {
                "part": null,
                "expression-node": 152,
                "replacement-node": 151,
                "node-pos": 290,
                "template-line-number": 716
            }
        ],
        "rule-40": [
            {
                "part": null,
                "expression-node": 197,
                "replacement-node": 196,
                "node-pos": 355,
                "template-line-number": 862
            }
        ],
        "rule-28": [
            {
                "part": null,
                "expression-node": 161,
                "replacement-node": 160,
                "node-pos": 303,
                "template-line-number": 744
            }
        ],
        "rule-29": [
            {
                "part": null,
                "expression-node": 164,
                "replacement-node": 163,
                "node-pos": 308,
                "template-line-number": 754
            }
        ],
        "rule-17": [
            {
                "part": null,
                "expression-node": 92,
                "replacement-node": 91,
                "node-pos": 191,
                "template-line-number": 432
            }
        ],
        "rule-43": [
            {
                "part": null,
                "expression-node": 206,
                "replacement-node": 205,
                "node-pos": 370,
                "template-line-number": 897
            }
        ],
        "rule-13": [
            {
                "part": null,
                "node-pos": 112,
                "replacement-node": 43,
                "template-line-number": 187
            }
        ],
        "rule-30": [
            {
                "part": null,
                "expression-node": 167,
                "replacement-node": 166,
                "node-pos": 312,
                "template-line-number": 763
            }
        ],
        "rule-26": [
            {
                "part": null,
                "expression-node": 155,
                "replacement-node": 154,
                "node-pos": 294,
                "template-line-number": 725
            }
        ],
        "rule-3": [
            {
                "part": null,
                "node-pos": 17,
                "replacement-node": 6,
                "template-line-number": 33
            }
        ],
        "rule-49": [
            {
                "part": null,
                "node-pos": 398,
                "replacement-node": 223,
                "template-line-number": 958
            }
        ],
        "rule-9": [
            {
                "part": null,
                "expression-node": 25,
                "replacement-node": 24,
                "node-pos": 43,
                "template-line-number": 77
            }
        ],
        "rule-52": [
            {
                "part": null,
                "expression-node": 269,
                "replacement-node": 268,
                "node-pos": 474,
                "template-line-number": 1136
            }
        ],
        "rule-54": [
            {
                "part": null,
                "node-pos": 482,
                "replacement-node": 274,
                "template-line-number": 1152
            }
        ],
        "rule-41": [
            {
                "part": null,
                "expression-node": 200,
                "replacement-node": 199,
                "node-pos": 362,
                "template-line-number": 879
            }
        ],
        "rule-36": [
            {
                "part": null,
                "expression-node": 185,
                "replacement-node": 184,
                "node-pos": 339,
                "template-line-number": 826
            }
        ],
        "rule-45": [
            {
                "part": null,
                "expression-node": 212,
                "replacement-node": 211,
                "node-pos": 378,
                "template-line-number": 915
            }
        ],
        "rule-5": [
            {
                "part": null,
                "node-pos": 26,
                "replacement-node": 12,
                "html": true,
                "template-line-number": 51
            }
        ],
        "rule-51": [
            {
                "part": null,
                "expression-node": 266,
                "replacement-node": 265,
                "template-line-number": 1123,
                "node-pos": 468,
                "html": true
            }
        ],
        "rule-48": [
            {
                "part": null,
                "expression-node": 221,
                "replacement-node": 220,
                "node-pos": 392,
                "template-line-number": 944
            }
        ],
        "rule-1": [
            {
                "part": null,
                "node-pos": 9,
                "replacement-node": 0,
                "template-line-number": 22
            }
        ],
        "rule-18": [
            {
                "part": null,
                "expression-node": 95,
                "replacement-node": 94,
                "node-pos": 195,
                "template-line-number": 441
            }
        ],
        "rule-19": [
            {
                "part": null,
                "expression-node": 98,
                "replacement-node": 97,
                "node-pos": 200,
                "template-line-number": 451
            }
        ],
        "rule-38": [
            {
                "part": null,
                "expression-node": 191,
                "replacement-node": 190,
                "node-pos": 347,
                "template-line-number": 844
            }
        ],
        "rule-53": [
            {
                "part": null,
                "node-pos": 478,
                "replacement-node": 271,
                "template-line-number": 1142
            }
        ],
        "rule-31": [
            {
                "part": null,
                "expression-node": 170,
                "replacement-node": 169,
                "node-pos": 319,
                "template-line-number": 781
            }
        ],
        "rule-44": [
            {
                "part": null,
                "expression-node": 209,
                "replacement-node": 208,
                "node-pos": 374,
                "template-line-number": 906
            }
        ],
        "rule-33": [
            {
                "part": null,
                "expression-node": 176,
                "replacement-node": 175,
                "node-pos": 327,
                "template-line-number": 799
            }
        ],
        "rule-2": [
            {
                "part": null,
                "expression-node": 4,
                "replacement-node": 3,
                "node-pos": 13,
                "template-line-number": 27
            }
        ],
        "rule-4": [
            {
                "part": null,
                "node-pos": 21,
                "replacement-node": 9,
                "html": true,
                "template-line-number": 39
            }
        ],
        "rule-20": [
            {
                "part": null,
                "expression-node": 101,
                "replacement-node": 100,
                "node-pos": 205,
                "template-line-number": 461
            }
        ],
        "rule-12": [
            {
                "part": null,
                "node-pos": 58,
                "replacement-node": 33,
                "html": true,
                "template-line-number": 103
            }
        ],
        "rule-8": [
            {
                "part": null,
                "node-pos": 39,
                "replacement-node": 21,
                "template-line-number": 72
            }
        ],
        "rule-57": {
            "subs": [
                {
                    "part": "1",
                    "node-pos": 89,
                    "replacement-node": 37,
                    "template-line-number": 151,
                    "extras": {},
                    "name": "DeferredIncomeTaxesHeadings"
                },
                {
                    "part": "2",
                    "node-pos": 93,
                    "replacement-node": 40,
                    "template-line-number": 158,
                    "extras": {},
                    "name": "DeferredIncomeTaxesHeadings"
                }
            ],
            "name": "DeferredIncomeTaxesHeadings"
        },
        "rule-46": [
            {
                "part": null,
                "expression-node": 215,
                "replacement-node": 214,
                "node-pos": 383,
                "template-line-number": 925
            }
        ],
        "rule-27": [
            {
                "part": null,
                "expression-node": 158,
                "replacement-node": 157,
                "node-pos": 298,
                "template-line-number": 734
            }
        ],
        "rule-56": {
            "subs": [
                {
                    "part": "1",
                    "node-pos": 419,
                    "replacement-node": 230,
                    "template-line-number": 1031,
                    "extras": {},
                    "name": "TaxClassificationLineItems"
                },
                {
                    "part": "2",
                    "expression-node": 233,
                    "replacement-node": 232,
                    "template-line-number": 1038,
                    "node-pos": 422,
                    "name": "TaxClassificationLineItems"
                },
                {
                    "part": "3",
                    "expression-node": 236,
                    "replacement-node": 235,
                    "template-line-number": 1046,
                    "node-pos": 426,
                    "name": "TaxClassificationLineItems"
                },
                {
                    "part": "4",
                    "expression-node": 239,
                    "replacement-node": 238,
                    "template-line-number": 1054,
                    "node-pos": 430,
                    "name": "TaxClassificationLineItems"
                },
                {
                    "part": "5",
                    "expression-node": 242,
                    "replacement-node": 241,
                    "template-line-number": 1062,
                    "node-pos": 434,
                    "name": "TaxClassificationLineItems"
                },
                {
                    "part": "6",
                    "expression-node": 245,
                    "replacement-node": 244,
                    "template-line-number": 1070,
                    "node-pos": 438,
                    "name": "TaxClassificationLineItems"
                },
                {
                    "part": "6",
                    "expression-node": 251,
                    "replacement-node": 250,
                    "template-line-number": 1085,
                    "node-pos": 446,
                    "name": "TaxClassificationLineItems"
                },
                {
                    "part": "6",
                    "expression-node": 257,
                    "replacement-node": 256,
                    "template-line-number": 1099,
                    "node-pos": 454,
                    "name": "TaxClassificationLineItems"
                },
                {
                    "part": "6",
                    "expression-node": 260,
                    "replacement-node": 259,
                    "template-line-number": 1106,
                    "node-pos": 458,
                    "name": "TaxClassificationLineItems"
                },
                {
                    "part": "7",
                    "expression-node": 248,
                    "replacement-node": 247,
                    "template-line-number": 1078,
                    "node-pos": 442,
                    "name": "TaxClassificationLineItems"
                },
                {
                    "part": "7",
                    "expression-node": 254,
                    "replacement-node": 253,
                    "template-line-number": 1092,
                    "node-pos": 450,
                    "name": "TaxClassificationLineItems"
                }
            ],
            "name": "TaxClassificationLineItems"
        }
    },
    "showifs": {},
    "line-numbers": {
        "TaxClassificationLineItems": [
            {
                "template-line-number": 1023,
                "start-number": 21,
                "line-number-node": 227
            }
        ],
        "ADITGas": [
            {
                "template-line-number": 585,
                "start-number": 11,
                "line-number-node": 110
            }
        ],
        "ADITElectric": [
            {
                "template-line-number": 289,
                "start-number": 3,
                "line-number-node": 47
            }
        ]
    }
}