{
    "line-numbers": {
        "ADITGas": [
            {
                "template-line-number": 585,
                "start-number": 11,
                "line-number-node": 110
            }
        ],
        "ADITElectric": [
            {
                "template-line-number": 289,
                "start-number": 3,
                "line-number-node": 47
            }
        ],
        "TaxClassificationLineItems": [
            {
                "template-line-number": 1023,
                "start-number": 21,
                "line-number-node": 227
            }
        ]
    },
    "showifs": {},
    "substitutions": {
        "rule-5": [
            {
                "template-line-number": 51,
                "replacement-node": 12,
                "part": null,
                "html": true,
                "node-pos": 26
            }
        ],
        "rule-40": [
            {
                "template-line-number": 862,
                "replacement-node": 196,
                "node-pos": 355,
                "part": null,
                "expression-node": 197
            }
        ],
        "rule-11": [
            {
                "template-line-number": 92,
                "replacement-node": 30,
                "part": null,
                "node-pos": 53
            }
        ],
        "rule-23": [
            {
                "template-line-number": 698,
                "replacement-node": 145,
                "node-pos": 282,
                "part": null,
                "expression-node": 146
            }
        ],
        "rule-8": [
            {
                "template-line-number": 72,
                "replacement-node": 21,
                "part": null,
                "node-pos": 39
            }
        ],
        "rule-16": [
            {
                "template-line-number": 423,
                "replacement-node": 88,
                "node-pos": 187,
                "part": null,
                "expression-node": 89
            }
        ],
        "rule-28": [
            {
                "template-line-number": 744,
                "replacement-node": 160,
                "node-pos": 303,
                "part": null,
                "expression-node": 161
            }
        ],
        "rule-19": [
            {
                "template-line-number": 451,
                "replacement-node": 97,
                "node-pos": 200,
                "part": null,
                "expression-node": 98
            }
        ],
        "rule-41": [
            {
                "template-line-number": 879,
                "replacement-node": 199,
                "node-pos": 362,
                "part": null,
                "expression-node": 200
            }
        ],
        "rule-4": [
            {
                "template-line-number": 39,
                "replacement-node": 9,
                "part": null,
                "html": true,
                "node-pos": 21
            }
        ],
        "rule-22": [
            {
                "template-line-number": 483,
                "replacement-node": 106,
                "part": null,
                "node-pos": 215
            }
        ],
        "rule-52": [
            {
                "template-line-number": 1136,
                "replacement-node": 268,
                "node-pos": 474,
                "part": null,
                "expression-node": 269
            }
        ],
        "rule-3": [
            {
                "template-line-number": 33,
                "replacement-node": 6,
                "part": null,
                "node-pos": 17
            }
        ],
        "rule-38": [
            {
                "template-line-number": 844,
                "replacement-node": 190,
                "node-pos": 347,
                "part": null,
                "expression-node": 191
            }
        ],
        "rule-58": {
            "subs": [
                {
                    "template-line-number": 151,
                    "node-pos": 89,
                    "replacement-node": 37,
                    "name": "DeferredIncomeTaxesHeadings",
                    "part": "1",
                    "extras": {}
                },
                {
                    "template-line-number": 158,
                    "node-pos": 93,
                    "replacement-node": 40,
                    "name": "DeferredIncomeTaxesHeadings",
                    "part": "2",
                    "extras": {}
                }
            ],
            "name": "DeferredIncomeTaxesHeadings"
        },
        "rule-37": [
            {
                "template-line-number": 835,
                "replacement-node": 187,
                "node-pos": 343,
                "part": null,
                "expression-node": 188
            }
        ],
        "rule-39": [
            {
                "template-line-number": 853,
                "replacement-node": 193,
                "node-pos": 351,
                "part": null,
                "expression-node": 194
            }
        ],
        "rule-55": {
            "subs": [
                {
                    "template-line-number": 663,
                    "expression-node": 137,
                    "node-pos": 267,
                    "replacement-node": 136,
                    "part": "10",
                    "name": "ADITGas"
                },
                {
                    "template-line-number": 672,
                    "expression-node": 140,
                    "node-pos": 271,
                    "replacement-node": 139,
                    "part": "11",
                    "name": "ADITGas"
                },
                {
                    "template-line-number": 681,
                    "expression-node": 143,
                    "node-pos": 275,
                    "replacement-node": 142,
                    "part": "12",
                    "name": "ADITGas"
                },
                {
                    "template-line-number": 591,
                    "expression-node": 113,
                    "node-pos": 235,
                    "replacement-node": 112,
                    "part": "2",
                    "name": "ADITGas"
                },
                {
                    "template-line-number": 600,
                    "expression-node": 116,
                    "node-pos": 239,
                    "replacement-node": 115,
                    "part": "3",
                    "name": "ADITGas"
                },
                {
                    "template-line-number": 609,
                    "expression-node": 119,
                    "node-pos": 243,
                    "replacement-node": 118,
                    "part": "4",
                    "name": "ADITGas"
                },
                {
                    "template-line-number": 618,
                    "expression-node": 122,
                    "node-pos": 247,
                    "replacement-node": 121,
                    "part": "5",
                    "name": "ADITGas"
                },
                {
                    "template-line-number": 627,
                    "expression-node": 125,
                    "node-pos": 251,
                    "replacement-node": 124,
                    "part": "6",
                    "name": "ADITGas"
                },
                {
                    "template-line-number": 636,
                    "expression-node": 128,
                    "node-pos": 255,
                    "replacement-node": 127,
                    "part": "7",
                    "name": "ADITGas"
                },
                {
                    "template-line-number": 645,
                    "expression-node": 131,
                    "node-pos": 259,
                    "replacement-node": 130,
                    "part": "8",
                    "name": "ADITGas"
                },
                {
                    "template-line-number": 654,
                    "expression-node": 134,
                    "node-pos": 263,
                    "replacement-node": 133,
                    "part": "9",
                    "name": "ADITGas"
                }
            ],
            "name": "ADITGas"
        },
        "rule-57": {
            "subs": [
                {
                    "template-line-number": 1031,
                    "node-pos": 419,
                    "replacement-node": 230,
                    "name": "TaxClassificationLineItems",
                    "part": "1",
                    "extras": {}
                },
                {
                    "template-line-number": 1038,
                    "expression-node": 233,
                    "node-pos": 422,
                    "replacement-node": 232,
                    "part": "2",
                    "name": "TaxClassificationLineItems"
                },
                {
                    "template-line-number": 1046,
                    "expression-node": 236,
                    "node-pos": 426,
                    "replacement-node": 235,
                    "part": "3",
                    "name": "TaxClassificationLineItems"
                },
                {
                    "template-line-number": 1054,
                    "expression-node": 239,
                    "node-pos": 430,
                    "replacement-node": 238,
                    "part": "4",
                    "name": "TaxClassificationLineItems"
                },
                {
                    "template-line-number": 1062,
                    "expression-node": 242,
                    "node-pos": 434,
                    "replacement-node": 241,
                    "part": "5",
                    "name": "TaxClassificationLineItems"
                },
                {
                    "template-line-number": 1070,
                    "expression-node": 245,
                    "node-pos": 438,
                    "replacement-node": 244,
                    "part": "6",
                    "name": "TaxClassificationLineItems"
                },
                {
                    "template-line-number": 1085,
                    "expression-node": 251,
                    "node-pos": 446,
                    "replacement-node": 250,
                    "part": "6",
                    "name": "TaxClassificationLineItems"
                },
                {
                    "template-line-number": 1099,
                    "expression-node": 257,
                    "node-pos": 454,
                    "replacement-node": 256,
                    "part": "6",
                    "name": "TaxClassificationLineItems"
                },
                {
                    "template-line-number": 1106,
                    "expression-node": 260,
                    "node-pos": 458,
                    "replacement-node": 259,
                    "part": "6",
                    "name": "TaxClassificationLineItems"
                },
                {
                    "template-line-number": 1078,
                    "expression-node": 248,
                    "node-pos": 442,
                    "replacement-node": 247,
                    "part": "7",
                    "name": "TaxClassificationLineItems"
                },
                {
                    "template-line-number": 1092,
                    "expression-node": 254,
                    "node-pos": 450,
                    "replacement-node": 253,
                    "part": "7",
                    "name": "TaxClassificationLineItems"
                }
            ],
            "name": "TaxClassificationLineItems"
        },
        "rule-10": [
            {
                "template-line-number": 82,
                "replacement-node": 27,
                "node-pos": 47,
                "part": null,
                "expression-node": 28
            }
        ],
        "rule-45": [
            {
                "template-line-number": 915,
                "replacement-node": 211,
                "node-pos": 378,
                "part": null,
                "expression-node": 212
            }
        ],
        "rule-35": [
            {
                "template-line-number": 817,
                "replacement-node": 181,
                "node-pos": 335,
                "part": null,
                "expression-node": 182
            }
        ],
        "rule-13": [
            {
                "template-line-number": 187,
                "replacement-node": 43,
                "part": null,
                "node-pos": 112
            }
        ],
        "rule-21": [
            {
                "template-line-number": 470,
                "replacement-node": 103,
                "node-pos": 209,
                "part": null,
                "expression-node": 104
            }
        ],
        "rule-9": [
            {
                "template-line-number": 77,
                "replacement-node": 24,
                "node-pos": 43,
                "part": null,
                "expression-node": 25
            }
        ],
        "rule-34": [
            {
                "template-line-number": 808,
                "replacement-node": 178,
                "node-pos": 331,
                "part": null,
                "expression-node": 179
            }
        ],
        "rule-56": {
            "subs": [
                {
                    "template-line-number": 367,
                    "expression-node": 74,
                    "node-pos": 164,
                    "replacement-node": 73,
                    "part": "10",
                    "name": "ADITElectric"
                },
                {
                    "template-line-number": 376,
                    "expression-node": 77,
                    "node-pos": 168,
                    "replacement-node": 76,
                    "part": "11",
                    "name": "ADITElectric"
                },
                {
                    "template-line-number": 385,
                    "expression-node": 80,
                    "node-pos": 172,
                    "replacement-node": 79,
                    "part": "12",
                    "name": "ADITElectric"
                },
                {
                    "template-line-number": 295,
                    "expression-node": 50,
                    "node-pos": 132,
                    "replacement-node": 49,
                    "part": "2",
                    "name": "ADITElectric"
                },
                {
                    "template-line-number": 304,
                    "expression-node": 53,
                    "node-pos": 136,
                    "replacement-node": 52,
                    "part": "3",
                    "name": "ADITElectric"
                },
                {
                    "template-line-number": 313,
                    "expression-node": 56,
                    "node-pos": 140,
                    "replacement-node": 55,
                    "part": "4",
                    "name": "ADITElectric"
                },
                {
                    "template-line-number": 322,
                    "expression-node": 59,
                    "node-pos": 144,
                    "replacement-node": 58,
                    "part": "5",
                    "name": "ADITElectric"
                },
                {
                    "template-line-number": 331,
                    "expression-node": 62,
                    "node-pos": 148,
                    "replacement-node": 61,
                    "part": "6",
                    "name": "ADITElectric"
                },
                {
                    "template-line-number": 340,
                    "expression-node": 65,
                    "node-pos": 152,
                    "replacement-node": 64,
                    "part": "7",
                    "name": "ADITElectric"
                },
                {
                    "template-line-number": 349,
                    "expression-node": 68,
                    "node-pos": 156,
                    "replacement-node": 67,
                    "part": "8",
                    "name": "ADITElectric"
                },
                {
                    "template-line-number": 358,
                    "expression-node": 71,
                    "node-pos": 160,
                    "replacement-node": 70,
                    "part": "9",
                    "name": "ADITElectric"
                }
            ],
            "name": "ADITElectric"
        },
        "rule-6": [
            {
                "template-line-number": 62,
                "replacement-node": 15,
                "part": null,
                "node-pos": 31
            }
        ],
        "rule-53": [
            {
                "template-line-number": 1142,
                "replacement-node": 271,
                "part": null,
                "node-pos": 478
            }
        ],
        "rule-27": [
            {
                "template-line-number": 734,
                "replacement-node": 157,
                "node-pos": 298,
                "part": null,
                "expression-node": 158
            }
        ],
        "rule-26": [
            {
                "template-line-number": 725,
                "replacement-node": 154,
                "node-pos": 294,
                "part": null,
                "expression-node": 155
            }
        ],
        "rule-12": [
            {
                "template-line-number": 103,
                "replacement-node": 33,
                "part": null,
                "html": true,
                "node-pos": 58
            }
        ],
        "rule-20": [
            {
                "template-line-number": 461,
                "replacement-node": 100,
                "node-pos": 205,
                "part": null,
                "expression-node": 101
            }
        ],
        "rule-15": [
            {
                "template-line-number": 414,
                "replacement-node": 85,
                "node-pos": 183,
                "part": null,
                "expression-node": 86
            }
        ],
        "rule-47": [
            {
                "template-line-number": 935,
                "replacement-node": 217,
                "node-pos": 388,
                "part": null,
                "expression-node": 218
            }
        ],
        "rule-29": [
            {
                "template-line-number": 754,
                "replacement-node": 163,
                "node-pos": 308,
                "part": null,
                "expression-node": 164
            }
        ],
        "rule-2": [
            {
                "template-line-number": 27,
                "replacement-node": 3,
                "node-pos": 13,
                "part": null,
                "expression-node": 4
            }
        ],
        "rule-31": [
            {
                "template-line-number": 781,
                "replacement-node": 169,
                "node-pos": 319,
                "part": null,
                "expression-node": 170
            }
        ],
        "rule-7": [
            {
                "template-line-number": 67,
                "replacement-node": 18,
                "node-pos": 35,
                "part": null,
                "expression-node": 19
            }
        ],
        "rule-17": [
            {
                "template-line-number": 432,
                "replacement-node": 91,
                "node-pos": 191,
                "part": null,
                "expression-node": 92
            }
        ],
        "rule-18": [
            {
                "template-line-number": 441,
                "replacement-node": 94,
                "node-pos": 195,
                "part": null,
                "expression-node": 95
            }
        ],
        "rule-32": [
            {
                "template-line-number": 790,
                "replacement-node": 172,
                "node-pos": 323,
                "part": null,
                "expression-node": 173
            }
        ],
        "rule-36": [
            {
                "template-line-number": 826,
                "replacement-node": 184,
                "node-pos": 339,
                "part": null,
                "expression-node": 185
            }
        ],
        "rule-44": [
            {
                "template-line-number": 906,
                "replacement-node": 208,
                "node-pos": 374,
                "part": null,
                "expression-node": 209
            }
        ],
        "rule-14": [
            {
                "template-line-number": 405,
                "replacement-node": 82,
                "node-pos": 179,
                "part": null,
                "expression-node": 83
            }
        ],
        "rule-43": [
            {
                "template-line-number": 897,
                "replacement-node": 205,
                "node-pos": 370,
                "part": null,
                "expression-node": 206
            }
        ],
        "rule-33": [
            {
                "template-line-number": 799,
                "replacement-node": 175,
                "node-pos": 327,
                "part": null,
                "expression-node": 176
            }
        ],
        "rule-46": [
            {
                "template-line-number": 925,
                "replacement-node": 214,
                "node-pos": 383,
                "part": null,
                "expression-node": 215
            }
        ],
        "rule-42": [
            {
                "template-line-number": 888,
                "replacement-node": 202,
                "node-pos": 366,
                "part": null,
                "expression-node": 203
            }
        ],
        "rule-50": [
            {
                "template-line-number": 1114,
                "replacement-node": 262,
                "part": null,
                "node-pos": 463
            }
        ],
        "rule-51": [
            {
                "template-line-number": 1123,
                "expression-node": 266,
                "html": true,
                "node-pos": 468,
                "replacement-node": 265,
                "part": null
            }
        ],
        "rule-54": [
            {
                "template-line-number": 1152,
                "replacement-node": 274,
                "part": null,
                "node-pos": 482
            }
        ],
        "rule-30": [
            {
                "template-line-number": 763,
                "replacement-node": 166,
                "node-pos": 312,
                "part": null,
                "expression-node": 167
            }
        ],
        "rule-1": [
            {
                "template-line-number": 22,
                "replacement-node": 0,
                "part": null,
                "node-pos": 9
            }
        ],
        "rule-49": [
            {
                "template-line-number": 958,
                "replacement-node": 223,
                "part": null,
                "node-pos": 398
            }
        ],
        "rule-25": [
            {
                "template-line-number": 716,
                "replacement-node": 151,
                "node-pos": 290,
                "part": null,
                "expression-node": 152
            }
        ],
        "rule-24": [
            {
                "template-line-number": 707,
                "replacement-node": 148,
                "node-pos": 286,
                "part": null,
                "expression-node": 149
            }
        ],
        "rule-48": [
            {
                "template-line-number": 944,
                "replacement-node": 220,
                "node-pos": 392,
                "part": null,
                "expression-node": 221
            }
        ]
    }
}