{
    "substitutions": {
        "rule-14": [
            {
                "part": null,
                "replacement-node": 72,
                "expression-node": 73,
                "node-pos": 123,
                "template-line-number": 257
            }
        ],
        "rule-9": [
            {
                "part": null,
                "replacement-node": 24,
                "expression-node": 25,
                "node-pos": 43,
                "template-line-number": 73
            }
        ],
        "rule-19": [
            {
                "part": null,
                "replacement-node": 87,
                "expression-node": 88,
                "node-pos": 146,
                "template-line-number": 307
            }
        ],
        "rule-23": {
            "name": "OtherRegulatoryLiabilities",
            "subs": [
                {
                    "part": "2",
                    "expression-node": 49,
                    "node-pos": 88,
                    "replacement-node": 48,
                    "name": "OtherRegulatoryLiabilities",
                    "template-line-number": 205
                },
                {
                    "part": "3",
                    "expression-node": 52,
                    "node-pos": 92,
                    "replacement-node": 51,
                    "name": "OtherRegulatoryLiabilities",
                    "template-line-number": 210
                },
                {
                    "part": "4",
                    "expression-node": 55,
                    "node-pos": 96,
                    "replacement-node": 54,
                    "name": "OtherRegulatoryLiabilities",
                    "template-line-number": 215
                },
                {
                    "part": "5",
                    "expression-node": 58,
                    "node-pos": 100,
                    "replacement-node": 57,
                    "name": "OtherRegulatoryLiabilities",
                    "template-line-number": 220
                },
                {
                    "part": "6",
                    "expression-node": 61,
                    "node-pos": 104,
                    "replacement-node": 60,
                    "name": "OtherRegulatoryLiabilities",
                    "template-line-number": 225
                },
                {
                    "part": "7",
                    "expression-node": 64,
                    "node-pos": 108,
                    "replacement-node": 63,
                    "name": "OtherRegulatoryLiabilities",
                    "template-line-number": 230
                },
                {
                    "part": "8",
                    "expression-node": 67,
                    "node-pos": 112,
                    "replacement-node": 66,
                    "name": "OtherRegulatoryLiabilities",
                    "template-line-number": 235
                }
            ]
        },
        "rule-5": [
            {
                "part": null,
                "replacement-node": 12,
                "html": true,
                "node-pos": 26,
                "template-line-number": 49
            }
        ],
        "rule-1": [
            {
                "part": null,
                "replacement-node": 0,
                "node-pos": 9,
                "template-line-number": 21
            }
        ],
        "rule-15": [
            {
                "part": null,
                "replacement-node": 75,
                "expression-node": 76,
                "node-pos": 128,
                "template-line-number": 267
            }
        ],
        "rule-3": [
            {
                "part": null,
                "replacement-node": 6,
                "node-pos": 17,
                "template-line-number": 31
            }
        ],
        "rule-18": [
            {
                "part": null,
                "replacement-node": 84,
                "expression-node": 85,
                "node-pos": 140,
                "template-line-number": 294
            }
        ],
        "rule-11": [
            {
                "part": null,
                "replacement-node": 30,
                "node-pos": 53,
                "template-line-number": 88
            }
        ],
        "rule-4": [
            {
                "part": null,
                "replacement-node": 9,
                "html": true,
                "node-pos": 21,
                "template-line-number": 37
            }
        ],
        "rule-21": [
            {
                "part": null,
                "replacement-node": 93,
                "node-pos": 154,
                "template-line-number": 321
            }
        ],
        "rule-16": [
            {
                "part": null,
                "replacement-node": 78,
                "expression-node": 79,
                "node-pos": 132,
                "template-line-number": 276
            }
        ],
        "rule-8": [
            {
                "part": null,
                "replacement-node": 21,
                "node-pos": 39,
                "template-line-number": 69
            }
        ],
        "rule-17": [
            {
                "part": null,
                "replacement-node": 81,
                "expression-node": 82,
                "node-pos": 136,
                "template-line-number": 285
            }
        ],
        "rule-10": [
            {
                "part": null,
                "replacement-node": 27,
                "expression-node": 28,
                "node-pos": 47,
                "template-line-number": 78
            }
        ],
        "rule-12": [
            {
                "part": null,
                "replacement-node": 33,
                "html": true,
                "node-pos": 58,
                "template-line-number": 99
            }
        ],
        "rule-13": [
            {
                "part": null,
                "replacement-node": 69,
                "node-pos": 118,
                "template-line-number": 245
            }
        ],
        "rule-22": {
            "name": "ODCHead",
            "subs": [
                {
                    "part": "1",
                    "node-pos": 75,
                    "extras": {},
                    "replacement-node": 39,
                    "name": "ODCHead",
                    "template-line-number": 134
                },
                {
                    "part": "2",
                    "node-pos": 79,
                    "extras": {},
                    "replacement-node": 42,
                    "name": "ODCHead",
                    "template-line-number": 143
                },
                {
                    "part": "3",
                    "node-pos": 73,
                    "extras": {},
                    "replacement-node": 37,
                    "name": "ODCHead",
                    "template-line-number": 130
                }
            ]
        },
        "rule-2": [
            {
                "part": null,
                "replacement-node": 3,
                "expression-node": 4,
                "node-pos": 13,
                "template-line-number": 25
            }
        ],
        "rule-20": [
            {
                "part": null,
                "replacement-node": 90,
                "node-pos": 150,
                "template-line-number": 312
            }
        ],
        "rule-6": [
            {
                "part": null,
                "replacement-node": 15,
                "node-pos": 31,
                "template-line-number": 60
            }
        ],
        "rule-7": [
            {
                "part": null,
                "replacement-node": 18,
                "expression-node": 19,
                "node-pos": 35,
                "template-line-number": 64
            }
        ]
    },
    "line-numbers": {
        "OtherRegulatoryLiabilities": [
            {
                "line-number-node": 46,
                "start-number": 1,
                "template-line-number": 202
            }
        ]
    },
    "showifs": {}
}