{
    "line-numbers": {
        "UnsecuredNotesLineItems": [
            {
                "line-number-node": 211,
                "start-rule": "rule-73",
                "template-line-number": 887
            }
        ],
        "OtherFundsLineItems": [
            {
                "line-number-node": 336,
                "start-rule": "rule-75",
                "template-line-number": 1388
            }
        ],
        "InvestmentLineItems": [
            {
                "line-number-node": 47,
                "template-line-number": 259,
                "start-number": 1
            }
        ],
        "HistoricalDataLineItems": [
            {
                "line-number-node": 388,
                "template-line-number": 1587,
                "start-number": 1
            }
        ],
        "BondInvestmentsLineItems": [
            {
                "line-number-node": 101,
                "start-rule": "rule-71",
                "template-line-number": 465
            }
        ],
        "InvestAdvancesLineItems": [
            {
                "line-number-node": 266,
                "start-rule": "rule-74",
                "template-line-number": 1109
            }
        ],
        "OtherSecuredObligationsLineItems": [
            {
                "line-number-node": 156,
                "start-rule": "rule-72",
                "template-line-number": 673
            }
        ]
    },
    "showifs": {
        "rule-1": {
            "type": "showif",
            "template-line-number": 18
        }
    },
    "substitutions": {
        "rule-6": [
            {
                "part": null,
                "node-pos": 28,
                "template-line-number": 56,
                "replacement-node": 13,
                "html": true
            }
        ],
        "rule-50": [
            {
                "expression-node": 324,
                "part": null,
                "node-pos": 524,
                "template-line-number": 1288,
                "replacement-node": 323
            }
        ],
        "rule-60": [
            {
                "part": null,
                "node-pos": 668,
                "template-line-number": 1652,
                "replacement-node": 423
            }
        ],
        "rule-20": [
            {
                "expression-node": 98,
                "part": null,
                "node-pos": 186,
                "template-line-number": 382,
                "replacement-node": 97
            }
        ],
        "rule-65": {
            "name": "InvestAdvancesLineItems",
            "subs": [
                {
                    "expression-node": 294,
                    "template-line-number": 1171,
                    "name": "InvestAdvancesLineItems",
                    "node-pos": 476,
                    "replacement-node": 293,
                    "part": "10"
                },
                {
                    "expression-node": 297,
                    "template-line-number": 1176,
                    "name": "InvestAdvancesLineItems",
                    "node-pos": 480,
                    "replacement-node": 296,
                    "part": "11"
                },
                {
                    "expression-node": 270,
                    "template-line-number": 1131,
                    "name": "InvestAdvancesLineItems",
                    "node-pos": 444,
                    "replacement-node": 269,
                    "part": "2"
                },
                {
                    "expression-node": 273,
                    "template-line-number": 1136,
                    "name": "InvestAdvancesLineItems",
                    "node-pos": 448,
                    "replacement-node": 272,
                    "part": "3"
                },
                {
                    "expression-node": 276,
                    "template-line-number": 1141,
                    "name": "InvestAdvancesLineItems",
                    "node-pos": 452,
                    "replacement-node": 275,
                    "part": "4"
                },
                {
                    "expression-node": 279,
                    "template-line-number": 1146,
                    "name": "InvestAdvancesLineItems",
                    "node-pos": 456,
                    "replacement-node": 278,
                    "part": "5"
                },
                {
                    "expression-node": 282,
                    "template-line-number": 1151,
                    "name": "InvestAdvancesLineItems",
                    "node-pos": 460,
                    "replacement-node": 281,
                    "part": "6"
                },
                {
                    "expression-node": 285,
                    "template-line-number": 1156,
                    "name": "InvestAdvancesLineItems",
                    "node-pos": 464,
                    "replacement-node": 284,
                    "part": "7"
                },
                {
                    "expression-node": 288,
                    "template-line-number": 1161,
                    "name": "InvestAdvancesLineItems",
                    "node-pos": 468,
                    "replacement-node": 287,
                    "part": "8"
                },
                {
                    "expression-node": 291,
                    "template-line-number": 1166,
                    "name": "InvestAdvancesLineItems",
                    "node-pos": 472,
                    "replacement-node": 290,
                    "part": "9"
                }
            ]
        },
        "rule-19": [
            {
                "expression-node": 95,
                "part": null,
                "node-pos": 181,
                "template-line-number": 372,
                "replacement-node": 94
            }
        ],
        "rule-2": [
            {
                "part": null,
                "node-pos": 11,
                "template-line-number": 28,
                "replacement-node": 1
            }
        ],
        "rule-69": {
            "name": "BondInvestmentsLineItems",
            "subs": [
                {
                    "expression-node": 129,
                    "template-line-number": 516,
                    "name": "BondInvestmentsLineItems",
                    "node-pos": 230,
                    "replacement-node": 128,
                    "part": "10"
                },
                {
                    "expression-node": 132,
                    "template-line-number": 521,
                    "name": "BondInvestmentsLineItems",
                    "node-pos": 234,
                    "replacement-node": 131,
                    "part": "11"
                },
                {
                    "expression-node": 105,
                    "template-line-number": 476,
                    "name": "BondInvestmentsLineItems",
                    "node-pos": 198,
                    "replacement-node": 104,
                    "part": "2"
                },
                {
                    "expression-node": 108,
                    "template-line-number": 481,
                    "name": "BondInvestmentsLineItems",
                    "node-pos": 202,
                    "replacement-node": 107,
                    "part": "3"
                },
                {
                    "expression-node": 111,
                    "template-line-number": 486,
                    "name": "BondInvestmentsLineItems",
                    "node-pos": 206,
                    "replacement-node": 110,
                    "part": "4"
                },
                {
                    "expression-node": 114,
                    "template-line-number": 491,
                    "name": "BondInvestmentsLineItems",
                    "node-pos": 210,
                    "replacement-node": 113,
                    "part": "5"
                },
                {
                    "expression-node": 117,
                    "template-line-number": 496,
                    "name": "BondInvestmentsLineItems",
                    "node-pos": 214,
                    "replacement-node": 116,
                    "part": "6"
                },
                {
                    "expression-node": 120,
                    "template-line-number": 501,
                    "name": "BondInvestmentsLineItems",
                    "node-pos": 218,
                    "replacement-node": 119,
                    "part": "7"
                },
                {
                    "expression-node": 123,
                    "template-line-number": 506,
                    "name": "BondInvestmentsLineItems",
                    "node-pos": 222,
                    "replacement-node": 122,
                    "part": "8"
                },
                {
                    "expression-node": 126,
                    "template-line-number": 511,
                    "name": "BondInvestmentsLineItems",
                    "node-pos": 226,
                    "replacement-node": 125,
                    "part": "9"
                }
            ]
        },
        "rule-61": [
            {
                "part": null,
                "node-pos": 672,
                "template-line-number": 1661,
                "replacement-node": 426
            }
        ],
        "rule-23": [
            {
                "expression-node": 141,
                "part": null,
                "node-pos": 251,
                "template-line-number": 564,
                "replacement-node": 140
            }
        ],
        "rule-44": [
            {
                "expression-node": 306,
                "part": null,
                "node-pos": 497,
                "template-line-number": 1229,
                "replacement-node": 305
            }
        ],
        "rule-7": [
            {
                "part": null,
                "node-pos": 33,
                "template-line-number": 67,
                "replacement-node": 16
            }
        ],
        "rule-12": [
            {
                "part": null,
                "node-pos": 55,
                "template-line-number": 96,
                "replacement-node": 31
            }
        ],
        "rule-55": [
            {
                "expression-node": 373,
                "part": null,
                "node-pos": 595,
                "template-line-number": 1480,
                "replacement-node": 372
            }
        ],
        "rule-31": [
            {
                "expression-node": 199,
                "part": null,
                "node-pos": 337,
                "template-line-number": 788,
                "replacement-node": 198
            }
        ],
        "rule-35": [
            {
                "part": null,
                "node-pos": 403,
                "template-line-number": 960,
                "replacement-node": 244
            }
        ],
        "rule-39": [
            {
                "expression-node": 257,
                "part": null,
                "node-pos": 423,
                "template-line-number": 1019,
                "replacement-node": 256
            }
        ],
        "rule-34": [
            {
                "expression-node": 208,
                "part": null,
                "node-pos": 350,
                "template-line-number": 816,
                "replacement-node": 207
            }
        ],
        "rule-3": [
            {
                "expression-node": 5,
                "part": null,
                "node-pos": 15,
                "template-line-number": 32,
                "replacement-node": 4
            }
        ],
        "rule-58": [
            {
                "expression-node": 382,
                "part": null,
                "node-pos": 608,
                "template-line-number": 1508,
                "replacement-node": 381
            }
        ],
        "rule-52": [
            {
                "expression-node": 330,
                "part": null,
                "node-pos": 532,
                "template-line-number": 1306,
                "replacement-node": 329
            }
        ],
        "rule-70": {
            "name": "MiscItemsHeader",
            "subs": [
                {
                    "template-line-number": 1527,
                    "extras": {},
                    "node-pos": 614,
                    "replacement-node": 385,
                    "part": "1",
                    "name": "MiscItemsHeader"
                }
            ]
        },
        "rule-22": [
            {
                "part": null,
                "node-pos": 245,
                "template-line-number": 551,
                "replacement-node": 137
            }
        ],
        "rule-11": [
            {
                "expression-node": 29,
                "part": null,
                "node-pos": 49,
                "template-line-number": 85,
                "replacement-node": 28
            }
        ],
        "rule-29": [
            {
                "part": null,
                "node-pos": 327,
                "template-line-number": 766,
                "replacement-node": 192
            }
        ],
        "rule-10": [
            {
                "expression-node": 26,
                "part": null,
                "node-pos": 45,
                "template-line-number": 80,
                "replacement-node": 25
            }
        ],
        "rule-47": [
            {
                "expression-node": 315,
                "part": null,
                "node-pos": 509,
                "template-line-number": 1256,
                "replacement-node": 314
            }
        ],
        "rule-16": [
            {
                "expression-node": 86,
                "part": null,
                "node-pos": 169,
                "template-line-number": 345,
                "replacement-node": 85
            }
        ],
        "rule-67": {
            "name": "InvestmentLineItems",
            "subs": [
                {
                    "expression-node": 74,
                    "template-line-number": 302,
                    "name": "InvestmentLineItems",
                    "node-pos": 148,
                    "replacement-node": 73,
                    "part": "10"
                },
                {
                    "expression-node": 77,
                    "template-line-number": 307,
                    "name": "InvestmentLineItems",
                    "node-pos": 152,
                    "replacement-node": 76,
                    "part": "11"
                },
                {
                    "expression-node": 50,
                    "template-line-number": 262,
                    "name": "InvestmentLineItems",
                    "node-pos": 116,
                    "replacement-node": 49,
                    "part": "2"
                },
                {
                    "expression-node": 53,
                    "template-line-number": 267,
                    "name": "InvestmentLineItems",
                    "node-pos": 120,
                    "replacement-node": 52,
                    "part": "3"
                },
                {
                    "expression-node": 56,
                    "template-line-number": 272,
                    "name": "InvestmentLineItems",
                    "node-pos": 124,
                    "replacement-node": 55,
                    "part": "4"
                },
                {
                    "expression-node": 59,
                    "template-line-number": 277,
                    "name": "InvestmentLineItems",
                    "node-pos": 128,
                    "replacement-node": 58,
                    "part": "5"
                },
                {
                    "expression-node": 62,
                    "template-line-number": 282,
                    "name": "InvestmentLineItems",
                    "node-pos": 132,
                    "replacement-node": 61,
                    "part": "6"
                },
                {
                    "expression-node": 65,
                    "template-line-number": 287,
                    "name": "InvestmentLineItems",
                    "node-pos": 136,
                    "replacement-node": 64,
                    "part": "7"
                },
                {
                    "expression-node": 68,
                    "template-line-number": 292,
                    "name": "InvestmentLineItems",
                    "node-pos": 140,
                    "replacement-node": 67,
                    "part": "8"
                },
                {
                    "expression-node": 71,
                    "template-line-number": 297,
                    "name": "InvestmentLineItems",
                    "node-pos": 144,
                    "replacement-node": 70,
                    "part": "9"
                }
            ]
        },
        "rule-25": [
            {
                "expression-node": 147,
                "part": null,
                "node-pos": 259,
                "template-line-number": 582,
                "replacement-node": 146
            }
        ],
        "rule-49": [
            {
                "expression-node": 321,
                "part": null,
                "node-pos": 520,
                "template-line-number": 1279,
                "replacement-node": 320
            }
        ],
        "rule-43": [
            {
                "part": null,
                "node-pos": 491,
                "template-line-number": 1216,
                "replacement-node": 302
            }
        ],
        "rule-24": [
            {
                "expression-node": 144,
                "part": null,
                "node-pos": 255,
                "template-line-number": 573,
                "replacement-node": 143
            }
        ],
        "rule-27": [
            {
                "expression-node": 153,
                "part": null,
                "node-pos": 268,
                "template-line-number": 601,
                "replacement-node": 152
            }
        ],
        "rule-17": [
            {
                "expression-node": 89,
                "part": null,
                "node-pos": 173,
                "template-line-number": 354,
                "replacement-node": 88
            }
        ],
        "rule-21": [
            {
                "part": null,
                "node-pos": 239,
                "template-line-number": 530,
                "replacement-node": 134
            }
        ],
        "rule-41": [
            {
                "expression-node": 263,
                "part": null,
                "node-pos": 432,
                "template-line-number": 1038,
                "replacement-node": 262
            }
        ],
        "rule-33": [
            {
                "expression-node": 205,
                "part": null,
                "node-pos": 345,
                "template-line-number": 806,
                "replacement-node": 204
            }
        ],
        "rule-63": {
            "name": "OtherFundsLineItems",
            "subs": [
                {
                    "expression-node": 364,
                    "template-line-number": 1454,
                    "name": "OtherFundsLineItems",
                    "node-pos": 581,
                    "replacement-node": 363,
                    "part": "10"
                },
                {
                    "expression-node": 367,
                    "template-line-number": 1459,
                    "name": "OtherFundsLineItems",
                    "node-pos": 585,
                    "replacement-node": 366,
                    "part": "11"
                },
                {
                    "expression-node": 340,
                    "template-line-number": 1414,
                    "name": "OtherFundsLineItems",
                    "node-pos": 549,
                    "replacement-node": 339,
                    "part": "2"
                },
                {
                    "expression-node": 343,
                    "template-line-number": 1419,
                    "name": "OtherFundsLineItems",
                    "node-pos": 553,
                    "replacement-node": 342,
                    "part": "3"
                },
                {
                    "expression-node": 346,
                    "template-line-number": 1424,
                    "name": "OtherFundsLineItems",
                    "node-pos": 557,
                    "replacement-node": 345,
                    "part": "4"
                },
                {
                    "expression-node": 349,
                    "template-line-number": 1429,
                    "name": "OtherFundsLineItems",
                    "node-pos": 561,
                    "replacement-node": 348,
                    "part": "5"
                },
                {
                    "expression-node": 352,
                    "template-line-number": 1434,
                    "name": "OtherFundsLineItems",
                    "node-pos": 565,
                    "replacement-node": 351,
                    "part": "6"
                },
                {
                    "expression-node": 355,
                    "template-line-number": 1439,
                    "name": "OtherFundsLineItems",
                    "node-pos": 569,
                    "replacement-node": 354,
                    "part": "7"
                },
                {
                    "expression-node": 358,
                    "template-line-number": 1444,
                    "name": "OtherFundsLineItems",
                    "node-pos": 573,
                    "replacement-node": 357,
                    "part": "8"
                },
                {
                    "expression-node": 361,
                    "template-line-number": 1449,
                    "name": "OtherFundsLineItems",
                    "node-pos": 577,
                    "replacement-node": 360,
                    "part": "9"
                }
            ]
        },
        "rule-56": [
            {
                "expression-node": 376,
                "part": null,
                "node-pos": 599,
                "template-line-number": 1489,
                "replacement-node": 375
            }
        ],
        "rule-13": [
            {
                "part": null,
                "node-pos": 60,
                "template-line-number": 107,
                "replacement-node": 34,
                "html": true
            }
        ],
        "rule-66": {
            "name": "OtherSecuredObligationsLineItems",
            "subs": [
                {
                    "expression-node": 184,
                    "template-line-number": 728,
                    "name": "OtherSecuredObligationsLineItems",
                    "node-pos": 312,
                    "replacement-node": 183,
                    "part": "10"
                },
                {
                    "expression-node": 187,
                    "template-line-number": 733,
                    "name": "OtherSecuredObligationsLineItems",
                    "node-pos": 316,
                    "replacement-node": 186,
                    "part": "11"
                },
                {
                    "expression-node": 160,
                    "template-line-number": 688,
                    "name": "OtherSecuredObligationsLineItems",
                    "node-pos": 280,
                    "replacement-node": 159,
                    "part": "2"
                },
                {
                    "expression-node": 163,
                    "template-line-number": 693,
                    "name": "OtherSecuredObligationsLineItems",
                    "node-pos": 284,
                    "replacement-node": 162,
                    "part": "3"
                },
                {
                    "expression-node": 166,
                    "template-line-number": 698,
                    "name": "OtherSecuredObligationsLineItems",
                    "node-pos": 288,
                    "replacement-node": 165,
                    "part": "4"
                },
                {
                    "expression-node": 169,
                    "template-line-number": 703,
                    "name": "OtherSecuredObligationsLineItems",
                    "node-pos": 292,
                    "replacement-node": 168,
                    "part": "5"
                },
                {
                    "expression-node": 172,
                    "template-line-number": 708,
                    "name": "OtherSecuredObligationsLineItems",
                    "node-pos": 296,
                    "replacement-node": 171,
                    "part": "6"
                },
                {
                    "expression-node": 175,
                    "template-line-number": 713,
                    "name": "OtherSecuredObligationsLineItems",
                    "node-pos": 300,
                    "replacement-node": 174,
                    "part": "7"
                },
                {
                    "expression-node": 178,
                    "template-line-number": 718,
                    "name": "OtherSecuredObligationsLineItems",
                    "node-pos": 304,
                    "replacement-node": 177,
                    "part": "8"
                },
                {
                    "expression-node": 181,
                    "template-line-number": 723,
                    "name": "OtherSecuredObligationsLineItems",
                    "node-pos": 308,
                    "replacement-node": 180,
                    "part": "9"
                }
            ]
        },
        "rule-14": [
            {
                "part": null,
                "node-pos": 157,
                "template-line-number": 315,
                "replacement-node": 79
            }
        ],
        "rule-57": [
            {
                "expression-node": 379,
                "part": null,
                "node-pos": 603,
                "template-line-number": 1498,
                "replacement-node": 378
            }
        ],
        "rule-9": [
            {
                "part": null,
                "node-pos": 41,
                "template-line-number": 76,
                "replacement-node": 22
            }
        ],
        "rule-54": [
            {
                "expression-node": 370,
                "part": null,
                "node-pos": 591,
                "template-line-number": 1471,
                "replacement-node": 369
            }
        ],
        "rule-59": [
            {
                "expression-node": 421,
                "part": null,
                "node-pos": 664,
                "template-line-number": 1647,
                "replacement-node": 420
            }
        ],
        "rule-30": [
            {
                "expression-node": 196,
                "part": null,
                "node-pos": 333,
                "template-line-number": 779,
                "replacement-node": 195
            }
        ],
        "rule-8": [
            {
                "expression-node": 20,
                "part": null,
                "node-pos": 37,
                "template-line-number": 71,
                "replacement-node": 19
            }
        ],
        "rule-37": [
            {
                "expression-node": 251,
                "part": null,
                "node-pos": 415,
                "template-line-number": 1001,
                "replacement-node": 250
            }
        ],
        "rule-45": [
            {
                "expression-node": 309,
                "part": null,
                "node-pos": 501,
                "template-line-number": 1238,
                "replacement-node": 308
            }
        ],
        "rule-38": [
            {
                "expression-node": 254,
                "part": null,
                "node-pos": 419,
                "template-line-number": 1010,
                "replacement-node": 253
            }
        ],
        "rule-15": [
            {
                "part": null,
                "node-pos": 163,
                "template-line-number": 332,
                "replacement-node": 82
            }
        ],
        "rule-18": [
            {
                "expression-node": 92,
                "part": null,
                "node-pos": 177,
                "template-line-number": 363,
                "replacement-node": 91
            }
        ],
        "rule-64": {
            "name": "ListHeadings",
            "subs": [
                {
                    "template-line-number": 170,
                    "extras": {},
                    "node-pos": 101,
                    "replacement-node": 40,
                    "part": "1",
                    "name": "ListHeadings"
                },
                {
                    "template-line-number": 178,
                    "extras": {},
                    "node-pos": 105,
                    "replacement-node": 43,
                    "part": "2",
                    "name": "ListHeadings"
                },
                {
                    "template-line-number": 166,
                    "extras": {},
                    "node-pos": 99,
                    "replacement-node": 38,
                    "part": "3",
                    "name": "ListHeadings"
                }
            ]
        },
        "rule-36": [
            {
                "part": null,
                "node-pos": 409,
                "template-line-number": 988,
                "replacement-node": 247
            }
        ],
        "rule-42": [
            {
                "part": null,
                "node-pos": 485,
                "template-line-number": 1185,
                "replacement-node": 299
            }
        ],
        "rule-4": [
            {
                "part": null,
                "node-pos": 19,
                "template-line-number": 38,
                "replacement-node": 7
            }
        ],
        "rule-28": [
            {
                "part": null,
                "node-pos": 321,
                "template-line-number": 742,
                "replacement-node": 189
            }
        ],
        "rule-5": [
            {
                "part": null,
                "node-pos": 23,
                "template-line-number": 44,
                "replacement-node": 10,
                "html": true
            }
        ],
        "rule-62": {
            "name": "UnsecuredNotesLineItems",
            "subs": [
                {
                    "expression-node": 239,
                    "template-line-number": 946,
                    "name": "UnsecuredNotesLineItems",
                    "node-pos": 394,
                    "replacement-node": 238,
                    "part": "10"
                },
                {
                    "expression-node": 242,
                    "template-line-number": 951,
                    "name": "UnsecuredNotesLineItems",
                    "node-pos": 398,
                    "replacement-node": 241,
                    "part": "11"
                },
                {
                    "expression-node": 215,
                    "template-line-number": 906,
                    "name": "UnsecuredNotesLineItems",
                    "node-pos": 362,
                    "replacement-node": 214,
                    "part": "2"
                },
                {
                    "expression-node": 218,
                    "template-line-number": 911,
                    "name": "UnsecuredNotesLineItems",
                    "node-pos": 366,
                    "replacement-node": 217,
                    "part": "3"
                },
                {
                    "expression-node": 221,
                    "template-line-number": 916,
                    "name": "UnsecuredNotesLineItems",
                    "node-pos": 370,
                    "replacement-node": 220,
                    "part": "4"
                },
                {
                    "expression-node": 224,
                    "template-line-number": 921,
                    "name": "UnsecuredNotesLineItems",
                    "node-pos": 374,
                    "replacement-node": 223,
                    "part": "5"
                },
                {
                    "expression-node": 227,
                    "template-line-number": 926,
                    "name": "UnsecuredNotesLineItems",
                    "node-pos": 378,
                    "replacement-node": 226,
                    "part": "6"
                },
                {
                    "expression-node": 230,
                    "template-line-number": 931,
                    "name": "UnsecuredNotesLineItems",
                    "node-pos": 382,
                    "replacement-node": 229,
                    "part": "7"
                },
                {
                    "expression-node": 233,
                    "template-line-number": 936,
                    "name": "UnsecuredNotesLineItems",
                    "node-pos": 386,
                    "replacement-node": 232,
                    "part": "8"
                },
                {
                    "expression-node": 236,
                    "template-line-number": 941,
                    "name": "UnsecuredNotesLineItems",
                    "node-pos": 390,
                    "replacement-node": 235,
                    "part": "9"
                }
            ]
        },
        "rule-48": [
            {
                "expression-node": 318,
                "part": null,
                "node-pos": 514,
                "template-line-number": 1266,
                "replacement-node": 317
            }
        ],
        "rule-26": [
            {
                "expression-node": 150,
                "part": null,
                "node-pos": 263,
                "template-line-number": 591,
                "replacement-node": 149
            }
        ],
        "rule-53": [
            {
                "expression-node": 333,
                "part": null,
                "node-pos": 537,
                "template-line-number": 1316,
                "replacement-node": 332
            }
        ],
        "rule-68": {
            "name": "HistoricalDataLineItems",
            "subs": [
                {
                    "expression-node": 415,
                    "template-line-number": 1630,
                    "name": "HistoricalDataLineItems",
                    "node-pos": 654,
                    "replacement-node": 414,
                    "part": "10"
                },
                {
                    "expression-node": 418,
                    "template-line-number": 1635,
                    "name": "HistoricalDataLineItems",
                    "node-pos": 658,
                    "replacement-node": 417,
                    "part": "11"
                },
                {
                    "expression-node": 391,
                    "template-line-number": 1590,
                    "name": "HistoricalDataLineItems",
                    "node-pos": 622,
                    "replacement-node": 390,
                    "part": "2"
                },
                {
                    "expression-node": 394,
                    "template-line-number": 1595,
                    "name": "HistoricalDataLineItems",
                    "node-pos": 626,
                    "replacement-node": 393,
                    "part": "3"
                },
                {
                    "expression-node": 397,
                    "template-line-number": 1600,
                    "name": "HistoricalDataLineItems",
                    "node-pos": 630,
                    "replacement-node": 396,
                    "part": "4"
                },
                {
                    "expression-node": 400,
                    "template-line-number": 1605,
                    "name": "HistoricalDataLineItems",
                    "node-pos": 634,
                    "replacement-node": 399,
                    "part": "5"
                },
                {
                    "expression-node": 403,
                    "template-line-number": 1610,
                    "name": "HistoricalDataLineItems",
                    "node-pos": 638,
                    "replacement-node": 402,
                    "part": "6"
                },
                {
                    "expression-node": 406,
                    "template-line-number": 1615,
                    "name": "HistoricalDataLineItems",
                    "node-pos": 642,
                    "replacement-node": 405,
                    "part": "7"
                },
                {
                    "expression-node": 409,
                    "template-line-number": 1620,
                    "name": "HistoricalDataLineItems",
                    "node-pos": 646,
                    "replacement-node": 408,
                    "part": "8"
                },
                {
                    "expression-node": 412,
                    "template-line-number": 1625,
                    "name": "HistoricalDataLineItems",
                    "node-pos": 650,
                    "replacement-node": 411,
                    "part": "9"
                }
            ]
        },
        "rule-40": [
            {
                "expression-node": 260,
                "part": null,
                "node-pos": 427,
                "template-line-number": 1028,
                "replacement-node": 259
            }
        ],
        "rule-51": [
            {
                "expression-node": 327,
                "part": null,
                "node-pos": 528,
                "template-line-number": 1297,
                "replacement-node": 326
            }
        ],
        "rule-46": [
            {
                "expression-node": 312,
                "part": null,
                "node-pos": 505,
                "template-line-number": 1247,
                "replacement-node": 311
            }
        ],
        "rule-32": [
            {
                "expression-node": 202,
                "part": null,
                "node-pos": 341,
                "template-line-number": 797,
                "replacement-node": 201
            }
        ]
    }
}