{
    "line-numbers": {
        "NoncarrierProperty": [
            {
                "template-line-number": 199,
                "line-number-node": 46,
                "start-number": 1
            }
        ]
    },
    "showifs": {},
    "substitutions": {
        "rule-12": [
            {
                "template-line-number": 105,
                "node-pos": 59,
                "replacement-node": 33,
                "html": true,
                "part": null
            }
        ],
        "rule-14": [
            {
                "template-line-number": 243,
                "node-pos": 113,
                "expression-node": 64,
                "replacement-node": 63,
                "part": null
            }
        ],
        "rule-9": [
            {
                "template-line-number": 79,
                "node-pos": 44,
                "expression-node": 25,
                "replacement-node": 24,
                "part": null
            }
        ],
        "rule-10": [
            {
                "template-line-number": 84,
                "node-pos": 48,
                "expression-node": 28,
                "replacement-node": 27,
                "part": null
            }
        ],
        "rule-1": [
            {
                "template-line-number": 23,
                "node-pos": 10,
                "replacement-node": 0,
                "part": null
            }
        ],
        "rule-11": [
            {
                "template-line-number": 94,
                "node-pos": 54,
                "replacement-node": 30,
                "part": null
            }
        ],
        "rule-13": [
            {
                "template-line-number": 231,
                "node-pos": 108,
                "replacement-node": 60,
                "part": null
            }
        ],
        "rule-5": [
            {
                "template-line-number": 53,
                "node-pos": 27,
                "replacement-node": 12,
                "html": true,
                "part": null
            }
        ],
        "rule-15": [
            {
                "template-line-number": 258,
                "node-pos": 120,
                "expression-node": 67,
                "replacement-node": 66,
                "part": null
            }
        ],
        "rule-3": [
            {
                "template-line-number": 35,
                "node-pos": 18,
                "replacement-node": 6,
                "part": null
            }
        ],
        "rule-8": [
            {
                "template-line-number": 74,
                "node-pos": 40,
                "replacement-node": 21,
                "part": null
            }
        ],
        "rule-18": {
            "name": "ISHeadings",
            "subs": [
                {
                    "template-line-number": 140,
                    "extras": {},
                    "node-pos": 76,
                    "name": "ISHeadings",
                    "part": "1",
                    "replacement-node": 39
                },
                {
                    "template-line-number": 148,
                    "extras": {},
                    "node-pos": 80,
                    "name": "ISHeadings",
                    "part": "2",
                    "replacement-node": 42
                },
                {
                    "template-line-number": 136,
                    "extras": {},
                    "node-pos": 74,
                    "name": "ISHeadings",
                    "part": "3",
                    "replacement-node": 37
                }
            ]
        },
        "rule-6": [
            {
                "template-line-number": 64,
                "node-pos": 32,
                "replacement-node": 15,
                "part": null
            }
        ],
        "rule-4": [
            {
                "template-line-number": 41,
                "node-pos": 22,
                "replacement-node": 9,
                "html": true,
                "part": null
            }
        ],
        "rule-19": {
            "name": "NoncarrierProperty",
            "subs": [
                {
                    "template-line-number": 202,
                    "part": "2",
                    "node-pos": 89,
                    "name": "NoncarrierProperty",
                    "expression-node": 49,
                    "replacement-node": 48
                },
                {
                    "template-line-number": 207,
                    "part": "3",
                    "node-pos": 93,
                    "name": "NoncarrierProperty",
                    "expression-node": 52,
                    "replacement-node": 51
                },
                {
                    "template-line-number": 212,
                    "part": "4",
                    "node-pos": 97,
                    "name": "NoncarrierProperty",
                    "expression-node": 55,
                    "replacement-node": 54
                },
                {
                    "template-line-number": 217,
                    "part": "5",
                    "node-pos": 101,
                    "name": "NoncarrierProperty",
                    "expression-node": 58,
                    "replacement-node": 57
                }
            ]
        },
        "rule-17": [
            {
                "template-line-number": 272,
                "node-pos": 128,
                "replacement-node": 72,
                "part": null
            }
        ],
        "rule-7": [
            {
                "template-line-number": 69,
                "node-pos": 36,
                "expression-node": 19,
                "replacement-node": 18,
                "part": null
            }
        ],
        "rule-16": [
            {
                "template-line-number": 263,
                "node-pos": 124,
                "replacement-node": 69,
                "part": null
            }
        ],
        "rule-2": [
            {
                "template-line-number": 29,
                "node-pos": 14,
                "expression-node": 4,
                "replacement-node": 3,
                "part": null
            }
        ]
    }
}