{
    "line-numbers": {
        "OtherDeferredCharges": [
            {
                "start-number": 1,
                "line-number-node": 46,
                "template-line-number": 185
            }
        ]
    },
    "substitutions": {
        "rule-9": [
            {
                "expression-node": 25,
                "part": null,
                "node-pos": 44,
                "template-line-number": 78,
                "replacement-node": 24
            }
        ],
        "rule-3": [
            {
                "part": null,
                "node-pos": 18,
                "template-line-number": 34,
                "replacement-node": 6
            }
        ],
        "rule-1": [
            {
                "part": null,
                "node-pos": 10,
                "template-line-number": 22,
                "replacement-node": 0
            }
        ],
        "rule-17": [
            {
                "part": null,
                "node-pos": 114,
                "template-line-number": 252,
                "replacement-node": 66
            }
        ],
        "rule-8": [
            {
                "part": null,
                "node-pos": 40,
                "template-line-number": 73,
                "replacement-node": 21
            }
        ],
        "rule-5": [
            {
                "part": null,
                "node-pos": 27,
                "html": true,
                "template-line-number": 52,
                "replacement-node": 12
            }
        ],
        "rule-4": [
            {
                "part": null,
                "node-pos": 22,
                "html": true,
                "template-line-number": 40,
                "replacement-node": 9
            }
        ],
        "rule-16": [
            {
                "part": null,
                "node-pos": 110,
                "template-line-number": 243,
                "replacement-node": 63
            }
        ],
        "rule-11": [
            {
                "part": null,
                "node-pos": 54,
                "template-line-number": 93,
                "replacement-node": 30
            }
        ],
        "rule-12": [
            {
                "part": null,
                "node-pos": 59,
                "html": true,
                "template-line-number": 104,
                "replacement-node": 33
            }
        ],
        "rule-6": [
            {
                "part": null,
                "node-pos": 32,
                "template-line-number": 63,
                "replacement-node": 15
            }
        ],
        "rule-15": [
            {
                "expression-node": 61,
                "part": null,
                "node-pos": 106,
                "template-line-number": 238,
                "replacement-node": 60
            }
        ],
        "rule-18": {
            "subs": [
                {
                    "name": "ColumnHeadings",
                    "template-line-number": 134,
                    "replacement-node": 39,
                    "part": "1",
                    "node-pos": 72,
                    "extras": {}
                },
                {
                    "name": "ColumnHeadings",
                    "template-line-number": 142,
                    "replacement-node": 42,
                    "part": "2",
                    "node-pos": 76,
                    "extras": {}
                },
                {
                    "name": "ColumnHeadings",
                    "template-line-number": 130,
                    "replacement-node": 37,
                    "part": "3",
                    "node-pos": 70,
                    "extras": {}
                }
            ],
            "name": "ColumnHeadings"
        },
        "rule-7": [
            {
                "expression-node": 19,
                "part": null,
                "node-pos": 36,
                "template-line-number": 68,
                "replacement-node": 18
            }
        ],
        "rule-19": {
            "subs": [
                {
                    "name": "OtherDeferredCharges",
                    "template-line-number": 190,
                    "replacement-node": 48,
                    "expression-node": 49,
                    "part": "2",
                    "node-pos": 85
                },
                {
                    "name": "OtherDeferredCharges",
                    "template-line-number": 198,
                    "replacement-node": 51,
                    "expression-node": 52,
                    "part": "3",
                    "node-pos": 89
                }
            ],
            "name": "OtherDeferredCharges"
        },
        "rule-2": [
            {
                "expression-node": 4,
                "part": null,
                "node-pos": 14,
                "template-line-number": 28,
                "replacement-node": 3
            }
        ],
        "rule-13": [
            {
                "part": null,
                "node-pos": 95,
                "template-line-number": 212,
                "replacement-node": 54
            }
        ],
        "rule-14": [
            {
                "expression-node": 58,
                "part": null,
                "node-pos": 100,
                "template-line-number": 224,
                "replacement-node": 57
            }
        ],
        "rule-10": [
            {
                "expression-node": 28,
                "part": null,
                "node-pos": 48,
                "template-line-number": 83,
                "replacement-node": 27
            }
        ]
    },
    "showifs": {}
}