{
    "line-numbers": {
        "OtherDeferredCharges": [
            {
                "template-line-number": 191,
                "line-number-node": 47,
                "start-number": 1
            }
        ]
    },
    "substitutions": {
        "rule-3": [
            {
                "part": null,
                "replacement-node": 4,
                "node-pos": 15,
                "template-line-number": 34,
                "expression-node": 5
            }
        ],
        "rule-2": [
            {
                "part": null,
                "replacement-node": 1,
                "node-pos": 11,
                "template-line-number": 28
            }
        ],
        "rule-6": [
            {
                "part": null,
                "replacement-node": 13,
                "node-pos": 28,
                "template-line-number": 58,
                "html": true
            }
        ],
        "rule-19": {
            "subs": [
                {
                    "replacement-node": 40,
                    "template-line-number": 140,
                    "name": "ColumnHeadings",
                    "part": "1",
                    "node-pos": 73,
                    "extras": {}
                },
                {
                    "replacement-node": 43,
                    "template-line-number": 148,
                    "name": "ColumnHeadings",
                    "part": "2",
                    "node-pos": 77,
                    "extras": {}
                },
                {
                    "replacement-node": 38,
                    "template-line-number": 136,
                    "name": "ColumnHeadings",
                    "part": "3",
                    "node-pos": 71,
                    "extras": {}
                }
            ],
            "name": "ColumnHeadings"
        },
        "rule-10": [
            {
                "part": null,
                "replacement-node": 25,
                "node-pos": 45,
                "template-line-number": 84,
                "expression-node": 26
            }
        ],
        "rule-9": [
            {
                "part": null,
                "replacement-node": 22,
                "node-pos": 41,
                "template-line-number": 79
            }
        ],
        "rule-12": [
            {
                "part": null,
                "replacement-node": 31,
                "node-pos": 55,
                "template-line-number": 99
            }
        ],
        "rule-15": [
            {
                "part": null,
                "replacement-node": 58,
                "node-pos": 101,
                "template-line-number": 230,
                "expression-node": 59
            }
        ],
        "rule-18": [
            {
                "part": null,
                "replacement-node": 67,
                "node-pos": 115,
                "template-line-number": 258
            }
        ],
        "rule-7": [
            {
                "part": null,
                "replacement-node": 16,
                "node-pos": 33,
                "template-line-number": 69
            }
        ],
        "rule-20": {
            "subs": [
                {
                    "replacement-node": 49,
                    "expression-node": 50,
                    "template-line-number": 196,
                    "name": "OtherDeferredCharges",
                    "part": "2",
                    "node-pos": 86
                },
                {
                    "replacement-node": 52,
                    "expression-node": 53,
                    "template-line-number": 204,
                    "name": "OtherDeferredCharges",
                    "part": "3",
                    "node-pos": 90
                }
            ],
            "name": "OtherDeferredCharges"
        },
        "rule-13": [
            {
                "part": null,
                "replacement-node": 34,
                "node-pos": 60,
                "template-line-number": 110,
                "html": true
            }
        ],
        "rule-16": [
            {
                "part": null,
                "replacement-node": 61,
                "node-pos": 107,
                "template-line-number": 244,
                "expression-node": 62
            }
        ],
        "rule-17": [
            {
                "part": null,
                "replacement-node": 64,
                "node-pos": 111,
                "template-line-number": 249
            }
        ],
        "rule-5": [
            {
                "part": null,
                "replacement-node": 10,
                "node-pos": 23,
                "template-line-number": 46,
                "html": true
            }
        ],
        "rule-11": [
            {
                "part": null,
                "replacement-node": 28,
                "node-pos": 49,
                "template-line-number": 89,
                "expression-node": 29
            }
        ],
        "rule-4": [
            {
                "part": null,
                "replacement-node": 7,
                "node-pos": 19,
                "template-line-number": 40
            }
        ],
        "rule-14": [
            {
                "part": null,
                "replacement-node": 55,
                "node-pos": 96,
                "template-line-number": 218
            }
        ],
        "rule-8": [
            {
                "part": null,
                "replacement-node": 19,
                "node-pos": 37,
                "template-line-number": 74,
                "expression-node": 20
            }
        ]
    },
    "showifs": {
        "rule-1": {
            "template-line-number": 18,
            "type": "showif"
        }
    }
}