{
    "line-numbers": {
        "GasPropertyAndCapacityLeasedToOthers": [
            {
                "line-number-node": 47,
                "start-number": 1,
                "template-line-number": 199
            }
        ]
    },
    "showifs": {
        "rule-1": {
            "type": "showif",
            "template-line-number": 17
        }
    },
    "substitutions": {
        "rule-15": [
            {
                "part": null,
                "node-pos": 113,
                "replacement-node": 64,
                "template-line-number": 241,
                "expression-node": 65
            }
        ],
        "rule-7": [
            {
                "part": null,
                "node-pos": 32,
                "replacement-node": 16,
                "template-line-number": 66
            }
        ],
        "rule-14": [
            {
                "part": null,
                "node-pos": 106,
                "replacement-node": 61,
                "template-line-number": 227
            }
        ],
        "rule-6": [
            {
                "part": null,
                "node-pos": 27,
                "replacement-node": 13,
                "html": true,
                "template-line-number": 55
            }
        ],
        "rule-17": [
            {
                "part": null,
                "node-pos": 123,
                "replacement-node": 70,
                "template-line-number": 260
            }
        ],
        "rule-3": [
            {
                "part": null,
                "node-pos": 14,
                "replacement-node": 4,
                "template-line-number": 31,
                "expression-node": 5
            }
        ],
        "rule-13": [
            {
                "part": null,
                "node-pos": 59,
                "replacement-node": 34,
                "html": true,
                "template-line-number": 105
            }
        ],
        "rule-11": [
            {
                "part": null,
                "node-pos": 48,
                "replacement-node": 28,
                "template-line-number": 84,
                "expression-node": 29
            }
        ],
        "rule-9": [
            {
                "part": null,
                "node-pos": 40,
                "replacement-node": 22,
                "template-line-number": 75
            }
        ],
        "rule-16": [
            {
                "part": null,
                "node-pos": 119,
                "replacement-node": 67,
                "template-line-number": 255,
                "expression-node": 68
            }
        ],
        "rule-10": [
            {
                "part": null,
                "node-pos": 44,
                "replacement-node": 25,
                "template-line-number": 79,
                "expression-node": 26
            }
        ],
        "rule-12": [
            {
                "part": null,
                "node-pos": 54,
                "replacement-node": 31,
                "template-line-number": 94
            }
        ],
        "rule-5": [
            {
                "part": null,
                "node-pos": 22,
                "replacement-node": 10,
                "html": true,
                "template-line-number": 43
            }
        ],
        "rule-2": [
            {
                "part": null,
                "node-pos": 10,
                "replacement-node": 1,
                "template-line-number": 27
            }
        ],
        "rule-4": [
            {
                "part": null,
                "node-pos": 18,
                "replacement-node": 7,
                "template-line-number": 37
            }
        ],
        "rule-18": [
            {
                "part": null,
                "node-pos": 127,
                "replacement-node": 73,
                "template-line-number": 269
            }
        ],
        "rule-19": {
            "name": "GasPropertyAndCapacityLeasedToOthers",
            "subs": [
                {
                    "name": "GasPropertyAndCapacityLeasedToOthers",
                    "part": "2",
                    "expression-node": 50,
                    "node-pos": 88,
                    "replacement-node": 49,
                    "template-line-number": 202
                },
                {
                    "name": "GasPropertyAndCapacityLeasedToOthers",
                    "part": "3",
                    "extras": {},
                    "node-pos": 92,
                    "replacement-node": 52,
                    "template-line-number": 207
                },
                {
                    "name": "GasPropertyAndCapacityLeasedToOthers",
                    "part": "4",
                    "expression-node": 56,
                    "node-pos": 96,
                    "replacement-node": 55,
                    "template-line-number": 212
                },
                {
                    "name": "GasPropertyAndCapacityLeasedToOthers",
                    "part": "5",
                    "expression-node": 59,
                    "node-pos": 100,
                    "replacement-node": 58,
                    "template-line-number": 217
                }
            ]
        },
        "rule-20": {
            "name": "GasPlantInServiceHeadings",
            "subs": [
                {
                    "name": "GasPlantInServiceHeadings",
                    "part": "1",
                    "extras": {},
                    "node-pos": 75,
                    "replacement-node": 40,
                    "template-line-number": 140
                },
                {
                    "name": "GasPlantInServiceHeadings",
                    "part": "2",
                    "extras": {},
                    "node-pos": 79,
                    "replacement-node": 43,
                    "template-line-number": 149
                },
                {
                    "name": "GasPlantInServiceHeadings",
                    "part": "3",
                    "extras": {},
                    "node-pos": 73,
                    "replacement-node": 38,
                    "template-line-number": 136
                }
            ]
        },
        "rule-8": [
            {
                "part": null,
                "node-pos": 36,
                "replacement-node": 19,
                "template-line-number": 70,
                "expression-node": 20
            }
        ]
    }
}