{
    "substitutions": {
        "rule-22": {
            "subs": [
                {
                    "template-line-number": 143,
                    "part": "1",
                    "replacement-node": 40,
                    "name": "ColumnHeadings",
                    "extras": {},
                    "node-pos": 75
                },
                {
                    "template-line-number": 151,
                    "part": "2",
                    "replacement-node": 43,
                    "name": "ColumnHeadings",
                    "extras": {},
                    "node-pos": 79
                },
                {
                    "template-line-number": 139,
                    "part": "3",
                    "replacement-node": 38,
                    "name": "ColumnHeadings",
                    "extras": {},
                    "node-pos": 73
                }
            ],
            "name": "ColumnHeadings"
        },
        "rule-4": [
            {
                "template-line-number": 40,
                "replacement-node": 7,
                "part": null,
                "node-pos": 19
            }
        ],
        "rule-12": [
            {
                "template-line-number": 99,
                "replacement-node": 31,
                "part": null,
                "node-pos": 55
            }
        ],
        "rule-2": [
            {
                "template-line-number": 28,
                "replacement-node": 1,
                "part": null,
                "node-pos": 11
            }
        ],
        "rule-16": [
            {
                "node-pos": 115,
                "template-line-number": 255,
                "replacement-node": 67,
                "part": null,
                "expression-node": 68
            }
        ],
        "rule-5": [
            {
                "html": true,
                "template-line-number": 46,
                "replacement-node": 10,
                "part": null,
                "node-pos": 23
            }
        ],
        "rule-9": [
            {
                "template-line-number": 79,
                "replacement-node": 22,
                "part": null,
                "node-pos": 41
            }
        ],
        "rule-18": [
            {
                "node-pos": 125,
                "template-line-number": 280,
                "replacement-node": 73,
                "part": null,
                "expression-node": 74
            }
        ],
        "rule-3": [
            {
                "node-pos": 15,
                "template-line-number": 34,
                "replacement-node": 4,
                "part": null,
                "expression-node": 5
            }
        ],
        "rule-6": [
            {
                "html": true,
                "template-line-number": 58,
                "replacement-node": 13,
                "part": null,
                "node-pos": 28
            }
        ],
        "rule-19": [
            {
                "template-line-number": 285,
                "replacement-node": 76,
                "part": null,
                "node-pos": 129
            }
        ],
        "rule-13": [
            {
                "html": true,
                "template-line-number": 110,
                "replacement-node": 34,
                "part": null,
                "node-pos": 60
            }
        ],
        "rule-7": [
            {
                "template-line-number": 69,
                "replacement-node": 16,
                "part": null,
                "node-pos": 33
            }
        ],
        "rule-21": {
            "subs": [
                {
                    "template-line-number": 204,
                    "part": "2",
                    "replacement-node": 49,
                    "name": "NoncarrierPropertyIncome",
                    "node-pos": 88,
                    "expression-node": 50
                },
                {
                    "template-line-number": 209,
                    "part": "3",
                    "replacement-node": 52,
                    "name": "NoncarrierPropertyIncome",
                    "node-pos": 92,
                    "expression-node": 53
                },
                {
                    "template-line-number": 214,
                    "part": "4",
                    "replacement-node": 55,
                    "name": "NoncarrierPropertyIncome",
                    "node-pos": 96,
                    "expression-node": 56
                },
                {
                    "template-line-number": 219,
                    "part": "4",
                    "replacement-node": 58,
                    "name": "NoncarrierPropertyIncome",
                    "node-pos": 100,
                    "expression-node": 59
                }
            ],
            "name": "NoncarrierPropertyIncome"
        },
        "rule-11": [
            {
                "node-pos": 49,
                "template-line-number": 89,
                "replacement-node": 28,
                "part": null,
                "expression-node": 29
            }
        ],
        "rule-8": [
            {
                "node-pos": 37,
                "template-line-number": 74,
                "replacement-node": 19,
                "part": null,
                "expression-node": 20
            }
        ],
        "rule-10": [
            {
                "node-pos": 45,
                "template-line-number": 84,
                "replacement-node": 25,
                "part": null,
                "expression-node": 26
            }
        ],
        "rule-15": [
            {
                "node-pos": 111,
                "template-line-number": 245,
                "replacement-node": 64,
                "part": null,
                "expression-node": 65
            }
        ],
        "rule-14": [
            {
                "template-line-number": 233,
                "replacement-node": 61,
                "part": null,
                "node-pos": 106
            }
        ],
        "rule-17": [
            {
                "node-pos": 119,
                "template-line-number": 265,
                "replacement-node": 70,
                "part": null,
                "expression-node": 71
            }
        ],
        "rule-20": [
            {
                "template-line-number": 294,
                "replacement-node": 79,
                "part": null,
                "node-pos": 133
            }
        ]
    },
    "showifs": {
        "rule-1": {
            "template-line-number": 18,
            "type": "showif"
        }
    },
    "line-numbers": {
        "NoncarrierPropertyIncome": [
            {
                "start-number": 1,
                "template-line-number": 201,
                "line-number-node": 47
            }
        ]
    }
}