{
    "line-numbers": {},
    "substitutions": {
        "rule-4": [
            {
                "html": true,
                "part": null,
                "template-line-number": 37,
                "replacement-node": 9,
                "node-pos": 21
            }
        ],
        "rule-17": {
            "name": "GAHeadings",
            "subs": [
                {
                    "name": "GAHeadings",
                    "template-line-number": 133,
                    "node-pos": 77,
                    "part": "1",
                    "replacement-node": 37,
                    "extras": {}
                },
                {
                    "name": "GAHeadings",
                    "template-line-number": 140,
                    "node-pos": 81,
                    "part": "2",
                    "replacement-node": 40,
                    "extras": {}
                }
            ]
        },
        "rule-3": [
            {
                "part": null,
                "template-line-number": 31,
                "replacement-node": 6,
                "node-pos": 17
            }
        ],
        "rule-11": [
            {
                "part": null,
                "template-line-number": 88,
                "replacement-node": 30,
                "node-pos": 53
            }
        ],
        "rule-15": [
            {
                "part": null,
                "template-line-number": 339,
                "replacement-node": 76,
                "node-pos": 130
            }
        ],
        "rule-16": {
            "name": "GALineItems",
            "subs": [
                {
                    "name": "GALineItems",
                    "template-line-number": 271,
                    "node-pos": 87,
                    "part": "1",
                    "replacement-node": 44,
                    "extras": {}
                },
                {
                    "name": "GALineItems",
                    "template-line-number": 285,
                    "node-pos": 95,
                    "part": "2",
                    "expression-node": 50,
                    "replacement-node": 49
                },
                {
                    "name": "GALineItems",
                    "template-line-number": 295,
                    "node-pos": 101,
                    "part": "3",
                    "replacement-node": 54,
                    "extras": {}
                },
                {
                    "name": "GALineItems",
                    "template-line-number": 303,
                    "node-pos": 106,
                    "part": "4",
                    "expression-node": 59,
                    "replacement-node": 58
                },
                {
                    "name": "GALineItems",
                    "template-line-number": 313,
                    "node-pos": 114,
                    "part": "5",
                    "expression-node": 66,
                    "replacement-node": 65
                },
                {
                    "name": "GALineItems",
                    "template-line-number": 281,
                    "node-pos": 93,
                    "part": "6",
                    "replacement-node": 47,
                    "extras": {}
                }
            ]
        },
        "rule-10": [
            {
                "template-line-number": 78,
                "part": null,
                "expression-node": 28,
                "replacement-node": 27,
                "node-pos": 47
            }
        ],
        "rule-12": [
            {
                "html": true,
                "part": null,
                "template-line-number": 99,
                "replacement-node": 33,
                "node-pos": 58
            }
        ],
        "rule-14": [
            {
                "part": null,
                "template-line-number": 330,
                "replacement-node": 73,
                "node-pos": 126
            }
        ],
        "rule-9": [
            {
                "template-line-number": 73,
                "part": null,
                "expression-node": 25,
                "replacement-node": 24,
                "node-pos": 43
            }
        ],
        "rule-1": [
            {
                "part": null,
                "template-line-number": 21,
                "replacement-node": 0,
                "node-pos": 9
            }
        ],
        "rule-2": [
            {
                "template-line-number": 25,
                "part": null,
                "expression-node": 4,
                "replacement-node": 3,
                "node-pos": 13
            }
        ],
        "rule-7": [
            {
                "template-line-number": 64,
                "part": null,
                "expression-node": 19,
                "replacement-node": 18,
                "node-pos": 35
            }
        ],
        "rule-8": [
            {
                "part": null,
                "template-line-number": 69,
                "replacement-node": 21,
                "node-pos": 39
            }
        ],
        "rule-5": [
            {
                "html": true,
                "part": null,
                "template-line-number": 49,
                "replacement-node": 12,
                "node-pos": 26
            }
        ],
        "rule-6": [
            {
                "part": null,
                "template-line-number": 60,
                "replacement-node": 15,
                "node-pos": 31
            }
        ],
        "rule-13": [
            {
                "template-line-number": 325,
                "part": null,
                "expression-node": 71,
                "replacement-node": 70,
                "node-pos": 122
            }
        ]
    },
    "showifs": {}
}