{
    "showifs": {
        "rule-1": {
            "template-line-number": 17,
            "type": "showif"
        }
    },
    "line-numbers": {},
    "substitutions": {
        "rule-9": [
            {
                "node-pos": 41,
                "template-line-number": 75,
                "replacement-node": 22,
                "part": null
            }
        ],
        "rule-2": [
            {
                "node-pos": 11,
                "template-line-number": 27,
                "replacement-node": 1,
                "part": null
            }
        ],
        "rule-5": [
            {
                "node-pos": 23,
                "template-line-number": 43,
                "replacement-node": 10,
                "html": true,
                "part": null
            }
        ],
        "rule-7": [
            {
                "node-pos": 33,
                "template-line-number": 66,
                "replacement-node": 16,
                "part": null
            }
        ],
        "rule-11": [
            {
                "node-pos": 49,
                "template-line-number": 84,
                "replacement-node": 28,
                "expression-node": 29,
                "part": null
            }
        ],
        "rule-3": [
            {
                "node-pos": 15,
                "template-line-number": 31,
                "replacement-node": 4,
                "expression-node": 5,
                "part": null
            }
        ],
        "rule-14": [
            {
                "node-pos": 72,
                "expression-node": 38,
                "html": true,
                "template-line-number": 123,
                "replacement-node": 37,
                "part": null
            }
        ],
        "rule-17": [
            {
                "node-pos": 86,
                "template-line-number": 150,
                "replacement-node": 46,
                "part": null
            }
        ],
        "rule-8": [
            {
                "node-pos": 37,
                "template-line-number": 70,
                "replacement-node": 19,
                "expression-node": 20,
                "part": null
            }
        ],
        "rule-4": [
            {
                "node-pos": 19,
                "template-line-number": 37,
                "replacement-node": 7,
                "part": null
            }
        ],
        "rule-6": [
            {
                "node-pos": 28,
                "template-line-number": 55,
                "replacement-node": 13,
                "html": true,
                "part": null
            }
        ],
        "rule-15": [
            {
                "node-pos": 78,
                "template-line-number": 136,
                "replacement-node": 40,
                "expression-node": 41,
                "part": null
            }
        ],
        "rule-12": [
            {
                "node-pos": 55,
                "template-line-number": 94,
                "replacement-node": 31,
                "part": null
            }
        ],
        "rule-13": [
            {
                "node-pos": 60,
                "template-line-number": 105,
                "replacement-node": 34,
                "html": true,
                "part": null
            }
        ],
        "rule-10": [
            {
                "node-pos": 45,
                "template-line-number": 79,
                "replacement-node": 25,
                "expression-node": 26,
                "part": null
            }
        ],
        "rule-16": [
            {
                "node-pos": 82,
                "template-line-number": 141,
                "replacement-node": 43,
                "part": null
            }
        ]
    }
}