{
    "line-numbers": {
        "HydroelectricPlant": [
            {
                "start-number": 1,
                "template-line-number": 225,
                "line-number-node": 44
            }
        ]
    },
    "substitutions": {
        "rule-17": {
            "subs": [
                {
                    "node-pos": 93,
                    "part": "1",
                    "template-line-number": 231,
                    "extras": {},
                    "replacement-node": 45,
                    "name": "HydroelectricPlant"
                },
                {
                    "node-pos": 95,
                    "part": "2",
                    "template-line-number": 235,
                    "extras": {},
                    "replacement-node": 47,
                    "name": "HydroelectricPlant"
                },
                {
                    "subs": [
                        {
                            "node-pos": 101,
                            "expression-node": 53,
                            "template-line-number": 247,
                            "replacement-node": 52,
                            "part": "3",
                            "name": "plant"
                        }
                    ],
                    "name": "plant"
                }
            ],
            "name": "HydroelectricPlant"
        },
        "rule-7": [
            {
                "replacement-node": 18,
                "node-pos": 35,
                "template-line-number": 82,
                "expression-node": 19,
                "part": null
            }
        ],
        "rule-2": [
            {
                "replacement-node": 3,
                "node-pos": 13,
                "template-line-number": 26,
                "expression-node": 4,
                "part": null
            }
        ],
        "rule-16": {
            "subs": [
                {
                    "node-pos": 78,
                    "expression-node": 38,
                    "template-line-number": 176,
                    "replacement-node": 37,
                    "part": "1",
                    "name": "HGPSHeadings"
                },
                {
                    "node-pos": 83,
                    "expression-node": 41,
                    "template-line-number": 185,
                    "replacement-node": 40,
                    "part": "2",
                    "name": "HGPSHeadings"
                }
            ],
            "name": "HGPSHeadings"
        },
        "rule-14": [
            {
                "replacement-node": 59,
                "node-pos": 112,
                "template-line-number": 269,
                "part": null
            }
        ],
        "rule-12": [
            {
                "replacement-node": 33,
                "node-pos": 58,
                "html": true,
                "template-line-number": 124,
                "part": null
            }
        ],
        "rule-1": [
            {
                "replacement-node": 0,
                "node-pos": 9,
                "template-line-number": 19,
                "part": null
            }
        ],
        "rule-6": [
            {
                "replacement-node": 15,
                "node-pos": 31,
                "template-line-number": 75,
                "part": null
            }
        ],
        "rule-3": [
            {
                "replacement-node": 6,
                "node-pos": 17,
                "template-line-number": 33,
                "part": null
            }
        ],
        "rule-5": [
            {
                "replacement-node": 12,
                "node-pos": 26,
                "html": true,
                "template-line-number": 57,
                "part": null
            }
        ],
        "rule-13": [
            {
                "replacement-node": 56,
                "node-pos": 108,
                "template-line-number": 262,
                "expression-node": 57,
                "part": null
            }
        ],
        "rule-4": [
            {
                "replacement-node": 9,
                "node-pos": 21,
                "html": true,
                "template-line-number": 41,
                "part": null
            }
        ],
        "rule-8": [
            {
                "replacement-node": 21,
                "node-pos": 39,
                "template-line-number": 89,
                "part": null
            }
        ],
        "rule-11": [
            {
                "replacement-node": 30,
                "node-pos": 53,
                "template-line-number": 113,
                "part": null
            }
        ],
        "rule-9": [
            {
                "replacement-node": 24,
                "node-pos": 43,
                "template-line-number": 96,
                "expression-node": 25,
                "part": null
            }
        ],
        "rule-10": [
            {
                "replacement-node": 27,
                "node-pos": 47,
                "template-line-number": 102,
                "expression-node": 28,
                "part": null
            }
        ],
        "rule-15": [
            {
                "replacement-node": 62,
                "node-pos": 116,
                "template-line-number": 279,
                "part": null
            }
        ]
    },
    "showifs": {}
}