{
    "showifs": {},
    "line-numbers": {},
    "substitutions": {
        "rule-3": [
            {
                "template-line-number": 52,
                "part": null,
                "node-pos": 25,
                "replacement-node": 9
            }
        ],
        "rule-16": [
            {
                "expression-node": 49,
                "template-line-number": 169,
                "part": null,
                "node-pos": 85,
                "replacement-node": 48
            }
        ],
        "rule-13": [
            {
                "template-line-number": 141,
                "part": null,
                "node-pos": 71,
                "replacement-node": 39
            }
        ],
        "rule-25": [
            {
                "expression-node": 76,
                "template-line-number": 283,
                "part": null,
                "node-pos": 139,
                "replacement-node": 75
            }
        ],
        "rule-17": [
            {
                "template-line-number": 181,
                "part": null,
                "node-pos": 90,
                "replacement-node": 51
            }
        ],
        "rule-29": [
            {
                "expression-node": 88,
                "template-line-number": 323,
                "part": null,
                "node-pos": 156,
                "replacement-node": 87
            }
        ],
        "rule-21": [
            {
                "template-line-number": 221,
                "part": null,
                "html": true,
                "node-pos": 108,
                "replacement-node": 63
            }
        ],
        "rule-2": [
            {
                "template-line-number": 34,
                "part": null,
                "node-pos": 17,
                "replacement-node": 3
            }
        ],
        "rule-1": [
            {
                "expression-node": 1,
                "template-line-number": 22,
                "part": null,
                "node-pos": 9,
                "replacement-node": 0
            }
        ],
        "rule-26": [
            {
                "template-line-number": 295,
                "part": null,
                "node-pos": 144,
                "replacement-node": 78
            }
        ],
        "rule-32": [
            {
                "expression-node": 97,
                "template-line-number": 369,
                "part": null,
                "node-pos": 176,
                "replacement-node": 96
            }
        ],
        "rule-6": [
            {
                "template-line-number": 78,
                "part": null,
                "node-pos": 39,
                "replacement-node": 18
            }
        ],
        "rule-33": [
            {
                "template-line-number": 376,
                "part": null,
                "node-pos": 180,
                "replacement-node": 99
            }
        ],
        "rule-24": [
            {
                "template-line-number": 275,
                "part": null,
                "node-pos": 135,
                "replacement-node": 72
            }
        ],
        "rule-34": [
            {
                "template-line-number": 386,
                "part": null,
                "node-pos": 184,
                "replacement-node": 102
            }
        ],
        "rule-11": [
            {
                "template-line-number": 123,
                "part": null,
                "node-pos": 63,
                "replacement-node": 33
            }
        ],
        "rule-28": [
            {
                "template-line-number": 315,
                "part": null,
                "node-pos": 152,
                "replacement-node": 84
            }
        ],
        "rule-4": [
            {
                "template-line-number": 64,
                "part": null,
                "node-pos": 30,
                "replacement-node": 12
            }
        ],
        "rule-22": [
            {
                "template-line-number": 233,
                "part": null,
                "node-pos": 113,
                "replacement-node": 66
            }
        ],
        "rule-23": [
            {
                "expression-node": 70,
                "template-line-number": 241,
                "part": null,
                "node-pos": 118,
                "replacement-node": 69
            }
        ],
        "rule-9": [
            {
                "template-line-number": 103,
                "part": null,
                "node-pos": 53,
                "replacement-node": 27
            }
        ],
        "rule-8": [
            {
                "expression-node": 25,
                "template-line-number": 94,
                "part": null,
                "node-pos": 48,
                "replacement-node": 24
            }
        ],
        "rule-18": [
            {
                "expression-node": 55,
                "template-line-number": 189,
                "part": null,
                "node-pos": 95,
                "replacement-node": 54
            }
        ],
        "rule-20": [
            {
                "template-line-number": 209,
                "part": null,
                "html": true,
                "node-pos": 103,
                "replacement-node": 60
            }
        ],
        "rule-30": [
            {
                "template-line-number": 333,
                "part": null,
                "node-pos": 161,
                "replacement-node": 90
            }
        ],
        "rule-31": [
            {
                "expression-node": 94,
                "template-line-number": 341,
                "part": null,
                "node-pos": 165,
                "replacement-node": 93
            }
        ],
        "rule-15": [
            {
                "template-line-number": 161,
                "part": null,
                "node-pos": 80,
                "replacement-node": 45
            }
        ],
        "rule-35": {
            "name": "RespondentLegalName",
            "subs": [
                {
                    "name": "RespondentLegalName",
                    "template-line-number": 42,
                    "node-pos": 21,
                    "replacement-node": 6,
                    "expression-node": 7,
                    "part": "1"
                }
            ]
        },
        "rule-10": [
            {
                "expression-node": 31,
                "template-line-number": 111,
                "part": null,
                "node-pos": 58,
                "replacement-node": 30
            }
        ],
        "rule-7": [
            {
                "expression-node": 22,
                "template-line-number": 86,
                "part": null,
                "node-pos": 44,
                "replacement-node": 21
            }
        ],
        "rule-19": [
            {
                "template-line-number": 199,
                "part": null,
                "node-pos": 99,
                "replacement-node": 57
            }
        ],
        "rule-5": [
            {
                "expression-node": 16,
                "template-line-number": 69,
                "part": null,
                "node-pos": 34,
                "replacement-node": 15
            }
        ],
        "rule-12": [
            {
                "expression-node": 37,
                "template-line-number": 131,
                "part": null,
                "node-pos": 67,
                "replacement-node": 36
            }
        ],
        "rule-27": [
            {
                "expression-node": 82,
                "template-line-number": 303,
                "part": null,
                "node-pos": 148,
                "replacement-node": 81
            }
        ],
        "rule-14": [
            {
                "expression-node": 43,
                "template-line-number": 149,
                "part": null,
                "node-pos": 75,
                "replacement-node": 42
            }
        ]
    }
}