{
    "line-numbers": {},
    "substitutions": {
        "rule-8": [
            {
                "template-line-number": 72,
                "node-pos": 39,
                "part": null,
                "replacement-node": 21
            }
        ],
        "rule-5": [
            {
                "html": true,
                "template-line-number": 51,
                "node-pos": 26,
                "part": null,
                "replacement-node": 12
            }
        ],
        "rule-4": [
            {
                "html": true,
                "template-line-number": 39,
                "node-pos": 21,
                "part": null,
                "replacement-node": 9
            }
        ],
        "rule-13": [
            {
                "node-pos": 242,
                "template-line-number": 877,
                "expression-node": 158,
                "part": null,
                "replacement-node": 157
            }
        ],
        "rule-3": [
            {
                "template-line-number": 33,
                "node-pos": 17,
                "part": null,
                "replacement-node": 6
            }
        ],
        "rule-15": [
            {
                "template-line-number": 891,
                "node-pos": 250,
                "part": null,
                "replacement-node": 163
            }
        ],
        "rule-9": [
            {
                "node-pos": 43,
                "template-line-number": 77,
                "expression-node": 25,
                "part": null,
                "replacement-node": 24
            }
        ],
        "rule-18": {
            "name": "AllowanceInventryLineItems",
            "subs": [
                {
                    "template-line-number": 557,
                    "name": "AllowanceInventryLineItems",
                    "node-pos": 100,
                    "replacement-node": 46,
                    "extras": {},
                    "part": "1"
                },
                {
                    "template-line-number": 614,
                    "name": "AllowanceInventryLineItems",
                    "node-pos": 139,
                    "replacement-node": 77,
                    "expression-node": 78,
                    "part": "10"
                },
                {
                    "template-line-number": 621,
                    "name": "AllowanceInventryLineItems",
                    "node-pos": 144,
                    "replacement-node": 81,
                    "expression-node": 82,
                    "part": "11"
                },
                {
                    "template-line-number": 628,
                    "name": "AllowanceInventryLineItems",
                    "node-pos": 149,
                    "replacement-node": 85,
                    "expression-node": 86,
                    "part": "12"
                },
                {
                    "template-line-number": 635,
                    "name": "AllowanceInventryLineItems",
                    "node-pos": 154,
                    "replacement-node": 89,
                    "expression-node": 90,
                    "part": "13"
                },
                {
                    "template-line-number": 642,
                    "name": "AllowanceInventryLineItems",
                    "node-pos": 159,
                    "replacement-node": 93,
                    "expression-node": 94,
                    "part": "14"
                },
                {
                    "template-line-number": 649,
                    "name": "AllowanceInventryLineItems",
                    "node-pos": 164,
                    "replacement-node": 97,
                    "expression-node": 98,
                    "part": "15"
                },
                {
                    "template-line-number": 564,
                    "name": "AllowanceInventryLineItems",
                    "node-pos": 104,
                    "replacement-node": 49,
                    "expression-node": 50,
                    "part": "2"
                },
                {
                    "template-line-number": 572,
                    "name": "AllowanceInventryLineItems",
                    "node-pos": 109,
                    "replacement-node": 53,
                    "expression-node": 54,
                    "part": "3"
                },
                {
                    "template-line-number": 579,
                    "name": "AllowanceInventryLineItems",
                    "node-pos": 114,
                    "replacement-node": 57,
                    "expression-node": 58,
                    "part": "4"
                },
                {
                    "template-line-number": 586,
                    "name": "AllowanceInventryLineItems",
                    "node-pos": 119,
                    "replacement-node": 61,
                    "expression-node": 62,
                    "part": "6"
                },
                {
                    "template-line-number": 593,
                    "name": "AllowanceInventryLineItems",
                    "node-pos": 124,
                    "replacement-node": 65,
                    "expression-node": 66,
                    "part": "7"
                },
                {
                    "template-line-number": 600,
                    "name": "AllowanceInventryLineItems",
                    "node-pos": 129,
                    "replacement-node": 69,
                    "expression-node": 70,
                    "part": "8"
                },
                {
                    "template-line-number": 607,
                    "name": "AllowanceInventryLineItems",
                    "node-pos": 134,
                    "replacement-node": 73,
                    "expression-node": 74,
                    "part": "9"
                }
            ]
        },
        "rule-16": [
            {
                "template-line-number": 898,
                "node-pos": 253,
                "part": null,
                "replacement-node": 166
            }
        ],
        "rule-17": {
            "name": "AllowanceInventryLineItems2",
            "subs": [
                {
                    "template-line-number": 772,
                    "name": "AllowanceInventryLineItems2",
                    "node-pos": 171,
                    "replacement-node": 102,
                    "extras": {},
                    "part": "1"
                },
                {
                    "template-line-number": 827,
                    "name": "AllowanceInventryLineItems2",
                    "node-pos": 210,
                    "replacement-node": 133,
                    "expression-node": 134,
                    "part": "10"
                },
                {
                    "template-line-number": 834,
                    "name": "AllowanceInventryLineItems2",
                    "node-pos": 215,
                    "replacement-node": 137,
                    "expression-node": 138,
                    "part": "11"
                },
                {
                    "template-line-number": 841,
                    "name": "AllowanceInventryLineItems2",
                    "node-pos": 220,
                    "replacement-node": 141,
                    "expression-node": 142,
                    "part": "12"
                },
                {
                    "template-line-number": 848,
                    "name": "AllowanceInventryLineItems2",
                    "node-pos": 225,
                    "replacement-node": 145,
                    "expression-node": 146,
                    "part": "13"
                },
                {
                    "template-line-number": 855,
                    "name": "AllowanceInventryLineItems2",
                    "node-pos": 230,
                    "replacement-node": 149,
                    "expression-node": 150,
                    "part": "14"
                },
                {
                    "template-line-number": 862,
                    "name": "AllowanceInventryLineItems2",
                    "node-pos": 235,
                    "replacement-node": 153,
                    "expression-node": 154,
                    "part": "15"
                },
                {
                    "template-line-number": 777,
                    "name": "AllowanceInventryLineItems2",
                    "node-pos": 175,
                    "replacement-node": 105,
                    "expression-node": 106,
                    "part": "2"
                },
                {
                    "template-line-number": 785,
                    "name": "AllowanceInventryLineItems2",
                    "node-pos": 180,
                    "replacement-node": 109,
                    "expression-node": 110,
                    "part": "3"
                },
                {
                    "template-line-number": 792,
                    "name": "AllowanceInventryLineItems2",
                    "node-pos": 185,
                    "replacement-node": 113,
                    "expression-node": 114,
                    "part": "4"
                },
                {
                    "template-line-number": 799,
                    "name": "AllowanceInventryLineItems2",
                    "node-pos": 190,
                    "replacement-node": 117,
                    "expression-node": 118,
                    "part": "6"
                },
                {
                    "template-line-number": 806,
                    "name": "AllowanceInventryLineItems2",
                    "node-pos": 195,
                    "replacement-node": 121,
                    "expression-node": 122,
                    "part": "7"
                },
                {
                    "template-line-number": 813,
                    "name": "AllowanceInventryLineItems2",
                    "node-pos": 200,
                    "replacement-node": 125,
                    "expression-node": 126,
                    "part": "8"
                },
                {
                    "template-line-number": 820,
                    "name": "AllowanceInventryLineItems2",
                    "node-pos": 205,
                    "replacement-node": 129,
                    "expression-node": 130,
                    "part": "9"
                }
            ]
        },
        "rule-1": [
            {
                "template-line-number": 22,
                "node-pos": 9,
                "part": null,
                "replacement-node": 0
            }
        ],
        "rule-2": [
            {
                "node-pos": 13,
                "template-line-number": 27,
                "expression-node": 4,
                "part": null,
                "replacement-node": 3
            }
        ],
        "rule-11": [
            {
                "template-line-number": 92,
                "node-pos": 53,
                "part": null,
                "replacement-node": 30
            }
        ],
        "rule-19": {
            "name": "ColumnHeadings",
            "subs": [
                {
                    "template-line-number": 159,
                    "name": "ColumnHeadings",
                    "node-pos": 90,
                    "replacement-node": 39,
                    "extras": {},
                    "part": "1"
                },
                {
                    "template-line-number": 168,
                    "name": "ColumnHeadings",
                    "node-pos": 94,
                    "replacement-node": 42,
                    "extras": {},
                    "part": "2"
                },
                {
                    "template-line-number": 155,
                    "name": "ColumnHeadings",
                    "node-pos": 88,
                    "replacement-node": 37,
                    "extras": {},
                    "part": "3"
                }
            ]
        },
        "rule-6": [
            {
                "template-line-number": 62,
                "node-pos": 31,
                "part": null,
                "replacement-node": 15
            }
        ],
        "rule-7": [
            {
                "node-pos": 35,
                "template-line-number": 67,
                "expression-node": 19,
                "part": null,
                "replacement-node": 18
            }
        ],
        "rule-12": [
            {
                "html": true,
                "template-line-number": 104,
                "node-pos": 58,
                "part": null,
                "replacement-node": 33
            }
        ],
        "rule-14": [
            {
                "template-line-number": 882,
                "node-pos": 246,
                "part": null,
                "replacement-node": 160
            }
        ],
        "rule-10": [
            {
                "node-pos": 47,
                "template-line-number": 82,
                "expression-node": 28,
                "part": null,
                "replacement-node": 27
            }
        ]
    },
    "showifs": {}
}