{
    "line-numbers": {
        "TaxesDeferredCurrent": [
            {
                "start-number": 1,
                "line-number-node": 45,
                "template-line-number": 245
            }
        ],
        "TaxesDeferredNoncurrent2": [
            {
                "start-number": 11,
                "line-number-node": 79,
                "template-line-number": 409
            }
        ]
    },
    "substitutions": {
        "rule-4": [
            {
                "node-pos": 19,
                "replacement-node": 7,
                "part": null,
                "template-line-number": 42
            }
        ],
        "rule-19": [
            {
                "node-pos": 176,
                "replacement-node": 97,
                "part": null,
                "template-line-number": 460
            }
        ],
        "rule-27": {
            "subs": [
                {
                    "node-pos": 77,
                    "extras": {},
                    "template-line-number": 165,
                    "replacement-node": 38,
                    "part": "1",
                    "name": "ColumnHeadings"
                },
                {
                    "node-pos": 81,
                    "extras": {},
                    "template-line-number": 172,
                    "replacement-node": 41,
                    "part": "2",
                    "name": "ColumnHeadings"
                }
            ],
            "name": "ColumnHeadings"
        },
        "rule-3": [
            {
                "node-pos": 15,
                "expression-node": 5,
                "replacement-node": 4,
                "part": null,
                "template-line-number": 35
            }
        ],
        "rule-5": [
            {
                "node-pos": 23,
                "html": true,
                "replacement-node": 10,
                "part": null,
                "template-line-number": 50
            }
        ],
        "rule-10": [
            {
                "node-pos": 47,
                "expression-node": 26,
                "replacement-node": 25,
                "part": null,
                "template-line-number": 106
            }
        ],
        "rule-18": [
            {
                "node-pos": 137,
                "expression-node": 76,
                "replacement-node": 75,
                "part": null,
                "template-line-number": 335
            }
        ],
        "rule-9": [
            {
                "node-pos": 42,
                "replacement-node": 22,
                "part": null,
                "template-line-number": 99
            }
        ],
        "rule-20": [
            {
                "node-pos": 181,
                "expression-node": 101,
                "replacement-node": 100,
                "part": null,
                "template-line-number": 472
            }
        ],
        "rule-15": [
            {
                "node-pos": 125,
                "expression-node": 67,
                "replacement-node": 66,
                "part": null,
                "template-line-number": 308
            }
        ],
        "rule-24": [
            {
                "node-pos": 199,
                "expression-node": 113,
                "replacement-node": 112,
                "part": null,
                "template-line-number": 512
            }
        ],
        "rule-16": [
            {
                "node-pos": 129,
                "expression-node": 70,
                "replacement-node": 69,
                "part": null,
                "template-line-number": 317
            }
        ],
        "rule-11": [
            {
                "node-pos": 51,
                "expression-node": 29,
                "replacement-node": 28,
                "part": null,
                "template-line-number": 112
            }
        ],
        "rule-13": [
            {
                "node-pos": 62,
                "html": true,
                "replacement-node": 34,
                "part": null,
                "template-line-number": 134
            }
        ],
        "rule-17": [
            {
                "node-pos": 133,
                "expression-node": 73,
                "replacement-node": 72,
                "part": null,
                "template-line-number": 326
            }
        ],
        "rule-14": [
            {
                "node-pos": 120,
                "replacement-node": 63,
                "part": null,
                "template-line-number": 296
            }
        ],
        "rule-22": [
            {
                "node-pos": 189,
                "expression-node": 107,
                "replacement-node": 106,
                "part": null,
                "template-line-number": 490
            }
        ],
        "rule-6": [
            {
                "node-pos": 28,
                "html": true,
                "replacement-node": 13,
                "part": null,
                "template-line-number": 67
            }
        ],
        "rule-28": {
            "subs": [
                {
                    "node-pos": 98,
                    "replacement-node": 48,
                    "template-line-number": 252,
                    "expression-node": 49,
                    "part": "2",
                    "name": "TaxesDeferredCurrent"
                },
                {
                    "node-pos": 102,
                    "replacement-node": 51,
                    "template-line-number": 260,
                    "expression-node": 52,
                    "part": "3",
                    "name": "TaxesDeferredCurrent"
                },
                {
                    "node-pos": 106,
                    "replacement-node": 54,
                    "template-line-number": 268,
                    "expression-node": 55,
                    "part": "4",
                    "name": "TaxesDeferredCurrent"
                },
                {
                    "node-pos": 110,
                    "replacement-node": 57,
                    "template-line-number": 276,
                    "expression-node": 58,
                    "part": "5",
                    "name": "TaxesDeferredCurrent"
                },
                {
                    "node-pos": 114,
                    "replacement-node": 60,
                    "template-line-number": 284,
                    "expression-node": 61,
                    "part": "6",
                    "name": "TaxesDeferredCurrent"
                }
            ],
            "name": "TaxesDeferredCurrent"
        },
        "rule-12": [
            {
                "node-pos": 57,
                "replacement-node": 31,
                "part": null,
                "template-line-number": 123
            }
        ],
        "rule-23": [
            {
                "node-pos": 193,
                "expression-node": 110,
                "replacement-node": 109,
                "part": null,
                "template-line-number": 499
            }
        ],
        "rule-7": [
            {
                "node-pos": 33,
                "replacement-node": 16,
                "part": null,
                "template-line-number": 85
            }
        ],
        "rule-21": [
            {
                "node-pos": 185,
                "expression-node": 104,
                "replacement-node": 103,
                "part": null,
                "template-line-number": 481
            }
        ],
        "rule-29": {
            "subs": [
                {
                    "node-pos": 154,
                    "replacement-node": 82,
                    "template-line-number": 416,
                    "expression-node": 83,
                    "part": "2",
                    "name": "TaxesDeferredNoncurrent2"
                },
                {
                    "node-pos": 158,
                    "replacement-node": 85,
                    "template-line-number": 424,
                    "expression-node": 86,
                    "part": "3",
                    "name": "TaxesDeferredNoncurrent2"
                },
                {
                    "node-pos": 162,
                    "replacement-node": 88,
                    "template-line-number": 432,
                    "expression-node": 89,
                    "part": "4",
                    "name": "TaxesDeferredNoncurrent2"
                },
                {
                    "node-pos": 166,
                    "replacement-node": 91,
                    "template-line-number": 440,
                    "expression-node": 92,
                    "part": "5",
                    "name": "TaxesDeferredNoncurrent2"
                },
                {
                    "node-pos": 170,
                    "replacement-node": 94,
                    "template-line-number": 448,
                    "expression-node": 95,
                    "part": "6",
                    "name": "TaxesDeferredNoncurrent2"
                }
            ],
            "name": "TaxesDeferredNoncurrent2"
        },
        "rule-8": [
            {
                "node-pos": 38,
                "expression-node": 20,
                "replacement-node": 19,
                "part": null,
                "template-line-number": 92
            }
        ],
        "rule-2": [
            {
                "node-pos": 11,
                "replacement-node": 1,
                "part": null,
                "template-line-number": 28
            }
        ],
        "rule-26": [
            {
                "node-pos": 207,
                "replacement-node": 118,
                "part": null,
                "template-line-number": 526
            }
        ],
        "rule-25": [
            {
                "node-pos": 203,
                "replacement-node": 115,
                "part": null,
                "template-line-number": 517
            }
        ]
    },
    "showifs": {
        "rule-1": {
            "type": "showif",
            "template-line-number": 18
        }
    }
}