{
    "showifs": {
        "rule-1": {
            "template-line-number": 17,
            "type": "showif"
        }
    },
    "line-numbers": {
        "GasPropertyAndCapacityLeasedToOthers": [
            {
                "line-number-node": 47,
                "template-line-number": 199,
                "start-number": 1
            }
        ]
    },
    "substitutions": {
        "rule-10": [
            {
                "node-pos": 44,
                "template-line-number": 79,
                "expression-node": 26,
                "replacement-node": 25,
                "part": null
            }
        ],
        "rule-7": [
            {
                "node-pos": 32,
                "template-line-number": 66,
                "replacement-node": 16,
                "part": null
            }
        ],
        "rule-13": [
            {
                "node-pos": 59,
                "html": true,
                "template-line-number": 105,
                "replacement-node": 34,
                "part": null
            }
        ],
        "rule-12": [
            {
                "node-pos": 54,
                "template-line-number": 94,
                "replacement-node": 31,
                "part": null
            }
        ],
        "rule-5": [
            {
                "node-pos": 22,
                "html": true,
                "template-line-number": 43,
                "replacement-node": 10,
                "part": null
            }
        ],
        "rule-17": [
            {
                "node-pos": 123,
                "template-line-number": 260,
                "replacement-node": 70,
                "part": null
            }
        ],
        "rule-14": [
            {
                "node-pos": 106,
                "template-line-number": 227,
                "replacement-node": 61,
                "part": null
            }
        ],
        "rule-18": [
            {
                "node-pos": 127,
                "template-line-number": 269,
                "replacement-node": 73,
                "part": null
            }
        ],
        "rule-16": [
            {
                "node-pos": 119,
                "template-line-number": 255,
                "expression-node": 68,
                "replacement-node": 67,
                "part": null
            }
        ],
        "rule-19": {
            "name": "GasPropertyAndCapacityLeasedToOthers",
            "subs": [
                {
                    "name": "GasPropertyAndCapacityLeasedToOthers",
                    "node-pos": 88,
                    "template-line-number": 202,
                    "expression-node": 50,
                    "replacement-node": 49,
                    "part": "2"
                },
                {
                    "name": "GasPropertyAndCapacityLeasedToOthers",
                    "extras": {},
                    "template-line-number": 207,
                    "node-pos": 92,
                    "replacement-node": 52,
                    "part": "3"
                },
                {
                    "name": "GasPropertyAndCapacityLeasedToOthers",
                    "node-pos": 96,
                    "template-line-number": 212,
                    "expression-node": 56,
                    "replacement-node": 55,
                    "part": "4"
                },
                {
                    "name": "GasPropertyAndCapacityLeasedToOthers",
                    "node-pos": 100,
                    "template-line-number": 217,
                    "expression-node": 59,
                    "replacement-node": 58,
                    "part": "5"
                }
            ]
        },
        "rule-4": [
            {
                "node-pos": 18,
                "template-line-number": 37,
                "replacement-node": 7,
                "part": null
            }
        ],
        "rule-6": [
            {
                "node-pos": 27,
                "html": true,
                "template-line-number": 55,
                "replacement-node": 13,
                "part": null
            }
        ],
        "rule-2": [
            {
                "node-pos": 10,
                "template-line-number": 27,
                "replacement-node": 1,
                "part": null
            }
        ],
        "rule-8": [
            {
                "node-pos": 36,
                "template-line-number": 70,
                "expression-node": 20,
                "replacement-node": 19,
                "part": null
            }
        ],
        "rule-15": [
            {
                "node-pos": 113,
                "template-line-number": 241,
                "expression-node": 65,
                "replacement-node": 64,
                "part": null
            }
        ],
        "rule-9": [
            {
                "node-pos": 40,
                "template-line-number": 75,
                "replacement-node": 22,
                "part": null
            }
        ],
        "rule-3": [
            {
                "node-pos": 14,
                "template-line-number": 31,
                "expression-node": 5,
                "replacement-node": 4,
                "part": null
            }
        ],
        "rule-20": {
            "name": "GasPlantInServiceHeadings",
            "subs": [
                {
                    "name": "GasPlantInServiceHeadings",
                    "extras": {},
                    "template-line-number": 140,
                    "node-pos": 75,
                    "replacement-node": 40,
                    "part": "1"
                },
                {
                    "name": "GasPlantInServiceHeadings",
                    "extras": {},
                    "template-line-number": 149,
                    "node-pos": 79,
                    "replacement-node": 43,
                    "part": "2"
                },
                {
                    "name": "GasPlantInServiceHeadings",
                    "extras": {},
                    "template-line-number": 136,
                    "node-pos": 73,
                    "replacement-node": 38,
                    "part": "3"
                }
            ]
        },
        "rule-11": [
            {
                "node-pos": 48,
                "template-line-number": 84,
                "expression-node": 29,
                "replacement-node": 28,
                "part": null
            }
        ]
    }
}