{
    "substitutions": {
        "rule-82": {
            "name": "DepreciationOfPlantHeadings",
            "subs": [
                {
                    "name": "DepreciationOfPlantHeadings",
                    "node-pos": 73,
                    "part": "1",
                    "replacement-node": 39,
                    "extras": {},
                    "template-line-number": 147
                },
                {
                    "name": "DepreciationOfPlantHeadings",
                    "node-pos": 77,
                    "part": "2",
                    "replacement-node": 42,
                    "extras": {},
                    "template-line-number": 155
                },
                {
                    "name": "DepreciationOfPlantHeadings",
                    "node-pos": 71,
                    "part": "3",
                    "replacement-node": 37,
                    "extras": {},
                    "template-line-number": 143
                }
            ]
        },
        "rule-73": [
            {
                "node-pos": 293,
                "part": null,
                "replacement-node": 175,
                "template-line-number": 699
            }
        ],
        "rule-67": [
            {
                "node-pos": 272,
                "part": null,
                "replacement-node": 162,
                "template-line-number": 645
            }
        ],
        "rule-55": [
            {
                "node-pos": 230,
                "part": null,
                "replacement-node": 136,
                "template-line-number": 538
            }
        ],
        "rule-77": [
            {
                "node-pos": 309,
                "part": null,
                "replacement-node": 187,
                "expression-node": 188,
                "template-line-number": 739
            }
        ],
        "rule-76": [
            {
                "node-pos": 305,
                "part": null,
                "replacement-node": 184,
                "expression-node": 185,
                "template-line-number": 729
            }
        ],
        "rule-74": [
            {
                "node-pos": 297,
                "part": null,
                "replacement-node": 178,
                "expression-node": 179,
                "template-line-number": 709
            }
        ],
        "rule-19": [
            {
                "node-pos": 104,
                "part": null,
                "replacement-node": 58,
                "template-line-number": 220
            }
        ],
        "rule-31": [
            {
                "node-pos": 146,
                "part": null,
                "replacement-node": 84,
                "template-line-number": 326
            }
        ],
        "rule-25": [
            {
                "node-pos": 125,
                "part": null,
                "replacement-node": 71,
                "template-line-number": 273
            }
        ],
        "rule-81": [
            {
                "node-pos": 327,
                "part": null,
                "replacement-node": 199,
                "template-line-number": 785
            }
        ],
        "rule-13": [
            {
                "node-pos": 83,
                "part": null,
                "replacement-node": 45,
                "template-line-number": 167
            }
        ],
        "rule-45": [
            {
                "node-pos": 195,
                "part": null,
                "replacement-node": 115,
                "expression-node": 116,
                "template-line-number": 450
            }
        ],
        "rule-30": [
            {
                "node-pos": 141,
                "part": null,
                "replacement-node": 82,
                "expression-node": 83,
                "template-line-number": 315
            }
        ],
        "rule-59": [
            {
                "node-pos": 243,
                "part": null,
                "replacement-node": 145,
                "expression-node": 146,
                "template-line-number": 572
            }
        ],
        "rule-32": [
            {
                "node-pos": 150,
                "part": null,
                "replacement-node": 87,
                "expression-node": 88,
                "template-line-number": 336
            }
        ],
        "rule-7": [
            {
                "node-pos": 36,
                "part": null,
                "replacement-node": 18,
                "expression-node": 19,
                "template-line-number": 68
            }
        ],
        "rule-60": [
            {
                "node-pos": 246,
                "part": null,
                "replacement-node": 147,
                "expression-node": 148,
                "template-line-number": 580
            }
        ],
        "rule-26": [
            {
                "node-pos": 129,
                "part": null,
                "replacement-node": 74,
                "expression-node": 75,
                "template-line-number": 283
            }
        ],
        "rule-78": [
            {
                "node-pos": 313,
                "part": null,
                "replacement-node": 190,
                "expression-node": 191,
                "template-line-number": 749
            }
        ],
        "rule-38": [
            {
                "node-pos": 171,
                "part": null,
                "replacement-node": 100,
                "expression-node": 101,
                "template-line-number": 389
            }
        ],
        "rule-37": [
            {
                "node-pos": 167,
                "part": null,
                "replacement-node": 97,
                "template-line-number": 379
            }
        ],
        "rule-46": [
            {
                "node-pos": 198,
                "part": null,
                "replacement-node": 117,
                "expression-node": 118,
                "template-line-number": 458
            }
        ],
        "rule-68": [
            {
                "node-pos": 276,
                "part": null,
                "replacement-node": 165,
                "expression-node": 166,
                "template-line-number": 655
            }
        ],
        "rule-52": [
            {
                "node-pos": 219,
                "part": null,
                "replacement-node": 130,
                "expression-node": 131,
                "template-line-number": 511
            }
        ],
        "rule-63": [
            {
                "node-pos": 258,
                "part": null,
                "replacement-node": 154,
                "expression-node": 155,
                "template-line-number": 610
            }
        ],
        "rule-62": [
            {
                "node-pos": 255,
                "part": null,
                "replacement-node": 152,
                "expression-node": 153,
                "template-line-number": 602
            }
        ],
        "rule-48": [
            {
                "node-pos": 204,
                "part": null,
                "replacement-node": 121,
                "expression-node": 122,
                "template-line-number": 474
            }
        ],
        "rule-75": [
            {
                "node-pos": 301,
                "part": null,
                "replacement-node": 181,
                "expression-node": 182,
                "template-line-number": 719
            }
        ],
        "rule-66": [
            {
                "node-pos": 267,
                "part": null,
                "replacement-node": 160,
                "expression-node": 161,
                "template-line-number": 634
            }
        ],
        "rule-27": [
            {
                "node-pos": 132,
                "part": null,
                "replacement-node": 76,
                "expression-node": 77,
                "template-line-number": 291
            }
        ],
        "rule-80": [
            {
                "node-pos": 323,
                "part": null,
                "replacement-node": 196,
                "template-line-number": 775
            }
        ],
        "rule-70": [
            {
                "node-pos": 282,
                "part": null,
                "replacement-node": 169,
                "expression-node": 170,
                "template-line-number": 671
            }
        ],
        "rule-72": [
            {
                "node-pos": 288,
                "part": null,
                "replacement-node": 173,
                "expression-node": 174,
                "template-line-number": 687
            }
        ],
        "rule-50": [
            {
                "node-pos": 213,
                "part": null,
                "replacement-node": 126,
                "expression-node": 127,
                "template-line-number": 495
            }
        ],
        "rule-17": [
            {
                "node-pos": 96,
                "part": null,
                "replacement-node": 54,
                "expression-node": 55,
                "template-line-number": 201
            }
        ],
        "rule-39": [
            {
                "node-pos": 174,
                "part": null,
                "replacement-node": 102,
                "expression-node": 103,
                "template-line-number": 397
            }
        ],
        "rule-49": [
            {
                "node-pos": 209,
                "part": null,
                "replacement-node": 123,
                "template-line-number": 485
            }
        ],
        "rule-36": [
            {
                "node-pos": 162,
                "part": null,
                "replacement-node": 95,
                "expression-node": 96,
                "template-line-number": 368
            }
        ],
        "rule-47": [
            {
                "node-pos": 201,
                "part": null,
                "replacement-node": 119,
                "expression-node": 120,
                "template-line-number": 466
            }
        ],
        "rule-23": [
            {
                "node-pos": 117,
                "part": null,
                "replacement-node": 67,
                "expression-node": 68,
                "template-line-number": 254
            }
        ],
        "rule-9": [
            {
                "node-pos": 44,
                "part": null,
                "replacement-node": 24,
                "expression-node": 25,
                "template-line-number": 78
            }
        ],
        "rule-71": [
            {
                "node-pos": 285,
                "part": null,
                "replacement-node": 171,
                "expression-node": 172,
                "template-line-number": 679
            }
        ],
        "rule-20": [
            {
                "node-pos": 108,
                "part": null,
                "replacement-node": 61,
                "expression-node": 62,
                "template-line-number": 230
            }
        ],
        "rule-44": [
            {
                "node-pos": 192,
                "part": null,
                "replacement-node": 113,
                "expression-node": 114,
                "template-line-number": 442
            }
        ],
        "rule-69": [
            {
                "node-pos": 279,
                "part": null,
                "replacement-node": 167,
                "expression-node": 168,
                "template-line-number": 663
            }
        ],
        "rule-3": [
            {
                "node-pos": 18,
                "part": null,
                "replacement-node": 6,
                "template-line-number": 34
            }
        ],
        "rule-29": [
            {
                "node-pos": 138,
                "part": null,
                "replacement-node": 80,
                "expression-node": 81,
                "template-line-number": 307
            }
        ],
        "rule-22": [
            {
                "node-pos": 114,
                "part": null,
                "replacement-node": 65,
                "expression-node": 66,
                "template-line-number": 246
            }
        ],
        "rule-6": [
            {
                "node-pos": 32,
                "part": null,
                "replacement-node": 15,
                "template-line-number": 63
            }
        ],
        "rule-15": [
            {
                "node-pos": 90,
                "part": null,
                "replacement-node": 50,
                "expression-node": 51,
                "template-line-number": 185
            }
        ],
        "rule-65": [
            {
                "node-pos": 264,
                "part": null,
                "replacement-node": 158,
                "expression-node": 159,
                "template-line-number": 626
            }
        ],
        "rule-51": [
            {
                "node-pos": 216,
                "part": null,
                "replacement-node": 128,
                "expression-node": 129,
                "template-line-number": 503
            }
        ],
        "rule-18": [
            {
                "node-pos": 99,
                "part": null,
                "replacement-node": 56,
                "expression-node": 57,
                "template-line-number": 209
            }
        ],
        "rule-1": [
            {
                "node-pos": 10,
                "part": null,
                "replacement-node": 0,
                "template-line-number": 23
            }
        ],
        "rule-14": [
            {
                "node-pos": 87,
                "part": null,
                "replacement-node": 48,
                "expression-node": 49,
                "template-line-number": 177
            }
        ],
        "rule-35": [
            {
                "node-pos": 159,
                "part": null,
                "replacement-node": 93,
                "expression-node": 94,
                "template-line-number": 360
            }
        ],
        "rule-79": [
            {
                "node-pos": 319,
                "part": null,
                "replacement-node": 193,
                "expression-node": 194,
                "template-line-number": 768
            }
        ],
        "rule-58": [
            {
                "node-pos": 240,
                "part": null,
                "replacement-node": 143,
                "expression-node": 144,
                "template-line-number": 564
            }
        ],
        "rule-2": [
            {
                "node-pos": 14,
                "part": null,
                "replacement-node": 3,
                "expression-node": 4,
                "template-line-number": 28
            }
        ],
        "rule-33": [
            {
                "node-pos": 153,
                "part": null,
                "replacement-node": 89,
                "expression-node": 90,
                "template-line-number": 344
            }
        ],
        "rule-16": [
            {
                "node-pos": 93,
                "part": null,
                "replacement-node": 52,
                "expression-node": 53,
                "template-line-number": 193
            }
        ],
        "rule-11": [
            {
                "node-pos": 54,
                "part": null,
                "replacement-node": 30,
                "template-line-number": 94
            }
        ],
        "rule-41": [
            {
                "node-pos": 180,
                "part": null,
                "replacement-node": 106,
                "expression-node": 107,
                "template-line-number": 413
            }
        ],
        "rule-54": [
            {
                "node-pos": 225,
                "part": null,
                "replacement-node": 134,
                "expression-node": 135,
                "template-line-number": 527
            }
        ],
        "rule-43": [
            {
                "node-pos": 188,
                "part": null,
                "replacement-node": 110,
                "template-line-number": 432
            }
        ],
        "rule-24": [
            {
                "node-pos": 120,
                "part": null,
                "replacement-node": 69,
                "expression-node": 70,
                "template-line-number": 262
            }
        ],
        "rule-4": [
            {
                "node-pos": 22,
                "part": null,
                "html": true,
                "replacement-node": 9,
                "template-line-number": 40
            }
        ],
        "rule-56": [
            {
                "node-pos": 234,
                "part": null,
                "replacement-node": 139,
                "expression-node": 140,
                "template-line-number": 548
            }
        ],
        "rule-64": [
            {
                "node-pos": 261,
                "part": null,
                "replacement-node": 156,
                "expression-node": 157,
                "template-line-number": 618
            }
        ],
        "rule-34": [
            {
                "node-pos": 156,
                "part": null,
                "replacement-node": 91,
                "expression-node": 92,
                "template-line-number": 352
            }
        ],
        "rule-53": [
            {
                "node-pos": 222,
                "part": null,
                "replacement-node": 132,
                "expression-node": 133,
                "template-line-number": 519
            }
        ],
        "rule-12": [
            {
                "node-pos": 59,
                "part": null,
                "html": true,
                "replacement-node": 33,
                "template-line-number": 107
            }
        ],
        "rule-61": [
            {
                "node-pos": 251,
                "part": null,
                "replacement-node": 149,
                "template-line-number": 592
            }
        ],
        "rule-8": [
            {
                "node-pos": 40,
                "part": null,
                "replacement-node": 21,
                "template-line-number": 73
            }
        ],
        "rule-42": [
            {
                "node-pos": 183,
                "part": null,
                "replacement-node": 108,
                "expression-node": 109,
                "template-line-number": 421
            }
        ],
        "rule-21": [
            {
                "node-pos": 111,
                "part": null,
                "replacement-node": 63,
                "expression-node": 64,
                "template-line-number": 238
            }
        ],
        "rule-10": [
            {
                "node-pos": 48,
                "part": null,
                "replacement-node": 27,
                "expression-node": 28,
                "template-line-number": 83
            }
        ],
        "rule-28": [
            {
                "node-pos": 135,
                "part": null,
                "replacement-node": 78,
                "expression-node": 79,
                "template-line-number": 299
            }
        ],
        "rule-57": [
            {
                "node-pos": 237,
                "part": null,
                "replacement-node": 141,
                "expression-node": 142,
                "template-line-number": 556
            }
        ],
        "rule-40": [
            {
                "node-pos": 177,
                "part": null,
                "replacement-node": 104,
                "expression-node": 105,
                "template-line-number": 405
            }
        ],
        "rule-5": [
            {
                "node-pos": 27,
                "part": null,
                "html": true,
                "replacement-node": 12,
                "template-line-number": 52
            }
        ]
    },
    "line-numbers": {},
    "showifs": {}
}