{
    "substitutions": {
        "rule-19": [
            {
                "node-pos": 175,
                "template-line-number": 367,
                "replacement-node": 96,
                "part": null
            }
        ],
        "rule-2": [
            {
                "template-line-number": 26,
                "node-pos": 14,
                "expression-node": 4,
                "replacement-node": 3,
                "part": null
            }
        ],
        "rule-16": [
            {
                "template-line-number": 334,
                "node-pos": 157,
                "expression-node": 88,
                "replacement-node": 87,
                "part": null
            }
        ],
        "rule-10": [
            {
                "template-line-number": 79,
                "node-pos": 48,
                "expression-node": 28,
                "replacement-node": 27,
                "part": null
            }
        ],
        "rule-20": {
            "name": "CommonStockLineItems",
            "subs": [
                {
                    "node-pos": 132,
                    "expression-node": 73,
                    "replacement-node": 72,
                    "name": "CommonStockLineItems",
                    "template-line-number": 284,
                    "part": "10"
                },
                {
                    "node-pos": 136,
                    "expression-node": 76,
                    "replacement-node": 75,
                    "name": "CommonStockLineItems",
                    "template-line-number": 289,
                    "part": "11"
                },
                {
                    "node-pos": 100,
                    "expression-node": 49,
                    "replacement-node": 48,
                    "name": "CommonStockLineItems",
                    "template-line-number": 244,
                    "part": "2"
                },
                {
                    "node-pos": 104,
                    "expression-node": 52,
                    "replacement-node": 51,
                    "name": "CommonStockLineItems",
                    "template-line-number": 249,
                    "part": "3"
                },
                {
                    "node-pos": 108,
                    "expression-node": 55,
                    "replacement-node": 54,
                    "name": "CommonStockLineItems",
                    "template-line-number": 254,
                    "part": "4"
                },
                {
                    "node-pos": 112,
                    "expression-node": 58,
                    "replacement-node": 57,
                    "name": "CommonStockLineItems",
                    "template-line-number": 259,
                    "part": "5"
                },
                {
                    "node-pos": 116,
                    "expression-node": 61,
                    "replacement-node": 60,
                    "name": "CommonStockLineItems",
                    "template-line-number": 264,
                    "part": "6"
                },
                {
                    "node-pos": 120,
                    "expression-node": 64,
                    "replacement-node": 63,
                    "name": "CommonStockLineItems",
                    "template-line-number": 269,
                    "part": "7"
                },
                {
                    "node-pos": 124,
                    "expression-node": 67,
                    "replacement-node": 66,
                    "name": "CommonStockLineItems",
                    "template-line-number": 274,
                    "part": "8"
                },
                {
                    "node-pos": 128,
                    "expression-node": 70,
                    "replacement-node": 69,
                    "name": "CommonStockLineItems",
                    "template-line-number": 279,
                    "part": "9"
                }
            ]
        },
        "rule-6": [
            {
                "node-pos": 32,
                "template-line-number": 61,
                "replacement-node": 15,
                "part": null
            }
        ],
        "rule-4": [
            {
                "node-pos": 22,
                "template-line-number": 38,
                "html": true,
                "replacement-node": 9,
                "part": null
            }
        ],
        "rule-13": [
            {
                "node-pos": 142,
                "template-line-number": 300,
                "replacement-node": 78,
                "part": null
            }
        ],
        "rule-8": [
            {
                "node-pos": 40,
                "template-line-number": 70,
                "replacement-node": 21,
                "part": null
            }
        ],
        "rule-15": [
            {
                "template-line-number": 324,
                "node-pos": 153,
                "expression-node": 85,
                "replacement-node": 84,
                "part": null
            }
        ],
        "rule-11": [
            {
                "node-pos": 54,
                "template-line-number": 89,
                "replacement-node": 30,
                "part": null
            }
        ],
        "rule-5": [
            {
                "node-pos": 27,
                "template-line-number": 50,
                "html": true,
                "replacement-node": 12,
                "part": null
            }
        ],
        "rule-14": [
            {
                "template-line-number": 312,
                "node-pos": 147,
                "expression-node": 82,
                "replacement-node": 81,
                "part": null
            }
        ],
        "rule-3": [
            {
                "node-pos": 18,
                "template-line-number": 32,
                "replacement-node": 6,
                "part": null
            }
        ],
        "rule-21": {
            "name": "ColumnHeadings",
            "subs": [
                {
                    "part": "1",
                    "extras": {},
                    "node-pos": 87,
                    "name": "ColumnHeadings",
                    "template-line-number": 152,
                    "replacement-node": 39
                },
                {
                    "part": "2",
                    "extras": {},
                    "node-pos": 91,
                    "name": "ColumnHeadings",
                    "template-line-number": 160,
                    "replacement-node": 42
                },
                {
                    "part": "3",
                    "extras": {},
                    "node-pos": 85,
                    "name": "ColumnHeadings",
                    "template-line-number": 148,
                    "replacement-node": 37
                }
            ]
        },
        "rule-12": [
            {
                "node-pos": 59,
                "template-line-number": 100,
                "html": true,
                "replacement-node": 33,
                "part": null
            }
        ],
        "rule-17": [
            {
                "template-line-number": 353,
                "node-pos": 167,
                "expression-node": 91,
                "replacement-node": 90,
                "part": null
            }
        ],
        "rule-1": [
            {
                "node-pos": 10,
                "template-line-number": 22,
                "replacement-node": 0,
                "part": null
            }
        ],
        "rule-18": [
            {
                "node-pos": 171,
                "template-line-number": 358,
                "replacement-node": 93,
                "part": null
            }
        ],
        "rule-9": [
            {
                "template-line-number": 74,
                "node-pos": 44,
                "expression-node": 25,
                "replacement-node": 24,
                "part": null
            }
        ],
        "rule-7": [
            {
                "template-line-number": 65,
                "node-pos": 36,
                "expression-node": 19,
                "replacement-node": 18,
                "part": null
            }
        ]
    },
    "showifs": {},
    "line-numbers": {
        "CommonStockLineItems": [
            {
                "template-line-number": 241,
                "line-number-node": 46,
                "start-number": 1
            }
        ]
    }
}