{
    "line-numbers": {
        "ConstructionWorkInProgres": [
            {
                "template-line-number": 195,
                "start-number": 1,
                "line-number-node": 47
            }
        ]
    },
    "substitutions": {
        "rule-17": [
            {
                "template-line-number": 255,
                "replacement-node": 67,
                "expression-node": 68,
                "part": null,
                "node-pos": 117
            }
        ],
        "rule-18": [
            {
                "template-line-number": 260,
                "replacement-node": 70,
                "part": null,
                "node-pos": 121
            }
        ],
        "rule-5": [
            {
                "template-line-number": 43,
                "replacement-node": 10,
                "html": true,
                "part": null,
                "node-pos": 22
            }
        ],
        "rule-8": [
            {
                "template-line-number": 70,
                "replacement-node": 19,
                "expression-node": 20,
                "part": null,
                "node-pos": 36
            }
        ],
        "rule-3": [
            {
                "template-line-number": 31,
                "replacement-node": 4,
                "expression-node": 5,
                "part": null,
                "node-pos": 14
            }
        ],
        "rule-14": [
            {
                "template-line-number": 221,
                "replacement-node": 58,
                "part": null,
                "node-pos": 102
            }
        ],
        "rule-11": [
            {
                "template-line-number": 84,
                "replacement-node": 28,
                "expression-node": 29,
                "part": null,
                "node-pos": 48
            }
        ],
        "rule-9": [
            {
                "template-line-number": 75,
                "replacement-node": 22,
                "part": null,
                "node-pos": 40
            }
        ],
        "rule-20": {
            "name": "CWIPHeadings",
            "subs": [
                {
                    "template-line-number": 138,
                    "part": "1",
                    "extras": {},
                    "name": "CWIPHeadings",
                    "replacement-node": 40,
                    "node-pos": 75
                },
                {
                    "template-line-number": 147,
                    "part": "2",
                    "extras": {},
                    "name": "CWIPHeadings",
                    "replacement-node": 43,
                    "node-pos": 79
                },
                {
                    "template-line-number": 134,
                    "part": "3",
                    "extras": {},
                    "name": "CWIPHeadings",
                    "replacement-node": 38,
                    "node-pos": 73
                }
            ]
        },
        "rule-19": [
            {
                "template-line-number": 269,
                "replacement-node": 73,
                "part": null,
                "node-pos": 125
            }
        ],
        "rule-6": [
            {
                "template-line-number": 55,
                "replacement-node": 13,
                "html": true,
                "part": null,
                "node-pos": 27
            }
        ],
        "rule-12": [
            {
                "template-line-number": 94,
                "replacement-node": 31,
                "part": null,
                "node-pos": 54
            }
        ],
        "rule-7": [
            {
                "template-line-number": 66,
                "replacement-node": 16,
                "part": null,
                "node-pos": 32
            }
        ],
        "rule-13": [
            {
                "template-line-number": 104,
                "replacement-node": 34,
                "html": true,
                "part": null,
                "node-pos": 59
            }
        ],
        "rule-10": [
            {
                "template-line-number": 79,
                "replacement-node": 25,
                "expression-node": 26,
                "part": null,
                "node-pos": 44
            }
        ],
        "rule-21": {
            "name": "ConstructionWorkInProgres",
            "subs": [
                {
                    "template-line-number": 199,
                    "expression-node": 50,
                    "name": "ConstructionWorkInProgres",
                    "replacement-node": 49,
                    "node-pos": 88,
                    "part": "2"
                },
                {
                    "template-line-number": 205,
                    "expression-node": 53,
                    "name": "ConstructionWorkInProgres",
                    "replacement-node": 52,
                    "node-pos": 92,
                    "part": "3"
                },
                {
                    "template-line-number": 211,
                    "expression-node": 56,
                    "name": "ConstructionWorkInProgres",
                    "replacement-node": 55,
                    "node-pos": 96,
                    "part": "4"
                }
            ]
        },
        "rule-2": [
            {
                "template-line-number": 27,
                "replacement-node": 1,
                "part": null,
                "node-pos": 10
            }
        ],
        "rule-4": [
            {
                "template-line-number": 37,
                "replacement-node": 7,
                "part": null,
                "node-pos": 18
            }
        ],
        "rule-16": [
            {
                "template-line-number": 242,
                "replacement-node": 64,
                "expression-node": 65,
                "part": null,
                "node-pos": 111
            }
        ],
        "rule-15": [
            {
                "template-line-number": 233,
                "replacement-node": 61,
                "expression-node": 62,
                "part": null,
                "node-pos": 107
            }
        ]
    },
    "showifs": {
        "rule-1": {
            "template-line-number": 17,
            "type": "showif"
        }
    }
}