{
    "substitutions": {
        "rule-3": [
            {
                "part": null,
                "replacement-node": 6,
                "node-pos": 18,
                "template-line-number": 33
            }
        ],
        "rule-8": [
            {
                "part": null,
                "replacement-node": 21,
                "node-pos": 40,
                "template-line-number": 72
            }
        ],
        "rule-7": [
            {
                "part": null,
                "replacement-node": 18,
                "template-line-number": 67,
                "node-pos": 36,
                "expression-node": 19
            }
        ],
        "rule-14": [
            {
                "part": null,
                "replacement-node": 62,
                "node-pos": 111,
                "template-line-number": 257
            }
        ],
        "rule-12": [
            {
                "part": null,
                "replacement-node": 33,
                "html": true,
                "node-pos": 59,
                "template-line-number": 103
            }
        ],
        "rule-6": [
            {
                "part": null,
                "replacement-node": 15,
                "node-pos": 32,
                "template-line-number": 62
            }
        ],
        "rule-1": [
            {
                "part": null,
                "replacement-node": 0,
                "node-pos": 10,
                "template-line-number": 22
            }
        ],
        "rule-9": [
            {
                "part": null,
                "replacement-node": 24,
                "template-line-number": 77,
                "node-pos": 44,
                "expression-node": 25
            }
        ],
        "rule-5": [
            {
                "part": null,
                "replacement-node": 12,
                "html": true,
                "node-pos": 27,
                "template-line-number": 51
            }
        ],
        "rule-15": [
            {
                "part": null,
                "replacement-node": 65,
                "node-pos": 115,
                "template-line-number": 266
            }
        ],
        "rule-16": {
            "name": "UnappropriatedHeadings",
            "subs": [
                {
                    "part": "1",
                    "extras": {},
                    "template-line-number": 132,
                    "name": "UnappropriatedHeadings",
                    "replacement-node": 37,
                    "node-pos": 73
                },
                {
                    "part": "2",
                    "extras": {},
                    "template-line-number": 139,
                    "name": "UnappropriatedHeadings",
                    "replacement-node": 40,
                    "node-pos": 77
                }
            ]
        },
        "rule-17": {
            "name": "UnappropriatedLineItems",
            "subs": [
                {
                    "part": "1",
                    "extras": {},
                    "template-line-number": 211,
                    "name": "UnappropriatedLineItems",
                    "replacement-node": 44,
                    "node-pos": 83
                },
                {
                    "part": "2",
                    "extras": {},
                    "template-line-number": 222,
                    "name": "UnappropriatedLineItems",
                    "replacement-node": 49,
                    "node-pos": 91
                },
                {
                    "part": "3",
                    "extras": {},
                    "template-line-number": 229,
                    "name": "UnappropriatedLineItems",
                    "replacement-node": 53,
                    "node-pos": 96
                },
                {
                    "part": "4",
                    "template-line-number": 235,
                    "name": "UnappropriatedLineItems",
                    "expression-node": 56,
                    "replacement-node": 55,
                    "node-pos": 99
                },
                {
                    "part": "5",
                    "template-line-number": 241,
                    "name": "UnappropriatedLineItems",
                    "expression-node": 58,
                    "replacement-node": 57,
                    "node-pos": 102
                },
                {
                    "part": "6",
                    "extras": {},
                    "template-line-number": 218,
                    "name": "UnappropriatedLineItems",
                    "replacement-node": 47,
                    "node-pos": 89
                }
            ]
        },
        "rule-13": [
            {
                "part": null,
                "replacement-node": 59,
                "template-line-number": 252,
                "node-pos": 107,
                "expression-node": 60
            }
        ],
        "rule-11": [
            {
                "part": null,
                "replacement-node": 30,
                "node-pos": 54,
                "template-line-number": 92
            }
        ],
        "rule-4": [
            {
                "part": null,
                "replacement-node": 9,
                "html": true,
                "node-pos": 22,
                "template-line-number": 39
            }
        ],
        "rule-10": [
            {
                "part": null,
                "replacement-node": 27,
                "template-line-number": 82,
                "node-pos": 48,
                "expression-node": 28
            }
        ],
        "rule-2": [
            {
                "part": null,
                "replacement-node": 3,
                "template-line-number": 27,
                "node-pos": 14,
                "expression-node": 4
            }
        ]
    },
    "showifs": {},
    "line-numbers": {}
}