{
    "substitutions": {
        "rule-10": [
            {
                "template-line-number": 82,
                "replacement-node": 27,
                "expression-node": 28,
                "part": null,
                "node-pos": 48
            }
        ],
        "rule-6": [
            {
                "template-line-number": 62,
                "replacement-node": 15,
                "part": null,
                "node-pos": 32
            }
        ],
        "rule-14": [
            {
                "template-line-number": 257,
                "replacement-node": 62,
                "part": null,
                "node-pos": 111
            }
        ],
        "rule-4": [
            {
                "template-line-number": 39,
                "replacement-node": 9,
                "html": true,
                "part": null,
                "node-pos": 22
            }
        ],
        "rule-12": [
            {
                "template-line-number": 103,
                "replacement-node": 33,
                "html": true,
                "part": null,
                "node-pos": 59
            }
        ],
        "rule-2": [
            {
                "template-line-number": 27,
                "replacement-node": 3,
                "expression-node": 4,
                "part": null,
                "node-pos": 14
            }
        ],
        "rule-7": [
            {
                "template-line-number": 67,
                "replacement-node": 18,
                "expression-node": 19,
                "part": null,
                "node-pos": 36
            }
        ],
        "rule-5": [
            {
                "template-line-number": 51,
                "replacement-node": 12,
                "html": true,
                "part": null,
                "node-pos": 27
            }
        ],
        "rule-13": [
            {
                "template-line-number": 252,
                "replacement-node": 59,
                "expression-node": 60,
                "part": null,
                "node-pos": 107
            }
        ],
        "rule-17": {
            "name": "UnappropriatedLineItems",
            "subs": [
                {
                    "template-line-number": 211,
                    "extras": {},
                    "name": "UnappropriatedLineItems",
                    "part": "1",
                    "replacement-node": 44,
                    "node-pos": 83
                },
                {
                    "template-line-number": 222,
                    "extras": {},
                    "name": "UnappropriatedLineItems",
                    "part": "2",
                    "replacement-node": 49,
                    "node-pos": 91
                },
                {
                    "template-line-number": 229,
                    "extras": {},
                    "name": "UnappropriatedLineItems",
                    "part": "3",
                    "replacement-node": 53,
                    "node-pos": 96
                },
                {
                    "template-line-number": 235,
                    "replacement-node": 55,
                    "name": "UnappropriatedLineItems",
                    "part": "4",
                    "expression-node": 56,
                    "node-pos": 99
                },
                {
                    "template-line-number": 241,
                    "replacement-node": 57,
                    "name": "UnappropriatedLineItems",
                    "part": "5",
                    "expression-node": 58,
                    "node-pos": 102
                },
                {
                    "template-line-number": 218,
                    "extras": {},
                    "name": "UnappropriatedLineItems",
                    "part": "6",
                    "replacement-node": 47,
                    "node-pos": 89
                }
            ]
        },
        "rule-1": [
            {
                "template-line-number": 22,
                "replacement-node": 0,
                "part": null,
                "node-pos": 10
            }
        ],
        "rule-11": [
            {
                "template-line-number": 92,
                "replacement-node": 30,
                "part": null,
                "node-pos": 54
            }
        ],
        "rule-8": [
            {
                "template-line-number": 72,
                "replacement-node": 21,
                "part": null,
                "node-pos": 40
            }
        ],
        "rule-3": [
            {
                "template-line-number": 33,
                "replacement-node": 6,
                "part": null,
                "node-pos": 18
            }
        ],
        "rule-9": [
            {
                "template-line-number": 77,
                "replacement-node": 24,
                "expression-node": 25,
                "part": null,
                "node-pos": 44
            }
        ],
        "rule-16": {
            "name": "UnappropriatedHeadings",
            "subs": [
                {
                    "template-line-number": 132,
                    "extras": {},
                    "name": "UnappropriatedHeadings",
                    "part": "1",
                    "replacement-node": 37,
                    "node-pos": 73
                },
                {
                    "template-line-number": 139,
                    "extras": {},
                    "name": "UnappropriatedHeadings",
                    "part": "2",
                    "replacement-node": 40,
                    "node-pos": 77
                }
            ]
        },
        "rule-15": [
            {
                "template-line-number": 266,
                "replacement-node": 65,
                "part": null,
                "node-pos": 115
            }
        ]
    },
    "showifs": {},
    "line-numbers": {}
}