{
    "showifs": {},
    "substitutions": {
        "rule-11": [
            {
                "part": null,
                "node-pos": 53,
                "template-line-number": 92,
                "replacement-node": 30
            }
        ],
        "rule-21": {
            "subs": [
                {
                    "node-pos": 68,
                    "template-line-number": 129,
                    "part": "1",
                    "name": "ColumnHeadings",
                    "extras": {},
                    "replacement-node": 37
                },
                {
                    "node-pos": 72,
                    "template-line-number": 136,
                    "part": "2",
                    "name": "ColumnHeadings",
                    "extras": {},
                    "replacement-node": 40
                }
            ],
            "name": "ColumnHeadings"
        },
        "rule-15": [
            {
                "part": null,
                "expression-node": 68,
                "node-pos": 112,
                "template-line-number": 252,
                "replacement-node": 67
            }
        ],
        "rule-12": [
            {
                "html": true,
                "part": null,
                "node-pos": 58,
                "template-line-number": 103,
                "replacement-node": 33
            }
        ],
        "rule-7": [
            {
                "part": null,
                "expression-node": 19,
                "node-pos": 35,
                "template-line-number": 67,
                "replacement-node": 18
            }
        ],
        "rule-9": [
            {
                "part": null,
                "expression-node": 25,
                "node-pos": 43,
                "template-line-number": 77,
                "replacement-node": 24
            }
        ],
        "rule-8": [
            {
                "part": null,
                "node-pos": 39,
                "template-line-number": 72,
                "replacement-node": 21
            }
        ],
        "rule-13": [
            {
                "part": null,
                "node-pos": 103,
                "template-line-number": 230,
                "replacement-node": 61
            }
        ],
        "rule-6": [
            {
                "part": null,
                "node-pos": 31,
                "template-line-number": 62,
                "replacement-node": 15
            }
        ],
        "rule-3": [
            {
                "part": null,
                "node-pos": 17,
                "template-line-number": 33,
                "replacement-node": 6
            }
        ],
        "rule-22": {
            "subs": [
                {
                    "expression-node": 47,
                    "node-pos": 81,
                    "template-line-number": 198,
                    "part": "2",
                    "name": "RegionalTransmissionServiceRevenues",
                    "replacement-node": 46
                },
                {
                    "expression-node": 50,
                    "node-pos": 85,
                    "template-line-number": 203,
                    "part": "3",
                    "name": "RegionalTransmissionServiceRevenues",
                    "replacement-node": 49
                },
                {
                    "expression-node": 53,
                    "node-pos": 89,
                    "template-line-number": 208,
                    "part": "4",
                    "name": "RegionalTransmissionServiceRevenues",
                    "replacement-node": 52
                },
                {
                    "expression-node": 56,
                    "node-pos": 93,
                    "template-line-number": 213,
                    "part": "5",
                    "name": "RegionalTransmissionServiceRevenues",
                    "replacement-node": 55
                },
                {
                    "expression-node": 59,
                    "node-pos": 97,
                    "template-line-number": 218,
                    "part": "6",
                    "name": "RegionalTransmissionServiceRevenues",
                    "replacement-node": 58
                }
            ],
            "name": "RegionalTransmissionServiceRevenues"
        },
        "rule-16": [
            {
                "part": null,
                "expression-node": 71,
                "node-pos": 116,
                "template-line-number": 261,
                "replacement-node": 70
            }
        ],
        "rule-2": [
            {
                "part": null,
                "expression-node": 4,
                "node-pos": 13,
                "template-line-number": 27,
                "replacement-node": 3
            }
        ],
        "rule-4": [
            {
                "html": true,
                "part": null,
                "node-pos": 21,
                "template-line-number": 39,
                "replacement-node": 9
            }
        ],
        "rule-1": [
            {
                "part": null,
                "node-pos": 9,
                "template-line-number": 22,
                "replacement-node": 0
            }
        ],
        "rule-18": [
            {
                "part": null,
                "expression-node": 77,
                "node-pos": 126,
                "template-line-number": 284,
                "replacement-node": 76
            }
        ],
        "rule-17": [
            {
                "part": null,
                "expression-node": 74,
                "node-pos": 120,
                "template-line-number": 270,
                "replacement-node": 73
            }
        ],
        "rule-10": [
            {
                "part": null,
                "expression-node": 28,
                "node-pos": 47,
                "template-line-number": 82,
                "replacement-node": 27
            }
        ],
        "rule-19": [
            {
                "part": null,
                "node-pos": 130,
                "template-line-number": 291,
                "replacement-node": 79
            }
        ],
        "rule-20": [
            {
                "part": null,
                "node-pos": 134,
                "template-line-number": 301,
                "replacement-node": 82
            }
        ],
        "rule-14": [
            {
                "part": null,
                "expression-node": 65,
                "node-pos": 108,
                "template-line-number": 243,
                "replacement-node": 64
            }
        ],
        "rule-5": [
            {
                "html": true,
                "part": null,
                "node-pos": 26,
                "template-line-number": 51,
                "replacement-node": 12
            }
        ]
    },
    "line-numbers": {
        "RegionalTransmissionServiceRevenues": [
            {
                "line-number-node": 44,
                "template-line-number": 195,
                "start-number": 1
            }
        ]
    }
}