{
    "line-numbers": {
        "TaxableIncomeLineItems5": [
            {
                "template-line-number": 586,
                "line-number-node": 118,
                "start-number": 29
            }
        ],
        "TaxableIncomeLineItems4": [
            {
                "template-line-number": 483,
                "line-number-node": 98,
                "start-number": 20
            }
        ],
        "TaxableIncomeLineItems3": [
            {
                "template-line-number": 404,
                "line-number-node": 84,
                "start-number": 15
            }
        ],
        "TaxableIncomeLineItems": [
            {
                "template-line-number": 247,
                "line-number-node": 56,
                "start-number": 5
            }
        ],
        "TaxableIncomeLineItems2": [
            {
                "template-line-number": 325,
                "line-number-node": 70,
                "start-number": 10
            }
        ]
    },
    "substitutions": {
        "rule-13": [
            {
                "template-line-number": 145,
                "part": null,
                "replacement-node": 43,
                "node-pos": 80
            }
        ],
        "rule-22": [
            {
                "template-line-number": 536,
                "part": null,
                "replacement-node": 114,
                "node-pos": 206
            }
        ],
        "rule-25": [
            {
                "template-line-number": 629,
                "part": null,
                "replacement-node": 134,
                "node-pos": 237
            }
        ],
        "rule-8": [
            {
                "template-line-number": 69,
                "part": null,
                "replacement-node": 21,
                "node-pos": 39
            }
        ],
        "rule-21": [
            {
                "template-line-number": 522,
                "part": null,
                "expression-node": 112,
                "replacement-node": 111,
                "node-pos": 200
            }
        ],
        "rule-10": [
            {
                "template-line-number": 78,
                "part": null,
                "expression-node": 28,
                "replacement-node": 27,
                "node-pos": 47
            }
        ],
        "rule-9": [
            {
                "template-line-number": 73,
                "part": null,
                "expression-node": 25,
                "replacement-node": 24,
                "node-pos": 43
            }
        ],
        "rule-15": [
            {
                "template-line-number": 170,
                "part": null,
                "replacement-node": 49,
                "node-pos": 91
            }
        ],
        "rule-29": {
            "subs": [
                {
                    "part": "2",
                    "name": "TaxableIncomeLineItems5",
                    "node-pos": 218,
                    "template-line-number": 589,
                    "expression-node": 122,
                    "replacement-node": 121
                },
                {
                    "part": "4",
                    "name": "TaxableIncomeLineItems5",
                    "node-pos": 223,
                    "template-line-number": 600,
                    "expression-node": 126,
                    "replacement-node": 125
                }
            ],
            "name": "TaxableIncomeLineItems5"
        },
        "rule-6": [
            {
                "template-line-number": 60,
                "part": null,
                "replacement-node": 15,
                "node-pos": 31
            }
        ],
        "rule-19": [
            {
                "template-line-number": 433,
                "part": null,
                "replacement-node": 94,
                "node-pos": 172
            }
        ],
        "rule-5": [
            {
                "template-line-number": 49,
                "part": null,
                "replacement-node": 12,
                "node-pos": 26,
                "html": true
            }
        ],
        "rule-1": [
            {
                "template-line-number": 21,
                "part": null,
                "replacement-node": 0,
                "node-pos": 9
            }
        ],
        "rule-2": [
            {
                "template-line-number": 25,
                "part": null,
                "expression-node": 4,
                "replacement-node": 3,
                "node-pos": 13
            }
        ],
        "rule-7": [
            {
                "template-line-number": 64,
                "part": null,
                "expression-node": 19,
                "replacement-node": 18,
                "node-pos": 35
            }
        ],
        "rule-11": [
            {
                "template-line-number": 88,
                "part": null,
                "replacement-node": 30,
                "node-pos": 53
            }
        ],
        "rule-28": {
            "subs": [
                {
                    "part": "2",
                    "name": "TaxableIncomeLineItems4",
                    "node-pos": 184,
                    "template-line-number": 486,
                    "expression-node": 102,
                    "replacement-node": 101
                },
                {
                    "part": "4",
                    "name": "TaxableIncomeLineItems4",
                    "node-pos": 189,
                    "template-line-number": 497,
                    "expression-node": 106,
                    "replacement-node": 105
                }
            ],
            "name": "TaxableIncomeLineItems4"
        },
        "rule-24": [
            {
                "template-line-number": 619,
                "part": null,
                "replacement-node": 131,
                "node-pos": 233
            }
        ],
        "rule-4": [
            {
                "template-line-number": 37,
                "part": null,
                "replacement-node": 9,
                "node-pos": 21,
                "html": true
            }
        ],
        "rule-14": [
            {
                "template-line-number": 157,
                "part": null,
                "expression-node": 47,
                "replacement-node": 46,
                "node-pos": 85
            }
        ],
        "rule-27": {
            "subs": [
                {
                    "part": "2",
                    "name": "TaxableIncomeLineItems",
                    "node-pos": 115,
                    "template-line-number": 250,
                    "expression-node": 60,
                    "replacement-node": 59
                },
                {
                    "part": "4",
                    "name": "TaxableIncomeLineItems",
                    "node-pos": 120,
                    "template-line-number": 261,
                    "expression-node": 64,
                    "replacement-node": 63
                }
            ],
            "name": "TaxableIncomeLineItems"
        },
        "rule-12": [
            {
                "template-line-number": 99,
                "part": null,
                "replacement-node": 33,
                "node-pos": 58,
                "html": true
            }
        ],
        "rule-17": [
            {
                "template-line-number": 275,
                "part": null,
                "replacement-node": 66,
                "node-pos": 126
            }
        ],
        "rule-18": [
            {
                "template-line-number": 354,
                "part": null,
                "replacement-node": 80,
                "node-pos": 149
            }
        ],
        "rule-26": {
            "subs": [
                {
                    "part": "1",
                    "name": "Headings",
                    "node-pos": 70,
                    "template-line-number": 126,
                    "extras": {},
                    "replacement-node": 37
                },
                {
                    "part": "2",
                    "name": "Headings",
                    "node-pos": 74,
                    "template-line-number": 133,
                    "extras": {},
                    "replacement-node": 40
                }
            ],
            "name": "Headings"
        },
        "rule-16": [
            {
                "template-line-number": 197,
                "part": null,
                "replacement-node": 52,
                "node-pos": 103
            }
        ],
        "rule-3": [
            {
                "template-line-number": 31,
                "part": null,
                "replacement-node": 6,
                "node-pos": 17
            }
        ],
        "rule-30": {
            "subs": [
                {
                    "part": "2",
                    "name": "TaxableIncomeLineItems2",
                    "node-pos": 138,
                    "template-line-number": 328,
                    "expression-node": 74,
                    "replacement-node": 73
                },
                {
                    "part": "4",
                    "name": "TaxableIncomeLineItems2",
                    "node-pos": 143,
                    "template-line-number": 339,
                    "expression-node": 78,
                    "replacement-node": 77
                }
            ],
            "name": "TaxableIncomeLineItems2"
        },
        "rule-31": {
            "subs": [
                {
                    "part": "2",
                    "name": "TaxableIncomeLineItems3",
                    "node-pos": 161,
                    "template-line-number": 407,
                    "expression-node": 88,
                    "replacement-node": 87
                },
                {
                    "part": "4",
                    "name": "TaxableIncomeLineItems3",
                    "node-pos": 166,
                    "template-line-number": 418,
                    "expression-node": 92,
                    "replacement-node": 91
                }
            ],
            "name": "TaxableIncomeLineItems3"
        },
        "rule-23": [
            {
                "template-line-number": 612,
                "part": null,
                "expression-node": 129,
                "replacement-node": 128,
                "node-pos": 229
            }
        ],
        "rule-20": [
            {
                "template-line-number": 510,
                "part": null,
                "replacement-node": 108,
                "node-pos": 195
            }
        ]
    },
    "showifs": {}
}