{
    "showifs": {
        "rule-1": {
            "type": "showif",
            "template-line-number": 18
        }
    },
    "line-numbers": {},
    "substitutions": {
        "rule-3": [
            {
                "replacement-node": 4,
                "node-pos": 14,
                "template-line-number": 36,
                "part": null,
                "expression-node": 5
            }
        ],
        "rule-13": [
            {
                "replacement-node": 34,
                "html": true,
                "template-line-number": 112,
                "part": null,
                "node-pos": 59
            }
        ],
        "rule-8": [
            {
                "replacement-node": 19,
                "node-pos": 36,
                "template-line-number": 76,
                "part": null,
                "expression-node": 20
            }
        ],
        "rule-4": [
            {
                "replacement-node": 7,
                "template-line-number": 42,
                "part": null,
                "node-pos": 18
            }
        ],
        "rule-7": [
            {
                "replacement-node": 16,
                "template-line-number": 71,
                "part": null,
                "node-pos": 32
            }
        ],
        "rule-15": [
            {
                "replacement-node": 89,
                "template-line-number": 332,
                "part": null,
                "node-pos": 148
            }
        ],
        "rule-16": [
            {
                "replacement-node": 92,
                "template-line-number": 342,
                "part": null,
                "node-pos": 152
            }
        ],
        "rule-12": [
            {
                "replacement-node": 31,
                "template-line-number": 101,
                "part": null,
                "node-pos": 54
            }
        ],
        "rule-17": {
            "subs": [
                {
                    "extras": {},
                    "template-line-number": 151,
                    "part": "1",
                    "name": "ColumnHeadings",
                    "replacement-node": 38,
                    "node-pos": 76
                },
                {
                    "extras": {},
                    "template-line-number": 158,
                    "part": "2",
                    "name": "ColumnHeadings",
                    "replacement-node": 41,
                    "node-pos": 80
                }
            ],
            "name": "ColumnHeadings"
        },
        "rule-14": [
            {
                "replacement-node": 86,
                "node-pos": 144,
                "template-line-number": 325,
                "part": null,
                "expression-node": 87
            }
        ],
        "rule-10": [
            {
                "replacement-node": 25,
                "node-pos": 44,
                "template-line-number": 86,
                "part": null,
                "expression-node": 26
            }
        ],
        "rule-5": [
            {
                "replacement-node": 10,
                "html": true,
                "template-line-number": 48,
                "part": null,
                "node-pos": 22
            }
        ],
        "rule-11": [
            {
                "replacement-node": 28,
                "node-pos": 48,
                "template-line-number": 91,
                "part": null,
                "expression-node": 29
            }
        ],
        "rule-2": [
            {
                "replacement-node": 1,
                "template-line-number": 31,
                "part": null,
                "node-pos": 10
            }
        ],
        "rule-18": {
            "subs": [
                {
                    "extras": {},
                    "template-line-number": 235,
                    "part": "1",
                    "name": "ISLineItems",
                    "replacement-node": 45,
                    "node-pos": 86
                },
                {
                    "template-line-number": 295,
                    "part": "10",
                    "name": "ISLineItems",
                    "replacement-node": 74,
                    "node-pos": 126,
                    "expression-node": 75
                },
                {
                    "template-line-number": 301,
                    "part": "11",
                    "name": "ISLineItems",
                    "replacement-node": 77,
                    "node-pos": 130,
                    "expression-node": 78
                },
                {
                    "template-line-number": 307,
                    "part": "12",
                    "name": "ISLineItems",
                    "replacement-node": 80,
                    "node-pos": 134,
                    "expression-node": 81
                },
                {
                    "template-line-number": 313,
                    "part": "13",
                    "name": "ISLineItems",
                    "replacement-node": 83,
                    "node-pos": 138,
                    "expression-node": 84
                },
                {
                    "extras": {},
                    "template-line-number": 246,
                    "part": "2",
                    "name": "ISLineItems",
                    "replacement-node": 50,
                    "node-pos": 94
                },
                {
                    "extras": {},
                    "template-line-number": 253,
                    "part": "3",
                    "name": "ISLineItems",
                    "replacement-node": 54,
                    "node-pos": 99
                },
                {
                    "template-line-number": 258,
                    "part": "4",
                    "name": "ISLineItems",
                    "replacement-node": 56,
                    "node-pos": 102,
                    "expression-node": 57
                },
                {
                    "template-line-number": 264,
                    "part": "5",
                    "name": "ISLineItems",
                    "replacement-node": 59,
                    "node-pos": 106,
                    "expression-node": 60
                },
                {
                    "extras": {},
                    "template-line-number": 242,
                    "part": "6",
                    "name": "ISLineItems",
                    "replacement-node": 48,
                    "node-pos": 92
                },
                {
                    "template-line-number": 270,
                    "part": "6",
                    "name": "ISLineItems",
                    "replacement-node": 62,
                    "node-pos": 110,
                    "expression-node": 63
                },
                {
                    "template-line-number": 276,
                    "part": "7",
                    "name": "ISLineItems",
                    "replacement-node": 65,
                    "node-pos": 114,
                    "expression-node": 66
                },
                {
                    "template-line-number": 282,
                    "part": "8",
                    "name": "ISLineItems",
                    "replacement-node": 68,
                    "node-pos": 118,
                    "expression-node": 69
                },
                {
                    "template-line-number": 288,
                    "part": "9",
                    "name": "ISLineItems",
                    "replacement-node": 71,
                    "node-pos": 122,
                    "expression-node": 72
                }
            ],
            "name": "ISLineItems"
        },
        "rule-9": [
            {
                "replacement-node": 22,
                "template-line-number": 81,
                "part": null,
                "node-pos": 40
            }
        ],
        "rule-6": [
            {
                "replacement-node": 13,
                "html": true,
                "template-line-number": 60,
                "part": null,
                "node-pos": 27
            }
        ]
    }
}