{
    "line-numbers": {
        "ZoneDeliveryLineItems": [
            {
                "start-number": 1,
                "template-line-number": 228,
                "line-number-node": 46
            }
        ]
    },
    "showifs": {},
    "substitutions": {
        "rule-7": [
            {
                "node-pos": 35,
                "expression-node": 19,
                "part": null,
                "replacement-node": 18,
                "template-line-number": 64
            }
        ],
        "rule-9": [
            {
                "node-pos": 43,
                "expression-node": 25,
                "part": null,
                "replacement-node": 24,
                "template-line-number": 73
            }
        ],
        "rule-13": [
            {
                "node-pos": 136,
                "expression-node": 82,
                "part": null,
                "replacement-node": 81,
                "template-line-number": 295
            }
        ],
        "rule-17": {
            "name": "ZoneDeliveryLineItems",
            "subs": [
                {
                    "node-pos": 90,
                    "template-line-number": 231,
                    "name": "ZoneDeliveryLineItems",
                    "expression-node": 49,
                    "part": "2",
                    "replacement-node": 48
                },
                {
                    "node-pos": 94,
                    "template-line-number": 236,
                    "name": "ZoneDeliveryLineItems",
                    "expression-node": 52,
                    "part": "3",
                    "replacement-node": 51
                },
                {
                    "node-pos": 98,
                    "template-line-number": 241,
                    "name": "ZoneDeliveryLineItems",
                    "expression-node": 55,
                    "part": "4",
                    "replacement-node": 54
                },
                {
                    "node-pos": 102,
                    "template-line-number": 246,
                    "name": "ZoneDeliveryLineItems",
                    "expression-node": 58,
                    "part": "5",
                    "replacement-node": 57
                },
                {
                    "node-pos": 106,
                    "template-line-number": 251,
                    "name": "ZoneDeliveryLineItems",
                    "expression-node": 61,
                    "part": "5",
                    "replacement-node": 60
                },
                {
                    "node-pos": 110,
                    "template-line-number": 256,
                    "name": "ZoneDeliveryLineItems",
                    "expression-node": 64,
                    "part": "5",
                    "replacement-node": 63
                },
                {
                    "node-pos": 114,
                    "template-line-number": 261,
                    "name": "ZoneDeliveryLineItems",
                    "expression-node": 67,
                    "part": "5",
                    "replacement-node": 66
                },
                {
                    "node-pos": 118,
                    "template-line-number": 266,
                    "name": "ZoneDeliveryLineItems",
                    "expression-node": 70,
                    "part": "5",
                    "replacement-node": 69
                },
                {
                    "node-pos": 122,
                    "template-line-number": 271,
                    "name": "ZoneDeliveryLineItems",
                    "expression-node": 73,
                    "part": "5",
                    "replacement-node": 72
                },
                {
                    "node-pos": 126,
                    "template-line-number": 277,
                    "name": "ZoneDeliveryLineItems",
                    "expression-node": 76,
                    "part": "5",
                    "replacement-node": 75
                },
                {
                    "node-pos": 130,
                    "template-line-number": 283,
                    "name": "ZoneDeliveryLineItems",
                    "expression-node": 79,
                    "part": "5",
                    "replacement-node": 78
                }
            ]
        },
        "rule-6": [
            {
                "node-pos": 31,
                "part": null,
                "replacement-node": 15,
                "template-line-number": 60
            }
        ],
        "rule-15": [
            {
                "node-pos": 144,
                "part": null,
                "replacement-node": 87,
                "template-line-number": 309
            }
        ],
        "rule-1": [
            {
                "node-pos": 9,
                "part": null,
                "replacement-node": 0,
                "template-line-number": 21
            }
        ],
        "rule-4": [
            {
                "node-pos": 21,
                "part": null,
                "replacement-node": 9,
                "template-line-number": 37,
                "html": true
            }
        ],
        "rule-5": [
            {
                "node-pos": 26,
                "part": null,
                "replacement-node": 12,
                "template-line-number": 49,
                "html": true
            }
        ],
        "rule-12": [
            {
                "node-pos": 58,
                "part": null,
                "replacement-node": 33,
                "template-line-number": 99,
                "html": true
            }
        ],
        "rule-2": [
            {
                "node-pos": 13,
                "expression-node": 4,
                "part": null,
                "replacement-node": 3,
                "template-line-number": 25
            }
        ],
        "rule-10": [
            {
                "node-pos": 47,
                "expression-node": 28,
                "part": null,
                "replacement-node": 27,
                "template-line-number": 78
            }
        ],
        "rule-3": [
            {
                "node-pos": 17,
                "part": null,
                "replacement-node": 6,
                "template-line-number": 31
            }
        ],
        "rule-14": [
            {
                "node-pos": 140,
                "part": null,
                "replacement-node": 84,
                "template-line-number": 300
            }
        ],
        "rule-11": [
            {
                "node-pos": 53,
                "part": null,
                "replacement-node": 30,
                "template-line-number": 88
            }
        ],
        "rule-8": [
            {
                "node-pos": 39,
                "part": null,
                "replacement-node": 21,
                "template-line-number": 69
            }
        ],
        "rule-16": {
            "name": "RevenueHeadings",
            "subs": [
                {
                    "node-pos": 77,
                    "part": "1",
                    "template-line-number": 137,
                    "name": "RevenueHeadings",
                    "extras": {},
                    "replacement-node": 39
                },
                {
                    "node-pos": 81,
                    "part": "2",
                    "template-line-number": 146,
                    "name": "RevenueHeadings",
                    "extras": {},
                    "replacement-node": 42
                },
                {
                    "node-pos": 75,
                    "part": "3",
                    "template-line-number": 133,
                    "name": "RevenueHeadings",
                    "extras": {},
                    "replacement-node": 37
                }
            ]
        }
    }
}