{
    "showifs": {
        "rule-1": {
            "type": "showif",
            "template-line-number": 16
        }
    },
    "line-numbers": {
        "VotingPowers": [
            {
                "line-number-node": 125,
                "start-number": 8,
                "template-line-number": 503
            }
        ]
    },
    "substitutions": {
        "rule-27": [
            {
                "replacement-node": 76,
                "part": null,
                "template-line-number": 291,
                "node-pos": 143
            }
        ],
        "rule-43": [
            {
                "replacement-node": 143,
                "part": null,
                "template-line-number": 537,
                "node-pos": 243,
                "expression-node": 144
            }
        ],
        "rule-35": [
            {
                "replacement-node": 100,
                "part": null,
                "template-line-number": 377,
                "node-pos": 181,
                "expression-node": 101
            }
        ],
        "rule-15": [
            {
                "replacement-node": 40,
                "part": null,
                "template-line-number": 148,
                "node-pos": 76,
                "expression-node": 41
            }
        ],
        "rule-7": [
            {
                "replacement-node": 16,
                "part": null,
                "template-line-number": 66,
                "node-pos": 32
            }
        ],
        "rule-11": [
            {
                "replacement-node": 28,
                "part": null,
                "template-line-number": 86,
                "node-pos": 50,
                "expression-node": 29
            }
        ],
        "rule-13": [
            {
                "html": true,
                "replacement-node": 34,
                "part": null,
                "template-line-number": 107,
                "node-pos": 61
            }
        ],
        "rule-20": [
            {
                "replacement-node": 55,
                "part": null,
                "template-line-number": 197,
                "node-pos": 99,
                "expression-node": 56
            }
        ],
        "rule-18": [
            {
                "replacement-node": 49,
                "part": null,
                "template-line-number": 177,
                "node-pos": 90,
                "expression-node": 50
            }
        ],
        "rule-34": [
            {
                "replacement-node": 97,
                "part": null,
                "template-line-number": 368,
                "node-pos": 177,
                "expression-node": 98
            }
        ],
        "rule-39": [
            {
                "replacement-node": 112,
                "part": null,
                "template-line-number": 419,
                "node-pos": 199,
                "expression-node": 113
            }
        ],
        "rule-3": [
            {
                "replacement-node": 4,
                "part": null,
                "template-line-number": 31,
                "node-pos": 14,
                "expression-node": 5
            }
        ],
        "rule-9": [
            {
                "replacement-node": 22,
                "part": null,
                "template-line-number": 76,
                "node-pos": 41
            }
        ],
        "rule-37": [
            {
                "replacement-node": 106,
                "part": null,
                "template-line-number": 395,
                "node-pos": 189,
                "expression-node": 107
            }
        ],
        "rule-44": [
            {
                "replacement-node": 146,
                "part": null,
                "template-line-number": 542,
                "node-pos": 247
            }
        ],
        "rule-42": [
            {
                "replacement-node": 121,
                "part": null,
                "template-line-number": 446,
                "node-pos": 211,
                "expression-node": 122
            }
        ],
        "rule-8": [
            {
                "replacement-node": 19,
                "part": null,
                "template-line-number": 71,
                "node-pos": 37,
                "expression-node": 20
            }
        ],
        "rule-21": [
            {
                "replacement-node": 58,
                "part": null,
                "template-line-number": 209,
                "node-pos": 105
            }
        ],
        "rule-17": [
            {
                "replacement-node": 46,
                "part": null,
                "template-line-number": 169,
                "node-pos": 86,
                "expression-node": 47
            }
        ],
        "rule-25": [
            {
                "replacement-node": 70,
                "part": null,
                "template-line-number": 265,
                "node-pos": 131
            }
        ],
        "rule-38": [
            {
                "replacement-node": 109,
                "part": null,
                "template-line-number": 409,
                "node-pos": 195
            }
        ],
        "rule-19": [
            {
                "replacement-node": 52,
                "part": null,
                "template-line-number": 186,
                "node-pos": 94
            }
        ],
        "rule-32": [
            {
                "replacement-node": 91,
                "part": null,
                "template-line-number": 344,
                "node-pos": 167,
                "expression-node": 92
            }
        ],
        "rule-22": [
            {
                "replacement-node": 61,
                "part": null,
                "template-line-number": 226,
                "node-pos": 115
            }
        ],
        "rule-12": [
            {
                "replacement-node": 31,
                "part": null,
                "template-line-number": 96,
                "node-pos": 56
            }
        ],
        "rule-29": [
            {
                "replacement-node": 82,
                "part": null,
                "template-line-number": 317,
                "node-pos": 155,
                "expression-node": 83
            }
        ],
        "rule-30": [
            {
                "replacement-node": 85,
                "part": null,
                "template-line-number": 326,
                "node-pos": 159,
                "expression-node": 86
            }
        ],
        "rule-45": [
            {
                "replacement-node": 149,
                "part": null,
                "template-line-number": 551,
                "node-pos": 251
            }
        ],
        "rule-46": {
            "name": "VotingPowers",
            "subs": [
                {
                    "template-line-number": 506,
                    "name": "VotingPowers",
                    "node-pos": 221,
                    "expression-node": 129,
                    "replacement-node": 128,
                    "part": "2"
                },
                {
                    "template-line-number": 511,
                    "name": "VotingPowers",
                    "node-pos": 225,
                    "expression-node": 132,
                    "replacement-node": 131,
                    "part": "3"
                },
                {
                    "template-line-number": 516,
                    "name": "VotingPowers",
                    "node-pos": 229,
                    "expression-node": 135,
                    "replacement-node": 134,
                    "part": "4"
                },
                {
                    "template-line-number": 521,
                    "name": "VotingPowers",
                    "node-pos": 233,
                    "expression-node": 138,
                    "replacement-node": 137,
                    "part": "5"
                },
                {
                    "template-line-number": 526,
                    "name": "VotingPowers",
                    "node-pos": 237,
                    "expression-node": 141,
                    "replacement-node": 140,
                    "part": "6"
                }
            ]
        },
        "rule-6": [
            {
                "html": true,
                "replacement-node": 13,
                "part": null,
                "template-line-number": 55,
                "node-pos": 27
            }
        ],
        "rule-24": [
            {
                "replacement-node": 67,
                "part": null,
                "template-line-number": 251,
                "node-pos": 125
            }
        ],
        "rule-33": [
            {
                "replacement-node": 94,
                "part": null,
                "template-line-number": 358,
                "node-pos": 173
            }
        ],
        "rule-4": [
            {
                "replacement-node": 7,
                "part": null,
                "template-line-number": 37,
                "node-pos": 18
            }
        ],
        "rule-26": [
            {
                "replacement-node": 73,
                "part": null,
                "template-line-number": 278,
                "node-pos": 137
            }
        ],
        "rule-36": [
            {
                "replacement-node": 103,
                "part": null,
                "template-line-number": 386,
                "node-pos": 185,
                "expression-node": 104
            }
        ],
        "rule-5": [
            {
                "html": true,
                "replacement-node": 10,
                "part": null,
                "template-line-number": 43,
                "node-pos": 22
            }
        ],
        "rule-14": [
            {
                "replacement-node": 37,
                "part": null,
                "template-line-number": 137,
                "node-pos": 71
            }
        ],
        "rule-16": [
            {
                "replacement-node": 43,
                "part": null,
                "template-line-number": 157,
                "node-pos": 80
            }
        ],
        "rule-41": [
            {
                "replacement-node": 118,
                "part": null,
                "template-line-number": 437,
                "node-pos": 207,
                "expression-node": 119
            }
        ],
        "rule-31": [
            {
                "replacement-node": 88,
                "part": null,
                "template-line-number": 335,
                "node-pos": 163,
                "expression-node": 89
            }
        ],
        "rule-23": [
            {
                "replacement-node": 64,
                "part": null,
                "template-line-number": 237,
                "node-pos": 120,
                "expression-node": 65
            }
        ],
        "rule-10": [
            {
                "replacement-node": 25,
                "part": null,
                "template-line-number": 81,
                "node-pos": 46,
                "expression-node": 26
            }
        ],
        "rule-2": [
            {
                "replacement-node": 1,
                "part": null,
                "template-line-number": 26,
                "node-pos": 10
            }
        ],
        "rule-40": [
            {
                "replacement-node": 115,
                "part": null,
                "template-line-number": 428,
                "node-pos": 203,
                "expression-node": 116
            }
        ],
        "rule-28": [
            {
                "replacement-node": 79,
                "part": null,
                "template-line-number": 308,
                "node-pos": 151
            }
        ]
    }
}