{
    "showifs": {
        "rule-1": {
            "type": "showif",
            "template-line-number": 19
        }
    },
    "substitutions": {
        "rule-5": [
            {
                "html": true,
                "node-pos": 23,
                "replacement-node": 10,
                "part": null,
                "template-line-number": 46
            }
        ],
        "rule-12": [
            {
                "expression-node": 55,
                "node-pos": 93,
                "replacement-node": 54,
                "part": null,
                "template-line-number": 200
            }
        ],
        "rule-10": [
            {
                "expression-node": 26,
                "node-pos": 45,
                "replacement-node": 25,
                "part": null,
                "template-line-number": 84
            }
        ],
        "rule-14": [
            {
                "node-pos": 101,
                "replacement-node": 60,
                "part": null,
                "template-line-number": 215
            }
        ],
        "rule-16": {
            "subs": [
                {
                    "node-pos": 60,
                    "template-line-number": 115,
                    "extras": {},
                    "replacement-node": 32,
                    "part": "1",
                    "name": "BSHeadings"
                },
                {
                    "node-pos": 64,
                    "template-line-number": 122,
                    "extras": {},
                    "replacement-node": 35,
                    "part": "2",
                    "name": "BSHeadings"
                }
            ],
            "name": "BSHeadings"
        },
        "rule-9": [
            {
                "node-pos": 41,
                "replacement-node": 22,
                "part": null,
                "template-line-number": 79
            }
        ],
        "rule-2": [
            {
                "node-pos": 11,
                "replacement-node": 1,
                "part": null,
                "template-line-number": 29
            }
        ],
        "rule-7": [
            {
                "node-pos": 33,
                "replacement-node": 16,
                "part": null,
                "template-line-number": 69
            }
        ],
        "rule-11": [
            {
                "expression-node": 29,
                "node-pos": 49,
                "replacement-node": 28,
                "part": null,
                "template-line-number": 89
            }
        ],
        "rule-3": [
            {
                "expression-node": 5,
                "node-pos": 15,
                "replacement-node": 4,
                "part": null,
                "template-line-number": 34
            }
        ],
        "rule-15": {
            "subs": [
                {
                    "node-pos": 70,
                    "template-line-number": 161,
                    "extras": {},
                    "replacement-node": 39,
                    "part": "1",
                    "name": "BSLineItems"
                },
                {
                    "node-pos": 78,
                    "template-line-number": 172,
                    "extras": {},
                    "replacement-node": 44,
                    "part": "2",
                    "name": "BSLineItems"
                },
                {
                    "expression-node": 49,
                    "node-pos": 83,
                    "template-line-number": 183,
                    "replacement-node": 48,
                    "part": "3",
                    "name": "BSLineItems"
                },
                {
                    "expression-node": 52,
                    "node-pos": 87,
                    "template-line-number": 189,
                    "replacement-node": 51,
                    "part": "4",
                    "name": "BSLineItems"
                },
                {
                    "node-pos": 76,
                    "template-line-number": 168,
                    "extras": {},
                    "replacement-node": 42,
                    "part": "6",
                    "name": "BSLineItems"
                }
            ],
            "name": "BSLineItems"
        },
        "rule-13": [
            {
                "node-pos": 97,
                "replacement-node": 57,
                "part": null,
                "template-line-number": 205
            }
        ],
        "rule-4": [
            {
                "node-pos": 19,
                "replacement-node": 7,
                "part": null,
                "template-line-number": 40
            }
        ],
        "rule-6": [
            {
                "html": true,
                "node-pos": 28,
                "replacement-node": 13,
                "part": null,
                "template-line-number": 58
            }
        ],
        "rule-8": [
            {
                "expression-node": 20,
                "node-pos": 37,
                "replacement-node": 19,
                "part": null,
                "template-line-number": 74
            }
        ]
    },
    "line-numbers": {}
}