{
    "line-numbers": {},
    "showifs": {},
    "substitutions": {
        "rule-7": [
            {
                "part": null,
                "expression-node": 19,
                "replacement-node": 18,
                "template-line-number": 67,
                "node-pos": 36
            }
        ],
        "rule-9": [
            {
                "part": null,
                "expression-node": 25,
                "replacement-node": 24,
                "template-line-number": 77,
                "node-pos": 45
            }
        ],
        "rule-13": [
            {
                "part": null,
                "expression-node": 65,
                "replacement-node": 64,
                "template-line-number": 354,
                "node-pos": 111
            }
        ],
        "rule-5": [
            {
                "part": null,
                "node-pos": 27,
                "replacement-node": 12,
                "html": true,
                "template-line-number": 51
            }
        ],
        "rule-16": {
            "subs": [
                {
                    "extras": {},
                    "replacement-node": 37,
                    "template-line-number": 131,
                    "part": "1",
                    "node-pos": 73,
                    "name": "ISHeadings"
                },
                {
                    "extras": {},
                    "replacement-node": 40,
                    "template-line-number": 138,
                    "part": "2",
                    "node-pos": 77,
                    "name": "ISHeadings"
                }
            ],
            "name": "ISHeadings"
        },
        "rule-3": [
            {
                "part": null,
                "node-pos": 18,
                "replacement-node": 6,
                "template-line-number": 33
            }
        ],
        "rule-6": [
            {
                "part": null,
                "node-pos": 32,
                "replacement-node": 15,
                "template-line-number": 62
            }
        ],
        "rule-11": [
            {
                "part": null,
                "node-pos": 55,
                "replacement-node": 30,
                "template-line-number": 92
            }
        ],
        "rule-4": [
            {
                "part": null,
                "node-pos": 22,
                "replacement-node": 9,
                "html": true,
                "template-line-number": 39
            }
        ],
        "rule-2": [
            {
                "part": null,
                "expression-node": 4,
                "replacement-node": 3,
                "template-line-number": 27,
                "node-pos": 14
            }
        ],
        "rule-10": [
            {
                "part": null,
                "expression-node": 28,
                "replacement-node": 27,
                "template-line-number": 82,
                "node-pos": 49
            }
        ],
        "rule-12": [
            {
                "part": null,
                "node-pos": 60,
                "replacement-node": 33,
                "html": true,
                "template-line-number": 103
            }
        ],
        "rule-8": [
            {
                "part": null,
                "node-pos": 40,
                "replacement-node": 21,
                "template-line-number": 72
            }
        ],
        "rule-17": {
            "subs": [
                {
                    "extras": {},
                    "replacement-node": 44,
                    "template-line-number": 305,
                    "part": "1",
                    "node-pos": 83,
                    "name": "CFLineItems"
                },
                {
                    "expression-node": 50,
                    "replacement-node": 49,
                    "template-line-number": 316,
                    "part": "2",
                    "node-pos": 91,
                    "name": "CFLineItems"
                },
                {
                    "expression-node": 55,
                    "replacement-node": 54,
                    "template-line-number": 328,
                    "part": "4",
                    "node-pos": 97,
                    "name": "CFLineItems"
                },
                {
                    "expression-node": 60,
                    "replacement-node": 59,
                    "template-line-number": 338,
                    "part": "5",
                    "node-pos": 103,
                    "name": "CFLineItems"
                },
                {
                    "extras": {},
                    "replacement-node": 47,
                    "template-line-number": 312,
                    "part": "6",
                    "node-pos": 89,
                    "name": "CFLineItems"
                }
            ],
            "name": "CFLineItems"
        },
        "rule-14": [
            {
                "part": null,
                "node-pos": 115,
                "replacement-node": 67,
                "template-line-number": 359
            }
        ],
        "rule-1": [
            {
                "part": null,
                "node-pos": 10,
                "replacement-node": 0,
                "template-line-number": 22
            }
        ],
        "rule-15": [
            {
                "part": null,
                "node-pos": 119,
                "replacement-node": 70,
                "template-line-number": 368
            }
        ]
    }
}