{
    "line-numbers": {},
    "showifs": {
        "rule-1": {
            "template-line-number": 17,
            "type": "showif"
        }
    },
    "substitutions": {
        "rule-6": [
            {
                "template-line-number": 56,
                "part": null,
                "html": true,
                "node-pos": 27,
                "replacement-node": 13
            }
        ],
        "rule-11": [
            {
                "template-line-number": 87,
                "part": null,
                "expression-node": 29,
                "node-pos": 48,
                "replacement-node": 28
            }
        ],
        "rule-7": [
            {
                "template-line-number": 67,
                "part": null,
                "node-pos": 32,
                "replacement-node": 16
            }
        ],
        "rule-5": [
            {
                "template-line-number": 44,
                "part": null,
                "html": true,
                "node-pos": 22,
                "replacement-node": 10
            }
        ],
        "rule-12": [
            {
                "template-line-number": 97,
                "part": null,
                "node-pos": 54,
                "replacement-node": 31
            }
        ],
        "rule-10": [
            {
                "template-line-number": 82,
                "part": null,
                "expression-node": 26,
                "node-pos": 44,
                "replacement-node": 25
            }
        ],
        "rule-14": [
            {
                "template-line-number": 214,
                "part": null,
                "node-pos": 102,
                "replacement-node": 62
            }
        ],
        "rule-13": [
            {
                "template-line-number": 209,
                "part": null,
                "expression-node": 60,
                "node-pos": 98,
                "replacement-node": 59
            }
        ],
        "rule-4": [
            {
                "template-line-number": 38,
                "part": null,
                "node-pos": 18,
                "replacement-node": 7
            }
        ],
        "rule-3": [
            {
                "template-line-number": 32,
                "part": null,
                "expression-node": 5,
                "node-pos": 14,
                "replacement-node": 4
            }
        ],
        "rule-16": {
            "name": "BSLineItems",
            "subs": [
                {
                    "extras": {},
                    "part": "1",
                    "template-line-number": 167,
                    "name": "BSLineItems",
                    "node-pos": 72,
                    "replacement-node": 42
                },
                {
                    "extras": {},
                    "part": "2",
                    "template-line-number": 178,
                    "name": "BSLineItems",
                    "node-pos": 80,
                    "replacement-node": 47
                },
                {
                    "extras": {},
                    "part": "3",
                    "template-line-number": 187,
                    "name": "BSLineItems",
                    "node-pos": 85,
                    "replacement-node": 51
                },
                {
                    "part": "4",
                    "expression-node": 54,
                    "template-line-number": 192,
                    "name": "BSLineItems",
                    "node-pos": 88,
                    "replacement-node": 53
                },
                {
                    "part": "5",
                    "expression-node": 57,
                    "template-line-number": 198,
                    "name": "BSLineItems",
                    "node-pos": 92,
                    "replacement-node": 56
                },
                {
                    "extras": {},
                    "part": "6",
                    "template-line-number": 174,
                    "name": "BSLineItems",
                    "node-pos": 78,
                    "replacement-node": 45
                }
            ]
        },
        "rule-8": [
            {
                "template-line-number": 72,
                "part": null,
                "expression-node": 20,
                "node-pos": 36,
                "replacement-node": 19
            }
        ],
        "rule-9": [
            {
                "template-line-number": 77,
                "part": null,
                "node-pos": 40,
                "replacement-node": 22
            }
        ],
        "rule-17": {
            "name": "BSHeadings",
            "subs": [
                {
                    "extras": {},
                    "part": "1",
                    "template-line-number": 121,
                    "name": "BSHeadings",
                    "node-pos": 62,
                    "replacement-node": 35
                },
                {
                    "extras": {},
                    "part": "2",
                    "template-line-number": 128,
                    "name": "BSHeadings",
                    "node-pos": 66,
                    "replacement-node": 38
                }
            ]
        },
        "rule-2": [
            {
                "template-line-number": 27,
                "part": null,
                "node-pos": 10,
                "replacement-node": 1
            }
        ],
        "rule-15": [
            {
                "template-line-number": 223,
                "part": null,
                "node-pos": 106,
                "replacement-node": 65
            }
        ]
    }
}