{
    "substitutions": {
        "rule-6": [
            {
                "node-pos": 31,
                "part": null,
                "template-line-number": 62,
                "replacement-node": 15
            }
        ],
        "rule-5": [
            {
                "html": true,
                "node-pos": 26,
                "part": null,
                "template-line-number": 51,
                "replacement-node": 12
            }
        ],
        "rule-17": {
            "subs": [
                {
                    "template-line-number": 285,
                    "replacement-node": 44,
                    "extras": {},
                    "name": "OPCLineItems",
                    "part": "1",
                    "node-pos": 81
                },
                {
                    "template-line-number": 296,
                    "replacement-node": 48,
                    "name": "OPCLineItems",
                    "part": "2",
                    "node-pos": 88,
                    "expression-node": 49
                },
                {
                    "template-line-number": 306,
                    "replacement-node": 53,
                    "name": "OPCLineItems",
                    "part": "5",
                    "node-pos": 94,
                    "expression-node": 54
                },
                {
                    "template-line-number": 292,
                    "replacement-node": 46,
                    "extras": {},
                    "name": "OPCLineItems",
                    "part": "6",
                    "node-pos": 86
                }
            ],
            "name": "OPCLineItems"
        },
        "rule-13": [
            {
                "node-pos": 101,
                "part": null,
                "template-line-number": 320,
                "expression-node": 58,
                "replacement-node": 57
            }
        ],
        "rule-10": [
            {
                "node-pos": 47,
                "part": null,
                "template-line-number": 82,
                "expression-node": 28,
                "replacement-node": 27
            }
        ],
        "rule-3": [
            {
                "node-pos": 17,
                "part": null,
                "template-line-number": 33,
                "replacement-node": 6
            }
        ],
        "rule-14": [
            {
                "node-pos": 105,
                "part": null,
                "template-line-number": 327,
                "replacement-node": 60
            }
        ],
        "rule-16": {
            "subs": [
                {
                    "template-line-number": 132,
                    "replacement-node": 37,
                    "extras": {},
                    "name": "OPCHeadings",
                    "part": "1",
                    "node-pos": 71
                },
                {
                    "template-line-number": 139,
                    "replacement-node": 40,
                    "extras": {},
                    "name": "OPCHeadings",
                    "part": "2",
                    "node-pos": 75
                }
            ],
            "name": "OPCHeadings"
        },
        "rule-7": [
            {
                "node-pos": 35,
                "part": null,
                "template-line-number": 67,
                "expression-node": 19,
                "replacement-node": 18
            }
        ],
        "rule-1": [
            {
                "node-pos": 9,
                "part": null,
                "template-line-number": 22,
                "replacement-node": 0
            }
        ],
        "rule-4": [
            {
                "html": true,
                "node-pos": 21,
                "part": null,
                "template-line-number": 39,
                "replacement-node": 9
            }
        ],
        "rule-15": [
            {
                "node-pos": 109,
                "part": null,
                "template-line-number": 337,
                "replacement-node": 63
            }
        ],
        "rule-12": [
            {
                "html": true,
                "node-pos": 58,
                "part": null,
                "template-line-number": 103,
                "replacement-node": 33
            }
        ],
        "rule-11": [
            {
                "node-pos": 53,
                "part": null,
                "template-line-number": 92,
                "replacement-node": 30
            }
        ],
        "rule-2": [
            {
                "node-pos": 13,
                "part": null,
                "template-line-number": 27,
                "expression-node": 4,
                "replacement-node": 3
            }
        ],
        "rule-9": [
            {
                "node-pos": 43,
                "part": null,
                "template-line-number": 77,
                "expression-node": 25,
                "replacement-node": 24
            }
        ],
        "rule-8": [
            {
                "node-pos": 39,
                "part": null,
                "template-line-number": 72,
                "replacement-node": 21
            }
        ]
    },
    "line-numbers": {},
    "showifs": {}
}