{
    "substitutions": {
        "rule-1": [
            {
                "part": null,
                "replacement-node": 0,
                "template-line-number": 22,
                "node-pos": 9
            }
        ],
        "rule-2": [
            {
                "part": null,
                "replacement-node": 3,
                "expression-node": 4,
                "template-line-number": 27,
                "node-pos": 13
            }
        ],
        "rule-3": [
            {
                "part": null,
                "replacement-node": 6,
                "template-line-number": 33,
                "node-pos": 17
            }
        ],
        "rule-4": [
            {
                "part": null,
                "replacement-node": 9,
                "template-line-number": 39,
                "node-pos": 21,
                "html": true
            }
        ],
        "rule-5": [
            {
                "part": null,
                "replacement-node": 12,
                "template-line-number": 51,
                "node-pos": 26,
                "html": true
            }
        ],
        "rule-6": [
            {
                "part": null,
                "replacement-node": 15,
                "template-line-number": 62,
                "node-pos": 31
            }
        ],
        "rule-7": [
            {
                "part": null,
                "replacement-node": 18,
                "expression-node": 19,
                "template-line-number": 67,
                "node-pos": 35
            }
        ],
        "rule-8": [
            {
                "part": null,
                "replacement-node": 21,
                "template-line-number": 72,
                "node-pos": 39
            }
        ],
        "rule-9": [
            {
                "part": null,
                "replacement-node": 24,
                "expression-node": 25,
                "template-line-number": 77,
                "node-pos": 43
            }
        ],
        "rule-10": [
            {
                "part": null,
                "replacement-node": 27,
                "expression-node": 28,
                "template-line-number": 82,
                "node-pos": 47
            }
        ],
        "rule-11": [
            {
                "part": null,
                "replacement-node": 30,
                "template-line-number": 92,
                "node-pos": 53
            }
        ],
        "rule-12": [
            {
                "part": null,
                "replacement-node": 33,
                "template-line-number": 103,
                "node-pos": 58,
                "html": true
            }
        ],
        "rule-13": [
            {
                "part": null,
                "replacement-node": 57,
                "expression-node": 58,
                "template-line-number": 320,
                "node-pos": 101
            }
        ],
        "rule-14": [
            {
                "part": null,
                "replacement-node": 60,
                "template-line-number": 327,
                "node-pos": 105
            }
        ],
        "rule-15": [
            {
                "part": null,
                "replacement-node": 63,
                "template-line-number": 337,
                "node-pos": 109
            }
        ],
        "rule-16": {
            "name": "OPCLineItems",
            "subs": [
                {
                    "name": "OPCLineItems",
                    "part": "1",
                    "replacement-node": 44,
                    "template-line-number": 285,
                    "extras": {},
                    "node-pos": 81
                },
                {
                    "name": "OPCLineItems",
                    "part": "2",
                    "replacement-node": 48,
                    "expression-node": 49,
                    "template-line-number": 296,
                    "node-pos": 88
                },
                {
                    "name": "OPCLineItems",
                    "part": "5",
                    "replacement-node": 53,
                    "expression-node": 54,
                    "template-line-number": 306,
                    "node-pos": 94
                },
                {
                    "name": "OPCLineItems",
                    "part": "6",
                    "replacement-node": 46,
                    "template-line-number": 292,
                    "extras": {},
                    "node-pos": 86
                }
            ]
        },
        "rule-17": {
            "name": "OPCHeadings",
            "subs": [
                {
                    "name": "OPCHeadings",
                    "part": "1",
                    "replacement-node": 37,
                    "template-line-number": 132,
                    "extras": {},
                    "node-pos": 71
                },
                {
                    "name": "OPCHeadings",
                    "part": "2",
                    "replacement-node": 40,
                    "template-line-number": 139,
                    "extras": {},
                    "node-pos": 75
                }
            ]
        }
    },
    "line-numbers": {},
    "showifs": {},
    "footnotes": {},
    "standard-rules": [
        "rule-1",
        "rule-2",
        "rule-3",
        "rule-4",
        "rule-5",
        "rule-6",
        "rule-7",
        "rule-8",
        "rule-9",
        "rule-10",
        "rule-11",
        "rule-12",
        "rule-13",
        "rule-14",
        "rule-15",
        "rule-16",
        "rule-17"
    ],
    "footnote-rules": []
}