{
    "showifs": {},
    "line-numbers": {
        "OtherInvestments": [
            {
                "line-number-node": 44,
                "start-number": 1,
                "template-line-number": 193
            }
        ]
    },
    "substitutions": {
        "rule-4": [
            {
                "html": true,
                "part": null,
                "template-line-number": 38,
                "node-pos": 21,
                "replacement-node": 9
            }
        ],
        "rule-12": [
            {
                "html": true,
                "part": null,
                "template-line-number": 102,
                "node-pos": 58,
                "replacement-node": 33
            }
        ],
        "rule-8": [
            {
                "part": null,
                "template-line-number": 71,
                "node-pos": 39,
                "replacement-node": 21
            }
        ],
        "rule-6": [
            {
                "part": null,
                "template-line-number": 61,
                "node-pos": 31,
                "replacement-node": 15
            }
        ],
        "rule-1": [
            {
                "part": null,
                "template-line-number": 21,
                "node-pos": 9,
                "replacement-node": 0
            }
        ],
        "rule-14": [
            {
                "part": null,
                "template-line-number": 243,
                "node-pos": 106,
                "replacement-node": 62
            }
        ],
        "rule-11": [
            {
                "part": null,
                "template-line-number": 91,
                "node-pos": 53,
                "replacement-node": 30
            }
        ],
        "rule-7": [
            {
                "part": null,
                "template-line-number": 66,
                "node-pos": 35,
                "expression-node": 19,
                "replacement-node": 18
            }
        ],
        "rule-2": [
            {
                "part": null,
                "template-line-number": 26,
                "node-pos": 13,
                "expression-node": 4,
                "replacement-node": 3
            }
        ],
        "rule-15": [
            {
                "part": null,
                "template-line-number": 252,
                "node-pos": 110,
                "replacement-node": 65
            }
        ],
        "rule-10": [
            {
                "part": null,
                "template-line-number": 81,
                "node-pos": 47,
                "expression-node": 28,
                "replacement-node": 27
            }
        ],
        "rule-5": [
            {
                "html": true,
                "part": null,
                "template-line-number": 50,
                "node-pos": 26,
                "replacement-node": 12
            }
        ],
        "rule-9": [
            {
                "part": null,
                "template-line-number": 76,
                "node-pos": 43,
                "expression-node": 25,
                "replacement-node": 24
            }
        ],
        "rule-3": [
            {
                "part": null,
                "template-line-number": 32,
                "node-pos": 17,
                "replacement-node": 6
            }
        ],
        "rule-13": [
            {
                "part": null,
                "template-line-number": 237,
                "node-pos": 102,
                "expression-node": 60,
                "replacement-node": 59
            }
        ],
        "rule-16": {
            "name": "ColumnHeadings",
            "subs": [
                {
                    "part": "1",
                    "name": "ColumnHeadings",
                    "node-pos": 70,
                    "extras": {},
                    "replacement-node": 37,
                    "template-line-number": 129
                },
                {
                    "part": "2",
                    "name": "ColumnHeadings",
                    "node-pos": 74,
                    "extras": {},
                    "replacement-node": 40,
                    "template-line-number": 136
                }
            ]
        },
        "rule-17": {
            "name": "OtherInvestments",
            "subs": [
                {
                    "part": "2",
                    "name": "OtherInvestments",
                    "node-pos": 84,
                    "expression-node": 48,
                    "replacement-node": 47,
                    "template-line-number": 200
                },
                {
                    "part": "3",
                    "name": "OtherInvestments",
                    "node-pos": 88,
                    "expression-node": 51,
                    "replacement-node": 50,
                    "template-line-number": 208
                },
                {
                    "part": "4",
                    "name": "OtherInvestments",
                    "node-pos": 92,
                    "expression-node": 54,
                    "replacement-node": 53,
                    "template-line-number": 216
                },
                {
                    "part": "5",
                    "name": "OtherInvestments",
                    "node-pos": 96,
                    "expression-node": 57,
                    "replacement-node": 56,
                    "template-line-number": 224
                }
            ]
        }
    }
}