{
    "line-numbers": {
        "OtherInvestments": [
            {
                "start-number": 1,
                "template-line-number": 193,
                "line-number-node": 44
            }
        ]
    },
    "showifs": {},
    "substitutions": {
        "rule-6": [
            {
                "part": null,
                "node-pos": 31,
                "replacement-node": 15,
                "template-line-number": 61
            }
        ],
        "rule-10": [
            {
                "part": null,
                "expression-node": 28,
                "replacement-node": 27,
                "template-line-number": 81,
                "node-pos": 47
            }
        ],
        "rule-12": [
            {
                "part": null,
                "node-pos": 58,
                "replacement-node": 33,
                "template-line-number": 102,
                "html": true
            }
        ],
        "rule-13": [
            {
                "part": null,
                "expression-node": 60,
                "replacement-node": 59,
                "template-line-number": 237,
                "node-pos": 102
            }
        ],
        "rule-7": [
            {
                "part": null,
                "expression-node": 19,
                "replacement-node": 18,
                "template-line-number": 66,
                "node-pos": 35
            }
        ],
        "rule-16": {
            "name": "OtherInvestments",
            "subs": [
                {
                    "name": "OtherInvestments",
                    "part": "2",
                    "replacement-node": 47,
                    "expression-node": 48,
                    "node-pos": 84,
                    "template-line-number": 200
                },
                {
                    "name": "OtherInvestments",
                    "part": "3",
                    "replacement-node": 50,
                    "expression-node": 51,
                    "node-pos": 88,
                    "template-line-number": 208
                },
                {
                    "name": "OtherInvestments",
                    "part": "4",
                    "replacement-node": 53,
                    "expression-node": 54,
                    "node-pos": 92,
                    "template-line-number": 216
                },
                {
                    "name": "OtherInvestments",
                    "part": "5",
                    "replacement-node": 56,
                    "expression-node": 57,
                    "node-pos": 96,
                    "template-line-number": 224
                }
            ]
        },
        "rule-5": [
            {
                "part": null,
                "node-pos": 26,
                "replacement-node": 12,
                "template-line-number": 50,
                "html": true
            }
        ],
        "rule-14": [
            {
                "part": null,
                "node-pos": 106,
                "replacement-node": 62,
                "template-line-number": 243
            }
        ],
        "rule-17": {
            "name": "ColumnHeadings",
            "subs": [
                {
                    "name": "ColumnHeadings",
                    "part": "1",
                    "extras": {},
                    "replacement-node": 37,
                    "node-pos": 70,
                    "template-line-number": 129
                },
                {
                    "name": "ColumnHeadings",
                    "part": "2",
                    "extras": {},
                    "replacement-node": 40,
                    "node-pos": 74,
                    "template-line-number": 136
                }
            ]
        },
        "rule-8": [
            {
                "part": null,
                "node-pos": 39,
                "replacement-node": 21,
                "template-line-number": 71
            }
        ],
        "rule-9": [
            {
                "part": null,
                "expression-node": 25,
                "replacement-node": 24,
                "template-line-number": 76,
                "node-pos": 43
            }
        ],
        "rule-15": [
            {
                "part": null,
                "node-pos": 110,
                "replacement-node": 65,
                "template-line-number": 252
            }
        ],
        "rule-4": [
            {
                "part": null,
                "node-pos": 21,
                "replacement-node": 9,
                "template-line-number": 38,
                "html": true
            }
        ],
        "rule-11": [
            {
                "part": null,
                "node-pos": 53,
                "replacement-node": 30,
                "template-line-number": 91
            }
        ],
        "rule-1": [
            {
                "part": null,
                "node-pos": 9,
                "replacement-node": 0,
                "template-line-number": 21
            }
        ],
        "rule-2": [
            {
                "part": null,
                "expression-node": 4,
                "replacement-node": 3,
                "template-line-number": 26,
                "node-pos": 13
            }
        ],
        "rule-3": [
            {
                "part": null,
                "node-pos": 17,
                "replacement-node": 6,
                "template-line-number": 32
            }
        ]
    }
}