{
    "showifs": {
        "rule-1": {
            "type": "showif",
            "template-line-number": 17
        }
    },
    "substitutions": {
        "rule-13": [
            {
                "node-pos": 60,
                "html": true,
                "part": null,
                "template-line-number": 108,
                "replacement-node": 34
            }
        ],
        "rule-14": [
            {
                "node-pos": 117,
                "expression-node": 70,
                "part": null,
                "template-line-number": 397,
                "replacement-node": 69
            }
        ],
        "rule-7": [
            {
                "node-pos": 32,
                "part": null,
                "template-line-number": 67,
                "replacement-node": 16
            }
        ],
        "rule-15": [
            {
                "node-pos": 121,
                "part": null,
                "template-line-number": 402,
                "replacement-node": 72
            }
        ],
        "rule-10": [
            {
                "node-pos": 45,
                "expression-node": 26,
                "part": null,
                "template-line-number": 82,
                "replacement-node": 25
            }
        ],
        "rule-9": [
            {
                "node-pos": 40,
                "part": null,
                "template-line-number": 77,
                "replacement-node": 22
            }
        ],
        "rule-11": [
            {
                "node-pos": 49,
                "expression-node": 29,
                "part": null,
                "template-line-number": 87,
                "replacement-node": 28
            }
        ],
        "rule-2": [
            {
                "node-pos": 10,
                "part": null,
                "template-line-number": 27,
                "replacement-node": 1
            }
        ],
        "rule-16": [
            {
                "node-pos": 125,
                "part": null,
                "template-line-number": 411,
                "replacement-node": 75
            }
        ],
        "rule-8": [
            {
                "node-pos": 36,
                "expression-node": 20,
                "part": null,
                "template-line-number": 72,
                "replacement-node": 19
            }
        ],
        "rule-3": [
            {
                "node-pos": 14,
                "expression-node": 5,
                "part": null,
                "template-line-number": 32,
                "replacement-node": 4
            }
        ],
        "rule-6": [
            {
                "node-pos": 27,
                "html": true,
                "part": null,
                "template-line-number": 56,
                "replacement-node": 13
            }
        ],
        "rule-12": [
            {
                "node-pos": 55,
                "part": null,
                "template-line-number": 97,
                "replacement-node": 31
            }
        ],
        "rule-5": [
            {
                "node-pos": 22,
                "html": true,
                "part": null,
                "template-line-number": 44,
                "replacement-node": 10
            }
        ],
        "rule-4": [
            {
                "node-pos": 18,
                "part": null,
                "template-line-number": 38,
                "replacement-node": 7
            }
        ],
        "rule-18": {
            "subs": [
                {
                    "node-pos": 84,
                    "replacement-node": 45,
                    "template-line-number": 337,
                    "name": "CFLineItems",
                    "part": "1",
                    "extras": {}
                },
                {
                    "node-pos": 92,
                    "replacement-node": 50,
                    "template-line-number": 350,
                    "name": "CFLineItems",
                    "part": "2",
                    "expression-node": 51
                },
                {
                    "node-pos": 98,
                    "replacement-node": 55,
                    "template-line-number": 361,
                    "name": "CFLineItems",
                    "part": "4",
                    "expression-node": 56
                },
                {
                    "node-pos": 103,
                    "replacement-node": 59,
                    "template-line-number": 372,
                    "name": "CFLineItems",
                    "part": "4",
                    "expression-node": 60
                },
                {
                    "node-pos": 109,
                    "replacement-node": 64,
                    "template-line-number": 382,
                    "name": "CFLineItems",
                    "part": "5",
                    "expression-node": 65
                },
                {
                    "node-pos": 90,
                    "replacement-node": 48,
                    "template-line-number": 344,
                    "name": "CFLineItems",
                    "part": "6",
                    "extras": {}
                }
            ],
            "name": "CFLineItems"
        },
        "rule-17": {
            "subs": [
                {
                    "node-pos": 74,
                    "replacement-node": 38,
                    "template-line-number": 137,
                    "name": "ISHeadings",
                    "part": "1",
                    "extras": {}
                },
                {
                    "node-pos": 78,
                    "replacement-node": 41,
                    "template-line-number": 144,
                    "name": "ISHeadings",
                    "part": "2",
                    "extras": {}
                }
            ],
            "name": "ISHeadings"
        }
    },
    "line-numbers": {}
}