{
    "showifs": {},
    "line-numbers": {
        "GeneratingPlantStatistics": [
            {
                "start-number": 1,
                "line-number-node": 46,
                "template-line-number": 261
            }
        ]
    },
    "substitutions": {
        "rule-5": [
            {
                "html": true,
                "replacement-node": 12,
                "part": null,
                "node-pos": 26,
                "template-line-number": 51
            }
        ],
        "rule-10": [
            {
                "replacement-node": 27,
                "part": null,
                "template-line-number": 82,
                "node-pos": 47,
                "expression-node": 28
            }
        ],
        "rule-1": [
            {
                "replacement-node": 0,
                "part": null,
                "node-pos": 9,
                "template-line-number": 22
            }
        ],
        "rule-15": [
            {
                "replacement-node": 93,
                "part": null,
                "node-pos": 165,
                "template-line-number": 356
            }
        ],
        "rule-14": [
            {
                "replacement-node": 90,
                "part": null,
                "node-pos": 161,
                "template-line-number": 346
            }
        ],
        "rule-6": [
            {
                "replacement-node": 15,
                "part": null,
                "node-pos": 31,
                "template-line-number": 62
            }
        ],
        "rule-8": [
            {
                "replacement-node": 21,
                "part": null,
                "node-pos": 39,
                "template-line-number": 72
            }
        ],
        "rule-16": {
            "subs": [
                {
                    "node-pos": 90,
                    "extras": {},
                    "replacement-node": 39,
                    "part": "1",
                    "template-line-number": 163,
                    "name": "ColumnHeadings"
                },
                {
                    "node-pos": 94,
                    "extras": {},
                    "replacement-node": 42,
                    "part": "2",
                    "template-line-number": 171,
                    "name": "ColumnHeadings"
                },
                {
                    "node-pos": 88,
                    "extras": {},
                    "replacement-node": 37,
                    "part": "3",
                    "template-line-number": 159,
                    "name": "ColumnHeadings"
                }
            ],
            "name": "ColumnHeadings"
        },
        "rule-11": [
            {
                "html": true,
                "replacement-node": 30,
                "part": null,
                "node-pos": 53,
                "template-line-number": 92
            }
        ],
        "rule-12": [
            {
                "html": true,
                "replacement-node": 33,
                "part": null,
                "node-pos": 58,
                "template-line-number": 104
            }
        ],
        "rule-4": [
            {
                "html": true,
                "replacement-node": 9,
                "part": null,
                "node-pos": 21,
                "template-line-number": 39
            }
        ],
        "rule-7": [
            {
                "replacement-node": 18,
                "part": null,
                "template-line-number": 67,
                "node-pos": 35,
                "expression-node": 19
            }
        ],
        "rule-13": [
            {
                "replacement-node": 87,
                "part": null,
                "template-line-number": 339,
                "node-pos": 157,
                "expression-node": 88
            }
        ],
        "rule-3": [
            {
                "replacement-node": 6,
                "part": null,
                "node-pos": 17,
                "template-line-number": 33
            }
        ],
        "rule-17": {
            "subs": [
                {
                    "node-pos": 135,
                    "expression-node": 73,
                    "template-line-number": 304,
                    "replacement-node": 72,
                    "part": "10",
                    "name": "GeneratingPlantStatistics"
                },
                {
                    "node-pos": 139,
                    "expression-node": 76,
                    "template-line-number": 309,
                    "replacement-node": 75,
                    "part": "11",
                    "name": "GeneratingPlantStatistics"
                },
                {
                    "node-pos": 143,
                    "expression-node": 79,
                    "template-line-number": 314,
                    "replacement-node": 78,
                    "part": "12",
                    "name": "GeneratingPlantStatistics"
                },
                {
                    "node-pos": 147,
                    "expression-node": 82,
                    "template-line-number": 319,
                    "replacement-node": 81,
                    "part": "13",
                    "name": "GeneratingPlantStatistics"
                },
                {
                    "node-pos": 151,
                    "expression-node": 85,
                    "template-line-number": 324,
                    "replacement-node": 84,
                    "part": "14",
                    "name": "GeneratingPlantStatistics"
                },
                {
                    "node-pos": 103,
                    "expression-node": 49,
                    "template-line-number": 264,
                    "replacement-node": 48,
                    "part": "2",
                    "name": "GeneratingPlantStatistics"
                },
                {
                    "node-pos": 107,
                    "expression-node": 52,
                    "template-line-number": 269,
                    "replacement-node": 51,
                    "part": "3",
                    "name": "GeneratingPlantStatistics"
                },
                {
                    "node-pos": 111,
                    "expression-node": 55,
                    "template-line-number": 274,
                    "replacement-node": 54,
                    "part": "4",
                    "name": "GeneratingPlantStatistics"
                },
                {
                    "node-pos": 115,
                    "expression-node": 58,
                    "template-line-number": 279,
                    "replacement-node": 57,
                    "part": "5",
                    "name": "GeneratingPlantStatistics"
                },
                {
                    "node-pos": 119,
                    "expression-node": 61,
                    "template-line-number": 284,
                    "replacement-node": 60,
                    "part": "6",
                    "name": "GeneratingPlantStatistics"
                },
                {
                    "node-pos": 123,
                    "expression-node": 64,
                    "template-line-number": 289,
                    "replacement-node": 63,
                    "part": "7",
                    "name": "GeneratingPlantStatistics"
                },
                {
                    "node-pos": 127,
                    "expression-node": 67,
                    "template-line-number": 294,
                    "replacement-node": 66,
                    "part": "8",
                    "name": "GeneratingPlantStatistics"
                },
                {
                    "node-pos": 131,
                    "expression-node": 70,
                    "template-line-number": 299,
                    "replacement-node": 69,
                    "part": "9",
                    "name": "GeneratingPlantStatistics"
                }
            ],
            "name": "GeneratingPlantStatistics"
        },
        "rule-2": [
            {
                "replacement-node": 3,
                "part": null,
                "template-line-number": 27,
                "node-pos": 13,
                "expression-node": 4
            }
        ],
        "rule-9": [
            {
                "replacement-node": 24,
                "part": null,
                "template-line-number": 77,
                "node-pos": 43,
                "expression-node": 25
            }
        ]
    }
}