{
    "showifs": {},
    "substitutions": {
        "rule-8": [
            {
                "template-line-number": 72,
                "node-pos": 39,
                "replacement-node": 21,
                "part": null
            }
        ],
        "rule-2": [
            {
                "template-line-number": 27,
                "expression-node": 4,
                "node-pos": 13,
                "replacement-node": 3,
                "part": null
            }
        ],
        "rule-4": [
            {
                "template-line-number": 39,
                "html": true,
                "node-pos": 21,
                "replacement-node": 9,
                "part": null
            }
        ],
        "rule-1": [
            {
                "template-line-number": 22,
                "node-pos": 9,
                "replacement-node": 0,
                "part": null
            }
        ],
        "rule-17": {
            "subs": [
                {
                    "template-line-number": 304,
                    "replacement-node": 72,
                    "part": "10",
                    "name": "GeneratingPlantStatistics",
                    "node-pos": 135,
                    "expression-node": 73
                },
                {
                    "template-line-number": 309,
                    "replacement-node": 75,
                    "part": "11",
                    "name": "GeneratingPlantStatistics",
                    "node-pos": 139,
                    "expression-node": 76
                },
                {
                    "template-line-number": 314,
                    "replacement-node": 78,
                    "part": "12",
                    "name": "GeneratingPlantStatistics",
                    "node-pos": 143,
                    "expression-node": 79
                },
                {
                    "template-line-number": 319,
                    "replacement-node": 81,
                    "part": "13",
                    "name": "GeneratingPlantStatistics",
                    "node-pos": 147,
                    "expression-node": 82
                },
                {
                    "template-line-number": 324,
                    "replacement-node": 84,
                    "part": "14",
                    "name": "GeneratingPlantStatistics",
                    "node-pos": 151,
                    "expression-node": 85
                },
                {
                    "template-line-number": 264,
                    "replacement-node": 48,
                    "part": "2",
                    "name": "GeneratingPlantStatistics",
                    "node-pos": 103,
                    "expression-node": 49
                },
                {
                    "template-line-number": 269,
                    "replacement-node": 51,
                    "part": "3",
                    "name": "GeneratingPlantStatistics",
                    "node-pos": 107,
                    "expression-node": 52
                },
                {
                    "template-line-number": 274,
                    "replacement-node": 54,
                    "part": "4",
                    "name": "GeneratingPlantStatistics",
                    "node-pos": 111,
                    "expression-node": 55
                },
                {
                    "template-line-number": 279,
                    "replacement-node": 57,
                    "part": "5",
                    "name": "GeneratingPlantStatistics",
                    "node-pos": 115,
                    "expression-node": 58
                },
                {
                    "template-line-number": 284,
                    "replacement-node": 60,
                    "part": "6",
                    "name": "GeneratingPlantStatistics",
                    "node-pos": 119,
                    "expression-node": 61
                },
                {
                    "template-line-number": 289,
                    "replacement-node": 63,
                    "part": "7",
                    "name": "GeneratingPlantStatistics",
                    "node-pos": 123,
                    "expression-node": 64
                },
                {
                    "template-line-number": 294,
                    "replacement-node": 66,
                    "part": "8",
                    "name": "GeneratingPlantStatistics",
                    "node-pos": 127,
                    "expression-node": 67
                },
                {
                    "template-line-number": 299,
                    "replacement-node": 69,
                    "part": "9",
                    "name": "GeneratingPlantStatistics",
                    "node-pos": 131,
                    "expression-node": 70
                }
            ],
            "name": "GeneratingPlantStatistics"
        },
        "rule-16": {
            "subs": [
                {
                    "template-line-number": 163,
                    "extras": {},
                    "replacement-node": 39,
                    "part": "1",
                    "node-pos": 90,
                    "name": "ColumnHeadings"
                },
                {
                    "template-line-number": 171,
                    "extras": {},
                    "replacement-node": 42,
                    "part": "2",
                    "node-pos": 94,
                    "name": "ColumnHeadings"
                },
                {
                    "template-line-number": 159,
                    "extras": {},
                    "replacement-node": 37,
                    "part": "3",
                    "node-pos": 88,
                    "name": "ColumnHeadings"
                }
            ],
            "name": "ColumnHeadings"
        },
        "rule-9": [
            {
                "template-line-number": 77,
                "expression-node": 25,
                "node-pos": 43,
                "replacement-node": 24,
                "part": null
            }
        ],
        "rule-14": [
            {
                "template-line-number": 346,
                "node-pos": 161,
                "replacement-node": 90,
                "part": null
            }
        ],
        "rule-10": [
            {
                "template-line-number": 82,
                "expression-node": 28,
                "node-pos": 47,
                "replacement-node": 27,
                "part": null
            }
        ],
        "rule-11": [
            {
                "template-line-number": 92,
                "html": true,
                "node-pos": 53,
                "replacement-node": 30,
                "part": null
            }
        ],
        "rule-15": [
            {
                "template-line-number": 356,
                "node-pos": 165,
                "replacement-node": 93,
                "part": null
            }
        ],
        "rule-12": [
            {
                "template-line-number": 104,
                "html": true,
                "node-pos": 58,
                "replacement-node": 33,
                "part": null
            }
        ],
        "rule-3": [
            {
                "template-line-number": 33,
                "node-pos": 17,
                "replacement-node": 6,
                "part": null
            }
        ],
        "rule-5": [
            {
                "template-line-number": 51,
                "html": true,
                "node-pos": 26,
                "replacement-node": 12,
                "part": null
            }
        ],
        "rule-6": [
            {
                "template-line-number": 62,
                "node-pos": 31,
                "replacement-node": 15,
                "part": null
            }
        ],
        "rule-13": [
            {
                "template-line-number": 339,
                "expression-node": 88,
                "node-pos": 157,
                "replacement-node": 87,
                "part": null
            }
        ],
        "rule-7": [
            {
                "template-line-number": 67,
                "expression-node": 19,
                "node-pos": 35,
                "replacement-node": 18,
                "part": null
            }
        ]
    },
    "line-numbers": {
        "GeneratingPlantStatistics": [
            {
                "template-line-number": 261,
                "line-number-node": 46,
                "start-number": 1
            }
        ]
    }
}