{
    "showifs": {},
    "substitutions": {
        "rule-7": [
            {
                "part": null,
                "expression-node": 19,
                "node-pos": 35,
                "replacement-node": 18,
                "template-line-number": 66
            }
        ],
        "rule-5": [
            {
                "part": null,
                "node-pos": 26,
                "html": true,
                "replacement-node": 12,
                "template-line-number": 50
            }
        ],
        "rule-13": [
            {
                "part": null,
                "expression-node": 79,
                "node-pos": 127,
                "replacement-node": 78,
                "template-line-number": 389
            }
        ],
        "rule-16": {
            "name": "movement_prior",
            "subs": [
                {
                    "part": "10",
                    "expression-node": 71,
                    "replacement-node": 70,
                    "template-line-number": 363,
                    "name": "movement_prior",
                    "node-pos": 115
                },
                {
                    "part": "11",
                    "expression-node": 75,
                    "replacement-node": 74,
                    "template-line-number": 373,
                    "name": "movement_prior",
                    "node-pos": 120
                },
                {
                    "part": "2",
                    "replacement-node": 46,
                    "template-line-number": 321,
                    "extras": {},
                    "name": "movement_prior",
                    "node-pos": 83
                },
                {
                    "part": "3",
                    "expression-node": 50,
                    "replacement-node": 49,
                    "template-line-number": 326,
                    "name": "movement_prior",
                    "node-pos": 87
                },
                {
                    "part": "4",
                    "expression-node": 53,
                    "replacement-node": 52,
                    "template-line-number": 331,
                    "name": "movement_prior",
                    "node-pos": 91
                },
                {
                    "part": "5",
                    "expression-node": 56,
                    "replacement-node": 55,
                    "template-line-number": 336,
                    "name": "movement_prior",
                    "node-pos": 95
                },
                {
                    "part": "6",
                    "expression-node": 59,
                    "replacement-node": 58,
                    "template-line-number": 341,
                    "name": "movement_prior",
                    "node-pos": 99
                },
                {
                    "part": "7",
                    "expression-node": 62,
                    "replacement-node": 61,
                    "template-line-number": 346,
                    "name": "movement_prior",
                    "node-pos": 103
                },
                {
                    "part": "8",
                    "expression-node": 65,
                    "replacement-node": 64,
                    "template-line-number": 351,
                    "name": "movement_prior",
                    "node-pos": 107
                },
                {
                    "part": "9",
                    "expression-node": 68,
                    "replacement-node": 67,
                    "template-line-number": 356,
                    "name": "movement_prior",
                    "node-pos": 111
                }
            ]
        },
        "rule-11": [
            {
                "part": null,
                "node-pos": 53,
                "replacement-node": 30,
                "template-line-number": 94
            }
        ],
        "rule-2": [
            {
                "part": null,
                "expression-node": 4,
                "node-pos": 13,
                "replacement-node": 3,
                "template-line-number": 26
            }
        ],
        "rule-3": [
            {
                "part": null,
                "node-pos": 17,
                "replacement-node": 6,
                "template-line-number": 32
            }
        ],
        "rule-1": [
            {
                "part": null,
                "node-pos": 9,
                "replacement-node": 0,
                "template-line-number": 21
            }
        ],
        "rule-15": [
            {
                "part": null,
                "node-pos": 135,
                "replacement-node": 84,
                "template-line-number": 406
            }
        ],
        "rule-17": {
            "name": "AOCIHeadings",
            "subs": [
                {
                    "part": "1",
                    "replacement-node": 36,
                    "template-line-number": 130,
                    "extras": {},
                    "name": "AOCIHeadings",
                    "node-pos": 69
                },
                {
                    "part": "2",
                    "replacement-node": 39,
                    "template-line-number": 137,
                    "extras": {},
                    "name": "AOCIHeadings",
                    "node-pos": 73
                }
            ]
        },
        "rule-4": [
            {
                "part": null,
                "node-pos": 21,
                "html": true,
                "replacement-node": 9,
                "template-line-number": 38
            }
        ],
        "rule-10": [
            {
                "part": null,
                "expression-node": 28,
                "node-pos": 47,
                "replacement-node": 27,
                "template-line-number": 81
            }
        ],
        "rule-14": [
            {
                "part": null,
                "node-pos": 131,
                "replacement-node": 81,
                "template-line-number": 396
            }
        ],
        "rule-6": [
            {
                "part": null,
                "node-pos": 31,
                "replacement-node": 15,
                "template-line-number": 61
            }
        ],
        "rule-12": [
            {
                "part": null,
                "node-pos": 58,
                "html": true,
                "replacement-node": 33,
                "template-line-number": 105
            }
        ],
        "rule-8": [
            {
                "part": null,
                "node-pos": 39,
                "replacement-node": 21,
                "template-line-number": 71
            }
        ],
        "rule-9": [
            {
                "part": null,
                "expression-node": 25,
                "node-pos": 43,
                "replacement-node": 24,
                "template-line-number": 76
            }
        ]
    },
    "line-numbers": {
        "movement_prior": [
            {
                "template-line-number": 318,
                "line-number-node": 43,
                "start-number": 1
            }
        ]
    }
}