{
    "substitutions": {
        "rule-17": {
            "name": "movement_prior",
            "subs": [
                {
                    "name": "movement_prior",
                    "node-pos": 115,
                    "expression-node": 71,
                    "template-line-number": 363,
                    "replacement-node": 70,
                    "part": "10"
                },
                {
                    "name": "movement_prior",
                    "node-pos": 120,
                    "expression-node": 75,
                    "template-line-number": 373,
                    "replacement-node": 74,
                    "part": "11"
                },
                {
                    "name": "movement_prior",
                    "node-pos": 83,
                    "extras": {},
                    "template-line-number": 321,
                    "replacement-node": 46,
                    "part": "2"
                },
                {
                    "name": "movement_prior",
                    "node-pos": 87,
                    "expression-node": 50,
                    "template-line-number": 326,
                    "replacement-node": 49,
                    "part": "3"
                },
                {
                    "name": "movement_prior",
                    "node-pos": 91,
                    "expression-node": 53,
                    "template-line-number": 331,
                    "replacement-node": 52,
                    "part": "4"
                },
                {
                    "name": "movement_prior",
                    "node-pos": 95,
                    "expression-node": 56,
                    "template-line-number": 336,
                    "replacement-node": 55,
                    "part": "5"
                },
                {
                    "name": "movement_prior",
                    "node-pos": 99,
                    "expression-node": 59,
                    "template-line-number": 341,
                    "replacement-node": 58,
                    "part": "6"
                },
                {
                    "name": "movement_prior",
                    "node-pos": 103,
                    "expression-node": 62,
                    "template-line-number": 346,
                    "replacement-node": 61,
                    "part": "7"
                },
                {
                    "name": "movement_prior",
                    "node-pos": 107,
                    "expression-node": 65,
                    "template-line-number": 351,
                    "replacement-node": 64,
                    "part": "8"
                },
                {
                    "name": "movement_prior",
                    "node-pos": 111,
                    "expression-node": 68,
                    "template-line-number": 356,
                    "replacement-node": 67,
                    "part": "9"
                }
            ]
        },
        "rule-16": {
            "name": "AOCIHeadings",
            "subs": [
                {
                    "name": "AOCIHeadings",
                    "node-pos": 69,
                    "extras": {},
                    "template-line-number": 130,
                    "replacement-node": 36,
                    "part": "1"
                },
                {
                    "name": "AOCIHeadings",
                    "node-pos": 73,
                    "extras": {},
                    "template-line-number": 137,
                    "replacement-node": 39,
                    "part": "2"
                }
            ]
        },
        "rule-15": [
            {
                "template-line-number": 406,
                "replacement-node": 84,
                "part": null,
                "node-pos": 135
            }
        ],
        "rule-5": [
            {
                "html": true,
                "template-line-number": 50,
                "replacement-node": 12,
                "part": null,
                "node-pos": 26
            }
        ],
        "rule-4": [
            {
                "html": true,
                "template-line-number": 38,
                "replacement-node": 9,
                "part": null,
                "node-pos": 21
            }
        ],
        "rule-11": [
            {
                "template-line-number": 94,
                "replacement-node": 30,
                "part": null,
                "node-pos": 53
            }
        ],
        "rule-1": [
            {
                "template-line-number": 21,
                "replacement-node": 0,
                "part": null,
                "node-pos": 9
            }
        ],
        "rule-3": [
            {
                "template-line-number": 32,
                "replacement-node": 6,
                "part": null,
                "node-pos": 17
            }
        ],
        "rule-14": [
            {
                "template-line-number": 396,
                "replacement-node": 81,
                "part": null,
                "node-pos": 131
            }
        ],
        "rule-7": [
            {
                "expression-node": 19,
                "template-line-number": 66,
                "replacement-node": 18,
                "part": null,
                "node-pos": 35
            }
        ],
        "rule-2": [
            {
                "expression-node": 4,
                "template-line-number": 26,
                "replacement-node": 3,
                "part": null,
                "node-pos": 13
            }
        ],
        "rule-12": [
            {
                "html": true,
                "template-line-number": 105,
                "replacement-node": 33,
                "part": null,
                "node-pos": 58
            }
        ],
        "rule-10": [
            {
                "expression-node": 28,
                "template-line-number": 81,
                "replacement-node": 27,
                "part": null,
                "node-pos": 47
            }
        ],
        "rule-13": [
            {
                "expression-node": 79,
                "template-line-number": 389,
                "replacement-node": 78,
                "part": null,
                "node-pos": 127
            }
        ],
        "rule-6": [
            {
                "template-line-number": 61,
                "replacement-node": 15,
                "part": null,
                "node-pos": 31
            }
        ],
        "rule-9": [
            {
                "expression-node": 25,
                "template-line-number": 76,
                "replacement-node": 24,
                "part": null,
                "node-pos": 43
            }
        ],
        "rule-8": [
            {
                "template-line-number": 71,
                "replacement-node": 21,
                "part": null,
                "node-pos": 39
            }
        ]
    },
    "line-numbers": {
        "movement_prior": [
            {
                "template-line-number": 318,
                "start-number": 1,
                "line-number-node": 43
            }
        ]
    },
    "showifs": {}
}