{
    "substitutions": {
        "rule-3": [
            {
                "replacement-node": 6,
                "template-line-number": 32,
                "node-pos": 17,
                "part": null
            }
        ],
        "rule-8": [
            {
                "replacement-node": 21,
                "template-line-number": 71,
                "node-pos": 39,
                "part": null
            }
        ],
        "rule-17": {
            "subs": [
                {
                    "name": "movement_prior",
                    "expression-node": 71,
                    "template-line-number": 363,
                    "part": "10",
                    "node-pos": 115,
                    "replacement-node": 70
                },
                {
                    "name": "movement_prior",
                    "expression-node": 75,
                    "template-line-number": 373,
                    "part": "11",
                    "node-pos": 120,
                    "replacement-node": 74
                },
                {
                    "template-line-number": 321,
                    "name": "movement_prior",
                    "replacement-node": 46,
                    "part": "2",
                    "node-pos": 83,
                    "extras": {}
                },
                {
                    "name": "movement_prior",
                    "expression-node": 50,
                    "template-line-number": 326,
                    "part": "3",
                    "node-pos": 87,
                    "replacement-node": 49
                },
                {
                    "name": "movement_prior",
                    "expression-node": 53,
                    "template-line-number": 331,
                    "part": "4",
                    "node-pos": 91,
                    "replacement-node": 52
                },
                {
                    "name": "movement_prior",
                    "expression-node": 56,
                    "template-line-number": 336,
                    "part": "5",
                    "node-pos": 95,
                    "replacement-node": 55
                },
                {
                    "name": "movement_prior",
                    "expression-node": 59,
                    "template-line-number": 341,
                    "part": "6",
                    "node-pos": 99,
                    "replacement-node": 58
                },
                {
                    "name": "movement_prior",
                    "expression-node": 62,
                    "template-line-number": 346,
                    "part": "7",
                    "node-pos": 103,
                    "replacement-node": 61
                },
                {
                    "name": "movement_prior",
                    "expression-node": 65,
                    "template-line-number": 351,
                    "part": "8",
                    "node-pos": 107,
                    "replacement-node": 64
                },
                {
                    "name": "movement_prior",
                    "expression-node": 68,
                    "template-line-number": 356,
                    "part": "9",
                    "node-pos": 111,
                    "replacement-node": 67
                }
            ],
            "name": "movement_prior"
        },
        "rule-7": [
            {
                "node-pos": 35,
                "replacement-node": 18,
                "template-line-number": 66,
                "expression-node": 19,
                "part": null
            }
        ],
        "rule-11": [
            {
                "replacement-node": 30,
                "template-line-number": 94,
                "node-pos": 53,
                "part": null
            }
        ],
        "rule-5": [
            {
                "html": true,
                "replacement-node": 12,
                "template-line-number": 50,
                "node-pos": 26,
                "part": null
            }
        ],
        "rule-6": [
            {
                "replacement-node": 15,
                "template-line-number": 61,
                "node-pos": 31,
                "part": null
            }
        ],
        "rule-12": [
            {
                "html": true,
                "replacement-node": 33,
                "template-line-number": 105,
                "node-pos": 58,
                "part": null
            }
        ],
        "rule-15": [
            {
                "replacement-node": 84,
                "template-line-number": 406,
                "node-pos": 135,
                "part": null
            }
        ],
        "rule-13": [
            {
                "node-pos": 127,
                "replacement-node": 78,
                "template-line-number": 389,
                "expression-node": 79,
                "part": null
            }
        ],
        "rule-2": [
            {
                "node-pos": 13,
                "replacement-node": 3,
                "template-line-number": 26,
                "expression-node": 4,
                "part": null
            }
        ],
        "rule-9": [
            {
                "node-pos": 43,
                "replacement-node": 24,
                "template-line-number": 76,
                "expression-node": 25,
                "part": null
            }
        ],
        "rule-14": [
            {
                "replacement-node": 81,
                "template-line-number": 396,
                "node-pos": 131,
                "part": null
            }
        ],
        "rule-1": [
            {
                "replacement-node": 0,
                "template-line-number": 21,
                "node-pos": 9,
                "part": null
            }
        ],
        "rule-10": [
            {
                "node-pos": 47,
                "replacement-node": 27,
                "template-line-number": 81,
                "expression-node": 28,
                "part": null
            }
        ],
        "rule-16": {
            "subs": [
                {
                    "template-line-number": 130,
                    "name": "AOCIHeadings",
                    "replacement-node": 36,
                    "part": "1",
                    "node-pos": 69,
                    "extras": {}
                },
                {
                    "template-line-number": 137,
                    "name": "AOCIHeadings",
                    "replacement-node": 39,
                    "part": "2",
                    "node-pos": 73,
                    "extras": {}
                }
            ],
            "name": "AOCIHeadings"
        },
        "rule-4": [
            {
                "html": true,
                "replacement-node": 9,
                "template-line-number": 38,
                "node-pos": 21,
                "part": null
            }
        ]
    },
    "showifs": {},
    "line-numbers": {
        "movement_prior": [
            {
                "line-number-node": 43,
                "template-line-number": 318,
                "start-number": 1
            }
        ]
    }
}