{
    "showifs": {},
    "line-numbers": {},
    "substitutions": {
        "rule-15": [
            {
                "part": null,
                "replacement-node": 94,
                "node-pos": 147,
                "template-line-number": 316
            }
        ],
        "rule-6": [
            {
                "part": null,
                "replacement-node": 15,
                "node-pos": 31,
                "template-line-number": 62
            }
        ],
        "rule-8": [
            {
                "part": null,
                "replacement-node": 21,
                "node-pos": 39,
                "template-line-number": 72
            }
        ],
        "rule-10": [
            {
                "part": null,
                "replacement-node": 27,
                "node-pos": 47,
                "expression-node": 28,
                "template-line-number": 82
            }
        ],
        "rule-5": [
            {
                "html": true,
                "part": null,
                "replacement-node": 12,
                "node-pos": 26,
                "template-line-number": 51
            }
        ],
        "rule-1": [
            {
                "part": null,
                "replacement-node": 0,
                "node-pos": 9,
                "template-line-number": 22
            }
        ],
        "rule-17": {
            "subs": [
                {
                    "node-pos": 122,
                    "replacement-node": 76,
                    "part": "10",
                    "name": "ISORTOPeakLoadLineItems",
                    "expression-node": 77,
                    "template-line-number": 266
                },
                {
                    "node-pos": 127,
                    "replacement-node": 80,
                    "part": "11",
                    "name": "ISORTOPeakLoadLineItems",
                    "expression-node": 81,
                    "template-line-number": 273
                },
                {
                    "node-pos": 132,
                    "replacement-node": 84,
                    "part": "12",
                    "name": "ISORTOPeakLoadLineItems",
                    "expression-node": 85,
                    "template-line-number": 280
                },
                {
                    "node-pos": 87,
                    "replacement-node": 48,
                    "extras": {},
                    "part": "2",
                    "name": "ISORTOPeakLoadLineItems",
                    "template-line-number": 214
                },
                {
                    "node-pos": 82,
                    "replacement-node": 44,
                    "extras": {},
                    "part": "3",
                    "name": "ISORTOPeakLoadLineItems",
                    "template-line-number": 207
                },
                {
                    "node-pos": 92,
                    "replacement-node": 52,
                    "part": "4",
                    "name": "ISORTOPeakLoadLineItems",
                    "expression-node": 53,
                    "template-line-number": 223
                },
                {
                    "node-pos": 97,
                    "replacement-node": 56,
                    "part": "5",
                    "name": "ISORTOPeakLoadLineItems",
                    "expression-node": 57,
                    "template-line-number": 231
                },
                {
                    "node-pos": 102,
                    "replacement-node": 60,
                    "part": "6",
                    "name": "ISORTOPeakLoadLineItems",
                    "expression-node": 61,
                    "template-line-number": 238
                },
                {
                    "node-pos": 107,
                    "replacement-node": 64,
                    "part": "7",
                    "name": "ISORTOPeakLoadLineItems",
                    "expression-node": 65,
                    "template-line-number": 245
                },
                {
                    "node-pos": 112,
                    "replacement-node": 68,
                    "part": "8",
                    "name": "ISORTOPeakLoadLineItems",
                    "expression-node": 69,
                    "template-line-number": 252
                },
                {
                    "node-pos": 117,
                    "replacement-node": 72,
                    "part": "9",
                    "name": "ISORTOPeakLoadLineItems",
                    "expression-node": 73,
                    "template-line-number": 259
                }
            ],
            "name": "ISORTOPeakLoadLineItems"
        },
        "rule-11": [
            {
                "part": null,
                "replacement-node": 30,
                "node-pos": 53,
                "template-line-number": 92
            }
        ],
        "rule-13": [
            {
                "part": null,
                "replacement-node": 88,
                "node-pos": 139,
                "expression-node": 89,
                "template-line-number": 299
            }
        ],
        "rule-3": [
            {
                "part": null,
                "replacement-node": 6,
                "node-pos": 17,
                "template-line-number": 33
            }
        ],
        "rule-7": [
            {
                "part": null,
                "replacement-node": 18,
                "node-pos": 35,
                "expression-node": 19,
                "template-line-number": 67
            }
        ],
        "rule-2": [
            {
                "part": null,
                "replacement-node": 3,
                "node-pos": 13,
                "expression-node": 4,
                "template-line-number": 27
            }
        ],
        "rule-9": [
            {
                "part": null,
                "replacement-node": 24,
                "node-pos": 43,
                "expression-node": 25,
                "template-line-number": 77
            }
        ],
        "rule-16": {
            "subs": [
                {
                    "node-pos": 72,
                    "replacement-node": 37,
                    "extras": {},
                    "part": "1",
                    "name": "ISORTOPeakLoadHeadings",
                    "template-line-number": 132
                },
                {
                    "node-pos": 76,
                    "replacement-node": 40,
                    "extras": {},
                    "part": "2",
                    "name": "ISORTOPeakLoadHeadings",
                    "template-line-number": 139
                }
            ],
            "name": "ISORTOPeakLoadHeadings"
        },
        "rule-14": [
            {
                "part": null,
                "replacement-node": 91,
                "node-pos": 143,
                "template-line-number": 306
            }
        ],
        "rule-12": [
            {
                "html": true,
                "part": null,
                "replacement-node": 33,
                "node-pos": 58,
                "template-line-number": 103
            }
        ],
        "rule-4": [
            {
                "html": true,
                "part": null,
                "replacement-node": 9,
                "node-pos": 21,
                "template-line-number": 39
            }
        ]
    }
}