{
    "substitutions": {
        "rule-8": [
            {
                "template-line-number": 93,
                "part": null,
                "node-pos": 40,
                "replacement-node": 21
            }
        ],
        "rule-1": [
            {
                "template-line-number": 22,
                "part": null,
                "node-pos": 10,
                "replacement-node": 0
            }
        ],
        "rule-21": {
            "subs": [
                {
                    "template-line-number": 167,
                    "part": "1",
                    "extras": {},
                    "replacement-node": 39,
                    "node-pos": 73,
                    "name": "ColumnHeadings"
                },
                {
                    "template-line-number": 175,
                    "part": "2",
                    "extras": {},
                    "replacement-node": 42,
                    "node-pos": 77,
                    "name": "ColumnHeadings"
                },
                {
                    "template-line-number": 163,
                    "part": "3",
                    "extras": {},
                    "replacement-node": 37,
                    "node-pos": 71,
                    "name": "ColumnHeadings"
                }
            ],
            "name": "ColumnHeadings"
        },
        "rule-18": [
            {
                "template-line-number": 351,
                "part": null,
                "node-pos": 135,
                "expression-node": 82,
                "replacement-node": 81
            }
        ],
        "rule-10": [
            {
                "template-line-number": 106,
                "part": null,
                "node-pos": 48,
                "expression-node": 28,
                "replacement-node": 27
            }
        ],
        "rule-14": [
            {
                "template-line-number": 307,
                "part": null,
                "node-pos": 117,
                "expression-node": 70,
                "replacement-node": 69
            }
        ],
        "rule-3": [
            {
                "template-line-number": 36,
                "part": null,
                "node-pos": 18,
                "replacement-node": 6
            }
        ],
        "rule-11": [
            {
                "template-line-number": 117,
                "part": null,
                "node-pos": 54,
                "replacement-node": 30
            }
        ],
        "rule-2": [
            {
                "template-line-number": 29,
                "part": null,
                "node-pos": 14,
                "expression-node": 4,
                "replacement-node": 3
            }
        ],
        "rule-20": [
            {
                "template-line-number": 366,
                "part": null,
                "node-pos": 143,
                "replacement-node": 87
            }
        ],
        "rule-9": [
            {
                "template-line-number": 100,
                "part": null,
                "node-pos": 44,
                "expression-node": 25,
                "replacement-node": 24
            }
        ],
        "rule-12": [
            {
                "template-line-number": 128,
                "part": null,
                "html": true,
                "node-pos": 59,
                "replacement-node": 33
            }
        ],
        "rule-6": [
            {
                "template-line-number": 79,
                "part": null,
                "node-pos": 32,
                "replacement-node": 15
            }
        ],
        "rule-17": [
            {
                "template-line-number": 337,
                "part": null,
                "node-pos": 129,
                "expression-node": 79,
                "replacement-node": 78
            }
        ],
        "rule-19": [
            {
                "template-line-number": 357,
                "part": null,
                "node-pos": 139,
                "replacement-node": 84
            }
        ],
        "rule-4": [
            {
                "template-line-number": 44,
                "part": null,
                "html": true,
                "node-pos": 22,
                "replacement-node": 9
            }
        ],
        "rule-13": [
            {
                "template-line-number": 297,
                "part": null,
                "node-pos": 113,
                "expression-node": 67,
                "replacement-node": 66
            }
        ],
        "rule-15": [
            {
                "template-line-number": 317,
                "part": null,
                "node-pos": 121,
                "expression-node": 73,
                "replacement-node": 72
            }
        ],
        "rule-5": [
            {
                "template-line-number": 61,
                "part": null,
                "html": true,
                "node-pos": 27,
                "replacement-node": 12
            }
        ],
        "rule-16": [
            {
                "template-line-number": 327,
                "part": null,
                "node-pos": 125,
                "expression-node": 76,
                "replacement-node": 75
            }
        ],
        "rule-22": {
            "subs": [
                {
                    "template-line-number": 244,
                    "part": "2",
                    "expression-node": 49,
                    "replacement-node": 48,
                    "node-pos": 86,
                    "name": "AnalysisofBillingNonAssociateCompanies"
                },
                {
                    "template-line-number": 252,
                    "part": "3",
                    "expression-node": 52,
                    "replacement-node": 51,
                    "node-pos": 90,
                    "name": "AnalysisofBillingNonAssociateCompanies"
                },
                {
                    "template-line-number": 260,
                    "part": "4",
                    "expression-node": 55,
                    "replacement-node": 54,
                    "node-pos": 94,
                    "name": "AnalysisofBillingNonAssociateCompanies"
                },
                {
                    "template-line-number": 268,
                    "part": "5",
                    "expression-node": 58,
                    "replacement-node": 57,
                    "node-pos": 98,
                    "name": "AnalysisofBillingNonAssociateCompanies"
                },
                {
                    "template-line-number": 276,
                    "part": "6",
                    "expression-node": 61,
                    "replacement-node": 60,
                    "node-pos": 102,
                    "name": "AnalysisofBillingNonAssociateCompanies"
                },
                {
                    "template-line-number": 284,
                    "part": "7",
                    "expression-node": 64,
                    "replacement-node": 63,
                    "node-pos": 106,
                    "name": "AnalysisofBillingNonAssociateCompanies"
                }
            ],
            "name": "AnalysisofBillingNonAssociateCompanies"
        },
        "rule-7": [
            {
                "template-line-number": 86,
                "part": null,
                "node-pos": 36,
                "expression-node": 19,
                "replacement-node": 18
            }
        ]
    },
    "showifs": {},
    "line-numbers": {
        "AnalysisofBillingNonAssociateCompanies": [
            {
                "template-line-number": 239,
                "line-number-node": 46,
                "start-number": 1
            }
        ]
    }
}