{
    "substitutions": {
        "rule-14": [
            {
                "replacement-node": 80,
                "node-pos": 135,
                "part": null,
                "template-line-number": 286
            }
        ],
        "rule-1": [
            {
                "replacement-node": 0,
                "node-pos": 10,
                "part": null,
                "template-line-number": 22
            }
        ],
        "rule-7": [
            {
                "replacement-node": 18,
                "expression-node": 19,
                "node-pos": 36,
                "part": null,
                "template-line-number": 67
            }
        ],
        "rule-9": [
            {
                "replacement-node": 24,
                "expression-node": 25,
                "node-pos": 44,
                "part": null,
                "template-line-number": 77
            }
        ],
        "rule-5": [
            {
                "replacement-node": 12,
                "node-pos": 27,
                "html": true,
                "part": null,
                "template-line-number": 51
            }
        ],
        "rule-10": [
            {
                "replacement-node": 27,
                "expression-node": 28,
                "node-pos": 48,
                "part": null,
                "template-line-number": 82
            }
        ],
        "rule-12": [
            {
                "replacement-node": 33,
                "node-pos": 59,
                "html": true,
                "part": null,
                "template-line-number": 103
            }
        ],
        "rule-4": [
            {
                "replacement-node": 9,
                "node-pos": 22,
                "html": true,
                "part": null,
                "template-line-number": 39
            }
        ],
        "rule-2": [
            {
                "replacement-node": 3,
                "expression-node": 4,
                "node-pos": 14,
                "part": null,
                "template-line-number": 27
            }
        ],
        "rule-8": [
            {
                "replacement-node": 21,
                "node-pos": 40,
                "part": null,
                "template-line-number": 72
            }
        ],
        "rule-11": [
            {
                "replacement-node": 30,
                "node-pos": 54,
                "part": null,
                "template-line-number": 92
            }
        ],
        "rule-16": {
            "name": "ExpenseAccountsHeadings",
            "subs": [
                {
                    "replacement-node": 37,
                    "extras": {},
                    "node-pos": 74,
                    "name": "ExpenseAccountsHeadings",
                    "template-line-number": 133,
                    "part": "1"
                },
                {
                    "replacement-node": 40,
                    "extras": {},
                    "node-pos": 78,
                    "name": "ExpenseAccountsHeadings",
                    "template-line-number": 140,
                    "part": "2"
                }
            ]
        },
        "rule-15": [
            {
                "replacement-node": 83,
                "node-pos": 139,
                "part": null,
                "template-line-number": 295
            }
        ],
        "rule-13": [
            {
                "replacement-node": 77,
                "expression-node": 78,
                "node-pos": 131,
                "part": null,
                "template-line-number": 281
            }
        ],
        "rule-6": [
            {
                "replacement-node": 15,
                "node-pos": 32,
                "part": null,
                "template-line-number": 62
            }
        ],
        "rule-17": {
            "name": "ExpenseAccountsLineItems",
            "subs": [
                {
                    "replacement-node": 44,
                    "extras": {},
                    "node-pos": 84,
                    "name": "ExpenseAccountsLineItems",
                    "template-line-number": 207,
                    "part": "1"
                },
                {
                    "replacement-node": 71,
                    "expression-node": 72,
                    "part": "10",
                    "name": "ExpenseAccountsLineItems",
                    "node-pos": 121,
                    "template-line-number": 264
                },
                {
                    "replacement-node": 74,
                    "expression-node": 75,
                    "part": "11",
                    "name": "ExpenseAccountsLineItems",
                    "node-pos": 125,
                    "template-line-number": 270
                },
                {
                    "replacement-node": 49,
                    "extras": {},
                    "node-pos": 92,
                    "name": "ExpenseAccountsLineItems",
                    "template-line-number": 218,
                    "part": "2"
                },
                {
                    "replacement-node": 53,
                    "expression-node": 54,
                    "part": "4",
                    "name": "ExpenseAccountsLineItems",
                    "node-pos": 97,
                    "template-line-number": 228
                },
                {
                    "replacement-node": 56,
                    "expression-node": 57,
                    "part": "5",
                    "name": "ExpenseAccountsLineItems",
                    "node-pos": 101,
                    "template-line-number": 234
                },
                {
                    "replacement-node": 47,
                    "extras": {},
                    "node-pos": 90,
                    "name": "ExpenseAccountsLineItems",
                    "template-line-number": 214,
                    "part": "6"
                },
                {
                    "replacement-node": 59,
                    "expression-node": 60,
                    "part": "6",
                    "name": "ExpenseAccountsLineItems",
                    "node-pos": 105,
                    "template-line-number": 240
                },
                {
                    "replacement-node": 62,
                    "expression-node": 63,
                    "part": "7",
                    "name": "ExpenseAccountsLineItems",
                    "node-pos": 109,
                    "template-line-number": 246
                },
                {
                    "replacement-node": 65,
                    "expression-node": 66,
                    "part": "8",
                    "name": "ExpenseAccountsLineItems",
                    "node-pos": 113,
                    "template-line-number": 252
                },
                {
                    "replacement-node": 68,
                    "expression-node": 69,
                    "part": "9",
                    "name": "ExpenseAccountsLineItems",
                    "node-pos": 117,
                    "template-line-number": 258
                }
            ]
        },
        "rule-3": [
            {
                "replacement-node": 6,
                "node-pos": 18,
                "part": null,
                "template-line-number": 33
            }
        ]
    },
    "line-numbers": {},
    "showifs": {}
}