{
    "line-numbers": {
        "PipelineTaxesLineItems": [
            {
                "line-number-node": 44,
                "template-line-number": 212,
                "start-number": 1
            }
        ]
    },
    "substitutions": {
        "rule-20": {
            "subs": [
                {
                    "template-line-number": 406,
                    "name": "PipelineTaxesLineItems2",
                    "replacement-node": 65,
                    "extras": {},
                    "node-pos": 122,
                    "part": "1"
                },
                {
                    "template-line-number": 417,
                    "name": "PipelineTaxesLineItems2",
                    "replacement-node": 69,
                    "expression-node": 70,
                    "part": "2",
                    "node-pos": 129
                },
                {
                    "template-line-number": 427,
                    "name": "PipelineTaxesLineItems2",
                    "replacement-node": 74,
                    "expression-node": 75,
                    "part": "5",
                    "node-pos": 135
                },
                {
                    "template-line-number": 413,
                    "name": "PipelineTaxesLineItems2",
                    "replacement-node": 67,
                    "extras": {},
                    "node-pos": 127,
                    "part": "6"
                }
            ],
            "name": "PipelineTaxesLineItems2"
        },
        "rule-11": [
            {
                "template-line-number": 117,
                "node-pos": 56,
                "replacement-node": 30,
                "part": null
            }
        ],
        "rule-3": [
            {
                "template-line-number": 35,
                "node-pos": 18,
                "replacement-node": 6,
                "part": null
            }
        ],
        "rule-16": [
            {
                "template-line-number": 277,
                "node-pos": 114,
                "replacement-node": 61,
                "part": null
            }
        ],
        "rule-6": [
            {
                "template-line-number": 78,
                "node-pos": 32,
                "replacement-node": 15,
                "part": null
            }
        ],
        "rule-19": [
            {
                "template-line-number": 657,
                "node-pos": 150,
                "replacement-node": 84,
                "part": null
            }
        ],
        "rule-12": [
            {
                "template-line-number": 128,
                "node-pos": 61,
                "replacement-node": 33,
                "html": true,
                "part": null
            }
        ],
        "rule-4": [
            {
                "template-line-number": 43,
                "node-pos": 22,
                "replacement-node": 9,
                "html": true,
                "part": null
            }
        ],
        "rule-9": [
            {
                "template-line-number": 99,
                "expression-node": 25,
                "replacement-node": 24,
                "node-pos": 46,
                "part": null
            }
        ],
        "rule-1": [
            {
                "template-line-number": 21,
                "node-pos": 10,
                "replacement-node": 0,
                "part": null
            }
        ],
        "rule-18": [
            {
                "template-line-number": 648,
                "node-pos": 146,
                "replacement-node": 81,
                "part": null
            }
        ],
        "rule-15": [
            {
                "template-line-number": 266,
                "node-pos": 109,
                "replacement-node": 58,
                "part": null
            }
        ],
        "rule-2": [
            {
                "template-line-number": 28,
                "expression-node": 4,
                "replacement-node": 3,
                "node-pos": 14,
                "part": null
            }
        ],
        "rule-21": {
            "subs": [
                {
                    "template-line-number": 158,
                    "name": "ColumnHeadings",
                    "replacement-node": 37,
                    "extras": {},
                    "node-pos": 74,
                    "part": "1"
                },
                {
                    "template-line-number": 165,
                    "name": "ColumnHeadings",
                    "replacement-node": 40,
                    "extras": {},
                    "node-pos": 78,
                    "part": "2"
                }
            ],
            "name": "ColumnHeadings"
        },
        "rule-8": [
            {
                "template-line-number": 92,
                "node-pos": 41,
                "replacement-node": 21,
                "part": null
            }
        ],
        "rule-13": [
            {
                "template-line-number": 238,
                "node-pos": 97,
                "replacement-node": 52,
                "part": null
            }
        ],
        "rule-14": [
            {
                "template-line-number": 248,
                "expression-node": 56,
                "replacement-node": 55,
                "node-pos": 101,
                "part": null
            }
        ],
        "rule-22": {
            "subs": [
                {
                    "template-line-number": 217,
                    "name": "PipelineTaxesLineItems",
                    "replacement-node": 46,
                    "expression-node": 47,
                    "part": "2",
                    "node-pos": 87
                },
                {
                    "template-line-number": 225,
                    "name": "PipelineTaxesLineItems",
                    "replacement-node": 49,
                    "expression-node": 50,
                    "part": "3",
                    "node-pos": 91
                }
            ],
            "name": "PipelineTaxesLineItems"
        },
        "rule-10": [
            {
                "template-line-number": 105,
                "expression-node": 28,
                "replacement-node": 27,
                "node-pos": 50,
                "part": null
            }
        ],
        "rule-5": [
            {
                "template-line-number": 60,
                "node-pos": 27,
                "replacement-node": 12,
                "html": true,
                "part": null
            }
        ],
        "rule-17": [
            {
                "template-line-number": 643,
                "expression-node": 79,
                "replacement-node": 78,
                "node-pos": 142,
                "part": null
            }
        ],
        "rule-7": [
            {
                "template-line-number": 85,
                "expression-node": 19,
                "replacement-node": 18,
                "node-pos": 37,
                "part": null
            }
        ]
    },
    "showifs": {}
}