{
    "line-numbers": {},
    "substitutions": {
        "rule-19": [
            {
                "node-pos": 168,
                "part": null,
                "template-line-number": 370,
                "replacement-node": 93
            }
        ],
        "rule-10": [
            {
                "node-pos": 47,
                "expression-node": 26,
                "part": null,
                "template-line-number": 82,
                "replacement-node": 25
            }
        ],
        "rule-3": [
            {
                "node-pos": 15,
                "expression-node": 5,
                "part": null,
                "template-line-number": 32,
                "replacement-node": 4
            }
        ],
        "rule-7": [
            {
                "node-pos": 33,
                "part": null,
                "template-line-number": 67,
                "replacement-node": 16
            }
        ],
        "rule-20": {
            "subs": [
                {
                    "template-line-number": 239,
                    "node-pos": 110,
                    "part": "2",
                    "name": "GasStorageLineItems",
                    "replacement-node": 56,
                    "extras": {}
                },
                {
                    "template-line-number": 233,
                    "node-pos": 106,
                    "part": "3",
                    "name": "GasStorageLineItems",
                    "replacement-node": 53,
                    "extras": {}
                },
                {
                    "expression-node": 60,
                    "template-line-number": 245,
                    "node-pos": 114,
                    "part": "4",
                    "name": "GasStorageLineItems",
                    "replacement-node": 59
                },
                {
                    "expression-node": 63,
                    "template-line-number": 250,
                    "node-pos": 118,
                    "part": "5",
                    "name": "GasStorageLineItems",
                    "replacement-node": 62
                },
                {
                    "expression-node": 66,
                    "template-line-number": 255,
                    "node-pos": 122,
                    "part": "6",
                    "name": "GasStorageLineItems",
                    "replacement-node": 65
                }
            ],
            "name": "GasStorageLineItems"
        },
        "rule-5": [
            {
                "node-pos": 23,
                "part": null,
                "template-line-number": 44,
                "replacement-node": 10,
                "html": true
            }
        ],
        "rule-8": [
            {
                "node-pos": 38,
                "expression-node": 20,
                "part": null,
                "template-line-number": 72,
                "replacement-node": 19
            }
        ],
        "rule-9": [
            {
                "node-pos": 42,
                "part": null,
                "template-line-number": 77,
                "replacement-node": 22
            }
        ],
        "rule-6": [
            {
                "node-pos": 28,
                "part": null,
                "template-line-number": 56,
                "replacement-node": 13,
                "html": true
            }
        ],
        "rule-16": [
            {
                "node-pos": 128,
                "part": null,
                "template-line-number": 266,
                "replacement-node": 68
            }
        ],
        "rule-2": [
            {
                "node-pos": 10,
                "part": null,
                "template-line-number": 27,
                "replacement-node": 1
            }
        ],
        "rule-11": [
            {
                "node-pos": 51,
                "expression-node": 29,
                "part": null,
                "template-line-number": 87,
                "replacement-node": 28
            }
        ],
        "rule-22": {
            "subs": [
                {
                    "template-line-number": 329,
                    "node-pos": 142,
                    "part": "2",
                    "name": "GasStorageLineItems2",
                    "replacement-node": 75,
                    "extras": {}
                },
                {
                    "template-line-number": 323,
                    "node-pos": 138,
                    "part": "3",
                    "name": "GasStorageLineItems2",
                    "replacement-node": 72,
                    "extras": {}
                },
                {
                    "expression-node": 79,
                    "template-line-number": 335,
                    "node-pos": 146,
                    "part": "4",
                    "name": "GasStorageLineItems2",
                    "replacement-node": 78
                },
                {
                    "expression-node": 82,
                    "template-line-number": 340,
                    "node-pos": 150,
                    "part": "5",
                    "name": "GasStorageLineItems2",
                    "replacement-node": 81
                },
                {
                    "expression-node": 85,
                    "template-line-number": 345,
                    "node-pos": 154,
                    "part": "6",
                    "name": "GasStorageLineItems2",
                    "replacement-node": 84
                }
            ],
            "name": "GasStorageLineItems2"
        },
        "rule-14": [
            {
                "node-pos": 86,
                "part": null,
                "template-line-number": 160,
                "replacement-node": 46
            }
        ],
        "rule-17": [
            {
                "node-pos": 160,
                "expression-node": 88,
                "part": null,
                "template-line-number": 356,
                "replacement-node": 87
            }
        ],
        "rule-4": [
            {
                "node-pos": 19,
                "part": null,
                "template-line-number": 38,
                "replacement-node": 7
            }
        ],
        "rule-13": [
            {
                "node-pos": 62,
                "part": null,
                "template-line-number": 108,
                "replacement-node": 34,
                "html": true
            }
        ],
        "rule-12": [
            {
                "node-pos": 57,
                "part": null,
                "template-line-number": 97,
                "replacement-node": 31
            }
        ],
        "rule-15": [
            {
                "node-pos": 96,
                "part": null,
                "template-line-number": 178,
                "replacement-node": 49
            }
        ],
        "rule-18": [
            {
                "node-pos": 164,
                "part": null,
                "template-line-number": 361,
                "replacement-node": 90
            }
        ],
        "rule-21": {
            "subs": [
                {
                    "template-line-number": 140,
                    "node-pos": 76,
                    "part": "1",
                    "name": "GasPlantInServiceHeadings",
                    "replacement-node": 40,
                    "extras": {}
                },
                {
                    "template-line-number": 149,
                    "node-pos": 80,
                    "part": "2",
                    "name": "GasPlantInServiceHeadings",
                    "replacement-node": 43,
                    "extras": {}
                },
                {
                    "template-line-number": 136,
                    "node-pos": 74,
                    "part": "3",
                    "name": "GasPlantInServiceHeadings",
                    "replacement-node": 38,
                    "extras": {}
                }
            ],
            "name": "GasPlantInServiceHeadings"
        }
    },
    "showifs": {
        "rule-1": {
            "template-line-number": 17,
            "type": "showif"
        }
    }
}