{
    "substitutions": {
        "rule-12": [
            {
                "template-line-number": 100,
                "part": null,
                "node-pos": 55,
                "replacement-node": 31
            }
        ],
        "rule-15": [
            {
                "template-line-number": 266,
                "part": null,
                "node-pos": 123,
                "replacement-node": 73
            }
        ],
        "rule-10": [
            {
                "expression-node": 26,
                "part": null,
                "node-pos": 45,
                "replacement-node": 25,
                "template-line-number": 84
            }
        ],
        "rule-6": [
            {
                "template-line-number": 58,
                "part": null,
                "node-pos": 28,
                "replacement-node": 13,
                "html": true
            }
        ],
        "rule-3": [
            {
                "expression-node": 5,
                "part": null,
                "node-pos": 15,
                "replacement-node": 4,
                "template-line-number": 34
            }
        ],
        "rule-4": [
            {
                "template-line-number": 40,
                "part": null,
                "node-pos": 19,
                "replacement-node": 7
            }
        ],
        "rule-2": [
            {
                "template-line-number": 28,
                "part": null,
                "node-pos": 11,
                "replacement-node": 1
            }
        ],
        "rule-14": [
            {
                "expression-node": 71,
                "part": null,
                "node-pos": 119,
                "replacement-node": 70,
                "template-line-number": 261
            }
        ],
        "rule-11": [
            {
                "expression-node": 29,
                "part": null,
                "node-pos": 49,
                "replacement-node": 28,
                "template-line-number": 89
            }
        ],
        "rule-18": {
            "name": "ListHeadings",
            "subs": [
                {
                    "template-line-number": 145,
                    "node-pos": 76,
                    "name": "ListHeadings",
                    "part": "1",
                    "replacement-node": 40,
                    "extras": {}
                },
                {
                    "template-line-number": 154,
                    "node-pos": 80,
                    "name": "ListHeadings",
                    "part": "2",
                    "replacement-node": 43,
                    "extras": {}
                },
                {
                    "template-line-number": 141,
                    "node-pos": 74,
                    "name": "ListHeadings",
                    "part": "3",
                    "replacement-node": 38,
                    "extras": {}
                }
            ]
        },
        "rule-9": [
            {
                "template-line-number": 79,
                "part": null,
                "node-pos": 41,
                "replacement-node": 22
            }
        ],
        "rule-8": [
            {
                "expression-node": 20,
                "part": null,
                "node-pos": 37,
                "replacement-node": 19,
                "template-line-number": 74
            }
        ],
        "rule-13": [
            {
                "template-line-number": 111,
                "part": null,
                "node-pos": 60,
                "replacement-node": 34,
                "html": true
            }
        ],
        "rule-5": [
            {
                "template-line-number": 46,
                "part": null,
                "node-pos": 23,
                "replacement-node": 10,
                "html": true
            }
        ],
        "rule-17": {
            "name": "ControlRespondent",
            "subs": [
                {
                    "template-line-number": 218,
                    "expression-node": 50,
                    "node-pos": 89,
                    "name": "ControlRespondent",
                    "part": "2",
                    "replacement-node": 49
                },
                {
                    "template-line-number": 223,
                    "expression-node": 53,
                    "node-pos": 93,
                    "name": "ControlRespondent",
                    "part": "3",
                    "replacement-node": 52
                },
                {
                    "template-line-number": 228,
                    "expression-node": 56,
                    "node-pos": 97,
                    "name": "ControlRespondent",
                    "part": "4",
                    "replacement-node": 55
                },
                {
                    "template-line-number": 233,
                    "expression-node": 59,
                    "node-pos": 101,
                    "name": "ControlRespondent",
                    "part": "4",
                    "replacement-node": 58
                },
                {
                    "template-line-number": 238,
                    "expression-node": 62,
                    "node-pos": 105,
                    "name": "ControlRespondent",
                    "part": "5",
                    "replacement-node": 61
                },
                {
                    "template-line-number": 243,
                    "expression-node": 65,
                    "node-pos": 109,
                    "name": "ControlRespondent",
                    "part": "5",
                    "replacement-node": 64
                },
                {
                    "template-line-number": 248,
                    "expression-node": 68,
                    "node-pos": 113,
                    "name": "ControlRespondent",
                    "part": "6",
                    "replacement-node": 67
                }
            ]
        },
        "rule-16": [
            {
                "template-line-number": 276,
                "part": null,
                "node-pos": 127,
                "replacement-node": 76
            }
        ],
        "rule-7": [
            {
                "template-line-number": 69,
                "part": null,
                "node-pos": 33,
                "replacement-node": 16
            }
        ]
    },
    "line-numbers": {
        "ControlRespondent": [
            {
                "template-line-number": 215,
                "start-number": 1,
                "line-number-node": 47
            }
        ]
    },
    "showifs": {
        "rule-1": {
            "template-line-number": 18,
            "type": "showif"
        }
    }
}