{
    "line-numbers": {},
    "substitutions": {
        "rule-3": [
            {
                "template-line-number": 42,
                "part": null,
                "node-pos": 22,
                "expression-node": 7,
                "replacement-node": 6
            }
        ],
        "rule-1": [
            {
                "template-line-number": 30,
                "part": null,
                "node-pos": 15,
                "expression-node": 1,
                "replacement-node": 0
            }
        ],
        "rule-8": [
            {
                "template-line-number": 86,
                "node-pos": 46,
                "replacement-node": 21,
                "part": null,
                "expression-node": 22,
                "html": true
            }
        ],
        "rule-5": [
            {
                "template-line-number": 52,
                "part": null,
                "node-pos": 29,
                "expression-node": 13,
                "replacement-node": 12
            }
        ],
        "rule-9": [
            {
                "template-line-number": 97,
                "part": null,
                "node-pos": 52,
                "replacement-node": 24
            }
        ],
        "rule-2": [
            {
                "template-line-number": 37,
                "part": null,
                "node-pos": 19,
                "replacement-node": 3
            }
        ],
        "rule-7": [
            {
                "template-line-number": 73,
                "part": null,
                "node-pos": 40,
                "replacement-node": 18,
                "html": true
            }
        ],
        "rule-4": [
            {
                "template-line-number": 47,
                "part": null,
                "node-pos": 26,
                "replacement-node": 9
            }
        ],
        "rule-6": [
            {
                "template-line-number": 62,
                "part": null,
                "node-pos": 35,
                "replacement-node": 15
            }
        ]
    },
    "showifs": {}
}