{
    "line-numbers": {
        "StudyCostsIncurred": [
            {
                "template-line-number": 240,
                "line-number-node": 49,
                "start-number": 2
            }
        ],
        "StudyCostsIncurred2": [
            {
                "template-line-number": 380,
                "line-number-node": 79,
                "start-number": 22
            }
        ]
    },
    "substitutions": {
        "rule-12": [
            {
                "part": null,
                "template-line-number": 105,
                "node-pos": 58,
                "replacement-node": 33,
                "html": true
            }
        ],
        "rule-25": [
            {
                "part": null,
                "template-line-number": 493,
                "node-pos": 215,
                "replacement-node": 117
            }
        ],
        "rule-26": {
            "subs": [
                {
                    "replacement-node": 51,
                    "name": "StudyCostsIncurred",
                    "expression-node": 52,
                    "part": "2",
                    "node-pos": 102,
                    "template-line-number": 245
                },
                {
                    "replacement-node": 54,
                    "name": "StudyCostsIncurred",
                    "expression-node": 55,
                    "part": "3",
                    "node-pos": 106,
                    "template-line-number": 250
                },
                {
                    "replacement-node": 57,
                    "name": "StudyCostsIncurred",
                    "expression-node": 58,
                    "part": "4",
                    "node-pos": 110,
                    "template-line-number": 255
                },
                {
                    "replacement-node": 60,
                    "name": "StudyCostsIncurred",
                    "expression-node": 61,
                    "part": "5",
                    "node-pos": 114,
                    "template-line-number": 260
                },
                {
                    "replacement-node": 63,
                    "name": "StudyCostsIncurred",
                    "expression-node": 64,
                    "part": "6",
                    "node-pos": 118,
                    "template-line-number": 265
                }
            ],
            "name": "StudyCostsIncurred"
        },
        "rule-23": [
            {
                "part": null,
                "template-line-number": 479,
                "node-pos": 207,
                "replacement-node": 111,
                "expression-node": 112
            }
        ],
        "rule-9": [
            {
                "part": null,
                "template-line-number": 76,
                "node-pos": 43,
                "replacement-node": 24,
                "expression-node": 25
            }
        ],
        "rule-4": [
            {
                "part": null,
                "template-line-number": 38,
                "node-pos": 21,
                "replacement-node": 9,
                "html": true
            }
        ],
        "rule-19": [
            {
                "part": null,
                "template-line-number": 428,
                "node-pos": 182,
                "replacement-node": 99,
                "expression-node": 100
            }
        ],
        "rule-1": [
            {
                "part": null,
                "template-line-number": 21,
                "node-pos": 9,
                "replacement-node": 0
            }
        ],
        "rule-3": [
            {
                "part": null,
                "template-line-number": 32,
                "node-pos": 17,
                "replacement-node": 6
            }
        ],
        "rule-18": [
            {
                "part": null,
                "template-line-number": 416,
                "node-pos": 177,
                "replacement-node": 96
            }
        ],
        "rule-20": [
            {
                "part": null,
                "template-line-number": 438,
                "node-pos": 187,
                "replacement-node": 102,
                "expression-node": 103
            }
        ],
        "rule-21": [
            {
                "part": null,
                "template-line-number": 455,
                "node-pos": 195,
                "replacement-node": 105,
                "expression-node": 106
            }
        ],
        "rule-27": {
            "subs": [
                {
                    "replacement-node": 81,
                    "name": "StudyCostsIncurred2",
                    "expression-node": 82,
                    "part": "2",
                    "node-pos": 155,
                    "template-line-number": 385
                },
                {
                    "replacement-node": 84,
                    "name": "StudyCostsIncurred2",
                    "expression-node": 85,
                    "part": "3",
                    "node-pos": 159,
                    "template-line-number": 390
                },
                {
                    "replacement-node": 87,
                    "name": "StudyCostsIncurred2",
                    "expression-node": 88,
                    "part": "4",
                    "node-pos": 163,
                    "template-line-number": 395
                },
                {
                    "replacement-node": 90,
                    "name": "StudyCostsIncurred2",
                    "expression-node": 91,
                    "part": "5",
                    "node-pos": 167,
                    "template-line-number": 400
                },
                {
                    "replacement-node": 93,
                    "name": "StudyCostsIncurred2",
                    "expression-node": 94,
                    "part": "6",
                    "node-pos": 171,
                    "template-line-number": 405
                }
            ],
            "name": "StudyCostsIncurred2"
        },
        "rule-11": [
            {
                "part": null,
                "template-line-number": 93,
                "node-pos": 53,
                "replacement-node": 30
            }
        ],
        "rule-6": [
            {
                "part": null,
                "template-line-number": 61,
                "node-pos": 31,
                "replacement-node": 15
            }
        ],
        "rule-13": [
            {
                "part": null,
                "template-line-number": 168,
                "node-pos": 88,
                "replacement-node": 45
            }
        ],
        "rule-15": [
            {
                "part": null,
                "template-line-number": 288,
                "node-pos": 129,
                "replacement-node": 69,
                "expression-node": 70
            }
        ],
        "rule-7": [
            {
                "part": null,
                "template-line-number": 66,
                "node-pos": 35,
                "replacement-node": 18,
                "expression-node": 19
            }
        ],
        "rule-8": [
            {
                "part": null,
                "template-line-number": 71,
                "node-pos": 39,
                "replacement-node": 21
            }
        ],
        "rule-5": [
            {
                "part": null,
                "template-line-number": 50,
                "node-pos": 26,
                "replacement-node": 12,
                "html": true
            }
        ],
        "rule-16": [
            {
                "part": null,
                "template-line-number": 298,
                "node-pos": 134,
                "replacement-node": 72,
                "expression-node": 73
            }
        ],
        "rule-2": [
            {
                "part": null,
                "template-line-number": 26,
                "node-pos": 13,
                "replacement-node": 3,
                "expression-node": 4
            }
        ],
        "rule-28": {
            "subs": [
                {
                    "replacement-node": 39,
                    "name": "ColumnHeadings",
                    "part": "1",
                    "node-pos": 78,
                    "extras": {},
                    "template-line-number": 148
                },
                {
                    "replacement-node": 42,
                    "name": "ColumnHeadings",
                    "part": "2",
                    "node-pos": 82,
                    "extras": {},
                    "template-line-number": 156
                },
                {
                    "replacement-node": 37,
                    "name": "ColumnHeadings",
                    "part": "3",
                    "node-pos": 76,
                    "extras": {},
                    "template-line-number": 144
                }
            ],
            "name": "ColumnHeadings"
        },
        "rule-10": [
            {
                "part": null,
                "template-line-number": 81,
                "node-pos": 47,
                "replacement-node": 27,
                "expression-node": 28
            }
        ],
        "rule-14": [
            {
                "part": null,
                "template-line-number": 276,
                "node-pos": 124,
                "replacement-node": 66
            }
        ],
        "rule-24": [
            {
                "part": null,
                "template-line-number": 484,
                "node-pos": 211,
                "replacement-node": 114
            }
        ],
        "rule-22": [
            {
                "part": null,
                "template-line-number": 465,
                "node-pos": 200,
                "replacement-node": 108,
                "expression-node": 109
            }
        ],
        "rule-17": [
            {
                "part": null,
                "template-line-number": 313,
                "node-pos": 141,
                "replacement-node": 75
            }
        ]
    },
    "showifs": {}
}