{
    "line-numbers": {},
    "substitutions": {
        "rule-4": [
            {
                "part": null,
                "node-pos": 22,
                "replacement-node": 9,
                "template-line-number": 39,
                "html": true
            }
        ],
        "rule-6": [
            {
                "part": null,
                "node-pos": 32,
                "replacement-node": 15,
                "template-line-number": 62
            }
        ],
        "rule-1": [
            {
                "part": null,
                "node-pos": 10,
                "replacement-node": 0,
                "template-line-number": 22
            }
        ],
        "rule-9": [
            {
                "part": null,
                "node-pos": 44,
                "expression-node": 25,
                "replacement-node": 24,
                "template-line-number": 77
            }
        ],
        "rule-12": [
            {
                "part": null,
                "node-pos": 59,
                "replacement-node": 33,
                "template-line-number": 103,
                "html": true
            }
        ],
        "rule-2": [
            {
                "part": null,
                "node-pos": 14,
                "expression-node": 4,
                "replacement-node": 3,
                "template-line-number": 27
            }
        ],
        "rule-13": [
            {
                "part": null,
                "node-pos": 112,
                "expression-node": 64,
                "replacement-node": 63,
                "template-line-number": 241
            }
        ],
        "rule-17": {
            "name": "ColumnHeadings",
            "subs": [
                {
                    "part": "1",
                    "name": "ColumnHeadings",
                    "template-line-number": 134,
                    "node-pos": 75,
                    "replacement-node": 37,
                    "extras": {}
                },
                {
                    "part": "2",
                    "name": "ColumnHeadings",
                    "template-line-number": 141,
                    "node-pos": 79,
                    "replacement-node": 40,
                    "extras": {}
                }
            ]
        },
        "rule-8": [
            {
                "part": null,
                "node-pos": 40,
                "replacement-node": 21,
                "template-line-number": 72
            }
        ],
        "rule-3": [
            {
                "part": null,
                "node-pos": 18,
                "replacement-node": 6,
                "template-line-number": 33
            }
        ],
        "rule-14": [
            {
                "part": null,
                "node-pos": 116,
                "replacement-node": 66,
                "template-line-number": 246
            }
        ],
        "rule-7": [
            {
                "part": null,
                "node-pos": 36,
                "expression-node": 19,
                "replacement-node": 18,
                "template-line-number": 67
            }
        ],
        "rule-15": [
            {
                "part": null,
                "node-pos": 120,
                "replacement-node": 69,
                "template-line-number": 255
            }
        ],
        "rule-5": [
            {
                "part": null,
                "node-pos": 27,
                "replacement-node": 12,
                "template-line-number": 51,
                "html": true
            }
        ],
        "rule-16": {
            "name": "CostOfServiceAnalysisLineItems",
            "subs": [
                {
                    "part": "1",
                    "name": "CostOfServiceAnalysisLineItems",
                    "template-line-number": 187,
                    "node-pos": 85,
                    "replacement-node": 44,
                    "extras": {}
                },
                {
                    "part": "2",
                    "name": "CostOfServiceAnalysisLineItems",
                    "template-line-number": 198,
                    "node-pos": 93,
                    "replacement-node": 49,
                    "extras": {}
                },
                {
                    "part": "4",
                    "expression-node": 54,
                    "template-line-number": 207,
                    "name": "CostOfServiceAnalysisLineItems",
                    "node-pos": 98,
                    "replacement-node": 53
                },
                {
                    "part": "5",
                    "expression-node": 59,
                    "template-line-number": 222,
                    "name": "CostOfServiceAnalysisLineItems",
                    "node-pos": 104,
                    "replacement-node": 58
                },
                {
                    "part": "6",
                    "name": "CostOfServiceAnalysisLineItems",
                    "template-line-number": 194,
                    "node-pos": 91,
                    "replacement-node": 47,
                    "extras": {}
                }
            ]
        },
        "rule-11": [
            {
                "part": null,
                "node-pos": 54,
                "replacement-node": 30,
                "template-line-number": 92
            }
        ],
        "rule-10": [
            {
                "part": null,
                "node-pos": 48,
                "expression-node": 28,
                "replacement-node": 27,
                "template-line-number": 82
            }
        ]
    },
    "showifs": {}
}