{
    "showifs": {
        "rule-1": {
            "type": "showif",
            "template-line-number": 17
        }
    },
    "line-numbers": {
        "OtherRegulatoryLiabilities": [
            {
                "start-number": 1,
                "line-number-node": 47,
                "template-line-number": 208
            }
        ]
    },
    "substitutions": {
        "rule-11": [
            {
                "replacement-node": 28,
                "node-pos": 48,
                "expression-node": 29,
                "part": null,
                "template-line-number": 84
            }
        ],
        "rule-14": [
            {
                "replacement-node": 70,
                "template-line-number": 251,
                "part": null,
                "node-pos": 119
            }
        ],
        "rule-8": [
            {
                "replacement-node": 19,
                "node-pos": 36,
                "expression-node": 20,
                "part": null,
                "template-line-number": 70
            }
        ],
        "rule-4": [
            {
                "replacement-node": 7,
                "template-line-number": 37,
                "part": null,
                "node-pos": 18
            }
        ],
        "rule-7": [
            {
                "replacement-node": 16,
                "template-line-number": 66,
                "part": null,
                "node-pos": 32
            }
        ],
        "rule-21": [
            {
                "replacement-node": 91,
                "template-line-number": 318,
                "part": null,
                "node-pos": 151
            }
        ],
        "rule-23": {
            "subs": [
                {
                    "extras": {},
                    "part": "1",
                    "node-pos": 76,
                    "replacement-node": 40,
                    "name": "ODCHead",
                    "template-line-number": 140
                },
                {
                    "extras": {},
                    "part": "2",
                    "node-pos": 80,
                    "replacement-node": 43,
                    "name": "ODCHead",
                    "template-line-number": 149
                },
                {
                    "extras": {},
                    "part": "3",
                    "node-pos": 74,
                    "replacement-node": 38,
                    "name": "ODCHead",
                    "template-line-number": 136
                }
            ],
            "name": "ODCHead"
        },
        "rule-20": [
            {
                "replacement-node": 88,
                "node-pos": 147,
                "expression-node": 89,
                "part": null,
                "template-line-number": 313
            }
        ],
        "rule-15": [
            {
                "replacement-node": 73,
                "node-pos": 124,
                "expression-node": 74,
                "part": null,
                "template-line-number": 263
            }
        ],
        "rule-17": [
            {
                "replacement-node": 79,
                "node-pos": 133,
                "expression-node": 80,
                "part": null,
                "template-line-number": 282
            }
        ],
        "rule-9": [
            {
                "replacement-node": 22,
                "template-line-number": 75,
                "part": null,
                "node-pos": 40
            }
        ],
        "rule-3": [
            {
                "replacement-node": 4,
                "node-pos": 14,
                "expression-node": 5,
                "part": null,
                "template-line-number": 31
            }
        ],
        "rule-2": [
            {
                "replacement-node": 1,
                "template-line-number": 27,
                "part": null,
                "node-pos": 10
            }
        ],
        "rule-16": [
            {
                "replacement-node": 76,
                "node-pos": 129,
                "expression-node": 77,
                "part": null,
                "template-line-number": 273
            }
        ],
        "rule-10": [
            {
                "replacement-node": 25,
                "node-pos": 44,
                "expression-node": 26,
                "part": null,
                "template-line-number": 79
            }
        ],
        "rule-12": [
            {
                "replacement-node": 31,
                "template-line-number": 94,
                "part": null,
                "node-pos": 54
            }
        ],
        "rule-24": {
            "subs": [
                {
                    "part": "2",
                    "node-pos": 89,
                    "replacement-node": 49,
                    "name": "OtherRegulatoryLiabilities",
                    "template-line-number": 211,
                    "expression-node": 50
                },
                {
                    "part": "3",
                    "node-pos": 93,
                    "replacement-node": 52,
                    "name": "OtherRegulatoryLiabilities",
                    "template-line-number": 216,
                    "expression-node": 53
                },
                {
                    "part": "4",
                    "node-pos": 97,
                    "replacement-node": 55,
                    "name": "OtherRegulatoryLiabilities",
                    "template-line-number": 221,
                    "expression-node": 56
                },
                {
                    "part": "5",
                    "node-pos": 101,
                    "replacement-node": 58,
                    "name": "OtherRegulatoryLiabilities",
                    "template-line-number": 226,
                    "expression-node": 59
                },
                {
                    "part": "6",
                    "node-pos": 105,
                    "replacement-node": 61,
                    "name": "OtherRegulatoryLiabilities",
                    "template-line-number": 231,
                    "expression-node": 62
                },
                {
                    "part": "7",
                    "node-pos": 109,
                    "replacement-node": 64,
                    "name": "OtherRegulatoryLiabilities",
                    "template-line-number": 236,
                    "expression-node": 65
                },
                {
                    "part": "8",
                    "node-pos": 113,
                    "replacement-node": 67,
                    "name": "OtherRegulatoryLiabilities",
                    "template-line-number": 241,
                    "expression-node": 68
                }
            ],
            "name": "OtherRegulatoryLiabilities"
        },
        "rule-22": [
            {
                "replacement-node": 94,
                "template-line-number": 327,
                "part": null,
                "node-pos": 155
            }
        ],
        "rule-13": [
            {
                "replacement-node": 34,
                "html": true,
                "template-line-number": 105,
                "part": null,
                "node-pos": 59
            }
        ],
        "rule-19": [
            {
                "replacement-node": 85,
                "node-pos": 141,
                "expression-node": 86,
                "part": null,
                "template-line-number": 300
            }
        ],
        "rule-5": [
            {
                "replacement-node": 10,
                "html": true,
                "template-line-number": 43,
                "part": null,
                "node-pos": 22
            }
        ],
        "rule-6": [
            {
                "replacement-node": 13,
                "html": true,
                "template-line-number": 55,
                "part": null,
                "node-pos": 27
            }
        ],
        "rule-18": [
            {
                "replacement-node": 82,
                "node-pos": 137,
                "expression-node": 83,
                "part": null,
                "template-line-number": 291
            }
        ]
    }
}