{
    "substitutions": {
        "rule-16": [
            {
                "replacement-node": 98,
                "part": null,
                "template-line-number": 384,
                "node-pos": 158
            }
        ],
        "rule-2": [
            {
                "replacement-node": 1,
                "part": null,
                "template-line-number": 31,
                "node-pos": 10
            }
        ],
        "rule-9": [
            {
                "replacement-node": 22,
                "part": null,
                "template-line-number": 81,
                "node-pos": 40
            }
        ],
        "rule-14": [
            {
                "replacement-node": 92,
                "part": null,
                "expression-node": 93,
                "template-line-number": 367,
                "node-pos": 150
            }
        ],
        "rule-7": [
            {
                "replacement-node": 16,
                "part": null,
                "template-line-number": 71,
                "node-pos": 32
            }
        ],
        "rule-5": [
            {
                "replacement-node": 10,
                "part": null,
                "template-line-number": 48,
                "node-pos": 22,
                "html": true
            }
        ],
        "rule-3": [
            {
                "replacement-node": 4,
                "part": null,
                "expression-node": 5,
                "template-line-number": 36,
                "node-pos": 14
            }
        ],
        "rule-11": [
            {
                "replacement-node": 28,
                "part": null,
                "expression-node": 29,
                "template-line-number": 91,
                "node-pos": 48
            }
        ],
        "rule-10": [
            {
                "replacement-node": 25,
                "part": null,
                "expression-node": 26,
                "template-line-number": 86,
                "node-pos": 44
            }
        ],
        "rule-17": {
            "subs": [
                {
                    "template-line-number": 151,
                    "name": "ColumnHeadings",
                    "replacement-node": 38,
                    "part": "1",
                    "extras": {},
                    "node-pos": 76
                },
                {
                    "template-line-number": 158,
                    "name": "ColumnHeadings",
                    "replacement-node": 41,
                    "part": "2",
                    "extras": {},
                    "node-pos": 80
                }
            ],
            "name": "ColumnHeadings"
        },
        "rule-8": [
            {
                "replacement-node": 19,
                "part": null,
                "expression-node": 20,
                "template-line-number": 76,
                "node-pos": 36
            }
        ],
        "rule-15": [
            {
                "replacement-node": 95,
                "part": null,
                "template-line-number": 374,
                "node-pos": 154
            }
        ],
        "rule-18": {
            "subs": [
                {
                    "template-line-number": 235,
                    "name": "ISLineItems",
                    "replacement-node": 45,
                    "part": "1",
                    "extras": {},
                    "node-pos": 86
                },
                {
                    "template-line-number": 309,
                    "name": "ISLineItems",
                    "replacement-node": 76,
                    "part": "10",
                    "expression-node": 77,
                    "node-pos": 128
                },
                {
                    "template-line-number": 322,
                    "name": "ISLineItems",
                    "replacement-node": 80,
                    "part": "11",
                    "expression-node": 81,
                    "node-pos": 133
                },
                {
                    "template-line-number": 335,
                    "name": "ISLineItems",
                    "replacement-node": 84,
                    "part": "12",
                    "expression-node": 85,
                    "node-pos": 138
                },
                {
                    "template-line-number": 348,
                    "name": "ISLineItems",
                    "replacement-node": 88,
                    "part": "13",
                    "expression-node": 89,
                    "node-pos": 143
                },
                {
                    "template-line-number": 246,
                    "name": "ISLineItems",
                    "replacement-node": 50,
                    "part": "2",
                    "extras": {},
                    "node-pos": 94
                },
                {
                    "template-line-number": 253,
                    "name": "ISLineItems",
                    "replacement-node": 54,
                    "part": "3",
                    "extras": {},
                    "node-pos": 99
                },
                {
                    "template-line-number": 258,
                    "name": "ISLineItems",
                    "replacement-node": 56,
                    "part": "4",
                    "expression-node": 57,
                    "node-pos": 102
                },
                {
                    "template-line-number": 264,
                    "name": "ISLineItems",
                    "replacement-node": 59,
                    "part": "5",
                    "expression-node": 60,
                    "node-pos": 106
                },
                {
                    "template-line-number": 242,
                    "name": "ISLineItems",
                    "replacement-node": 48,
                    "part": "6",
                    "extras": {},
                    "node-pos": 92
                },
                {
                    "template-line-number": 270,
                    "name": "ISLineItems",
                    "replacement-node": 62,
                    "part": "6",
                    "expression-node": 63,
                    "node-pos": 110
                },
                {
                    "template-line-number": 276,
                    "name": "ISLineItems",
                    "replacement-node": 65,
                    "part": "7",
                    "expression-node": 66,
                    "node-pos": 114
                },
                {
                    "template-line-number": 282,
                    "name": "ISLineItems",
                    "replacement-node": 68,
                    "part": "8",
                    "expression-node": 69,
                    "node-pos": 118
                },
                {
                    "template-line-number": 295,
                    "name": "ISLineItems",
                    "replacement-node": 72,
                    "part": "9",
                    "expression-node": 73,
                    "node-pos": 123
                }
            ],
            "name": "ISLineItems"
        },
        "rule-13": [
            {
                "replacement-node": 34,
                "part": null,
                "template-line-number": 112,
                "node-pos": 59,
                "html": true
            }
        ],
        "rule-4": [
            {
                "replacement-node": 7,
                "part": null,
                "template-line-number": 42,
                "node-pos": 18
            }
        ],
        "rule-6": [
            {
                "replacement-node": 13,
                "part": null,
                "template-line-number": 60,
                "node-pos": 27,
                "html": true
            }
        ],
        "rule-12": [
            {
                "replacement-node": 31,
                "part": null,
                "template-line-number": 101,
                "node-pos": 54
            }
        ]
    },
    "line-numbers": {},
    "showifs": {
        "rule-1": {
            "template-line-number": 18,
            "type": "showif"
        }
    }
}