{
    "line-numbers": {},
    "substitutions": {
        "rule-4": [
            {
                "part": null,
                "html": true,
                "node-pos": 21,
                "template-line-number": 37,
                "replacement-node": 9
            }
        ],
        "rule-8": [
            {
                "part": null,
                "node-pos": 39,
                "template-line-number": 69,
                "replacement-node": 21
            }
        ],
        "rule-16": {
            "name": "GAHeadings",
            "subs": [
                {
                    "part": "1",
                    "node-pos": 77,
                    "replacement-node": 37,
                    "name": "GAHeadings",
                    "template-line-number": 133,
                    "extras": {}
                },
                {
                    "part": "2",
                    "node-pos": 81,
                    "replacement-node": 40,
                    "name": "GAHeadings",
                    "template-line-number": 140,
                    "extras": {}
                }
            ]
        },
        "rule-17": {
            "name": "GALineItems",
            "subs": [
                {
                    "part": "1",
                    "node-pos": 87,
                    "replacement-node": 44,
                    "name": "GALineItems",
                    "template-line-number": 271,
                    "extras": {}
                },
                {
                    "part": "2",
                    "node-pos": 95,
                    "expression-node": 50,
                    "replacement-node": 49,
                    "name": "GALineItems",
                    "template-line-number": 285
                },
                {
                    "part": "3",
                    "node-pos": 101,
                    "replacement-node": 54,
                    "name": "GALineItems",
                    "template-line-number": 295,
                    "extras": {}
                },
                {
                    "part": "4",
                    "node-pos": 106,
                    "expression-node": 59,
                    "replacement-node": 58,
                    "name": "GALineItems",
                    "template-line-number": 303
                },
                {
                    "part": "5",
                    "node-pos": 114,
                    "expression-node": 66,
                    "replacement-node": 65,
                    "name": "GALineItems",
                    "template-line-number": 313
                },
                {
                    "part": "6",
                    "node-pos": 93,
                    "replacement-node": 47,
                    "name": "GALineItems",
                    "template-line-number": 281,
                    "extras": {}
                }
            ]
        },
        "rule-2": [
            {
                "template-line-number": 25,
                "part": null,
                "node-pos": 13,
                "expression-node": 4,
                "replacement-node": 3
            }
        ],
        "rule-11": [
            {
                "part": null,
                "node-pos": 53,
                "template-line-number": 88,
                "replacement-node": 30
            }
        ],
        "rule-7": [
            {
                "template-line-number": 64,
                "part": null,
                "node-pos": 35,
                "expression-node": 19,
                "replacement-node": 18
            }
        ],
        "rule-1": [
            {
                "part": null,
                "node-pos": 9,
                "template-line-number": 21,
                "replacement-node": 0
            }
        ],
        "rule-3": [
            {
                "part": null,
                "node-pos": 17,
                "template-line-number": 31,
                "replacement-node": 6
            }
        ],
        "rule-6": [
            {
                "part": null,
                "node-pos": 31,
                "template-line-number": 60,
                "replacement-node": 15
            }
        ],
        "rule-5": [
            {
                "part": null,
                "html": true,
                "node-pos": 26,
                "template-line-number": 49,
                "replacement-node": 12
            }
        ],
        "rule-9": [
            {
                "template-line-number": 73,
                "part": null,
                "node-pos": 43,
                "expression-node": 25,
                "replacement-node": 24
            }
        ],
        "rule-12": [
            {
                "part": null,
                "html": true,
                "node-pos": 58,
                "template-line-number": 99,
                "replacement-node": 33
            }
        ],
        "rule-15": [
            {
                "part": null,
                "node-pos": 130,
                "template-line-number": 339,
                "replacement-node": 76
            }
        ],
        "rule-10": [
            {
                "template-line-number": 78,
                "part": null,
                "node-pos": 47,
                "expression-node": 28,
                "replacement-node": 27
            }
        ],
        "rule-14": [
            {
                "part": null,
                "node-pos": 126,
                "template-line-number": 330,
                "replacement-node": 73
            }
        ],
        "rule-13": [
            {
                "template-line-number": 325,
                "part": null,
                "node-pos": 122,
                "expression-node": 71,
                "replacement-node": 70
            }
        ]
    },
    "showifs": {}
}