{
    "substitutions": {
        "rule-1": [
            {
                "part": null,
                "replacement-node": 0,
                "template-line-number": 18,
                "node-pos": 9
            }
        ],
        "rule-2": [
            {
                "part": null,
                "replacement-node": 3,
                "expression-node": 4,
                "template-line-number": 25,
                "node-pos": 13
            }
        ],
        "rule-3": [
            {
                "part": null,
                "replacement-node": 6,
                "template-line-number": 32,
                "node-pos": 17
            }
        ],
        "rule-4": [
            {
                "part": null,
                "replacement-node": 9,
                "template-line-number": 40,
                "node-pos": 21,
                "html": true
            }
        ],
        "rule-5": [
            {
                "part": null,
                "replacement-node": 12,
                "template-line-number": 57,
                "node-pos": 26,
                "html": true
            }
        ],
        "rule-6": [
            {
                "part": null,
                "replacement-node": 15,
                "template-line-number": 75,
                "node-pos": 31
            }
        ],
        "rule-7": [
            {
                "part": null,
                "replacement-node": 18,
                "expression-node": 19,
                "template-line-number": 82,
                "node-pos": 35
            }
        ],
        "rule-8": [
            {
                "part": null,
                "replacement-node": 21,
                "template-line-number": 89,
                "node-pos": 39
            }
        ],
        "rule-9": [
            {
                "part": null,
                "replacement-node": 24,
                "expression-node": 25,
                "template-line-number": 96,
                "node-pos": 43
            }
        ],
        "rule-10": [
            {
                "part": null,
                "replacement-node": 27,
                "expression-node": 28,
                "template-line-number": 102,
                "node-pos": 47
            }
        ],
        "rule-11": [
            {
                "part": null,
                "replacement-node": 30,
                "template-line-number": 115,
                "node-pos": 53
            }
        ],
        "rule-12": [
            {
                "part": null,
                "replacement-node": 33,
                "template-line-number": 126,
                "node-pos": 58,
                "html": true
            }
        ],
        "rule-13": [
            {
                "part": null,
                "replacement-node": 90,
                "expression-node": 91,
                "template-line-number": 437,
                "node-pos": 172
            }
        ],
        "rule-14": [
            {
                "part": null,
                "replacement-node": 93,
                "expression-node": 94,
                "template-line-number": 447,
                "node-pos": 176
            }
        ],
        "rule-15": [
            {
                "part": null,
                "replacement-node": 96,
                "expression-node": 97,
                "template-line-number": 457,
                "node-pos": 180
            }
        ],
        "rule-16": [
            {
                "part": null,
                "replacement-node": 99,
                "expression-node": 100,
                "template-line-number": 468,
                "node-pos": 184
            }
        ],
        "rule-17": [
            {
                "part": null,
                "replacement-node": 102,
                "expression-node": 103,
                "template-line-number": 478,
                "node-pos": 188
            }
        ],
        "rule-18": [
            {
                "part": null,
                "replacement-node": 105,
                "expression-node": 106,
                "template-line-number": 488,
                "node-pos": 192
            }
        ],
        "rule-19": [
            {
                "part": null,
                "replacement-node": 108,
                "expression-node": 109,
                "template-line-number": 498,
                "node-pos": 196
            }
        ],
        "rule-20": [
            {
                "part": null,
                "replacement-node": 111,
                "expression-node": 112,
                "template-line-number": 514,
                "node-pos": 202
            }
        ],
        "rule-21": [
            {
                "part": null,
                "replacement-node": 114,
                "template-line-number": 521,
                "node-pos": 206
            }
        ],
        "rule-22": [
            {
                "part": null,
                "replacement-node": 117,
                "template-line-number": 531,
                "node-pos": 210
            }
        ],
        "rule-23": {
            "name": "ColumnHeadings",
            "subs": [
                {
                    "name": "ColumnHeadings",
                    "part": "1",
                    "replacement-node": 39,
                    "template-line-number": 187,
                    "extras": {},
                    "node-pos": 94
                },
                {
                    "name": "ColumnHeadings",
                    "part": "2",
                    "replacement-node": 42,
                    "template-line-number": 195,
                    "extras": {},
                    "node-pos": 98
                },
                {
                    "name": "ColumnHeadings",
                    "part": "3",
                    "replacement-node": 37,
                    "template-line-number": 183,
                    "extras": {},
                    "node-pos": 92
                }
            ]
        },
        "rule-24": {
            "name": "TransmissionOfElectricityForOthers",
            "subs": [
                {
                    "name": "TransmissionOfElectricityForOthers",
                    "part": "10",
                    "replacement-node": 72,
                    "expression-node": 73,
                    "template-line-number": 369,
                    "node-pos": 139
                },
                {
                    "name": "TransmissionOfElectricityForOthers",
                    "part": "11",
                    "replacement-node": 75,
                    "expression-node": 76,
                    "template-line-number": 378,
                    "node-pos": 143
                },
                {
                    "name": "TransmissionOfElectricityForOthers",
                    "part": "12",
                    "replacement-node": 78,
                    "expression-node": 79,
                    "template-line-number": 388,
                    "node-pos": 147
                },
                {
                    "name": "TransmissionOfElectricityForOthers",
                    "part": "13",
                    "replacement-node": 81,
                    "expression-node": 82,
                    "template-line-number": 397,
                    "node-pos": 151
                },
                {
                    "name": "TransmissionOfElectricityForOthers",
                    "part": "14",
                    "replacement-node": 84,
                    "expression-node": 85,
                    "template-line-number": 406,
                    "node-pos": 155
                },
                {
                    "name": "TransmissionOfElectricityForOthers",
                    "part": "15",
                    "replacement-node": 87,
                    "expression-node": 88,
                    "template-line-number": 415,
                    "node-pos": 159
                },
                {
                    "name": "TransmissionOfElectricityForOthers",
                    "part": "2",
                    "replacement-node": 48,
                    "expression-node": 49,
                    "template-line-number": 297,
                    "node-pos": 107
                },
                {
                    "name": "TransmissionOfElectricityForOthers",
                    "part": "3",
                    "replacement-node": 51,
                    "expression-node": 52,
                    "template-line-number": 306,
                    "node-pos": 111
                },
                {
                    "name": "TransmissionOfElectricityForOthers",
                    "part": "4",
                    "replacement-node": 54,
                    "expression-node": 55,
                    "template-line-number": 315,
                    "node-pos": 115
                },
                {
                    "name": "TransmissionOfElectricityForOthers",
                    "part": "5",
                    "replacement-node": 57,
                    "expression-node": 58,
                    "template-line-number": 324,
                    "node-pos": 119
                },
                {
                    "name": "TransmissionOfElectricityForOthers",
                    "part": "6",
                    "replacement-node": 60,
                    "expression-node": 61,
                    "template-line-number": 333,
                    "node-pos": 123
                },
                {
                    "name": "TransmissionOfElectricityForOthers",
                    "part": "7",
                    "replacement-node": 63,
                    "expression-node": 64,
                    "template-line-number": 342,
                    "node-pos": 127
                },
                {
                    "name": "TransmissionOfElectricityForOthers",
                    "part": "8",
                    "replacement-node": 66,
                    "expression-node": 67,
                    "template-line-number": 351,
                    "node-pos": 131
                },
                {
                    "name": "TransmissionOfElectricityForOthers",
                    "part": "9",
                    "replacement-node": 69,
                    "expression-node": 70,
                    "template-line-number": 360,
                    "node-pos": 135
                }
            ]
        }
    },
    "line-numbers": {
        "TransmissionOfElectricityForOthers": [
            {
                "line-number-node": 46,
                "start-number": 1,
                "template-line-number": 292
            }
        ]
    },
    "showifs": {},
    "footnotes": {},
    "standard-rules": [
        "rule-1",
        "rule-2",
        "rule-3",
        "rule-4",
        "rule-5",
        "rule-6",
        "rule-7",
        "rule-8",
        "rule-9",
        "rule-10",
        "rule-11",
        "rule-12",
        "rule-13",
        "rule-14",
        "rule-15",
        "rule-16",
        "rule-17",
        "rule-18",
        "rule-19",
        "rule-20",
        "rule-21",
        "rule-22",
        "rule-23",
        "rule-24"
    ],
    "footnote-rules": []
}