{
    "line-numbers": {},
    "showifs": {},
    "substitutions": {
        "rule-24": [
            {
                "replacement-node": 69,
                "node-pos": 134,
                "part": null,
                "template-line-number": 245,
                "expression-node": 70
            }
        ],
        "rule-13": [
            {
                "replacement-node": 36,
                "part": null,
                "template-line-number": 123,
                "node-pos": 69
            }
        ],
        "rule-23": [
            {
                "replacement-node": 66,
                "html": true,
                "part": null,
                "template-line-number": 236,
                "node-pos": 129
            }
        ],
        "rule-25": [
            {
                "replacement-node": 72,
                "html": true,
                "part": null,
                "template-line-number": 259,
                "node-pos": 141
            }
        ],
        "rule-29": [
            {
                "replacement-node": 84,
                "part": null,
                "template-line-number": 310,
                "node-pos": 169
            }
        ],
        "rule-6": [
            {
                "replacement-node": 15,
                "part": null,
                "template-line-number": 64,
                "node-pos": 32
            }
        ],
        "rule-7": [
            {
                "replacement-node": 18,
                "node-pos": 36,
                "part": null,
                "template-line-number": 69,
                "expression-node": 19
            }
        ],
        "rule-12": [
            {
                "replacement-node": 33,
                "html": true,
                "part": null,
                "template-line-number": 107,
                "node-pos": 59
            }
        ],
        "rule-20": [
            {
                "replacement-node": 57,
                "node-pos": 110,
                "part": null,
                "template-line-number": 199,
                "expression-node": 58
            }
        ],
        "rule-11": [
            {
                "replacement-node": 30,
                "part": null,
                "template-line-number": 96,
                "node-pos": 54
            }
        ],
        "rule-21": [
            {
                "replacement-node": 60,
                "html": true,
                "part": null,
                "template-line-number": 212,
                "node-pos": 117
            }
        ],
        "rule-3": [
            {
                "replacement-node": 6,
                "part": null,
                "template-line-number": 34,
                "node-pos": 18
            }
        ],
        "rule-26": [
            {
                "replacement-node": 75,
                "node-pos": 146,
                "part": null,
                "template-line-number": 268,
                "expression-node": 76
            }
        ],
        "rule-15": [
            {
                "replacement-node": 42,
                "part": null,
                "template-line-number": 145,
                "node-pos": 81
            }
        ],
        "rule-8": [
            {
                "replacement-node": 21,
                "part": null,
                "template-line-number": 75,
                "node-pos": 40
            }
        ],
        "rule-4": [
            {
                "replacement-node": 9,
                "html": true,
                "part": null,
                "template-line-number": 40,
                "node-pos": 22
            }
        ],
        "rule-17": [
            {
                "replacement-node": 48,
                "part": null,
                "template-line-number": 167,
                "node-pos": 93
            }
        ],
        "rule-5": [
            {
                "replacement-node": 12,
                "html": true,
                "part": null,
                "template-line-number": 52,
                "node-pos": 27
            }
        ],
        "rule-14": [
            {
                "replacement-node": 39,
                "node-pos": 74,
                "part": null,
                "template-line-number": 132,
                "expression-node": 40
            }
        ],
        "rule-18": [
            {
                "replacement-node": 51,
                "node-pos": 98,
                "part": null,
                "template-line-number": 177,
                "expression-node": 52
            }
        ],
        "rule-1": [
            {
                "replacement-node": 0,
                "part": null,
                "template-line-number": 23,
                "node-pos": 10
            }
        ],
        "rule-10": [
            {
                "replacement-node": 27,
                "node-pos": 48,
                "part": null,
                "template-line-number": 85,
                "expression-node": 28
            }
        ],
        "rule-19": [
            {
                "replacement-node": 54,
                "part": null,
                "template-line-number": 190,
                "node-pos": 105
            }
        ],
        "rule-2": [
            {
                "replacement-node": 3,
                "node-pos": 14,
                "part": null,
                "template-line-number": 28,
                "expression-node": 4
            }
        ],
        "rule-9": [
            {
                "replacement-node": 24,
                "node-pos": 44,
                "part": null,
                "template-line-number": 80,
                "expression-node": 25
            }
        ],
        "rule-27": [
            {
                "replacement-node": 78,
                "node-pos": 161,
                "part": null,
                "template-line-number": 296,
                "expression-node": 79
            }
        ],
        "rule-28": [
            {
                "replacement-node": 81,
                "part": null,
                "template-line-number": 301,
                "node-pos": 165
            }
        ],
        "rule-16": [
            {
                "replacement-node": 45,
                "node-pos": 86,
                "part": null,
                "template-line-number": 154,
                "expression-node": 46
            }
        ],
        "rule-22": [
            {
                "replacement-node": 63,
                "node-pos": 122,
                "part": null,
                "template-line-number": 221,
                "expression-node": 64
            }
        ]
    }
}