{
    "substitutions": {
        "rule-1": [
            {
                "part": null,
                "replacement-node": 0,
                "template-line-number": 22,
                "node-pos": 9
            }
        ],
        "rule-2": [
            {
                "part": null,
                "replacement-node": 3,
                "expression-node": 4,
                "template-line-number": 27,
                "node-pos": 13
            }
        ],
        "rule-3": [
            {
                "part": null,
                "replacement-node": 6,
                "template-line-number": 33,
                "node-pos": 17
            }
        ],
        "rule-4": [
            {
                "part": null,
                "replacement-node": 9,
                "template-line-number": 39,
                "node-pos": 21,
                "html": true
            }
        ],
        "rule-5": [
            {
                "part": null,
                "replacement-node": 12,
                "template-line-number": 51,
                "node-pos": 26,
                "html": true
            }
        ],
        "rule-6": [
            {
                "part": null,
                "replacement-node": 15,
                "template-line-number": 62,
                "node-pos": 31
            }
        ],
        "rule-7": [
            {
                "part": null,
                "replacement-node": 18,
                "expression-node": 19,
                "template-line-number": 67,
                "node-pos": 35
            }
        ],
        "rule-8": [
            {
                "part": null,
                "replacement-node": 21,
                "template-line-number": 72,
                "node-pos": 39
            }
        ],
        "rule-9": [
            {
                "part": null,
                "replacement-node": 24,
                "expression-node": 25,
                "template-line-number": 77,
                "node-pos": 43
            }
        ],
        "rule-10": [
            {
                "part": null,
                "replacement-node": 27,
                "expression-node": 28,
                "template-line-number": 82,
                "node-pos": 47
            }
        ],
        "rule-11": [
            {
                "part": null,
                "replacement-node": 30,
                "template-line-number": 92,
                "node-pos": 53
            }
        ],
        "rule-12": [
            {
                "part": null,
                "replacement-node": 33,
                "template-line-number": 103,
                "node-pos": 58,
                "html": true
            }
        ],
        "rule-13": [
            {
                "part": null,
                "replacement-node": 74,
                "expression-node": 75,
                "template-line-number": 287,
                "node-pos": 123
            }
        ],
        "rule-14": [
            {
                "part": null,
                "replacement-node": 77,
                "template-line-number": 294,
                "node-pos": 127
            }
        ],
        "rule-15": [
            {
                "part": null,
                "replacement-node": 80,
                "template-line-number": 304,
                "node-pos": 131
            }
        ],
        "rule-16": {
            "name": "MTSPeakLoadHeadings",
            "subs": [
                {
                    "name": "MTSPeakLoadHeadings",
                    "part": "1",
                    "replacement-node": 39,
                    "template-line-number": 144,
                    "extras": {},
                    "node-pos": 76
                },
                {
                    "name": "MTSPeakLoadHeadings",
                    "part": "2",
                    "replacement-node": 42,
                    "template-line-number": 152,
                    "extras": {},
                    "node-pos": 80
                },
                {
                    "name": "MTSPeakLoadHeadings",
                    "part": "3",
                    "replacement-node": 37,
                    "template-line-number": 140,
                    "extras": {},
                    "node-pos": 74
                }
            ]
        },
        "rule-17": {
            "name": "MTSPeakLoadLineItems",
            "subs": [
                {
                    "name": "MTSPeakLoadLineItems",
                    "part": "2",
                    "replacement-node": 50,
                    "template-line-number": 229,
                    "extras": {},
                    "node-pos": 91
                },
                {
                    "name": "MTSPeakLoadLineItems",
                    "part": "3",
                    "replacement-node": 46,
                    "template-line-number": 222,
                    "extras": {},
                    "node-pos": 86
                },
                {
                    "name": "MTSPeakLoadLineItems",
                    "part": "4",
                    "replacement-node": 54,
                    "expression-node": 55,
                    "template-line-number": 238,
                    "node-pos": 96
                },
                {
                    "name": "MTSPeakLoadLineItems",
                    "part": "5",
                    "replacement-node": 58,
                    "expression-node": 59,
                    "template-line-number": 246,
                    "node-pos": 101
                },
                {
                    "name": "MTSPeakLoadLineItems",
                    "part": "6",
                    "replacement-node": 62,
                    "expression-node": 63,
                    "template-line-number": 253,
                    "node-pos": 106
                },
                {
                    "name": "MTSPeakLoadLineItems",
                    "part": "7",
                    "replacement-node": 66,
                    "expression-node": 67,
                    "template-line-number": 260,
                    "node-pos": 111
                },
                {
                    "name": "MTSPeakLoadLineItems",
                    "part": "8",
                    "replacement-node": 70,
                    "expression-node": 71,
                    "template-line-number": 267,
                    "node-pos": 116
                }
            ]
        }
    },
    "line-numbers": {},
    "showifs": {},
    "footnotes": {},
    "standard-rules": [
        "rule-1",
        "rule-2",
        "rule-3",
        "rule-4",
        "rule-5",
        "rule-6",
        "rule-7",
        "rule-8",
        "rule-9",
        "rule-10",
        "rule-11",
        "rule-12",
        "rule-13",
        "rule-14",
        "rule-15",
        "rule-16",
        "rule-17"
    ],
    "footnote-rules": []
}