{
    "line-numbers": {},
    "showifs": {},
    "substitutions": {
        "rule-19": [
            {
                "replacement-node": 54,
                "expression-node": 55,
                "part": null,
                "html": true,
                "node-pos": 101,
                "template-line-number": 188
            }
        ],
        "rule-17": [
            {
                "replacement-node": 48,
                "expression-node": 49,
                "part": null,
                "html": true,
                "node-pos": 91,
                "template-line-number": 166
            }
        ],
        "rule-4": [
            {
                "replacement-node": 9,
                "node-pos": 22,
                "html": true,
                "template-line-number": 40,
                "part": null
            }
        ],
        "rule-9": [
            {
                "replacement-node": 24,
                "node-pos": 44,
                "expression-node": 25,
                "template-line-number": 78,
                "part": null
            }
        ],
        "rule-3": [
            {
                "replacement-node": 6,
                "node-pos": 18,
                "template-line-number": 34,
                "part": null
            }
        ],
        "rule-5": [
            {
                "replacement-node": 12,
                "node-pos": 27,
                "html": true,
                "template-line-number": 52,
                "part": null
            }
        ],
        "rule-16": [
            {
                "replacement-node": 45,
                "expression-node": 46,
                "part": null,
                "html": true,
                "node-pos": 86,
                "template-line-number": 155
            }
        ],
        "rule-14": [
            {
                "replacement-node": 39,
                "expression-node": 40,
                "part": null,
                "html": true,
                "node-pos": 76,
                "template-line-number": 133
            }
        ],
        "rule-22": [
            {
                "replacement-node": 63,
                "node-pos": 115,
                "template-line-number": 216,
                "part": null
            }
        ],
        "rule-8": [
            {
                "replacement-node": 21,
                "node-pos": 40,
                "template-line-number": 73,
                "part": null
            }
        ],
        "rule-21": [
            {
                "replacement-node": 60,
                "node-pos": 111,
                "template-line-number": 207,
                "part": null
            }
        ],
        "rule-10": [
            {
                "replacement-node": 27,
                "node-pos": 48,
                "expression-node": 28,
                "template-line-number": 83,
                "part": null
            }
        ],
        "rule-12": [
            {
                "replacement-node": 33,
                "node-pos": 59,
                "html": true,
                "template-line-number": 104,
                "part": null
            }
        ],
        "rule-20": [
            {
                "replacement-node": 57,
                "node-pos": 107,
                "expression-node": 58,
                "template-line-number": 201,
                "part": null
            }
        ],
        "rule-1": [
            {
                "replacement-node": 0,
                "node-pos": 10,
                "template-line-number": 23,
                "part": null
            }
        ],
        "rule-2": [
            {
                "replacement-node": 3,
                "node-pos": 14,
                "expression-node": 4,
                "template-line-number": 28,
                "part": null
            }
        ],
        "rule-18": [
            {
                "replacement-node": 51,
                "expression-node": 52,
                "part": null,
                "html": true,
                "node-pos": 96,
                "template-line-number": 177
            }
        ],
        "rule-6": [
            {
                "replacement-node": 15,
                "node-pos": 32,
                "template-line-number": 63,
                "part": null
            }
        ],
        "rule-11": [
            {
                "replacement-node": 30,
                "node-pos": 54,
                "template-line-number": 93,
                "part": null
            }
        ],
        "rule-13": [
            {
                "replacement-node": 36,
                "expression-node": 37,
                "part": null,
                "html": true,
                "node-pos": 71,
                "template-line-number": 122
            }
        ],
        "rule-15": [
            {
                "replacement-node": 42,
                "expression-node": 43,
                "part": null,
                "html": true,
                "node-pos": 81,
                "template-line-number": 144
            }
        ],
        "rule-7": [
            {
                "replacement-node": 18,
                "node-pos": 36,
                "expression-node": 19,
                "template-line-number": 68,
                "part": null
            }
        ]
    }
}