{
    "showifs": {},
    "line-numbers": {},
    "substitutions": {
        "rule-5": [
            {
                "replacement-node": 12,
                "template-line-number": 50,
                "node-pos": 26,
                "part": null,
                "html": true
            }
        ],
        "rule-7": [
            {
                "replacement-node": 18,
                "template-line-number": 66,
                "node-pos": 35,
                "expression-node": 19,
                "part": null
            }
        ],
        "rule-17": {
            "name": "GPHeadings",
            "subs": [
                {
                    "template-line-number": 125,
                    "name": "GPHeadings",
                    "part": "1",
                    "extras": {},
                    "replacement-node": 37,
                    "node-pos": 67
                },
                {
                    "template-line-number": 132,
                    "name": "GPHeadings",
                    "part": "2",
                    "extras": {},
                    "replacement-node": 40,
                    "node-pos": 71
                }
            ]
        },
        "rule-2": [
            {
                "replacement-node": 3,
                "template-line-number": 26,
                "node-pos": 13,
                "expression-node": 4,
                "part": null
            }
        ],
        "rule-4": [
            {
                "replacement-node": 9,
                "template-line-number": 38,
                "node-pos": 21,
                "part": null,
                "html": true
            }
        ],
        "rule-6": [
            {
                "replacement-node": 15,
                "template-line-number": 61,
                "node-pos": 31,
                "part": null
            }
        ],
        "rule-15": [
            {
                "replacement-node": 62,
                "template-line-number": 211,
                "node-pos": 104,
                "part": null
            }
        ],
        "rule-16": {
            "name": "GPLineItems",
            "subs": [
                {
                    "template-line-number": 165,
                    "name": "GPLineItems",
                    "part": "1",
                    "extras": {},
                    "replacement-node": 44,
                    "node-pos": 77
                },
                {
                    "template-line-number": 176,
                    "name": "GPLineItems",
                    "part": "2",
                    "extras": {},
                    "replacement-node": 49,
                    "node-pos": 85
                },
                {
                    "template-line-number": 186,
                    "name": "GPLineItems",
                    "part": "4",
                    "expression-node": 54,
                    "replacement-node": 53,
                    "node-pos": 90
                },
                {
                    "template-line-number": 172,
                    "name": "GPLineItems",
                    "part": "6",
                    "extras": {},
                    "replacement-node": 47,
                    "node-pos": 83
                }
            ]
        },
        "rule-12": [
            {
                "replacement-node": 33,
                "template-line-number": 102,
                "node-pos": 58,
                "part": null,
                "html": true
            }
        ],
        "rule-14": [
            {
                "replacement-node": 59,
                "template-line-number": 202,
                "node-pos": 100,
                "part": null
            }
        ],
        "rule-3": [
            {
                "replacement-node": 6,
                "template-line-number": 32,
                "node-pos": 17,
                "part": null
            }
        ],
        "rule-1": [
            {
                "replacement-node": 0,
                "template-line-number": 21,
                "node-pos": 9,
                "part": null
            }
        ],
        "rule-9": [
            {
                "replacement-node": 24,
                "template-line-number": 76,
                "node-pos": 43,
                "expression-node": 25,
                "part": null
            }
        ],
        "rule-10": [
            {
                "replacement-node": 27,
                "template-line-number": 81,
                "node-pos": 47,
                "expression-node": 28,
                "part": null
            }
        ],
        "rule-11": [
            {
                "replacement-node": 30,
                "template-line-number": 91,
                "node-pos": 53,
                "part": null
            }
        ],
        "rule-13": [
            {
                "replacement-node": 56,
                "template-line-number": 197,
                "node-pos": 96,
                "expression-node": 57,
                "part": null
            }
        ],
        "rule-8": [
            {
                "replacement-node": 21,
                "template-line-number": 71,
                "node-pos": 39,
                "part": null
            }
        ]
    }
}