{
    "line-numbers": {},
    "showifs": {
        "rule-1": {
            "type": "showif",
            "template-line-number": 16
        }
    },
    "substitutions": {
        "rule-18": [
            {
                "expression-node": 50,
                "replacement-node": 49,
                "node-pos": 89,
                "part": null,
                "template-line-number": 165
            }
        ],
        "rule-12": [
            {
                "replacement-node": 31,
                "node-pos": 54,
                "part": null,
                "template-line-number": 93
            }
        ],
        "rule-13": [
            {
                "replacement-node": 34,
                "node-pos": 59,
                "part": null,
                "template-line-number": 104,
                "html": true
            }
        ],
        "rule-9": [
            {
                "replacement-node": 22,
                "node-pos": 40,
                "part": null,
                "template-line-number": 74
            }
        ],
        "rule-5": [
            {
                "replacement-node": 10,
                "node-pos": 22,
                "part": null,
                "template-line-number": 42,
                "html": true
            }
        ],
        "rule-6": [
            {
                "replacement-node": 13,
                "node-pos": 27,
                "part": null,
                "template-line-number": 54,
                "html": true
            }
        ],
        "rule-16": [
            {
                "html": true,
                "node-pos": 78,
                "part": null,
                "template-line-number": 141,
                "expression-node": 44,
                "replacement-node": 43
            }
        ],
        "rule-7": [
            {
                "replacement-node": 16,
                "node-pos": 32,
                "part": null,
                "template-line-number": 65
            }
        ],
        "rule-15": [
            {
                "html": true,
                "node-pos": 73,
                "part": null,
                "template-line-number": 130,
                "expression-node": 41,
                "replacement-node": 40
            }
        ],
        "rule-20": [
            {
                "replacement-node": 55,
                "node-pos": 97,
                "part": null,
                "template-line-number": 179
            }
        ],
        "rule-2": [
            {
                "replacement-node": 1,
                "node-pos": 10,
                "part": null,
                "template-line-number": 26
            }
        ],
        "rule-14": [
            {
                "html": true,
                "node-pos": 68,
                "part": null,
                "template-line-number": 119,
                "expression-node": 38,
                "replacement-node": 37
            }
        ],
        "rule-19": [
            {
                "replacement-node": 52,
                "node-pos": 93,
                "part": null,
                "template-line-number": 170
            }
        ],
        "rule-10": [
            {
                "expression-node": 26,
                "replacement-node": 25,
                "node-pos": 44,
                "part": null,
                "template-line-number": 78
            }
        ],
        "rule-4": [
            {
                "replacement-node": 7,
                "node-pos": 18,
                "part": null,
                "template-line-number": 36
            }
        ],
        "rule-17": [
            {
                "html": true,
                "node-pos": 83,
                "part": null,
                "template-line-number": 152,
                "expression-node": 47,
                "replacement-node": 46
            }
        ],
        "rule-11": [
            {
                "expression-node": 29,
                "replacement-node": 28,
                "node-pos": 48,
                "part": null,
                "template-line-number": 83
            }
        ],
        "rule-8": [
            {
                "expression-node": 20,
                "replacement-node": 19,
                "node-pos": 36,
                "part": null,
                "template-line-number": 69
            }
        ],
        "rule-3": [
            {
                "expression-node": 5,
                "replacement-node": 4,
                "node-pos": 14,
                "part": null,
                "template-line-number": 30
            }
        ]
    }
}