{
    "substitutions": {
        "rule-8": [
            {
                "template-line-number": 75,
                "part": null,
                "expression-node": 20,
                "replacement-node": 19,
                "node-pos": 37
            }
        ],
        "rule-10": [
            {
                "template-line-number": 86,
                "part": null,
                "expression-node": 26,
                "replacement-node": 25,
                "node-pos": 45
            }
        ],
        "rule-11": [
            {
                "template-line-number": 91,
                "part": null,
                "expression-node": 29,
                "replacement-node": 28,
                "node-pos": 49
            }
        ],
        "rule-15": [
            {
                "template-line-number": 138,
                "part": null,
                "expression-node": 41,
                "replacement-node": 40,
                "node-pos": 75
            }
        ],
        "rule-2": [
            {
                "template-line-number": 29,
                "part": null,
                "replacement-node": 1,
                "node-pos": 11
            }
        ],
        "rule-13": [
            {
                "template-line-number": 113,
                "part": null,
                "replacement-node": 34,
                "html": true,
                "node-pos": 60
            }
        ],
        "rule-24": [
            {
                "template-line-number": 242,
                "part": null,
                "replacement-node": 67,
                "html": true,
                "node-pos": 130
            }
        ],
        "rule-16": [
            {
                "template-line-number": 151,
                "part": null,
                "replacement-node": 43,
                "node-pos": 82
            }
        ],
        "rule-27": [
            {
                "template-line-number": 274,
                "part": null,
                "expression-node": 77,
                "replacement-node": 76,
                "node-pos": 147
            }
        ],
        "rule-6": [
            {
                "template-line-number": 58,
                "part": null,
                "replacement-node": 13,
                "html": true,
                "node-pos": 28
            }
        ],
        "rule-22": [
            {
                "template-line-number": 218,
                "part": null,
                "replacement-node": 61,
                "html": true,
                "node-pos": 118
            }
        ],
        "rule-12": [
            {
                "template-line-number": 102,
                "part": null,
                "replacement-node": 31,
                "node-pos": 55
            }
        ],
        "rule-4": [
            {
                "template-line-number": 40,
                "part": null,
                "replacement-node": 7,
                "node-pos": 19
            }
        ],
        "rule-20": [
            {
                "template-line-number": 196,
                "part": null,
                "replacement-node": 55,
                "node-pos": 106
            }
        ],
        "rule-5": [
            {
                "template-line-number": 46,
                "part": null,
                "replacement-node": 10,
                "html": true,
                "node-pos": 23
            }
        ],
        "rule-26": [
            {
                "template-line-number": 265,
                "part": null,
                "replacement-node": 73,
                "html": true,
                "node-pos": 142
            }
        ],
        "rule-18": [
            {
                "template-line-number": 173,
                "part": null,
                "replacement-node": 49,
                "node-pos": 94
            }
        ],
        "rule-14": [
            {
                "template-line-number": 129,
                "part": null,
                "replacement-node": 37,
                "node-pos": 70
            }
        ],
        "rule-7": [
            {
                "template-line-number": 70,
                "part": null,
                "replacement-node": 16,
                "node-pos": 33
            }
        ],
        "rule-25": [
            {
                "template-line-number": 251,
                "part": null,
                "expression-node": 71,
                "replacement-node": 70,
                "node-pos": 135
            }
        ],
        "rule-21": [
            {
                "template-line-number": 205,
                "part": null,
                "expression-node": 59,
                "replacement-node": 58,
                "node-pos": 111
            }
        ],
        "rule-28": [
            {
                "template-line-number": 302,
                "part": null,
                "expression-node": 80,
                "replacement-node": 79,
                "node-pos": 162
            }
        ],
        "rule-3": [
            {
                "template-line-number": 34,
                "part": null,
                "expression-node": 5,
                "replacement-node": 4,
                "node-pos": 15
            }
        ],
        "rule-29": [
            {
                "template-line-number": 307,
                "part": null,
                "replacement-node": 82,
                "node-pos": 166
            }
        ],
        "rule-23": [
            {
                "template-line-number": 227,
                "part": null,
                "expression-node": 65,
                "replacement-node": 64,
                "node-pos": 123
            }
        ],
        "rule-19": [
            {
                "template-line-number": 183,
                "part": null,
                "expression-node": 53,
                "replacement-node": 52,
                "node-pos": 99
            }
        ],
        "rule-9": [
            {
                "template-line-number": 81,
                "part": null,
                "replacement-node": 22,
                "node-pos": 41
            }
        ],
        "rule-30": [
            {
                "template-line-number": 316,
                "part": null,
                "replacement-node": 85,
                "node-pos": 170
            }
        ],
        "rule-17": [
            {
                "template-line-number": 160,
                "part": null,
                "expression-node": 47,
                "replacement-node": 46,
                "node-pos": 87
            }
        ]
    },
    "line-numbers": {},
    "showifs": {
        "rule-1": {
            "template-line-number": 19,
            "type": "showif"
        }
    }
}