{
    "showifs": {
        "rule-1": {
            "template-line-number": 18,
            "type": "showif"
        }
    },
    "line-numbers": {},
    "substitutions": {
        "rule-16": [
            {
                "node-pos": 138,
                "expression-node": 77,
                "replacement-node": 76,
                "template-line-number": 406,
                "part": null
            }
        ],
        "rule-10": [
            {
                "node-pos": 44,
                "expression-node": 26,
                "replacement-node": 25,
                "template-line-number": 86,
                "part": null
            }
        ],
        "rule-5": [
            {
                "node-pos": 22,
                "replacement-node": 10,
                "html": true,
                "template-line-number": 48,
                "part": null
            }
        ],
        "rule-19": {
            "name": "ElectricOperatingRevenuesLineItems",
            "subs": [
                {
                    "name": "ElectricOperatingRevenuesLineItems",
                    "replacement-node": 49,
                    "expression-node": 50,
                    "node-pos": 94,
                    "template-line-number": 323,
                    "part": "1"
                },
                {
                    "name": "ElectricOperatingRevenuesLineItems",
                    "replacement-node": 45,
                    "extras": {},
                    "node-pos": 87,
                    "template-line-number": 309,
                    "part": "2"
                },
                {
                    "name": "ElectricOperatingRevenuesLineItems",
                    "replacement-node": 52,
                    "expression-node": 53,
                    "node-pos": 98,
                    "template-line-number": 332,
                    "part": "2"
                },
                {
                    "name": "ElectricOperatingRevenuesLineItems",
                    "replacement-node": 55,
                    "expression-node": 56,
                    "node-pos": 102,
                    "template-line-number": 340,
                    "part": "3"
                },
                {
                    "name": "ElectricOperatingRevenuesLineItems",
                    "replacement-node": 58,
                    "expression-node": 59,
                    "node-pos": 106,
                    "template-line-number": 348,
                    "part": "4"
                },
                {
                    "name": "ElectricOperatingRevenuesLineItems",
                    "replacement-node": 61,
                    "expression-node": 62,
                    "node-pos": 110,
                    "template-line-number": 356,
                    "part": "5"
                },
                {
                    "name": "ElectricOperatingRevenuesLineItems",
                    "replacement-node": 47,
                    "extras": {},
                    "node-pos": 92,
                    "template-line-number": 318,
                    "part": "6"
                },
                {
                    "name": "ElectricOperatingRevenuesLineItems",
                    "replacement-node": 64,
                    "expression-node": 65,
                    "node-pos": 114,
                    "template-line-number": 364,
                    "part": "6"
                },
                {
                    "name": "ElectricOperatingRevenuesLineItems",
                    "replacement-node": 67,
                    "expression-node": 68,
                    "node-pos": 118,
                    "template-line-number": 372,
                    "part": "7"
                }
            ]
        },
        "rule-7": [
            {
                "node-pos": 32,
                "replacement-node": 16,
                "template-line-number": 71,
                "part": null
            }
        ],
        "rule-14": [
            {
                "node-pos": 124,
                "expression-node": 71,
                "replacement-node": 70,
                "template-line-number": 384,
                "part": null
            }
        ],
        "rule-13": [
            {
                "node-pos": 59,
                "replacement-node": 34,
                "html": true,
                "template-line-number": 111,
                "part": null
            }
        ],
        "rule-4": [
            {
                "node-pos": 18,
                "replacement-node": 7,
                "template-line-number": 42,
                "part": null
            }
        ],
        "rule-15": [
            {
                "node-pos": 131,
                "expression-node": 74,
                "replacement-node": 73,
                "template-line-number": 394,
                "part": null
            }
        ],
        "rule-3": [
            {
                "node-pos": 14,
                "expression-node": 5,
                "replacement-node": 4,
                "template-line-number": 36,
                "part": null
            }
        ],
        "rule-20": {
            "name": "ElectricOperatingRevenuesHeadings",
            "subs": [
                {
                    "name": "ElectricOperatingRevenuesHeadings",
                    "replacement-node": 38,
                    "extras": {},
                    "node-pos": 77,
                    "template-line-number": 144,
                    "part": "1"
                },
                {
                    "name": "ElectricOperatingRevenuesHeadings",
                    "replacement-node": 41,
                    "extras": {},
                    "node-pos": 81,
                    "template-line-number": 151,
                    "part": "2"
                }
            ]
        },
        "rule-9": [
            {
                "node-pos": 40,
                "replacement-node": 22,
                "template-line-number": 81,
                "part": null
            }
        ],
        "rule-11": [
            {
                "node-pos": 48,
                "expression-node": 29,
                "replacement-node": 28,
                "template-line-number": 91,
                "part": null
            }
        ],
        "rule-6": [
            {
                "node-pos": 27,
                "replacement-node": 13,
                "html": true,
                "template-line-number": 60,
                "part": null
            }
        ],
        "rule-18": [
            {
                "node-pos": 146,
                "replacement-node": 82,
                "template-line-number": 420,
                "part": null
            }
        ],
        "rule-2": [
            {
                "node-pos": 10,
                "replacement-node": 1,
                "template-line-number": 31,
                "part": null
            }
        ],
        "rule-12": [
            {
                "node-pos": 54,
                "replacement-node": 31,
                "html": true,
                "template-line-number": 100,
                "part": null
            }
        ],
        "rule-17": [
            {
                "node-pos": 142,
                "replacement-node": 79,
                "template-line-number": 411,
                "part": null
            }
        ],
        "rule-8": [
            {
                "node-pos": 36,
                "expression-node": 20,
                "replacement-node": 19,
                "template-line-number": 76,
                "part": null
            }
        ]
    }
}