{
    "substitutions": {
        "rule-14": [
            {
                "node-pos": 134,
                "replacement-node": 81,
                "part": null,
                "template-line-number": 391
            }
        ],
        "rule-1": [
            {
                "node-pos": 10,
                "replacement-node": 0,
                "part": null,
                "template-line-number": 22
            }
        ],
        "rule-11": [
            {
                "node-pos": 56,
                "replacement-node": 30,
                "part": null,
                "template-line-number": 94
            }
        ],
        "rule-9": [
            {
                "node-pos": 46,
                "replacement-node": 24,
                "part": null,
                "template-line-number": 77,
                "expression-node": 25
            }
        ],
        "rule-4": [
            {
                "node-pos": 22,
                "replacement-node": 9,
                "part": null,
                "template-line-number": 39,
                "html": true
            }
        ],
        "rule-2": [
            {
                "node-pos": 14,
                "replacement-node": 3,
                "part": null,
                "template-line-number": 27,
                "expression-node": 4
            }
        ],
        "rule-8": [
            {
                "node-pos": 41,
                "replacement-node": 21,
                "part": null,
                "template-line-number": 72
            }
        ],
        "rule-17": {
            "name": "AOCIHeadings",
            "subs": [
                {
                    "extras": {},
                    "name": "AOCIHeadings",
                    "template-line-number": 130,
                    "node-pos": 72,
                    "replacement-node": 36,
                    "part": "1"
                },
                {
                    "extras": {},
                    "name": "AOCIHeadings",
                    "template-line-number": 137,
                    "node-pos": 76,
                    "replacement-node": 39,
                    "part": "2"
                }
            ]
        },
        "rule-12": [
            {
                "node-pos": 61,
                "replacement-node": 33,
                "part": null,
                "template-line-number": 105,
                "html": true
            }
        ],
        "rule-10": [
            {
                "node-pos": 50,
                "replacement-node": 27,
                "part": null,
                "template-line-number": 82,
                "expression-node": 28
            }
        ],
        "rule-5": [
            {
                "node-pos": 27,
                "replacement-node": 12,
                "part": null,
                "template-line-number": 51,
                "html": true
            }
        ],
        "rule-15": [
            {
                "node-pos": 138,
                "replacement-node": 84,
                "part": null,
                "template-line-number": 401
            }
        ],
        "rule-16": {
            "name": "movement_prior",
            "subs": [
                {
                    "name": "movement_prior",
                    "template-line-number": 363,
                    "node-pos": 118,
                    "replacement-node": 70,
                    "part": "10",
                    "expression-node": 71
                },
                {
                    "name": "movement_prior",
                    "template-line-number": 373,
                    "node-pos": 123,
                    "replacement-node": 74,
                    "part": "11",
                    "expression-node": 75
                },
                {
                    "extras": {},
                    "name": "movement_prior",
                    "template-line-number": 321,
                    "node-pos": 86,
                    "replacement-node": 46,
                    "part": "2"
                },
                {
                    "name": "movement_prior",
                    "template-line-number": 326,
                    "node-pos": 90,
                    "replacement-node": 49,
                    "part": "3",
                    "expression-node": 50
                },
                {
                    "name": "movement_prior",
                    "template-line-number": 331,
                    "node-pos": 94,
                    "replacement-node": 52,
                    "part": "4",
                    "expression-node": 53
                },
                {
                    "name": "movement_prior",
                    "template-line-number": 336,
                    "node-pos": 98,
                    "replacement-node": 55,
                    "part": "5",
                    "expression-node": 56
                },
                {
                    "name": "movement_prior",
                    "template-line-number": 341,
                    "node-pos": 102,
                    "replacement-node": 58,
                    "part": "6",
                    "expression-node": 59
                },
                {
                    "name": "movement_prior",
                    "template-line-number": 346,
                    "node-pos": 106,
                    "replacement-node": 61,
                    "part": "7",
                    "expression-node": 62
                },
                {
                    "name": "movement_prior",
                    "template-line-number": 351,
                    "node-pos": 110,
                    "replacement-node": 64,
                    "part": "8",
                    "expression-node": 65
                },
                {
                    "name": "movement_prior",
                    "template-line-number": 356,
                    "node-pos": 114,
                    "replacement-node": 67,
                    "part": "9",
                    "expression-node": 68
                }
            ]
        },
        "rule-3": [
            {
                "node-pos": 18,
                "replacement-node": 6,
                "part": null,
                "template-line-number": 33
            }
        ],
        "rule-7": [
            {
                "node-pos": 37,
                "replacement-node": 18,
                "part": null,
                "template-line-number": 67,
                "expression-node": 19
            }
        ],
        "rule-13": [
            {
                "node-pos": 130,
                "replacement-node": 78,
                "part": null,
                "template-line-number": 386,
                "expression-node": 79
            }
        ],
        "rule-6": [
            {
                "node-pos": 32,
                "replacement-node": 15,
                "part": null,
                "template-line-number": 62
            }
        ]
    },
    "showifs": {},
    "line-numbers": {
        "movement_prior": [
            {
                "start-number": 1,
                "template-line-number": 318,
                "line-number-node": 43
            }
        ]
    }
}