{
    "substitutions": {
        "rule-5": [
            {
                "html": true,
                "part": null,
                "replacement-node": 10,
                "node-pos": 22,
                "template-line-number": 44
            }
        ],
        "rule-12": [
            {
                "part": null,
                "replacement-node": 31,
                "node-pos": 54,
                "template-line-number": 97
            }
        ],
        "rule-4": [
            {
                "part": null,
                "replacement-node": 7,
                "node-pos": 18,
                "template-line-number": 38
            }
        ],
        "rule-18": {
            "name": "ShipperLineItems",
            "subs": [
                {
                    "name": "ShipperLineItems",
                    "part": "1",
                    "replacement-node": 47,
                    "node-pos": 107,
                    "extras": {},
                    "template-line-number": 540
                },
                {
                    "name": "ShipperLineItems",
                    "part": "1",
                    "replacement-node": 49,
                    "node-pos": 110,
                    "expression-node": 50,
                    "template-line-number": 546
                },
                {
                    "name": "ShipperLineItems",
                    "part": "10",
                    "replacement-node": 76,
                    "node-pos": 146,
                    "expression-node": 77,
                    "template-line-number": 603
                },
                {
                    "name": "ShipperLineItems",
                    "part": "11",
                    "replacement-node": 79,
                    "node-pos": 150,
                    "expression-node": 80,
                    "template-line-number": 609
                },
                {
                    "name": "ShipperLineItems",
                    "part": "12",
                    "replacement-node": 82,
                    "node-pos": 154,
                    "expression-node": 83,
                    "template-line-number": 615
                },
                {
                    "name": "ShipperLineItems",
                    "part": "13",
                    "replacement-node": 85,
                    "node-pos": 158,
                    "expression-node": 86,
                    "template-line-number": 622
                },
                {
                    "name": "ShipperLineItems",
                    "part": "14",
                    "replacement-node": 88,
                    "node-pos": 162,
                    "expression-node": 89,
                    "template-line-number": 628
                },
                {
                    "name": "ShipperLineItems",
                    "part": "15",
                    "replacement-node": 91,
                    "node-pos": 166,
                    "expression-node": 92,
                    "template-line-number": 634
                },
                {
                    "name": "ShipperLineItems",
                    "part": "2",
                    "replacement-node": 52,
                    "node-pos": 114,
                    "expression-node": 53,
                    "template-line-number": 553
                },
                {
                    "name": "ShipperLineItems",
                    "part": "3",
                    "replacement-node": 55,
                    "node-pos": 118,
                    "expression-node": 56,
                    "template-line-number": 559
                },
                {
                    "name": "ShipperLineItems",
                    "part": "4",
                    "replacement-node": 58,
                    "node-pos": 122,
                    "expression-node": 59,
                    "template-line-number": 565
                },
                {
                    "name": "ShipperLineItems",
                    "part": "5",
                    "replacement-node": 61,
                    "node-pos": 126,
                    "expression-node": 62,
                    "template-line-number": 571
                },
                {
                    "name": "ShipperLineItems",
                    "part": "6",
                    "replacement-node": 64,
                    "node-pos": 130,
                    "expression-node": 65,
                    "template-line-number": 579
                },
                {
                    "name": "ShipperLineItems",
                    "part": "7",
                    "replacement-node": 67,
                    "node-pos": 134,
                    "expression-node": 68,
                    "template-line-number": 585
                },
                {
                    "name": "ShipperLineItems",
                    "part": "8",
                    "replacement-node": 70,
                    "node-pos": 138,
                    "expression-node": 71,
                    "template-line-number": 591
                },
                {
                    "name": "ShipperLineItems",
                    "part": "9",
                    "replacement-node": 73,
                    "node-pos": 142,
                    "expression-node": 74,
                    "template-line-number": 597
                }
            ]
        },
        "rule-17": {
            "name": "ShipperSuppliedHeadings",
            "subs": [
                {
                    "name": "ShipperSuppliedHeadings",
                    "part": "1",
                    "replacement-node": 40,
                    "node-pos": 97,
                    "extras": {},
                    "template-line-number": 166
                },
                {
                    "name": "ShipperSuppliedHeadings",
                    "part": "2",
                    "replacement-node": 43,
                    "node-pos": 101,
                    "extras": {},
                    "template-line-number": 175
                },
                {
                    "name": "ShipperSuppliedHeadings",
                    "part": "3",
                    "replacement-node": 38,
                    "node-pos": 95,
                    "extras": {},
                    "template-line-number": 162
                }
            ]
        },
        "rule-2": [
            {
                "part": null,
                "replacement-node": 1,
                "node-pos": 10,
                "template-line-number": 27
            }
        ],
        "rule-3": [
            {
                "part": null,
                "expression-node": 5,
                "replacement-node": 4,
                "node-pos": 14,
                "template-line-number": 32
            }
        ],
        "rule-8": [
            {
                "part": null,
                "expression-node": 20,
                "replacement-node": 19,
                "node-pos": 36,
                "template-line-number": 72
            }
        ],
        "rule-7": [
            {
                "part": null,
                "replacement-node": 16,
                "node-pos": 32,
                "template-line-number": 67
            }
        ],
        "rule-6": [
            {
                "html": true,
                "part": null,
                "replacement-node": 13,
                "node-pos": 27,
                "template-line-number": 56
            }
        ],
        "rule-15": [
            {
                "part": null,
                "replacement-node": 97,
                "node-pos": 176,
                "template-line-number": 659
            }
        ],
        "rule-13": [
            {
                "html": true,
                "part": null,
                "replacement-node": 34,
                "node-pos": 59,
                "template-line-number": 108
            }
        ],
        "rule-9": [
            {
                "part": null,
                "replacement-node": 22,
                "node-pos": 40,
                "template-line-number": 77
            }
        ],
        "rule-16": [
            {
                "part": null,
                "replacement-node": 100,
                "node-pos": 180,
                "template-line-number": 668
            }
        ],
        "rule-10": [
            {
                "part": null,
                "expression-node": 26,
                "replacement-node": 25,
                "node-pos": 44,
                "template-line-number": 82
            }
        ],
        "rule-11": [
            {
                "part": null,
                "expression-node": 29,
                "replacement-node": 28,
                "node-pos": 48,
                "template-line-number": 87
            }
        ],
        "rule-14": [
            {
                "part": null,
                "expression-node": 95,
                "replacement-node": 94,
                "node-pos": 172,
                "template-line-number": 654
            }
        ]
    },
    "line-numbers": {},
    "showifs": {
        "rule-1": {
            "type": "showif",
            "template-line-number": 17
        }
    }
}