{
    "substitutions": {
        "rule-1": [
            {
                "part": null,
                "replacement-node": 0,
                "template-line-number": 22,
                "node-pos": 9
            }
        ],
        "rule-2": [
            {
                "part": null,
                "replacement-node": 3,
                "expression-node": 4,
                "template-line-number": 27,
                "node-pos": 13
            }
        ],
        "rule-3": [
            {
                "part": null,
                "replacement-node": 6,
                "template-line-number": 33,
                "node-pos": 17
            }
        ],
        "rule-4": [
            {
                "part": null,
                "replacement-node": 9,
                "template-line-number": 39,
                "node-pos": 21,
                "html": true
            }
        ],
        "rule-5": [
            {
                "part": null,
                "replacement-node": 12,
                "template-line-number": 51,
                "node-pos": 26,
                "html": true
            }
        ],
        "rule-6": [
            {
                "part": null,
                "replacement-node": 15,
                "template-line-number": 62,
                "node-pos": 31
            }
        ],
        "rule-7": [
            {
                "part": null,
                "replacement-node": 18,
                "expression-node": 19,
                "template-line-number": 67,
                "node-pos": 35
            }
        ],
        "rule-8": [
            {
                "part": null,
                "replacement-node": 21,
                "template-line-number": 72,
                "node-pos": 39
            }
        ],
        "rule-9": [
            {
                "part": null,
                "replacement-node": 24,
                "expression-node": 25,
                "template-line-number": 77,
                "node-pos": 43
            }
        ],
        "rule-10": [
            {
                "part": null,
                "replacement-node": 27,
                "expression-node": 28,
                "template-line-number": 82,
                "node-pos": 47
            }
        ],
        "rule-11": [
            {
                "part": null,
                "replacement-node": 30,
                "template-line-number": 92,
                "node-pos": 53
            }
        ],
        "rule-12": [
            {
                "part": null,
                "replacement-node": 33,
                "template-line-number": 103,
                "node-pos": 58,
                "html": true
            }
        ],
        "rule-13": [
            {
                "part": null,
                "replacement-node": 43,
                "template-line-number": 187,
                "node-pos": 112
            }
        ],
        "rule-14": [
            {
                "part": null,
                "replacement-node": 82,
                "expression-node": 83,
                "template-line-number": 405,
                "node-pos": 179
            }
        ],
        "rule-15": [
            {
                "part": null,
                "replacement-node": 85,
                "expression-node": 86,
                "template-line-number": 414,
                "node-pos": 183
            }
        ],
        "rule-16": [
            {
                "part": null,
                "replacement-node": 88,
                "expression-node": 89,
                "template-line-number": 423,
                "node-pos": 187
            }
        ],
        "rule-17": [
            {
                "part": null,
                "replacement-node": 91,
                "expression-node": 92,
                "template-line-number": 432,
                "node-pos": 191
            }
        ],
        "rule-18": [
            {
                "part": null,
                "replacement-node": 94,
                "expression-node": 95,
                "template-line-number": 441,
                "node-pos": 195
            }
        ],
        "rule-19": [
            {
                "part": null,
                "replacement-node": 97,
                "expression-node": 98,
                "template-line-number": 451,
                "node-pos": 200
            }
        ],
        "rule-20": [
            {
                "part": null,
                "replacement-node": 100,
                "expression-node": 101,
                "template-line-number": 461,
                "node-pos": 205
            }
        ],
        "rule-21": [
            {
                "part": null,
                "replacement-node": 103,
                "expression-node": 104,
                "template-line-number": 470,
                "node-pos": 209
            }
        ],
        "rule-22": [
            {
                "part": null,
                "replacement-node": 106,
                "template-line-number": 483,
                "node-pos": 215
            }
        ],
        "rule-23": [
            {
                "part": null,
                "replacement-node": 145,
                "expression-node": 146,
                "template-line-number": 698,
                "node-pos": 282
            }
        ],
        "rule-24": [
            {
                "part": null,
                "replacement-node": 148,
                "expression-node": 149,
                "template-line-number": 707,
                "node-pos": 286
            }
        ],
        "rule-25": [
            {
                "part": null,
                "replacement-node": 151,
                "expression-node": 152,
                "template-line-number": 716,
                "node-pos": 290
            }
        ],
        "rule-26": [
            {
                "part": null,
                "replacement-node": 154,
                "expression-node": 155,
                "template-line-number": 725,
                "node-pos": 294
            }
        ],
        "rule-27": [
            {
                "part": null,
                "replacement-node": 157,
                "expression-node": 158,
                "template-line-number": 734,
                "node-pos": 298
            }
        ],
        "rule-28": [
            {
                "part": null,
                "replacement-node": 160,
                "expression-node": 161,
                "template-line-number": 744,
                "node-pos": 303
            }
        ],
        "rule-29": [
            {
                "part": null,
                "replacement-node": 163,
                "expression-node": 164,
                "template-line-number": 754,
                "node-pos": 308
            }
        ],
        "rule-30": [
            {
                "part": null,
                "replacement-node": 166,
                "expression-node": 167,
                "template-line-number": 763,
                "node-pos": 312
            }
        ],
        "rule-31": [
            {
                "part": null,
                "replacement-node": 169,
                "expression-node": 170,
                "template-line-number": 781,
                "node-pos": 319
            }
        ],
        "rule-32": [
            {
                "part": null,
                "replacement-node": 172,
                "expression-node": 173,
                "template-line-number": 790,
                "node-pos": 323
            }
        ],
        "rule-33": [
            {
                "part": null,
                "replacement-node": 175,
                "expression-node": 176,
                "template-line-number": 799,
                "node-pos": 327
            }
        ],
        "rule-34": [
            {
                "part": null,
                "replacement-node": 178,
                "expression-node": 179,
                "template-line-number": 808,
                "node-pos": 331
            }
        ],
        "rule-35": [
            {
                "part": null,
                "replacement-node": 181,
                "expression-node": 182,
                "template-line-number": 817,
                "node-pos": 335
            }
        ],
        "rule-36": [
            {
                "part": null,
                "replacement-node": 184,
                "expression-node": 185,
                "template-line-number": 826,
                "node-pos": 339
            }
        ],
        "rule-37": [
            {
                "part": null,
                "replacement-node": 187,
                "expression-node": 188,
                "template-line-number": 835,
                "node-pos": 343
            }
        ],
        "rule-38": [
            {
                "part": null,
                "replacement-node": 190,
                "expression-node": 191,
                "template-line-number": 844,
                "node-pos": 347
            }
        ],
        "rule-39": [
            {
                "part": null,
                "replacement-node": 193,
                "expression-node": 194,
                "template-line-number": 853,
                "node-pos": 351
            }
        ],
        "rule-40": [
            {
                "part": null,
                "replacement-node": 196,
                "expression-node": 197,
                "template-line-number": 862,
                "node-pos": 355
            }
        ],
        "rule-41": [
            {
                "part": null,
                "replacement-node": 199,
                "expression-node": 200,
                "template-line-number": 879,
                "node-pos": 362
            }
        ],
        "rule-42": [
            {
                "part": null,
                "replacement-node": 202,
                "expression-node": 203,
                "template-line-number": 888,
                "node-pos": 366
            }
        ],
        "rule-43": [
            {
                "part": null,
                "replacement-node": 205,
                "expression-node": 206,
                "template-line-number": 897,
                "node-pos": 370
            }
        ],
        "rule-44": [
            {
                "part": null,
                "replacement-node": 208,
                "expression-node": 209,
                "template-line-number": 906,
                "node-pos": 374
            }
        ],
        "rule-45": [
            {
                "part": null,
                "replacement-node": 211,
                "expression-node": 212,
                "template-line-number": 915,
                "node-pos": 378
            }
        ],
        "rule-46": [
            {
                "part": null,
                "replacement-node": 214,
                "expression-node": 215,
                "template-line-number": 925,
                "node-pos": 383
            }
        ],
        "rule-47": [
            {
                "part": null,
                "replacement-node": 217,
                "expression-node": 218,
                "template-line-number": 935,
                "node-pos": 388
            }
        ],
        "rule-48": [
            {
                "part": null,
                "replacement-node": 220,
                "expression-node": 221,
                "template-line-number": 944,
                "node-pos": 392
            }
        ],
        "rule-49": [
            {
                "part": null,
                "replacement-node": 223,
                "template-line-number": 958,
                "node-pos": 398
            }
        ],
        "rule-50": [
            {
                "part": null,
                "replacement-node": 262,
                "template-line-number": 1114,
                "node-pos": 463
            }
        ],
        "rule-51": [
            {
                "part": null,
                "replacement-node": 265,
                "expression-node": 266,
                "template-line-number": 1123,
                "node-pos": 468,
                "html": true
            }
        ],
        "rule-52": [
            {
                "part": null,
                "replacement-node": 268,
                "expression-node": 269,
                "template-line-number": 1136,
                "node-pos": 474
            }
        ],
        "rule-53": [
            {
                "part": null,
                "replacement-node": 271,
                "template-line-number": 1142,
                "node-pos": 478
            }
        ],
        "rule-54": [
            {
                "part": null,
                "replacement-node": 274,
                "template-line-number": 1152,
                "node-pos": 482
            }
        ],
        "rule-55": {
            "name": "ADITGas",
            "subs": [
                {
                    "name": "ADITGas",
                    "part": "10",
                    "replacement-node": 136,
                    "expression-node": 137,
                    "template-line-number": 663,
                    "node-pos": 267
                },
                {
                    "name": "ADITGas",
                    "part": "11",
                    "replacement-node": 139,
                    "expression-node": 140,
                    "template-line-number": 672,
                    "node-pos": 271
                },
                {
                    "name": "ADITGas",
                    "part": "12",
                    "replacement-node": 142,
                    "expression-node": 143,
                    "template-line-number": 681,
                    "node-pos": 275
                },
                {
                    "name": "ADITGas",
                    "part": "2",
                    "replacement-node": 112,
                    "expression-node": 113,
                    "template-line-number": 591,
                    "node-pos": 235
                },
                {
                    "name": "ADITGas",
                    "part": "3",
                    "replacement-node": 115,
                    "expression-node": 116,
                    "template-line-number": 600,
                    "node-pos": 239
                },
                {
                    "name": "ADITGas",
                    "part": "4",
                    "replacement-node": 118,
                    "expression-node": 119,
                    "template-line-number": 609,
                    "node-pos": 243
                },
                {
                    "name": "ADITGas",
                    "part": "5",
                    "replacement-node": 121,
                    "expression-node": 122,
                    "template-line-number": 618,
                    "node-pos": 247
                },
                {
                    "name": "ADITGas",
                    "part": "6",
                    "replacement-node": 124,
                    "expression-node": 125,
                    "template-line-number": 627,
                    "node-pos": 251
                },
                {
                    "name": "ADITGas",
                    "part": "7",
                    "replacement-node": 127,
                    "expression-node": 128,
                    "template-line-number": 636,
                    "node-pos": 255
                },
                {
                    "name": "ADITGas",
                    "part": "8",
                    "replacement-node": 130,
                    "expression-node": 131,
                    "template-line-number": 645,
                    "node-pos": 259
                },
                {
                    "name": "ADITGas",
                    "part": "9",
                    "replacement-node": 133,
                    "expression-node": 134,
                    "template-line-number": 654,
                    "node-pos": 263
                }
            ]
        },
        "rule-56": {
            "name": "DeferredIncomeTaxesHeadings",
            "subs": [
                {
                    "name": "DeferredIncomeTaxesHeadings",
                    "part": "1",
                    "replacement-node": 37,
                    "template-line-number": 151,
                    "extras": {},
                    "node-pos": 89
                },
                {
                    "name": "DeferredIncomeTaxesHeadings",
                    "part": "2",
                    "replacement-node": 40,
                    "template-line-number": 158,
                    "extras": {},
                    "node-pos": 93
                }
            ]
        },
        "rule-57": {
            "name": "ADITElectric",
            "subs": [
                {
                    "name": "ADITElectric",
                    "part": "10",
                    "replacement-node": 73,
                    "expression-node": 74,
                    "template-line-number": 367,
                    "node-pos": 164
                },
                {
                    "name": "ADITElectric",
                    "part": "11",
                    "replacement-node": 76,
                    "expression-node": 77,
                    "template-line-number": 376,
                    "node-pos": 168
                },
                {
                    "name": "ADITElectric",
                    "part": "12",
                    "replacement-node": 79,
                    "expression-node": 80,
                    "template-line-number": 385,
                    "node-pos": 172
                },
                {
                    "name": "ADITElectric",
                    "part": "2",
                    "replacement-node": 49,
                    "expression-node": 50,
                    "template-line-number": 295,
                    "node-pos": 132
                },
                {
                    "name": "ADITElectric",
                    "part": "3",
                    "replacement-node": 52,
                    "expression-node": 53,
                    "template-line-number": 304,
                    "node-pos": 136
                },
                {
                    "name": "ADITElectric",
                    "part": "4",
                    "replacement-node": 55,
                    "expression-node": 56,
                    "template-line-number": 313,
                    "node-pos": 140
                },
                {
                    "name": "ADITElectric",
                    "part": "5",
                    "replacement-node": 58,
                    "expression-node": 59,
                    "template-line-number": 322,
                    "node-pos": 144
                },
                {
                    "name": "ADITElectric",
                    "part": "6",
                    "replacement-node": 61,
                    "expression-node": 62,
                    "template-line-number": 331,
                    "node-pos": 148
                },
                {
                    "name": "ADITElectric",
                    "part": "7",
                    "replacement-node": 64,
                    "expression-node": 65,
                    "template-line-number": 340,
                    "node-pos": 152
                },
                {
                    "name": "ADITElectric",
                    "part": "8",
                    "replacement-node": 67,
                    "expression-node": 68,
                    "template-line-number": 349,
                    "node-pos": 156
                },
                {
                    "name": "ADITElectric",
                    "part": "9",
                    "replacement-node": 70,
                    "expression-node": 71,
                    "template-line-number": 358,
                    "node-pos": 160
                }
            ]
        },
        "rule-58": {
            "name": "TaxClassificationLineItems",
            "subs": [
                {
                    "name": "TaxClassificationLineItems",
                    "part": "1",
                    "replacement-node": 230,
                    "template-line-number": 1031,
                    "extras": {},
                    "node-pos": 419
                },
                {
                    "name": "TaxClassificationLineItems",
                    "part": "2",
                    "replacement-node": 232,
                    "expression-node": 233,
                    "template-line-number": 1038,
                    "node-pos": 422
                },
                {
                    "name": "TaxClassificationLineItems",
                    "part": "3",
                    "replacement-node": 235,
                    "expression-node": 236,
                    "template-line-number": 1046,
                    "node-pos": 426
                },
                {
                    "name": "TaxClassificationLineItems",
                    "part": "4",
                    "replacement-node": 238,
                    "expression-node": 239,
                    "template-line-number": 1054,
                    "node-pos": 430
                },
                {
                    "name": "TaxClassificationLineItems",
                    "part": "5",
                    "replacement-node": 241,
                    "expression-node": 242,
                    "template-line-number": 1062,
                    "node-pos": 434
                },
                {
                    "name": "TaxClassificationLineItems",
                    "part": "6",
                    "replacement-node": 244,
                    "expression-node": 245,
                    "template-line-number": 1070,
                    "node-pos": 438
                },
                {
                    "name": "TaxClassificationLineItems",
                    "part": "6",
                    "replacement-node": 250,
                    "expression-node": 251,
                    "template-line-number": 1085,
                    "node-pos": 446
                },
                {
                    "name": "TaxClassificationLineItems",
                    "part": "6",
                    "replacement-node": 256,
                    "expression-node": 257,
                    "template-line-number": 1099,
                    "node-pos": 454
                },
                {
                    "name": "TaxClassificationLineItems",
                    "part": "6",
                    "replacement-node": 259,
                    "expression-node": 260,
                    "template-line-number": 1106,
                    "node-pos": 458
                },
                {
                    "name": "TaxClassificationLineItems",
                    "part": "7",
                    "replacement-node": 247,
                    "expression-node": 248,
                    "template-line-number": 1078,
                    "node-pos": 442
                },
                {
                    "name": "TaxClassificationLineItems",
                    "part": "7",
                    "replacement-node": 253,
                    "expression-node": 254,
                    "template-line-number": 1092,
                    "node-pos": 450
                }
            ]
        }
    },
    "line-numbers": {
        "ADITElectric": [
            {
                "line-number-node": 47,
                "start-number": 3,
                "template-line-number": 289
            }
        ],
        "ADITGas": [
            {
                "line-number-node": 110,
                "start-number": 11,
                "template-line-number": 585
            }
        ],
        "TaxClassificationLineItems": [
            {
                "line-number-node": 227,
                "start-number": 21,
                "template-line-number": 1023
            }
        ]
    },
    "showifs": {},
    "footnotes": {},
    "standard-rules": [
        "rule-1",
        "rule-2",
        "rule-3",
        "rule-4",
        "rule-5",
        "rule-6",
        "rule-7",
        "rule-8",
        "rule-9",
        "rule-10",
        "rule-11",
        "rule-12",
        "rule-13",
        "rule-14",
        "rule-15",
        "rule-16",
        "rule-17",
        "rule-18",
        "rule-19",
        "rule-20",
        "rule-21",
        "rule-22",
        "rule-23",
        "rule-24",
        "rule-25",
        "rule-26",
        "rule-27",
        "rule-28",
        "rule-29",
        "rule-30",
        "rule-31",
        "rule-32",
        "rule-33",
        "rule-34",
        "rule-35",
        "rule-36",
        "rule-37",
        "rule-38",
        "rule-39",
        "rule-40",
        "rule-41",
        "rule-42",
        "rule-43",
        "rule-44",
        "rule-45",
        "rule-46",
        "rule-47",
        "rule-48",
        "rule-49",
        "rule-50",
        "rule-51",
        "rule-52",
        "rule-53",
        "rule-54",
        "rule-55",
        "rule-56",
        "rule-57",
        "rule-58"
    ],
    "footnote-rules": []
}