{
    "substitutions": {
        "rule-1": [
            {
                "replacement-node": 0,
                "part": null,
                "node-pos": 10,
                "template-line-number": 22
            }
        ],
        "rule-9": [
            {
                "replacement-node": 24,
                "part": null,
                "node-pos": 44,
                "expression-node": 25,
                "template-line-number": 77
            }
        ],
        "rule-3": [
            {
                "replacement-node": 6,
                "part": null,
                "node-pos": 18,
                "template-line-number": 33
            }
        ],
        "rule-13": [
            {
                "replacement-node": 43,
                "part": null,
                "node-pos": 81,
                "template-line-number": 150
            }
        ],
        "rule-15": [
            {
                "replacement-node": 49,
                "part": null,
                "node-pos": 102,
                "template-line-number": 187
            }
        ],
        "rule-31": {
            "subs": [
                {
                    "replacement-node": 130,
                    "part": "10",
                    "name": "Transactions2",
                    "template-line-number": 551,
                    "expression-node": 131,
                    "node-pos": 256
                },
                {
                    "replacement-node": 106,
                    "part": "2",
                    "name": "Transactions2",
                    "template-line-number": 511,
                    "expression-node": 107,
                    "node-pos": 224
                },
                {
                    "replacement-node": 109,
                    "part": "3",
                    "name": "Transactions2",
                    "template-line-number": 516,
                    "expression-node": 110,
                    "node-pos": 228
                },
                {
                    "replacement-node": 112,
                    "part": "4",
                    "name": "Transactions2",
                    "template-line-number": 521,
                    "expression-node": 113,
                    "node-pos": 232
                },
                {
                    "replacement-node": 115,
                    "part": "5",
                    "name": "Transactions2",
                    "template-line-number": 526,
                    "expression-node": 116,
                    "node-pos": 236
                },
                {
                    "replacement-node": 118,
                    "part": "6",
                    "name": "Transactions2",
                    "template-line-number": 531,
                    "expression-node": 119,
                    "node-pos": 240
                },
                {
                    "replacement-node": 121,
                    "part": "7",
                    "name": "Transactions2",
                    "template-line-number": 536,
                    "expression-node": 122,
                    "node-pos": 244
                },
                {
                    "replacement-node": 124,
                    "part": "8",
                    "name": "Transactions2",
                    "template-line-number": 541,
                    "expression-node": 125,
                    "node-pos": 248
                },
                {
                    "replacement-node": 127,
                    "part": "9",
                    "name": "Transactions2",
                    "template-line-number": 546,
                    "expression-node": 128,
                    "node-pos": 252
                }
            ],
            "name": "Transactions2"
        },
        "rule-6": [
            {
                "replacement-node": 15,
                "part": null,
                "node-pos": 32,
                "template-line-number": 62
            }
        ],
        "rule-28": [
            {
                "replacement-node": 148,
                "part": null,
                "node-pos": 291,
                "template-line-number": 619
            }
        ],
        "rule-11": [
            {
                "replacement-node": 30,
                "part": null,
                "node-pos": 54,
                "template-line-number": 93
            }
        ],
        "rule-19": [
            {
                "replacement-node": 91,
                "part": null,
                "node-pos": 178,
                "expression-node": 92,
                "template-line-number": 367
            }
        ],
        "rule-20": [
            {
                "replacement-node": 94,
                "part": null,
                "node-pos": 184,
                "template-line-number": 380
            }
        ],
        "rule-14": [
            {
                "replacement-node": 46,
                "part": null,
                "node-pos": 86,
                "template-line-number": 162
            }
        ],
        "rule-17": [
            {
                "replacement-node": 85,
                "part": null,
                "node-pos": 170,
                "expression-node": 86,
                "template-line-number": 349
            }
        ],
        "rule-26": [
            {
                "replacement-node": 142,
                "part": null,
                "node-pos": 281,
                "expression-node": 143,
                "template-line-number": 598
            }
        ],
        "rule-10": [
            {
                "replacement-node": 27,
                "part": null,
                "node-pos": 48,
                "expression-node": 28,
                "template-line-number": 82
            }
        ],
        "rule-12": [
            {
                "replacement-node": 33,
                "part": null,
                "html": true,
                "node-pos": 59,
                "template-line-number": 104
            }
        ],
        "rule-16": [
            {
                "replacement-node": 82,
                "part": null,
                "node-pos": 160,
                "template-line-number": 330
            }
        ],
        "rule-29": [
            {
                "replacement-node": 151,
                "part": null,
                "node-pos": 295,
                "template-line-number": 628
            }
        ],
        "rule-30": {
            "subs": [
                {
                    "replacement-node": 76,
                    "part": "10",
                    "name": "Transactions",
                    "template-line-number": 313,
                    "expression-node": 77,
                    "node-pos": 149
                },
                {
                    "replacement-node": 79,
                    "part": "11",
                    "name": "Transactions",
                    "template-line-number": 318,
                    "expression-node": 80,
                    "node-pos": 153
                },
                {
                    "replacement-node": 55,
                    "part": "3",
                    "name": "Transactions",
                    "template-line-number": 278,
                    "expression-node": 56,
                    "node-pos": 121
                },
                {
                    "replacement-node": 58,
                    "part": "4",
                    "name": "Transactions",
                    "template-line-number": 283,
                    "expression-node": 59,
                    "node-pos": 125
                },
                {
                    "replacement-node": 61,
                    "part": "5",
                    "name": "Transactions",
                    "template-line-number": 288,
                    "expression-node": 62,
                    "node-pos": 129
                },
                {
                    "replacement-node": 64,
                    "part": "6",
                    "name": "Transactions",
                    "template-line-number": 293,
                    "expression-node": 65,
                    "node-pos": 133
                },
                {
                    "replacement-node": 67,
                    "part": "7",
                    "name": "Transactions",
                    "template-line-number": 298,
                    "expression-node": 68,
                    "node-pos": 137
                },
                {
                    "replacement-node": 70,
                    "part": "8",
                    "name": "Transactions",
                    "template-line-number": 303,
                    "expression-node": 71,
                    "node-pos": 141
                },
                {
                    "replacement-node": 73,
                    "part": "9",
                    "name": "Transactions",
                    "template-line-number": 308,
                    "expression-node": 74,
                    "node-pos": 145
                }
            ],
            "name": "Transactions"
        },
        "rule-25": [
            {
                "replacement-node": 139,
                "part": null,
                "node-pos": 277,
                "expression-node": 140,
                "template-line-number": 589
            }
        ],
        "rule-23": [
            {
                "replacement-node": 133,
                "part": null,
                "node-pos": 263,
                "template-line-number": 563
            }
        ],
        "rule-8": [
            {
                "replacement-node": 21,
                "part": null,
                "node-pos": 40,
                "template-line-number": 72
            }
        ],
        "rule-27": [
            {
                "replacement-node": 145,
                "part": null,
                "node-pos": 287,
                "expression-node": 146,
                "template-line-number": 613
            }
        ],
        "rule-5": [
            {
                "replacement-node": 12,
                "part": null,
                "html": true,
                "node-pos": 27,
                "template-line-number": 51
            }
        ],
        "rule-4": [
            {
                "replacement-node": 9,
                "part": null,
                "html": true,
                "node-pos": 22,
                "template-line-number": 39
            }
        ],
        "rule-21": [
            {
                "replacement-node": 97,
                "part": null,
                "node-pos": 189,
                "template-line-number": 392
            }
        ],
        "rule-18": [
            {
                "replacement-node": 88,
                "part": null,
                "node-pos": 174,
                "expression-node": 89,
                "template-line-number": 358
            }
        ],
        "rule-32": {
            "subs": [
                {
                    "replacement-node": 37,
                    "part": "1",
                    "name": "ColumnHeadings",
                    "template-line-number": 131,
                    "extras": {},
                    "node-pos": 71
                },
                {
                    "replacement-node": 40,
                    "part": "2",
                    "name": "ColumnHeadings",
                    "template-line-number": 138,
                    "extras": {},
                    "node-pos": 75
                }
            ],
            "name": "ColumnHeadings"
        },
        "rule-22": [
            {
                "replacement-node": 100,
                "part": null,
                "node-pos": 205,
                "template-line-number": 419
            }
        ],
        "rule-24": [
            {
                "replacement-node": 136,
                "part": null,
                "node-pos": 273,
                "expression-node": 137,
                "template-line-number": 580
            }
        ],
        "rule-2": [
            {
                "replacement-node": 3,
                "part": null,
                "node-pos": 14,
                "expression-node": 4,
                "template-line-number": 27
            }
        ],
        "rule-7": [
            {
                "replacement-node": 18,
                "part": null,
                "node-pos": 36,
                "expression-node": 19,
                "template-line-number": 67
            }
        ]
    },
    "showifs": {},
    "line-numbers": {
        "Transactions": [
            {
                "line-number-node": 53,
                "start-number": 3,
                "template-line-number": 273
            }
        ],
        "Transactions2": [
            {
                "line-number-node": 104,
                "start-number": 16,
                "template-line-number": 506
            }
        ]
    }
}