{
    "substitutions": {
        "rule-14": [
            {
                "expression-node": 58,
                "replacement-node": 57,
                "node-pos": 100,
                "part": null,
                "template-line-number": 217
            }
        ],
        "rule-5": [
            {
                "template-line-number": 49,
                "replacement-node": 12,
                "node-pos": 26,
                "part": null,
                "html": true
            }
        ],
        "rule-10": [
            {
                "expression-node": 28,
                "replacement-node": 27,
                "node-pos": 47,
                "part": null,
                "template-line-number": 78
            }
        ],
        "rule-6": [
            {
                "template-line-number": 60,
                "replacement-node": 15,
                "node-pos": 31,
                "part": null
            }
        ],
        "rule-9": [
            {
                "expression-node": 25,
                "replacement-node": 24,
                "node-pos": 43,
                "part": null,
                "template-line-number": 73
            }
        ],
        "rule-2": [
            {
                "expression-node": 4,
                "replacement-node": 3,
                "node-pos": 13,
                "part": null,
                "template-line-number": 25
            }
        ],
        "rule-16": [
            {
                "template-line-number": 235,
                "replacement-node": 63,
                "node-pos": 110,
                "part": null
            }
        ],
        "rule-19": {
            "name": "OtherGasSupplyExpenses",
            "subs": [
                {
                    "expression-node": 49,
                    "name": "OtherGasSupplyExpenses",
                    "part": "2",
                    "template-line-number": 187,
                    "node-pos": 85,
                    "replacement-node": 48
                },
                {
                    "expression-node": 52,
                    "name": "OtherGasSupplyExpenses",
                    "part": "3",
                    "template-line-number": 193,
                    "node-pos": 89,
                    "replacement-node": 51
                }
            ]
        },
        "rule-17": [
            {
                "template-line-number": 244,
                "replacement-node": 66,
                "node-pos": 114,
                "part": null
            }
        ],
        "rule-12": [
            {
                "template-line-number": 99,
                "replacement-node": 33,
                "node-pos": 58,
                "part": null,
                "html": true
            }
        ],
        "rule-13": [
            {
                "template-line-number": 204,
                "replacement-node": 54,
                "node-pos": 95,
                "part": null
            }
        ],
        "rule-8": [
            {
                "template-line-number": 69,
                "replacement-node": 21,
                "node-pos": 39,
                "part": null
            }
        ],
        "rule-18": {
            "name": "InvHeadings",
            "subs": [
                {
                    "name": "InvHeadings",
                    "part": "1",
                    "template-line-number": 131,
                    "extras": {},
                    "node-pos": 72,
                    "replacement-node": 39
                },
                {
                    "name": "InvHeadings",
                    "part": "2",
                    "template-line-number": 140,
                    "extras": {},
                    "node-pos": 76,
                    "replacement-node": 42
                },
                {
                    "name": "InvHeadings",
                    "part": "3",
                    "template-line-number": 127,
                    "extras": {},
                    "node-pos": 70,
                    "replacement-node": 37
                }
            ]
        },
        "rule-11": [
            {
                "template-line-number": 88,
                "replacement-node": 30,
                "node-pos": 53,
                "part": null
            }
        ],
        "rule-15": [
            {
                "expression-node": 61,
                "replacement-node": 60,
                "node-pos": 106,
                "part": null,
                "template-line-number": 230
            }
        ],
        "rule-4": [
            {
                "template-line-number": 37,
                "replacement-node": 9,
                "node-pos": 21,
                "part": null,
                "html": true
            }
        ],
        "rule-1": [
            {
                "template-line-number": 21,
                "replacement-node": 0,
                "node-pos": 9,
                "part": null
            }
        ],
        "rule-3": [
            {
                "template-line-number": 31,
                "replacement-node": 6,
                "node-pos": 17,
                "part": null
            }
        ],
        "rule-7": [
            {
                "expression-node": 19,
                "replacement-node": 18,
                "node-pos": 35,
                "part": null,
                "template-line-number": 64
            }
        ]
    },
    "showifs": {},
    "line-numbers": {
        "OtherGasSupplyExpenses": [
            {
                "template-line-number": 183,
                "line-number-node": 46,
                "start-number": 1
            }
        ]
    }
}