{
    "showifs": {
        "rule-1": {
            "template-line-number": 17,
            "type": "showif"
        }
    },
    "line-numbers": {
        "GasPropertyAndCapacityLeasedToOthers": [
            {
                "start-number": 1,
                "template-line-number": 199,
                "line-number-node": 47
            }
        ]
    },
    "substitutions": {
        "rule-20": {
            "subs": [
                {
                    "extras": {},
                    "part": "1",
                    "replacement-node": 40,
                    "template-line-number": 140,
                    "node-pos": 75,
                    "name": "GasPlantInServiceHeadings"
                },
                {
                    "extras": {},
                    "part": "2",
                    "replacement-node": 43,
                    "template-line-number": 149,
                    "node-pos": 79,
                    "name": "GasPlantInServiceHeadings"
                },
                {
                    "extras": {},
                    "part": "3",
                    "replacement-node": 38,
                    "template-line-number": 136,
                    "node-pos": 73,
                    "name": "GasPlantInServiceHeadings"
                }
            ],
            "name": "GasPlantInServiceHeadings"
        },
        "rule-15": [
            {
                "template-line-number": 241,
                "part": null,
                "node-pos": 113,
                "expression-node": 65,
                "replacement-node": 64
            }
        ],
        "rule-14": [
            {
                "template-line-number": 227,
                "part": null,
                "node-pos": 106,
                "replacement-node": 61
            }
        ],
        "rule-6": [
            {
                "template-line-number": 55,
                "part": null,
                "node-pos": 27,
                "html": true,
                "replacement-node": 13
            }
        ],
        "rule-3": [
            {
                "template-line-number": 31,
                "part": null,
                "node-pos": 14,
                "expression-node": 5,
                "replacement-node": 4
            }
        ],
        "rule-8": [
            {
                "template-line-number": 70,
                "part": null,
                "node-pos": 36,
                "expression-node": 20,
                "replacement-node": 19
            }
        ],
        "rule-12": [
            {
                "template-line-number": 94,
                "part": null,
                "node-pos": 54,
                "replacement-node": 31
            }
        ],
        "rule-17": [
            {
                "template-line-number": 260,
                "part": null,
                "node-pos": 123,
                "replacement-node": 70
            }
        ],
        "rule-5": [
            {
                "template-line-number": 43,
                "part": null,
                "node-pos": 22,
                "html": true,
                "replacement-node": 10
            }
        ],
        "rule-18": [
            {
                "template-line-number": 269,
                "part": null,
                "node-pos": 127,
                "replacement-node": 73
            }
        ],
        "rule-10": [
            {
                "template-line-number": 79,
                "part": null,
                "node-pos": 44,
                "expression-node": 26,
                "replacement-node": 25
            }
        ],
        "rule-7": [
            {
                "template-line-number": 66,
                "part": null,
                "node-pos": 32,
                "replacement-node": 16
            }
        ],
        "rule-19": {
            "subs": [
                {
                    "part": "2",
                    "replacement-node": 49,
                    "template-line-number": 202,
                    "expression-node": 50,
                    "node-pos": 88,
                    "name": "GasPropertyAndCapacityLeasedToOthers"
                },
                {
                    "extras": {},
                    "part": "3",
                    "replacement-node": 52,
                    "template-line-number": 207,
                    "node-pos": 92,
                    "name": "GasPropertyAndCapacityLeasedToOthers"
                },
                {
                    "part": "4",
                    "replacement-node": 55,
                    "template-line-number": 212,
                    "expression-node": 56,
                    "node-pos": 96,
                    "name": "GasPropertyAndCapacityLeasedToOthers"
                },
                {
                    "part": "5",
                    "replacement-node": 58,
                    "template-line-number": 217,
                    "expression-node": 59,
                    "node-pos": 100,
                    "name": "GasPropertyAndCapacityLeasedToOthers"
                }
            ],
            "name": "GasPropertyAndCapacityLeasedToOthers"
        },
        "rule-11": [
            {
                "template-line-number": 84,
                "part": null,
                "node-pos": 48,
                "expression-node": 29,
                "replacement-node": 28
            }
        ],
        "rule-9": [
            {
                "template-line-number": 75,
                "part": null,
                "node-pos": 40,
                "replacement-node": 22
            }
        ],
        "rule-4": [
            {
                "template-line-number": 37,
                "part": null,
                "node-pos": 18,
                "replacement-node": 7
            }
        ],
        "rule-13": [
            {
                "template-line-number": 105,
                "part": null,
                "node-pos": 59,
                "html": true,
                "replacement-node": 34
            }
        ],
        "rule-2": [
            {
                "template-line-number": 27,
                "part": null,
                "node-pos": 10,
                "replacement-node": 1
            }
        ],
        "rule-16": [
            {
                "template-line-number": 255,
                "part": null,
                "node-pos": 119,
                "expression-node": 68,
                "replacement-node": 67
            }
        ]
    }
}