{
    "line-numbers": {
        "CapitalStockChanges": [
            {
                "line-number-node": 47,
                "template-line-number": 273,
                "start-number": 1
            }
        ]
    },
    "substitutions": {
        "rule-3": [
            {
                "replacement-node": 4,
                "node-pos": 15,
                "part": null,
                "expression-node": 5,
                "template-line-number": 33
            }
        ],
        "rule-2": [
            {
                "replacement-node": 1,
                "node-pos": 11,
                "part": null,
                "template-line-number": 25
            }
        ],
        "rule-6": [
            {
                "replacement-node": 13,
                "html": true,
                "node-pos": 28,
                "part": null,
                "template-line-number": 64
            }
        ],
        "rule-5": [
            {
                "replacement-node": 10,
                "html": true,
                "node-pos": 23,
                "part": null,
                "template-line-number": 48
            }
        ],
        "rule-18": {
            "subs": [
                {
                    "replacement-node": 40,
                    "node-pos": 82,
                    "part": "1",
                    "name": "ColumnHeadings",
                    "template-line-number": 185,
                    "extras": {}
                },
                {
                    "replacement-node": 43,
                    "node-pos": 86,
                    "part": "2",
                    "name": "ColumnHeadings",
                    "template-line-number": 193,
                    "extras": {}
                },
                {
                    "replacement-node": 38,
                    "node-pos": 80,
                    "part": "3",
                    "name": "ColumnHeadings",
                    "template-line-number": 181,
                    "extras": {}
                }
            ],
            "name": "ColumnHeadings"
        },
        "rule-16": [
            {
                "replacement-node": 88,
                "node-pos": 149,
                "part": null,
                "template-line-number": 385
            }
        ],
        "rule-8": [
            {
                "replacement-node": 19,
                "node-pos": 37,
                "part": null,
                "expression-node": 20,
                "template-line-number": 88
            }
        ],
        "rule-12": [
            {
                "replacement-node": 31,
                "node-pos": 55,
                "part": null,
                "template-line-number": 119
            }
        ],
        "rule-14": [
            {
                "replacement-node": 82,
                "node-pos": 141,
                "part": null,
                "expression-node": 83,
                "template-line-number": 371
            }
        ],
        "rule-9": [
            {
                "replacement-node": 22,
                "node-pos": 41,
                "part": null,
                "template-line-number": 95
            }
        ],
        "rule-17": {
            "subs": [
                {
                    "replacement-node": 73,
                    "node-pos": 127,
                    "part": "10",
                    "name": "CapitalStockChanges",
                    "template-line-number": 342,
                    "expression-node": 74
                },
                {
                    "replacement-node": 76,
                    "node-pos": 131,
                    "part": "11",
                    "name": "CapitalStockChanges",
                    "template-line-number": 350,
                    "expression-node": 77
                },
                {
                    "replacement-node": 79,
                    "node-pos": 135,
                    "part": "12",
                    "name": "CapitalStockChanges",
                    "template-line-number": 358,
                    "expression-node": 80
                },
                {
                    "replacement-node": 49,
                    "node-pos": 95,
                    "part": "2",
                    "name": "CapitalStockChanges",
                    "template-line-number": 278,
                    "expression-node": 50
                },
                {
                    "replacement-node": 52,
                    "node-pos": 99,
                    "part": "3",
                    "name": "CapitalStockChanges",
                    "template-line-number": 286,
                    "expression-node": 53
                },
                {
                    "replacement-node": 55,
                    "node-pos": 103,
                    "part": "4",
                    "name": "CapitalStockChanges",
                    "template-line-number": 294,
                    "expression-node": 56
                },
                {
                    "replacement-node": 58,
                    "node-pos": 107,
                    "part": "5",
                    "name": "CapitalStockChanges",
                    "template-line-number": 302,
                    "expression-node": 59
                },
                {
                    "replacement-node": 61,
                    "node-pos": 111,
                    "part": "6",
                    "name": "CapitalStockChanges",
                    "template-line-number": 310,
                    "expression-node": 62
                },
                {
                    "replacement-node": 64,
                    "node-pos": 115,
                    "part": "7",
                    "name": "CapitalStockChanges",
                    "template-line-number": 318,
                    "expression-node": 65
                },
                {
                    "replacement-node": 67,
                    "node-pos": 119,
                    "part": "8",
                    "name": "CapitalStockChanges",
                    "template-line-number": 326,
                    "expression-node": 68
                },
                {
                    "replacement-node": 70,
                    "node-pos": 123,
                    "part": "9",
                    "name": "CapitalStockChanges",
                    "template-line-number": 334,
                    "expression-node": 71
                }
            ],
            "name": "CapitalStockChanges"
        },
        "rule-7": [
            {
                "replacement-node": 16,
                "node-pos": 33,
                "part": null,
                "template-line-number": 81
            }
        ],
        "rule-11": [
            {
                "replacement-node": 28,
                "node-pos": 49,
                "part": null,
                "expression-node": 29,
                "template-line-number": 108
            }
        ],
        "rule-15": [
            {
                "replacement-node": 85,
                "node-pos": 145,
                "part": null,
                "template-line-number": 376
            }
        ],
        "rule-13": [
            {
                "replacement-node": 34,
                "html": true,
                "node-pos": 60,
                "part": null,
                "template-line-number": 130
            }
        ],
        "rule-4": [
            {
                "replacement-node": 7,
                "node-pos": 19,
                "part": null,
                "template-line-number": 40
            }
        ],
        "rule-10": [
            {
                "replacement-node": 25,
                "node-pos": 45,
                "part": null,
                "expression-node": 26,
                "template-line-number": 102
            }
        ]
    },
    "showifs": {
        "rule-1": {
            "type": "showif",
            "template-line-number": 15
        }
    }
}