{
    "line-numbers": {
        "ControlledByRespondent": [
            {
                "template-line-number": 217,
                "line-number-node": 47,
                "start-number": 1
            }
        ]
    },
    "substitutions": {
        "rule-3": [
            {
                "replacement-node": 4,
                "expression-node": 5,
                "template-line-number": 32,
                "node-pos": 14,
                "part": null
            }
        ],
        "rule-8": [
            {
                "replacement-node": 19,
                "expression-node": 20,
                "template-line-number": 72,
                "node-pos": 36,
                "part": null
            }
        ],
        "rule-12": [
            {
                "replacement-node": 31,
                "template-line-number": 97,
                "node-pos": 54,
                "part": null
            }
        ],
        "rule-18": {
            "subs": [
                {
                    "node-pos": 86,
                    "name": "Heading",
                    "replacement-node": 40,
                    "template-line-number": 155,
                    "extras": {},
                    "part": "1"
                },
                {
                    "node-pos": 90,
                    "name": "Heading",
                    "replacement-node": 43,
                    "template-line-number": 164,
                    "extras": {},
                    "part": "2"
                },
                {
                    "node-pos": 84,
                    "name": "Heading",
                    "replacement-node": 38,
                    "template-line-number": 151,
                    "extras": {},
                    "part": "3"
                }
            ],
            "name": "Heading"
        },
        "rule-2": [
            {
                "replacement-node": 1,
                "template-line-number": 27,
                "node-pos": 10,
                "part": null
            }
        ],
        "rule-4": [
            {
                "replacement-node": 7,
                "template-line-number": 38,
                "node-pos": 18,
                "part": null
            }
        ],
        "rule-10": [
            {
                "replacement-node": 25,
                "expression-node": 26,
                "template-line-number": 82,
                "node-pos": 44,
                "part": null
            }
        ],
        "rule-16": [
            {
                "replacement-node": 70,
                "template-line-number": 266,
                "node-pos": 129,
                "part": null
            }
        ],
        "rule-11": [
            {
                "replacement-node": 28,
                "expression-node": 29,
                "template-line-number": 87,
                "node-pos": 48,
                "part": null
            }
        ],
        "rule-6": [
            {
                "replacement-node": 13,
                "html": true,
                "template-line-number": 56,
                "node-pos": 27,
                "part": null
            }
        ],
        "rule-9": [
            {
                "replacement-node": 22,
                "template-line-number": 77,
                "node-pos": 40,
                "part": null
            }
        ],
        "rule-5": [
            {
                "replacement-node": 10,
                "html": true,
                "template-line-number": 44,
                "node-pos": 22,
                "part": null
            }
        ],
        "rule-14": [
            {
                "replacement-node": 64,
                "expression-node": 65,
                "template-line-number": 252,
                "node-pos": 121,
                "part": null
            }
        ],
        "rule-13": [
            {
                "replacement-node": 34,
                "html": true,
                "template-line-number": 107,
                "node-pos": 59,
                "part": null
            }
        ],
        "rule-17": {
            "subs": [
                {
                    "expression-node": 50,
                    "node-pos": 99,
                    "name": "ControlledByRespondent",
                    "replacement-node": 49,
                    "template-line-number": 221,
                    "part": "2"
                },
                {
                    "expression-node": 53,
                    "node-pos": 103,
                    "name": "ControlledByRespondent",
                    "replacement-node": 52,
                    "template-line-number": 226,
                    "part": "3"
                },
                {
                    "expression-node": 56,
                    "node-pos": 107,
                    "name": "ControlledByRespondent",
                    "replacement-node": 55,
                    "template-line-number": 231,
                    "part": "4"
                },
                {
                    "expression-node": 59,
                    "node-pos": 111,
                    "name": "ControlledByRespondent",
                    "replacement-node": 58,
                    "template-line-number": 236,
                    "part": "5"
                },
                {
                    "expression-node": 62,
                    "node-pos": 115,
                    "name": "ControlledByRespondent",
                    "replacement-node": 61,
                    "template-line-number": 241,
                    "part": "6"
                }
            ],
            "name": "ControlledByRespondent"
        },
        "rule-15": [
            {
                "replacement-node": 67,
                "template-line-number": 257,
                "node-pos": 125,
                "part": null
            }
        ],
        "rule-7": [
            {
                "replacement-node": 16,
                "template-line-number": 67,
                "node-pos": 32,
                "part": null
            }
        ]
    },
    "showifs": {
        "rule-1": {
            "template-line-number": 17,
            "type": "showif"
        }
    }
}