{
    "substitutions": {
        "rule-12": [
            {
                "template-line-number": 104,
                "replacement-node": 33,
                "node-pos": 58,
                "part": null,
                "html": true
            }
        ],
        "rule-6": [
            {
                "template-line-number": 62,
                "replacement-node": 15,
                "node-pos": 31,
                "part": null
            }
        ],
        "rule-14": [
            {
                "template-line-number": 317,
                "replacement-node": 72,
                "node-pos": 158,
                "part": null
            }
        ],
        "rule-1": [
            {
                "template-line-number": 22,
                "replacement-node": 0,
                "node-pos": 9,
                "part": null
            }
        ],
        "rule-15": [
            {
                "template-line-number": 327,
                "replacement-node": 75,
                "node-pos": 162,
                "part": null
            }
        ],
        "rule-5": [
            {
                "template-line-number": 51,
                "replacement-node": 12,
                "node-pos": 26,
                "part": null,
                "html": true
            }
        ],
        "rule-3": [
            {
                "template-line-number": 33,
                "replacement-node": 6,
                "node-pos": 17,
                "part": null
            }
        ],
        "rule-4": [
            {
                "template-line-number": 39,
                "replacement-node": 9,
                "node-pos": 21,
                "part": null,
                "html": true
            }
        ],
        "rule-16": {
            "name": "ColumnHeadings",
            "subs": [
                {
                    "extras": {},
                    "replacement-node": 39,
                    "node-pos": 111,
                    "part": "1",
                    "name": "ColumnHeadings",
                    "template-line-number": 181
                },
                {
                    "extras": {},
                    "replacement-node": 42,
                    "node-pos": 115,
                    "part": "2",
                    "name": "ColumnHeadings",
                    "template-line-number": 189
                },
                {
                    "extras": {},
                    "replacement-node": 37,
                    "node-pos": 109,
                    "part": "3",
                    "name": "ColumnHeadings",
                    "template-line-number": 177
                }
            ]
        },
        "rule-10": [
            {
                "template-line-number": 82,
                "expression-node": 28,
                "replacement-node": 27,
                "node-pos": 47,
                "part": null
            }
        ],
        "rule-9": [
            {
                "template-line-number": 77,
                "expression-node": 25,
                "replacement-node": 24,
                "node-pos": 43,
                "part": null
            }
        ],
        "rule-17": {
            "name": "ResearchDevelopmentAndDemonstration",
            "subs": [
                {
                    "replacement-node": 48,
                    "node-pos": 124,
                    "part": "2",
                    "name": "ResearchDevelopmentAndDemonstration",
                    "expression-node": 49,
                    "template-line-number": 263
                },
                {
                    "replacement-node": 51,
                    "node-pos": 128,
                    "part": "3",
                    "name": "ResearchDevelopmentAndDemonstration",
                    "expression-node": 52,
                    "template-line-number": 268
                },
                {
                    "replacement-node": 54,
                    "node-pos": 132,
                    "part": "4",
                    "name": "ResearchDevelopmentAndDemonstration",
                    "expression-node": 55,
                    "template-line-number": 273
                },
                {
                    "replacement-node": 57,
                    "node-pos": 136,
                    "part": "5",
                    "name": "ResearchDevelopmentAndDemonstration",
                    "expression-node": 58,
                    "template-line-number": 278
                },
                {
                    "replacement-node": 60,
                    "node-pos": 140,
                    "part": "6",
                    "name": "ResearchDevelopmentAndDemonstration",
                    "expression-node": 61,
                    "template-line-number": 283
                },
                {
                    "replacement-node": 63,
                    "node-pos": 144,
                    "part": "7",
                    "name": "ResearchDevelopmentAndDemonstration",
                    "expression-node": 64,
                    "template-line-number": 288
                },
                {
                    "replacement-node": 66,
                    "node-pos": 148,
                    "part": "8",
                    "name": "ResearchDevelopmentAndDemonstration",
                    "expression-node": 67,
                    "template-line-number": 293
                }
            ]
        },
        "rule-2": [
            {
                "template-line-number": 27,
                "expression-node": 4,
                "replacement-node": 3,
                "node-pos": 13,
                "part": null
            }
        ],
        "rule-7": [
            {
                "template-line-number": 67,
                "expression-node": 19,
                "replacement-node": 18,
                "node-pos": 35,
                "part": null
            }
        ],
        "rule-8": [
            {
                "template-line-number": 72,
                "replacement-node": 21,
                "node-pos": 39,
                "part": null
            }
        ],
        "rule-11": [
            {
                "template-line-number": 93,
                "replacement-node": 30,
                "node-pos": 53,
                "part": null
            }
        ],
        "rule-13": [
            {
                "template-line-number": 310,
                "expression-node": 70,
                "replacement-node": 69,
                "node-pos": 154,
                "part": null
            }
        ]
    },
    "showifs": {},
    "line-numbers": {
        "ResearchDevelopmentAndDemonstration": [
            {
                "line-number-node": 46,
                "template-line-number": 258,
                "start-number": 1
            }
        ]
    }
}