{
    "substitutions": {
        "rule-18": {
            "subs": [
                {
                    "extras": {},
                    "name": "ColumnHeadings",
                    "template-line-number": 151,
                    "replacement-node": 38,
                    "node-pos": 76,
                    "part": "1"
                },
                {
                    "extras": {},
                    "name": "ColumnHeadings",
                    "template-line-number": 158,
                    "replacement-node": 41,
                    "node-pos": 80,
                    "part": "2"
                }
            ],
            "name": "ColumnHeadings"
        },
        "rule-15": [
            {
                "template-line-number": 332,
                "replacement-node": 89,
                "node-pos": 148,
                "part": null
            }
        ],
        "rule-16": [
            {
                "template-line-number": 342,
                "replacement-node": 92,
                "node-pos": 152,
                "part": null
            }
        ],
        "rule-10": [
            {
                "template-line-number": 86,
                "node-pos": 44,
                "replacement-node": 25,
                "expression-node": 26,
                "part": null
            }
        ],
        "rule-3": [
            {
                "template-line-number": 36,
                "node-pos": 14,
                "replacement-node": 4,
                "expression-node": 5,
                "part": null
            }
        ],
        "rule-9": [
            {
                "template-line-number": 81,
                "replacement-node": 22,
                "node-pos": 40,
                "part": null
            }
        ],
        "rule-12": [
            {
                "template-line-number": 101,
                "replacement-node": 31,
                "node-pos": 54,
                "part": null
            }
        ],
        "rule-11": [
            {
                "template-line-number": 91,
                "node-pos": 48,
                "replacement-node": 28,
                "expression-node": 29,
                "part": null
            }
        ],
        "rule-2": [
            {
                "template-line-number": 31,
                "replacement-node": 1,
                "node-pos": 10,
                "part": null
            }
        ],
        "rule-14": [
            {
                "template-line-number": 325,
                "node-pos": 144,
                "replacement-node": 86,
                "expression-node": 87,
                "part": null
            }
        ],
        "rule-17": {
            "subs": [
                {
                    "extras": {},
                    "name": "ISLineItems",
                    "template-line-number": 235,
                    "replacement-node": 45,
                    "node-pos": 86,
                    "part": "1"
                },
                {
                    "name": "ISLineItems",
                    "node-pos": 126,
                    "template-line-number": 295,
                    "replacement-node": 74,
                    "expression-node": 75,
                    "part": "10"
                },
                {
                    "name": "ISLineItems",
                    "node-pos": 130,
                    "template-line-number": 301,
                    "replacement-node": 77,
                    "expression-node": 78,
                    "part": "11"
                },
                {
                    "name": "ISLineItems",
                    "node-pos": 134,
                    "template-line-number": 307,
                    "replacement-node": 80,
                    "expression-node": 81,
                    "part": "12"
                },
                {
                    "name": "ISLineItems",
                    "node-pos": 138,
                    "template-line-number": 313,
                    "replacement-node": 83,
                    "expression-node": 84,
                    "part": "13"
                },
                {
                    "extras": {},
                    "name": "ISLineItems",
                    "template-line-number": 246,
                    "replacement-node": 50,
                    "node-pos": 94,
                    "part": "2"
                },
                {
                    "extras": {},
                    "name": "ISLineItems",
                    "template-line-number": 253,
                    "replacement-node": 54,
                    "node-pos": 99,
                    "part": "3"
                },
                {
                    "name": "ISLineItems",
                    "node-pos": 102,
                    "template-line-number": 258,
                    "replacement-node": 56,
                    "expression-node": 57,
                    "part": "4"
                },
                {
                    "name": "ISLineItems",
                    "node-pos": 106,
                    "template-line-number": 264,
                    "replacement-node": 59,
                    "expression-node": 60,
                    "part": "5"
                },
                {
                    "extras": {},
                    "name": "ISLineItems",
                    "template-line-number": 242,
                    "replacement-node": 48,
                    "node-pos": 92,
                    "part": "6"
                },
                {
                    "name": "ISLineItems",
                    "node-pos": 110,
                    "template-line-number": 270,
                    "replacement-node": 62,
                    "expression-node": 63,
                    "part": "6"
                },
                {
                    "name": "ISLineItems",
                    "node-pos": 114,
                    "template-line-number": 276,
                    "replacement-node": 65,
                    "expression-node": 66,
                    "part": "7"
                },
                {
                    "name": "ISLineItems",
                    "node-pos": 118,
                    "template-line-number": 282,
                    "replacement-node": 68,
                    "expression-node": 69,
                    "part": "8"
                },
                {
                    "name": "ISLineItems",
                    "node-pos": 122,
                    "template-line-number": 288,
                    "replacement-node": 71,
                    "expression-node": 72,
                    "part": "9"
                }
            ],
            "name": "ISLineItems"
        },
        "rule-8": [
            {
                "template-line-number": 76,
                "node-pos": 36,
                "replacement-node": 19,
                "expression-node": 20,
                "part": null
            }
        ],
        "rule-7": [
            {
                "template-line-number": 71,
                "replacement-node": 16,
                "node-pos": 32,
                "part": null
            }
        ],
        "rule-4": [
            {
                "template-line-number": 42,
                "replacement-node": 7,
                "node-pos": 18,
                "part": null
            }
        ],
        "rule-5": [
            {
                "template-line-number": 48,
                "html": true,
                "replacement-node": 10,
                "node-pos": 22,
                "part": null
            }
        ],
        "rule-13": [
            {
                "template-line-number": 112,
                "html": true,
                "replacement-node": 34,
                "node-pos": 59,
                "part": null
            }
        ],
        "rule-6": [
            {
                "template-line-number": 60,
                "html": true,
                "replacement-node": 13,
                "node-pos": 27,
                "part": null
            }
        ]
    },
    "line-numbers": {},
    "showifs": {
        "rule-1": {
            "template-line-number": 18,
            "type": "showif"
        }
    }
}