{
    "line-numbers": {},
    "showifs": {
        "rule-1": {
            "template-line-number": 17,
            "type": "showif"
        }
    },
    "substitutions": {
        "rule-12": [
            {
                "part": null,
                "node-pos": 54,
                "template-line-number": 94,
                "replacement-node": 31
            }
        ],
        "rule-2": [
            {
                "part": null,
                "node-pos": 10,
                "template-line-number": 27,
                "replacement-node": 1
            }
        ],
        "rule-14": [
            {
                "part": null,
                "expression-node": 72,
                "template-line-number": 331,
                "replacement-node": 71,
                "node-pos": 123
            }
        ],
        "rule-13": [
            {
                "part": null,
                "node-pos": 59,
                "template-line-number": 105,
                "replacement-node": 34,
                "html": true
            }
        ],
        "rule-8": [
            {
                "part": null,
                "expression-node": 20,
                "template-line-number": 70,
                "replacement-node": 19,
                "node-pos": 36
            }
        ],
        "rule-3": [
            {
                "part": null,
                "expression-node": 5,
                "template-line-number": 31,
                "replacement-node": 4,
                "node-pos": 14
            }
        ],
        "rule-5": [
            {
                "part": null,
                "node-pos": 22,
                "template-line-number": 43,
                "replacement-node": 10,
                "html": true
            }
        ],
        "rule-4": [
            {
                "part": null,
                "node-pos": 18,
                "template-line-number": 37,
                "replacement-node": 7
            }
        ],
        "rule-15": [
            {
                "part": null,
                "node-pos": 127,
                "template-line-number": 336,
                "replacement-node": 74
            }
        ],
        "rule-16": [
            {
                "part": null,
                "node-pos": 131,
                "template-line-number": 345,
                "replacement-node": 77
            }
        ],
        "rule-6": [
            {
                "part": null,
                "node-pos": 27,
                "template-line-number": 55,
                "replacement-node": 13,
                "html": true
            }
        ],
        "rule-17": {
            "name": "GAHeadings",
            "subs": [
                {
                    "template-line-number": 139,
                    "extras": {},
                    "node-pos": 78,
                    "name": "GAHeadings",
                    "part": "1",
                    "replacement-node": 38
                },
                {
                    "template-line-number": 146,
                    "extras": {},
                    "node-pos": 82,
                    "name": "GAHeadings",
                    "part": "2",
                    "replacement-node": 41
                }
            ]
        },
        "rule-10": [
            {
                "part": null,
                "expression-node": 26,
                "template-line-number": 79,
                "replacement-node": 25,
                "node-pos": 44
            }
        ],
        "rule-7": [
            {
                "part": null,
                "node-pos": 32,
                "template-line-number": 66,
                "replacement-node": 16
            }
        ],
        "rule-11": [
            {
                "part": null,
                "expression-node": 29,
                "template-line-number": 84,
                "replacement-node": 28,
                "node-pos": 48
            }
        ],
        "rule-9": [
            {
                "part": null,
                "node-pos": 40,
                "template-line-number": 75,
                "replacement-node": 22
            }
        ],
        "rule-18": {
            "name": "GALineItems",
            "subs": [
                {
                    "template-line-number": 277,
                    "extras": {},
                    "node-pos": 88,
                    "name": "GALineItems",
                    "part": "1",
                    "replacement-node": 45
                },
                {
                    "template-line-number": 291,
                    "node-pos": 96,
                    "name": "GALineItems",
                    "part": "2",
                    "expression-node": 51,
                    "replacement-node": 50
                },
                {
                    "template-line-number": 301,
                    "extras": {},
                    "node-pos": 102,
                    "name": "GALineItems",
                    "part": "3",
                    "replacement-node": 55
                },
                {
                    "template-line-number": 309,
                    "node-pos": 107,
                    "name": "GALineItems",
                    "part": "4",
                    "expression-node": 60,
                    "replacement-node": 59
                },
                {
                    "template-line-number": 319,
                    "node-pos": 115,
                    "name": "GALineItems",
                    "part": "5",
                    "expression-node": 67,
                    "replacement-node": 66
                },
                {
                    "template-line-number": 287,
                    "extras": {},
                    "node-pos": 94,
                    "name": "GALineItems",
                    "part": "6",
                    "replacement-node": 48
                }
            ]
        }
    }
}