{
    "line-numbers": {},
    "substitutions": {
        "rule-6": [
            {
                "template-line-number": 61,
                "replacement-node": 15,
                "node-pos": 31,
                "part": null
            }
        ],
        "rule-12": [
            {
                "template-line-number": 102,
                "replacement-node": 33,
                "node-pos": 59,
                "html": true,
                "part": null
            }
        ],
        "rule-11": [
            {
                "template-line-number": 91,
                "replacement-node": 30,
                "node-pos": 54,
                "part": null
            }
        ],
        "rule-7": [
            {
                "template-line-number": 66,
                "replacement-node": 18,
                "node-pos": 35,
                "expression-node": 19,
                "part": null
            }
        ],
        "rule-4": [
            {
                "template-line-number": 38,
                "replacement-node": 9,
                "node-pos": 21,
                "html": true,
                "part": null
            }
        ],
        "rule-8": [
            {
                "template-line-number": 71,
                "replacement-node": 21,
                "node-pos": 39,
                "part": null
            }
        ],
        "rule-13": [
            {
                "template-line-number": 355,
                "replacement-node": 64,
                "node-pos": 110,
                "expression-node": 65,
                "part": null
            }
        ],
        "rule-5": [
            {
                "template-line-number": 50,
                "replacement-node": 12,
                "node-pos": 26,
                "html": true,
                "part": null
            }
        ],
        "rule-10": [
            {
                "template-line-number": 81,
                "replacement-node": 27,
                "node-pos": 48,
                "expression-node": 28,
                "part": null
            }
        ],
        "rule-14": [
            {
                "template-line-number": 360,
                "replacement-node": 67,
                "node-pos": 114,
                "part": null
            }
        ],
        "rule-1": [
            {
                "template-line-number": 21,
                "replacement-node": 0,
                "node-pos": 9,
                "part": null
            }
        ],
        "rule-2": [
            {
                "template-line-number": 26,
                "replacement-node": 3,
                "node-pos": 13,
                "expression-node": 4,
                "part": null
            }
        ],
        "rule-16": {
            "subs": [
                {
                    "part": "1",
                    "template-line-number": 130,
                    "replacement-node": 37,
                    "node-pos": 72,
                    "name": "ISHeadings",
                    "extras": {}
                },
                {
                    "part": "2",
                    "template-line-number": 137,
                    "replacement-node": 40,
                    "node-pos": 76,
                    "name": "ISHeadings",
                    "extras": {}
                }
            ],
            "name": "ISHeadings"
        },
        "rule-9": [
            {
                "template-line-number": 76,
                "replacement-node": 24,
                "node-pos": 44,
                "expression-node": 25,
                "part": null
            }
        ],
        "rule-17": {
            "subs": [
                {
                    "part": "1",
                    "template-line-number": 303,
                    "replacement-node": 44,
                    "node-pos": 82,
                    "name": "CFLineItems",
                    "extras": {}
                },
                {
                    "expression-node": 50,
                    "part": "2",
                    "template-line-number": 314,
                    "replacement-node": 49,
                    "node-pos": 90,
                    "name": "CFLineItems"
                },
                {
                    "expression-node": 55,
                    "part": "4",
                    "template-line-number": 326,
                    "replacement-node": 54,
                    "node-pos": 96,
                    "name": "CFLineItems"
                },
                {
                    "expression-node": 60,
                    "part": "5",
                    "template-line-number": 337,
                    "replacement-node": 59,
                    "node-pos": 102,
                    "name": "CFLineItems"
                },
                {
                    "part": "6",
                    "template-line-number": 310,
                    "replacement-node": 47,
                    "node-pos": 88,
                    "name": "CFLineItems",
                    "extras": {}
                }
            ],
            "name": "CFLineItems"
        },
        "rule-15": [
            {
                "template-line-number": 370,
                "replacement-node": 70,
                "node-pos": 118,
                "part": null
            }
        ],
        "rule-3": [
            {
                "template-line-number": 32,
                "replacement-node": 6,
                "node-pos": 17,
                "part": null
            }
        ]
    },
    "showifs": {}
}