{
    "line-numbers": {
        "IsoOrRtoSettlements": [
            {
                "start-number": 7,
                "template-line-number": 470,
                "line-number-node": 104
            }
        ]
    },
    "substitutions": {
        "rule-17": [
            {
                "expression-node": 56,
                "template-line-number": 229,
                "replacement-node": 55,
                "node-pos": 105,
                "part": null
            }
        ],
        "rule-3": [
            {
                "template-line-number": 32,
                "replacement-node": 6,
                "node-pos": 17,
                "part": null
            }
        ],
        "rule-16": [
            {
                "expression-node": 53,
                "template-line-number": 212,
                "replacement-node": 52,
                "node-pos": 98,
                "part": null
            }
        ],
        "rule-22": [
            {
                "expression-node": 71,
                "template-line-number": 285,
                "replacement-node": 70,
                "node-pos": 128,
                "part": null
            }
        ],
        "rule-20": [
            {
                "expression-node": 65,
                "template-line-number": 259,
                "replacement-node": 64,
                "node-pos": 117,
                "part": null
            }
        ],
        "rule-7": [
            {
                "expression-node": 19,
                "template-line-number": 81,
                "replacement-node": 18,
                "node-pos": 35,
                "part": null
            }
        ],
        "rule-18": [
            {
                "expression-node": 59,
                "template-line-number": 239,
                "replacement-node": 58,
                "node-pos": 109,
                "part": null
            }
        ],
        "rule-35": [
            {
                "expression-node": 128,
                "template-line-number": 550,
                "replacement-node": 127,
                "node-pos": 221,
                "part": null
            }
        ],
        "rule-19": [
            {
                "expression-node": 62,
                "template-line-number": 249,
                "replacement-node": 61,
                "node-pos": 113,
                "part": null
            }
        ],
        "rule-11": [
            {
                "template-line-number": 112,
                "replacement-node": 30,
                "node-pos": 53,
                "part": null
            }
        ],
        "rule-25": [
            {
                "expression-node": 80,
                "template-line-number": 321,
                "replacement-node": 79,
                "node-pos": 143,
                "part": null
            }
        ],
        "rule-12": [
            {
                "template-line-number": 123,
                "replacement-node": 33,
                "node-pos": 58,
                "part": null,
                "html": true
            }
        ],
        "rule-26": [
            {
                "expression-node": 83,
                "template-line-number": 331,
                "replacement-node": 82,
                "node-pos": 147,
                "part": null
            }
        ],
        "rule-1": [
            {
                "template-line-number": 18,
                "replacement-node": 0,
                "node-pos": 9,
                "part": null
            }
        ],
        "rule-29": [
            {
                "expression-node": 92,
                "template-line-number": 367,
                "replacement-node": 91,
                "node-pos": 162,
                "part": null
            }
        ],
        "rule-39": [
            {
                "template-line-number": 594,
                "replacement-node": 139,
                "node-pos": 239,
                "part": null
            }
        ],
        "rule-36": [
            {
                "expression-node": 131,
                "template-line-number": 561,
                "replacement-node": 130,
                "node-pos": 225,
                "part": null
            }
        ],
        "rule-2": [
            {
                "expression-node": 4,
                "template-line-number": 25,
                "replacement-node": 3,
                "node-pos": 13,
                "part": null
            }
        ],
        "rule-28": [
            {
                "expression-node": 89,
                "template-line-number": 351,
                "replacement-node": 88,
                "node-pos": 155,
                "part": null
            }
        ],
        "rule-41": {
            "subs": [
                {
                    "node-pos": 68,
                    "replacement-node": 37,
                    "extras": {},
                    "name": "ColumnHeadings",
                    "template-line-number": 149,
                    "part": "1"
                },
                {
                    "node-pos": 72,
                    "replacement-node": 40,
                    "extras": {},
                    "name": "ColumnHeadings",
                    "template-line-number": 156,
                    "part": "2"
                }
            ],
            "name": "ColumnHeadings"
        },
        "rule-6": [
            {
                "template-line-number": 74,
                "replacement-node": 15,
                "node-pos": 31,
                "part": null
            }
        ],
        "rule-38": [
            {
                "template-line-number": 584,
                "replacement-node": 136,
                "node-pos": 235,
                "part": null
            }
        ],
        "rule-10": [
            {
                "expression-node": 28,
                "template-line-number": 101,
                "replacement-node": 27,
                "node-pos": 47,
                "part": null
            }
        ],
        "rule-13": [
            {
                "expression-node": 44,
                "template-line-number": 182,
                "replacement-node": 43,
                "node-pos": 86,
                "part": null
            }
        ],
        "rule-21": [
            {
                "expression-node": 68,
                "template-line-number": 275,
                "replacement-node": 67,
                "node-pos": 124,
                "part": null
            }
        ],
        "rule-15": [
            {
                "expression-node": 50,
                "template-line-number": 202,
                "replacement-node": 49,
                "node-pos": 94,
                "part": null
            }
        ],
        "rule-23": [
            {
                "expression-node": 74,
                "template-line-number": 295,
                "replacement-node": 73,
                "node-pos": 132,
                "part": null
            }
        ],
        "rule-40": {
            "subs": [
                {
                    "node-pos": 190,
                    "replacement-node": 106,
                    "expression-node": 107,
                    "name": "IsoOrRtoSettlements",
                    "template-line-number": 477,
                    "part": "2"
                },
                {
                    "node-pos": 194,
                    "replacement-node": 109,
                    "expression-node": 110,
                    "name": "IsoOrRtoSettlements",
                    "template-line-number": 486,
                    "part": "3"
                },
                {
                    "node-pos": 198,
                    "replacement-node": 112,
                    "expression-node": 113,
                    "name": "IsoOrRtoSettlements",
                    "template-line-number": 495,
                    "part": "4"
                },
                {
                    "node-pos": 202,
                    "replacement-node": 115,
                    "expression-node": 116,
                    "name": "IsoOrRtoSettlements",
                    "template-line-number": 503,
                    "part": "5"
                },
                {
                    "node-pos": 206,
                    "replacement-node": 118,
                    "expression-node": 119,
                    "name": "IsoOrRtoSettlements",
                    "template-line-number": 511,
                    "part": "6"
                }
            ],
            "name": "IsoOrRtoSettlements"
        },
        "rule-30": [
            {
                "expression-node": 95,
                "template-line-number": 377,
                "replacement-node": 94,
                "node-pos": 166,
                "part": null
            }
        ],
        "rule-4": [
            {
                "template-line-number": 40,
                "replacement-node": 9,
                "node-pos": 21,
                "part": null,
                "html": true
            }
        ],
        "rule-8": [
            {
                "template-line-number": 88,
                "replacement-node": 21,
                "node-pos": 39,
                "part": null
            }
        ],
        "rule-34": [
            {
                "expression-node": 125,
                "template-line-number": 539,
                "replacement-node": 124,
                "node-pos": 217,
                "part": null
            }
        ],
        "rule-24": [
            {
                "expression-node": 77,
                "template-line-number": 305,
                "replacement-node": 76,
                "node-pos": 136,
                "part": null
            }
        ],
        "rule-32": [
            {
                "expression-node": 101,
                "template-line-number": 397,
                "replacement-node": 100,
                "node-pos": 174,
                "part": null
            }
        ],
        "rule-14": [
            {
                "expression-node": 47,
                "template-line-number": 192,
                "replacement-node": 46,
                "node-pos": 90,
                "part": null
            }
        ],
        "rule-5": [
            {
                "template-line-number": 56,
                "replacement-node": 12,
                "node-pos": 26,
                "part": null,
                "html": true
            }
        ],
        "rule-31": [
            {
                "expression-node": 98,
                "template-line-number": 387,
                "replacement-node": 97,
                "node-pos": 170,
                "part": null
            }
        ],
        "rule-9": [
            {
                "expression-node": 25,
                "template-line-number": 95,
                "replacement-node": 24,
                "node-pos": 43,
                "part": null
            }
        ],
        "rule-37": [
            {
                "expression-node": 134,
                "template-line-number": 577,
                "replacement-node": 133,
                "node-pos": 231,
                "part": null
            }
        ],
        "rule-27": [
            {
                "expression-node": 86,
                "template-line-number": 341,
                "replacement-node": 85,
                "node-pos": 151,
                "part": null
            }
        ],
        "rule-33": [
            {
                "expression-node": 122,
                "template-line-number": 528,
                "replacement-node": 121,
                "node-pos": 213,
                "part": null
            }
        ]
    },
    "showifs": {}
}