{
    "showifs": {},
    "substitutions": {
        "rule-7": [
            {
                "template-line-number": 68,
                "expression-node": 19,
                "node-pos": 36,
                "part": null,
                "replacement-node": 18
            }
        ],
        "rule-1": [
            {
                "template-line-number": 23,
                "node-pos": 10,
                "part": null,
                "replacement-node": 0
            }
        ],
        "rule-16": {
            "name": "AccumDeprAmortProvisionLineItems",
            "subs": [
                {
                    "extras": {},
                    "name": "AccumDeprAmortProvisionLineItems",
                    "part": "1",
                    "replacement-node": 47,
                    "template-line-number": 193,
                    "node-pos": 83
                },
                {
                    "extras": {},
                    "name": "AccumDeprAmortProvisionLineItems",
                    "part": "2",
                    "replacement-node": 49,
                    "template-line-number": 200,
                    "node-pos": 86
                },
                {
                    "name": "AccumDeprAmortProvisionLineItems",
                    "part": "3",
                    "replacement-node": 51,
                    "template-line-number": 208,
                    "expression-node": 52,
                    "node-pos": 89
                },
                {
                    "name": "AccumDeprAmortProvisionLineItems",
                    "part": "4",
                    "replacement-node": 53,
                    "template-line-number": 216,
                    "expression-node": 54,
                    "node-pos": 92
                },
                {
                    "name": "AccumDeprAmortProvisionLineItems",
                    "part": "5",
                    "replacement-node": 55,
                    "template-line-number": 224,
                    "expression-node": 56,
                    "node-pos": 95
                },
                {
                    "name": "AccumDeprAmortProvisionLineItems",
                    "part": "6",
                    "replacement-node": 57,
                    "template-line-number": 234,
                    "expression-node": 58,
                    "node-pos": 98
                },
                {
                    "name": "AccumDeprAmortProvisionLineItems",
                    "part": "7",
                    "replacement-node": 59,
                    "template-line-number": 241,
                    "expression-node": 60,
                    "node-pos": 101
                }
            ]
        },
        "rule-5": [
            {
                "template-line-number": 52,
                "html": true,
                "node-pos": 27,
                "part": null,
                "replacement-node": 12
            }
        ],
        "rule-15": [
            {
                "template-line-number": 267,
                "node-pos": 113,
                "part": null,
                "replacement-node": 67
            }
        ],
        "rule-3": [
            {
                "template-line-number": 34,
                "node-pos": 18,
                "part": null,
                "replacement-node": 6
            }
        ],
        "rule-12": [
            {
                "template-line-number": 104,
                "html": true,
                "node-pos": 59,
                "part": null,
                "replacement-node": 33
            }
        ],
        "rule-6": [
            {
                "template-line-number": 63,
                "node-pos": 32,
                "part": null,
                "replacement-node": 15
            }
        ],
        "rule-11": [
            {
                "template-line-number": 93,
                "node-pos": 54,
                "part": null,
                "replacement-node": 30
            }
        ],
        "rule-10": [
            {
                "template-line-number": 83,
                "expression-node": 28,
                "node-pos": 48,
                "part": null,
                "replacement-node": 27
            }
        ],
        "rule-14": [
            {
                "template-line-number": 258,
                "node-pos": 109,
                "part": null,
                "replacement-node": 64
            }
        ],
        "rule-13": [
            {
                "template-line-number": 252,
                "expression-node": 62,
                "node-pos": 105,
                "part": null,
                "replacement-node": 61
            }
        ],
        "rule-9": [
            {
                "template-line-number": 78,
                "expression-node": 25,
                "node-pos": 44,
                "part": null,
                "replacement-node": 24
            }
        ],
        "rule-2": [
            {
                "template-line-number": 28,
                "expression-node": 4,
                "node-pos": 14,
                "part": null,
                "replacement-node": 3
            }
        ],
        "rule-17": {
            "name": "ColumnHeadings",
            "subs": [
                {
                    "extras": {},
                    "name": "ColumnHeadings",
                    "part": "1",
                    "replacement-node": 37,
                    "template-line-number": 129,
                    "node-pos": 69
                },
                {
                    "extras": {},
                    "name": "ColumnHeadings",
                    "part": "2",
                    "replacement-node": 40,
                    "template-line-number": 136,
                    "node-pos": 73
                }
            ]
        },
        "rule-8": [
            {
                "template-line-number": 73,
                "node-pos": 40,
                "part": null,
                "replacement-node": 21
            }
        ],
        "rule-4": [
            {
                "template-line-number": 40,
                "html": true,
                "node-pos": 22,
                "part": null,
                "replacement-node": 9
            }
        ]
    },
    "line-numbers": {
        "AccumDeprAmortProvisionLineItems": [
            {
                "line-number-node": 44,
                "template-line-number": 185,
                "start-number": 1
            }
        ]
    }
}