{
    "line-numbers": {},
    "substitutions": {
        "rule-18": {
            "name": "REHeadings",
            "subs": [
                {
                    "node-pos": 78,
                    "part": "1",
                    "replacement-node": 38,
                    "name": "REHeadings",
                    "extras": {},
                    "template-line-number": 145
                },
                {
                    "node-pos": 82,
                    "part": "2",
                    "replacement-node": 41,
                    "name": "REHeadings",
                    "extras": {},
                    "template-line-number": 153
                }
            ]
        },
        "rule-14": [
            {
                "template-line-number": 443,
                "part": null,
                "replacement-node": 69,
                "expression-node": 70,
                "node-pos": 121
            }
        ],
        "rule-8": [
            {
                "template-line-number": 75,
                "part": null,
                "replacement-node": 19,
                "expression-node": 20,
                "node-pos": 36
            }
        ],
        "rule-3": [
            {
                "template-line-number": 35,
                "part": null,
                "replacement-node": 4,
                "expression-node": 5,
                "node-pos": 14
            }
        ],
        "rule-5": [
            {
                "html": true,
                "template-line-number": 47,
                "part": null,
                "replacement-node": 10,
                "node-pos": 22
            }
        ],
        "rule-7": [
            {
                "template-line-number": 70,
                "part": null,
                "replacement-node": 16,
                "node-pos": 32
            }
        ],
        "rule-6": [
            {
                "html": true,
                "template-line-number": 59,
                "part": null,
                "replacement-node": 13,
                "node-pos": 27
            }
        ],
        "rule-13": [
            {
                "html": true,
                "template-line-number": 111,
                "part": null,
                "replacement-node": 34,
                "node-pos": 60
            }
        ],
        "rule-12": [
            {
                "template-line-number": 100,
                "part": null,
                "replacement-node": 31,
                "node-pos": 55
            }
        ],
        "rule-17": {
            "name": "CFLineItems",
            "subs": [
                {
                    "node-pos": 88,
                    "part": "1",
                    "replacement-node": 45,
                    "name": "CFLineItems",
                    "extras": {},
                    "template-line-number": 368
                },
                {
                    "node-pos": 96,
                    "part": "2",
                    "replacement-node": 50,
                    "expression-node": 51,
                    "name": "CFLineItems",
                    "template-line-number": 379
                },
                {
                    "node-pos": 102,
                    "part": "4",
                    "replacement-node": 55,
                    "expression-node": 56,
                    "name": "CFLineItems",
                    "template-line-number": 390
                },
                {
                    "node-pos": 107,
                    "part": "4",
                    "replacement-node": 59,
                    "expression-node": 60,
                    "name": "CFLineItems",
                    "template-line-number": 401
                },
                {
                    "node-pos": 113,
                    "part": "5",
                    "replacement-node": 64,
                    "expression-node": 65,
                    "name": "CFLineItems",
                    "template-line-number": 418
                },
                {
                    "node-pos": 94,
                    "part": "6",
                    "replacement-node": 48,
                    "name": "CFLineItems",
                    "extras": {},
                    "template-line-number": 375
                }
            ]
        },
        "rule-11": [
            {
                "template-line-number": 90,
                "part": null,
                "replacement-node": 28,
                "expression-node": 29,
                "node-pos": 49
            }
        ],
        "rule-15": [
            {
                "template-line-number": 450,
                "part": null,
                "replacement-node": 72,
                "node-pos": 125
            }
        ],
        "rule-2": [
            {
                "template-line-number": 30,
                "part": null,
                "replacement-node": 1,
                "node-pos": 10
            }
        ],
        "rule-16": [
            {
                "template-line-number": 460,
                "part": null,
                "replacement-node": 75,
                "node-pos": 129
            }
        ],
        "rule-4": [
            {
                "template-line-number": 41,
                "part": null,
                "replacement-node": 7,
                "node-pos": 18
            }
        ],
        "rule-9": [
            {
                "template-line-number": 80,
                "part": null,
                "replacement-node": 22,
                "node-pos": 40
            }
        ],
        "rule-10": [
            {
                "template-line-number": 85,
                "part": null,
                "replacement-node": 25,
                "expression-node": 26,
                "node-pos": 45
            }
        ]
    },
    "showifs": {
        "rule-1": {
            "template-line-number": 17,
            "type": "showif"
        }
    }
}