{
    "substitutions": {
        "rule-9": [
            {
                "part": null,
                "template-line-number": 75,
                "replacement-node": 22,
                "node-pos": 40
            }
        ],
        "rule-17": {
            "name": "BSLineItems",
            "subs": [
                {
                    "part": "1",
                    "extras": {},
                    "template-line-number": 180,
                    "replacement-node": 45,
                    "name": "BSLineItems",
                    "node-pos": 84
                },
                {
                    "part": "2",
                    "extras": {},
                    "template-line-number": 191,
                    "replacement-node": 50,
                    "name": "BSLineItems",
                    "node-pos": 92
                },
                {
                    "part": "4",
                    "expression-node": 55,
                    "template-line-number": 200,
                    "replacement-node": 54,
                    "name": "BSLineItems",
                    "node-pos": 97
                },
                {
                    "part": "5",
                    "extras": {},
                    "template-line-number": 187,
                    "replacement-node": 48,
                    "name": "BSLineItems",
                    "node-pos": 90
                }
            ]
        },
        "rule-2": [
            {
                "part": null,
                "template-line-number": 27,
                "replacement-node": 1,
                "node-pos": 10
            }
        ],
        "rule-13": [
            {
                "part": null,
                "template-line-number": 109,
                "replacement-node": 34,
                "html": true,
                "node-pos": 64
            }
        ],
        "rule-11": [
            {
                "part": null,
                "expression-node": 29,
                "replacement-node": 28,
                "node-pos": 48,
                "template-line-number": 84
            }
        ],
        "rule-7": [
            {
                "part": null,
                "template-line-number": 66,
                "replacement-node": 16,
                "node-pos": 32
            }
        ],
        "rule-18": {
            "name": "ColumnHeadings",
            "subs": [
                {
                    "part": "1",
                    "extras": {},
                    "template-line-number": 142,
                    "replacement-node": 38,
                    "name": "ColumnHeadings",
                    "node-pos": 74
                },
                {
                    "part": "2",
                    "extras": {},
                    "template-line-number": 149,
                    "replacement-node": 41,
                    "name": "ColumnHeadings",
                    "node-pos": 78
                }
            ]
        },
        "rule-6": [
            {
                "part": null,
                "template-line-number": 55,
                "replacement-node": 13,
                "html": true,
                "node-pos": 27
            }
        ],
        "rule-5": [
            {
                "part": null,
                "template-line-number": 43,
                "replacement-node": 10,
                "html": true,
                "node-pos": 22
            }
        ],
        "rule-3": [
            {
                "part": null,
                "expression-node": 5,
                "replacement-node": 4,
                "node-pos": 14,
                "template-line-number": 31
            }
        ],
        "rule-4": [
            {
                "part": null,
                "template-line-number": 37,
                "replacement-node": 7,
                "node-pos": 18
            }
        ],
        "rule-15": [
            {
                "part": null,
                "template-line-number": 216,
                "replacement-node": 60,
                "node-pos": 107
            }
        ],
        "rule-14": [
            {
                "part": null,
                "expression-node": 58,
                "replacement-node": 57,
                "node-pos": 103,
                "template-line-number": 211
            }
        ],
        "rule-16": [
            {
                "part": null,
                "template-line-number": 225,
                "replacement-node": 63,
                "node-pos": 111
            }
        ],
        "rule-10": [
            {
                "part": null,
                "expression-node": 26,
                "replacement-node": 25,
                "node-pos": 44,
                "template-line-number": 79
            }
        ],
        "rule-8": [
            {
                "part": null,
                "expression-node": 20,
                "replacement-node": 19,
                "node-pos": 36,
                "template-line-number": 70
            }
        ],
        "rule-12": [
            {
                "part": null,
                "template-line-number": 98,
                "replacement-node": 31,
                "node-pos": 59
            }
        ]
    },
    "line-numbers": {},
    "showifs": {
        "rule-1": {
            "type": "showif",
            "template-line-number": 17
        }
    }
}