{
    "substitutions": {
        "rule-12": [
            {
                "node-pos": 63,
                "replacement-node": 33,
                "template-line-number": 103,
                "html": true,
                "part": null
            }
        ],
        "rule-6": [
            {
                "node-pos": 31,
                "replacement-node": 15,
                "template-line-number": 60,
                "part": null
            }
        ],
        "rule-5": [
            {
                "node-pos": 26,
                "replacement-node": 12,
                "template-line-number": 49,
                "html": true,
                "part": null
            }
        ],
        "rule-13": [
            {
                "node-pos": 102,
                "replacement-node": 56,
                "template-line-number": 205,
                "part": null,
                "expression-node": 57
            }
        ],
        "rule-9": [
            {
                "node-pos": 43,
                "replacement-node": 24,
                "template-line-number": 73,
                "part": null,
                "expression-node": 25
            }
        ],
        "rule-17": {
            "name": "BSLineItems",
            "subs": [
                {
                    "node-pos": 83,
                    "extras": {},
                    "replacement-node": 44,
                    "template-line-number": 174,
                    "part": "1",
                    "name": "BSLineItems"
                },
                {
                    "node-pos": 91,
                    "extras": {},
                    "replacement-node": 49,
                    "template-line-number": 185,
                    "part": "2",
                    "name": "BSLineItems"
                },
                {
                    "node-pos": 96,
                    "name": "BSLineItems",
                    "replacement-node": 53,
                    "template-line-number": 194,
                    "expression-node": 54,
                    "part": "4"
                },
                {
                    "node-pos": 89,
                    "extras": {},
                    "replacement-node": 47,
                    "template-line-number": 181,
                    "part": "5",
                    "name": "BSLineItems"
                }
            ]
        },
        "rule-15": [
            {
                "node-pos": 110,
                "replacement-node": 62,
                "template-line-number": 219,
                "part": null
            }
        ],
        "rule-10": [
            {
                "node-pos": 47,
                "replacement-node": 27,
                "template-line-number": 78,
                "part": null,
                "expression-node": 28
            }
        ],
        "rule-11": [
            {
                "node-pos": 58,
                "replacement-node": 30,
                "template-line-number": 92,
                "part": null
            }
        ],
        "rule-7": [
            {
                "node-pos": 35,
                "replacement-node": 18,
                "template-line-number": 64,
                "part": null,
                "expression-node": 19
            }
        ],
        "rule-1": [
            {
                "node-pos": 9,
                "replacement-node": 0,
                "template-line-number": 21,
                "part": null
            }
        ],
        "rule-8": [
            {
                "node-pos": 39,
                "replacement-node": 21,
                "template-line-number": 69,
                "part": null
            }
        ],
        "rule-4": [
            {
                "node-pos": 21,
                "replacement-node": 9,
                "template-line-number": 37,
                "html": true,
                "part": null
            }
        ],
        "rule-14": [
            {
                "node-pos": 106,
                "replacement-node": 59,
                "template-line-number": 210,
                "part": null
            }
        ],
        "rule-16": {
            "name": "ColumnHeadings",
            "subs": [
                {
                    "node-pos": 73,
                    "extras": {},
                    "replacement-node": 37,
                    "template-line-number": 136,
                    "part": "1",
                    "name": "ColumnHeadings"
                },
                {
                    "node-pos": 77,
                    "extras": {},
                    "replacement-node": 40,
                    "template-line-number": 143,
                    "part": "2",
                    "name": "ColumnHeadings"
                }
            ]
        },
        "rule-2": [
            {
                "node-pos": 13,
                "replacement-node": 3,
                "template-line-number": 25,
                "part": null,
                "expression-node": 4
            }
        ],
        "rule-3": [
            {
                "node-pos": 17,
                "replacement-node": 6,
                "template-line-number": 31,
                "part": null
            }
        ]
    },
    "showifs": {},
    "line-numbers": {}
}