{
    "line-numbers": {
        "TransmissionOfElectricityForOthers": [
            {
                "start-number": 1,
                "template-line-number": 292,
                "line-number-node": 46
            }
        ]
    },
    "showifs": {},
    "substitutions": {
        "rule-10": [
            {
                "part": null,
                "expression-node": 28,
                "node-pos": 47,
                "template-line-number": 102,
                "replacement-node": 27
            }
        ],
        "rule-22": [
            {
                "part": null,
                "node-pos": 210,
                "template-line-number": 531,
                "replacement-node": 117
            }
        ],
        "rule-18": [
            {
                "part": null,
                "expression-node": 106,
                "node-pos": 192,
                "template-line-number": 488,
                "replacement-node": 105
            }
        ],
        "rule-16": [
            {
                "part": null,
                "expression-node": 100,
                "node-pos": 184,
                "template-line-number": 468,
                "replacement-node": 99
            }
        ],
        "rule-19": [
            {
                "part": null,
                "expression-node": 109,
                "node-pos": 196,
                "template-line-number": 498,
                "replacement-node": 108
            }
        ],
        "rule-8": [
            {
                "part": null,
                "node-pos": 39,
                "template-line-number": 89,
                "replacement-node": 21
            }
        ],
        "rule-15": [
            {
                "part": null,
                "expression-node": 97,
                "node-pos": 180,
                "template-line-number": 457,
                "replacement-node": 96
            }
        ],
        "rule-14": [
            {
                "part": null,
                "expression-node": 94,
                "node-pos": 176,
                "template-line-number": 447,
                "replacement-node": 93
            }
        ],
        "rule-6": [
            {
                "part": null,
                "node-pos": 31,
                "template-line-number": 75,
                "replacement-node": 15
            }
        ],
        "rule-4": [
            {
                "html": true,
                "part": null,
                "node-pos": 21,
                "template-line-number": 40,
                "replacement-node": 9
            }
        ],
        "rule-24": {
            "subs": [
                {
                    "part": "1",
                    "template-line-number": 187,
                    "extras": {},
                    "node-pos": 94,
                    "replacement-node": 39,
                    "name": "ColumnHeadings"
                },
                {
                    "part": "2",
                    "template-line-number": 195,
                    "extras": {},
                    "node-pos": 98,
                    "replacement-node": 42,
                    "name": "ColumnHeadings"
                },
                {
                    "part": "3",
                    "template-line-number": 183,
                    "extras": {},
                    "node-pos": 92,
                    "replacement-node": 37,
                    "name": "ColumnHeadings"
                }
            ],
            "name": "ColumnHeadings"
        },
        "rule-5": [
            {
                "html": true,
                "part": null,
                "node-pos": 26,
                "template-line-number": 57,
                "replacement-node": 12
            }
        ],
        "rule-20": [
            {
                "part": null,
                "expression-node": 112,
                "node-pos": 202,
                "template-line-number": 514,
                "replacement-node": 111
            }
        ],
        "rule-3": [
            {
                "part": null,
                "node-pos": 17,
                "template-line-number": 32,
                "replacement-node": 6
            }
        ],
        "rule-13": [
            {
                "part": null,
                "expression-node": 91,
                "node-pos": 172,
                "template-line-number": 437,
                "replacement-node": 90
            }
        ],
        "rule-21": [
            {
                "part": null,
                "node-pos": 206,
                "template-line-number": 521,
                "replacement-node": 114
            }
        ],
        "rule-11": [
            {
                "part": null,
                "node-pos": 53,
                "template-line-number": 115,
                "replacement-node": 30
            }
        ],
        "rule-23": {
            "subs": [
                {
                    "part": "10",
                    "name": "TransmissionOfElectricityForOthers",
                    "template-line-number": 369,
                    "node-pos": 139,
                    "expression-node": 73,
                    "replacement-node": 72
                },
                {
                    "part": "11",
                    "name": "TransmissionOfElectricityForOthers",
                    "template-line-number": 378,
                    "node-pos": 143,
                    "expression-node": 76,
                    "replacement-node": 75
                },
                {
                    "part": "12",
                    "name": "TransmissionOfElectricityForOthers",
                    "template-line-number": 388,
                    "node-pos": 147,
                    "expression-node": 79,
                    "replacement-node": 78
                },
                {
                    "part": "13",
                    "name": "TransmissionOfElectricityForOthers",
                    "template-line-number": 397,
                    "node-pos": 151,
                    "expression-node": 82,
                    "replacement-node": 81
                },
                {
                    "part": "14",
                    "name": "TransmissionOfElectricityForOthers",
                    "template-line-number": 406,
                    "node-pos": 155,
                    "expression-node": 85,
                    "replacement-node": 84
                },
                {
                    "part": "15",
                    "name": "TransmissionOfElectricityForOthers",
                    "template-line-number": 415,
                    "node-pos": 159,
                    "expression-node": 88,
                    "replacement-node": 87
                },
                {
                    "part": "2",
                    "name": "TransmissionOfElectricityForOthers",
                    "template-line-number": 297,
                    "node-pos": 107,
                    "expression-node": 49,
                    "replacement-node": 48
                },
                {
                    "part": "3",
                    "name": "TransmissionOfElectricityForOthers",
                    "template-line-number": 306,
                    "node-pos": 111,
                    "expression-node": 52,
                    "replacement-node": 51
                },
                {
                    "part": "4",
                    "name": "TransmissionOfElectricityForOthers",
                    "template-line-number": 315,
                    "node-pos": 115,
                    "expression-node": 55,
                    "replacement-node": 54
                },
                {
                    "part": "5",
                    "name": "TransmissionOfElectricityForOthers",
                    "template-line-number": 324,
                    "node-pos": 119,
                    "expression-node": 58,
                    "replacement-node": 57
                },
                {
                    "part": "6",
                    "name": "TransmissionOfElectricityForOthers",
                    "template-line-number": 333,
                    "node-pos": 123,
                    "expression-node": 61,
                    "replacement-node": 60
                },
                {
                    "part": "7",
                    "name": "TransmissionOfElectricityForOthers",
                    "template-line-number": 342,
                    "node-pos": 127,
                    "expression-node": 64,
                    "replacement-node": 63
                },
                {
                    "part": "8",
                    "name": "TransmissionOfElectricityForOthers",
                    "template-line-number": 351,
                    "node-pos": 131,
                    "expression-node": 67,
                    "replacement-node": 66
                },
                {
                    "part": "9",
                    "name": "TransmissionOfElectricityForOthers",
                    "template-line-number": 360,
                    "node-pos": 135,
                    "expression-node": 70,
                    "replacement-node": 69
                }
            ],
            "name": "TransmissionOfElectricityForOthers"
        },
        "rule-17": [
            {
                "part": null,
                "expression-node": 103,
                "node-pos": 188,
                "template-line-number": 478,
                "replacement-node": 102
            }
        ],
        "rule-1": [
            {
                "part": null,
                "node-pos": 9,
                "template-line-number": 18,
                "replacement-node": 0
            }
        ],
        "rule-7": [
            {
                "part": null,
                "expression-node": 19,
                "node-pos": 35,
                "template-line-number": 82,
                "replacement-node": 18
            }
        ],
        "rule-12": [
            {
                "html": true,
                "part": null,
                "node-pos": 58,
                "template-line-number": 126,
                "replacement-node": 33
            }
        ],
        "rule-2": [
            {
                "part": null,
                "expression-node": 4,
                "node-pos": 13,
                "template-line-number": 25,
                "replacement-node": 3
            }
        ],
        "rule-9": [
            {
                "part": null,
                "expression-node": 25,
                "node-pos": 43,
                "template-line-number": 96,
                "replacement-node": 24
            }
        ]
    }
}