{
    "substitutions": {
        "rule-1": [
            {
                "part": null,
                "replacement-node": 0,
                "template-line-number": 23,
                "node-pos": 10
            }
        ],
        "rule-2": [
            {
                "part": null,
                "replacement-node": 3,
                "expression-node": 4,
                "template-line-number": 28,
                "node-pos": 14
            }
        ],
        "rule-3": [
            {
                "part": null,
                "replacement-node": 6,
                "template-line-number": 34,
                "node-pos": 18
            }
        ],
        "rule-4": [
            {
                "part": null,
                "replacement-node": 9,
                "template-line-number": 40,
                "node-pos": 22,
                "html": true
            }
        ],
        "rule-5": [
            {
                "part": null,
                "replacement-node": 12,
                "template-line-number": 52,
                "node-pos": 27,
                "html": true
            }
        ],
        "rule-6": [
            {
                "part": null,
                "replacement-node": 15,
                "template-line-number": 63,
                "node-pos": 32
            }
        ],
        "rule-7": [
            {
                "part": null,
                "replacement-node": 18,
                "expression-node": 19,
                "template-line-number": 68,
                "node-pos": 36
            }
        ],
        "rule-8": [
            {
                "part": null,
                "replacement-node": 21,
                "template-line-number": 73,
                "node-pos": 40
            }
        ],
        "rule-9": [
            {
                "part": null,
                "replacement-node": 24,
                "expression-node": 25,
                "template-line-number": 78,
                "node-pos": 44
            }
        ],
        "rule-10": [
            {
                "part": null,
                "replacement-node": 27,
                "expression-node": 28,
                "template-line-number": 83,
                "node-pos": 48
            }
        ],
        "rule-11": [
            {
                "part": null,
                "replacement-node": 30,
                "template-line-number": 94,
                "node-pos": 54
            }
        ],
        "rule-12": [
            {
                "part": null,
                "replacement-node": 33,
                "template-line-number": 107,
                "node-pos": 59,
                "html": true
            }
        ],
        "rule-13": [
            {
                "part": null,
                "replacement-node": 45,
                "template-line-number": 167,
                "node-pos": 83
            }
        ],
        "rule-14": [
            {
                "part": null,
                "replacement-node": 48,
                "expression-node": 49,
                "template-line-number": 177,
                "node-pos": 87
            }
        ],
        "rule-15": [
            {
                "part": null,
                "replacement-node": 50,
                "expression-node": 51,
                "template-line-number": 185,
                "node-pos": 90
            }
        ],
        "rule-16": [
            {
                "part": null,
                "replacement-node": 52,
                "expression-node": 53,
                "template-line-number": 193,
                "node-pos": 93
            }
        ],
        "rule-17": [
            {
                "part": null,
                "replacement-node": 54,
                "expression-node": 55,
                "template-line-number": 201,
                "node-pos": 96
            }
        ],
        "rule-18": [
            {
                "part": null,
                "replacement-node": 56,
                "expression-node": 57,
                "template-line-number": 209,
                "node-pos": 99
            }
        ],
        "rule-19": [
            {
                "part": null,
                "replacement-node": 58,
                "template-line-number": 220,
                "node-pos": 104
            }
        ],
        "rule-20": [
            {
                "part": null,
                "replacement-node": 61,
                "expression-node": 62,
                "template-line-number": 230,
                "node-pos": 108
            }
        ],
        "rule-21": [
            {
                "part": null,
                "replacement-node": 63,
                "expression-node": 64,
                "template-line-number": 238,
                "node-pos": 111
            }
        ],
        "rule-22": [
            {
                "part": null,
                "replacement-node": 65,
                "expression-node": 66,
                "template-line-number": 246,
                "node-pos": 114
            }
        ],
        "rule-23": [
            {
                "part": null,
                "replacement-node": 67,
                "expression-node": 68,
                "template-line-number": 254,
                "node-pos": 117
            }
        ],
        "rule-24": [
            {
                "part": null,
                "replacement-node": 69,
                "expression-node": 70,
                "template-line-number": 262,
                "node-pos": 120
            }
        ],
        "rule-25": [
            {
                "part": null,
                "replacement-node": 71,
                "template-line-number": 273,
                "node-pos": 125
            }
        ],
        "rule-26": [
            {
                "part": null,
                "replacement-node": 74,
                "expression-node": 75,
                "template-line-number": 283,
                "node-pos": 129
            }
        ],
        "rule-27": [
            {
                "part": null,
                "replacement-node": 76,
                "expression-node": 77,
                "template-line-number": 291,
                "node-pos": 132
            }
        ],
        "rule-28": [
            {
                "part": null,
                "replacement-node": 78,
                "expression-node": 79,
                "template-line-number": 299,
                "node-pos": 135
            }
        ],
        "rule-29": [
            {
                "part": null,
                "replacement-node": 80,
                "expression-node": 81,
                "template-line-number": 307,
                "node-pos": 138
            }
        ],
        "rule-30": [
            {
                "part": null,
                "replacement-node": 82,
                "expression-node": 83,
                "template-line-number": 315,
                "node-pos": 141
            }
        ],
        "rule-31": [
            {
                "part": null,
                "replacement-node": 84,
                "template-line-number": 326,
                "node-pos": 146
            }
        ],
        "rule-32": [
            {
                "part": null,
                "replacement-node": 87,
                "expression-node": 88,
                "template-line-number": 336,
                "node-pos": 150
            }
        ],
        "rule-33": [
            {
                "part": null,
                "replacement-node": 89,
                "expression-node": 90,
                "template-line-number": 344,
                "node-pos": 153
            }
        ],
        "rule-34": [
            {
                "part": null,
                "replacement-node": 91,
                "expression-node": 92,
                "template-line-number": 352,
                "node-pos": 156
            }
        ],
        "rule-35": [
            {
                "part": null,
                "replacement-node": 93,
                "expression-node": 94,
                "template-line-number": 360,
                "node-pos": 159
            }
        ],
        "rule-36": [
            {
                "part": null,
                "replacement-node": 95,
                "expression-node": 96,
                "template-line-number": 368,
                "node-pos": 162
            }
        ],
        "rule-37": [
            {
                "part": null,
                "replacement-node": 97,
                "template-line-number": 379,
                "node-pos": 167
            }
        ],
        "rule-38": [
            {
                "part": null,
                "replacement-node": 100,
                "expression-node": 101,
                "template-line-number": 389,
                "node-pos": 171
            }
        ],
        "rule-39": [
            {
                "part": null,
                "replacement-node": 102,
                "expression-node": 103,
                "template-line-number": 397,
                "node-pos": 174
            }
        ],
        "rule-40": [
            {
                "part": null,
                "replacement-node": 104,
                "expression-node": 105,
                "template-line-number": 405,
                "node-pos": 177
            }
        ],
        "rule-41": [
            {
                "part": null,
                "replacement-node": 106,
                "expression-node": 107,
                "template-line-number": 413,
                "node-pos": 180
            }
        ],
        "rule-42": [
            {
                "part": null,
                "replacement-node": 108,
                "expression-node": 109,
                "template-line-number": 421,
                "node-pos": 183
            }
        ],
        "rule-43": [
            {
                "part": null,
                "replacement-node": 110,
                "template-line-number": 432,
                "node-pos": 188
            }
        ],
        "rule-44": [
            {
                "part": null,
                "replacement-node": 113,
                "expression-node": 114,
                "template-line-number": 442,
                "node-pos": 192
            }
        ],
        "rule-45": [
            {
                "part": null,
                "replacement-node": 115,
                "expression-node": 116,
                "template-line-number": 450,
                "node-pos": 195
            }
        ],
        "rule-46": [
            {
                "part": null,
                "replacement-node": 117,
                "expression-node": 118,
                "template-line-number": 458,
                "node-pos": 198
            }
        ],
        "rule-47": [
            {
                "part": null,
                "replacement-node": 119,
                "expression-node": 120,
                "template-line-number": 466,
                "node-pos": 201
            }
        ],
        "rule-48": [
            {
                "part": null,
                "replacement-node": 121,
                "expression-node": 122,
                "template-line-number": 474,
                "node-pos": 204
            }
        ],
        "rule-49": [
            {
                "part": null,
                "replacement-node": 123,
                "template-line-number": 485,
                "node-pos": 209
            }
        ],
        "rule-50": [
            {
                "part": null,
                "replacement-node": 126,
                "expression-node": 127,
                "template-line-number": 495,
                "node-pos": 213
            }
        ],
        "rule-51": [
            {
                "part": null,
                "replacement-node": 128,
                "expression-node": 129,
                "template-line-number": 503,
                "node-pos": 216
            }
        ],
        "rule-52": [
            {
                "part": null,
                "replacement-node": 130,
                "expression-node": 131,
                "template-line-number": 511,
                "node-pos": 219
            }
        ],
        "rule-53": [
            {
                "part": null,
                "replacement-node": 132,
                "expression-node": 133,
                "template-line-number": 519,
                "node-pos": 222
            }
        ],
        "rule-54": [
            {
                "part": null,
                "replacement-node": 134,
                "expression-node": 135,
                "template-line-number": 527,
                "node-pos": 225
            }
        ],
        "rule-55": [
            {
                "part": null,
                "replacement-node": 136,
                "template-line-number": 538,
                "node-pos": 230
            }
        ],
        "rule-56": [
            {
                "part": null,
                "replacement-node": 139,
                "expression-node": 140,
                "template-line-number": 548,
                "node-pos": 234
            }
        ],
        "rule-57": [
            {
                "part": null,
                "replacement-node": 141,
                "expression-node": 142,
                "template-line-number": 556,
                "node-pos": 237
            }
        ],
        "rule-58": [
            {
                "part": null,
                "replacement-node": 143,
                "expression-node": 144,
                "template-line-number": 564,
                "node-pos": 240
            }
        ],
        "rule-59": [
            {
                "part": null,
                "replacement-node": 145,
                "expression-node": 146,
                "template-line-number": 572,
                "node-pos": 243
            }
        ],
        "rule-60": [
            {
                "part": null,
                "replacement-node": 147,
                "expression-node": 148,
                "template-line-number": 580,
                "node-pos": 246
            }
        ],
        "rule-61": [
            {
                "part": null,
                "replacement-node": 149,
                "template-line-number": 592,
                "node-pos": 251
            }
        ],
        "rule-62": [
            {
                "part": null,
                "replacement-node": 152,
                "expression-node": 153,
                "template-line-number": 602,
                "node-pos": 255
            }
        ],
        "rule-63": [
            {
                "part": null,
                "replacement-node": 154,
                "expression-node": 155,
                "template-line-number": 610,
                "node-pos": 258
            }
        ],
        "rule-64": [
            {
                "part": null,
                "replacement-node": 156,
                "expression-node": 157,
                "template-line-number": 618,
                "node-pos": 261
            }
        ],
        "rule-65": [
            {
                "part": null,
                "replacement-node": 158,
                "expression-node": 159,
                "template-line-number": 626,
                "node-pos": 264
            }
        ],
        "rule-66": [
            {
                "part": null,
                "replacement-node": 160,
                "expression-node": 161,
                "template-line-number": 634,
                "node-pos": 267
            }
        ],
        "rule-67": [
            {
                "part": null,
                "replacement-node": 162,
                "template-line-number": 645,
                "node-pos": 272
            }
        ],
        "rule-68": [
            {
                "part": null,
                "replacement-node": 165,
                "expression-node": 166,
                "template-line-number": 655,
                "node-pos": 276
            }
        ],
        "rule-69": [
            {
                "part": null,
                "replacement-node": 167,
                "expression-node": 168,
                "template-line-number": 663,
                "node-pos": 279
            }
        ],
        "rule-70": [
            {
                "part": null,
                "replacement-node": 169,
                "expression-node": 170,
                "template-line-number": 671,
                "node-pos": 282
            }
        ],
        "rule-71": [
            {
                "part": null,
                "replacement-node": 171,
                "expression-node": 172,
                "template-line-number": 679,
                "node-pos": 285
            }
        ],
        "rule-72": [
            {
                "part": null,
                "replacement-node": 173,
                "expression-node": 174,
                "template-line-number": 687,
                "node-pos": 288
            }
        ],
        "rule-73": [
            {
                "part": null,
                "replacement-node": 175,
                "template-line-number": 699,
                "node-pos": 293
            }
        ],
        "rule-74": [
            {
                "part": null,
                "replacement-node": 178,
                "expression-node": 179,
                "template-line-number": 709,
                "node-pos": 297
            }
        ],
        "rule-75": [
            {
                "part": null,
                "replacement-node": 181,
                "expression-node": 182,
                "template-line-number": 719,
                "node-pos": 301
            }
        ],
        "rule-76": [
            {
                "part": null,
                "replacement-node": 184,
                "expression-node": 185,
                "template-line-number": 729,
                "node-pos": 305
            }
        ],
        "rule-77": [
            {
                "part": null,
                "replacement-node": 187,
                "expression-node": 188,
                "template-line-number": 739,
                "node-pos": 309
            }
        ],
        "rule-78": [
            {
                "part": null,
                "replacement-node": 190,
                "expression-node": 191,
                "template-line-number": 749,
                "node-pos": 313
            }
        ],
        "rule-79": [
            {
                "part": null,
                "replacement-node": 193,
                "expression-node": 194,
                "template-line-number": 768,
                "node-pos": 319
            }
        ],
        "rule-80": [
            {
                "part": null,
                "replacement-node": 196,
                "template-line-number": 775,
                "node-pos": 323
            }
        ],
        "rule-81": [
            {
                "part": null,
                "replacement-node": 199,
                "template-line-number": 785,
                "node-pos": 327
            }
        ],
        "rule-82": {
            "name": "DepreciationOfPlantHeadings",
            "subs": [
                {
                    "name": "DepreciationOfPlantHeadings",
                    "part": "1",
                    "replacement-node": 39,
                    "template-line-number": 147,
                    "extras": {},
                    "node-pos": 73
                },
                {
                    "name": "DepreciationOfPlantHeadings",
                    "part": "2",
                    "replacement-node": 42,
                    "template-line-number": 155,
                    "extras": {},
                    "node-pos": 77
                },
                {
                    "name": "DepreciationOfPlantHeadings",
                    "part": "3",
                    "replacement-node": 37,
                    "template-line-number": 143,
                    "extras": {},
                    "node-pos": 71
                }
            ]
        }
    },
    "line-numbers": {},
    "showifs": {},
    "footnotes": {},
    "standard-rules": [
        "rule-1",
        "rule-2",
        "rule-3",
        "rule-4",
        "rule-5",
        "rule-6",
        "rule-7",
        "rule-8",
        "rule-9",
        "rule-10",
        "rule-11",
        "rule-12",
        "rule-13",
        "rule-14",
        "rule-15",
        "rule-16",
        "rule-17",
        "rule-18",
        "rule-19",
        "rule-20",
        "rule-21",
        "rule-22",
        "rule-23",
        "rule-24",
        "rule-25",
        "rule-26",
        "rule-27",
        "rule-28",
        "rule-29",
        "rule-30",
        "rule-31",
        "rule-32",
        "rule-33",
        "rule-34",
        "rule-35",
        "rule-36",
        "rule-37",
        "rule-38",
        "rule-39",
        "rule-40",
        "rule-41",
        "rule-42",
        "rule-43",
        "rule-44",
        "rule-45",
        "rule-46",
        "rule-47",
        "rule-48",
        "rule-49",
        "rule-50",
        "rule-51",
        "rule-52",
        "rule-53",
        "rule-54",
        "rule-55",
        "rule-56",
        "rule-57",
        "rule-58",
        "rule-59",
        "rule-60",
        "rule-61",
        "rule-62",
        "rule-63",
        "rule-64",
        "rule-65",
        "rule-66",
        "rule-67",
        "rule-68",
        "rule-69",
        "rule-70",
        "rule-71",
        "rule-72",
        "rule-73",
        "rule-74",
        "rule-75",
        "rule-76",
        "rule-77",
        "rule-78",
        "rule-79",
        "rule-80",
        "rule-81",
        "rule-82"
    ],
    "footnote-rules": []
}