{
    "substitutions": {
        "rule-16": {
            "name": "AOCIHeadings",
            "subs": [
                {
                    "extras": {},
                    "name": "AOCIHeadings",
                    "node-pos": 69,
                    "part": "1",
                    "replacement-node": 36,
                    "template-line-number": 130
                },
                {
                    "extras": {},
                    "name": "AOCIHeadings",
                    "node-pos": 73,
                    "part": "2",
                    "replacement-node": 39,
                    "template-line-number": 137
                }
            ]
        },
        "rule-1": [
            {
                "replacement-node": 0,
                "node-pos": 9,
                "template-line-number": 21,
                "part": null
            }
        ],
        "rule-5": [
            {
                "replacement-node": 12,
                "html": true,
                "node-pos": 26,
                "template-line-number": 50,
                "part": null
            }
        ],
        "rule-7": [
            {
                "replacement-node": 18,
                "node-pos": 35,
                "expression-node": 19,
                "part": null,
                "template-line-number": 66
            }
        ],
        "rule-4": [
            {
                "replacement-node": 9,
                "html": true,
                "node-pos": 21,
                "template-line-number": 38,
                "part": null
            }
        ],
        "rule-3": [
            {
                "replacement-node": 6,
                "node-pos": 17,
                "template-line-number": 32,
                "part": null
            }
        ],
        "rule-10": [
            {
                "replacement-node": 27,
                "node-pos": 47,
                "expression-node": 28,
                "part": null,
                "template-line-number": 81
            }
        ],
        "rule-9": [
            {
                "replacement-node": 24,
                "node-pos": 43,
                "expression-node": 25,
                "part": null,
                "template-line-number": 76
            }
        ],
        "rule-8": [
            {
                "replacement-node": 21,
                "node-pos": 39,
                "template-line-number": 71,
                "part": null
            }
        ],
        "rule-11": [
            {
                "replacement-node": 30,
                "node-pos": 53,
                "template-line-number": 94,
                "part": null
            }
        ],
        "rule-15": [
            {
                "replacement-node": 84,
                "node-pos": 135,
                "template-line-number": 406,
                "part": null
            }
        ],
        "rule-12": [
            {
                "replacement-node": 33,
                "html": true,
                "node-pos": 58,
                "template-line-number": 105,
                "part": null
            }
        ],
        "rule-14": [
            {
                "replacement-node": 81,
                "node-pos": 131,
                "template-line-number": 396,
                "part": null
            }
        ],
        "rule-2": [
            {
                "replacement-node": 3,
                "node-pos": 13,
                "expression-node": 4,
                "part": null,
                "template-line-number": 26
            }
        ],
        "rule-13": [
            {
                "replacement-node": 78,
                "node-pos": 127,
                "expression-node": 79,
                "part": null,
                "template-line-number": 389
            }
        ],
        "rule-6": [
            {
                "replacement-node": 15,
                "node-pos": 31,
                "template-line-number": 61,
                "part": null
            }
        ],
        "rule-17": {
            "name": "movement_prior",
            "subs": [
                {
                    "name": "movement_prior",
                    "node-pos": 115,
                    "expression-node": 71,
                    "part": "10",
                    "replacement-node": 70,
                    "template-line-number": 363
                },
                {
                    "name": "movement_prior",
                    "node-pos": 120,
                    "expression-node": 75,
                    "part": "11",
                    "replacement-node": 74,
                    "template-line-number": 373
                },
                {
                    "extras": {},
                    "name": "movement_prior",
                    "node-pos": 83,
                    "part": "2",
                    "replacement-node": 46,
                    "template-line-number": 321
                },
                {
                    "name": "movement_prior",
                    "node-pos": 87,
                    "expression-node": 50,
                    "part": "3",
                    "replacement-node": 49,
                    "template-line-number": 326
                },
                {
                    "name": "movement_prior",
                    "node-pos": 91,
                    "expression-node": 53,
                    "part": "4",
                    "replacement-node": 52,
                    "template-line-number": 331
                },
                {
                    "name": "movement_prior",
                    "node-pos": 95,
                    "expression-node": 56,
                    "part": "5",
                    "replacement-node": 55,
                    "template-line-number": 336
                },
                {
                    "name": "movement_prior",
                    "node-pos": 99,
                    "expression-node": 59,
                    "part": "6",
                    "replacement-node": 58,
                    "template-line-number": 341
                },
                {
                    "name": "movement_prior",
                    "node-pos": 103,
                    "expression-node": 62,
                    "part": "7",
                    "replacement-node": 61,
                    "template-line-number": 346
                },
                {
                    "name": "movement_prior",
                    "node-pos": 107,
                    "expression-node": 65,
                    "part": "8",
                    "replacement-node": 64,
                    "template-line-number": 351
                },
                {
                    "name": "movement_prior",
                    "node-pos": 111,
                    "expression-node": 68,
                    "part": "9",
                    "replacement-node": 67,
                    "template-line-number": 356
                }
            ]
        }
    },
    "showifs": {},
    "line-numbers": {
        "movement_prior": [
            {
                "start-number": 1,
                "line-number-node": 43,
                "template-line-number": 318
            }
        ]
    }
}