{
    "line-numbers": {},
    "showifs": {
        "rule-1": {
            "template-line-number": 17,
            "type": "showif"
        }
    },
    "substitutions": {
        "rule-11": [
            {
                "node-pos": 49,
                "replacement-node": 28,
                "template-line-number": 90,
                "expression-node": 29,
                "part": null
            }
        ],
        "rule-14": [
            {
                "node-pos": 121,
                "replacement-node": 69,
                "template-line-number": 443,
                "expression-node": 70,
                "part": null
            }
        ],
        "rule-17": {
            "name": "CFLineItems",
            "subs": [
                {
                    "extras": {},
                    "node-pos": 88,
                    "replacement-node": 45,
                    "template-line-number": 368,
                    "name": "CFLineItems",
                    "part": "1"
                },
                {
                    "node-pos": 96,
                    "replacement-node": 50,
                    "template-line-number": 379,
                    "name": "CFLineItems",
                    "expression-node": 51,
                    "part": "2"
                },
                {
                    "node-pos": 102,
                    "replacement-node": 55,
                    "template-line-number": 390,
                    "name": "CFLineItems",
                    "expression-node": 56,
                    "part": "4"
                },
                {
                    "node-pos": 107,
                    "replacement-node": 59,
                    "template-line-number": 401,
                    "name": "CFLineItems",
                    "expression-node": 60,
                    "part": "4"
                },
                {
                    "node-pos": 113,
                    "replacement-node": 64,
                    "template-line-number": 418,
                    "name": "CFLineItems",
                    "expression-node": 65,
                    "part": "5"
                },
                {
                    "extras": {},
                    "node-pos": 94,
                    "replacement-node": 48,
                    "template-line-number": 375,
                    "name": "CFLineItems",
                    "part": "6"
                }
            ]
        },
        "rule-10": [
            {
                "node-pos": 45,
                "replacement-node": 25,
                "template-line-number": 85,
                "expression-node": 26,
                "part": null
            }
        ],
        "rule-13": [
            {
                "node-pos": 60,
                "html": true,
                "replacement-node": 34,
                "template-line-number": 111,
                "part": null
            }
        ],
        "rule-18": {
            "name": "REHeadings",
            "subs": [
                {
                    "extras": {},
                    "node-pos": 78,
                    "replacement-node": 38,
                    "template-line-number": 145,
                    "name": "REHeadings",
                    "part": "1"
                },
                {
                    "extras": {},
                    "node-pos": 82,
                    "replacement-node": 41,
                    "template-line-number": 153,
                    "name": "REHeadings",
                    "part": "2"
                }
            ]
        },
        "rule-2": [
            {
                "node-pos": 10,
                "replacement-node": 1,
                "template-line-number": 30,
                "part": null
            }
        ],
        "rule-6": [
            {
                "node-pos": 27,
                "html": true,
                "replacement-node": 13,
                "template-line-number": 59,
                "part": null
            }
        ],
        "rule-12": [
            {
                "node-pos": 55,
                "replacement-node": 31,
                "template-line-number": 100,
                "part": null
            }
        ],
        "rule-4": [
            {
                "node-pos": 18,
                "replacement-node": 7,
                "template-line-number": 41,
                "part": null
            }
        ],
        "rule-9": [
            {
                "node-pos": 40,
                "replacement-node": 22,
                "template-line-number": 80,
                "part": null
            }
        ],
        "rule-3": [
            {
                "node-pos": 14,
                "replacement-node": 4,
                "template-line-number": 35,
                "expression-node": 5,
                "part": null
            }
        ],
        "rule-5": [
            {
                "node-pos": 22,
                "html": true,
                "replacement-node": 10,
                "template-line-number": 47,
                "part": null
            }
        ],
        "rule-16": [
            {
                "node-pos": 129,
                "replacement-node": 75,
                "template-line-number": 460,
                "part": null
            }
        ],
        "rule-15": [
            {
                "node-pos": 125,
                "replacement-node": 72,
                "template-line-number": 450,
                "part": null
            }
        ],
        "rule-8": [
            {
                "node-pos": 36,
                "replacement-node": 19,
                "template-line-number": 75,
                "expression-node": 20,
                "part": null
            }
        ],
        "rule-7": [
            {
                "node-pos": 32,
                "replacement-node": 16,
                "template-line-number": 70,
                "part": null
            }
        ]
    }
}