{
    "substitutions": {
        "rule-10": [
            {
                "replacement-node": 25,
                "template-line-number": 83,
                "part": null,
                "node-pos": 45,
                "expression-node": 26
            }
        ],
        "rule-8": [
            {
                "replacement-node": 19,
                "template-line-number": 73,
                "part": null,
                "node-pos": 37,
                "expression-node": 20
            }
        ],
        "rule-4": [
            {
                "replacement-node": 7,
                "template-line-number": 39,
                "part": null,
                "node-pos": 19
            }
        ],
        "rule-9": [
            {
                "replacement-node": 22,
                "template-line-number": 78,
                "part": null,
                "node-pos": 41
            }
        ],
        "rule-12": [
            {
                "replacement-node": 31,
                "template-line-number": 98,
                "part": null,
                "node-pos": 55
            }
        ],
        "rule-13": [
            {
                "replacement-node": 34,
                "template-line-number": 109,
                "part": null,
                "html": true,
                "node-pos": 60
            }
        ],
        "rule-18": {
            "name": "ExpenseAccountsLineItems",
            "subs": [
                {
                    "name": "ExpenseAccountsLineItems",
                    "part": "1",
                    "node-pos": 85,
                    "extras": {},
                    "replacement-node": 45,
                    "template-line-number": 213
                },
                {
                    "name": "ExpenseAccountsLineItems",
                    "part": "10",
                    "node-pos": 122,
                    "expression-node": 73,
                    "replacement-node": 72,
                    "template-line-number": 270
                },
                {
                    "name": "ExpenseAccountsLineItems",
                    "part": "11",
                    "node-pos": 126,
                    "expression-node": 76,
                    "replacement-node": 75,
                    "template-line-number": 276
                },
                {
                    "name": "ExpenseAccountsLineItems",
                    "part": "2",
                    "node-pos": 93,
                    "extras": {},
                    "replacement-node": 50,
                    "template-line-number": 224
                },
                {
                    "name": "ExpenseAccountsLineItems",
                    "part": "4",
                    "node-pos": 98,
                    "expression-node": 55,
                    "replacement-node": 54,
                    "template-line-number": 234
                },
                {
                    "name": "ExpenseAccountsLineItems",
                    "part": "5",
                    "node-pos": 102,
                    "expression-node": 58,
                    "replacement-node": 57,
                    "template-line-number": 240
                },
                {
                    "name": "ExpenseAccountsLineItems",
                    "part": "6",
                    "node-pos": 91,
                    "extras": {},
                    "replacement-node": 48,
                    "template-line-number": 220
                },
                {
                    "name": "ExpenseAccountsLineItems",
                    "part": "6",
                    "node-pos": 106,
                    "expression-node": 61,
                    "replacement-node": 60,
                    "template-line-number": 246
                },
                {
                    "name": "ExpenseAccountsLineItems",
                    "part": "7",
                    "node-pos": 110,
                    "expression-node": 64,
                    "replacement-node": 63,
                    "template-line-number": 252
                },
                {
                    "name": "ExpenseAccountsLineItems",
                    "part": "8",
                    "node-pos": 114,
                    "expression-node": 67,
                    "replacement-node": 66,
                    "template-line-number": 258
                },
                {
                    "name": "ExpenseAccountsLineItems",
                    "part": "9",
                    "node-pos": 118,
                    "expression-node": 70,
                    "replacement-node": 69,
                    "template-line-number": 264
                }
            ]
        },
        "rule-6": [
            {
                "replacement-node": 13,
                "template-line-number": 57,
                "part": null,
                "html": true,
                "node-pos": 28
            }
        ],
        "rule-14": [
            {
                "replacement-node": 78,
                "template-line-number": 287,
                "part": null,
                "node-pos": 132,
                "expression-node": 79
            }
        ],
        "rule-2": [
            {
                "replacement-node": 1,
                "template-line-number": 28,
                "part": null,
                "node-pos": 11
            }
        ],
        "rule-7": [
            {
                "replacement-node": 16,
                "template-line-number": 68,
                "part": null,
                "node-pos": 33
            }
        ],
        "rule-5": [
            {
                "replacement-node": 10,
                "template-line-number": 45,
                "part": null,
                "html": true,
                "node-pos": 23
            }
        ],
        "rule-17": {
            "name": "ExpenseAccountsHeadings",
            "subs": [
                {
                    "name": "ExpenseAccountsHeadings",
                    "part": "1",
                    "node-pos": 75,
                    "extras": {},
                    "replacement-node": 38,
                    "template-line-number": 139
                },
                {
                    "name": "ExpenseAccountsHeadings",
                    "part": "2",
                    "node-pos": 79,
                    "extras": {},
                    "replacement-node": 41,
                    "template-line-number": 146
                }
            ]
        },
        "rule-11": [
            {
                "replacement-node": 28,
                "template-line-number": 88,
                "part": null,
                "node-pos": 49,
                "expression-node": 29
            }
        ],
        "rule-16": [
            {
                "replacement-node": 84,
                "template-line-number": 301,
                "part": null,
                "node-pos": 140
            }
        ],
        "rule-3": [
            {
                "replacement-node": 4,
                "template-line-number": 33,
                "part": null,
                "node-pos": 15,
                "expression-node": 5
            }
        ],
        "rule-15": [
            {
                "replacement-node": 81,
                "template-line-number": 292,
                "part": null,
                "node-pos": 136
            }
        ]
    },
    "showifs": {
        "rule-1": {
            "template-line-number": 18,
            "type": "showif"
        }
    },
    "line-numbers": {}
}