{
    "line-numbers": {
        "GasPlantInServiceLineItems": [
            {
                "template-line-number": 199,
                "start-number": 1,
                "line-number-node": 45
            }
        ]
    },
    "substitutions": {
        "rule-3": [
            {
                "part": null,
                "replacement-node": 4,
                "expression-node": 5,
                "node-pos": 14,
                "template-line-number": 32
            }
        ],
        "rule-11": [
            {
                "part": null,
                "replacement-node": 28,
                "expression-node": 29,
                "node-pos": 48,
                "template-line-number": 87
            }
        ],
        "rule-6": [
            {
                "part": null,
                "replacement-node": 13,
                "node-pos": 27,
                "html": true,
                "template-line-number": 56
            }
        ],
        "rule-5": [
            {
                "part": null,
                "replacement-node": 10,
                "node-pos": 22,
                "html": true,
                "template-line-number": 44
            }
        ],
        "rule-14": [
            {
                "part": null,
                "replacement-node": 73,
                "expression-node": 74,
                "node-pos": 126,
                "template-line-number": 275
            }
        ],
        "rule-17": {
            "name": "GasPlantInServiceHeadings",
            "subs": [
                {
                    "name": "GasPlantInServiceHeadings",
                    "replacement-node": 38,
                    "extras": {},
                    "template-line-number": 141,
                    "part": "1",
                    "node-pos": 76
                },
                {
                    "name": "GasPlantInServiceHeadings",
                    "replacement-node": 41,
                    "extras": {},
                    "template-line-number": 148,
                    "part": "2",
                    "node-pos": 80
                }
            ]
        },
        "rule-18": {
            "name": "GasPlantInServiceLineItems",
            "subs": [
                {
                    "name": "GasPlantInServiceLineItems",
                    "replacement-node": 50,
                    "extras": {},
                    "template-line-number": 214,
                    "part": "2",
                    "node-pos": 94
                },
                {
                    "name": "GasPlantInServiceLineItems",
                    "replacement-node": 55,
                    "expression-node": 56,
                    "template-line-number": 225,
                    "part": "2",
                    "node-pos": 100
                },
                {
                    "name": "GasPlantInServiceLineItems",
                    "replacement-node": 58,
                    "expression-node": 59,
                    "template-line-number": 233,
                    "part": "3",
                    "node-pos": 104
                },
                {
                    "name": "GasPlantInServiceLineItems",
                    "replacement-node": 61,
                    "expression-node": 62,
                    "template-line-number": 241,
                    "part": "4",
                    "node-pos": 108
                },
                {
                    "name": "GasPlantInServiceLineItems",
                    "replacement-node": 64,
                    "expression-node": 65,
                    "template-line-number": 249,
                    "part": "5",
                    "node-pos": 112
                },
                {
                    "name": "GasPlantInServiceLineItems",
                    "replacement-node": 48,
                    "extras": {},
                    "template-line-number": 210,
                    "part": "6",
                    "node-pos": 92
                },
                {
                    "name": "GasPlantInServiceLineItems",
                    "replacement-node": 67,
                    "expression-node": 68,
                    "template-line-number": 257,
                    "part": "6",
                    "node-pos": 116
                },
                {
                    "name": "GasPlantInServiceLineItems",
                    "replacement-node": 70,
                    "expression-node": 71,
                    "template-line-number": 265,
                    "part": "7",
                    "node-pos": 120
                }
            ]
        },
        "rule-2": [
            {
                "part": null,
                "replacement-node": 1,
                "node-pos": 10,
                "template-line-number": 27
            }
        ],
        "rule-4": [
            {
                "part": null,
                "replacement-node": 7,
                "node-pos": 18,
                "template-line-number": 38
            }
        ],
        "rule-10": [
            {
                "part": null,
                "replacement-node": 25,
                "expression-node": 26,
                "node-pos": 44,
                "template-line-number": 82
            }
        ],
        "rule-7": [
            {
                "part": null,
                "replacement-node": 16,
                "node-pos": 32,
                "template-line-number": 67
            }
        ],
        "rule-9": [
            {
                "part": null,
                "replacement-node": 22,
                "node-pos": 40,
                "template-line-number": 77
            }
        ],
        "rule-13": [
            {
                "part": null,
                "replacement-node": 34,
                "node-pos": 59,
                "html": true,
                "template-line-number": 109
            }
        ],
        "rule-16": [
            {
                "part": null,
                "replacement-node": 79,
                "node-pos": 134,
                "template-line-number": 290
            }
        ],
        "rule-12": [
            {
                "part": null,
                "replacement-node": 31,
                "node-pos": 54,
                "template-line-number": 98
            }
        ],
        "rule-8": [
            {
                "part": null,
                "replacement-node": 19,
                "expression-node": 20,
                "node-pos": 36,
                "template-line-number": 72
            }
        ],
        "rule-15": [
            {
                "part": null,
                "replacement-node": 76,
                "node-pos": 130,
                "template-line-number": 280
            }
        ]
    },
    "showifs": {
        "rule-1": {
            "template-line-number": 17,
            "type": "showif"
        }
    }
}