{
    "line-numbers": {
        "GasPlantInServiceLineItems": [
            {
                "line-number-node": 44,
                "template-line-number": 193,
                "start-number": 1
            }
        ]
    },
    "substitutions": {
        "rule-12": [
            {
                "html": true,
                "node-pos": 58,
                "template-line-number": 103,
                "part": null,
                "replacement-node": 33
            }
        ],
        "rule-7": [
            {
                "node-pos": 35,
                "template-line-number": 66,
                "part": null,
                "replacement-node": 18,
                "expression-node": 19
            }
        ],
        "rule-17": {
            "subs": [
                {
                    "template-line-number": 135,
                    "name": "GasPlantInServiceHeadings",
                    "extras": {},
                    "node-pos": 75,
                    "part": "1",
                    "replacement-node": 37
                },
                {
                    "template-line-number": 142,
                    "name": "GasPlantInServiceHeadings",
                    "extras": {},
                    "node-pos": 79,
                    "part": "2",
                    "replacement-node": 40
                }
            ],
            "name": "GasPlantInServiceHeadings"
        },
        "rule-3": [
            {
                "node-pos": 17,
                "template-line-number": 32,
                "part": null,
                "replacement-node": 6
            }
        ],
        "rule-1": [
            {
                "node-pos": 9,
                "template-line-number": 21,
                "part": null,
                "replacement-node": 0
            }
        ],
        "rule-11": [
            {
                "node-pos": 53,
                "template-line-number": 92,
                "part": null,
                "replacement-node": 30
            }
        ],
        "rule-2": [
            {
                "node-pos": 13,
                "template-line-number": 26,
                "part": null,
                "replacement-node": 3,
                "expression-node": 4
            }
        ],
        "rule-13": [
            {
                "node-pos": 125,
                "template-line-number": 269,
                "part": null,
                "replacement-node": 72,
                "expression-node": 73
            }
        ],
        "rule-14": [
            {
                "node-pos": 129,
                "template-line-number": 274,
                "part": null,
                "replacement-node": 75
            }
        ],
        "rule-5": [
            {
                "html": true,
                "node-pos": 26,
                "template-line-number": 50,
                "part": null,
                "replacement-node": 12
            }
        ],
        "rule-4": [
            {
                "html": true,
                "node-pos": 21,
                "template-line-number": 38,
                "part": null,
                "replacement-node": 9
            }
        ],
        "rule-15": [
            {
                "node-pos": 133,
                "template-line-number": 284,
                "part": null,
                "replacement-node": 78
            }
        ],
        "rule-8": [
            {
                "node-pos": 39,
                "template-line-number": 71,
                "part": null,
                "replacement-node": 21
            }
        ],
        "rule-10": [
            {
                "node-pos": 47,
                "template-line-number": 81,
                "part": null,
                "replacement-node": 27,
                "expression-node": 28
            }
        ],
        "rule-6": [
            {
                "node-pos": 31,
                "template-line-number": 61,
                "part": null,
                "replacement-node": 15
            }
        ],
        "rule-9": [
            {
                "node-pos": 43,
                "template-line-number": 76,
                "part": null,
                "replacement-node": 24,
                "expression-node": 25
            }
        ],
        "rule-16": {
            "subs": [
                {
                    "template-line-number": 208,
                    "name": "GasPlantInServiceLineItems",
                    "extras": {},
                    "node-pos": 93,
                    "part": "2",
                    "replacement-node": 49
                },
                {
                    "template-line-number": 219,
                    "expression-node": 55,
                    "name": "GasPlantInServiceLineItems",
                    "node-pos": 99,
                    "part": "2",
                    "replacement-node": 54
                },
                {
                    "template-line-number": 227,
                    "expression-node": 58,
                    "name": "GasPlantInServiceLineItems",
                    "node-pos": 103,
                    "part": "3",
                    "replacement-node": 57
                },
                {
                    "template-line-number": 235,
                    "expression-node": 61,
                    "name": "GasPlantInServiceLineItems",
                    "node-pos": 107,
                    "part": "4",
                    "replacement-node": 60
                },
                {
                    "template-line-number": 243,
                    "expression-node": 64,
                    "name": "GasPlantInServiceLineItems",
                    "node-pos": 111,
                    "part": "5",
                    "replacement-node": 63
                },
                {
                    "template-line-number": 204,
                    "name": "GasPlantInServiceLineItems",
                    "extras": {},
                    "node-pos": 91,
                    "part": "6",
                    "replacement-node": 47
                },
                {
                    "template-line-number": 251,
                    "expression-node": 67,
                    "name": "GasPlantInServiceLineItems",
                    "node-pos": 115,
                    "part": "6",
                    "replacement-node": 66
                },
                {
                    "template-line-number": 259,
                    "expression-node": 70,
                    "name": "GasPlantInServiceLineItems",
                    "node-pos": 119,
                    "part": "7",
                    "replacement-node": 69
                }
            ],
            "name": "GasPlantInServiceLineItems"
        }
    },
    "showifs": {}
}