{
    "substitutions": {
        "rule-2": [
            {
                "part": null,
                "replacement-node": 1,
                "template-line-number": 31,
                "node-pos": 10
            }
        ],
        "rule-3": [
            {
                "part": null,
                "replacement-node": 4,
                "expression-node": 5,
                "template-line-number": 36,
                "node-pos": 14
            }
        ],
        "rule-4": [
            {
                "part": null,
                "replacement-node": 7,
                "template-line-number": 42,
                "node-pos": 18
            }
        ],
        "rule-5": [
            {
                "part": null,
                "replacement-node": 10,
                "template-line-number": 48,
                "node-pos": 22,
                "html": true
            }
        ],
        "rule-6": [
            {
                "part": null,
                "replacement-node": 13,
                "template-line-number": 60,
                "node-pos": 27,
                "html": true
            }
        ],
        "rule-7": [
            {
                "part": null,
                "replacement-node": 16,
                "template-line-number": 71,
                "node-pos": 32
            }
        ],
        "rule-8": [
            {
                "part": null,
                "replacement-node": 19,
                "expression-node": 20,
                "template-line-number": 76,
                "node-pos": 36
            }
        ],
        "rule-9": [
            {
                "part": null,
                "replacement-node": 22,
                "template-line-number": 81,
                "node-pos": 40
            }
        ],
        "rule-10": [
            {
                "part": null,
                "replacement-node": 25,
                "expression-node": 26,
                "template-line-number": 86,
                "node-pos": 44
            }
        ],
        "rule-11": [
            {
                "part": null,
                "replacement-node": 28,
                "expression-node": 29,
                "template-line-number": 91,
                "node-pos": 48
            }
        ],
        "rule-12": [
            {
                "part": null,
                "replacement-node": 31,
                "template-line-number": 101,
                "node-pos": 54
            }
        ],
        "rule-13": [
            {
                "part": null,
                "replacement-node": 59,
                "expression-node": 60,
                "template-line-number": 214,
                "node-pos": 98
            }
        ],
        "rule-14": [
            {
                "part": null,
                "replacement-node": 62,
                "template-line-number": 221,
                "node-pos": 102
            }
        ],
        "rule-15": [
            {
                "part": null,
                "replacement-node": 65,
                "template-line-number": 231,
                "node-pos": 106
            }
        ],
        "rule-16": {
            "name": "BSLineItems",
            "subs": [
                {
                    "name": "BSLineItems",
                    "part": "1",
                    "replacement-node": 42,
                    "template-line-number": 171,
                    "extras": {},
                    "node-pos": 72
                },
                {
                    "name": "BSLineItems",
                    "part": "2",
                    "replacement-node": 47,
                    "template-line-number": 182,
                    "extras": {},
                    "node-pos": 80
                },
                {
                    "name": "BSLineItems",
                    "part": "3",
                    "replacement-node": 51,
                    "template-line-number": 191,
                    "extras": {},
                    "node-pos": 85
                },
                {
                    "name": "BSLineItems",
                    "part": "4",
                    "replacement-node": 53,
                    "expression-node": 54,
                    "template-line-number": 196,
                    "node-pos": 88
                },
                {
                    "name": "BSLineItems",
                    "part": "5",
                    "replacement-node": 56,
                    "expression-node": 57,
                    "template-line-number": 202,
                    "node-pos": 92
                },
                {
                    "name": "BSLineItems",
                    "part": "6",
                    "replacement-node": 45,
                    "template-line-number": 178,
                    "extras": {},
                    "node-pos": 78
                }
            ]
        },
        "rule-17": {
            "name": "BSHeadings",
            "subs": [
                {
                    "name": "BSHeadings",
                    "part": "1",
                    "replacement-node": 35,
                    "template-line-number": 125,
                    "extras": {},
                    "node-pos": 62
                },
                {
                    "name": "BSHeadings",
                    "part": "2",
                    "replacement-node": 38,
                    "template-line-number": 132,
                    "extras": {},
                    "node-pos": 66
                }
            ]
        }
    },
    "line-numbers": {},
    "showifs": {
        "rule-1": {
            "type": "showif",
            "template-line-number": 18
        }
    },
    "footnotes": {},
    "standard-rules": [
        "rule-2",
        "rule-3",
        "rule-4",
        "rule-5",
        "rule-6",
        "rule-7",
        "rule-8",
        "rule-9",
        "rule-10",
        "rule-11",
        "rule-12",
        "rule-13",
        "rule-14",
        "rule-15",
        "rule-16",
        "rule-17"
    ],
    "footnote-rules": []
}