{
    "showifs": {
        "rule-1": {
            "template-line-number": 17,
            "type": "showif"
        }
    },
    "substitutions": {
        "rule-12": [
            {
                "template-line-number": 94,
                "replacement-node": 31,
                "node-pos": 54,
                "part": null
            }
        ],
        "rule-17": {
            "name": "SystemMaps",
            "subs": [
                {
                    "name": "SystemMaps",
                    "template-line-number": 168,
                    "replacement-node": 40,
                    "expression-node": 41,
                    "node-pos": 73,
                    "part": "2"
                },
                {
                    "name": "SystemMaps",
                    "template-line-number": 173,
                    "replacement-node": 43,
                    "expression-node": 44,
                    "node-pos": 77,
                    "part": "3"
                }
            ]
        },
        "rule-8": [
            {
                "template-line-number": 70,
                "replacement-node": 19,
                "node-pos": 36,
                "expression-node": 20,
                "part": null
            }
        ],
        "rule-13": [
            {
                "template-line-number": 105,
                "replacement-node": 34,
                "node-pos": 59,
                "html": true,
                "part": null
            }
        ],
        "rule-11": [
            {
                "template-line-number": 84,
                "replacement-node": 28,
                "node-pos": 48,
                "expression-node": 29,
                "part": null
            }
        ],
        "rule-5": [
            {
                "template-line-number": 43,
                "replacement-node": 10,
                "node-pos": 22,
                "html": true,
                "part": null
            }
        ],
        "rule-10": [
            {
                "template-line-number": 79,
                "replacement-node": 25,
                "node-pos": 44,
                "expression-node": 26,
                "part": null
            }
        ],
        "rule-6": [
            {
                "template-line-number": 55,
                "replacement-node": 13,
                "node-pos": 27,
                "html": true,
                "part": null
            }
        ],
        "rule-2": [
            {
                "template-line-number": 27,
                "replacement-node": 1,
                "node-pos": 10,
                "part": null
            }
        ],
        "rule-15": [
            {
                "template-line-number": 189,
                "replacement-node": 49,
                "node-pos": 87,
                "part": null
            }
        ],
        "rule-9": [
            {
                "template-line-number": 75,
                "replacement-node": 22,
                "node-pos": 40,
                "part": null
            }
        ],
        "rule-14": [
            {
                "template-line-number": 184,
                "replacement-node": 46,
                "node-pos": 83,
                "expression-node": 47,
                "part": null
            }
        ],
        "rule-4": [
            {
                "template-line-number": 37,
                "replacement-node": 7,
                "node-pos": 18,
                "part": null
            }
        ],
        "rule-16": [
            {
                "template-line-number": 198,
                "replacement-node": 52,
                "node-pos": 91,
                "part": null
            }
        ],
        "rule-7": [
            {
                "template-line-number": 66,
                "replacement-node": 16,
                "node-pos": 32,
                "part": null
            }
        ],
        "rule-3": [
            {
                "template-line-number": 31,
                "replacement-node": 4,
                "node-pos": 14,
                "expression-node": 5,
                "part": null
            }
        ]
    },
    "line-numbers": {
        "SystemMaps": [
            {
                "template-line-number": 165,
                "line-number-node": 38,
                "start-number": 1
            }
        ]
    }
}