{
    "line-numbers": {},
    "substitutions": {
        "rule-6": [
            {
                "template-line-number": 55,
                "replacement-node": 13,
                "html": true,
                "part": null,
                "node-pos": 28
            }
        ],
        "rule-10": [
            {
                "expression-node": 26,
                "template-line-number": 79,
                "replacement-node": 25,
                "part": null,
                "node-pos": 45
            }
        ],
        "rule-15": [
            {
                "expression-node": 41,
                "template-line-number": 136,
                "replacement-node": 40,
                "part": null,
                "node-pos": 78
            }
        ],
        "rule-13": [
            {
                "template-line-number": 105,
                "replacement-node": 34,
                "html": true,
                "part": null,
                "node-pos": 60
            }
        ],
        "rule-3": [
            {
                "expression-node": 5,
                "template-line-number": 31,
                "replacement-node": 4,
                "part": null,
                "node-pos": 15
            }
        ],
        "rule-11": [
            {
                "expression-node": 29,
                "template-line-number": 84,
                "replacement-node": 28,
                "part": null,
                "node-pos": 49
            }
        ],
        "rule-14": [
            {
                "expression-node": 38,
                "node-pos": 72,
                "replacement-node": 37,
                "part": null,
                "html": true,
                "template-line-number": 123
            }
        ],
        "rule-5": [
            {
                "template-line-number": 43,
                "replacement-node": 10,
                "html": true,
                "part": null,
                "node-pos": 23
            }
        ],
        "rule-8": [
            {
                "expression-node": 20,
                "template-line-number": 70,
                "replacement-node": 19,
                "part": null,
                "node-pos": 37
            }
        ],
        "rule-17": [
            {
                "template-line-number": 150,
                "replacement-node": 46,
                "part": null,
                "node-pos": 86
            }
        ],
        "rule-7": [
            {
                "template-line-number": 66,
                "replacement-node": 16,
                "part": null,
                "node-pos": 33
            }
        ],
        "rule-4": [
            {
                "template-line-number": 37,
                "replacement-node": 7,
                "part": null,
                "node-pos": 19
            }
        ],
        "rule-2": [
            {
                "template-line-number": 27,
                "replacement-node": 1,
                "part": null,
                "node-pos": 11
            }
        ],
        "rule-9": [
            {
                "template-line-number": 75,
                "replacement-node": 22,
                "part": null,
                "node-pos": 41
            }
        ],
        "rule-16": [
            {
                "template-line-number": 141,
                "replacement-node": 43,
                "part": null,
                "node-pos": 82
            }
        ],
        "rule-12": [
            {
                "template-line-number": 94,
                "replacement-node": 31,
                "part": null,
                "node-pos": 55
            }
        ]
    },
    "showifs": {
        "rule-1": {
            "template-line-number": 17,
            "type": "showif"
        }
    }
}