{
    "showifs": {},
    "substitutions": {
        "rule-31": [
            {
                "expression-node": 179,
                "part": null,
                "replacement-node": 178,
                "template-line-number": 720,
                "node-pos": 300
            }
        ],
        "rule-6": [
            {
                "node-pos": 31,
                "part": null,
                "replacement-node": 15,
                "template-line-number": 60
            }
        ],
        "rule-47": {
            "name": "APHeadings",
            "subs": [
                {
                    "template-line-number": 127,
                    "name": "APHeadings",
                    "replacement-node": 37,
                    "part": "1",
                    "extras": {},
                    "node-pos": 72
                },
                {
                    "template-line-number": 134,
                    "name": "APHeadings",
                    "replacement-node": 40,
                    "part": "2",
                    "extras": {},
                    "node-pos": 76
                }
            ]
        },
        "rule-40": [
            {
                "expression-node": 228,
                "part": null,
                "replacement-node": 227,
                "template-line-number": 912,
                "node-pos": 382
            }
        ],
        "rule-2": [
            {
                "expression-node": 4,
                "part": null,
                "replacement-node": 3,
                "template-line-number": 25,
                "node-pos": 13
            }
        ],
        "rule-27": [
            {
                "expression-node": 149,
                "part": null,
                "replacement-node": 148,
                "template-line-number": 591,
                "node-pos": 256
            }
        ],
        "rule-16": [
            {
                "expression-node": 53,
                "part": null,
                "replacement-node": 52,
                "template-line-number": 184,
                "node-pos": 102
            }
        ],
        "rule-17": [
            {
                "expression-node": 56,
                "part": null,
                "replacement-node": 55,
                "template-line-number": 193,
                "node-pos": 106
            }
        ],
        "rule-38": [
            {
                "node-pos": 373,
                "part": null,
                "replacement-node": 221,
                "template-line-number": 890
            }
        ],
        "rule-15": [
            {
                "expression-node": 50,
                "part": null,
                "replacement-node": 49,
                "template-line-number": 175,
                "node-pos": 98
            }
        ],
        "rule-8": [
            {
                "node-pos": 39,
                "part": null,
                "replacement-node": 21,
                "template-line-number": 69
            }
        ],
        "rule-20": [
            {
                "expression-node": 106,
                "part": null,
                "replacement-node": 105,
                "template-line-number": 418,
                "node-pos": 187
            }
        ],
        "rule-26": [
            {
                "expression-node": 146,
                "part": null,
                "replacement-node": 145,
                "template-line-number": 582,
                "node-pos": 252
            }
        ],
        "rule-10": [
            {
                "expression-node": 28,
                "part": null,
                "replacement-node": 27,
                "template-line-number": 78,
                "node-pos": 47
            }
        ],
        "rule-46": {
            "name": "APLineItems",
            "subs": [
                {
                    "template-line-number": 252,
                    "name": "APLineItems",
                    "replacement-node": 59,
                    "part": "1",
                    "extras": {},
                    "node-pos": 119
                },
                {
                    "expression-node": 65,
                    "template-line-number": 263,
                    "name": "APLineItems",
                    "node-pos": 127,
                    "part": "2",
                    "replacement-node": 64
                },
                {
                    "expression-node": 70,
                    "template-line-number": 274,
                    "name": "APLineItems",
                    "node-pos": 133,
                    "part": "4",
                    "replacement-node": 69
                },
                {
                    "expression-node": 73,
                    "template-line-number": 281,
                    "name": "APLineItems",
                    "node-pos": 137,
                    "part": "5",
                    "replacement-node": 72
                },
                {
                    "template-line-number": 259,
                    "name": "APLineItems",
                    "replacement-node": 62,
                    "part": "6",
                    "extras": {},
                    "node-pos": 125
                },
                {
                    "expression-node": 76,
                    "template-line-number": 288,
                    "name": "APLineItems",
                    "node-pos": 141,
                    "part": "6",
                    "replacement-node": 75
                },
                {
                    "expression-node": 79,
                    "template-line-number": 294,
                    "name": "APLineItems",
                    "node-pos": 145,
                    "part": "7",
                    "replacement-node": 78
                }
            ]
        },
        "rule-23": [
            {
                "node-pos": 239,
                "part": null,
                "replacement-node": 136,
                "template-line-number": 552
            }
        ],
        "rule-25": [
            {
                "expression-node": 143,
                "part": null,
                "replacement-node": 142,
                "template-line-number": 573,
                "node-pos": 248
            }
        ],
        "rule-39": [
            {
                "expression-node": 225,
                "part": null,
                "replacement-node": 224,
                "template-line-number": 903,
                "node-pos": 378
            }
        ],
        "rule-49": {
            "name": "APLineItems2",
            "subs": [
                {
                    "template-line-number": 501,
                    "name": "APLineItems2",
                    "replacement-node": 115,
                    "part": "1",
                    "extras": {},
                    "node-pos": 208
                },
                {
                    "template-line-number": 512,
                    "name": "APLineItems2",
                    "replacement-node": 120,
                    "part": "2",
                    "extras": {},
                    "node-pos": 216
                },
                {
                    "expression-node": 125,
                    "template-line-number": 522,
                    "name": "APLineItems2",
                    "node-pos": 221,
                    "part": "4",
                    "replacement-node": 124
                },
                {
                    "expression-node": 128,
                    "template-line-number": 529,
                    "name": "APLineItems2",
                    "node-pos": 225,
                    "part": "5",
                    "replacement-node": 127
                },
                {
                    "template-line-number": 508,
                    "name": "APLineItems2",
                    "replacement-node": 118,
                    "part": "6",
                    "extras": {},
                    "node-pos": 214
                },
                {
                    "expression-node": 131,
                    "template-line-number": 536,
                    "name": "APLineItems2",
                    "node-pos": 229,
                    "part": "6",
                    "replacement-node": 130
                },
                {
                    "expression-node": 134,
                    "template-line-number": 542,
                    "name": "APLineItems2",
                    "node-pos": 233,
                    "part": "7",
                    "replacement-node": 133
                }
            ]
        },
        "rule-48": {
            "name": "SectionASequence2",
            "subs": [
                {
                    "expression-node": 155,
                    "template-line-number": 658,
                    "name": "SectionASequence2",
                    "node-pos": 265,
                    "part": "2",
                    "replacement-node": 154
                },
                {
                    "expression-node": 158,
                    "template-line-number": 663,
                    "name": "SectionASequence2",
                    "node-pos": 269,
                    "part": "3",
                    "replacement-node": 157
                },
                {
                    "expression-node": 161,
                    "template-line-number": 668,
                    "name": "SectionASequence2",
                    "node-pos": 273,
                    "part": "4",
                    "replacement-node": 160
                },
                {
                    "expression-node": 164,
                    "template-line-number": 673,
                    "name": "SectionASequence2",
                    "node-pos": 277,
                    "part": "5",
                    "replacement-node": 163
                },
                {
                    "expression-node": 167,
                    "template-line-number": 678,
                    "name": "SectionASequence2",
                    "node-pos": 281,
                    "part": "6",
                    "replacement-node": 166
                }
            ]
        },
        "rule-43": [
            {
                "expression-node": 237,
                "part": null,
                "replacement-node": 236,
                "template-line-number": 944,
                "node-pos": 396
            }
        ],
        "rule-36": [
            {
                "expression-node": 194,
                "part": null,
                "replacement-node": 193,
                "template-line-number": 772,
                "node-pos": 323
            }
        ],
        "rule-7": [
            {
                "expression-node": 19,
                "part": null,
                "replacement-node": 18,
                "template-line-number": 64,
                "node-pos": 35
            }
        ],
        "rule-30": [
            {
                "expression-node": 176,
                "part": null,
                "replacement-node": 175,
                "template-line-number": 711,
                "node-pos": 296
            }
        ],
        "rule-29": [
            {
                "expression-node": 173,
                "part": null,
                "replacement-node": 172,
                "template-line-number": 702,
                "node-pos": 292
            }
        ],
        "rule-19": [
            {
                "expression-node": 103,
                "part": null,
                "replacement-node": 102,
                "template-line-number": 409,
                "node-pos": 183
            }
        ],
        "rule-14": [
            {
                "expression-node": 47,
                "part": null,
                "replacement-node": 46,
                "template-line-number": 166,
                "node-pos": 94
            }
        ],
        "rule-44": [
            {
                "node-pos": 400,
                "part": null,
                "replacement-node": 239,
                "template-line-number": 949
            }
        ],
        "rule-51": {
            "name": "SectionASequence1",
            "subs": [
                {
                    "expression-node": 85,
                    "template-line-number": 360,
                    "name": "SectionASequence1",
                    "node-pos": 154,
                    "part": "2",
                    "replacement-node": 84
                },
                {
                    "expression-node": 88,
                    "template-line-number": 365,
                    "name": "SectionASequence1",
                    "node-pos": 158,
                    "part": "3",
                    "replacement-node": 87
                },
                {
                    "expression-node": 91,
                    "template-line-number": 370,
                    "name": "SectionASequence1",
                    "node-pos": 162,
                    "part": "4",
                    "replacement-node": 90
                },
                {
                    "expression-node": 94,
                    "template-line-number": 375,
                    "name": "SectionASequence1",
                    "node-pos": 166,
                    "part": "5",
                    "replacement-node": 93
                },
                {
                    "expression-node": 97,
                    "template-line-number": 380,
                    "name": "SectionASequence1",
                    "node-pos": 170,
                    "part": "6",
                    "replacement-node": 96
                }
            ]
        },
        "rule-22": [
            {
                "expression-node": 112,
                "part": null,
                "replacement-node": 111,
                "template-line-number": 436,
                "node-pos": 195
            }
        ],
        "rule-11": [
            {
                "node-pos": 53,
                "part": null,
                "replacement-node": 30,
                "template-line-number": 88
            }
        ],
        "rule-37": [
            {
                "expression-node": 197,
                "part": null,
                "replacement-node": 196,
                "template-line-number": 781,
                "node-pos": 327
            }
        ],
        "rule-4": [
            {
                "node-pos": 21,
                "part": null,
                "replacement-node": 9,
                "template-line-number": 37,
                "html": true
            }
        ],
        "rule-35": [
            {
                "expression-node": 191,
                "part": null,
                "replacement-node": 190,
                "template-line-number": 763,
                "node-pos": 319
            }
        ],
        "rule-5": [
            {
                "node-pos": 26,
                "part": null,
                "replacement-node": 12,
                "template-line-number": 49,
                "html": true
            }
        ],
        "rule-1": [
            {
                "node-pos": 9,
                "part": null,
                "replacement-node": 0,
                "template-line-number": 21
            }
        ],
        "rule-21": [
            {
                "expression-node": 109,
                "part": null,
                "replacement-node": 108,
                "template-line-number": 427,
                "node-pos": 191
            }
        ],
        "rule-45": [
            {
                "node-pos": 404,
                "part": null,
                "replacement-node": 242,
                "template-line-number": 958
            }
        ],
        "rule-33": [
            {
                "node-pos": 310,
                "part": null,
                "replacement-node": 184,
                "template-line-number": 742
            }
        ],
        "rule-34": [
            {
                "expression-node": 188,
                "part": null,
                "replacement-node": 187,
                "template-line-number": 754,
                "node-pos": 315
            }
        ],
        "rule-3": [
            {
                "node-pos": 17,
                "part": null,
                "replacement-node": 6,
                "template-line-number": 31
            }
        ],
        "rule-12": [
            {
                "node-pos": 58,
                "part": null,
                "replacement-node": 33,
                "template-line-number": 98,
                "html": true
            }
        ],
        "rule-24": [
            {
                "expression-node": 140,
                "part": null,
                "replacement-node": 139,
                "template-line-number": 564,
                "node-pos": 244
            }
        ],
        "rule-42": [
            {
                "expression-node": 234,
                "part": null,
                "replacement-node": 233,
                "template-line-number": 930,
                "node-pos": 390
            }
        ],
        "rule-18": [
            {
                "node-pos": 178,
                "part": null,
                "replacement-node": 99,
                "template-line-number": 396
            }
        ],
        "rule-50": {
            "name": "APLineItems3",
            "subs": [
                {
                    "template-line-number": 841,
                    "name": "APLineItems3",
                    "replacement-node": 200,
                    "part": "1",
                    "extras": {},
                    "node-pos": 340
                },
                {
                    "template-line-number": 852,
                    "name": "APLineItems3",
                    "replacement-node": 205,
                    "part": "2",
                    "extras": {},
                    "node-pos": 348
                },
                {
                    "expression-node": 210,
                    "template-line-number": 860,
                    "name": "APLineItems3",
                    "node-pos": 353,
                    "part": "4",
                    "replacement-node": 209
                },
                {
                    "expression-node": 213,
                    "template-line-number": 865,
                    "name": "APLineItems3",
                    "node-pos": 357,
                    "part": "5",
                    "replacement-node": 212
                },
                {
                    "template-line-number": 848,
                    "name": "APLineItems3",
                    "replacement-node": 203,
                    "part": "6",
                    "extras": {},
                    "node-pos": 346
                },
                {
                    "expression-node": 216,
                    "template-line-number": 870,
                    "name": "APLineItems3",
                    "node-pos": 361,
                    "part": "6",
                    "replacement-node": 215
                },
                {
                    "expression-node": 219,
                    "template-line-number": 875,
                    "name": "APLineItems3",
                    "node-pos": 365,
                    "part": "7",
                    "replacement-node": 218
                }
            ]
        },
        "rule-28": [
            {
                "node-pos": 287,
                "part": null,
                "replacement-node": 169,
                "template-line-number": 690
            }
        ],
        "rule-9": [
            {
                "expression-node": 25,
                "part": null,
                "replacement-node": 24,
                "template-line-number": 73,
                "node-pos": 43
            }
        ],
        "rule-13": [
            {
                "node-pos": 89,
                "part": null,
                "replacement-node": 43,
                "template-line-number": 154
            }
        ],
        "rule-32": [
            {
                "expression-node": 182,
                "part": null,
                "replacement-node": 181,
                "template-line-number": 729,
                "node-pos": 304
            }
        ],
        "rule-41": [
            {
                "expression-node": 231,
                "part": null,
                "replacement-node": 230,
                "template-line-number": 921,
                "node-pos": 386
            }
        ]
    },
    "line-numbers": {
        "SectionASequence2": [
            {
                "template-line-number": 654,
                "sub-number": true,
                "start-number": 17,
                "line-number-node": 152
            }
        ],
        "SectionASequence1": [
            {
                "template-line-number": 356,
                "sub-number": true,
                "start-number": 9,
                "line-number-node": 82
            }
        ]
    }
}