{
    "substitutions": {
        "rule-15": [
            {
                "part": null,
                "expression-node": 62,
                "template-line-number": 237,
                "node-pos": 108,
                "replacement-node": 61
            }
        ],
        "rule-8": [
            {
                "part": null,
                "expression-node": 20,
                "template-line-number": 74,
                "node-pos": 37,
                "replacement-node": 19
            }
        ],
        "rule-12": [
            {
                "part": null,
                "template-line-number": 100,
                "node-pos": 55,
                "replacement-node": 31
            }
        ],
        "rule-11": [
            {
                "part": null,
                "expression-node": 29,
                "template-line-number": 89,
                "node-pos": 49,
                "replacement-node": 28
            }
        ],
        "rule-13": [
            {
                "part": null,
                "template-line-number": 111,
                "node-pos": 60,
                "replacement-node": 34,
                "html": true
            }
        ],
        "rule-17": [
            {
                "part": null,
                "template-line-number": 256,
                "node-pos": 118,
                "replacement-node": 67
            }
        ],
        "rule-16": [
            {
                "part": null,
                "expression-node": 65,
                "template-line-number": 251,
                "node-pos": 114,
                "replacement-node": 64
            }
        ],
        "rule-5": [
            {
                "part": null,
                "template-line-number": 46,
                "node-pos": 23,
                "replacement-node": 10,
                "html": true
            }
        ],
        "rule-6": [
            {
                "part": null,
                "template-line-number": 58,
                "node-pos": 28,
                "replacement-node": 13,
                "html": true
            }
        ],
        "rule-18": [
            {
                "part": null,
                "template-line-number": 265,
                "node-pos": 122,
                "replacement-node": 70
            }
        ],
        "rule-3": [
            {
                "part": null,
                "expression-node": 5,
                "template-line-number": 34,
                "node-pos": 15,
                "replacement-node": 4
            }
        ],
        "rule-20": {
            "subs": [
                {
                    "template-line-number": 144,
                    "replacement-node": 40,
                    "name": "ColumnHeadings",
                    "part": "1",
                    "extras": {},
                    "node-pos": 75
                },
                {
                    "template-line-number": 152,
                    "replacement-node": 43,
                    "name": "ColumnHeadings",
                    "part": "2",
                    "extras": {},
                    "node-pos": 79
                },
                {
                    "template-line-number": 140,
                    "replacement-node": 38,
                    "name": "ColumnHeadings",
                    "part": "3",
                    "extras": {},
                    "node-pos": 73
                }
            ],
            "name": "ColumnHeadings"
        },
        "rule-9": [
            {
                "part": null,
                "template-line-number": 79,
                "node-pos": 41,
                "replacement-node": 22
            }
        ],
        "rule-19": {
            "subs": [
                {
                    "template-line-number": 202,
                    "replacement-node": 49,
                    "name": "NoncarrierProperty",
                    "part": "2",
                    "expression-node": 50,
                    "node-pos": 88
                },
                {
                    "template-line-number": 207,
                    "replacement-node": 52,
                    "name": "NoncarrierProperty",
                    "part": "3",
                    "expression-node": 53,
                    "node-pos": 92
                },
                {
                    "template-line-number": 212,
                    "replacement-node": 55,
                    "name": "NoncarrierProperty",
                    "part": "4",
                    "expression-node": 56,
                    "node-pos": 96
                }
            ],
            "name": "NoncarrierProperty"
        },
        "rule-7": [
            {
                "part": null,
                "template-line-number": 69,
                "node-pos": 33,
                "replacement-node": 16
            }
        ],
        "rule-2": [
            {
                "part": null,
                "template-line-number": 28,
                "node-pos": 11,
                "replacement-node": 1
            }
        ],
        "rule-4": [
            {
                "part": null,
                "template-line-number": 40,
                "node-pos": 19,
                "replacement-node": 7
            }
        ],
        "rule-10": [
            {
                "part": null,
                "expression-node": 26,
                "template-line-number": 84,
                "node-pos": 45,
                "replacement-node": 25
            }
        ],
        "rule-14": [
            {
                "part": null,
                "template-line-number": 225,
                "node-pos": 103,
                "replacement-node": 58
            }
        ]
    },
    "showifs": {
        "rule-1": {
            "template-line-number": 18,
            "type": "showif"
        }
    },
    "line-numbers": {
        "NoncarrierProperty": [
            {
                "start-number": 1,
                "template-line-number": 199,
                "line-number-node": 47
            }
        ]
    }
}