{
    "substitutions": {
        "rule-20": {
            "name": "NoncarrierProperty",
            "subs": [
                {
                    "name": "NoncarrierProperty",
                    "replacement-node": 49,
                    "expression-node": 50,
                    "template-line-number": 202,
                    "part": "2",
                    "node-pos": 88
                },
                {
                    "name": "NoncarrierProperty",
                    "replacement-node": 52,
                    "expression-node": 53,
                    "template-line-number": 207,
                    "part": "3",
                    "node-pos": 92
                },
                {
                    "name": "NoncarrierProperty",
                    "replacement-node": 55,
                    "expression-node": 56,
                    "template-line-number": 212,
                    "part": "4",
                    "node-pos": 96
                }
            ]
        },
        "rule-15": [
            {
                "node-pos": 108,
                "part": null,
                "replacement-node": 61,
                "expression-node": 62,
                "template-line-number": 237
            }
        ],
        "rule-4": [
            {
                "node-pos": 19,
                "part": null,
                "replacement-node": 7,
                "template-line-number": 40
            }
        ],
        "rule-8": [
            {
                "node-pos": 37,
                "part": null,
                "replacement-node": 19,
                "expression-node": 20,
                "template-line-number": 74
            }
        ],
        "rule-7": [
            {
                "node-pos": 33,
                "part": null,
                "replacement-node": 16,
                "template-line-number": 69
            }
        ],
        "rule-14": [
            {
                "node-pos": 103,
                "part": null,
                "replacement-node": 58,
                "template-line-number": 225
            }
        ],
        "rule-2": [
            {
                "node-pos": 11,
                "part": null,
                "replacement-node": 1,
                "template-line-number": 28
            }
        ],
        "rule-3": [
            {
                "node-pos": 15,
                "part": null,
                "replacement-node": 4,
                "expression-node": 5,
                "template-line-number": 34
            }
        ],
        "rule-13": [
            {
                "html": true,
                "node-pos": 60,
                "part": null,
                "replacement-node": 34,
                "template-line-number": 111
            }
        ],
        "rule-19": {
            "name": "ColumnHeadings",
            "subs": [
                {
                    "name": "ColumnHeadings",
                    "replacement-node": 40,
                    "template-line-number": 144,
                    "node-pos": 75,
                    "part": "1",
                    "extras": {}
                },
                {
                    "name": "ColumnHeadings",
                    "replacement-node": 43,
                    "template-line-number": 152,
                    "node-pos": 79,
                    "part": "2",
                    "extras": {}
                },
                {
                    "name": "ColumnHeadings",
                    "replacement-node": 38,
                    "template-line-number": 140,
                    "node-pos": 73,
                    "part": "3",
                    "extras": {}
                }
            ]
        },
        "rule-11": [
            {
                "node-pos": 49,
                "part": null,
                "replacement-node": 28,
                "expression-node": 29,
                "template-line-number": 89
            }
        ],
        "rule-6": [
            {
                "html": true,
                "node-pos": 28,
                "part": null,
                "replacement-node": 13,
                "template-line-number": 58
            }
        ],
        "rule-18": [
            {
                "node-pos": 122,
                "part": null,
                "replacement-node": 70,
                "template-line-number": 265
            }
        ],
        "rule-10": [
            {
                "node-pos": 45,
                "part": null,
                "replacement-node": 25,
                "expression-node": 26,
                "template-line-number": 84
            }
        ],
        "rule-17": [
            {
                "node-pos": 118,
                "part": null,
                "replacement-node": 67,
                "template-line-number": 256
            }
        ],
        "rule-16": [
            {
                "node-pos": 114,
                "part": null,
                "replacement-node": 64,
                "expression-node": 65,
                "template-line-number": 251
            }
        ],
        "rule-12": [
            {
                "node-pos": 55,
                "part": null,
                "replacement-node": 31,
                "template-line-number": 100
            }
        ],
        "rule-5": [
            {
                "html": true,
                "node-pos": 23,
                "part": null,
                "replacement-node": 10,
                "template-line-number": 46
            }
        ],
        "rule-9": [
            {
                "node-pos": 41,
                "part": null,
                "replacement-node": 22,
                "template-line-number": 79
            }
        ]
    },
    "showifs": {
        "rule-1": {
            "type": "showif",
            "template-line-number": 18
        }
    },
    "line-numbers": {
        "NoncarrierProperty": [
            {
                "template-line-number": 199,
                "start-number": 1,
                "line-number-node": 47
            }
        ]
    }
}