{
    "substitutions": {
        "rule-10": [
            {
                "replacement-node": 27,
                "template-line-number": 81,
                "expression-node": 28,
                "part": null,
                "node-pos": 47
            }
        ],
        "rule-12": [
            {
                "replacement-node": 33,
                "template-line-number": 102,
                "html": true,
                "part": null,
                "node-pos": 58
            }
        ],
        "rule-6": [
            {
                "replacement-node": 15,
                "template-line-number": 61,
                "part": null,
                "node-pos": 31
            }
        ],
        "rule-13": [
            {
                "replacement-node": 59,
                "template-line-number": 237,
                "expression-node": 60,
                "part": null,
                "node-pos": 102
            }
        ],
        "rule-1": [
            {
                "replacement-node": 0,
                "template-line-number": 21,
                "part": null,
                "node-pos": 9
            }
        ],
        "rule-7": [
            {
                "replacement-node": 18,
                "template-line-number": 66,
                "expression-node": 19,
                "part": null,
                "node-pos": 35
            }
        ],
        "rule-16": {
            "subs": [
                {
                    "template-line-number": 200,
                    "expression-node": 48,
                    "node-pos": 84,
                    "replacement-node": 47,
                    "name": "OtherInvestments",
                    "part": "2"
                },
                {
                    "template-line-number": 208,
                    "expression-node": 51,
                    "node-pos": 88,
                    "replacement-node": 50,
                    "name": "OtherInvestments",
                    "part": "3"
                },
                {
                    "template-line-number": 216,
                    "expression-node": 54,
                    "node-pos": 92,
                    "replacement-node": 53,
                    "name": "OtherInvestments",
                    "part": "4"
                },
                {
                    "template-line-number": 224,
                    "expression-node": 57,
                    "node-pos": 96,
                    "replacement-node": 56,
                    "name": "OtherInvestments",
                    "part": "5"
                }
            ],
            "name": "OtherInvestments"
        },
        "rule-3": [
            {
                "replacement-node": 6,
                "template-line-number": 32,
                "part": null,
                "node-pos": 17
            }
        ],
        "rule-17": {
            "subs": [
                {
                    "template-line-number": 129,
                    "node-pos": 70,
                    "replacement-node": 37,
                    "extras": {},
                    "name": "ColumnHeadings",
                    "part": "1"
                },
                {
                    "template-line-number": 136,
                    "node-pos": 74,
                    "replacement-node": 40,
                    "extras": {},
                    "name": "ColumnHeadings",
                    "part": "2"
                }
            ],
            "name": "ColumnHeadings"
        },
        "rule-9": [
            {
                "replacement-node": 24,
                "template-line-number": 76,
                "expression-node": 25,
                "part": null,
                "node-pos": 43
            }
        ],
        "rule-14": [
            {
                "replacement-node": 62,
                "template-line-number": 243,
                "part": null,
                "node-pos": 106
            }
        ],
        "rule-15": [
            {
                "replacement-node": 65,
                "template-line-number": 252,
                "part": null,
                "node-pos": 110
            }
        ],
        "rule-8": [
            {
                "replacement-node": 21,
                "template-line-number": 71,
                "part": null,
                "node-pos": 39
            }
        ],
        "rule-5": [
            {
                "replacement-node": 12,
                "template-line-number": 50,
                "html": true,
                "part": null,
                "node-pos": 26
            }
        ],
        "rule-4": [
            {
                "replacement-node": 9,
                "template-line-number": 38,
                "html": true,
                "part": null,
                "node-pos": 21
            }
        ],
        "rule-2": [
            {
                "replacement-node": 3,
                "template-line-number": 26,
                "expression-node": 4,
                "part": null,
                "node-pos": 13
            }
        ],
        "rule-11": [
            {
                "replacement-node": 30,
                "template-line-number": 91,
                "part": null,
                "node-pos": 53
            }
        ]
    },
    "line-numbers": {
        "OtherInvestments": [
            {
                "template-line-number": 193,
                "start-number": 1,
                "line-number-node": 44
            }
        ]
    },
    "showifs": {}
}