{
    "substitutions": {
        "rule-2": [
            {
                "node-pos": 14,
                "expression-node": 4,
                "template-line-number": 28,
                "replacement-node": 3,
                "part": null
            }
        ],
        "rule-9": [
            {
                "node-pos": 44,
                "expression-node": 25,
                "template-line-number": 78,
                "replacement-node": 24,
                "part": null
            }
        ],
        "rule-8": [
            {
                "node-pos": 40,
                "template-line-number": 73,
                "replacement-node": 21,
                "part": null
            }
        ],
        "rule-10": [
            {
                "node-pos": 48,
                "expression-node": 28,
                "template-line-number": 83,
                "replacement-node": 27,
                "part": null
            }
        ],
        "rule-11": [
            {
                "node-pos": 54,
                "template-line-number": 93,
                "replacement-node": 30,
                "part": null
            }
        ],
        "rule-1": [
            {
                "node-pos": 10,
                "template-line-number": 23,
                "replacement-node": 0,
                "part": null
            }
        ],
        "rule-6": [
            {
                "node-pos": 32,
                "template-line-number": 63,
                "replacement-node": 15,
                "part": null
            }
        ],
        "rule-4": [
            {
                "node-pos": 22,
                "template-line-number": 40,
                "replacement-node": 9,
                "html": true,
                "part": null
            }
        ],
        "rule-17": {
            "subs": [
                {
                    "template-line-number": 200,
                    "name": "ChargesLineItems",
                    "part": "1",
                    "node-pos": 83,
                    "extras": {},
                    "replacement-node": 46
                },
                {
                    "template-line-number": 271,
                    "name": "ChargesLineItems",
                    "part": "10",
                    "node-pos": 110,
                    "expression-node": 65,
                    "replacement-node": 64
                },
                {
                    "template-line-number": 278,
                    "name": "ChargesLineItems",
                    "part": "11",
                    "node-pos": 113,
                    "expression-node": 67,
                    "replacement-node": 66
                },
                {
                    "template-line-number": 284,
                    "name": "ChargesLineItems",
                    "part": "12",
                    "node-pos": 116,
                    "expression-node": 69,
                    "replacement-node": 68
                },
                {
                    "template-line-number": 207,
                    "name": "ChargesLineItems",
                    "part": "2",
                    "node-pos": 86,
                    "extras": {},
                    "replacement-node": 48
                },
                {
                    "template-line-number": 215,
                    "name": "ChargesLineItems",
                    "part": "3",
                    "node-pos": 89,
                    "extras": {},
                    "replacement-node": 50
                },
                {
                    "template-line-number": 223,
                    "name": "ChargesLineItems",
                    "part": "4",
                    "node-pos": 92,
                    "expression-node": 53,
                    "replacement-node": 52
                },
                {
                    "template-line-number": 233,
                    "name": "ChargesLineItems",
                    "part": "5",
                    "node-pos": 95,
                    "expression-node": 55,
                    "replacement-node": 54
                },
                {
                    "template-line-number": 243,
                    "name": "ChargesLineItems",
                    "part": "6",
                    "node-pos": 98,
                    "expression-node": 57,
                    "replacement-node": 56
                },
                {
                    "template-line-number": 250,
                    "name": "ChargesLineItems",
                    "part": "7",
                    "node-pos": 101,
                    "expression-node": 59,
                    "replacement-node": 58
                },
                {
                    "template-line-number": 257,
                    "name": "ChargesLineItems",
                    "part": "8",
                    "node-pos": 104,
                    "expression-node": 61,
                    "replacement-node": 60
                },
                {
                    "template-line-number": 264,
                    "name": "ChargesLineItems",
                    "part": "9",
                    "node-pos": 107,
                    "expression-node": 63,
                    "replacement-node": 62
                }
            ],
            "name": "ChargesLineItems"
        },
        "rule-14": [
            {
                "node-pos": 126,
                "template-line-number": 303,
                "replacement-node": 74,
                "part": null
            }
        ],
        "rule-12": [
            {
                "node-pos": 59,
                "template-line-number": 104,
                "replacement-node": 33,
                "html": true,
                "part": null
            }
        ],
        "rule-5": [
            {
                "node-pos": 27,
                "template-line-number": 52,
                "replacement-node": 12,
                "html": true,
                "part": null
            }
        ],
        "rule-13": [
            {
                "node-pos": 122,
                "expression-node": 72,
                "template-line-number": 297,
                "replacement-node": 71,
                "part": null
            }
        ],
        "rule-7": [
            {
                "node-pos": 36,
                "expression-node": 19,
                "template-line-number": 68,
                "replacement-node": 18,
                "part": null
            }
        ],
        "rule-15": [
            {
                "node-pos": 130,
                "template-line-number": 312,
                "replacement-node": 77,
                "part": null
            }
        ],
        "rule-3": [
            {
                "node-pos": 18,
                "template-line-number": 34,
                "replacement-node": 6,
                "part": null
            }
        ],
        "rule-16": {
            "subs": [
                {
                    "template-line-number": 141,
                    "name": "ScheduleAnalysisofChargesforServiceAssociateandNonAssociateCompanies",
                    "part": "1",
                    "node-pos": 73,
                    "extras": {},
                    "replacement-node": 39
                },
                {
                    "template-line-number": 149,
                    "name": "ScheduleAnalysisofChargesforServiceAssociateandNonAssociateCompanies",
                    "part": "2",
                    "node-pos": 77,
                    "extras": {},
                    "replacement-node": 42
                },
                {
                    "template-line-number": 137,
                    "name": "ScheduleAnalysisofChargesforServiceAssociateandNonAssociateCompanies",
                    "part": "3",
                    "node-pos": 71,
                    "extras": {},
                    "replacement-node": 37
                }
            ],
            "name": "ScheduleAnalysisofChargesforServiceAssociateandNonAssociateCompanies"
        }
    },
    "line-numbers": {},
    "showifs": {}
}