{
    "showifs": {},
    "line-numbers": {},
    "substitutions": {
        "rule-9": [
            {
                "replacement-node": 24,
                "expression-node": 25,
                "template-line-number": 78,
                "part": null,
                "node-pos": 44
            }
        ],
        "rule-11": [
            {
                "replacement-node": 30,
                "template-line-number": 93,
                "part": null,
                "node-pos": 54
            }
        ],
        "rule-2": [
            {
                "replacement-node": 3,
                "expression-node": 4,
                "template-line-number": 28,
                "part": null,
                "node-pos": 14
            }
        ],
        "rule-14": [
            {
                "replacement-node": 74,
                "template-line-number": 303,
                "part": null,
                "node-pos": 126
            }
        ],
        "rule-10": [
            {
                "replacement-node": 27,
                "expression-node": 28,
                "template-line-number": 83,
                "part": null,
                "node-pos": 48
            }
        ],
        "rule-1": [
            {
                "replacement-node": 0,
                "template-line-number": 23,
                "part": null,
                "node-pos": 10
            }
        ],
        "rule-12": [
            {
                "html": true,
                "replacement-node": 33,
                "template-line-number": 104,
                "part": null,
                "node-pos": 59
            }
        ],
        "rule-17": {
            "subs": [
                {
                    "name": "ChargesLineItems",
                    "node-pos": 83,
                    "part": "1",
                    "extras": {},
                    "replacement-node": 46,
                    "template-line-number": 200
                },
                {
                    "name": "ChargesLineItems",
                    "node-pos": 110,
                    "part": "10",
                    "replacement-node": 64,
                    "expression-node": 65,
                    "template-line-number": 271
                },
                {
                    "name": "ChargesLineItems",
                    "node-pos": 113,
                    "part": "11",
                    "replacement-node": 66,
                    "expression-node": 67,
                    "template-line-number": 278
                },
                {
                    "name": "ChargesLineItems",
                    "node-pos": 116,
                    "part": "12",
                    "replacement-node": 68,
                    "expression-node": 69,
                    "template-line-number": 284
                },
                {
                    "name": "ChargesLineItems",
                    "node-pos": 86,
                    "part": "2",
                    "extras": {},
                    "replacement-node": 48,
                    "template-line-number": 207
                },
                {
                    "name": "ChargesLineItems",
                    "node-pos": 89,
                    "part": "3",
                    "extras": {},
                    "replacement-node": 50,
                    "template-line-number": 215
                },
                {
                    "name": "ChargesLineItems",
                    "node-pos": 92,
                    "part": "4",
                    "replacement-node": 52,
                    "expression-node": 53,
                    "template-line-number": 223
                },
                {
                    "name": "ChargesLineItems",
                    "node-pos": 95,
                    "part": "5",
                    "replacement-node": 54,
                    "expression-node": 55,
                    "template-line-number": 233
                },
                {
                    "name": "ChargesLineItems",
                    "node-pos": 98,
                    "part": "6",
                    "replacement-node": 56,
                    "expression-node": 57,
                    "template-line-number": 243
                },
                {
                    "name": "ChargesLineItems",
                    "node-pos": 101,
                    "part": "7",
                    "replacement-node": 58,
                    "expression-node": 59,
                    "template-line-number": 250
                },
                {
                    "name": "ChargesLineItems",
                    "node-pos": 104,
                    "part": "8",
                    "replacement-node": 60,
                    "expression-node": 61,
                    "template-line-number": 257
                },
                {
                    "name": "ChargesLineItems",
                    "node-pos": 107,
                    "part": "9",
                    "replacement-node": 62,
                    "expression-node": 63,
                    "template-line-number": 264
                }
            ],
            "name": "ChargesLineItems"
        },
        "rule-8": [
            {
                "replacement-node": 21,
                "template-line-number": 73,
                "part": null,
                "node-pos": 40
            }
        ],
        "rule-4": [
            {
                "html": true,
                "replacement-node": 9,
                "template-line-number": 40,
                "part": null,
                "node-pos": 22
            }
        ],
        "rule-13": [
            {
                "replacement-node": 71,
                "expression-node": 72,
                "template-line-number": 297,
                "part": null,
                "node-pos": 122
            }
        ],
        "rule-6": [
            {
                "replacement-node": 15,
                "template-line-number": 63,
                "part": null,
                "node-pos": 32
            }
        ],
        "rule-3": [
            {
                "replacement-node": 6,
                "template-line-number": 34,
                "part": null,
                "node-pos": 18
            }
        ],
        "rule-16": {
            "subs": [
                {
                    "name": "ScheduleAnalysisofChargesforServiceAssociateandNonAssociateCompanies",
                    "node-pos": 73,
                    "part": "1",
                    "extras": {},
                    "replacement-node": 39,
                    "template-line-number": 141
                },
                {
                    "name": "ScheduleAnalysisofChargesforServiceAssociateandNonAssociateCompanies",
                    "node-pos": 77,
                    "part": "2",
                    "extras": {},
                    "replacement-node": 42,
                    "template-line-number": 149
                },
                {
                    "name": "ScheduleAnalysisofChargesforServiceAssociateandNonAssociateCompanies",
                    "node-pos": 71,
                    "part": "3",
                    "extras": {},
                    "replacement-node": 37,
                    "template-line-number": 137
                }
            ],
            "name": "ScheduleAnalysisofChargesforServiceAssociateandNonAssociateCompanies"
        },
        "rule-5": [
            {
                "html": true,
                "replacement-node": 12,
                "template-line-number": 52,
                "part": null,
                "node-pos": 27
            }
        ],
        "rule-7": [
            {
                "replacement-node": 18,
                "expression-node": 19,
                "template-line-number": 68,
                "part": null,
                "node-pos": 36
            }
        ],
        "rule-15": [
            {
                "replacement-node": 77,
                "template-line-number": 312,
                "part": null,
                "node-pos": 130
            }
        ]
    }
}