{
    "substitutions": {
        "rule-14": [
            {
                "template-line-number": 356,
                "node-pos": 114,
                "part": null,
                "replacement-node": 66
            }
        ],
        "rule-2": [
            {
                "template-line-number": 28,
                "expression-node": 4,
                "node-pos": 14,
                "part": null,
                "replacement-node": 3
            }
        ],
        "rule-1": [
            {
                "template-line-number": 23,
                "node-pos": 10,
                "part": null,
                "replacement-node": 0
            }
        ],
        "rule-8": [
            {
                "template-line-number": 73,
                "node-pos": 40,
                "part": null,
                "replacement-node": 21
            }
        ],
        "rule-10": [
            {
                "template-line-number": 83,
                "expression-node": 28,
                "node-pos": 49,
                "part": null,
                "replacement-node": 27
            }
        ],
        "rule-15": [
            {
                "template-line-number": 366,
                "node-pos": 118,
                "part": null,
                "replacement-node": 69
            }
        ],
        "rule-5": [
            {
                "template-line-number": 52,
                "node-pos": 27,
                "part": null,
                "html": true,
                "replacement-node": 12
            }
        ],
        "rule-9": [
            {
                "template-line-number": 78,
                "expression-node": 25,
                "node-pos": 45,
                "part": null,
                "replacement-node": 24
            }
        ],
        "rule-4": [
            {
                "template-line-number": 40,
                "node-pos": 22,
                "part": null,
                "html": true,
                "replacement-node": 9
            }
        ],
        "rule-12": [
            {
                "template-line-number": 104,
                "node-pos": 60,
                "part": null,
                "html": true,
                "replacement-node": 33
            }
        ],
        "rule-7": [
            {
                "template-line-number": 68,
                "expression-node": 19,
                "node-pos": 36,
                "part": null,
                "replacement-node": 18
            }
        ],
        "rule-11": [
            {
                "template-line-number": 93,
                "node-pos": 55,
                "part": null,
                "replacement-node": 30
            }
        ],
        "rule-13": [
            {
                "template-line-number": 351,
                "expression-node": 64,
                "node-pos": 110,
                "part": null,
                "replacement-node": 63
            }
        ],
        "rule-17": {
            "name": "CFLineItems",
            "subs": [
                {
                    "template-line-number": 300,
                    "replacement-node": 44,
                    "name": "CFLineItems",
                    "part": "1",
                    "extras": {},
                    "node-pos": 83
                },
                {
                    "template-line-number": 311,
                    "replacement-node": 49,
                    "name": "CFLineItems",
                    "part": "2",
                    "extras": {},
                    "node-pos": 91
                },
                {
                    "template-line-number": 322,
                    "expression-node": 54,
                    "replacement-node": 53,
                    "name": "CFLineItems",
                    "part": "4",
                    "node-pos": 96
                },
                {
                    "template-line-number": 332,
                    "expression-node": 59,
                    "replacement-node": 58,
                    "name": "CFLineItems",
                    "part": "5",
                    "node-pos": 102
                },
                {
                    "template-line-number": 307,
                    "replacement-node": 47,
                    "name": "CFLineItems",
                    "part": "6",
                    "extras": {},
                    "node-pos": 89
                }
            ]
        },
        "rule-6": [
            {
                "template-line-number": 63,
                "node-pos": 32,
                "part": null,
                "replacement-node": 15
            }
        ],
        "rule-16": {
            "name": "ISHeadings",
            "subs": [
                {
                    "template-line-number": 132,
                    "replacement-node": 37,
                    "name": "ISHeadings",
                    "part": "1",
                    "extras": {},
                    "node-pos": 73
                },
                {
                    "template-line-number": 139,
                    "replacement-node": 40,
                    "name": "ISHeadings",
                    "part": "2",
                    "extras": {},
                    "node-pos": 77
                }
            ]
        },
        "rule-3": [
            {
                "template-line-number": 34,
                "node-pos": 18,
                "part": null,
                "replacement-node": 6
            }
        ]
    },
    "showifs": {},
    "line-numbers": {}
}