{
    "substitutions": {
        "rule-8": [
            {
                "template-line-number": 73,
                "node-pos": 40,
                "replacement-node": 21,
                "part": null
            }
        ],
        "rule-4": [
            {
                "template-line-number": 40,
                "node-pos": 22,
                "replacement-node": 9,
                "part": null,
                "html": true
            }
        ],
        "rule-7": [
            {
                "template-line-number": 68,
                "node-pos": 36,
                "replacement-node": 18,
                "part": null,
                "expression-node": 19
            }
        ],
        "rule-17": {
            "name": "ISHeadings",
            "subs": [
                {
                    "template-line-number": 132,
                    "replacement-node": 37,
                    "name": "ISHeadings",
                    "extras": {},
                    "node-pos": 73,
                    "part": "1"
                },
                {
                    "template-line-number": 139,
                    "replacement-node": 40,
                    "name": "ISHeadings",
                    "extras": {},
                    "node-pos": 77,
                    "part": "2"
                }
            ]
        },
        "rule-13": [
            {
                "template-line-number": 351,
                "node-pos": 110,
                "replacement-node": 63,
                "part": null,
                "expression-node": 64
            }
        ],
        "rule-6": [
            {
                "template-line-number": 63,
                "node-pos": 32,
                "replacement-node": 15,
                "part": null
            }
        ],
        "rule-5": [
            {
                "template-line-number": 52,
                "node-pos": 27,
                "replacement-node": 12,
                "part": null,
                "html": true
            }
        ],
        "rule-3": [
            {
                "template-line-number": 34,
                "node-pos": 18,
                "replacement-node": 6,
                "part": null
            }
        ],
        "rule-9": [
            {
                "template-line-number": 78,
                "node-pos": 45,
                "replacement-node": 24,
                "part": null,
                "expression-node": 25
            }
        ],
        "rule-10": [
            {
                "template-line-number": 83,
                "node-pos": 49,
                "replacement-node": 27,
                "part": null,
                "expression-node": 28
            }
        ],
        "rule-15": [
            {
                "template-line-number": 366,
                "node-pos": 118,
                "replacement-node": 69,
                "part": null
            }
        ],
        "rule-14": [
            {
                "template-line-number": 356,
                "node-pos": 114,
                "replacement-node": 66,
                "part": null
            }
        ],
        "rule-2": [
            {
                "template-line-number": 28,
                "node-pos": 14,
                "replacement-node": 3,
                "part": null,
                "expression-node": 4
            }
        ],
        "rule-11": [
            {
                "template-line-number": 93,
                "node-pos": 55,
                "replacement-node": 30,
                "part": null
            }
        ],
        "rule-12": [
            {
                "template-line-number": 104,
                "node-pos": 60,
                "replacement-node": 33,
                "part": null,
                "html": true
            }
        ],
        "rule-16": {
            "name": "CFLineItems",
            "subs": [
                {
                    "template-line-number": 300,
                    "replacement-node": 44,
                    "name": "CFLineItems",
                    "extras": {},
                    "node-pos": 83,
                    "part": "1"
                },
                {
                    "template-line-number": 311,
                    "replacement-node": 49,
                    "name": "CFLineItems",
                    "extras": {},
                    "node-pos": 91,
                    "part": "2"
                },
                {
                    "template-line-number": 322,
                    "replacement-node": 53,
                    "name": "CFLineItems",
                    "node-pos": 96,
                    "part": "4",
                    "expression-node": 54
                },
                {
                    "template-line-number": 332,
                    "replacement-node": 58,
                    "name": "CFLineItems",
                    "node-pos": 102,
                    "part": "5",
                    "expression-node": 59
                },
                {
                    "template-line-number": 307,
                    "replacement-node": 47,
                    "name": "CFLineItems",
                    "extras": {},
                    "node-pos": 89,
                    "part": "6"
                }
            ]
        },
        "rule-1": [
            {
                "template-line-number": 23,
                "node-pos": 10,
                "replacement-node": 0,
                "part": null
            }
        ]
    },
    "line-numbers": {},
    "showifs": {}
}