{
    "line-numbers": {
        "MiscGenExpenses": [
            {
                "line-number-node": 57,
                "template-line-number": 238,
                "start-number": 4
            }
        ]
    },
    "substitutions": {
        "rule-11": [
            {
                "replacement-node": 30,
                "template-line-number": 91,
                "part": null,
                "node-pos": 53
            }
        ],
        "rule-4": [
            {
                "replacement-node": 9,
                "template-line-number": 38,
                "part": null,
                "html": true,
                "node-pos": 21
            }
        ],
        "rule-7": [
            {
                "replacement-node": 18,
                "template-line-number": 66,
                "part": null,
                "expression-node": 19,
                "node-pos": 35
            }
        ],
        "rule-3": [
            {
                "replacement-node": 6,
                "template-line-number": 32,
                "part": null,
                "node-pos": 17
            }
        ],
        "rule-1": [
            {
                "replacement-node": 0,
                "template-line-number": 21,
                "part": null,
                "node-pos": 9
            }
        ],
        "rule-6": [
            {
                "replacement-node": 15,
                "template-line-number": 61,
                "part": null,
                "node-pos": 31
            }
        ],
        "rule-20": {
            "subs": [
                {
                    "node-pos": 102,
                    "template-line-number": 241,
                    "part": "2",
                    "replacement-node": 60,
                    "name": "MiscGenExpenses",
                    "expression-node": 61
                },
                {
                    "node-pos": 106,
                    "template-line-number": 246,
                    "part": "3",
                    "replacement-node": 63,
                    "name": "MiscGenExpenses",
                    "expression-node": 64
                }
            ],
            "name": "MiscGenExpenses"
        },
        "rule-10": [
            {
                "replacement-node": 27,
                "template-line-number": 81,
                "part": null,
                "expression-node": 28,
                "node-pos": 47
            }
        ],
        "rule-2": [
            {
                "replacement-node": 3,
                "template-line-number": 26,
                "part": null,
                "expression-node": 4,
                "node-pos": 13
            }
        ],
        "rule-13": [
            {
                "replacement-node": 66,
                "template-line-number": 257,
                "part": null,
                "node-pos": 112
            }
        ],
        "rule-16": [
            {
                "replacement-node": 75,
                "template-line-number": 287,
                "part": null,
                "node-pos": 127
            }
        ],
        "rule-18": {
            "subs": [
                {
                    "node-pos": 69,
                    "template-line-number": 128,
                    "extras": {},
                    "replacement-node": 37,
                    "part": "1",
                    "name": "GeneralExpensesHeadings"
                },
                {
                    "node-pos": 73,
                    "template-line-number": 135,
                    "extras": {},
                    "replacement-node": 40,
                    "part": "2",
                    "name": "GeneralExpensesHeadings"
                }
            ],
            "name": "GeneralExpensesHeadings"
        },
        "rule-9": [
            {
                "replacement-node": 24,
                "template-line-number": 76,
                "part": null,
                "expression-node": 25,
                "node-pos": 43
            }
        ],
        "rule-19": {
            "subs": [
                {
                    "node-pos": 79,
                    "template-line-number": 170,
                    "extras": {},
                    "replacement-node": 44,
                    "part": "1",
                    "name": "GeneralExpensesLineItems"
                },
                {
                    "node-pos": 87,
                    "template-line-number": 181,
                    "extras": {},
                    "replacement-node": 49,
                    "part": "2",
                    "name": "GeneralExpensesLineItems"
                },
                {
                    "node-pos": 92,
                    "template-line-number": 191,
                    "part": "4",
                    "replacement-node": 53,
                    "name": "GeneralExpensesLineItems",
                    "expression-node": 54
                },
                {
                    "node-pos": 85,
                    "template-line-number": 177,
                    "extras": {},
                    "replacement-node": 47,
                    "part": "6",
                    "name": "GeneralExpensesLineItems"
                }
            ],
            "name": "GeneralExpensesLineItems"
        },
        "rule-17": [
            {
                "replacement-node": 78,
                "template-line-number": 296,
                "part": null,
                "node-pos": 131
            }
        ],
        "rule-15": [
            {
                "replacement-node": 72,
                "template-line-number": 282,
                "part": null,
                "expression-node": 73,
                "node-pos": 123
            }
        ],
        "rule-8": [
            {
                "replacement-node": 21,
                "template-line-number": 71,
                "part": null,
                "node-pos": 39
            }
        ],
        "rule-14": [
            {
                "replacement-node": 69,
                "template-line-number": 269,
                "part": null,
                "expression-node": 70,
                "node-pos": 117
            }
        ],
        "rule-12": [
            {
                "replacement-node": 33,
                "template-line-number": 102,
                "part": null,
                "html": true,
                "node-pos": 58
            }
        ],
        "rule-5": [
            {
                "replacement-node": 12,
                "template-line-number": 50,
                "part": null,
                "html": true,
                "node-pos": 26
            }
        ]
    },
    "showifs": {}
}