{
    "line-numbers": {
        "MiscGenExpenses": [
            {
                "line-number-node": 57,
                "template-line-number": 238,
                "start-number": 4
            }
        ]
    },
    "substitutions": {
        "rule-12": [
            {
                "html": true,
                "part": null,
                "template-line-number": 102,
                "node-pos": 58,
                "replacement-node": 33
            }
        ],
        "rule-15": [
            {
                "node-pos": 123,
                "part": null,
                "template-line-number": 282,
                "expression-node": 73,
                "replacement-node": 72
            }
        ],
        "rule-20": {
            "subs": [
                {
                    "part": "2",
                    "name": "MiscGenExpenses",
                    "replacement-node": 60,
                    "template-line-number": 241,
                    "node-pos": 102,
                    "expression-node": 61
                },
                {
                    "part": "3",
                    "name": "MiscGenExpenses",
                    "replacement-node": 63,
                    "template-line-number": 246,
                    "node-pos": 106,
                    "expression-node": 64
                }
            ],
            "name": "MiscGenExpenses"
        },
        "rule-17": [
            {
                "part": null,
                "template-line-number": 296,
                "node-pos": 131,
                "replacement-node": 78
            }
        ],
        "rule-3": [
            {
                "part": null,
                "template-line-number": 32,
                "node-pos": 17,
                "replacement-node": 6
            }
        ],
        "rule-6": [
            {
                "part": null,
                "template-line-number": 61,
                "node-pos": 31,
                "replacement-node": 15
            }
        ],
        "rule-10": [
            {
                "node-pos": 47,
                "part": null,
                "template-line-number": 81,
                "expression-node": 28,
                "replacement-node": 27
            }
        ],
        "rule-19": {
            "subs": [
                {
                    "part": "1",
                    "extras": {},
                    "name": "GeneralExpensesHeadings",
                    "replacement-node": 37,
                    "template-line-number": 128,
                    "node-pos": 69
                },
                {
                    "part": "2",
                    "extras": {},
                    "name": "GeneralExpensesHeadings",
                    "replacement-node": 40,
                    "template-line-number": 135,
                    "node-pos": 73
                }
            ],
            "name": "GeneralExpensesHeadings"
        },
        "rule-11": [
            {
                "part": null,
                "template-line-number": 91,
                "node-pos": 53,
                "replacement-node": 30
            }
        ],
        "rule-2": [
            {
                "node-pos": 13,
                "part": null,
                "template-line-number": 26,
                "expression-node": 4,
                "replacement-node": 3
            }
        ],
        "rule-18": {
            "subs": [
                {
                    "part": "1",
                    "extras": {},
                    "name": "GeneralExpensesLineItems",
                    "replacement-node": 44,
                    "template-line-number": 170,
                    "node-pos": 79
                },
                {
                    "part": "2",
                    "extras": {},
                    "name": "GeneralExpensesLineItems",
                    "replacement-node": 49,
                    "template-line-number": 181,
                    "node-pos": 87
                },
                {
                    "part": "4",
                    "name": "GeneralExpensesLineItems",
                    "replacement-node": 53,
                    "template-line-number": 191,
                    "node-pos": 92,
                    "expression-node": 54
                },
                {
                    "part": "6",
                    "extras": {},
                    "name": "GeneralExpensesLineItems",
                    "replacement-node": 47,
                    "template-line-number": 177,
                    "node-pos": 85
                }
            ],
            "name": "GeneralExpensesLineItems"
        },
        "rule-14": [
            {
                "node-pos": 117,
                "part": null,
                "template-line-number": 269,
                "expression-node": 70,
                "replacement-node": 69
            }
        ],
        "rule-9": [
            {
                "node-pos": 43,
                "part": null,
                "template-line-number": 76,
                "expression-node": 25,
                "replacement-node": 24
            }
        ],
        "rule-4": [
            {
                "html": true,
                "part": null,
                "template-line-number": 38,
                "node-pos": 21,
                "replacement-node": 9
            }
        ],
        "rule-16": [
            {
                "part": null,
                "template-line-number": 287,
                "node-pos": 127,
                "replacement-node": 75
            }
        ],
        "rule-13": [
            {
                "part": null,
                "template-line-number": 257,
                "node-pos": 112,
                "replacement-node": 66
            }
        ],
        "rule-5": [
            {
                "html": true,
                "part": null,
                "template-line-number": 50,
                "node-pos": 26,
                "replacement-node": 12
            }
        ],
        "rule-8": [
            {
                "part": null,
                "template-line-number": 71,
                "node-pos": 39,
                "replacement-node": 21
            }
        ],
        "rule-7": [
            {
                "node-pos": 35,
                "part": null,
                "template-line-number": 66,
                "expression-node": 19,
                "replacement-node": 18
            }
        ],
        "rule-1": [
            {
                "part": null,
                "template-line-number": 21,
                "node-pos": 9,
                "replacement-node": 0
            }
        ]
    },
    "showifs": {}
}