{
    "substitutions": {
        "rule-2": [
            {
                "replacement-node": 3,
                "expression-node": 4,
                "node-pos": 14,
                "template-line-number": 27,
                "part": null
            }
        ],
        "rule-1": [
            {
                "replacement-node": 0,
                "node-pos": 10,
                "template-line-number": 22,
                "part": null
            }
        ],
        "rule-16": {
            "name": "ListHeadings",
            "subs": [
                {
                    "name": "ListHeadings",
                    "replacement-node": 37,
                    "extras": {},
                    "node-pos": 66,
                    "template-line-number": 125,
                    "part": "1"
                },
                {
                    "name": "ListHeadings",
                    "replacement-node": 40,
                    "extras": {},
                    "node-pos": 70,
                    "template-line-number": 132,
                    "part": "2"
                }
            ]
        },
        "rule-6": [
            {
                "replacement-node": 15,
                "node-pos": 32,
                "template-line-number": 62,
                "part": null
            }
        ],
        "rule-15": [
            {
                "replacement-node": 63,
                "node-pos": 115,
                "template-line-number": 232,
                "part": null
            }
        ],
        "rule-5": [
            {
                "replacement-node": 12,
                "html": true,
                "node-pos": 27,
                "template-line-number": 51,
                "part": null
            }
        ],
        "rule-8": [
            {
                "replacement-node": 21,
                "node-pos": 40,
                "template-line-number": 72,
                "part": null
            }
        ],
        "rule-14": [
            {
                "replacement-node": 60,
                "node-pos": 111,
                "template-line-number": 223,
                "part": null
            }
        ],
        "rule-9": [
            {
                "replacement-node": 24,
                "expression-node": 25,
                "node-pos": 44,
                "template-line-number": 77,
                "part": null
            }
        ],
        "rule-4": [
            {
                "replacement-node": 9,
                "html": true,
                "node-pos": 22,
                "template-line-number": 39,
                "part": null
            }
        ],
        "rule-12": [
            {
                "replacement-node": 33,
                "html": true,
                "node-pos": 59,
                "template-line-number": 103,
                "part": null
            }
        ],
        "rule-11": [
            {
                "replacement-node": 30,
                "node-pos": 54,
                "template-line-number": 92,
                "part": null
            }
        ],
        "rule-10": [
            {
                "replacement-node": 27,
                "expression-node": 28,
                "node-pos": 48,
                "template-line-number": 82,
                "part": null
            }
        ],
        "rule-17": {
            "name": "ListLineItems",
            "subs": [
                {
                    "name": "ListLineItems",
                    "replacement-node": 46,
                    "extras": {},
                    "node-pos": 80,
                    "template-line-number": 178,
                    "part": "2"
                },
                {
                    "name": "ListLineItems",
                    "replacement-node": 50,
                    "extras": {},
                    "node-pos": 86,
                    "template-line-number": 189,
                    "part": "3"
                },
                {
                    "name": "ListLineItems",
                    "replacement-node": 53,
                    "extras": {},
                    "node-pos": 90,
                    "template-line-number": 196,
                    "part": "4"
                },
                {
                    "name": "ListLineItems",
                    "replacement-node": 55,
                    "part": "5",
                    "node-pos": 93,
                    "template-line-number": 200,
                    "expression-node": 56
                },
                {
                    "name": "ListLineItems",
                    "replacement-node": 44,
                    "extras": {},
                    "node-pos": 78,
                    "template-line-number": 174,
                    "part": "6"
                }
            ]
        },
        "rule-13": [
            {
                "replacement-node": 57,
                "expression-node": 58,
                "node-pos": 107,
                "template-line-number": 218,
                "part": null
            }
        ],
        "rule-3": [
            {
                "replacement-node": 6,
                "node-pos": 18,
                "template-line-number": 33,
                "part": null
            }
        ],
        "rule-7": [
            {
                "replacement-node": 18,
                "expression-node": 19,
                "node-pos": 36,
                "template-line-number": 67,
                "part": null
            }
        ]
    },
    "showifs": {},
    "line-numbers": {}
}