{
    "substitutions": {
        "rule-14": [
            {
                "node-pos": 115,
                "template-line-number": 233,
                "part": null,
                "replacement-node": 64
            }
        ],
        "rule-16": {
            "name": "ListHeadings",
            "subs": [
                {
                    "node-pos": 66,
                    "template-line-number": 125,
                    "replacement-node": 37,
                    "part": "1",
                    "name": "ListHeadings",
                    "extras": {}
                },
                {
                    "node-pos": 70,
                    "template-line-number": 132,
                    "replacement-node": 40,
                    "part": "2",
                    "name": "ListHeadings",
                    "extras": {}
                }
            ]
        },
        "rule-8": [
            {
                "node-pos": 40,
                "template-line-number": 72,
                "part": null,
                "replacement-node": 21
            }
        ],
        "rule-7": [
            {
                "node-pos": 36,
                "expression-node": 19,
                "template-line-number": 67,
                "part": null,
                "replacement-node": 18
            }
        ],
        "rule-17": {
            "name": "ListLineItems",
            "subs": [
                {
                    "node-pos": 80,
                    "template-line-number": 186,
                    "replacement-node": 46,
                    "part": "2",
                    "name": "ListLineItems",
                    "extras": {}
                },
                {
                    "node-pos": 86,
                    "template-line-number": 197,
                    "replacement-node": 50,
                    "part": "3",
                    "name": "ListLineItems",
                    "extras": {}
                },
                {
                    "node-pos": 90,
                    "template-line-number": 204,
                    "replacement-node": 53,
                    "part": "4",
                    "name": "ListLineItems",
                    "extras": {}
                },
                {
                    "expression-node": 56,
                    "template-line-number": 208,
                    "replacement-node": 55,
                    "part": "5",
                    "name": "ListLineItems",
                    "node-pos": 93
                },
                {
                    "node-pos": 78,
                    "template-line-number": 182,
                    "replacement-node": 44,
                    "part": "6",
                    "name": "ListLineItems",
                    "extras": {}
                },
                {
                    "expression-node": 58,
                    "template-line-number": 209,
                    "replacement-node": 57,
                    "part": "6",
                    "name": "ListLineItems",
                    "node-pos": 95
                },
                {
                    "expression-node": 60,
                    "template-line-number": 210,
                    "replacement-node": 59,
                    "part": "7",
                    "name": "ListLineItems",
                    "node-pos": 97
                }
            ]
        },
        "rule-3": [
            {
                "node-pos": 18,
                "template-line-number": 33,
                "part": null,
                "replacement-node": 6
            }
        ],
        "rule-11": [
            {
                "node-pos": 54,
                "template-line-number": 92,
                "part": null,
                "replacement-node": 30
            }
        ],
        "rule-1": [
            {
                "node-pos": 10,
                "template-line-number": 22,
                "part": null,
                "replacement-node": 0
            }
        ],
        "rule-10": [
            {
                "node-pos": 48,
                "expression-node": 28,
                "template-line-number": 82,
                "part": null,
                "replacement-node": 27
            }
        ],
        "rule-6": [
            {
                "node-pos": 32,
                "template-line-number": 62,
                "part": null,
                "replacement-node": 15
            }
        ],
        "rule-13": [
            {
                "node-pos": 111,
                "expression-node": 62,
                "template-line-number": 228,
                "part": null,
                "replacement-node": 61
            }
        ],
        "rule-2": [
            {
                "node-pos": 14,
                "expression-node": 4,
                "template-line-number": 27,
                "part": null,
                "replacement-node": 3
            }
        ],
        "rule-9": [
            {
                "node-pos": 44,
                "expression-node": 25,
                "template-line-number": 77,
                "part": null,
                "replacement-node": 24
            }
        ],
        "rule-12": [
            {
                "node-pos": 59,
                "template-line-number": 103,
                "html": true,
                "part": null,
                "replacement-node": 33
            }
        ],
        "rule-4": [
            {
                "node-pos": 22,
                "template-line-number": 39,
                "html": true,
                "part": null,
                "replacement-node": 9
            }
        ],
        "rule-5": [
            {
                "node-pos": 27,
                "template-line-number": 51,
                "html": true,
                "part": null,
                "replacement-node": 12
            }
        ],
        "rule-15": [
            {
                "node-pos": 119,
                "template-line-number": 242,
                "part": null,
                "replacement-node": 67
            }
        ]
    },
    "line-numbers": {},
    "showifs": {}
}