{
    "showifs": {
        "rule-1": {
            "type": "showif",
            "template-line-number": 17
        }
    },
    "substitutions": {
        "rule-3": [
            {
                "replacement-node": 4,
                "node-pos": 14,
                "expression-node": 5,
                "part": null,
                "template-line-number": 31
            }
        ],
        "rule-11": [
            {
                "replacement-node": 28,
                "node-pos": 48,
                "expression-node": 29,
                "part": null,
                "template-line-number": 84
            }
        ],
        "rule-7": [
            {
                "replacement-node": 16,
                "node-pos": 32,
                "part": null,
                "template-line-number": 66
            }
        ],
        "rule-4": [
            {
                "replacement-node": 7,
                "node-pos": 18,
                "part": null,
                "template-line-number": 37
            }
        ],
        "rule-9": [
            {
                "replacement-node": 22,
                "node-pos": 40,
                "part": null,
                "template-line-number": 75
            }
        ],
        "rule-12": [
            {
                "replacement-node": 31,
                "node-pos": 54,
                "part": null,
                "template-line-number": 94
            }
        ],
        "rule-17": {
            "subs": [
                {
                    "replacement-node": 40,
                    "name": "SystemMaps",
                    "part": "2",
                    "template-line-number": 168,
                    "node-pos": 73,
                    "expression-node": 41
                },
                {
                    "replacement-node": 43,
                    "name": "SystemMaps",
                    "part": "3",
                    "template-line-number": 173,
                    "node-pos": 77,
                    "expression-node": 44
                }
            ],
            "name": "SystemMaps"
        },
        "rule-10": [
            {
                "replacement-node": 25,
                "node-pos": 44,
                "expression-node": 26,
                "part": null,
                "template-line-number": 79
            }
        ],
        "rule-13": [
            {
                "replacement-node": 34,
                "node-pos": 59,
                "html": true,
                "part": null,
                "template-line-number": 105
            }
        ],
        "rule-5": [
            {
                "replacement-node": 10,
                "node-pos": 22,
                "html": true,
                "part": null,
                "template-line-number": 43
            }
        ],
        "rule-2": [
            {
                "replacement-node": 1,
                "node-pos": 10,
                "part": null,
                "template-line-number": 27
            }
        ],
        "rule-15": [
            {
                "replacement-node": 49,
                "node-pos": 87,
                "part": null,
                "template-line-number": 189
            }
        ],
        "rule-8": [
            {
                "replacement-node": 19,
                "node-pos": 36,
                "expression-node": 20,
                "part": null,
                "template-line-number": 70
            }
        ],
        "rule-6": [
            {
                "replacement-node": 13,
                "node-pos": 27,
                "html": true,
                "part": null,
                "template-line-number": 55
            }
        ],
        "rule-16": [
            {
                "replacement-node": 52,
                "node-pos": 91,
                "part": null,
                "template-line-number": 198
            }
        ],
        "rule-14": [
            {
                "replacement-node": 46,
                "node-pos": 83,
                "expression-node": 47,
                "part": null,
                "template-line-number": 184
            }
        ]
    },
    "line-numbers": {
        "SystemMaps": [
            {
                "line-number-node": 38,
                "start-number": 1,
                "template-line-number": 165
            }
        ]
    }
}