{
    "showifs": {},
    "line-numbers": {},
    "substitutions": {
        "rule-5": [
            {
                "html": true,
                "replacement-node": 12,
                "node-pos": 26,
                "template-line-number": 49,
                "part": null
            }
        ],
        "rule-9": [
            {
                "expression-node": 25,
                "replacement-node": 24,
                "node-pos": 43,
                "template-line-number": 73,
                "part": null
            }
        ],
        "rule-6": [
            {
                "replacement-node": 15,
                "node-pos": 31,
                "template-line-number": 60,
                "part": null
            }
        ],
        "rule-12": [
            {
                "html": true,
                "replacement-node": 33,
                "node-pos": 58,
                "template-line-number": 99,
                "part": null
            }
        ],
        "rule-8": [
            {
                "replacement-node": 21,
                "node-pos": 39,
                "template-line-number": 69,
                "part": null
            }
        ],
        "rule-11": [
            {
                "replacement-node": 30,
                "node-pos": 53,
                "template-line-number": 88,
                "part": null
            }
        ],
        "rule-13": [
            {
                "expression-node": 37,
                "replacement-node": 36,
                "node-pos": 69,
                "template-line-number": 128,
                "part": null
            }
        ],
        "rule-7": [
            {
                "expression-node": 19,
                "replacement-node": 18,
                "node-pos": 35,
                "template-line-number": 64,
                "part": null
            }
        ],
        "rule-15": [
            {
                "replacement-node": 42,
                "node-pos": 77,
                "template-line-number": 142,
                "part": null
            }
        ],
        "rule-2": [
            {
                "expression-node": 4,
                "replacement-node": 3,
                "node-pos": 13,
                "template-line-number": 25,
                "part": null
            }
        ],
        "rule-1": [
            {
                "replacement-node": 0,
                "node-pos": 9,
                "template-line-number": 21,
                "part": null
            }
        ],
        "rule-14": [
            {
                "replacement-node": 39,
                "node-pos": 73,
                "template-line-number": 133,
                "part": null
            }
        ],
        "rule-4": [
            {
                "html": true,
                "replacement-node": 9,
                "node-pos": 21,
                "template-line-number": 37,
                "part": null
            }
        ],
        "rule-10": [
            {
                "expression-node": 28,
                "replacement-node": 27,
                "node-pos": 47,
                "template-line-number": 78,
                "part": null
            }
        ],
        "rule-3": [
            {
                "replacement-node": 6,
                "node-pos": 17,
                "template-line-number": 31,
                "part": null
            }
        ]
    }
}