{
    "substitutions": {
        "rule-9": [
            {
                "part": null,
                "expression-node": 25,
                "node-pos": 43,
                "replacement-node": 24,
                "template-line-number": 74
            }
        ],
        "rule-6": [
            {
                "part": null,
                "template-line-number": 61,
                "replacement-node": 15,
                "node-pos": 31
            }
        ],
        "rule-15": {
            "name": "APLineItems",
            "subs": [
                {
                    "name": "APLineItems",
                    "part": "1",
                    "extras": {},
                    "template-line-number": 171,
                    "node-pos": 71,
                    "replacement-node": 41
                },
                {
                    "name": "APLineItems",
                    "part": "2",
                    "extras": {},
                    "template-line-number": 182,
                    "node-pos": 79,
                    "replacement-node": 46
                },
                {
                    "name": "APLineItems",
                    "part": "3",
                    "template-line-number": 191,
                    "expression-node": 51,
                    "node-pos": 84,
                    "replacement-node": 50
                },
                {
                    "name": "APLineItems",
                    "part": "4",
                    "template-line-number": 197,
                    "expression-node": 54,
                    "node-pos": 88,
                    "replacement-node": 53
                },
                {
                    "name": "APLineItems",
                    "part": "5",
                    "template-line-number": 203,
                    "expression-node": 57,
                    "node-pos": 92,
                    "replacement-node": 56
                },
                {
                    "name": "APLineItems",
                    "part": "6",
                    "template-line-number": 209,
                    "expression-node": 60,
                    "node-pos": 96,
                    "replacement-node": 59
                },
                {
                    "name": "APLineItems",
                    "part": "7",
                    "template-line-number": 215,
                    "expression-node": 63,
                    "node-pos": 100,
                    "replacement-node": 62
                },
                {
                    "name": "APLineItems",
                    "part": "8",
                    "extras": {},
                    "template-line-number": 178,
                    "node-pos": 77,
                    "replacement-node": 44
                }
            ]
        },
        "rule-7": [
            {
                "part": null,
                "expression-node": 19,
                "node-pos": 35,
                "replacement-node": 18,
                "template-line-number": 65
            }
        ],
        "rule-13": [
            {
                "part": null,
                "template-line-number": 230,
                "replacement-node": 68,
                "node-pos": 110
            }
        ],
        "rule-4": [
            {
                "part": null,
                "template-line-number": 38,
                "replacement-node": 9,
                "html": true,
                "node-pos": 21
            }
        ],
        "rule-2": [
            {
                "part": null,
                "expression-node": 4,
                "node-pos": 13,
                "replacement-node": 3,
                "template-line-number": 26
            }
        ],
        "rule-1": [
            {
                "part": null,
                "template-line-number": 21,
                "replacement-node": 0,
                "node-pos": 9
            }
        ],
        "rule-5": [
            {
                "part": null,
                "template-line-number": 50,
                "replacement-node": 12,
                "html": true,
                "node-pos": 26
            }
        ],
        "rule-3": [
            {
                "part": null,
                "template-line-number": 32,
                "replacement-node": 6,
                "node-pos": 17
            }
        ],
        "rule-10": [
            {
                "part": null,
                "expression-node": 28,
                "node-pos": 47,
                "replacement-node": 27,
                "template-line-number": 79
            }
        ],
        "rule-8": [
            {
                "part": null,
                "template-line-number": 70,
                "replacement-node": 21,
                "node-pos": 39
            }
        ],
        "rule-16": {
            "name": "APHeadings",
            "subs": [
                {
                    "name": "APHeadings",
                    "part": "1",
                    "extras": {},
                    "template-line-number": 112,
                    "node-pos": 61,
                    "replacement-node": 34
                },
                {
                    "name": "APHeadings",
                    "part": "2",
                    "extras": {},
                    "template-line-number": 119,
                    "node-pos": 65,
                    "replacement-node": 37
                }
            ]
        },
        "rule-14": [
            {
                "part": null,
                "template-line-number": 239,
                "replacement-node": 71,
                "node-pos": 114
            }
        ],
        "rule-11": [
            {
                "part": null,
                "template-line-number": 89,
                "replacement-node": 30,
                "node-pos": 53
            }
        ],
        "rule-12": [
            {
                "part": null,
                "expression-node": 66,
                "node-pos": 106,
                "replacement-node": 65,
                "template-line-number": 225
            }
        ]
    },
    "line-numbers": {},
    "showifs": {}
}