{
    "line-numbers": {},
    "substitutions": {
        "rule-6": [
            {
                "template-line-number": 62,
                "node-pos": 27,
                "html": true,
                "part": null,
                "replacement-node": 13
            }
        ],
        "rule-14": [
            {
                "template-line-number": 242,
                "node-pos": 111,
                "part": null,
                "replacement-node": 69
            }
        ],
        "rule-3": [
            {
                "template-line-number": 38,
                "node-pos": 14,
                "expression-node": 5,
                "part": null,
                "replacement-node": 4
            }
        ],
        "rule-7": [
            {
                "template-line-number": 73,
                "node-pos": 32,
                "part": null,
                "replacement-node": 16
            }
        ],
        "rule-8": [
            {
                "template-line-number": 77,
                "node-pos": 36,
                "expression-node": 20,
                "part": null,
                "replacement-node": 19
            }
        ],
        "rule-2": [
            {
                "template-line-number": 33,
                "node-pos": 10,
                "part": null,
                "replacement-node": 1
            }
        ],
        "rule-4": [
            {
                "template-line-number": 44,
                "node-pos": 18,
                "part": null,
                "replacement-node": 7
            }
        ],
        "rule-17": {
            "name": "APLineItems",
            "subs": [
                {
                    "node-pos": 72,
                    "part": "1",
                    "name": "APLineItems",
                    "template-line-number": 183,
                    "replacement-node": 42,
                    "extras": {}
                },
                {
                    "node-pos": 80,
                    "part": "2",
                    "name": "APLineItems",
                    "template-line-number": 194,
                    "replacement-node": 47,
                    "extras": {}
                },
                {
                    "node-pos": 85,
                    "part": "3",
                    "name": "APLineItems",
                    "expression-node": 52,
                    "template-line-number": 203,
                    "replacement-node": 51
                },
                {
                    "node-pos": 89,
                    "part": "4",
                    "name": "APLineItems",
                    "expression-node": 55,
                    "template-line-number": 209,
                    "replacement-node": 54
                },
                {
                    "node-pos": 93,
                    "part": "5",
                    "name": "APLineItems",
                    "expression-node": 58,
                    "template-line-number": 215,
                    "replacement-node": 57
                },
                {
                    "node-pos": 97,
                    "part": "6",
                    "name": "APLineItems",
                    "expression-node": 61,
                    "template-line-number": 221,
                    "replacement-node": 60
                },
                {
                    "node-pos": 101,
                    "part": "7",
                    "name": "APLineItems",
                    "expression-node": 64,
                    "template-line-number": 227,
                    "replacement-node": 63
                },
                {
                    "node-pos": 78,
                    "part": "8",
                    "name": "APLineItems",
                    "template-line-number": 190,
                    "replacement-node": 45,
                    "extras": {}
                }
            ]
        },
        "rule-5": [
            {
                "template-line-number": 50,
                "node-pos": 22,
                "html": true,
                "part": null,
                "replacement-node": 10
            }
        ],
        "rule-10": [
            {
                "template-line-number": 86,
                "node-pos": 44,
                "expression-node": 26,
                "part": null,
                "replacement-node": 25
            }
        ],
        "rule-11": [
            {
                "template-line-number": 91,
                "node-pos": 48,
                "expression-node": 29,
                "part": null,
                "replacement-node": 28
            }
        ],
        "rule-9": [
            {
                "template-line-number": 82,
                "node-pos": 40,
                "part": null,
                "replacement-node": 22
            }
        ],
        "rule-16": {
            "name": "APHeadings",
            "subs": [
                {
                    "node-pos": 62,
                    "part": "1",
                    "name": "APHeadings",
                    "template-line-number": 124,
                    "replacement-node": 35,
                    "extras": {}
                },
                {
                    "node-pos": 66,
                    "part": "2",
                    "name": "APHeadings",
                    "template-line-number": 131,
                    "replacement-node": 38,
                    "extras": {}
                }
            ]
        },
        "rule-15": [
            {
                "template-line-number": 251,
                "node-pos": 115,
                "part": null,
                "replacement-node": 72
            }
        ],
        "rule-13": [
            {
                "template-line-number": 237,
                "node-pos": 107,
                "expression-node": 67,
                "part": null,
                "replacement-node": 66
            }
        ],
        "rule-12": [
            {
                "template-line-number": 101,
                "node-pos": 54,
                "part": null,
                "replacement-node": 31
            }
        ]
    },
    "showifs": {
        "rule-1": {
            "template-line-number": 17,
            "type": "showif"
        }
    }
}