{
    "line-numbers": {},
    "showifs": {},
    "substitutions": {
        "rule-1": [
            {
                "template-line-number": 23,
                "replacement-node": 0,
                "node-pos": 10,
                "part": null
            }
        ],
        "rule-5": [
            {
                "template-line-number": 52,
                "replacement-node": 12,
                "html": true,
                "node-pos": 27,
                "part": null
            }
        ],
        "rule-14": [
            {
                "template-line-number": 130,
                "replacement-node": 39,
                "html": true,
                "node-pos": 72,
                "expression-node": 40,
                "part": null
            }
        ],
        "rule-2": [
            {
                "template-line-number": 28,
                "replacement-node": 3,
                "expression-node": 4,
                "node-pos": 14,
                "part": null
            }
        ],
        "rule-16": [
            {
                "template-line-number": 154,
                "replacement-node": 45,
                "expression-node": 46,
                "node-pos": 83,
                "part": null
            }
        ],
        "rule-8": [
            {
                "template-line-number": 73,
                "replacement-node": 21,
                "node-pos": 40,
                "part": null
            }
        ],
        "rule-4": [
            {
                "template-line-number": 40,
                "replacement-node": 9,
                "html": true,
                "node-pos": 22,
                "part": null
            }
        ],
        "rule-12": [
            {
                "template-line-number": 104,
                "replacement-node": 33,
                "html": true,
                "node-pos": 59,
                "part": null
            }
        ],
        "rule-15": [
            {
                "template-line-number": 141,
                "replacement-node": 42,
                "html": true,
                "node-pos": 77,
                "expression-node": 43,
                "part": null
            }
        ],
        "rule-9": [
            {
                "template-line-number": 78,
                "replacement-node": 24,
                "expression-node": 25,
                "node-pos": 44,
                "part": null
            }
        ],
        "rule-13": [
            {
                "template-line-number": 119,
                "replacement-node": 36,
                "html": true,
                "node-pos": 67,
                "expression-node": 37,
                "part": null
            }
        ],
        "rule-18": [
            {
                "template-line-number": 169,
                "replacement-node": 51,
                "node-pos": 91,
                "part": null
            }
        ],
        "rule-10": [
            {
                "template-line-number": 83,
                "replacement-node": 27,
                "expression-node": 28,
                "node-pos": 48,
                "part": null
            }
        ],
        "rule-3": [
            {
                "template-line-number": 34,
                "replacement-node": 6,
                "node-pos": 18,
                "part": null
            }
        ],
        "rule-6": [
            {
                "template-line-number": 63,
                "replacement-node": 15,
                "node-pos": 32,
                "part": null
            }
        ],
        "rule-11": [
            {
                "template-line-number": 93,
                "replacement-node": 30,
                "node-pos": 54,
                "part": null
            }
        ],
        "rule-7": [
            {
                "template-line-number": 68,
                "replacement-node": 18,
                "expression-node": 19,
                "node-pos": 36,
                "part": null
            }
        ],
        "rule-17": [
            {
                "template-line-number": 160,
                "replacement-node": 48,
                "node-pos": 87,
                "part": null
            }
        ]
    }
}