{
    "showifs": {},
    "line-numbers": {},
    "substitutions": {
        "rule-1": [
            {
                "part": null,
                "replacement-node": 0,
                "node-pos": 10,
                "template-line-number": 23
            }
        ],
        "rule-17": {
            "subs": [
                {
                    "part": "1",
                    "node-pos": 78,
                    "extras": {},
                    "replacement-node": 44,
                    "template-line-number": 171,
                    "name": "ElectricGeneralExpensesLineItems"
                },
                {
                    "part": "2",
                    "node-pos": 84,
                    "extras": {},
                    "replacement-node": 47,
                    "template-line-number": 178,
                    "name": "ElectricGeneralExpensesLineItems"
                },
                {
                    "part": "3",
                    "node-pos": 86,
                    "extras": {},
                    "replacement-node": 49,
                    "template-line-number": 182,
                    "name": "ElectricGeneralExpensesLineItems"
                },
                {
                    "part": "4",
                    "expression-node": 54,
                    "node-pos": 91,
                    "replacement-node": 53,
                    "template-line-number": 191,
                    "name": "ElectricGeneralExpensesLineItems"
                }
            ],
            "name": "ElectricGeneralExpensesLineItems"
        },
        "rule-11": [
            {
                "part": null,
                "replacement-node": 30,
                "node-pos": 54,
                "template-line-number": 94
            }
        ],
        "rule-6": [
            {
                "part": null,
                "replacement-node": 15,
                "node-pos": 32,
                "template-line-number": 63
            }
        ],
        "rule-2": [
            {
                "part": null,
                "expression-node": 4,
                "replacement-node": 3,
                "node-pos": 14,
                "template-line-number": 28
            }
        ],
        "rule-12": [
            {
                "part": null,
                "replacement-node": 33,
                "node-pos": 59,
                "template-line-number": 107,
                "html": true
            }
        ],
        "rule-3": [
            {
                "part": null,
                "replacement-node": 6,
                "node-pos": 18,
                "template-line-number": 34
            }
        ],
        "rule-16": {
            "subs": [
                {
                    "part": "1",
                    "node-pos": 68,
                    "extras": {},
                    "replacement-node": 37,
                    "template-line-number": 131,
                    "name": "ColumnHeadings"
                },
                {
                    "part": "2",
                    "node-pos": 72,
                    "extras": {},
                    "replacement-node": 40,
                    "template-line-number": 138,
                    "name": "ColumnHeadings"
                }
            ],
            "name": "ColumnHeadings"
        },
        "rule-7": [
            {
                "part": null,
                "expression-node": 19,
                "replacement-node": 18,
                "node-pos": 36,
                "template-line-number": 68
            }
        ],
        "rule-15": [
            {
                "part": null,
                "replacement-node": 62,
                "node-pos": 105,
                "template-line-number": 220
            }
        ],
        "rule-13": [
            {
                "part": null,
                "expression-node": 57,
                "replacement-node": 56,
                "node-pos": 97,
                "template-line-number": 203
            }
        ],
        "rule-5": [
            {
                "part": null,
                "replacement-node": 12,
                "node-pos": 27,
                "template-line-number": 52,
                "html": true
            }
        ],
        "rule-9": [
            {
                "part": null,
                "expression-node": 25,
                "replacement-node": 24,
                "node-pos": 44,
                "template-line-number": 78
            }
        ],
        "rule-10": [
            {
                "part": null,
                "expression-node": 28,
                "replacement-node": 27,
                "node-pos": 48,
                "template-line-number": 83
            }
        ],
        "rule-4": [
            {
                "part": null,
                "replacement-node": 9,
                "node-pos": 22,
                "template-line-number": 40,
                "html": true
            }
        ],
        "rule-14": [
            {
                "part": null,
                "replacement-node": 59,
                "node-pos": 101,
                "template-line-number": 210
            }
        ],
        "rule-8": [
            {
                "part": null,
                "replacement-node": 21,
                "node-pos": 40,
                "template-line-number": 73
            }
        ]
    }
}