{
    "showifs": {},
    "substitutions": {
        "rule-31": [
            {
                "template-line-number": 393,
                "replacement-node": 97,
                "part": null,
                "node-pos": 169
            }
        ],
        "rule-21": [
            {
                "template-line-number": 269,
                "replacement-node": 67,
                "part": null,
                "node-pos": 115
            }
        ],
        "rule-40": [
            {
                "template-line-number": 495,
                "replacement-node": 124,
                "part": null,
                "expression-node": 125,
                "node-pos": 209
            }
        ],
        "rule-8": [
            {
                "template-line-number": 90,
                "replacement-node": 21,
                "part": null,
                "node-pos": 39
            }
        ],
        "rule-59": [
            {
                "template-line-number": 715,
                "replacement-node": 181,
                "part": null,
                "node-pos": 295
            }
        ],
        "rule-53": [
            {
                "template-line-number": 644,
                "replacement-node": 163,
                "part": null,
                "expression-node": 164,
                "node-pos": 267
            }
        ],
        "rule-46": [
            {
                "template-line-number": 563,
                "replacement-node": 142,
                "part": null,
                "expression-node": 143,
                "node-pos": 235
            }
        ],
        "rule-47": [
            {
                "template-line-number": 577,
                "replacement-node": 145,
                "part": null,
                "node-pos": 241
            }
        ],
        "rule-37": [
            {
                "template-line-number": 460,
                "replacement-node": 115,
                "part": null,
                "expression-node": 116,
                "node-pos": 195
            }
        ],
        "rule-36": [
            {
                "template-line-number": 449,
                "replacement-node": 112,
                "part": null,
                "expression-node": 113,
                "node-pos": 191
            }
        ],
        "rule-18": [
            {
                "template-line-number": 233,
                "replacement-node": 58,
                "part": null,
                "expression-node": 59,
                "node-pos": 101
            }
        ],
        "rule-77": {
            "subs": [
                {
                    "template-line-number": 159,
                    "extras": {},
                    "replacement-node": 37,
                    "part": "1",
                    "node-pos": 69,
                    "name": "ColumnHeadeings"
                },
                {
                    "template-line-number": 166,
                    "extras": {},
                    "replacement-node": 40,
                    "part": "2",
                    "node-pos": 73,
                    "name": "ColumnHeadeings"
                }
            ],
            "name": "ColumnHeadeings"
        },
        "rule-68": [
            {
                "template-line-number": 817,
                "replacement-node": 208,
                "part": null,
                "expression-node": 209,
                "node-pos": 335
            }
        ],
        "rule-27": [
            {
                "template-line-number": 341,
                "replacement-node": 85,
                "part": null,
                "expression-node": 86,
                "node-pos": 146
            }
        ],
        "rule-19": [
            {
                "template-line-number": 244,
                "replacement-node": 61,
                "part": null,
                "expression-node": 62,
                "node-pos": 105
            }
        ],
        "rule-2": [
            {
                "template-line-number": 26,
                "replacement-node": 3,
                "part": null,
                "expression-node": 4,
                "node-pos": 13
            }
        ],
        "rule-44": [
            {
                "template-line-number": 541,
                "replacement-node": 136,
                "part": null,
                "expression-node": 137,
                "node-pos": 227
            }
        ],
        "rule-10": [
            {
                "template-line-number": 103,
                "replacement-node": 27,
                "part": null,
                "expression-node": 28,
                "node-pos": 47
            }
        ],
        "rule-22": [
            {
                "template-line-number": 279,
                "replacement-node": 70,
                "part": null,
                "expression-node": 71,
                "node-pos": 119
            }
        ],
        "rule-26": [
            {
                "template-line-number": 331,
                "replacement-node": 82,
                "part": null,
                "node-pos": 142
            }
        ],
        "rule-23": [
            {
                "template-line-number": 290,
                "replacement-node": 73,
                "part": null,
                "expression-node": 74,
                "node-pos": 123
            }
        ],
        "rule-75": [
            {
                "template-line-number": 916,
                "replacement-node": 229,
                "part": null,
                "node-pos": 386
            }
        ],
        "rule-66": [
            {
                "template-line-number": 793,
                "replacement-node": 202,
                "part": null,
                "expression-node": 203,
                "node-pos": 325
            }
        ],
        "rule-50": [
            {
                "template-line-number": 609,
                "replacement-node": 154,
                "part": null,
                "expression-node": 155,
                "node-pos": 253
            }
        ],
        "rule-43": [
            {
                "template-line-number": 531,
                "replacement-node": 133,
                "part": null,
                "node-pos": 223
            }
        ],
        "rule-15": [
            {
                "template-line-number": 198,
                "replacement-node": 49,
                "part": null,
                "expression-node": 50,
                "node-pos": 87
            }
        ],
        "rule-54": [
            {
                "template-line-number": 655,
                "replacement-node": 166,
                "part": null,
                "expression-node": 167,
                "node-pos": 271
            }
        ],
        "rule-25": [
            {
                "template-line-number": 315,
                "replacement-node": 79,
                "part": null,
                "node-pos": 133
            }
        ],
        "rule-20": [
            {
                "template-line-number": 255,
                "replacement-node": 64,
                "part": null,
                "expression-node": 65,
                "node-pos": 109
            }
        ],
        "rule-69": [
            {
                "template-line-number": 828,
                "replacement-node": 211,
                "part": null,
                "expression-node": 212,
                "node-pos": 339
            }
        ],
        "rule-49": [
            {
                "template-line-number": 598,
                "replacement-node": 151,
                "part": null,
                "expression-node": 152,
                "node-pos": 249
            }
        ],
        "rule-48": [
            {
                "template-line-number": 587,
                "replacement-node": 148,
                "part": null,
                "expression-node": 149,
                "node-pos": 245
            }
        ],
        "rule-35": [
            {
                "template-line-number": 439,
                "replacement-node": 109,
                "part": null,
                "node-pos": 187
            }
        ],
        "rule-32": [
            {
                "template-line-number": 403,
                "replacement-node": 100,
                "part": null,
                "expression-node": 101,
                "node-pos": 173
            }
        ],
        "rule-65": [
            {
                "template-line-number": 782,
                "replacement-node": 199,
                "part": null,
                "expression-node": 200,
                "node-pos": 321
            }
        ],
        "rule-9": [
            {
                "template-line-number": 97,
                "replacement-node": 24,
                "part": null,
                "expression-node": 25,
                "node-pos": 43
            }
        ],
        "rule-4": [
            {
                "template-line-number": 41,
                "replacement-node": 9,
                "part": null,
                "node-pos": 21,
                "html": true
            }
        ],
        "rule-33": [
            {
                "template-line-number": 414,
                "replacement-node": 103,
                "part": null,
                "expression-node": 104,
                "node-pos": 177
            }
        ],
        "rule-62": [
            {
                "template-line-number": 747,
                "replacement-node": 190,
                "part": null,
                "expression-node": 191,
                "node-pos": 307
            }
        ],
        "rule-17": [
            {
                "template-line-number": 223,
                "replacement-node": 55,
                "part": null,
                "node-pos": 97
            }
        ],
        "rule-7": [
            {
                "template-line-number": 83,
                "replacement-node": 18,
                "part": null,
                "expression-node": 19,
                "node-pos": 35
            }
        ],
        "rule-58": [
            {
                "template-line-number": 701,
                "replacement-node": 178,
                "part": null,
                "expression-node": 179,
                "node-pos": 289
            }
        ],
        "rule-42": [
            {
                "template-line-number": 517,
                "replacement-node": 130,
                "part": null,
                "expression-node": 131,
                "node-pos": 217
            }
        ],
        "rule-60": [
            {
                "template-line-number": 725,
                "replacement-node": 184,
                "part": null,
                "expression-node": 185,
                "node-pos": 299
            }
        ],
        "rule-72": [
            {
                "template-line-number": 884,
                "replacement-node": 220,
                "part": null,
                "expression-node": 221,
                "node-pos": 371
            }
        ],
        "rule-63": [
            {
                "template-line-number": 761,
                "replacement-node": 193,
                "part": null,
                "node-pos": 313
            }
        ],
        "rule-57": [
            {
                "template-line-number": 690,
                "replacement-node": 175,
                "part": null,
                "expression-node": 176,
                "node-pos": 285
            }
        ],
        "rule-6": [
            {
                "template-line-number": 76,
                "replacement-node": 15,
                "part": null,
                "node-pos": 31
            }
        ],
        "rule-11": [
            {
                "template-line-number": 115,
                "replacement-node": 30,
                "part": null,
                "node-pos": 53
            }
        ],
        "rule-45": [
            {
                "template-line-number": 552,
                "replacement-node": 139,
                "part": null,
                "expression-node": 140,
                "node-pos": 231
            }
        ],
        "rule-52": [
            {
                "template-line-number": 633,
                "replacement-node": 160,
                "part": null,
                "expression-node": 161,
                "node-pos": 263
            }
        ],
        "rule-3": [
            {
                "template-line-number": 33,
                "replacement-node": 6,
                "part": null,
                "node-pos": 17
            }
        ],
        "rule-14": [
            {
                "template-line-number": 187,
                "replacement-node": 46,
                "part": null,
                "expression-node": 47,
                "node-pos": 83
            }
        ],
        "rule-71": [
            {
                "template-line-number": 874,
                "replacement-node": 217,
                "part": null,
                "node-pos": 367
            }
        ],
        "rule-41": [
            {
                "template-line-number": 506,
                "replacement-node": 127,
                "part": null,
                "expression-node": 128,
                "node-pos": 213
            }
        ],
        "rule-76": [
            {
                "template-line-number": 925,
                "replacement-node": 232,
                "part": null,
                "node-pos": 390
            }
        ],
        "rule-73": [
            {
                "template-line-number": 895,
                "replacement-node": 223,
                "part": null,
                "expression-node": 224,
                "node-pos": 375
            }
        ],
        "rule-61": [
            {
                "template-line-number": 736,
                "replacement-node": 187,
                "part": null,
                "expression-node": 188,
                "node-pos": 303
            }
        ],
        "rule-1": [
            {
                "template-line-number": 19,
                "replacement-node": 0,
                "part": null,
                "node-pos": 9
            }
        ],
        "rule-56": [
            {
                "template-line-number": 679,
                "replacement-node": 172,
                "part": null,
                "expression-node": 173,
                "node-pos": 281
            }
        ],
        "rule-5": [
            {
                "template-line-number": 58,
                "replacement-node": 12,
                "part": null,
                "node-pos": 26,
                "html": true
            }
        ],
        "rule-29": [
            {
                "template-line-number": 363,
                "replacement-node": 91,
                "part": null,
                "expression-node": 92,
                "node-pos": 154
            }
        ],
        "rule-55": [
            {
                "template-line-number": 669,
                "replacement-node": 169,
                "part": null,
                "node-pos": 277
            }
        ],
        "rule-30": [
            {
                "template-line-number": 377,
                "replacement-node": 94,
                "part": null,
                "node-pos": 160
            }
        ],
        "rule-67": [
            {
                "template-line-number": 807,
                "replacement-node": 205,
                "part": null,
                "node-pos": 331
            }
        ],
        "rule-13": [
            {
                "template-line-number": 177,
                "replacement-node": 43,
                "part": null,
                "node-pos": 79
            }
        ],
        "rule-39": [
            {
                "template-line-number": 485,
                "replacement-node": 121,
                "part": null,
                "node-pos": 205
            }
        ],
        "rule-12": [
            {
                "template-line-number": 126,
                "replacement-node": 33,
                "part": null,
                "node-pos": 58,
                "html": true
            }
        ],
        "rule-74": [
            {
                "template-line-number": 911,
                "replacement-node": 226,
                "part": null,
                "expression-node": 227,
                "node-pos": 382
            }
        ],
        "rule-24": [
            {
                "template-line-number": 301,
                "replacement-node": 76,
                "part": null,
                "expression-node": 77,
                "node-pos": 127
            }
        ],
        "rule-70": [
            {
                "template-line-number": 839,
                "replacement-node": 214,
                "part": null,
                "expression-node": 215,
                "node-pos": 343
            }
        ],
        "rule-34": [
            {
                "template-line-number": 425,
                "replacement-node": 106,
                "part": null,
                "expression-node": 107,
                "node-pos": 181
            }
        ],
        "rule-51": [
            {
                "template-line-number": 623,
                "replacement-node": 157,
                "part": null,
                "node-pos": 259
            }
        ],
        "rule-64": [
            {
                "template-line-number": 771,
                "replacement-node": 196,
                "part": null,
                "expression-node": 197,
                "node-pos": 317
            }
        ],
        "rule-16": [
            {
                "template-line-number": 209,
                "replacement-node": 52,
                "part": null,
                "expression-node": 53,
                "node-pos": 91
            }
        ],
        "rule-38": [
            {
                "template-line-number": 471,
                "replacement-node": 118,
                "part": null,
                "expression-node": 119,
                "node-pos": 199
            }
        ],
        "rule-28": [
            {
                "template-line-number": 352,
                "replacement-node": 88,
                "part": null,
                "expression-node": 89,
                "node-pos": 150
            }
        ]
    },
    "line-numbers": {}
}