{
    "showifs": {},
    "line-numbers": {},
    "substitutions": {
        "rule-79": [
            {
                "part": null,
                "node-pos": 398,
                "template-line-number": 956,
                "replacement-node": 241
            }
        ],
        "rule-7": [
            {
                "expression-node": 19,
                "part": null,
                "node-pos": 35,
                "template-line-number": 83,
                "replacement-node": 18
            }
        ],
        "rule-65": [
            {
                "expression-node": 200,
                "part": null,
                "node-pos": 316,
                "template-line-number": 777,
                "replacement-node": 199
            }
        ],
        "rule-17": [
            {
                "part": null,
                "node-pos": 97,
                "template-line-number": 223,
                "replacement-node": 55
            }
        ],
        "rule-8": [
            {
                "part": null,
                "node-pos": 39,
                "template-line-number": 90,
                "replacement-node": 21
            }
        ],
        "rule-6": [
            {
                "part": null,
                "node-pos": 31,
                "template-line-number": 76,
                "replacement-node": 15
            }
        ],
        "rule-80": [
            {
                "part": null,
                "node-pos": 402,
                "template-line-number": 965,
                "replacement-node": 244
            }
        ],
        "rule-38": [
            {
                "part": null,
                "node-pos": 196,
                "template-line-number": 469,
                "replacement-node": 118
            }
        ],
        "rule-77": [
            {
                "expression-node": 236,
                "part": null,
                "node-pos": 388,
                "template-line-number": 936,
                "replacement-node": 235
            }
        ],
        "rule-58": [
            {
                "part": null,
                "node-pos": 286,
                "template-line-number": 699,
                "replacement-node": 178
            }
        ],
        "rule-14": [
            {
                "expression-node": 47,
                "part": null,
                "node-pos": 83,
                "template-line-number": 187,
                "replacement-node": 46
            }
        ],
        "rule-55": [
            {
                "expression-node": 170,
                "part": null,
                "node-pos": 272,
                "template-line-number": 663,
                "replacement-node": 169
            }
        ],
        "rule-18": [
            {
                "expression-node": 59,
                "part": null,
                "node-pos": 101,
                "template-line-number": 233,
                "replacement-node": 58
            }
        ],
        "rule-74": [
            {
                "part": null,
                "node-pos": 376,
                "template-line-number": 904,
                "replacement-node": 226
            }
        ],
        "rule-64": [
            {
                "expression-node": 197,
                "part": null,
                "node-pos": 312,
                "template-line-number": 766,
                "replacement-node": 196
            }
        ],
        "rule-28": [
            {
                "expression-node": 89,
                "part": null,
                "node-pos": 150,
                "template-line-number": 352,
                "replacement-node": 88
            }
        ],
        "rule-19": [
            {
                "expression-node": 62,
                "part": null,
                "node-pos": 105,
                "template-line-number": 244,
                "replacement-node": 61
            }
        ],
        "rule-1": [
            {
                "part": null,
                "node-pos": 9,
                "template-line-number": 19,
                "replacement-node": 0
            }
        ],
        "rule-53": [
            {
                "expression-node": 164,
                "part": null,
                "node-pos": 262,
                "template-line-number": 639,
                "replacement-node": 163
            }
        ],
        "rule-43": [
            {
                "expression-node": 134,
                "part": null,
                "node-pos": 218,
                "template-line-number": 525,
                "replacement-node": 133
            }
        ],
        "rule-21": [
            {
                "part": null,
                "node-pos": 115,
                "template-line-number": 269,
                "replacement-node": 67
            }
        ],
        "rule-5": [
            {
                "html": true,
                "part": null,
                "node-pos": 26,
                "template-line-number": 58,
                "replacement-node": 12
            }
        ],
        "rule-31": [
            {
                "expression-node": 98,
                "part": null,
                "node-pos": 164,
                "template-line-number": 387,
                "replacement-node": 97
            }
        ],
        "rule-46": [
            {
                "part": null,
                "node-pos": 232,
                "template-line-number": 561,
                "replacement-node": 142
            }
        ],
        "rule-3": [
            {
                "part": null,
                "node-pos": 17,
                "template-line-number": 33,
                "replacement-node": 6
            }
        ],
        "rule-54": [
            {
                "part": null,
                "node-pos": 268,
                "template-line-number": 653,
                "replacement-node": 166
            }
        ],
        "rule-24": [
            {
                "expression-node": 77,
                "part": null,
                "node-pos": 127,
                "template-line-number": 301,
                "replacement-node": 76
            }
        ],
        "rule-44": [
            {
                "expression-node": 137,
                "part": null,
                "node-pos": 222,
                "template-line-number": 536,
                "replacement-node": 136
            }
        ],
        "rule-73": [
            {
                "expression-node": 224,
                "part": null,
                "node-pos": 352,
                "template-line-number": 869,
                "replacement-node": 223
            }
        ],
        "rule-40": [
            {
                "expression-node": 125,
                "part": null,
                "node-pos": 204,
                "template-line-number": 490,
                "replacement-node": 124
            }
        ],
        "rule-20": [
            {
                "expression-node": 65,
                "part": null,
                "node-pos": 109,
                "template-line-number": 255,
                "replacement-node": 64
            }
        ],
        "rule-57": [
            {
                "expression-node": 176,
                "part": null,
                "node-pos": 280,
                "template-line-number": 685,
                "replacement-node": 175
            }
        ],
        "rule-52": [
            {
                "expression-node": 161,
                "part": null,
                "node-pos": 258,
                "template-line-number": 628,
                "replacement-node": 160
            }
        ],
        "rule-22": [
            {
                "expression-node": 71,
                "part": null,
                "node-pos": 119,
                "template-line-number": 279,
                "replacement-node": 70
            }
        ],
        "rule-69": [
            {
                "expression-node": 212,
                "part": null,
                "node-pos": 334,
                "template-line-number": 823,
                "replacement-node": 211
            }
        ],
        "rule-60": [
            {
                "expression-node": 185,
                "part": null,
                "node-pos": 294,
                "template-line-number": 720,
                "replacement-node": 184
            }
        ],
        "rule-23": [
            {
                "expression-node": 74,
                "part": null,
                "node-pos": 123,
                "template-line-number": 290,
                "replacement-node": 73
            }
        ],
        "rule-71": [
            {
                "expression-node": 218,
                "part": null,
                "node-pos": 344,
                "template-line-number": 847,
                "replacement-node": 217
            }
        ],
        "rule-76": [
            {
                "expression-node": 233,
                "part": null,
                "node-pos": 384,
                "template-line-number": 925,
                "replacement-node": 232
            }
        ],
        "rule-9": [
            {
                "expression-node": 25,
                "part": null,
                "node-pos": 43,
                "template-line-number": 97,
                "replacement-node": 24
            }
        ],
        "rule-4": [
            {
                "html": true,
                "part": null,
                "node-pos": 21,
                "template-line-number": 41,
                "replacement-node": 9
            }
        ],
        "rule-50": [
            {
                "part": null,
                "node-pos": 250,
                "template-line-number": 607,
                "replacement-node": 154
            }
        ],
        "rule-15": [
            {
                "expression-node": 50,
                "part": null,
                "node-pos": 87,
                "template-line-number": 198,
                "replacement-node": 49
            }
        ],
        "rule-35": [
            {
                "expression-node": 110,
                "part": null,
                "node-pos": 182,
                "template-line-number": 433,
                "replacement-node": 109
            }
        ],
        "rule-10": [
            {
                "expression-node": 28,
                "part": null,
                "node-pos": 47,
                "template-line-number": 103,
                "replacement-node": 27
            }
        ],
        "rule-42": [
            {
                "part": null,
                "node-pos": 214,
                "template-line-number": 515,
                "replacement-node": 130
            }
        ],
        "rule-70": [
            {
                "part": null,
                "node-pos": 340,
                "template-line-number": 837,
                "replacement-node": 214
            }
        ],
        "rule-11": [
            {
                "part": null,
                "node-pos": 53,
                "template-line-number": 115,
                "replacement-node": 30
            }
        ],
        "rule-81": {
            "name": "ColumnHeadeings",
            "subs": [
                {
                    "part": "1",
                    "extras": {},
                    "name": "ColumnHeadeings",
                    "node-pos": 69,
                    "template-line-number": 159,
                    "replacement-node": 37
                },
                {
                    "part": "2",
                    "extras": {},
                    "name": "ColumnHeadeings",
                    "node-pos": 73,
                    "template-line-number": 166,
                    "replacement-node": 40
                }
            ]
        },
        "rule-51": [
            {
                "expression-node": 158,
                "part": null,
                "node-pos": 254,
                "template-line-number": 617,
                "replacement-node": 157
            }
        ],
        "rule-62": [
            {
                "part": null,
                "node-pos": 304,
                "template-line-number": 745,
                "replacement-node": 190
            }
        ],
        "rule-34": [
            {
                "part": null,
                "node-pos": 178,
                "template-line-number": 423,
                "replacement-node": 106
            }
        ],
        "rule-13": [
            {
                "part": null,
                "node-pos": 79,
                "template-line-number": 177,
                "replacement-node": 43
            }
        ],
        "rule-25": [
            {
                "part": null,
                "node-pos": 133,
                "template-line-number": 315,
                "replacement-node": 79
            }
        ],
        "rule-66": [
            {
                "part": null,
                "node-pos": 322,
                "template-line-number": 791,
                "replacement-node": 202
            }
        ],
        "rule-67": [
            {
                "expression-node": 206,
                "part": null,
                "node-pos": 326,
                "template-line-number": 801,
                "replacement-node": 205
            }
        ],
        "rule-12": [
            {
                "html": true,
                "part": null,
                "node-pos": 58,
                "template-line-number": 126,
                "replacement-node": 33
            }
        ],
        "rule-33": [
            {
                "expression-node": 104,
                "part": null,
                "node-pos": 172,
                "template-line-number": 409,
                "replacement-node": 103
            }
        ],
        "rule-68": [
            {
                "expression-node": 209,
                "part": null,
                "node-pos": 330,
                "template-line-number": 812,
                "replacement-node": 208
            }
        ],
        "rule-59": [
            {
                "expression-node": 182,
                "part": null,
                "node-pos": 290,
                "template-line-number": 709,
                "replacement-node": 181
            }
        ],
        "rule-45": [
            {
                "expression-node": 140,
                "part": null,
                "node-pos": 226,
                "template-line-number": 547,
                "replacement-node": 139
            }
        ],
        "rule-78": [
            {
                "expression-node": 239,
                "part": null,
                "node-pos": 394,
                "template-line-number": 951,
                "replacement-node": 238
            }
        ],
        "rule-26": [
            {
                "part": null,
                "node-pos": 142,
                "template-line-number": 331,
                "replacement-node": 82
            }
        ],
        "rule-30": [
            {
                "part": null,
                "node-pos": 160,
                "template-line-number": 377,
                "replacement-node": 94
            }
        ],
        "rule-29": [
            {
                "expression-node": 92,
                "part": null,
                "node-pos": 154,
                "template-line-number": 363,
                "replacement-node": 91
            }
        ],
        "rule-32": [
            {
                "expression-node": 101,
                "part": null,
                "node-pos": 168,
                "template-line-number": 398,
                "replacement-node": 100
            }
        ],
        "rule-36": [
            {
                "expression-node": 113,
                "part": null,
                "node-pos": 186,
                "template-line-number": 444,
                "replacement-node": 112
            }
        ],
        "rule-37": [
            {
                "expression-node": 116,
                "part": null,
                "node-pos": 190,
                "template-line-number": 455,
                "replacement-node": 115
            }
        ],
        "rule-61": [
            {
                "expression-node": 188,
                "part": null,
                "node-pos": 298,
                "template-line-number": 731,
                "replacement-node": 187
            }
        ],
        "rule-48": [
            {
                "expression-node": 149,
                "part": null,
                "node-pos": 240,
                "template-line-number": 582,
                "replacement-node": 148
            }
        ],
        "rule-39": [
            {
                "expression-node": 122,
                "part": null,
                "node-pos": 200,
                "template-line-number": 479,
                "replacement-node": 121
            }
        ],
        "rule-72": [
            {
                "expression-node": 221,
                "part": null,
                "node-pos": 348,
                "template-line-number": 858,
                "replacement-node": 220
            }
        ],
        "rule-27": [
            {
                "expression-node": 86,
                "part": null,
                "node-pos": 146,
                "template-line-number": 341,
                "replacement-node": 85
            }
        ],
        "rule-49": [
            {
                "expression-node": 152,
                "part": null,
                "node-pos": 244,
                "template-line-number": 593,
                "replacement-node": 151
            }
        ],
        "rule-41": [
            {
                "expression-node": 128,
                "part": null,
                "node-pos": 208,
                "template-line-number": 501,
                "replacement-node": 127
            }
        ],
        "rule-63": [
            {
                "expression-node": 194,
                "part": null,
                "node-pos": 308,
                "template-line-number": 755,
                "replacement-node": 193
            }
        ],
        "rule-56": [
            {
                "expression-node": 173,
                "part": null,
                "node-pos": 276,
                "template-line-number": 674,
                "replacement-node": 172
            }
        ],
        "rule-16": [
            {
                "expression-node": 53,
                "part": null,
                "node-pos": 91,
                "template-line-number": 209,
                "replacement-node": 52
            }
        ],
        "rule-47": [
            {
                "expression-node": 146,
                "part": null,
                "node-pos": 236,
                "template-line-number": 571,
                "replacement-node": 145
            }
        ],
        "rule-2": [
            {
                "expression-node": 4,
                "part": null,
                "node-pos": 13,
                "template-line-number": 26,
                "replacement-node": 3
            }
        ],
        "rule-75": [
            {
                "expression-node": 230,
                "part": null,
                "node-pos": 380,
                "template-line-number": 914,
                "replacement-node": 229
            }
        ]
    }
}