{
    "line-numbers": {
        "MatsAndSuppsOtherClasses": [
            {
                "template-line-number": 898,
                "line-number-node": 218,
                "start-number": 17
            }
        ]
    },
    "showifs": {},
    "substitutions": {
        "rule-66": [
            {
                "expression-node": 203,
                "node-pos": 325,
                "part": null,
                "template-line-number": 793,
                "replacement-node": 202
            }
        ],
        "rule-26": [
            {
                "node-pos": 142,
                "part": null,
                "template-line-number": 331,
                "replacement-node": 82
            }
        ],
        "rule-28": [
            {
                "expression-node": 89,
                "node-pos": 150,
                "part": null,
                "template-line-number": 352,
                "replacement-node": 88
            }
        ],
        "rule-33": [
            {
                "expression-node": 104,
                "node-pos": 177,
                "part": null,
                "template-line-number": 414,
                "replacement-node": 103
            }
        ],
        "rule-21": [
            {
                "node-pos": 115,
                "part": null,
                "template-line-number": 269,
                "replacement-node": 67
            }
        ],
        "rule-7": [
            {
                "expression-node": 19,
                "node-pos": 35,
                "part": null,
                "template-line-number": 83,
                "replacement-node": 18
            }
        ],
        "rule-55": [
            {
                "node-pos": 277,
                "part": null,
                "template-line-number": 669,
                "replacement-node": 169
            }
        ],
        "rule-63": [
            {
                "node-pos": 313,
                "part": null,
                "template-line-number": 761,
                "replacement-node": 193
            }
        ],
        "rule-75": [
            {
                "node-pos": 389,
                "part": null,
                "template-line-number": 986,
                "replacement-node": 244
            }
        ],
        "rule-71": [
            {
                "node-pos": 370,
                "part": null,
                "template-line-number": 944,
                "replacement-node": 232
            }
        ],
        "rule-62": [
            {
                "expression-node": 191,
                "node-pos": 307,
                "part": null,
                "template-line-number": 747,
                "replacement-node": 190
            }
        ],
        "rule-42": [
            {
                "expression-node": 131,
                "node-pos": 217,
                "part": null,
                "template-line-number": 517,
                "replacement-node": 130
            }
        ],
        "rule-4": [
            {
                "html": true,
                "node-pos": 21,
                "part": null,
                "template-line-number": 41,
                "replacement-node": 9
            }
        ],
        "rule-61": [
            {
                "expression-node": 188,
                "node-pos": 303,
                "part": null,
                "template-line-number": 736,
                "replacement-node": 187
            }
        ],
        "rule-3": [
            {
                "node-pos": 17,
                "part": null,
                "template-line-number": 33,
                "replacement-node": 6
            }
        ],
        "rule-17": [
            {
                "node-pos": 97,
                "part": null,
                "template-line-number": 223,
                "replacement-node": 55
            }
        ],
        "rule-9": [
            {
                "expression-node": 25,
                "node-pos": 43,
                "part": null,
                "template-line-number": 97,
                "replacement-node": 24
            }
        ],
        "rule-16": [
            {
                "expression-node": 53,
                "node-pos": 91,
                "part": null,
                "template-line-number": 209,
                "replacement-node": 52
            }
        ],
        "rule-37": [
            {
                "expression-node": 116,
                "node-pos": 195,
                "part": null,
                "template-line-number": 460,
                "replacement-node": 115
            }
        ],
        "rule-34": [
            {
                "expression-node": 107,
                "node-pos": 181,
                "part": null,
                "template-line-number": 425,
                "replacement-node": 106
            }
        ],
        "rule-14": [
            {
                "expression-node": 47,
                "node-pos": 83,
                "part": null,
                "template-line-number": 187,
                "replacement-node": 46
            }
        ],
        "rule-39": [
            {
                "node-pos": 205,
                "part": null,
                "template-line-number": 485,
                "replacement-node": 121
            }
        ],
        "rule-49": [
            {
                "expression-node": 152,
                "node-pos": 249,
                "part": null,
                "template-line-number": 598,
                "replacement-node": 151
            }
        ],
        "rule-11": [
            {
                "node-pos": 53,
                "part": null,
                "template-line-number": 115,
                "replacement-node": 30
            }
        ],
        "rule-40": [
            {
                "expression-node": 125,
                "node-pos": 209,
                "part": null,
                "template-line-number": 495,
                "replacement-node": 124
            }
        ],
        "rule-19": [
            {
                "expression-node": 62,
                "node-pos": 105,
                "part": null,
                "template-line-number": 244,
                "replacement-node": 61
            }
        ],
        "rule-41": [
            {
                "expression-node": 128,
                "node-pos": 213,
                "part": null,
                "template-line-number": 506,
                "replacement-node": 127
            }
        ],
        "rule-13": [
            {
                "node-pos": 79,
                "part": null,
                "template-line-number": 177,
                "replacement-node": 43
            }
        ],
        "rule-22": [
            {
                "expression-node": 71,
                "node-pos": 119,
                "part": null,
                "template-line-number": 279,
                "replacement-node": 70
            }
        ],
        "rule-78": {
            "subs": [
                {
                    "node-pos": 69,
                    "name": "ColumnHeadeings",
                    "template-line-number": 159,
                    "part": "1",
                    "replacement-node": 37,
                    "extras": {}
                },
                {
                    "node-pos": 73,
                    "name": "ColumnHeadeings",
                    "template-line-number": 166,
                    "part": "2",
                    "replacement-node": 40,
                    "extras": {}
                }
            ],
            "name": "ColumnHeadeings"
        },
        "rule-57": [
            {
                "expression-node": 176,
                "node-pos": 285,
                "part": null,
                "template-line-number": 690,
                "replacement-node": 175
            }
        ],
        "rule-2": [
            {
                "expression-node": 4,
                "node-pos": 13,
                "part": null,
                "template-line-number": 26,
                "replacement-node": 3
            }
        ],
        "rule-45": [
            {
                "expression-node": 140,
                "node-pos": 231,
                "part": null,
                "template-line-number": 552,
                "replacement-node": 139
            }
        ],
        "rule-53": [
            {
                "expression-node": 164,
                "node-pos": 267,
                "part": null,
                "template-line-number": 644,
                "replacement-node": 163
            }
        ],
        "rule-44": [
            {
                "expression-node": 137,
                "node-pos": 227,
                "part": null,
                "template-line-number": 541,
                "replacement-node": 136
            }
        ],
        "rule-47": [
            {
                "node-pos": 241,
                "part": null,
                "template-line-number": 577,
                "replacement-node": 145
            }
        ],
        "rule-10": [
            {
                "expression-node": 28,
                "node-pos": 47,
                "part": null,
                "template-line-number": 103,
                "replacement-node": 27
            }
        ],
        "rule-30": [
            {
                "node-pos": 160,
                "part": null,
                "template-line-number": 377,
                "replacement-node": 94
            }
        ],
        "rule-48": [
            {
                "expression-node": 149,
                "node-pos": 245,
                "part": null,
                "template-line-number": 587,
                "replacement-node": 148
            }
        ],
        "rule-56": [
            {
                "expression-node": 173,
                "node-pos": 281,
                "part": null,
                "template-line-number": 679,
                "replacement-node": 172
            }
        ],
        "rule-20": [
            {
                "expression-node": 65,
                "node-pos": 109,
                "part": null,
                "template-line-number": 255,
                "replacement-node": 64
            }
        ],
        "rule-23": [
            {
                "expression-node": 74,
                "node-pos": 123,
                "part": null,
                "template-line-number": 290,
                "replacement-node": 73
            }
        ],
        "rule-38": [
            {
                "expression-node": 119,
                "node-pos": 199,
                "part": null,
                "template-line-number": 471,
                "replacement-node": 118
            }
        ],
        "rule-15": [
            {
                "expression-node": 50,
                "node-pos": 87,
                "part": null,
                "template-line-number": 198,
                "replacement-node": 49
            }
        ],
        "rule-72": [
            {
                "expression-node": 236,
                "node-pos": 374,
                "part": null,
                "template-line-number": 954,
                "replacement-node": 235
            }
        ],
        "rule-32": [
            {
                "expression-node": 101,
                "node-pos": 173,
                "part": null,
                "template-line-number": 403,
                "replacement-node": 100
            }
        ],
        "rule-60": [
            {
                "expression-node": 185,
                "node-pos": 299,
                "part": null,
                "template-line-number": 725,
                "replacement-node": 184
            }
        ],
        "rule-5": [
            {
                "html": true,
                "node-pos": 26,
                "part": null,
                "template-line-number": 58,
                "replacement-node": 12
            }
        ],
        "rule-46": [
            {
                "expression-node": 143,
                "node-pos": 235,
                "part": null,
                "template-line-number": 563,
                "replacement-node": 142
            }
        ],
        "rule-8": [
            {
                "node-pos": 39,
                "part": null,
                "template-line-number": 90,
                "replacement-node": 21
            }
        ],
        "rule-51": [
            {
                "node-pos": 259,
                "part": null,
                "template-line-number": 623,
                "replacement-node": 157
            }
        ],
        "rule-35": [
            {
                "node-pos": 187,
                "part": null,
                "template-line-number": 439,
                "replacement-node": 109
            }
        ],
        "rule-59": [
            {
                "node-pos": 295,
                "part": null,
                "template-line-number": 715,
                "replacement-node": 181
            }
        ],
        "rule-69": [
            {
                "expression-node": 212,
                "node-pos": 339,
                "part": null,
                "template-line-number": 828,
                "replacement-node": 211
            }
        ],
        "rule-64": [
            {
                "expression-node": 197,
                "node-pos": 317,
                "part": null,
                "template-line-number": 771,
                "replacement-node": 196
            }
        ],
        "rule-52": [
            {
                "expression-node": 161,
                "node-pos": 263,
                "part": null,
                "template-line-number": 633,
                "replacement-node": 160
            }
        ],
        "rule-58": [
            {
                "expression-node": 179,
                "node-pos": 289,
                "part": null,
                "template-line-number": 701,
                "replacement-node": 178
            }
        ],
        "rule-36": [
            {
                "expression-node": 113,
                "node-pos": 191,
                "part": null,
                "template-line-number": 449,
                "replacement-node": 112
            }
        ],
        "rule-27": [
            {
                "expression-node": 86,
                "node-pos": 146,
                "part": null,
                "template-line-number": 341,
                "replacement-node": 85
            }
        ],
        "rule-6": [
            {
                "node-pos": 31,
                "part": null,
                "template-line-number": 76,
                "replacement-node": 15
            }
        ],
        "rule-70": [
            {
                "expression-node": 215,
                "node-pos": 343,
                "part": null,
                "template-line-number": 839,
                "replacement-node": 214
            }
        ],
        "rule-68": [
            {
                "expression-node": 209,
                "node-pos": 335,
                "part": null,
                "template-line-number": 817,
                "replacement-node": 208
            }
        ],
        "rule-24": [
            {
                "expression-node": 77,
                "node-pos": 127,
                "part": null,
                "template-line-number": 301,
                "replacement-node": 76
            }
        ],
        "rule-12": [
            {
                "html": true,
                "node-pos": 58,
                "part": null,
                "template-line-number": 126,
                "replacement-node": 33
            }
        ],
        "rule-74": [
            {
                "expression-node": 242,
                "node-pos": 385,
                "part": null,
                "template-line-number": 981,
                "replacement-node": 241
            }
        ],
        "rule-29": [
            {
                "expression-node": 92,
                "node-pos": 154,
                "part": null,
                "template-line-number": 363,
                "replacement-node": 91
            }
        ],
        "rule-67": [
            {
                "node-pos": 331,
                "part": null,
                "template-line-number": 807,
                "replacement-node": 205
            }
        ],
        "rule-73": [
            {
                "expression-node": 239,
                "node-pos": 378,
                "part": null,
                "template-line-number": 965,
                "replacement-node": 238
            }
        ],
        "rule-43": [
            {
                "node-pos": 223,
                "part": null,
                "template-line-number": 531,
                "replacement-node": 133
            }
        ],
        "rule-65": [
            {
                "expression-node": 200,
                "node-pos": 321,
                "part": null,
                "template-line-number": 782,
                "replacement-node": 199
            }
        ],
        "rule-1": [
            {
                "node-pos": 9,
                "part": null,
                "template-line-number": 19,
                "replacement-node": 0
            }
        ],
        "rule-76": [
            {
                "node-pos": 393,
                "part": null,
                "template-line-number": 995,
                "replacement-node": 247
            }
        ],
        "rule-77": {
            "subs": [
                {
                    "node-pos": 352,
                    "template-line-number": 905,
                    "expression-node": 221,
                    "part": "2",
                    "replacement-node": 220,
                    "name": "MatsAndSuppsOtherClasses"
                },
                {
                    "node-pos": 356,
                    "template-line-number": 914,
                    "expression-node": 224,
                    "part": "3",
                    "replacement-node": 223,
                    "name": "MatsAndSuppsOtherClasses"
                },
                {
                    "node-pos": 360,
                    "template-line-number": 923,
                    "expression-node": 227,
                    "part": "4",
                    "replacement-node": 226,
                    "name": "MatsAndSuppsOtherClasses"
                },
                {
                    "node-pos": 364,
                    "template-line-number": 931,
                    "expression-node": 230,
                    "part": "5",
                    "replacement-node": 229,
                    "name": "MatsAndSuppsOtherClasses"
                }
            ],
            "name": "MatsAndSuppsOtherClasses"
        },
        "rule-50": [
            {
                "expression-node": 155,
                "node-pos": 253,
                "part": null,
                "template-line-number": 609,
                "replacement-node": 154
            }
        ],
        "rule-31": [
            {
                "node-pos": 169,
                "part": null,
                "template-line-number": 393,
                "replacement-node": 97
            }
        ],
        "rule-54": [
            {
                "expression-node": 167,
                "node-pos": 271,
                "part": null,
                "template-line-number": 655,
                "replacement-node": 166
            }
        ],
        "rule-18": [
            {
                "expression-node": 59,
                "node-pos": 101,
                "part": null,
                "template-line-number": 233,
                "replacement-node": 58
            }
        ],
        "rule-25": [
            {
                "node-pos": 133,
                "part": null,
                "template-line-number": 315,
                "replacement-node": 79
            }
        ]
    }
}