{
    "showifs": {},
    "line-numbers": {
        "CommonStockLineItems": [
            {
                "line-number-node": 46,
                "template-line-number": 241,
                "start-number": 1
            }
        ]
    },
    "substitutions": {
        "rule-17": [
            {
                "node-pos": 167,
                "part": null,
                "expression-node": 91,
                "replacement-node": 90,
                "template-line-number": 353
            }
        ],
        "rule-7": [
            {
                "node-pos": 36,
                "part": null,
                "expression-node": 19,
                "replacement-node": 18,
                "template-line-number": 65
            }
        ],
        "rule-11": [
            {
                "node-pos": 54,
                "part": null,
                "replacement-node": 30,
                "template-line-number": 89
            }
        ],
        "rule-9": [
            {
                "node-pos": 44,
                "part": null,
                "expression-node": 25,
                "replacement-node": 24,
                "template-line-number": 74
            }
        ],
        "rule-16": [
            {
                "node-pos": 157,
                "part": null,
                "expression-node": 88,
                "replacement-node": 87,
                "template-line-number": 334
            }
        ],
        "rule-10": [
            {
                "node-pos": 48,
                "part": null,
                "expression-node": 28,
                "replacement-node": 27,
                "template-line-number": 79
            }
        ],
        "rule-13": [
            {
                "node-pos": 142,
                "part": null,
                "replacement-node": 78,
                "template-line-number": 300
            }
        ],
        "rule-21": {
            "subs": [
                {
                    "node-pos": 132,
                    "part": "10",
                    "expression-node": 73,
                    "name": "CommonStockLineItems",
                    "template-line-number": 284,
                    "replacement-node": 72
                },
                {
                    "node-pos": 136,
                    "part": "11",
                    "expression-node": 76,
                    "name": "CommonStockLineItems",
                    "template-line-number": 289,
                    "replacement-node": 75
                },
                {
                    "node-pos": 100,
                    "part": "2",
                    "expression-node": 49,
                    "name": "CommonStockLineItems",
                    "template-line-number": 244,
                    "replacement-node": 48
                },
                {
                    "node-pos": 104,
                    "part": "3",
                    "expression-node": 52,
                    "name": "CommonStockLineItems",
                    "template-line-number": 249,
                    "replacement-node": 51
                },
                {
                    "node-pos": 108,
                    "part": "4",
                    "expression-node": 55,
                    "name": "CommonStockLineItems",
                    "template-line-number": 254,
                    "replacement-node": 54
                },
                {
                    "node-pos": 112,
                    "part": "5",
                    "expression-node": 58,
                    "name": "CommonStockLineItems",
                    "template-line-number": 259,
                    "replacement-node": 57
                },
                {
                    "node-pos": 116,
                    "part": "6",
                    "expression-node": 61,
                    "name": "CommonStockLineItems",
                    "template-line-number": 264,
                    "replacement-node": 60
                },
                {
                    "node-pos": 120,
                    "part": "7",
                    "expression-node": 64,
                    "name": "CommonStockLineItems",
                    "template-line-number": 269,
                    "replacement-node": 63
                },
                {
                    "node-pos": 124,
                    "part": "8",
                    "expression-node": 67,
                    "name": "CommonStockLineItems",
                    "template-line-number": 274,
                    "replacement-node": 66
                },
                {
                    "node-pos": 128,
                    "part": "9",
                    "expression-node": 70,
                    "name": "CommonStockLineItems",
                    "template-line-number": 279,
                    "replacement-node": 69
                }
            ],
            "name": "CommonStockLineItems"
        },
        "rule-4": [
            {
                "node-pos": 22,
                "html": true,
                "part": null,
                "replacement-node": 9,
                "template-line-number": 38
            }
        ],
        "rule-12": [
            {
                "node-pos": 59,
                "html": true,
                "part": null,
                "replacement-node": 33,
                "template-line-number": 100
            }
        ],
        "rule-2": [
            {
                "node-pos": 14,
                "part": null,
                "expression-node": 4,
                "replacement-node": 3,
                "template-line-number": 26
            }
        ],
        "rule-3": [
            {
                "node-pos": 18,
                "part": null,
                "replacement-node": 6,
                "template-line-number": 32
            }
        ],
        "rule-14": [
            {
                "node-pos": 147,
                "part": null,
                "expression-node": 82,
                "replacement-node": 81,
                "template-line-number": 312
            }
        ],
        "rule-20": {
            "subs": [
                {
                    "node-pos": 87,
                    "part": "1",
                    "name": "ColumnHeadings",
                    "extras": {},
                    "template-line-number": 152,
                    "replacement-node": 39
                },
                {
                    "node-pos": 91,
                    "part": "2",
                    "name": "ColumnHeadings",
                    "extras": {},
                    "template-line-number": 160,
                    "replacement-node": 42
                },
                {
                    "node-pos": 85,
                    "part": "3",
                    "name": "ColumnHeadings",
                    "extras": {},
                    "template-line-number": 148,
                    "replacement-node": 37
                }
            ],
            "name": "ColumnHeadings"
        },
        "rule-19": [
            {
                "node-pos": 175,
                "part": null,
                "replacement-node": 96,
                "template-line-number": 367
            }
        ],
        "rule-15": [
            {
                "node-pos": 153,
                "part": null,
                "expression-node": 85,
                "replacement-node": 84,
                "template-line-number": 324
            }
        ],
        "rule-1": [
            {
                "node-pos": 10,
                "part": null,
                "replacement-node": 0,
                "template-line-number": 22
            }
        ],
        "rule-18": [
            {
                "node-pos": 171,
                "part": null,
                "replacement-node": 93,
                "template-line-number": 358
            }
        ],
        "rule-8": [
            {
                "node-pos": 40,
                "part": null,
                "replacement-node": 21,
                "template-line-number": 70
            }
        ],
        "rule-6": [
            {
                "node-pos": 32,
                "part": null,
                "replacement-node": 15,
                "template-line-number": 61
            }
        ],
        "rule-5": [
            {
                "node-pos": 27,
                "html": true,
                "part": null,
                "replacement-node": 12,
                "template-line-number": 50
            }
        ]
    }
}