{
    "substitutions": {
        "rule-4": [
            {
                "template-line-number": 40,
                "part": null,
                "html": true,
                "replacement-node": 9,
                "node-pos": 21
            }
        ],
        "rule-12": [
            {
                "template-line-number": 126,
                "part": null,
                "html": true,
                "replacement-node": 33,
                "node-pos": 58
            }
        ],
        "rule-6": [
            {
                "template-line-number": 75,
                "part": null,
                "replacement-node": 15,
                "node-pos": 31
            }
        ],
        "rule-17": {
            "subs": [
                {
                    "template-line-number": 369,
                    "part": "10",
                    "name": "SalesForResale",
                    "replacement-node": 70,
                    "expression-node": 71,
                    "node-pos": 121
                },
                {
                    "template-line-number": 378,
                    "part": "11",
                    "name": "SalesForResale",
                    "replacement-node": 73,
                    "expression-node": 74,
                    "node-pos": 125
                },
                {
                    "template-line-number": 387,
                    "part": "12",
                    "name": "SalesForResale",
                    "replacement-node": 76,
                    "expression-node": 77,
                    "node-pos": 129
                },
                {
                    "template-line-number": 397,
                    "part": "13",
                    "name": "SalesForResale",
                    "replacement-node": 79,
                    "expression-node": 80,
                    "node-pos": 133
                },
                {
                    "template-line-number": 406,
                    "part": "14",
                    "name": "SalesForResale",
                    "replacement-node": 82,
                    "expression-node": 83,
                    "node-pos": 137
                },
                {
                    "template-line-number": 415,
                    "part": "15",
                    "name": "SalesForResale",
                    "replacement-node": 85,
                    "expression-node": 86,
                    "node-pos": 141
                },
                {
                    "template-line-number": 424,
                    "part": "16",
                    "name": "SalesForResale",
                    "replacement-node": 88,
                    "expression-node": 89,
                    "node-pos": 145
                },
                {
                    "template-line-number": 433,
                    "part": "17",
                    "name": "SalesForResale",
                    "replacement-node": 91,
                    "expression-node": 92,
                    "node-pos": 149
                },
                {
                    "template-line-number": 443,
                    "part": "18",
                    "name": "SalesForResale",
                    "replacement-node": 94,
                    "expression-node": 95,
                    "node-pos": 153
                },
                {
                    "template-line-number": 452,
                    "part": "19",
                    "name": "SalesForResale",
                    "replacement-node": 97,
                    "expression-node": 98,
                    "node-pos": 157
                },
                {
                    "template-line-number": 297,
                    "part": "2",
                    "name": "SalesForResale",
                    "replacement-node": 46,
                    "expression-node": 47,
                    "node-pos": 89
                },
                {
                    "template-line-number": 461,
                    "part": "20",
                    "name": "SalesForResale",
                    "replacement-node": 100,
                    "expression-node": 101,
                    "node-pos": 161
                },
                {
                    "template-line-number": 306,
                    "part": "3",
                    "name": "SalesForResale",
                    "replacement-node": 49,
                    "expression-node": 50,
                    "node-pos": 93
                },
                {
                    "template-line-number": 315,
                    "part": "4",
                    "name": "SalesForResale",
                    "replacement-node": 52,
                    "expression-node": 53,
                    "node-pos": 97
                },
                {
                    "template-line-number": 324,
                    "part": "5",
                    "name": "SalesForResale",
                    "replacement-node": 55,
                    "expression-node": 56,
                    "node-pos": 101
                },
                {
                    "template-line-number": 333,
                    "part": "6",
                    "name": "SalesForResale",
                    "replacement-node": 58,
                    "expression-node": 59,
                    "node-pos": 105
                },
                {
                    "template-line-number": 342,
                    "part": "7",
                    "name": "SalesForResale",
                    "replacement-node": 61,
                    "expression-node": 62,
                    "node-pos": 109
                },
                {
                    "template-line-number": 351,
                    "part": "8",
                    "name": "SalesForResale",
                    "replacement-node": 64,
                    "expression-node": 65,
                    "node-pos": 113
                },
                {
                    "template-line-number": 360,
                    "part": "9",
                    "name": "SalesForResale",
                    "replacement-node": 67,
                    "expression-node": 68,
                    "node-pos": 117
                }
            ],
            "name": "SalesForResale"
        },
        "rule-9": [
            {
                "template-line-number": 96,
                "part": null,
                "expression-node": 25,
                "replacement-node": 24,
                "node-pos": 43
            }
        ],
        "rule-10": [
            {
                "template-line-number": 102,
                "part": null,
                "expression-node": 28,
                "replacement-node": 27,
                "node-pos": 47
            }
        ],
        "rule-14": [
            {
                "template-line-number": 633,
                "part": null,
                "replacement-node": 106,
                "node-pos": 171
            }
        ],
        "rule-15": [
            {
                "template-line-number": 643,
                "part": null,
                "replacement-node": 109,
                "node-pos": 175
            }
        ],
        "rule-2": [
            {
                "template-line-number": 25,
                "part": null,
                "expression-node": 4,
                "replacement-node": 3,
                "node-pos": 13
            }
        ],
        "rule-13": [
            {
                "template-line-number": 626,
                "part": null,
                "expression-node": 104,
                "replacement-node": 103,
                "node-pos": 167
            }
        ],
        "rule-5": [
            {
                "template-line-number": 57,
                "part": null,
                "html": true,
                "replacement-node": 12,
                "node-pos": 26
            }
        ],
        "rule-8": [
            {
                "template-line-number": 89,
                "part": null,
                "replacement-node": 21,
                "node-pos": 39
            }
        ],
        "rule-7": [
            {
                "template-line-number": 82,
                "part": null,
                "expression-node": 19,
                "replacement-node": 18,
                "node-pos": 35
            }
        ],
        "rule-3": [
            {
                "template-line-number": 32,
                "part": null,
                "replacement-node": 6,
                "node-pos": 17
            }
        ],
        "rule-11": [
            {
                "template-line-number": 114,
                "part": null,
                "html": true,
                "replacement-node": 30,
                "node-pos": 53
            }
        ],
        "rule-1": [
            {
                "template-line-number": 18,
                "part": null,
                "replacement-node": 0,
                "node-pos": 9
            }
        ],
        "rule-16": {
            "subs": [
                {
                    "template-line-number": 163,
                    "part": "1",
                    "name": "ISHeadings",
                    "replacement-node": 37,
                    "extras": {},
                    "node-pos": 76
                },
                {
                    "template-line-number": 170,
                    "part": "2",
                    "name": "ISHeadings",
                    "replacement-node": 40,
                    "extras": {},
                    "node-pos": 80
                }
            ],
            "name": "ISHeadings"
        }
    },
    "showifs": {},
    "line-numbers": {
        "SalesForResale": [
            {
                "start-number": 1,
                "template-line-number": 292,
                "line-number-node": 44
            }
        ]
    }
}