{
    "showifs": {
        "rule-1": {
            "template-line-number": 17,
            "type": "showif"
        }
    },
    "substitutions": {
        "rule-11": [
            {
                "expression-node": 29,
                "replacement-node": 28,
                "node-pos": 48,
                "template-line-number": 84,
                "part": null
            }
        ],
        "rule-17": [
            {
                "replacement-node": 75,
                "node-pos": 131,
                "template-line-number": 305,
                "part": null
            }
        ],
        "rule-18": [
            {
                "replacement-node": 78,
                "node-pos": 135,
                "template-line-number": 314,
                "part": null
            }
        ],
        "rule-7": [
            {
                "replacement-node": 16,
                "node-pos": 32,
                "template-line-number": 66,
                "part": null
            }
        ],
        "rule-19": {
            "name": "GSPHeadings",
            "subs": [
                {
                    "extras": {},
                    "template-line-number": 140,
                    "replacement-node": 40,
                    "name": "GSPHeadings",
                    "part": "1",
                    "node-pos": 76
                },
                {
                    "extras": {},
                    "template-line-number": 149,
                    "replacement-node": 43,
                    "name": "GSPHeadings",
                    "part": "2",
                    "node-pos": 80
                },
                {
                    "extras": {},
                    "template-line-number": 136,
                    "replacement-node": 38,
                    "name": "GSPHeadings",
                    "part": "3",
                    "node-pos": 74
                }
            ]
        },
        "rule-14": [
            {
                "replacement-node": 66,
                "node-pos": 113,
                "template-line-number": 272,
                "part": null
            }
        ],
        "rule-3": [
            {
                "expression-node": 5,
                "replacement-node": 4,
                "node-pos": 14,
                "template-line-number": 31,
                "part": null
            }
        ],
        "rule-9": [
            {
                "replacement-node": 22,
                "node-pos": 40,
                "template-line-number": 75,
                "part": null
            }
        ],
        "rule-6": [
            {
                "replacement-node": 13,
                "node-pos": 27,
                "template-line-number": 55,
                "part": null,
                "html": true
            }
        ],
        "rule-16": [
            {
                "expression-node": 73,
                "replacement-node": 72,
                "node-pos": 127,
                "template-line-number": 300,
                "part": null
            }
        ],
        "rule-2": [
            {
                "replacement-node": 1,
                "node-pos": 10,
                "template-line-number": 27,
                "part": null
            }
        ],
        "rule-15": [
            {
                "expression-node": 70,
                "replacement-node": 69,
                "node-pos": 121,
                "template-line-number": 287,
                "part": null
            }
        ],
        "rule-12": [
            {
                "replacement-node": 31,
                "node-pos": 54,
                "template-line-number": 94,
                "part": null
            }
        ],
        "rule-13": [
            {
                "replacement-node": 34,
                "node-pos": 59,
                "template-line-number": 105,
                "part": null,
                "html": true
            }
        ],
        "rule-10": [
            {
                "expression-node": 26,
                "replacement-node": 25,
                "node-pos": 44,
                "template-line-number": 79,
                "part": null
            }
        ],
        "rule-5": [
            {
                "replacement-node": 10,
                "node-pos": 22,
                "template-line-number": 43,
                "part": null,
                "html": true
            }
        ],
        "rule-4": [
            {
                "replacement-node": 7,
                "node-pos": 18,
                "template-line-number": 37,
                "part": null
            }
        ],
        "rule-20": {
            "name": "TransmissionLines",
            "subs": [
                {
                    "expression-node": 50,
                    "template-line-number": 238,
                    "replacement-node": 49,
                    "name": "TransmissionLines",
                    "part": "2",
                    "node-pos": 89
                },
                {
                    "expression-node": 55,
                    "template-line-number": 246,
                    "replacement-node": 54,
                    "name": "TransmissionLines",
                    "part": "3",
                    "node-pos": 95
                },
                {
                    "expression-node": 58,
                    "template-line-number": 251,
                    "replacement-node": 57,
                    "name": "TransmissionLines",
                    "part": "3",
                    "node-pos": 99
                },
                {
                    "extras": {},
                    "template-line-number": 256,
                    "replacement-node": 60,
                    "name": "TransmissionLines",
                    "part": "3",
                    "node-pos": 103
                },
                {
                    "expression-node": 64,
                    "template-line-number": 261,
                    "replacement-node": 63,
                    "name": "TransmissionLines",
                    "part": "4",
                    "node-pos": 107
                }
            ]
        },
        "rule-8": [
            {
                "expression-node": 20,
                "replacement-node": 19,
                "node-pos": 36,
                "template-line-number": 70,
                "part": null
            }
        ]
    },
    "line-numbers": {
        "TransmissionLines": [
            {
                "line-number-node": 47,
                "template-line-number": 235,
                "start-number": 1
            }
        ]
    }
}