{
    "substitutions": {
        "rule-15": [
            {
                "template-line-number": 294,
                "part": null,
                "replacement-node": 71,
                "node-pos": 126,
                "expression-node": 72
            }
        ],
        "rule-13": [
            {
                "template-line-number": 266,
                "part": null,
                "replacement-node": 65,
                "node-pos": 112
            }
        ],
        "rule-12": [
            {
                "template-line-number": 99,
                "part": null,
                "replacement-node": 33,
                "html": true,
                "node-pos": 58
            }
        ],
        "rule-2": [
            {
                "template-line-number": 25,
                "part": null,
                "replacement-node": 3,
                "node-pos": 13,
                "expression-node": 4
            }
        ],
        "rule-10": [
            {
                "template-line-number": 78,
                "part": null,
                "replacement-node": 27,
                "node-pos": 47,
                "expression-node": 28
            }
        ],
        "rule-1": [
            {
                "template-line-number": 21,
                "part": null,
                "replacement-node": 0,
                "node-pos": 9
            }
        ],
        "rule-7": [
            {
                "template-line-number": 64,
                "part": null,
                "replacement-node": 18,
                "node-pos": 35,
                "expression-node": 19
            }
        ],
        "rule-18": {
            "name": "GSPHeadings",
            "subs": [
                {
                    "template-line-number": 134,
                    "name": "GSPHeadings",
                    "part": "1",
                    "replacement-node": 39,
                    "extras": {},
                    "node-pos": 75
                },
                {
                    "template-line-number": 143,
                    "name": "GSPHeadings",
                    "part": "2",
                    "replacement-node": 42,
                    "extras": {},
                    "node-pos": 79
                },
                {
                    "template-line-number": 130,
                    "name": "GSPHeadings",
                    "part": "3",
                    "replacement-node": 37,
                    "extras": {},
                    "node-pos": 73
                }
            ]
        },
        "rule-4": [
            {
                "template-line-number": 37,
                "part": null,
                "replacement-node": 9,
                "html": true,
                "node-pos": 21
            }
        ],
        "rule-9": [
            {
                "template-line-number": 73,
                "part": null,
                "replacement-node": 24,
                "node-pos": 43,
                "expression-node": 25
            }
        ],
        "rule-8": [
            {
                "template-line-number": 69,
                "part": null,
                "replacement-node": 21,
                "node-pos": 39
            }
        ],
        "rule-3": [
            {
                "template-line-number": 31,
                "part": null,
                "replacement-node": 6,
                "node-pos": 17
            }
        ],
        "rule-6": [
            {
                "template-line-number": 60,
                "part": null,
                "replacement-node": 15,
                "node-pos": 31
            }
        ],
        "rule-5": [
            {
                "template-line-number": 49,
                "part": null,
                "replacement-node": 12,
                "html": true,
                "node-pos": 26
            }
        ],
        "rule-19": {
            "name": "TransmissionLines",
            "subs": [
                {
                    "template-line-number": 232,
                    "expression-node": 49,
                    "part": "2",
                    "name": "TransmissionLines",
                    "replacement-node": 48,
                    "node-pos": 88
                },
                {
                    "template-line-number": 240,
                    "expression-node": 54,
                    "part": "3",
                    "name": "TransmissionLines",
                    "replacement-node": 53,
                    "node-pos": 94
                },
                {
                    "template-line-number": 245,
                    "expression-node": 57,
                    "part": "3",
                    "name": "TransmissionLines",
                    "replacement-node": 56,
                    "node-pos": 98
                },
                {
                    "template-line-number": 250,
                    "name": "TransmissionLines",
                    "part": "3",
                    "replacement-node": 59,
                    "extras": {},
                    "node-pos": 102
                },
                {
                    "template-line-number": 255,
                    "expression-node": 63,
                    "part": "4",
                    "name": "TransmissionLines",
                    "replacement-node": 62,
                    "node-pos": 106
                }
            ]
        },
        "rule-17": [
            {
                "template-line-number": 308,
                "part": null,
                "replacement-node": 77,
                "node-pos": 134
            }
        ],
        "rule-16": [
            {
                "template-line-number": 299,
                "part": null,
                "replacement-node": 74,
                "node-pos": 130
            }
        ],
        "rule-14": [
            {
                "template-line-number": 281,
                "part": null,
                "replacement-node": 68,
                "node-pos": 120,
                "expression-node": 69
            }
        ],
        "rule-11": [
            {
                "template-line-number": 88,
                "part": null,
                "replacement-node": 30,
                "node-pos": 53
            }
        ]
    },
    "line-numbers": {
        "TransmissionLines": [
            {
                "start-number": 1,
                "template-line-number": 229,
                "line-number-node": 46
            }
        ]
    },
    "showifs": {}
}