{
    "line-numbers": {
        "TransmissionLines": [
            {
                "line-number-node": 46,
                "start-number": 1,
                "template-line-number": 229
            }
        ]
    },
    "substitutions": {
        "rule-2": [
            {
                "template-line-number": 25,
                "expression-node": 4,
                "replacement-node": 3,
                "node-pos": 13,
                "part": null
            }
        ],
        "rule-4": [
            {
                "node-pos": 21,
                "template-line-number": 37,
                "replacement-node": 9,
                "part": null,
                "html": true
            }
        ],
        "rule-9": [
            {
                "template-line-number": 73,
                "expression-node": 25,
                "replacement-node": 24,
                "node-pos": 43,
                "part": null
            }
        ],
        "rule-19": {
            "subs": [
                {
                    "part": "2",
                    "node-pos": 88,
                    "expression-node": 49,
                    "replacement-node": 48,
                    "template-line-number": 232,
                    "name": "TransmissionLines"
                },
                {
                    "part": "3",
                    "node-pos": 94,
                    "expression-node": 54,
                    "replacement-node": 53,
                    "template-line-number": 240,
                    "name": "TransmissionLines"
                },
                {
                    "part": "3",
                    "node-pos": 98,
                    "expression-node": 57,
                    "replacement-node": 56,
                    "template-line-number": 245,
                    "name": "TransmissionLines"
                },
                {
                    "extras": {},
                    "part": "3",
                    "node-pos": 102,
                    "replacement-node": 59,
                    "template-line-number": 250,
                    "name": "TransmissionLines"
                },
                {
                    "part": "4",
                    "node-pos": 106,
                    "expression-node": 63,
                    "replacement-node": 62,
                    "template-line-number": 255,
                    "name": "TransmissionLines"
                }
            ],
            "name": "TransmissionLines"
        },
        "rule-11": [
            {
                "node-pos": 53,
                "template-line-number": 88,
                "replacement-node": 30,
                "part": null
            }
        ],
        "rule-7": [
            {
                "template-line-number": 64,
                "expression-node": 19,
                "replacement-node": 18,
                "node-pos": 35,
                "part": null
            }
        ],
        "rule-12": [
            {
                "node-pos": 58,
                "template-line-number": 99,
                "replacement-node": 33,
                "part": null,
                "html": true
            }
        ],
        "rule-6": [
            {
                "node-pos": 31,
                "template-line-number": 60,
                "replacement-node": 15,
                "part": null
            }
        ],
        "rule-3": [
            {
                "node-pos": 17,
                "template-line-number": 31,
                "replacement-node": 6,
                "part": null
            }
        ],
        "rule-17": [
            {
                "node-pos": 134,
                "template-line-number": 308,
                "replacement-node": 77,
                "part": null
            }
        ],
        "rule-16": [
            {
                "node-pos": 130,
                "template-line-number": 299,
                "replacement-node": 74,
                "part": null
            }
        ],
        "rule-10": [
            {
                "template-line-number": 78,
                "expression-node": 28,
                "replacement-node": 27,
                "node-pos": 47,
                "part": null
            }
        ],
        "rule-8": [
            {
                "node-pos": 39,
                "template-line-number": 69,
                "replacement-node": 21,
                "part": null
            }
        ],
        "rule-14": [
            {
                "template-line-number": 281,
                "expression-node": 69,
                "replacement-node": 68,
                "node-pos": 120,
                "part": null
            }
        ],
        "rule-1": [
            {
                "node-pos": 9,
                "template-line-number": 21,
                "replacement-node": 0,
                "part": null
            }
        ],
        "rule-15": [
            {
                "template-line-number": 294,
                "expression-node": 72,
                "replacement-node": 71,
                "node-pos": 126,
                "part": null
            }
        ],
        "rule-18": {
            "subs": [
                {
                    "extras": {},
                    "part": "1",
                    "node-pos": 75,
                    "replacement-node": 39,
                    "template-line-number": 134,
                    "name": "GSPHeadings"
                },
                {
                    "extras": {},
                    "part": "2",
                    "node-pos": 79,
                    "replacement-node": 42,
                    "template-line-number": 143,
                    "name": "GSPHeadings"
                },
                {
                    "extras": {},
                    "part": "3",
                    "node-pos": 73,
                    "replacement-node": 37,
                    "template-line-number": 130,
                    "name": "GSPHeadings"
                }
            ],
            "name": "GSPHeadings"
        },
        "rule-5": [
            {
                "node-pos": 26,
                "template-line-number": 49,
                "replacement-node": 12,
                "part": null,
                "html": true
            }
        ],
        "rule-13": [
            {
                "node-pos": 112,
                "template-line-number": 266,
                "replacement-node": 65,
                "part": null
            }
        ]
    },
    "showifs": {}
}