{
    "substitutions": {
        "rule-13": [
            {
                "expression-node": 71,
                "replacement-node": 70,
                "node-pos": 120,
                "template-line-number": 273,
                "part": null
            }
        ],
        "rule-2": [
            {
                "expression-node": 4,
                "replacement-node": 3,
                "node-pos": 14,
                "template-line-number": 27,
                "part": null
            }
        ],
        "rule-4": [
            {
                "html": true,
                "replacement-node": 9,
                "node-pos": 22,
                "template-line-number": 39,
                "part": null
            }
        ],
        "rule-16": {
            "name": "ADUndividedJIPropertyHeadings",
            "subs": [
                {
                    "name": "ADUndividedJIPropertyHeadings",
                    "node-pos": 74,
                    "extras": {},
                    "part": "1",
                    "replacement-node": 37,
                    "template-line-number": 134
                },
                {
                    "name": "ADUndividedJIPropertyHeadings",
                    "node-pos": 78,
                    "extras": {},
                    "part": "2",
                    "replacement-node": 40,
                    "template-line-number": 141
                }
            ]
        },
        "rule-10": [
            {
                "expression-node": 28,
                "replacement-node": 27,
                "node-pos": 48,
                "template-line-number": 82,
                "part": null
            }
        ],
        "rule-12": [
            {
                "html": true,
                "replacement-node": 33,
                "node-pos": 59,
                "template-line-number": 103,
                "part": null
            }
        ],
        "rule-5": [
            {
                "html": true,
                "replacement-node": 12,
                "node-pos": 27,
                "template-line-number": 51,
                "part": null
            }
        ],
        "rule-11": [
            {
                "replacement-node": 30,
                "node-pos": 54,
                "template-line-number": 92,
                "part": null
            }
        ],
        "rule-7": [
            {
                "expression-node": 19,
                "replacement-node": 18,
                "node-pos": 36,
                "template-line-number": 67,
                "part": null
            }
        ],
        "rule-3": [
            {
                "replacement-node": 6,
                "node-pos": 18,
                "template-line-number": 33,
                "part": null
            }
        ],
        "rule-8": [
            {
                "replacement-node": 21,
                "node-pos": 40,
                "template-line-number": 72,
                "part": null
            }
        ],
        "rule-14": [
            {
                "replacement-node": 73,
                "node-pos": 124,
                "template-line-number": 278,
                "part": null
            }
        ],
        "rule-17": {
            "name": "ADUndividedJIPropertyItems",
            "subs": [
                {
                    "name": "ADUndividedJIPropertyItems",
                    "node-pos": 84,
                    "extras": {},
                    "part": "1",
                    "replacement-node": 44,
                    "template-line-number": 210
                },
                {
                    "name": "ADUndividedJIPropertyItems",
                    "node-pos": 89,
                    "extras": {},
                    "part": "1",
                    "replacement-node": 48,
                    "template-line-number": 218
                },
                {
                    "name": "ADUndividedJIPropertyItems",
                    "expression-node": 52,
                    "node-pos": 93,
                    "part": "2",
                    "replacement-node": 51,
                    "template-line-number": 225
                },
                {
                    "name": "ADUndividedJIPropertyItems",
                    "expression-node": 55,
                    "node-pos": 97,
                    "part": "3",
                    "replacement-node": 54,
                    "template-line-number": 232
                },
                {
                    "name": "ADUndividedJIPropertyItems",
                    "expression-node": 58,
                    "node-pos": 101,
                    "part": "4",
                    "replacement-node": 57,
                    "template-line-number": 239
                },
                {
                    "name": "ADUndividedJIPropertyItems",
                    "expression-node": 62,
                    "node-pos": 106,
                    "part": "5",
                    "replacement-node": 61,
                    "template-line-number": 248
                },
                {
                    "name": "ADUndividedJIPropertyItems",
                    "expression-node": 65,
                    "node-pos": 110,
                    "part": "6",
                    "replacement-node": 64,
                    "template-line-number": 255
                },
                {
                    "name": "ADUndividedJIPropertyItems",
                    "expression-node": 68,
                    "node-pos": 114,
                    "part": "7",
                    "replacement-node": 67,
                    "template-line-number": 262
                }
            ]
        },
        "rule-1": [
            {
                "replacement-node": 0,
                "node-pos": 10,
                "template-line-number": 22,
                "part": null
            }
        ],
        "rule-6": [
            {
                "replacement-node": 15,
                "node-pos": 32,
                "template-line-number": 62,
                "part": null
            }
        ],
        "rule-9": [
            {
                "expression-node": 25,
                "replacement-node": 24,
                "node-pos": 44,
                "template-line-number": 77,
                "part": null
            }
        ],
        "rule-15": [
            {
                "replacement-node": 76,
                "node-pos": 128,
                "template-line-number": 287,
                "part": null
            }
        ]
    },
    "showifs": {},
    "line-numbers": {}
}