{
    "showifs": {},
    "line-numbers": {},
    "substitutions": {
        "rule-1": [
            {
                "template-line-number": 22,
                "replacement-node": 0,
                "part": null,
                "node-pos": 9
            }
        ],
        "rule-17": {
            "name": "ISHeadings",
            "subs": [
                {
                    "extras": {},
                    "name": "ISHeadings",
                    "node-pos": 71,
                    "template-line-number": 131,
                    "part": "1",
                    "replacement-node": 37
                },
                {
                    "extras": {},
                    "name": "ISHeadings",
                    "node-pos": 75,
                    "template-line-number": 138,
                    "part": "2",
                    "replacement-node": 40
                }
            ]
        },
        "rule-7": [
            {
                "node-pos": 35,
                "template-line-number": 67,
                "replacement-node": 18,
                "part": null,
                "expression-node": 19
            }
        ],
        "rule-12": [
            {
                "template-line-number": 103,
                "html": true,
                "replacement-node": 33,
                "part": null,
                "node-pos": 58
            }
        ],
        "rule-6": [
            {
                "template-line-number": 62,
                "replacement-node": 15,
                "part": null,
                "node-pos": 31
            }
        ],
        "rule-4": [
            {
                "template-line-number": 39,
                "html": true,
                "replacement-node": 9,
                "part": null,
                "node-pos": 21
            }
        ],
        "rule-5": [
            {
                "template-line-number": 51,
                "html": true,
                "replacement-node": 12,
                "part": null,
                "node-pos": 26
            }
        ],
        "rule-14": [
            {
                "template-line-number": 366,
                "replacement-node": 67,
                "part": null,
                "node-pos": 113
            }
        ],
        "rule-3": [
            {
                "template-line-number": 33,
                "replacement-node": 6,
                "part": null,
                "node-pos": 17
            }
        ],
        "rule-2": [
            {
                "node-pos": 13,
                "template-line-number": 27,
                "replacement-node": 3,
                "part": null,
                "expression-node": 4
            }
        ],
        "rule-15": [
            {
                "template-line-number": 376,
                "replacement-node": 70,
                "part": null,
                "node-pos": 117
            }
        ],
        "rule-10": [
            {
                "node-pos": 47,
                "template-line-number": 82,
                "replacement-node": 27,
                "part": null,
                "expression-node": 28
            }
        ],
        "rule-16": {
            "name": "CFLineItems",
            "subs": [
                {
                    "extras": {},
                    "name": "CFLineItems",
                    "node-pos": 81,
                    "template-line-number": 306,
                    "part": "1",
                    "replacement-node": 44
                },
                {
                    "expression-node": 50,
                    "replacement-node": 49,
                    "node-pos": 89,
                    "template-line-number": 317,
                    "part": "2",
                    "name": "CFLineItems"
                },
                {
                    "expression-node": 55,
                    "replacement-node": 54,
                    "node-pos": 95,
                    "template-line-number": 329,
                    "part": "4",
                    "name": "CFLineItems"
                },
                {
                    "expression-node": 60,
                    "replacement-node": 59,
                    "node-pos": 101,
                    "template-line-number": 339,
                    "part": "5",
                    "name": "CFLineItems"
                },
                {
                    "extras": {},
                    "name": "CFLineItems",
                    "node-pos": 87,
                    "template-line-number": 313,
                    "part": "6",
                    "replacement-node": 47
                }
            ]
        },
        "rule-8": [
            {
                "template-line-number": 72,
                "replacement-node": 21,
                "part": null,
                "node-pos": 39
            }
        ],
        "rule-13": [
            {
                "node-pos": 109,
                "template-line-number": 359,
                "replacement-node": 64,
                "part": null,
                "expression-node": 65
            }
        ],
        "rule-11": [
            {
                "template-line-number": 92,
                "replacement-node": 30,
                "part": null,
                "node-pos": 53
            }
        ],
        "rule-9": [
            {
                "node-pos": 43,
                "template-line-number": 77,
                "replacement-node": 24,
                "part": null,
                "expression-node": 25
            }
        ]
    }
}