{
    "showifs": {},
    "substitutions": {
        "rule-3": [
            {
                "template-line-number": 33,
                "part": null,
                "replacement-node": 6,
                "node-pos": 17
            }
        ],
        "rule-11": [
            {
                "template-line-number": 92,
                "part": null,
                "replacement-node": 30,
                "node-pos": 53
            }
        ],
        "rule-9": [
            {
                "template-line-number": 77,
                "expression-node": 25,
                "part": null,
                "replacement-node": 24,
                "node-pos": 43
            }
        ],
        "rule-6": [
            {
                "template-line-number": 62,
                "part": null,
                "replacement-node": 15,
                "node-pos": 31
            }
        ],
        "rule-2": [
            {
                "template-line-number": 27,
                "expression-node": 4,
                "part": null,
                "replacement-node": 3,
                "node-pos": 13
            }
        ],
        "rule-13": [
            {
                "html": true,
                "expression-node": 37,
                "template-line-number": 119,
                "part": null,
                "replacement-node": 36,
                "node-pos": 68
            }
        ],
        "rule-12": [
            {
                "html": true,
                "template-line-number": 103,
                "part": null,
                "replacement-node": 33,
                "node-pos": 58
            }
        ],
        "rule-1": [
            {
                "template-line-number": 22,
                "part": null,
                "replacement-node": 0,
                "node-pos": 9
            }
        ],
        "rule-5": [
            {
                "html": true,
                "template-line-number": 51,
                "part": null,
                "replacement-node": 12,
                "node-pos": 26
            }
        ],
        "rule-4": [
            {
                "html": true,
                "template-line-number": 39,
                "part": null,
                "replacement-node": 9,
                "node-pos": 21
            }
        ],
        "rule-7": [
            {
                "template-line-number": 67,
                "expression-node": 19,
                "part": null,
                "replacement-node": 18,
                "node-pos": 35
            }
        ],
        "rule-10": [
            {
                "template-line-number": 82,
                "expression-node": 28,
                "part": null,
                "replacement-node": 27,
                "node-pos": 47
            }
        ],
        "rule-16": [
            {
                "template-line-number": 152,
                "part": null,
                "replacement-node": 45,
                "node-pos": 82
            }
        ],
        "rule-14": [
            {
                "template-line-number": 135,
                "expression-node": 40,
                "part": null,
                "replacement-node": 39,
                "node-pos": 74
            }
        ],
        "rule-8": [
            {
                "template-line-number": 72,
                "part": null,
                "replacement-node": 21,
                "node-pos": 39
            }
        ],
        "rule-15": [
            {
                "template-line-number": 142,
                "part": null,
                "replacement-node": 42,
                "node-pos": 78
            }
        ]
    },
    "line-numbers": {}
}