{
    "showifs": {
        "rule-1": {
            "template-line-number": 18,
            "type": "showif"
        }
    },
    "line-numbers": {
        "ControlledByRespondent": [
            {
                "template-line-number": 201,
                "start-number": 1,
                "line-number-node": 47
            }
        ]
    },
    "substitutions": {
        "rule-3": [
            {
                "expression-node": 5,
                "template-line-number": 34,
                "node-pos": 15,
                "replacement-node": 4,
                "part": null
            }
        ],
        "rule-14": [
            {
                "expression-node": 62,
                "template-line-number": 231,
                "node-pos": 106,
                "replacement-node": 61,
                "part": null
            }
        ],
        "rule-12": [
            {
                "node-pos": 55,
                "template-line-number": 99,
                "replacement-node": 31,
                "part": null
            }
        ],
        "rule-10": [
            {
                "expression-node": 26,
                "template-line-number": 84,
                "node-pos": 45,
                "replacement-node": 25,
                "part": null
            }
        ],
        "rule-8": [
            {
                "expression-node": 20,
                "template-line-number": 74,
                "node-pos": 37,
                "replacement-node": 19,
                "part": null
            }
        ],
        "rule-18": {
            "name": "ControlledByRespondent",
            "subs": [
                {
                    "expression-node": 50,
                    "name": "ControlledByRespondent",
                    "node-pos": 88,
                    "template-line-number": 204,
                    "replacement-node": 49,
                    "part": "2"
                },
                {
                    "expression-node": 53,
                    "name": "ControlledByRespondent",
                    "node-pos": 92,
                    "template-line-number": 209,
                    "replacement-node": 52,
                    "part": "3"
                },
                {
                    "expression-node": 56,
                    "name": "ControlledByRespondent",
                    "node-pos": 96,
                    "template-line-number": 214,
                    "replacement-node": 55,
                    "part": "4"
                },
                {
                    "expression-node": 59,
                    "name": "ControlledByRespondent",
                    "node-pos": 100,
                    "template-line-number": 219,
                    "replacement-node": 58,
                    "part": "5"
                }
            ]
        },
        "rule-11": [
            {
                "expression-node": 29,
                "template-line-number": 89,
                "node-pos": 49,
                "replacement-node": 28,
                "part": null
            }
        ],
        "rule-9": [
            {
                "node-pos": 41,
                "template-line-number": 79,
                "replacement-node": 22,
                "part": null
            }
        ],
        "rule-4": [
            {
                "node-pos": 19,
                "template-line-number": 40,
                "replacement-node": 7,
                "part": null
            }
        ],
        "rule-15": [
            {
                "node-pos": 110,
                "template-line-number": 236,
                "replacement-node": 64,
                "part": null
            }
        ],
        "rule-16": [
            {
                "node-pos": 114,
                "template-line-number": 246,
                "replacement-node": 67,
                "part": null
            }
        ],
        "rule-13": [
            {
                "node-pos": 60,
                "template-line-number": 110,
                "html": true,
                "replacement-node": 34,
                "part": null
            }
        ],
        "rule-6": [
            {
                "node-pos": 28,
                "template-line-number": 58,
                "html": true,
                "replacement-node": 13,
                "part": null
            }
        ],
        "rule-5": [
            {
                "node-pos": 23,
                "template-line-number": 46,
                "html": true,
                "replacement-node": 10,
                "part": null
            }
        ],
        "rule-2": [
            {
                "node-pos": 11,
                "template-line-number": 28,
                "replacement-node": 1,
                "part": null
            }
        ],
        "rule-17": {
            "name": "ListHeadings",
            "subs": [
                {
                    "extras": {},
                    "name": "ListHeadings",
                    "node-pos": 75,
                    "template-line-number": 143,
                    "replacement-node": 40,
                    "part": "1"
                },
                {
                    "extras": {},
                    "name": "ListHeadings",
                    "node-pos": 79,
                    "template-line-number": 152,
                    "replacement-node": 43,
                    "part": "2"
                },
                {
                    "extras": {},
                    "name": "ListHeadings",
                    "node-pos": 73,
                    "template-line-number": 139,
                    "replacement-node": 38,
                    "part": "3"
                }
            ]
        },
        "rule-7": [
            {
                "node-pos": 33,
                "template-line-number": 69,
                "replacement-node": 16,
                "part": null
            }
        ]
    }
}