{
    "showifs": {},
    "substitutions": {
        "rule-2": [
            {
                "part": null,
                "replacement-node": 3,
                "expression-node": 4,
                "template-line-number": 293,
                "node-pos": 133
            }
        ],
        "rule-1": [
            {
                "part": null,
                "replacement-node": 0,
                "html": true,
                "template-line-number": 17,
                "node-pos": 7
            }
        ]
    },
    "line-numbers": {}
}