{
    "substitutions": {
        "rule-1": [
            {
                "node-pos": 9,
                "part": null,
                "replacement-node": 0,
                "template-line-number": 21
            }
        ],
        "rule-17": {
            "subs": [
                {
                    "node-pos": 76,
                    "name": "RevenueHeadings",
                    "replacement-node": 39,
                    "part": "1",
                    "extras": {},
                    "template-line-number": 136
                },
                {
                    "node-pos": 80,
                    "name": "RevenueHeadings",
                    "replacement-node": 42,
                    "part": "2",
                    "extras": {},
                    "template-line-number": 145
                },
                {
                    "node-pos": 74,
                    "name": "RevenueHeadings",
                    "replacement-node": 37,
                    "part": "3",
                    "extras": {},
                    "template-line-number": 132
                }
            ],
            "name": "RevenueHeadings"
        },
        "rule-8": [
            {
                "node-pos": 39,
                "part": null,
                "replacement-node": 21,
                "template-line-number": 69
            }
        ],
        "rule-14": [
            {
                "node-pos": 139,
                "part": null,
                "replacement-node": 84,
                "template-line-number": 298
            }
        ],
        "rule-3": [
            {
                "node-pos": 17,
                "part": null,
                "replacement-node": 6,
                "template-line-number": 31
            }
        ],
        "rule-5": [
            {
                "html": true,
                "node-pos": 26,
                "part": null,
                "replacement-node": 12,
                "template-line-number": 49
            }
        ],
        "rule-12": [
            {
                "html": true,
                "node-pos": 58,
                "part": null,
                "replacement-node": 33,
                "template-line-number": 99
            }
        ],
        "rule-2": [
            {
                "expression-node": 4,
                "part": null,
                "replacement-node": 3,
                "node-pos": 13,
                "template-line-number": 25
            }
        ],
        "rule-6": [
            {
                "node-pos": 31,
                "part": null,
                "replacement-node": 15,
                "template-line-number": 60
            }
        ],
        "rule-16": {
            "subs": [
                {
                    "node-pos": 89,
                    "name": "RateSchedule LineItems",
                    "replacement-node": 48,
                    "expression-node": 49,
                    "part": "2",
                    "template-line-number": 230
                },
                {
                    "node-pos": 93,
                    "name": "RateSchedule LineItems",
                    "replacement-node": 51,
                    "expression-node": 52,
                    "part": "3",
                    "template-line-number": 235
                },
                {
                    "node-pos": 97,
                    "name": "RateSchedule LineItems",
                    "replacement-node": 54,
                    "expression-node": 55,
                    "part": "4",
                    "template-line-number": 240
                },
                {
                    "node-pos": 101,
                    "name": "RateSchedule LineItems",
                    "replacement-node": 57,
                    "expression-node": 58,
                    "part": "5",
                    "template-line-number": 245
                },
                {
                    "node-pos": 105,
                    "name": "RateSchedule LineItems",
                    "replacement-node": 60,
                    "expression-node": 61,
                    "part": "5",
                    "template-line-number": 250
                },
                {
                    "node-pos": 109,
                    "name": "RateSchedule LineItems",
                    "replacement-node": 63,
                    "expression-node": 64,
                    "part": "5",
                    "template-line-number": 255
                },
                {
                    "node-pos": 113,
                    "name": "RateSchedule LineItems",
                    "replacement-node": 66,
                    "expression-node": 67,
                    "part": "5",
                    "template-line-number": 260
                },
                {
                    "node-pos": 117,
                    "name": "RateSchedule LineItems",
                    "replacement-node": 69,
                    "expression-node": 70,
                    "part": "5",
                    "template-line-number": 265
                },
                {
                    "node-pos": 121,
                    "name": "RateSchedule LineItems",
                    "replacement-node": 72,
                    "expression-node": 73,
                    "part": "5",
                    "template-line-number": 270
                },
                {
                    "node-pos": 125,
                    "name": "RateSchedule LineItems",
                    "replacement-node": 75,
                    "expression-node": 76,
                    "part": "5",
                    "template-line-number": 276
                },
                {
                    "node-pos": 129,
                    "name": "RateSchedule LineItems",
                    "replacement-node": 78,
                    "expression-node": 79,
                    "part": "5",
                    "template-line-number": 282
                }
            ],
            "name": "RateSchedule LineItems"
        },
        "rule-9": [
            {
                "expression-node": 25,
                "part": null,
                "replacement-node": 24,
                "node-pos": 43,
                "template-line-number": 73
            }
        ],
        "rule-10": [
            {
                "expression-node": 28,
                "part": null,
                "replacement-node": 27,
                "node-pos": 47,
                "template-line-number": 78
            }
        ],
        "rule-13": [
            {
                "expression-node": 82,
                "part": null,
                "replacement-node": 81,
                "node-pos": 135,
                "template-line-number": 293
            }
        ],
        "rule-11": [
            {
                "node-pos": 53,
                "part": null,
                "replacement-node": 30,
                "template-line-number": 88
            }
        ],
        "rule-15": [
            {
                "node-pos": 143,
                "part": null,
                "replacement-node": 87,
                "template-line-number": 307
            }
        ],
        "rule-4": [
            {
                "html": true,
                "node-pos": 21,
                "part": null,
                "replacement-node": 9,
                "template-line-number": 37
            }
        ],
        "rule-7": [
            {
                "expression-node": 19,
                "part": null,
                "replacement-node": 18,
                "node-pos": 35,
                "template-line-number": 64
            }
        ]
    },
    "line-numbers": {
        "RateSchedule LineItems": [
            {
                "start-number": 1,
                "template-line-number": 227,
                "line-number-node": 46
            }
        ]
    },
    "showifs": {}
}