{
    "line-numbers": {},
    "substitutions": {
        "rule-5": [
            {
                "html": true,
                "replacement-node": 12,
                "part": null,
                "template-line-number": 52,
                "node-pos": 27
            }
        ],
        "rule-6": [
            {
                "replacement-node": 15,
                "part": null,
                "template-line-number": 63,
                "node-pos": 32
            }
        ],
        "rule-19": [
            {
                "replacement-node": 54,
                "part": null,
                "node-pos": 102,
                "html": true,
                "expression-node": 55,
                "template-line-number": 191
            }
        ],
        "rule-20": [
            {
                "node-pos": 108,
                "replacement-node": 57,
                "part": null,
                "template-line-number": 206,
                "expression-node": 58
            }
        ],
        "rule-14": [
            {
                "replacement-node": 39,
                "part": null,
                "node-pos": 77,
                "html": true,
                "expression-node": 40,
                "template-line-number": 136
            }
        ],
        "rule-12": [
            {
                "html": true,
                "replacement-node": 33,
                "part": null,
                "template-line-number": 105,
                "node-pos": 59
            }
        ],
        "rule-7": [
            {
                "node-pos": 36,
                "replacement-node": 18,
                "part": null,
                "template-line-number": 68,
                "expression-node": 19
            }
        ],
        "rule-22": [
            {
                "replacement-node": 63,
                "part": null,
                "template-line-number": 221,
                "node-pos": 116
            }
        ],
        "rule-4": [
            {
                "html": true,
                "replacement-node": 9,
                "part": null,
                "template-line-number": 40,
                "node-pos": 22
            }
        ],
        "rule-1": [
            {
                "replacement-node": 0,
                "part": null,
                "template-line-number": 23,
                "node-pos": 10
            }
        ],
        "rule-15": [
            {
                "replacement-node": 42,
                "part": null,
                "node-pos": 82,
                "html": true,
                "expression-node": 43,
                "template-line-number": 147
            }
        ],
        "rule-10": [
            {
                "node-pos": 48,
                "replacement-node": 27,
                "part": null,
                "template-line-number": 83,
                "expression-node": 28
            }
        ],
        "rule-21": [
            {
                "replacement-node": 60,
                "part": null,
                "template-line-number": 211,
                "node-pos": 112
            }
        ],
        "rule-11": [
            {
                "replacement-node": 30,
                "part": null,
                "template-line-number": 93,
                "node-pos": 54
            }
        ],
        "rule-9": [
            {
                "node-pos": 44,
                "replacement-node": 24,
                "part": null,
                "template-line-number": 78,
                "expression-node": 25
            }
        ],
        "rule-3": [
            {
                "replacement-node": 6,
                "part": null,
                "template-line-number": 34,
                "node-pos": 18
            }
        ],
        "rule-8": [
            {
                "replacement-node": 21,
                "part": null,
                "template-line-number": 73,
                "node-pos": 40
            }
        ],
        "rule-2": [
            {
                "node-pos": 14,
                "replacement-node": 3,
                "part": null,
                "template-line-number": 28,
                "expression-node": 4
            }
        ],
        "rule-16": [
            {
                "replacement-node": 45,
                "part": null,
                "node-pos": 87,
                "html": true,
                "expression-node": 46,
                "template-line-number": 158
            }
        ],
        "rule-17": [
            {
                "replacement-node": 48,
                "part": null,
                "node-pos": 92,
                "html": true,
                "expression-node": 49,
                "template-line-number": 169
            }
        ],
        "rule-13": [
            {
                "replacement-node": 36,
                "part": null,
                "node-pos": 72,
                "html": true,
                "expression-node": 37,
                "template-line-number": 125
            }
        ],
        "rule-18": [
            {
                "replacement-node": 51,
                "part": null,
                "node-pos": 97,
                "html": true,
                "expression-node": 52,
                "template-line-number": 180
            }
        ]
    },
    "showifs": {}
}