{
    "showifs": {},
    "substitutions": {
        "rule-21": [
            {
                "part": null,
                "node-pos": 112,
                "replacement-node": 60,
                "template-line-number": 211
            }
        ],
        "rule-5": [
            {
                "part": null,
                "node-pos": 27,
                "replacement-node": 12,
                "html": true,
                "template-line-number": 52
            }
        ],
        "rule-12": [
            {
                "part": null,
                "node-pos": 59,
                "replacement-node": 33,
                "html": true,
                "template-line-number": 105
            }
        ],
        "rule-22": [
            {
                "part": null,
                "node-pos": 116,
                "replacement-node": 63,
                "template-line-number": 221
            }
        ],
        "rule-19": [
            {
                "part": null,
                "node-pos": 102,
                "html": true,
                "expression-node": 55,
                "replacement-node": 54,
                "template-line-number": 191
            }
        ],
        "rule-6": [
            {
                "part": null,
                "node-pos": 32,
                "replacement-node": 15,
                "template-line-number": 63
            }
        ],
        "rule-1": [
            {
                "part": null,
                "node-pos": 10,
                "replacement-node": 0,
                "template-line-number": 23
            }
        ],
        "rule-2": [
            {
                "part": null,
                "node-pos": 14,
                "replacement-node": 3,
                "template-line-number": 28,
                "expression-node": 4
            }
        ],
        "rule-17": [
            {
                "part": null,
                "node-pos": 92,
                "html": true,
                "expression-node": 49,
                "replacement-node": 48,
                "template-line-number": 169
            }
        ],
        "rule-18": [
            {
                "part": null,
                "node-pos": 97,
                "html": true,
                "expression-node": 52,
                "replacement-node": 51,
                "template-line-number": 180
            }
        ],
        "rule-11": [
            {
                "part": null,
                "node-pos": 54,
                "replacement-node": 30,
                "template-line-number": 93
            }
        ],
        "rule-4": [
            {
                "part": null,
                "node-pos": 22,
                "replacement-node": 9,
                "html": true,
                "template-line-number": 40
            }
        ],
        "rule-13": [
            {
                "part": null,
                "node-pos": 72,
                "html": true,
                "expression-node": 37,
                "replacement-node": 36,
                "template-line-number": 125
            }
        ],
        "rule-14": [
            {
                "part": null,
                "node-pos": 77,
                "html": true,
                "expression-node": 40,
                "replacement-node": 39,
                "template-line-number": 136
            }
        ],
        "rule-10": [
            {
                "part": null,
                "node-pos": 48,
                "replacement-node": 27,
                "template-line-number": 83,
                "expression-node": 28
            }
        ],
        "rule-3": [
            {
                "part": null,
                "node-pos": 18,
                "replacement-node": 6,
                "template-line-number": 34
            }
        ],
        "rule-20": [
            {
                "part": null,
                "node-pos": 108,
                "replacement-node": 57,
                "template-line-number": 206,
                "expression-node": 58
            }
        ],
        "rule-16": [
            {
                "part": null,
                "node-pos": 87,
                "html": true,
                "expression-node": 46,
                "replacement-node": 45,
                "template-line-number": 158
            }
        ],
        "rule-15": [
            {
                "part": null,
                "node-pos": 82,
                "html": true,
                "expression-node": 43,
                "replacement-node": 42,
                "template-line-number": 147
            }
        ],
        "rule-7": [
            {
                "part": null,
                "node-pos": 36,
                "replacement-node": 18,
                "template-line-number": 68,
                "expression-node": 19
            }
        ],
        "rule-8": [
            {
                "part": null,
                "node-pos": 40,
                "replacement-node": 21,
                "template-line-number": 73
            }
        ],
        "rule-9": [
            {
                "part": null,
                "node-pos": 44,
                "replacement-node": 24,
                "template-line-number": 78,
                "expression-node": 25
            }
        ]
    },
    "line-numbers": {}
}