{
    "substitutions": {
        "rule-1": [
            {
                "replacement-node": 0,
                "template-line-number": 21,
                "part": null,
                "node-pos": 9
            }
        ],
        "rule-4": [
            {
                "replacement-node": 9,
                "template-line-number": 38,
                "part": null,
                "html": true,
                "node-pos": 21
            }
        ],
        "rule-7": [
            {
                "replacement-node": 18,
                "template-line-number": 66,
                "part": null,
                "expression-node": 19,
                "node-pos": 35
            }
        ],
        "rule-16": {
            "name": "ISHeadings",
            "subs": [
                {
                    "template-line-number": 131,
                    "replacement-node": 37,
                    "part": "1",
                    "node-pos": 73,
                    "name": "ISHeadings",
                    "extras": {}
                },
                {
                    "template-line-number": 138,
                    "replacement-node": 40,
                    "part": "2",
                    "node-pos": 77,
                    "name": "ISHeadings",
                    "extras": {}
                }
            ]
        },
        "rule-10": [
            {
                "replacement-node": 27,
                "template-line-number": 81,
                "part": null,
                "expression-node": 28,
                "node-pos": 48
            }
        ],
        "rule-6": [
            {
                "replacement-node": 15,
                "template-line-number": 61,
                "part": null,
                "node-pos": 31
            }
        ],
        "rule-12": [
            {
                "replacement-node": 33,
                "template-line-number": 102,
                "part": null,
                "html": true,
                "node-pos": 59
            }
        ],
        "rule-2": [
            {
                "replacement-node": 3,
                "template-line-number": 26,
                "part": null,
                "expression-node": 4,
                "node-pos": 13
            }
        ],
        "rule-13": [
            {
                "replacement-node": 66,
                "template-line-number": 383,
                "part": null,
                "expression-node": 67,
                "node-pos": 114
            }
        ],
        "rule-9": [
            {
                "replacement-node": 24,
                "template-line-number": 76,
                "part": null,
                "expression-node": 25,
                "node-pos": 44
            }
        ],
        "rule-17": {
            "name": "CFLineItems",
            "subs": [
                {
                    "template-line-number": 325,
                    "replacement-node": 44,
                    "part": "1",
                    "node-pos": 83,
                    "name": "CFLineItems",
                    "extras": {}
                },
                {
                    "template-line-number": 338,
                    "replacement-node": 49,
                    "part": "2",
                    "expression-node": 50,
                    "node-pos": 91,
                    "name": "CFLineItems"
                },
                {
                    "template-line-number": 349,
                    "replacement-node": 54,
                    "part": "4",
                    "expression-node": 55,
                    "node-pos": 97,
                    "name": "CFLineItems"
                },
                {
                    "template-line-number": 360,
                    "replacement-node": 58,
                    "part": "4",
                    "expression-node": 59,
                    "node-pos": 102,
                    "name": "CFLineItems"
                },
                {
                    "template-line-number": 369,
                    "replacement-node": 62,
                    "part": "5",
                    "expression-node": 63,
                    "node-pos": 107,
                    "name": "CFLineItems"
                },
                {
                    "template-line-number": 332,
                    "replacement-node": 47,
                    "part": "6",
                    "node-pos": 89,
                    "name": "CFLineItems",
                    "extras": {}
                }
            ]
        },
        "rule-11": [
            {
                "replacement-node": 30,
                "template-line-number": 91,
                "part": null,
                "node-pos": 54
            }
        ],
        "rule-3": [
            {
                "replacement-node": 6,
                "template-line-number": 32,
                "part": null,
                "node-pos": 17
            }
        ],
        "rule-8": [
            {
                "replacement-node": 21,
                "template-line-number": 71,
                "part": null,
                "node-pos": 39
            }
        ],
        "rule-14": [
            {
                "replacement-node": 69,
                "template-line-number": 388,
                "part": null,
                "node-pos": 118
            }
        ],
        "rule-15": [
            {
                "replacement-node": 72,
                "template-line-number": 397,
                "part": null,
                "node-pos": 122
            }
        ],
        "rule-5": [
            {
                "replacement-node": 12,
                "template-line-number": 50,
                "part": null,
                "html": true,
                "node-pos": 26
            }
        ]
    },
    "showifs": {},
    "line-numbers": {}
}