{
    "templates": [
        {
            "template": "templates/t0/t0-template.html",
            "xule-text": "templates/t0/t0-xule-text.xule",
            "xule-rule-set": "templates/t0/t0-xule-rule-set.zip",
            "name": "Form 2 - 000 - Cover",
            "rule-meta-data": "templates/t0/t0-rule-meta-data.json"
        },
        {
            "template": "templates/t1/t1-template.html",
            "xule-text": "templates/t1/t1-xule-text.xule",
            "xule-rule-set": "templates/t1/t1-xule-rule-set.zip",
            "name": "Form 2 - 000 - Instructions",
            "rule-meta-data": "templates/t1/t1-rule-meta-data.json"
        },
        {
            "template": "templates/t2/t2-template.html",
            "xule-text": "templates/t2/t2-xule-text.xule",
            "xule-rule-set": "templates/t2/t2-xule-rule-set.zip",
            "name": "Form 2 - 001 - Identification",
            "rule-meta-data": "templates/t2/t2-rule-meta-data.json"
        },
        {
            "template": "templates/t3/t3-template.html",
            "xule-text": "templates/t3/t3-xule-text.xule",
            "xule-rule-set": "templates/t3/t3-xule-rule-set.zip",
            "name": "Form 2 - 002 - List of Schedules (Natural Gas Company)",
            "rule-meta-data": "templates/t3/t3-rule-meta-data.json"
        },
        {
            "template": "templates/t4/t4-template.html",
            "xule-text": "templates/t4/t4-xule-text.xule",
            "xule-rule-set": "templates/t4/t4-xule-rule-set.zip",
            "name": "Form 2 - 101 - General Information",
            "rule-meta-data": "templates/t4/t4-rule-meta-data.json"
        },
        {
            "template": "templates/t5/t5-template.html",
            "xule-text": "templates/t5/t5-xule-text.xule",
            "xule-rule-set": "templates/t5/t5-xule-rule-set.zip",
            "name": "Form 2 - 102 - Control Over Respondent",
            "rule-meta-data": "templates/t5/t5-rule-meta-data.json"
        },
        {
            "template": "templates/t6/t6-template.html",
            "xule-text": "templates/t6/t6-xule-text.xule",
            "xule-rule-set": "templates/t6/t6-xule-rule-set.zip",
            "name": "Form 2 - 103 - Corporations Controlled by Respondent",
            "rule-meta-data": "templates/t6/t6-rule-meta-data.json"
        },
        {
            "template": "templates/t7/t7-template.html",
            "xule-text": "templates/t7/t7-xule-text.xule",
            "xule-rule-set": "templates/t7/t7-xule-rule-set.zip",
            "name": "Form 2 - 107 - Security Holders and Voting Powers",
            "rule-meta-data": "templates/t7/t7-rule-meta-data.json"
        },
        {
            "template": "templates/t8/t8-template.html",
            "xule-text": "templates/t8/t8-xule-text.xule",
            "xule-rule-set": "templates/t8/t8-xule-rule-set.zip",
            "name": "Form 2 - 108 - Important Changes During QuarterYear",
            "rule-meta-data": "templates/t8/t8-rule-meta-data.json"
        },
        {
            "template": "templates/t9/t9-template.html",
            "xule-text": "templates/t9/t9-xule-text.xule",
            "xule-rule-set": "templates/t9/t9-xule-rule-set.zip",
            "name": "Form 2 - 110 - Comparative Balance Sheet - Assets And Other Debits",
            "rule-meta-data": "templates/t9/t9-rule-meta-data.json"
        },
        {
            "template": "templates/t10/t10-template.html",
            "xule-text": "templates/t10/t10-xule-text.xule",
            "xule-rule-set": "templates/t10/t10-xule-rule-set.zip",
            "name": "Form 2 - 110 - Comparative Balance Sheet - Liabilities and Other Credits",
            "rule-meta-data": "templates/t10/t10-rule-meta-data.json"
        },
        {
            "template": "templates/t11/t11-template.html",
            "xule-text": "templates/t11/t11-xule-text.xule",
            "xule-rule-set": "templates/t11/t11-xule-rule-set.zip",
            "name": "Form 2 - 114 - Statement of Income",
            "rule-meta-data": "templates/t11/t11-rule-meta-data.json"
        },
        {
            "template": "templates/t12/t12-template.html",
            "xule-text": "templates/t12/t12-xule-text.xule",
            "xule-rule-set": "templates/t12/t12-xule-rule-set.zip",
            "name": "Form 2 - 117 - Statement of Accumulated Other Comprehensive Income and Hedging Activities",
            "rule-meta-data": "templates/t12/t12-rule-meta-data.json"
        },
        {
            "template": "templates/t13/t13-template.html",
            "xule-text": "templates/t13/t13-xule-text.xule",
            "xule-rule-set": "templates/t13/t13-xule-rule-set.zip",
            "name": "Form 2 - 118 - Statement of Retained Earnings",
            "rule-meta-data": "templates/t13/t13-rule-meta-data.json"
        },
        {
            "template": "templates/t14/t14-template.html",
            "xule-text": "templates/t14/t14-xule-text.xule",
            "xule-rule-set": "templates/t14/t14-xule-rule-set.zip",
            "name": "Form 2 - 120 - Statement of Cash Flows",
            "rule-meta-data": "templates/t14/t14-rule-meta-data.json"
        },
        {
            "template": "templates/t15/t15-template.html",
            "xule-text": "templates/t15/t15-xule-text.xule",
            "xule-rule-set": "templates/t15/t15-xule-rule-set.zip",
            "name": "Form 2 - 122 - Notes to Financial Statements",
            "rule-meta-data": "templates/t15/t15-rule-meta-data.json"
        },
        {
            "template": "templates/t16/t16-template.html",
            "xule-text": "templates/t16/t16-xule-text.xule",
            "xule-rule-set": "templates/t16/t16-xule-rule-set.zip",
            "name": "Form 2 - 200 - Summary of Utility Plant and Accumulated Provisions for Depreciation, Amortization and Depletion",
            "rule-meta-data": "templates/t16/t16-rule-meta-data.json"
        },
        {
            "template": "templates/t17/t17-template.html",
            "xule-text": "templates/t17/t17-xule-text.xule",
            "xule-rule-set": "templates/t17/t17-xule-rule-set.zip",
            "name": "Form 2 - 204 - Gas Plant in Service (Accounts 101, 102, 103, and 106)",
            "rule-meta-data": "templates/t17/t17-rule-meta-data.json"
        },
        {
            "template": "templates/t18/t18-template.html",
            "xule-text": "templates/t18/t18-xule-text.xule",
            "xule-rule-set": "templates/t18/t18-xule-rule-set.zip",
            "name": "Form 2 - 212 - Gas Property and Capacity Leased from Others",
            "rule-meta-data": "templates/t18/t18-rule-meta-data.json"
        },
        {
            "template": "templates/t19/t19-template.html",
            "xule-text": "templates/t19/t19-xule-text.xule",
            "xule-rule-set": "templates/t19/t19-xule-rule-set.zip",
            "name": "Form 2 - 213 - Gas Property and Capacity Leased to Others",
            "rule-meta-data": "templates/t19/t19-rule-meta-data.json"
        },
        {
            "template": "templates/t20/t20-template.html",
            "xule-text": "templates/t20/t20-xule-text.xule",
            "xule-rule-set": "templates/t20/t20-xule-rule-set.zip",
            "name": "Form 2 - 214 - Gas Plant Held for Future Use (Account 105)",
            "rule-meta-data": "templates/t20/t20-rule-meta-data.json"
        },
        {
            "template": "templates/t21/t21-template.html",
            "xule-text": "templates/t21/t21-xule-text.xule",
            "xule-rule-set": "templates/t21/t21-xule-rule-set.zip",
            "name": "Form 2 - 216 - Construction Work in Progress - Gas (Account 107)",
            "rule-meta-data": "templates/t21/t21-rule-meta-data.json"
        },
        {
            "template": "templates/t22/t22-template.html",
            "xule-text": "templates/t22/t22-xule-text.xule",
            "xule-rule-set": "templates/t22/t22-xule-rule-set.zip",
            "name": "Form 2 - 217 - Non-Traditional Rate Treatment Afforded New Projects",
            "rule-meta-data": "templates/t22/t22-rule-meta-data.json"
        },
        {
            "template": "templates/t23/t23-template.html",
            "xule-text": "templates/t23/t23-xule-text.xule",
            "xule-rule-set": "templates/t23/t23-xule-rule-set.zip",
            "name": "Form 2 - 218 - General Description of Construction Overhead procedure",
            "rule-meta-data": "templates/t23/t23-rule-meta-data.json"
        },
        {
            "template": "templates/t24/t24-template.html",
            "xule-text": "templates/t24/t24-xule-text.xule",
            "xule-rule-set": "templates/t24/t24-xule-rule-set.zip",
            "name": "Form 2 - 219 - Accumulated Provision for Depreciation of Gas Utility Plant (Account 108)",
            "rule-meta-data": "templates/t24/t24-rule-meta-data.json"
        },
        {
            "template": "templates/t25/t25-template.html",
            "xule-text": "templates/t25/t25-xule-text.xule",
            "xule-rule-set": "templates/t25/t25-xule-rule-set.zip",
            "name": "Form 2 - 220 - Gas Stored",
            "rule-meta-data": "templates/t25/t25-rule-meta-data.json"
        },
        {
            "template": "templates/t26/t26-template.html",
            "xule-text": "templates/t26/t26-xule-text.xule",
            "xule-rule-set": "templates/t26/t26-xule-rule-set.zip",
            "name": "Form 2 - 222 - Investments",
            "rule-meta-data": "templates/t26/t26-rule-meta-data.json"
        },
        {
            "template": "templates/t27/t27-template.html",
            "xule-text": "templates/t27/t27-xule-text.xule",
            "xule-rule-set": "templates/t27/t27-xule-rule-set.zip",
            "name": "Form 2 - 224 - Investments in Subsidiary Companies",
            "rule-meta-data": "templates/t27/t27-rule-meta-data.json"
        },
        {
            "template": "templates/t28/t28-template.html",
            "xule-text": "templates/t28/t28-xule-text.xule",
            "xule-rule-set": "templates/t28/t28-xule-rule-set.zip",
            "name": "Form 2 - 230a - Prepayments",
            "rule-meta-data": "templates/t28/t28-rule-meta-data.json"
        },
        {
            "template": "templates/t29/t29-template.html",
            "xule-text": "templates/t29/t29-xule-text.xule",
            "xule-rule-set": "templates/t29/t29-xule-rule-set.zip",
            "name": "Form 2 - 230b - Extraordinary Property Losses (Account 182.1)",
            "rule-meta-data": "templates/t29/t29-rule-meta-data.json"
        },
        {
            "template": "templates/t30/t30-template.html",
            "xule-text": "templates/t30/t30-xule-text.xule",
            "xule-rule-set": "templates/t30/t30-xule-rule-set.zip",
            "name": "Form 2 - 230c - Unrecovered Plant and Regulatory Study Cost (Account 182.2)",
            "rule-meta-data": "templates/t30/t30-rule-meta-data.json"
        },
        {
            "template": "templates/t31/t31-template.html",
            "xule-text": "templates/t31/t31-xule-text.xule",
            "xule-rule-set": "templates/t31/t31-xule-rule-set.zip",
            "name": "Form 2 - 232 - Other Regulatory Assets",
            "rule-meta-data": "templates/t31/t31-rule-meta-data.json"
        },
        {
            "template": "templates/t32/t32-template.html",
            "xule-text": "templates/t32/t32-xule-text.xule",
            "xule-rule-set": "templates/t32/t32-xule-rule-set.zip",
            "name": "Form 2 - 233 - Miscellaneous Deferred Debits (Account 186)",
            "rule-meta-data": "templates/t32/t32-rule-meta-data.json"
        },
        {
            "template": "templates/t33/t33-template.html",
            "xule-text": "templates/t33/t33-xule-text.xule",
            "xule-rule-set": "templates/t33/t33-xule-rule-set.zip",
            "name": "Form 2 - 234 - Accumulated Deferred Income Taxes (Account 190)",
            "rule-meta-data": "templates/t33/t33-rule-meta-data.json"
        },
        {
            "template": "templates/t34/t34-template.html",
            "xule-text": "templates/t34/t34-xule-text.xule",
            "xule-rule-set": "templates/t34/t34-xule-rule-set.zip",
            "name": "Form 2 - 250 - Capital Stock",
            "rule-meta-data": "templates/t34/t34-rule-meta-data.json"
        },
        {
            "template": "templates/t35/t35-template.html",
            "xule-text": "templates/t35/t35-xule-text.xule",
            "xule-rule-set": "templates/t35/t35-xule-rule-set.zip",
            "name": "Form 2 - 252 - Capital Stock - Subscribed",
            "rule-meta-data": "templates/t35/t35-rule-meta-data.json"
        },
        {
            "template": "templates/t36/t36-template.html",
            "xule-text": "templates/t36/t36-xule-text.xule",
            "xule-rule-set": "templates/t36/t36-xule-rule-set.zip",
            "name": "Form 2 - 253 - Other Paid-In Capital (Accounts 208-211)",
            "rule-meta-data": "templates/t36/t36-rule-meta-data.json"
        },
        {
            "template": "templates/t37/t37-template.html",
            "xule-text": "templates/t37/t37-xule-text.xule",
            "xule-rule-set": "templates/t37/t37-xule-rule-set.zip",
            "name": "Form 2 - 254 - Discount on Capital Stock (Account 213) - Capital Stock Expense (Account 214)",
            "rule-meta-data": "templates/t37/t37-rule-meta-data.json"
        },
        {
            "template": "templates/t38/t38-template.html",
            "xule-text": "templates/t38/t38-xule-text.xule",
            "xule-rule-set": "templates/t38/t38-xule-rule-set.zip",
            "name": "Form 2 - 255.1 - Securities Issued or Assumed and Securities Refunded or Retired",
            "rule-meta-data": "templates/t38/t38-rule-meta-data.json"
        },
        {
            "template": "templates/t39/t39-template.html",
            "xule-text": "templates/t39/t39-xule-text.xule",
            "xule-rule-set": "templates/t39/t39-xule-rule-set.zip",
            "name": "Form 2 - 256 - Long-Term Debt (Accounts 221, 222, 233 and 224)",
            "rule-meta-data": "templates/t39/t39-rule-meta-data.json"
        },
        {
            "template": "templates/t40/t40-template.html",
            "xule-text": "templates/t40/t40-xule-text.xule",
            "xule-rule-set": "templates/t40/t40-xule-rule-set.zip",
            "name": "Form 2 - 258 - Unamortized Debt Expense, Premium And Discount On Long-Term Debt",
            "rule-meta-data": "templates/t40/t40-rule-meta-data.json"
        },
        {
            "template": "templates/t41/t41-template.html",
            "xule-text": "templates/t41/t41-xule-text.xule",
            "xule-rule-set": "templates/t41/t41-xule-rule-set.zip",
            "name": "Form 2 - 260 - Unamortized Loss And Gain On Reacquired Debt",
            "rule-meta-data": "templates/t41/t41-rule-meta-data.json"
        },
        {
            "template": "templates/t42/t42-template.html",
            "xule-text": "templates/t42/t42-xule-text.xule",
            "xule-rule-set": "templates/t42/t42-xule-rule-set.zip",
            "name": "Form 2 - 261 - Reconciliation of Reported Net Income with Taxable Income for Federal Income Taxes",
            "rule-meta-data": "templates/t42/t42-rule-meta-data.json"
        },
        {
            "template": "templates/t43/t43-template.html",
            "xule-text": "templates/t43/t43-xule-text.xule",
            "xule-rule-set": "templates/t43/t43-xule-rule-set.zip",
            "name": "Form 2 - 262 - Taxes Accrued, Prepaid and Charged",
            "rule-meta-data": "templates/t43/t43-rule-meta-data.json"
        },
        {
            "template": "templates/t44/t44-template.html",
            "xule-text": "templates/t44/t44-xule-text.xule",
            "xule-rule-set": "templates/t44/t44-xule-rule-set.zip",
            "name": "Form 2 - 268 - Miscellaneous Current and Accrued Liabilities (Account 242)",
            "rule-meta-data": "templates/t44/t44-rule-meta-data.json"
        },
        {
            "template": "templates/t45/t45-template.html",
            "xule-text": "templates/t45/t45-xule-text.xule",
            "xule-rule-set": "templates/t45/t45-xule-rule-set.zip",
            "name": "Form 2 - 269 - Other Deferred Credits (Account 253)",
            "rule-meta-data": "templates/t45/t45-rule-meta-data.json"
        },
        {
            "template": "templates/t46/t46-template.html",
            "xule-text": "templates/t46/t46-xule-text.xule",
            "xule-rule-set": "templates/t46/t46-xule-rule-set.zip",
            "name": "Form 2 - 274 - Accumulated Deferred Income Taxes - Other Property (Account 282)",
            "rule-meta-data": "templates/t46/t46-rule-meta-data.json"
        },
        {
            "template": "templates/t47/t47-template.html",
            "xule-text": "templates/t47/t47-xule-text.xule",
            "xule-rule-set": "templates/t47/t47-xule-rule-set.zip",
            "name": "Form 2 - 276 - Accumulated Deferred Income Taxes-Other",
            "rule-meta-data": "templates/t47/t47-rule-meta-data.json"
        },
        {
            "template": "templates/t48/t48-template.html",
            "xule-text": "templates/t48/t48-xule-text.xule",
            "xule-rule-set": "templates/t48/t48-xule-rule-set.zip",
            "name": "Form 2 - 278 - Other Regulatory Liabilities (Account 254)",
            "rule-meta-data": "templates/t48/t48-rule-meta-data.json"
        },
        {
            "template": "templates/t49/t49-template.html",
            "xule-text": "templates/t49/t49-xule-text.xule",
            "xule-rule-set": "templates/t49/t49-xule-rule-set.zip",
            "name": "Form 2 - 299 - Monthly Quantity _ Revenue Data by Rate Schedule",
            "rule-meta-data": "templates/t49/t49-rule-meta-data.json"
        },
        {
            "template": "templates/t50/t50-template.html",
            "xule-text": "templates/t50/t50-xule-text.xule",
            "xule-rule-set": "templates/t50/t50-xule-rule-set.zip",
            "name": "Form 2 - 300 - Gas Operating Revenues",
            "rule-meta-data": "templates/t50/t50-rule-meta-data.json"
        },
        {
            "template": "templates/t51/t51-template.html",
            "xule-text": "templates/t51/t51-xule-text.xule",
            "xule-rule-set": "templates/t51/t51-xule-rule-set.zip",
            "name": "Form 2 - 302 - Revenues from Transportation of Gas of Others Through Gathering Facilities (Account 489.1)",
            "rule-meta-data": "templates/t51/t51-rule-meta-data.json"
        },
        {
            "template": "templates/t52/t52-template.html",
            "xule-text": "templates/t52/t52-xule-text.xule",
            "xule-rule-set": "templates/t52/t52-xule-rule-set.zip",
            "name": "Form 2 - 304 - Revenues from Transportation of Gas of Others Through Transmission Facilities (Account 489.2)",
            "rule-meta-data": "templates/t52/t52-rule-meta-data.json"
        },
        {
            "template": "templates/t53/t53-template.html",
            "xule-text": "templates/t53/t53-xule-text.xule",
            "xule-rule-set": "templates/t53/t53-xule-rule-set.zip",
            "name": "Form 2 - 306 - Revenues From Storing Gas Of Others",
            "rule-meta-data": "templates/t53/t53-rule-meta-data.json"
        },
        {
            "template": "templates/t54/t54-template.html",
            "xule-text": "templates/t54/t54-xule-text.xule",
            "xule-rule-set": "templates/t54/t54-xule-rule-set.zip",
            "name": "Form 2 - 308 - Other Gas Revenues (Account 495)",
            "rule-meta-data": "templates/t54/t54-rule-meta-data.json"
        },
        {
            "template": "templates/t55/t55-template.html",
            "xule-text": "templates/t55/t55-xule-text.xule",
            "xule-rule-set": "templates/t55/t55-xule-rule-set.zip",
            "name": "Form 2 - 313 - Discounted Rate Services and Negotiated Rate Services",
            "rule-meta-data": "templates/t55/t55-rule-meta-data.json"
        },
        {
            "template": "templates/t56/t56-template.html",
            "xule-text": "templates/t56/t56-xule-text.xule",
            "xule-rule-set": "templates/t56/t56-xule-rule-set.zip",
            "name": "Form 2 - 317 - Gas Operation And Maintenance Expenses",
            "rule-meta-data": "templates/t56/t56-rule-meta-data.json"
        },
        {
            "template": "templates/t57/t57-template.html",
            "xule-text": "templates/t57/t57-xule-text.xule",
            "xule-rule-set": "templates/t57/t57-xule-rule-set.zip",
            "name": "Form 2 - 328 - Exchange And Imbalance Transactions",
            "rule-meta-data": "templates/t57/t57-rule-meta-data.json"
        },
        {
            "template": "templates/t58/t58-template.html",
            "xule-text": "templates/t58/t58-xule-text.xule",
            "xule-rule-set": "templates/t58/t58-xule-rule-set.zip",
            "name": "Form 2 - 331 - Gas Used In Utility Operations",
            "rule-meta-data": "templates/t58/t58-rule-meta-data.json"
        },
        {
            "template": "templates/t59/t59-template.html",
            "xule-text": "templates/t59/t59-xule-text.xule",
            "xule-rule-set": "templates/t59/t59-xule-rule-set.zip",
            "name": "Form 2 - 332 - Transmission And Compression Of Gas By Others (Account 858)",
            "rule-meta-data": "templates/t59/t59-rule-meta-data.json"
        },
        {
            "template": "templates/t60/t60-template.html",
            "xule-text": "templates/t60/t60-xule-text.xule",
            "xule-rule-set": "templates/t60/t60-xule-rule-set.zip",
            "name": "Form 2 - 334 - Other Gas Supply Expenses (Account 813)",
            "rule-meta-data": "templates/t60/t60-rule-meta-data.json"
        },
        {
            "template": "templates/t61/t61-template.html",
            "xule-text": "templates/t61/t61-xule-text.xule",
            "xule-rule-set": "templates/t61/t61-xule-rule-set.zip",
            "name": "Form 2 - 335 - Miscellaneous General Expenses (Account 930.2)",
            "rule-meta-data": "templates/t61/t61-rule-meta-data.json"
        },
        {
            "template": "templates/t62/t62-template.html",
            "xule-text": "templates/t62/t62-xule-text.xule",
            "xule-rule-set": "templates/t62/t62-xule-rule-set.zip",
            "name": "Form 2 - 336 - Depreciation, Depletion And Amortization Of Gas Plant - Section A",
            "rule-meta-data": "templates/t62/t62-rule-meta-data.json"
        },
        {
            "template": "templates/t63/t63-template.html",
            "xule-text": "templates/t63/t63-xule-text.xule",
            "xule-rule-set": "templates/t63/t63-xule-rule-set.zip",
            "name": "Form 2 - 336 - Depreciation, Depletion And Amortization Of Gas Plant - Section B",
            "rule-meta-data": "templates/t63/t63-rule-meta-data.json"
        },
        {
            "template": "templates/t64/t64-template.html",
            "xule-text": "templates/t64/t64-xule-text.xule",
            "xule-rule-set": "templates/t64/t64-xule-rule-set.zip",
            "name": "Form 2 - 340 - Particulars Concerning Certain Income Deductions And Interest Charges Accounts",
            "rule-meta-data": "templates/t64/t64-rule-meta-data.json"
        },
        {
            "template": "templates/t65/t65-template.html",
            "xule-text": "templates/t65/t65-xule-text.xule",
            "xule-rule-set": "templates/t65/t65-xule-rule-set.zip",
            "name": "Form 2 - 350 - Regulatory Commission Expenses (Account 928)",
            "rule-meta-data": "templates/t65/t65-rule-meta-data.json"
        },
        {
            "template": "templates/t66/t66-template.html",
            "xule-text": "templates/t66/t66-xule-text.xule",
            "xule-rule-set": "templates/t66/t66-xule-rule-set.zip",
            "name": "Form 2 - 352 - Employee Pensions And Benefits (Account 926)",
            "rule-meta-data": "templates/t66/t66-rule-meta-data.json"
        },
        {
            "template": "templates/t67/t67-template.html",
            "xule-text": "templates/t67/t67-xule-text.xule",
            "xule-rule-set": "templates/t67/t67-xule-rule-set.zip",
            "name": "Form 2 - 354 - Distribution of Salaries and Wages",
            "rule-meta-data": "templates/t67/t67-rule-meta-data.json"
        },
        {
            "template": "templates/t68/t68-template.html",
            "xule-text": "templates/t68/t68-xule-text.xule",
            "xule-rule-set": "templates/t68/t68-xule-rule-set.zip",
            "name": "Form 2 - 357 - Charges for Outside Professional and Other Consultative Services",
            "rule-meta-data": "templates/t68/t68-rule-meta-data.json"
        },
        {
            "template": "templates/t69/t69-template.html",
            "xule-text": "templates/t69/t69-xule-text.xule",
            "xule-rule-set": "templates/t69/t69-xule-rule-set.zip",
            "name": "Form 2 - 358 - Transactions With Associated (Affiliated) Companies",
            "rule-meta-data": "templates/t69/t69-rule-meta-data.json"
        },
        {
            "template": "templates/t70/t70-template.html",
            "xule-text": "templates/t70/t70-xule-text.xule",
            "xule-rule-set": "templates/t70/t70-xule-rule-set.zip",
            "name": "Form 2 - 508 - Compressor Stations",
            "rule-meta-data": "templates/t70/t70-rule-meta-data.json"
        },
        {
            "template": "templates/t71/t71-template.html",
            "xule-text": "templates/t71/t71-xule-text.xule",
            "xule-rule-set": "templates/t71/t71-xule-rule-set.zip",
            "name": "Form 2 - 512 - Gas Storage Projects",
            "rule-meta-data": "templates/t71/t71-rule-meta-data.json"
        },
        {
            "template": "templates/t72/t72-template.html",
            "xule-text": "templates/t72/t72-xule-text.xule",
            "xule-rule-set": "templates/t72/t72-xule-rule-set.zip",
            "name": "Form 2 - 513 - Gas Storage Projects",
            "rule-meta-data": "templates/t72/t72-rule-meta-data.json"
        },
        {
            "template": "templates/t73/t73-template.html",
            "xule-text": "templates/t73/t73-xule-text.xule",
            "xule-rule-set": "templates/t73/t73-xule-rule-set.zip",
            "name": "Form 2 - 514 - Transmission Lines",
            "rule-meta-data": "templates/t73/t73-rule-meta-data.json"
        },
        {
            "template": "templates/t74/t74-template.html",
            "xule-text": "templates/t74/t74-xule-text.xule",
            "xule-rule-set": "templates/t74/t74-xule-rule-set.zip",
            "name": "Form 2 - 518 - Transmission System Peak Deliveries",
            "rule-meta-data": "templates/t74/t74-rule-meta-data.json"
        },
        {
            "template": "templates/t75/t75-template.html",
            "xule-text": "templates/t75/t75-xule-text.xule",
            "xule-rule-set": "templates/t75/t75-xule-rule-set.zip",
            "name": "Form 2 - 519 - Auxiliary Peaking Facilities",
            "rule-meta-data": "templates/t75/t75-rule-meta-data.json"
        },
        {
            "template": "templates/t76/t76-template.html",
            "xule-text": "templates/t76/t76-xule-text.xule",
            "xule-rule-set": "templates/t76/t76-xule-rule-set.zip",
            "name": "Form 2 - 520 - Gas Account - Natural Gas",
            "rule-meta-data": "templates/t76/t76-rule-meta-data.json"
        },
        {
            "template": "templates/t77/t77-template.html",
            "xule-text": "templates/t77/t77-xule-text.xule",
            "xule-rule-set": "templates/t77/t77-xule-rule-set.zip",
            "name": "Form 2 - 521 - Shipper Supplied Gas for the Current Quarter-M1",
            "rule-meta-data": "templates/t77/t77-rule-meta-data.json"
        },
        {
            "template": "templates/t78/t78-template.html",
            "xule-text": "templates/t78/t78-xule-text.xule",
            "xule-rule-set": "templates/t78/t78-xule-rule-set.zip",
            "name": "Form 2 - 521 - Shipper Supplied Gas for the Current Quarter-M2",
            "rule-meta-data": "templates/t78/t78-rule-meta-data.json"
        },
        {
            "template": "templates/t79/t79-template.html",
            "xule-text": "templates/t79/t79-xule-text.xule",
            "xule-rule-set": "templates/t79/t79-xule-rule-set.zip",
            "name": "Form 2 - 521 - Shipper Supplied Gas for the Current Quarter-M3",
            "rule-meta-data": "templates/t79/t79-rule-meta-data.json"
        },
        {
            "template": "templates/t80/t80-template.html",
            "xule-text": "templates/t80/t80-xule-text.xule",
            "xule-rule-set": "templates/t80/t80-xule-rule-set.zip",
            "name": "Form 2 - 522.1 - System Maps",
            "rule-meta-data": "templates/t80/t80-rule-meta-data.json"
        }
    ],
    "css": [
        "form-template.css"
    ]
}