{
    "line-numbers": {},
    "substitutions": {
        "rule-3": [
            {
                "replacement-node": 6,
                "node-pos": 18,
                "template-line-number": 33,
                "part": null
            }
        ],
        "rule-7": [
            {
                "replacement-node": 18,
                "node-pos": 36,
                "template-line-number": 67,
                "expression-node": 19,
                "part": null
            }
        ],
        "rule-6": [
            {
                "replacement-node": 15,
                "node-pos": 32,
                "template-line-number": 62,
                "part": null
            }
        ],
        "rule-10": [
            {
                "replacement-node": 27,
                "node-pos": 48,
                "template-line-number": 82,
                "expression-node": 28,
                "part": null
            }
        ],
        "rule-9": [
            {
                "replacement-node": 24,
                "node-pos": 44,
                "template-line-number": 77,
                "expression-node": 25,
                "part": null
            }
        ],
        "rule-16": {
            "name": "OperatingRevenuesHeadings",
            "subs": [
                {
                    "replacement-node": 37,
                    "name": "OperatingRevenuesHeadings",
                    "template-line-number": 126,
                    "part": "1",
                    "node-pos": 68,
                    "extras": {}
                },
                {
                    "replacement-node": 40,
                    "name": "OperatingRevenuesHeadings",
                    "template-line-number": 133,
                    "part": "2",
                    "node-pos": 72,
                    "extras": {}
                }
            ]
        },
        "rule-11": [
            {
                "replacement-node": 30,
                "node-pos": 54,
                "template-line-number": 92,
                "part": null
            }
        ],
        "rule-1": [
            {
                "replacement-node": 0,
                "node-pos": 10,
                "template-line-number": 22,
                "part": null
            }
        ],
        "rule-15": [
            {
                "replacement-node": 68,
                "node-pos": 113,
                "template-line-number": 233,
                "part": null
            }
        ],
        "rule-13": [
            {
                "replacement-node": 62,
                "node-pos": 105,
                "template-line-number": 219,
                "expression-node": 63,
                "part": null
            }
        ],
        "rule-12": [
            {
                "replacement-node": 33,
                "node-pos": 59,
                "html": true,
                "template-line-number": 103,
                "part": null
            }
        ],
        "rule-14": [
            {
                "replacement-node": 65,
                "node-pos": 109,
                "template-line-number": 224,
                "part": null
            }
        ],
        "rule-4": [
            {
                "replacement-node": 9,
                "node-pos": 22,
                "html": true,
                "template-line-number": 39,
                "part": null
            }
        ],
        "rule-17": {
            "name": "OperatingRevenuesLineItems",
            "subs": [
                {
                    "replacement-node": 44,
                    "name": "OperatingRevenuesLineItems",
                    "template-line-number": 177,
                    "part": "1",
                    "node-pos": 78,
                    "extras": {}
                },
                {
                    "replacement-node": 49,
                    "name": "OperatingRevenuesLineItems",
                    "template-line-number": 188,
                    "part": "2",
                    "node-pos": 86,
                    "extras": {}
                },
                {
                    "replacement-node": 53,
                    "name": "OperatingRevenuesLineItems",
                    "expression-node": 54,
                    "template-line-number": 197,
                    "part": "4",
                    "node-pos": 91
                },
                {
                    "replacement-node": 56,
                    "name": "OperatingRevenuesLineItems",
                    "expression-node": 57,
                    "template-line-number": 203,
                    "part": "5",
                    "node-pos": 95
                },
                {
                    "replacement-node": 47,
                    "name": "OperatingRevenuesLineItems",
                    "template-line-number": 184,
                    "part": "6",
                    "node-pos": 84,
                    "extras": {}
                },
                {
                    "replacement-node": 59,
                    "name": "OperatingRevenuesLineItems",
                    "expression-node": 60,
                    "template-line-number": 209,
                    "part": "6",
                    "node-pos": 99
                }
            ]
        },
        "rule-2": [
            {
                "replacement-node": 3,
                "node-pos": 14,
                "template-line-number": 27,
                "expression-node": 4,
                "part": null
            }
        ],
        "rule-8": [
            {
                "replacement-node": 21,
                "node-pos": 40,
                "template-line-number": 72,
                "part": null
            }
        ],
        "rule-5": [
            {
                "replacement-node": 12,
                "node-pos": 27,
                "html": true,
                "template-line-number": 51,
                "part": null
            }
        ]
    },
    "showifs": {}
}