{
    "substitutions": {
        "rule-12": [
            {
                "node-pos": 55,
                "template-line-number": 98,
                "replacement-node": 31,
                "part": null
            }
        ],
        "rule-17": {
            "name": "OperatingRevenuesHeadings",
            "subs": [
                {
                    "node-pos": 69,
                    "part": "1",
                    "name": "OperatingRevenuesHeadings",
                    "template-line-number": 132,
                    "replacement-node": 38,
                    "extras": {}
                },
                {
                    "node-pos": 73,
                    "part": "2",
                    "name": "OperatingRevenuesHeadings",
                    "template-line-number": 139,
                    "replacement-node": 41,
                    "extras": {}
                }
            ]
        },
        "rule-9": [
            {
                "node-pos": 41,
                "template-line-number": 78,
                "replacement-node": 22,
                "part": null
            }
        ],
        "rule-10": [
            {
                "node-pos": 45,
                "expression-node": 26,
                "template-line-number": 83,
                "replacement-node": 25,
                "part": null
            }
        ],
        "rule-7": [
            {
                "node-pos": 33,
                "template-line-number": 68,
                "replacement-node": 16,
                "part": null
            }
        ],
        "rule-5": [
            {
                "html": true,
                "node-pos": 23,
                "template-line-number": 45,
                "replacement-node": 10,
                "part": null
            }
        ],
        "rule-11": [
            {
                "node-pos": 49,
                "expression-node": 29,
                "template-line-number": 88,
                "replacement-node": 28,
                "part": null
            }
        ],
        "rule-13": [
            {
                "html": true,
                "node-pos": 60,
                "template-line-number": 109,
                "replacement-node": 34,
                "part": null
            }
        ],
        "rule-8": [
            {
                "node-pos": 37,
                "expression-node": 20,
                "template-line-number": 73,
                "replacement-node": 19,
                "part": null
            }
        ],
        "rule-6": [
            {
                "html": true,
                "node-pos": 28,
                "template-line-number": 57,
                "replacement-node": 13,
                "part": null
            }
        ],
        "rule-14": [
            {
                "node-pos": 106,
                "expression-node": 64,
                "template-line-number": 225,
                "replacement-node": 63,
                "part": null
            }
        ],
        "rule-15": [
            {
                "node-pos": 110,
                "template-line-number": 230,
                "replacement-node": 66,
                "part": null
            }
        ],
        "rule-18": {
            "name": "OperatingRevenuesLineItems",
            "subs": [
                {
                    "node-pos": 79,
                    "part": "1",
                    "name": "OperatingRevenuesLineItems",
                    "template-line-number": 183,
                    "replacement-node": 45,
                    "extras": {}
                },
                {
                    "node-pos": 87,
                    "part": "2",
                    "name": "OperatingRevenuesLineItems",
                    "template-line-number": 194,
                    "replacement-node": 50,
                    "extras": {}
                },
                {
                    "node-pos": 92,
                    "expression-node": 55,
                    "part": "4",
                    "name": "OperatingRevenuesLineItems",
                    "template-line-number": 203,
                    "replacement-node": 54
                },
                {
                    "node-pos": 96,
                    "expression-node": 58,
                    "part": "5",
                    "name": "OperatingRevenuesLineItems",
                    "template-line-number": 209,
                    "replacement-node": 57
                },
                {
                    "node-pos": 85,
                    "part": "6",
                    "name": "OperatingRevenuesLineItems",
                    "template-line-number": 190,
                    "replacement-node": 48,
                    "extras": {}
                },
                {
                    "node-pos": 100,
                    "expression-node": 61,
                    "part": "6",
                    "name": "OperatingRevenuesLineItems",
                    "template-line-number": 215,
                    "replacement-node": 60
                }
            ]
        },
        "rule-16": [
            {
                "node-pos": 114,
                "template-line-number": 239,
                "replacement-node": 69,
                "part": null
            }
        ],
        "rule-4": [
            {
                "node-pos": 19,
                "template-line-number": 39,
                "replacement-node": 7,
                "part": null
            }
        ],
        "rule-3": [
            {
                "node-pos": 15,
                "expression-node": 5,
                "template-line-number": 33,
                "replacement-node": 4,
                "part": null
            }
        ],
        "rule-2": [
            {
                "node-pos": 11,
                "template-line-number": 28,
                "replacement-node": 1,
                "part": null
            }
        ]
    },
    "showifs": {
        "rule-1": {
            "type": "showif",
            "template-line-number": 18
        }
    },
    "line-numbers": {}
}