{
    "line-numbers": {},
    "showifs": {},
    "substitutions": {
        "rule-1": [
            {
                "replacement-node": 0,
                "part": null,
                "node-pos": 7,
                "html": true,
                "template-line-number": 18
            }
        ],
        "rule-2": [
            {
                "replacement-node": 3,
                "part": null,
                "node-pos": 65,
                "template-line-number": 157,
                "expression-node": 4
            }
        ]
    }
}