{
    "substitutions": {
        "rule-12": [
            {
                "node-pos": 55,
                "part": null,
                "template-line-number": 97,
                "replacement-node": 31
            }
        ],
        "rule-8": [
            {
                "expression-node": 20,
                "node-pos": 36,
                "part": null,
                "template-line-number": 72,
                "replacement-node": 19
            }
        ],
        "rule-4": [
            {
                "node-pos": 18,
                "part": null,
                "template-line-number": 38,
                "replacement-node": 7
            }
        ],
        "rule-15": [
            {
                "node-pos": 115,
                "part": null,
                "template-line-number": 366,
                "replacement-node": 68
            }
        ],
        "rule-10": [
            {
                "expression-node": 26,
                "node-pos": 45,
                "part": null,
                "template-line-number": 82,
                "replacement-node": 25
            }
        ],
        "rule-2": [
            {
                "node-pos": 10,
                "part": null,
                "template-line-number": 27,
                "replacement-node": 1
            }
        ],
        "rule-5": [
            {
                "node-pos": 22,
                "part": null,
                "template-line-number": 44,
                "replacement-node": 10,
                "html": true
            }
        ],
        "rule-6": [
            {
                "node-pos": 27,
                "part": null,
                "template-line-number": 56,
                "replacement-node": 13,
                "html": true
            }
        ],
        "rule-7": [
            {
                "node-pos": 32,
                "part": null,
                "template-line-number": 67,
                "replacement-node": 16
            }
        ],
        "rule-18": {
            "subs": [
                {
                    "template-line-number": 136,
                    "name": "ISHeadings",
                    "node-pos": 73,
                    "part": "1",
                    "extras": {},
                    "replacement-node": 38
                },
                {
                    "template-line-number": 143,
                    "name": "ISHeadings",
                    "node-pos": 77,
                    "part": "2",
                    "extras": {},
                    "replacement-node": 41
                }
            ],
            "name": "ISHeadings"
        },
        "rule-11": [
            {
                "expression-node": 29,
                "node-pos": 49,
                "part": null,
                "template-line-number": 87,
                "replacement-node": 28
            }
        ],
        "rule-3": [
            {
                "expression-node": 5,
                "node-pos": 14,
                "part": null,
                "template-line-number": 32,
                "replacement-node": 4
            }
        ],
        "rule-9": [
            {
                "node-pos": 40,
                "part": null,
                "template-line-number": 77,
                "replacement-node": 22
            }
        ],
        "rule-13": [
            {
                "node-pos": 60,
                "part": null,
                "template-line-number": 108,
                "replacement-node": 34,
                "html": true
            }
        ],
        "rule-16": [
            {
                "node-pos": 119,
                "part": null,
                "template-line-number": 376,
                "replacement-node": 71
            }
        ],
        "rule-17": {
            "subs": [
                {
                    "template-line-number": 309,
                    "name": "CFLineItems",
                    "node-pos": 83,
                    "part": "1",
                    "extras": {},
                    "replacement-node": 45
                },
                {
                    "template-line-number": 320,
                    "name": "CFLineItems",
                    "node-pos": 91,
                    "expression-node": 51,
                    "part": "2",
                    "replacement-node": 50
                },
                {
                    "template-line-number": 332,
                    "name": "CFLineItems",
                    "node-pos": 97,
                    "expression-node": 56,
                    "part": "4",
                    "replacement-node": 55
                },
                {
                    "template-line-number": 343,
                    "name": "CFLineItems",
                    "node-pos": 103,
                    "expression-node": 61,
                    "part": "5",
                    "replacement-node": 60
                },
                {
                    "template-line-number": 316,
                    "name": "CFLineItems",
                    "node-pos": 89,
                    "part": "6",
                    "extras": {},
                    "replacement-node": 48
                }
            ],
            "name": "CFLineItems"
        },
        "rule-14": [
            {
                "expression-node": 66,
                "node-pos": 111,
                "part": null,
                "template-line-number": 361,
                "replacement-node": 65
            }
        ]
    },
    "line-numbers": {},
    "showifs": {
        "rule-1": {
            "type": "showif",
            "template-line-number": 17
        }
    }
}