{
    "line-numbers": {},
    "substitutions": {
        "rule-9": [
            {
                "expression-node": 25,
                "template-line-number": 73,
                "part": null,
                "node-pos": 43,
                "replacement-node": 24
            }
        ],
        "rule-7": [
            {
                "expression-node": 19,
                "template-line-number": 63,
                "part": null,
                "node-pos": 35,
                "replacement-node": 18
            }
        ],
        "rule-4": [
            {
                "html": true,
                "template-line-number": 35,
                "part": null,
                "node-pos": 21,
                "replacement-node": 9
            }
        ],
        "rule-1": [
            {
                "template-line-number": 18,
                "part": null,
                "node-pos": 9,
                "replacement-node": 0
            }
        ],
        "rule-3": [
            {
                "template-line-number": 29,
                "part": null,
                "node-pos": 17,
                "replacement-node": 6
            }
        ],
        "rule-11": [
            {
                "template-line-number": 89,
                "part": null,
                "node-pos": 53,
                "replacement-node": 30
            }
        ],
        "rule-16": [
            {
                "template-line-number": 147,
                "part": null,
                "node-pos": 79,
                "replacement-node": 45
            }
        ],
        "rule-8": [
            {
                "template-line-number": 68,
                "part": null,
                "node-pos": 39,
                "replacement-node": 21
            }
        ],
        "rule-5": [
            {
                "html": true,
                "template-line-number": 47,
                "part": null,
                "node-pos": 26,
                "replacement-node": 12
            }
        ],
        "rule-2": [
            {
                "expression-node": 4,
                "template-line-number": 23,
                "part": null,
                "node-pos": 13,
                "replacement-node": 3
            }
        ],
        "rule-12": [
            {
                "template-line-number": 100,
                "part": null,
                "node-pos": 58,
                "replacement-node": 33
            }
        ],
        "rule-15": [
            {
                "template-line-number": 138,
                "part": null,
                "node-pos": 75,
                "replacement-node": 42
            }
        ],
        "rule-14": [
            {
                "expression-node": 40,
                "template-line-number": 132,
                "part": null,
                "node-pos": 71,
                "replacement-node": 39
            }
        ],
        "rule-6": [
            {
                "template-line-number": 58,
                "part": null,
                "node-pos": 31,
                "replacement-node": 15
            }
        ],
        "rule-13": [
            {
                "expression-node": 37,
                "template-line-number": 119,
                "part": null,
                "node-pos": 65,
                "replacement-node": 36
            }
        ],
        "rule-10": [
            {
                "expression-node": 28,
                "template-line-number": 78,
                "part": null,
                "node-pos": 47,
                "replacement-node": 27
            }
        ]
    },
    "showifs": {}
}