{
    "showifs": {},
    "line-numbers": {},
    "substitutions": {
        "rule-10": [
            {
                "replacement-node": 27,
                "template-line-number": 78,
                "node-pos": 47,
                "part": null,
                "expression-node": 28
            }
        ],
        "rule-2": [
            {
                "replacement-node": 3,
                "template-line-number": 23,
                "node-pos": 13,
                "part": null,
                "expression-node": 4
            }
        ],
        "rule-12": [
            {
                "replacement-node": 33,
                "template-line-number": 100,
                "node-pos": 58,
                "part": null
            }
        ],
        "rule-11": [
            {
                "replacement-node": 30,
                "template-line-number": 89,
                "node-pos": 53,
                "part": null
            }
        ],
        "rule-13": [
            {
                "replacement-node": 36,
                "template-line-number": 119,
                "node-pos": 65,
                "part": null,
                "expression-node": 37
            }
        ],
        "rule-9": [
            {
                "replacement-node": 24,
                "template-line-number": 73,
                "node-pos": 43,
                "part": null,
                "expression-node": 25
            }
        ],
        "rule-15": [
            {
                "replacement-node": 42,
                "template-line-number": 138,
                "node-pos": 75,
                "part": null
            }
        ],
        "rule-8": [
            {
                "replacement-node": 21,
                "template-line-number": 68,
                "node-pos": 39,
                "part": null
            }
        ],
        "rule-5": [
            {
                "replacement-node": 12,
                "html": true,
                "template-line-number": 47,
                "node-pos": 26,
                "part": null
            }
        ],
        "rule-4": [
            {
                "replacement-node": 9,
                "html": true,
                "template-line-number": 35,
                "node-pos": 21,
                "part": null
            }
        ],
        "rule-1": [
            {
                "replacement-node": 0,
                "template-line-number": 18,
                "node-pos": 9,
                "part": null
            }
        ],
        "rule-7": [
            {
                "replacement-node": 18,
                "template-line-number": 63,
                "node-pos": 35,
                "part": null,
                "expression-node": 19
            }
        ],
        "rule-6": [
            {
                "replacement-node": 15,
                "template-line-number": 58,
                "node-pos": 31,
                "part": null
            }
        ],
        "rule-3": [
            {
                "replacement-node": 6,
                "template-line-number": 29,
                "node-pos": 17,
                "part": null
            }
        ],
        "rule-16": [
            {
                "replacement-node": 45,
                "template-line-number": 147,
                "node-pos": 79,
                "part": null
            }
        ],
        "rule-14": [
            {
                "replacement-node": 39,
                "template-line-number": 132,
                "node-pos": 71,
                "part": null,
                "expression-node": 40
            }
        ]
    }
}