{
    "line-numbers": {
        "ExtraordinaryPropertyLosses": [
            {
                "template-line-number": 238,
                "start-number": 7,
                "line-number-node": 46
            }
        ]
    },
    "showifs": {},
    "substitutions": {
        "rule-4": [
            {
                "template-line-number": 37,
                "node-pos": 21,
                "html": true,
                "part": null,
                "replacement-node": 9
            }
        ],
        "rule-2": [
            {
                "expression-node": 4,
                "template-line-number": 25,
                "node-pos": 13,
                "part": null,
                "replacement-node": 3
            }
        ],
        "rule-12": [
            {
                "template-line-number": 105,
                "node-pos": 60,
                "html": true,
                "part": null,
                "replacement-node": 33
            }
        ],
        "rule-3": [
            {
                "template-line-number": 31,
                "node-pos": 17,
                "part": null,
                "replacement-node": 6
            }
        ],
        "rule-6": [
            {
                "template-line-number": 60,
                "node-pos": 31,
                "part": null,
                "replacement-node": 15
            }
        ],
        "rule-13": [
            {
                "template-line-number": 304,
                "node-pos": 119,
                "part": null,
                "replacement-node": 70
            }
        ],
        "rule-23": {
            "subs": [
                {
                    "node-pos": 75,
                    "extras": {},
                    "replacement-node": 39,
                    "name": "ExtraOrdHeadings",
                    "template-line-number": 138,
                    "part": "1"
                },
                {
                    "node-pos": 79,
                    "extras": {},
                    "replacement-node": 42,
                    "name": "ExtraOrdHeadings",
                    "template-line-number": 147,
                    "part": "2"
                },
                {
                    "node-pos": 73,
                    "extras": {},
                    "replacement-node": 37,
                    "name": "ExtraOrdHeadings",
                    "template-line-number": 134,
                    "part": "3"
                }
            ],
            "name": "ExtraOrdHeadings"
        },
        "rule-18": [
            {
                "expression-node": 86,
                "template-line-number": 353,
                "node-pos": 141,
                "part": null,
                "replacement-node": 85
            }
        ],
        "rule-19": [
            {
                "expression-node": 89,
                "template-line-number": 366,
                "node-pos": 147,
                "part": null,
                "replacement-node": 88
            }
        ],
        "rule-10": [
            {
                "expression-node": 28,
                "template-line-number": 78,
                "node-pos": 47,
                "part": null,
                "replacement-node": 27
            }
        ],
        "rule-17": [
            {
                "expression-node": 83,
                "template-line-number": 344,
                "node-pos": 137,
                "part": null,
                "replacement-node": 82
            }
        ],
        "rule-20": [
            {
                "template-line-number": 371,
                "node-pos": 151,
                "part": null,
                "replacement-node": 91
            }
        ],
        "rule-1": [
            {
                "template-line-number": 21,
                "node-pos": 9,
                "part": null,
                "replacement-node": 0
            }
        ],
        "rule-7": [
            {
                "expression-node": 19,
                "template-line-number": 64,
                "node-pos": 35,
                "part": null,
                "replacement-node": 18
            }
        ],
        "rule-5": [
            {
                "template-line-number": 49,
                "node-pos": 26,
                "html": true,
                "part": null,
                "replacement-node": 12
            }
        ],
        "rule-11": [
            {
                "template-line-number": 94,
                "node-pos": 55,
                "part": null,
                "replacement-node": 30
            }
        ],
        "rule-14": [
            {
                "expression-node": 74,
                "template-line-number": 316,
                "node-pos": 124,
                "part": null,
                "replacement-node": 73
            }
        ],
        "rule-9": [
            {
                "expression-node": 25,
                "template-line-number": 73,
                "node-pos": 43,
                "part": null,
                "replacement-node": 24
            }
        ],
        "rule-22": {
            "subs": [
                {
                    "node-pos": 89,
                    "template-line-number": 243,
                    "replacement-node": 49,
                    "name": "ExtraordinaryPropertyLosses",
                    "expression-node": 50,
                    "part": "2"
                },
                {
                    "node-pos": 93,
                    "template-line-number": 251,
                    "replacement-node": 52,
                    "name": "ExtraordinaryPropertyLosses",
                    "expression-node": 53,
                    "part": "3"
                },
                {
                    "node-pos": 97,
                    "template-line-number": 259,
                    "replacement-node": 55,
                    "name": "ExtraordinaryPropertyLosses",
                    "expression-node": 56,
                    "part": "4"
                },
                {
                    "node-pos": 101,
                    "template-line-number": 267,
                    "replacement-node": 58,
                    "name": "ExtraordinaryPropertyLosses",
                    "expression-node": 59,
                    "part": "5"
                },
                {
                    "node-pos": 105,
                    "template-line-number": 275,
                    "replacement-node": 61,
                    "name": "ExtraordinaryPropertyLosses",
                    "expression-node": 62,
                    "part": "6"
                },
                {
                    "node-pos": 109,
                    "template-line-number": 283,
                    "replacement-node": 64,
                    "name": "ExtraordinaryPropertyLosses",
                    "expression-node": 65,
                    "part": "7"
                },
                {
                    "node-pos": 113,
                    "template-line-number": 291,
                    "replacement-node": 67,
                    "name": "ExtraordinaryPropertyLosses",
                    "expression-node": 68,
                    "part": "8"
                }
            ],
            "name": "ExtraordinaryPropertyLosses"
        },
        "rule-16": [
            {
                "expression-node": 80,
                "template-line-number": 334,
                "node-pos": 132,
                "part": null,
                "replacement-node": 79
            }
        ],
        "rule-8": [
            {
                "template-line-number": 69,
                "node-pos": 39,
                "part": null,
                "replacement-node": 21
            }
        ],
        "rule-15": [
            {
                "expression-node": 77,
                "template-line-number": 325,
                "node-pos": 128,
                "part": null,
                "replacement-node": 76
            }
        ],
        "rule-21": [
            {
                "template-line-number": 380,
                "node-pos": 155,
                "part": null,
                "replacement-node": 94
            }
        ]
    }
}