{
    "substitutions": {
        "rule-17": {
            "name": "GSPLineItems",
            "subs": [
                {
                    "replacement-node": 47,
                    "name": "GSPLineItems",
                    "node-pos": 84,
                    "template-line-number": 181,
                    "extras": {},
                    "part": "1"
                },
                {
                    "replacement-node": 52,
                    "name": "GSPLineItems",
                    "node-pos": 92,
                    "template-line-number": 192,
                    "extras": {},
                    "part": "2"
                },
                {
                    "replacement-node": 50,
                    "name": "GSPLineItems",
                    "node-pos": 90,
                    "template-line-number": 188,
                    "extras": {},
                    "part": "3"
                },
                {
                    "replacement-node": 56,
                    "expression-node": 57,
                    "name": "GSPLineItems",
                    "node-pos": 97,
                    "template-line-number": 201,
                    "part": "4"
                }
            ]
        },
        "rule-11": [
            {
                "replacement-node": 28,
                "expression-node": 29,
                "template-line-number": 87,
                "part": null,
                "node-pos": 48
            }
        ],
        "rule-9": [
            {
                "replacement-node": 22,
                "node-pos": 40,
                "template-line-number": 77,
                "part": null
            }
        ],
        "rule-5": [
            {
                "replacement-node": 10,
                "node-pos": 22,
                "template-line-number": 44,
                "part": null,
                "html": true
            }
        ],
        "rule-8": [
            {
                "replacement-node": 19,
                "expression-node": 20,
                "template-line-number": 72,
                "part": null,
                "node-pos": 36
            }
        ],
        "rule-16": [
            {
                "replacement-node": 67,
                "node-pos": 113,
                "template-line-number": 228,
                "part": null
            }
        ],
        "rule-13": [
            {
                "replacement-node": 34,
                "node-pos": 59,
                "template-line-number": 108,
                "part": null,
                "html": true
            }
        ],
        "rule-4": [
            {
                "replacement-node": 7,
                "node-pos": 18,
                "template-line-number": 38,
                "part": null
            }
        ],
        "rule-3": [
            {
                "replacement-node": 4,
                "expression-node": 5,
                "template-line-number": 32,
                "part": null,
                "node-pos": 14
            }
        ],
        "rule-10": [
            {
                "replacement-node": 25,
                "expression-node": 26,
                "template-line-number": 82,
                "part": null,
                "node-pos": 44
            }
        ],
        "rule-12": [
            {
                "replacement-node": 31,
                "node-pos": 54,
                "template-line-number": 97,
                "part": null
            }
        ],
        "rule-7": [
            {
                "replacement-node": 16,
                "node-pos": 32,
                "template-line-number": 67,
                "part": null
            }
        ],
        "rule-6": [
            {
                "replacement-node": 13,
                "node-pos": 27,
                "template-line-number": 56,
                "part": null,
                "html": true
            }
        ],
        "rule-15": [
            {
                "replacement-node": 64,
                "node-pos": 109,
                "template-line-number": 219,
                "part": null
            }
        ],
        "rule-14": [
            {
                "replacement-node": 61,
                "expression-node": 62,
                "template-line-number": 214,
                "part": null,
                "node-pos": 105
            }
        ],
        "rule-2": [
            {
                "replacement-node": 1,
                "node-pos": 10,
                "template-line-number": 27,
                "part": null
            }
        ],
        "rule-18": {
            "name": "GSPHeadings",
            "subs": [
                {
                    "replacement-node": 40,
                    "name": "GSPHeadings",
                    "node-pos": 74,
                    "template-line-number": 140,
                    "extras": {},
                    "part": "1"
                },
                {
                    "replacement-node": 43,
                    "name": "GSPHeadings",
                    "node-pos": 78,
                    "template-line-number": 149,
                    "extras": {},
                    "part": "2"
                },
                {
                    "replacement-node": 38,
                    "name": "GSPHeadings",
                    "node-pos": 72,
                    "template-line-number": 136,
                    "extras": {},
                    "part": "3"
                }
            ]
        }
    },
    "line-numbers": {},
    "showifs": {
        "rule-1": {
            "type": "showif",
            "template-line-number": 17
        }
    }
}