{
    "substitutions": {
        "rule-6": [
            {
                "part": null,
                "replacement-node": 15,
                "template-line-number": 62,
                "node-pos": 32
            }
        ],
        "rule-16": [
            {
                "part": null,
                "replacement-node": 64,
                "template-line-number": 261,
                "node-pos": 123
            }
        ],
        "rule-19": [
            {
                "part": null,
                "replacement-node": 73,
                "template-line-number": 295,
                "node-pos": 138
            }
        ],
        "rule-29": [
            {
                "part": null,
                "replacement-node": 127,
                "template-line-number": 567,
                "node-pos": 244,
                "expression-node": 128
            }
        ],
        "rule-27": [
            {
                "part": null,
                "replacement-node": 121,
                "template-line-number": 545,
                "node-pos": 235
            }
        ],
        "rule-24": [
            {
                "part": null,
                "replacement-node": 100,
                "template-line-number": 430,
                "node-pos": 190,
                "expression-node": 101
            }
        ],
        "rule-31": [
            {
                "part": null,
                "replacement-node": 133,
                "template-line-number": 594,
                "node-pos": 256,
                "expression-node": 134
            }
        ],
        "rule-34": [
            {
                "part": null,
                "replacement-node": 142,
                "template-line-number": 623,
                "node-pos": 270
            }
        ],
        "rule-9": [
            {
                "part": null,
                "replacement-node": 24,
                "template-line-number": 77,
                "node-pos": 44,
                "expression-node": 25
            }
        ],
        "rule-12": [
            {
                "part": null,
                "replacement-node": 33,
                "template-line-number": 104,
                "node-pos": 59,
                "html": true
            }
        ],
        "rule-21": [
            {
                "part": null,
                "replacement-node": 79,
                "template-line-number": 325,
                "node-pos": 153
            }
        ],
        "rule-17": [
            {
                "part": null,
                "replacement-node": 67,
                "template-line-number": 273,
                "node-pos": 128,
                "expression-node": 68
            }
        ],
        "rule-36": {
            "subs": [
                {
                    "node-pos": 166,
                    "name": "Transactions2",
                    "expression-node": 86,
                    "part": "2",
                    "replacement-node": 85,
                    "template-line-number": 385
                },
                {
                    "node-pos": 170,
                    "name": "Transactions2",
                    "expression-node": 89,
                    "part": "3",
                    "replacement-node": 88,
                    "template-line-number": 390
                },
                {
                    "node-pos": 174,
                    "name": "Transactions2",
                    "expression-node": 92,
                    "part": "4",
                    "replacement-node": 91,
                    "template-line-number": 395
                }
            ],
            "name": "Transactions2"
        },
        "rule-38": {
            "subs": [
                {
                    "node-pos": 108,
                    "name": "Transactions",
                    "expression-node": 56,
                    "part": "2",
                    "replacement-node": 55,
                    "template-line-number": 239
                },
                {
                    "node-pos": 112,
                    "name": "Transactions",
                    "expression-node": 59,
                    "part": "3",
                    "replacement-node": 58,
                    "template-line-number": 244
                },
                {
                    "node-pos": 116,
                    "name": "Transactions",
                    "expression-node": 62,
                    "part": "4",
                    "replacement-node": 61,
                    "template-line-number": 249
                }
            ],
            "name": "Transactions"
        },
        "rule-13": [
            {
                "part": null,
                "replacement-node": 43,
                "template-line-number": 148,
                "node-pos": 80
            }
        ],
        "rule-30": [
            {
                "part": null,
                "replacement-node": 130,
                "template-line-number": 581,
                "node-pos": 251
            }
        ],
        "rule-2": [
            {
                "part": null,
                "replacement-node": 3,
                "template-line-number": 27,
                "node-pos": 14,
                "expression-node": 4
            }
        ],
        "rule-39": {
            "subs": [
                {
                    "node-pos": 220,
                    "name": "Transactions3",
                    "expression-node": 113,
                    "part": "2",
                    "replacement-node": 112,
                    "template-line-number": 522
                },
                {
                    "node-pos": 224,
                    "name": "Transactions3",
                    "expression-node": 116,
                    "part": "3",
                    "replacement-node": 115,
                    "template-line-number": 527
                },
                {
                    "node-pos": 228,
                    "name": "Transactions3",
                    "expression-node": 119,
                    "part": "4",
                    "replacement-node": 118,
                    "template-line-number": 532
                }
            ],
            "name": "Transactions3"
        },
        "rule-33": [
            {
                "part": null,
                "replacement-node": 139,
                "template-line-number": 617,
                "node-pos": 266,
                "expression-node": 140
            }
        ],
        "rule-23": [
            {
                "part": null,
                "replacement-node": 97,
                "template-line-number": 421,
                "node-pos": 186,
                "expression-node": 98
            }
        ],
        "rule-22": [
            {
                "part": null,
                "replacement-node": 94,
                "template-line-number": 408,
                "node-pos": 181
            }
        ],
        "rule-14": [
            {
                "part": null,
                "replacement-node": 46,
                "template-line-number": 160,
                "node-pos": 85
            }
        ],
        "rule-32": [
            {
                "part": null,
                "replacement-node": 136,
                "template-line-number": 603,
                "node-pos": 260,
                "expression-node": 137
            }
        ],
        "rule-1": [
            {
                "part": null,
                "replacement-node": 0,
                "template-line-number": 22,
                "node-pos": 10
            }
        ],
        "rule-35": [
            {
                "part": null,
                "replacement-node": 145,
                "template-line-number": 632,
                "node-pos": 274
            }
        ],
        "rule-18": [
            {
                "part": null,
                "replacement-node": 70,
                "template-line-number": 282,
                "node-pos": 132,
                "expression-node": 71
            }
        ],
        "rule-26": [
            {
                "part": null,
                "replacement-node": 106,
                "template-line-number": 455,
                "node-pos": 201
            }
        ],
        "rule-4": [
            {
                "part": null,
                "replacement-node": 9,
                "template-line-number": 39,
                "node-pos": 22,
                "html": true
            }
        ],
        "rule-3": [
            {
                "part": null,
                "replacement-node": 6,
                "template-line-number": 33,
                "node-pos": 18
            }
        ],
        "rule-10": [
            {
                "part": null,
                "replacement-node": 27,
                "template-line-number": 82,
                "node-pos": 48,
                "expression-node": 28
            }
        ],
        "rule-37": {
            "subs": [
                {
                    "extras": {},
                    "name": "ColumnHeadings",
                    "node-pos": 70,
                    "part": "1",
                    "replacement-node": 37,
                    "template-line-number": 130
                },
                {
                    "extras": {},
                    "name": "ColumnHeadings",
                    "node-pos": 74,
                    "part": "2",
                    "replacement-node": 40,
                    "template-line-number": 137
                }
            ],
            "name": "ColumnHeadings"
        },
        "rule-7": [
            {
                "part": null,
                "replacement-node": 18,
                "template-line-number": 67,
                "node-pos": 36,
                "expression-node": 19
            }
        ],
        "rule-25": [
            {
                "part": null,
                "replacement-node": 103,
                "template-line-number": 443,
                "node-pos": 196
            }
        ],
        "rule-5": [
            {
                "part": null,
                "replacement-node": 12,
                "template-line-number": 51,
                "node-pos": 27,
                "html": true
            }
        ],
        "rule-28": [
            {
                "part": null,
                "replacement-node": 124,
                "template-line-number": 558,
                "node-pos": 240,
                "expression-node": 125
            }
        ],
        "rule-15": [
            {
                "part": null,
                "replacement-node": 49,
                "template-line-number": 178,
                "node-pos": 95
            }
        ],
        "rule-11": [
            {
                "part": null,
                "replacement-node": 30,
                "template-line-number": 93,
                "node-pos": 54
            }
        ],
        "rule-8": [
            {
                "part": null,
                "replacement-node": 21,
                "template-line-number": 72,
                "node-pos": 40
            }
        ],
        "rule-20": [
            {
                "part": null,
                "replacement-node": 76,
                "template-line-number": 307,
                "node-pos": 143
            }
        ]
    },
    "showifs": {},
    "line-numbers": {
        "Transactions2": [
            {
                "template-line-number": 380,
                "line-number-node": 83,
                "start-number": 26
            }
        ],
        "Transactions": [
            {
                "template-line-number": 234,
                "line-number-node": 53,
                "start-number": 3
            }
        ],
        "Transactions3": [
            {
                "template-line-number": 517,
                "line-number-node": 110,
                "start-number": 43
            }
        ]
    }
}