{
    "showifs": {},
    "substitutions": {
        "rule-3": [
            {
                "replacement-node": 6,
                "expression-node": 7,
                "node-pos": 52,
                "part": null,
                "template-line-number": 106
            }
        ],
        "rule-5": [
            {
                "replacement-node": 12,
                "expression-node": 13,
                "node-pos": 60,
                "part": null,
                "template-line-number": 121
            }
        ],
        "rule-4": [
            {
                "replacement-node": 9,
                "template-line-number": 114,
                "node-pos": 56,
                "part": null
            }
        ],
        "rule-7": [
            {
                "replacement-node": 18,
                "expression-node": 19,
                "node-pos": 70,
                "part": null,
                "template-line-number": 139
            }
        ],
        "rule-6": [
            {
                "replacement-node": 15,
                "expression-node": 16,
                "node-pos": 64,
                "part": null,
                "template-line-number": 127
            }
        ],
        "rule-1": [
            {
                "replacement-node": 0,
                "template-line-number": 32,
                "node-pos": 15,
                "html": true,
                "part": null
            }
        ],
        "rule-8": [
            {
                "replacement-node": 21,
                "template-line-number": 146,
                "node-pos": 74,
                "part": null
            }
        ],
        "rule-2": [
            {
                "replacement-node": 3,
                "template-line-number": 44,
                "node-pos": 20,
                "html": true,
                "part": null
            }
        ]
    },
    "line-numbers": {}
}