{
    "showifs": {
        "rule-1": {
            "type": "showif",
            "template-line-number": 17
        }
    },
    "line-numbers": {
        "BenefitsLineItems": [
            {
                "line-number-node": 71,
                "template-line-number": 308,
                "start-number": 5
            }
        ]
    },
    "substitutions": {
        "rule-28": {
            "name": "BenefitsLineItems",
            "subs": [
                {
                    "template-line-number": 313,
                    "replacement-node": 74,
                    "expression-node": 75,
                    "name": "BenefitsLineItems",
                    "part": "2",
                    "node-pos": 131
                },
                {
                    "template-line-number": 326,
                    "replacement-node": 78,
                    "expression-node": 79,
                    "name": "BenefitsLineItems",
                    "part": "3",
                    "node-pos": 136
                }
            ]
        },
        "rule-3": [
            {
                "expression-node": 5,
                "template-line-number": 31,
                "replacement-node": 4,
                "part": null,
                "node-pos": 14
            }
        ],
        "rule-15": [
            {
                "expression-node": 50,
                "template-line-number": 171,
                "replacement-node": 49,
                "part": null,
                "node-pos": 88
            }
        ],
        "rule-2": [
            {
                "template-line-number": 27,
                "replacement-node": 1,
                "part": null,
                "node-pos": 10
            }
        ],
        "rule-13": [
            {
                "template-line-number": 105,
                "replacement-node": 34,
                "part": null,
                "node-pos": 59,
                "html": true
            }
        ],
        "rule-26": [
            {
                "template-line-number": 377,
                "replacement-node": 93,
                "part": null,
                "node-pos": 161
            }
        ],
        "rule-22": [
            {
                "template-line-number": 337,
                "replacement-node": 81,
                "part": null,
                "node-pos": 142
            }
        ],
        "rule-9": [
            {
                "template-line-number": 75,
                "replacement-node": 22,
                "part": null,
                "node-pos": 40
            }
        ],
        "rule-23": [
            {
                "expression-node": 85,
                "template-line-number": 349,
                "replacement-node": 84,
                "part": null,
                "node-pos": 147
            }
        ],
        "rule-4": [
            {
                "template-line-number": 37,
                "replacement-node": 7,
                "part": null,
                "node-pos": 18
            }
        ],
        "rule-10": [
            {
                "expression-node": 26,
                "template-line-number": 79,
                "replacement-node": 25,
                "part": null,
                "node-pos": 44
            }
        ],
        "rule-12": [
            {
                "template-line-number": 94,
                "replacement-node": 31,
                "part": null,
                "node-pos": 54
            }
        ],
        "rule-6": [
            {
                "template-line-number": 55,
                "replacement-node": 13,
                "part": null,
                "node-pos": 27,
                "html": true
            }
        ],
        "rule-20": [
            {
                "template-line-number": 231,
                "replacement-node": 64,
                "part": null,
                "node-pos": 116
            }
        ],
        "rule-27": {
            "name": "GasPlantInServiceHeadings",
            "subs": [
                {
                    "template-line-number": 137,
                    "replacement-node": 40,
                    "name": "GasPlantInServiceHeadings",
                    "part": "1",
                    "extras": {},
                    "node-pos": 73
                },
                {
                    "template-line-number": 146,
                    "replacement-node": 43,
                    "name": "GasPlantInServiceHeadings",
                    "part": "2",
                    "extras": {},
                    "node-pos": 77
                },
                {
                    "template-line-number": 133,
                    "replacement-node": 38,
                    "name": "GasPlantInServiceHeadings",
                    "part": "3",
                    "extras": {},
                    "node-pos": 71
                }
            ]
        },
        "rule-25": [
            {
                "template-line-number": 368,
                "replacement-node": 90,
                "part": null,
                "node-pos": 157
            }
        ],
        "rule-18": [
            {
                "template-line-number": 207,
                "replacement-node": 58,
                "part": null,
                "node-pos": 105
            }
        ],
        "rule-17": [
            {
                "expression-node": 56,
                "template-line-number": 195,
                "replacement-node": 55,
                "part": null,
                "node-pos": 99
            }
        ],
        "rule-19": [
            {
                "expression-node": 62,
                "template-line-number": 219,
                "replacement-node": 61,
                "part": null,
                "node-pos": 110
            }
        ],
        "rule-8": [
            {
                "expression-node": 20,
                "template-line-number": 70,
                "replacement-node": 19,
                "part": null,
                "node-pos": 36
            }
        ],
        "rule-11": [
            {
                "expression-node": 29,
                "template-line-number": 84,
                "replacement-node": 28,
                "part": null,
                "node-pos": 48
            }
        ],
        "rule-5": [
            {
                "template-line-number": 43,
                "replacement-node": 10,
                "part": null,
                "node-pos": 22,
                "html": true
            }
        ],
        "rule-14": [
            {
                "template-line-number": 159,
                "replacement-node": 46,
                "part": null,
                "node-pos": 83
            }
        ],
        "rule-21": [
            {
                "expression-node": 68,
                "template-line-number": 243,
                "replacement-node": 67,
                "part": null,
                "node-pos": 121
            }
        ],
        "rule-16": [
            {
                "template-line-number": 183,
                "replacement-node": 52,
                "part": null,
                "node-pos": 94
            }
        ],
        "rule-7": [
            {
                "template-line-number": 66,
                "replacement-node": 16,
                "part": null,
                "node-pos": 32
            }
        ],
        "rule-24": [
            {
                "expression-node": 88,
                "template-line-number": 363,
                "replacement-node": 87,
                "part": null,
                "node-pos": 153
            }
        ]
    }
}