{
    "showifs": {
        "rule-1": {
            "type": "showif",
            "template-line-number": 17
        }
    },
    "line-numbers": {},
    "substitutions": {
        "rule-2": [
            {
                "node-pos": 10,
                "template-line-number": 27,
                "replacement-node": 1,
                "part": null
            }
        ],
        "rule-4": [
            {
                "node-pos": 18,
                "template-line-number": 37,
                "replacement-node": 7,
                "part": null
            }
        ],
        "rule-11": [
            {
                "template-line-number": 84,
                "node-pos": 48,
                "expression-node": 29,
                "replacement-node": 28,
                "part": null
            }
        ],
        "rule-16": [
            {
                "node-pos": 111,
                "template-line-number": 225,
                "replacement-node": 63,
                "part": null
            }
        ],
        "rule-6": [
            {
                "node-pos": 27,
                "template-line-number": 55,
                "replacement-node": 13,
                "part": null,
                "html": true
            }
        ],
        "rule-18": {
            "subs": [
                {
                    "name": "BSLineItems",
                    "template-line-number": 180,
                    "part": "1",
                    "replacement-node": 45,
                    "node-pos": 84,
                    "extras": {}
                },
                {
                    "name": "BSLineItems",
                    "template-line-number": 191,
                    "part": "2",
                    "replacement-node": 50,
                    "node-pos": 92,
                    "extras": {}
                },
                {
                    "name": "BSLineItems",
                    "template-line-number": 200,
                    "part": "4",
                    "expression-node": 55,
                    "replacement-node": 54,
                    "node-pos": 97
                },
                {
                    "name": "BSLineItems",
                    "template-line-number": 187,
                    "part": "5",
                    "replacement-node": 48,
                    "node-pos": 90,
                    "extras": {}
                }
            ],
            "name": "BSLineItems"
        },
        "rule-8": [
            {
                "template-line-number": 70,
                "node-pos": 36,
                "expression-node": 20,
                "replacement-node": 19,
                "part": null
            }
        ],
        "rule-12": [
            {
                "node-pos": 59,
                "template-line-number": 98,
                "replacement-node": 31,
                "part": null
            }
        ],
        "rule-15": [
            {
                "node-pos": 107,
                "template-line-number": 216,
                "replacement-node": 60,
                "part": null
            }
        ],
        "rule-7": [
            {
                "node-pos": 32,
                "template-line-number": 66,
                "replacement-node": 16,
                "part": null
            }
        ],
        "rule-3": [
            {
                "template-line-number": 31,
                "node-pos": 14,
                "expression-node": 5,
                "replacement-node": 4,
                "part": null
            }
        ],
        "rule-13": [
            {
                "node-pos": 64,
                "template-line-number": 109,
                "replacement-node": 34,
                "part": null,
                "html": true
            }
        ],
        "rule-10": [
            {
                "template-line-number": 79,
                "node-pos": 44,
                "expression-node": 26,
                "replacement-node": 25,
                "part": null
            }
        ],
        "rule-5": [
            {
                "node-pos": 22,
                "template-line-number": 43,
                "replacement-node": 10,
                "part": null,
                "html": true
            }
        ],
        "rule-17": {
            "subs": [
                {
                    "name": "ColumnHeadings",
                    "template-line-number": 142,
                    "part": "1",
                    "replacement-node": 38,
                    "node-pos": 74,
                    "extras": {}
                },
                {
                    "name": "ColumnHeadings",
                    "template-line-number": 149,
                    "part": "2",
                    "replacement-node": 41,
                    "node-pos": 78,
                    "extras": {}
                }
            ],
            "name": "ColumnHeadings"
        },
        "rule-9": [
            {
                "node-pos": 40,
                "template-line-number": 75,
                "replacement-node": 22,
                "part": null
            }
        ],
        "rule-14": [
            {
                "template-line-number": 211,
                "node-pos": 103,
                "expression-node": 58,
                "replacement-node": 57,
                "part": null
            }
        ]
    }
}