{
    "line-numbers": {
        "SalesForResale": [
            {
                "start-number": 1,
                "template-line-number": 282,
                "line-number-node": 45
            }
        ]
    },
    "showifs": {
        "rule-1": {
            "type": "showif",
            "template-line-number": 14
        }
    },
    "substitutions": {
        "rule-5": [
            {
                "node-pos": 22,
                "template-line-number": 49,
                "replacement-node": 10,
                "html": true,
                "part": null
            }
        ],
        "rule-11": [
            {
                "node-pos": 48,
                "expression-node": 29,
                "replacement-node": 28,
                "template-line-number": 111,
                "part": null
            }
        ],
        "rule-16": [
            {
                "node-pos": 169,
                "expression-node": 87,
                "replacement-node": 86,
                "template-line-number": 407,
                "part": null
            }
        ],
        "rule-2": [
            {
                "node-pos": 10,
                "template-line-number": 27,
                "replacement-node": 1,
                "part": null
            }
        ],
        "rule-17": [
            {
                "node-pos": 173,
                "expression-node": 90,
                "replacement-node": 89,
                "template-line-number": 417,
                "part": null
            }
        ],
        "rule-30": [
            {
                "node-pos": 241,
                "expression-node": 129,
                "replacement-node": 128,
                "template-line-number": 569,
                "part": null
            }
        ],
        "rule-20": [
            {
                "node-pos": 187,
                "template-line-number": 451,
                "replacement-node": 98,
                "part": null
            }
        ],
        "rule-12": [
            {
                "node-pos": 54,
                "template-line-number": 124,
                "replacement-node": 31,
                "part": null
            }
        ],
        "rule-24": [
            {
                "node-pos": 209,
                "expression-node": 111,
                "replacement-node": 110,
                "template-line-number": 498,
                "part": null
            }
        ],
        "rule-4": [
            {
                "node-pos": 18,
                "template-line-number": 41,
                "replacement-node": 7,
                "part": null
            }
        ],
        "rule-23": [
            {
                "node-pos": 205,
                "expression-node": 108,
                "replacement-node": 107,
                "template-line-number": 488,
                "part": null
            }
        ],
        "rule-10": [
            {
                "node-pos": 44,
                "expression-node": 26,
                "replacement-node": 25,
                "template-line-number": 105,
                "part": null
            }
        ],
        "rule-27": [
            {
                "node-pos": 229,
                "expression-node": 120,
                "replacement-node": 119,
                "template-line-number": 539,
                "part": null
            }
        ],
        "rule-26": [
            {
                "node-pos": 225,
                "expression-node": 117,
                "replacement-node": 116,
                "template-line-number": 529,
                "part": null
            }
        ],
        "rule-29": [
            {
                "node-pos": 237,
                "expression-node": 126,
                "replacement-node": 125,
                "template-line-number": 559,
                "part": null
            }
        ],
        "rule-6": [
            {
                "node-pos": 27,
                "template-line-number": 66,
                "replacement-node": 13,
                "html": true,
                "part": null
            }
        ],
        "rule-9": [
            {
                "node-pos": 40,
                "template-line-number": 98,
                "replacement-node": 22,
                "part": null
            }
        ],
        "rule-34": {
            "name": "ColumnHeadings",
            "subs": [
                {
                    "node-pos": 96,
                    "extras": {},
                    "part": "1",
                    "replacement-node": 38,
                    "name": "ColumnHeadings",
                    "template-line-number": 190
                },
                {
                    "node-pos": 100,
                    "extras": {},
                    "part": "2",
                    "replacement-node": 41,
                    "name": "ColumnHeadings",
                    "template-line-number": 197
                }
            ]
        },
        "rule-8": [
            {
                "node-pos": 36,
                "expression-node": 20,
                "replacement-node": 19,
                "template-line-number": 91,
                "part": null
            }
        ],
        "rule-15": [
            {
                "node-pos": 165,
                "expression-node": 84,
                "replacement-node": 83,
                "template-line-number": 397,
                "part": null
            }
        ],
        "rule-7": [
            {
                "node-pos": 32,
                "template-line-number": 84,
                "replacement-node": 16,
                "part": null
            }
        ],
        "rule-3": [
            {
                "node-pos": 14,
                "expression-node": 5,
                "replacement-node": 4,
                "template-line-number": 34,
                "part": null
            }
        ],
        "rule-32": [
            {
                "node-pos": 251,
                "template-line-number": 592,
                "replacement-node": 134,
                "part": null
            }
        ],
        "rule-13": [
            {
                "node-pos": 59,
                "template-line-number": 135,
                "replacement-node": 34,
                "html": true,
                "part": null
            }
        ],
        "rule-22": [
            {
                "node-pos": 201,
                "expression-node": 105,
                "replacement-node": 104,
                "template-line-number": 478,
                "part": null
            }
        ],
        "rule-18": [
            {
                "node-pos": 177,
                "expression-node": 93,
                "replacement-node": 92,
                "template-line-number": 427,
                "part": null
            }
        ],
        "rule-19": [
            {
                "node-pos": 181,
                "expression-node": 96,
                "replacement-node": 95,
                "template-line-number": 437,
                "part": null
            }
        ],
        "rule-28": [
            {
                "node-pos": 233,
                "expression-node": 123,
                "replacement-node": 122,
                "template-line-number": 549,
                "part": null
            }
        ],
        "rule-31": [
            {
                "node-pos": 247,
                "expression-node": 132,
                "replacement-node": 131,
                "template-line-number": 585,
                "part": null
            }
        ],
        "rule-14": [
            {
                "node-pos": 155,
                "template-line-number": 380,
                "replacement-node": 80,
                "part": null
            }
        ],
        "rule-25": [
            {
                "node-pos": 213,
                "expression-node": 114,
                "replacement-node": 113,
                "template-line-number": 508,
                "part": null
            }
        ],
        "rule-21": [
            {
                "node-pos": 197,
                "expression-node": 102,
                "replacement-node": 101,
                "template-line-number": 468,
                "part": null
            }
        ],
        "rule-33": [
            {
                "node-pos": 255,
                "template-line-number": 602,
                "replacement-node": 137,
                "part": null
            }
        ],
        "rule-35": {
            "name": "SalesForResale",
            "subs": [
                {
                    "part": "10",
                    "node-pos": 141,
                    "template-line-number": 352,
                    "replacement-node": 71,
                    "name": "SalesForResale",
                    "expression-node": 72
                },
                {
                    "part": "11",
                    "node-pos": 145,
                    "template-line-number": 360,
                    "replacement-node": 74,
                    "name": "SalesForResale",
                    "expression-node": 75
                },
                {
                    "part": "12",
                    "node-pos": 149,
                    "template-line-number": 368,
                    "replacement-node": 77,
                    "name": "SalesForResale",
                    "expression-node": 78
                },
                {
                    "part": "2",
                    "node-pos": 109,
                    "template-line-number": 287,
                    "replacement-node": 47,
                    "name": "SalesForResale",
                    "expression-node": 48
                },
                {
                    "part": "3",
                    "node-pos": 113,
                    "template-line-number": 296,
                    "replacement-node": 50,
                    "name": "SalesForResale",
                    "expression-node": 51
                },
                {
                    "part": "4",
                    "node-pos": 117,
                    "template-line-number": 304,
                    "replacement-node": 53,
                    "name": "SalesForResale",
                    "expression-node": 54
                },
                {
                    "part": "5",
                    "node-pos": 121,
                    "template-line-number": 312,
                    "replacement-node": 56,
                    "name": "SalesForResale",
                    "expression-node": 57
                },
                {
                    "part": "6",
                    "node-pos": 125,
                    "template-line-number": 320,
                    "replacement-node": 59,
                    "name": "SalesForResale",
                    "expression-node": 60
                },
                {
                    "part": "7",
                    "node-pos": 129,
                    "template-line-number": 328,
                    "replacement-node": 62,
                    "name": "SalesForResale",
                    "expression-node": 63
                },
                {
                    "part": "8",
                    "node-pos": 133,
                    "template-line-number": 336,
                    "replacement-node": 65,
                    "name": "SalesForResale",
                    "expression-node": 66
                },
                {
                    "part": "9",
                    "node-pos": 137,
                    "template-line-number": 344,
                    "replacement-node": 68,
                    "name": "SalesForResale",
                    "expression-node": 69
                }
            ]
        }
    }
}