{
    "line-numbers": {
        "SalesForResale": [
            {
                "line-number-node": 45,
                "start-number": 1,
                "template-line-number": 282
            }
        ]
    },
    "substitutions": {
        "rule-25": [
            {
                "part": null,
                "expression-node": 114,
                "node-pos": 213,
                "template-line-number": 508,
                "replacement-node": 113
            }
        ],
        "rule-16": [
            {
                "part": null,
                "expression-node": 87,
                "node-pos": 169,
                "template-line-number": 407,
                "replacement-node": 86
            }
        ],
        "rule-11": [
            {
                "part": null,
                "expression-node": 29,
                "node-pos": 48,
                "template-line-number": 111,
                "replacement-node": 28
            }
        ],
        "rule-13": [
            {
                "part": null,
                "node-pos": 59,
                "html": true,
                "template-line-number": 135,
                "replacement-node": 34
            }
        ],
        "rule-17": [
            {
                "part": null,
                "expression-node": 90,
                "node-pos": 173,
                "template-line-number": 417,
                "replacement-node": 89
            }
        ],
        "rule-32": [
            {
                "part": null,
                "node-pos": 251,
                "template-line-number": 592,
                "replacement-node": 134
            }
        ],
        "rule-23": [
            {
                "part": null,
                "expression-node": 108,
                "node-pos": 205,
                "template-line-number": 488,
                "replacement-node": 107
            }
        ],
        "rule-9": [
            {
                "part": null,
                "node-pos": 40,
                "template-line-number": 98,
                "replacement-node": 22
            }
        ],
        "rule-19": [
            {
                "part": null,
                "expression-node": 96,
                "node-pos": 181,
                "template-line-number": 437,
                "replacement-node": 95
            }
        ],
        "rule-4": [
            {
                "part": null,
                "node-pos": 18,
                "template-line-number": 41,
                "replacement-node": 7
            }
        ],
        "rule-7": [
            {
                "part": null,
                "node-pos": 32,
                "template-line-number": 84,
                "replacement-node": 16
            }
        ],
        "rule-28": [
            {
                "part": null,
                "expression-node": 123,
                "node-pos": 233,
                "template-line-number": 549,
                "replacement-node": 122
            }
        ],
        "rule-18": [
            {
                "part": null,
                "expression-node": 93,
                "node-pos": 177,
                "template-line-number": 427,
                "replacement-node": 92
            }
        ],
        "rule-30": [
            {
                "part": null,
                "expression-node": 129,
                "node-pos": 241,
                "template-line-number": 569,
                "replacement-node": 128
            }
        ],
        "rule-15": [
            {
                "part": null,
                "expression-node": 84,
                "node-pos": 165,
                "template-line-number": 397,
                "replacement-node": 83
            }
        ],
        "rule-5": [
            {
                "part": null,
                "node-pos": 22,
                "html": true,
                "template-line-number": 49,
                "replacement-node": 10
            }
        ],
        "rule-12": [
            {
                "part": null,
                "node-pos": 54,
                "template-line-number": 124,
                "replacement-node": 31
            }
        ],
        "rule-24": [
            {
                "part": null,
                "expression-node": 111,
                "node-pos": 209,
                "template-line-number": 498,
                "replacement-node": 110
            }
        ],
        "rule-2": [
            {
                "part": null,
                "node-pos": 10,
                "template-line-number": 27,
                "replacement-node": 1
            }
        ],
        "rule-22": [
            {
                "part": null,
                "expression-node": 105,
                "node-pos": 201,
                "template-line-number": 478,
                "replacement-node": 104
            }
        ],
        "rule-10": [
            {
                "part": null,
                "expression-node": 26,
                "node-pos": 44,
                "template-line-number": 105,
                "replacement-node": 25
            }
        ],
        "rule-35": {
            "subs": [
                {
                    "replacement-node": 38,
                    "extras": {},
                    "name": "ColumnHeadings",
                    "node-pos": 96,
                    "part": "1",
                    "template-line-number": 190
                },
                {
                    "replacement-node": 41,
                    "extras": {},
                    "name": "ColumnHeadings",
                    "node-pos": 100,
                    "part": "2",
                    "template-line-number": 197
                }
            ],
            "name": "ColumnHeadings"
        },
        "rule-8": [
            {
                "part": null,
                "expression-node": 20,
                "node-pos": 36,
                "template-line-number": 91,
                "replacement-node": 19
            }
        ],
        "rule-20": [
            {
                "part": null,
                "node-pos": 187,
                "template-line-number": 451,
                "replacement-node": 98
            }
        ],
        "rule-6": [
            {
                "part": null,
                "node-pos": 27,
                "html": true,
                "template-line-number": 66,
                "replacement-node": 13
            }
        ],
        "rule-3": [
            {
                "part": null,
                "expression-node": 5,
                "node-pos": 14,
                "template-line-number": 34,
                "replacement-node": 4
            }
        ],
        "rule-33": [
            {
                "part": null,
                "node-pos": 255,
                "template-line-number": 602,
                "replacement-node": 137
            }
        ],
        "rule-21": [
            {
                "part": null,
                "expression-node": 102,
                "node-pos": 197,
                "template-line-number": 468,
                "replacement-node": 101
            }
        ],
        "rule-34": {
            "subs": [
                {
                    "node-pos": 141,
                    "expression-node": 72,
                    "name": "SalesForResale",
                    "replacement-node": 71,
                    "part": "10",
                    "template-line-number": 352
                },
                {
                    "node-pos": 145,
                    "expression-node": 75,
                    "name": "SalesForResale",
                    "replacement-node": 74,
                    "part": "11",
                    "template-line-number": 360
                },
                {
                    "node-pos": 149,
                    "expression-node": 78,
                    "name": "SalesForResale",
                    "replacement-node": 77,
                    "part": "12",
                    "template-line-number": 368
                },
                {
                    "node-pos": 109,
                    "expression-node": 48,
                    "name": "SalesForResale",
                    "replacement-node": 47,
                    "part": "2",
                    "template-line-number": 287
                },
                {
                    "node-pos": 113,
                    "expression-node": 51,
                    "name": "SalesForResale",
                    "replacement-node": 50,
                    "part": "3",
                    "template-line-number": 296
                },
                {
                    "node-pos": 117,
                    "expression-node": 54,
                    "name": "SalesForResale",
                    "replacement-node": 53,
                    "part": "4",
                    "template-line-number": 304
                },
                {
                    "node-pos": 121,
                    "expression-node": 57,
                    "name": "SalesForResale",
                    "replacement-node": 56,
                    "part": "5",
                    "template-line-number": 312
                },
                {
                    "node-pos": 125,
                    "expression-node": 60,
                    "name": "SalesForResale",
                    "replacement-node": 59,
                    "part": "6",
                    "template-line-number": 320
                },
                {
                    "node-pos": 129,
                    "expression-node": 63,
                    "name": "SalesForResale",
                    "replacement-node": 62,
                    "part": "7",
                    "template-line-number": 328
                },
                {
                    "node-pos": 133,
                    "expression-node": 66,
                    "name": "SalesForResale",
                    "replacement-node": 65,
                    "part": "8",
                    "template-line-number": 336
                },
                {
                    "node-pos": 137,
                    "expression-node": 69,
                    "name": "SalesForResale",
                    "replacement-node": 68,
                    "part": "9",
                    "template-line-number": 344
                }
            ],
            "name": "SalesForResale"
        },
        "rule-14": [
            {
                "part": null,
                "node-pos": 155,
                "template-line-number": 380,
                "replacement-node": 80
            }
        ],
        "rule-27": [
            {
                "part": null,
                "expression-node": 120,
                "node-pos": 229,
                "template-line-number": 539,
                "replacement-node": 119
            }
        ],
        "rule-26": [
            {
                "part": null,
                "expression-node": 117,
                "node-pos": 225,
                "template-line-number": 529,
                "replacement-node": 116
            }
        ],
        "rule-29": [
            {
                "part": null,
                "expression-node": 126,
                "node-pos": 237,
                "template-line-number": 559,
                "replacement-node": 125
            }
        ],
        "rule-31": [
            {
                "part": null,
                "expression-node": 132,
                "node-pos": 247,
                "template-line-number": 585,
                "replacement-node": 131
            }
        ]
    },
    "showifs": {
        "rule-1": {
            "template-line-number": 14,
            "type": "showif"
        }
    }
}