{
    "line-numbers": {},
    "substitutions": {
        "rule-5": [
            {
                "template-line-number": 47,
                "node-pos": 22,
                "html": true,
                "replacement-node": 10,
                "part": null
            }
        ],
        "rule-17": {
            "subs": [
                {
                    "extras": {},
                    "node-pos": 62,
                    "template-line-number": 124,
                    "name": "BSHeadings",
                    "replacement-node": 35,
                    "part": "1"
                },
                {
                    "extras": {},
                    "node-pos": 66,
                    "template-line-number": 131,
                    "name": "BSHeadings",
                    "replacement-node": 38,
                    "part": "2"
                }
            ],
            "name": "BSHeadings"
        },
        "rule-6": [
            {
                "template-line-number": 59,
                "node-pos": 27,
                "html": true,
                "replacement-node": 13,
                "part": null
            }
        ],
        "rule-12": [
            {
                "template-line-number": 100,
                "node-pos": 54,
                "replacement-node": 31,
                "part": null
            }
        ],
        "rule-14": [
            {
                "template-line-number": 220,
                "node-pos": 102,
                "replacement-node": 62,
                "part": null
            }
        ],
        "rule-3": [
            {
                "template-line-number": 35,
                "node-pos": 14,
                "expression-node": 5,
                "replacement-node": 4,
                "part": null
            }
        ],
        "rule-2": [
            {
                "template-line-number": 30,
                "node-pos": 10,
                "replacement-node": 1,
                "part": null
            }
        ],
        "rule-16": {
            "subs": [
                {
                    "extras": {},
                    "node-pos": 72,
                    "template-line-number": 170,
                    "name": "BSLineItems",
                    "replacement-node": 42,
                    "part": "1"
                },
                {
                    "extras": {},
                    "node-pos": 80,
                    "template-line-number": 181,
                    "name": "BSLineItems",
                    "replacement-node": 47,
                    "part": "2"
                },
                {
                    "extras": {},
                    "node-pos": 85,
                    "template-line-number": 190,
                    "name": "BSLineItems",
                    "replacement-node": 51,
                    "part": "3"
                },
                {
                    "expression-node": 54,
                    "node-pos": 88,
                    "template-line-number": 195,
                    "name": "BSLineItems",
                    "replacement-node": 53,
                    "part": "4"
                },
                {
                    "expression-node": 57,
                    "node-pos": 92,
                    "template-line-number": 201,
                    "name": "BSLineItems",
                    "replacement-node": 56,
                    "part": "5"
                },
                {
                    "extras": {},
                    "node-pos": 78,
                    "template-line-number": 177,
                    "name": "BSLineItems",
                    "replacement-node": 45,
                    "part": "6"
                }
            ],
            "name": "BSLineItems"
        },
        "rule-13": [
            {
                "template-line-number": 213,
                "node-pos": 98,
                "expression-node": 60,
                "replacement-node": 59,
                "part": null
            }
        ],
        "rule-4": [
            {
                "template-line-number": 41,
                "node-pos": 18,
                "replacement-node": 7,
                "part": null
            }
        ],
        "rule-8": [
            {
                "template-line-number": 75,
                "node-pos": 36,
                "expression-node": 20,
                "replacement-node": 19,
                "part": null
            }
        ],
        "rule-9": [
            {
                "template-line-number": 80,
                "node-pos": 40,
                "replacement-node": 22,
                "part": null
            }
        ],
        "rule-7": [
            {
                "template-line-number": 70,
                "node-pos": 32,
                "replacement-node": 16,
                "part": null
            }
        ],
        "rule-15": [
            {
                "template-line-number": 230,
                "node-pos": 106,
                "replacement-node": 65,
                "part": null
            }
        ],
        "rule-10": [
            {
                "template-line-number": 85,
                "node-pos": 44,
                "expression-node": 26,
                "replacement-node": 25,
                "part": null
            }
        ],
        "rule-11": [
            {
                "template-line-number": 90,
                "node-pos": 48,
                "expression-node": 29,
                "replacement-node": 28,
                "part": null
            }
        ]
    },
    "showifs": {
        "rule-1": {
            "template-line-number": 18,
            "type": "showif"
        }
    }
}