{
    "showifs": {},
    "line-numbers": {
        "GenPlants": [
            {
                "template-line-number": 165,
                "line-number-node": 31,
                "start-number": 1
            }
        ]
    },
    "substitutions": {
        "rule-8": [
            {
                "node-pos": 85,
                "template-line-number": 190,
                "replacement-node": 42,
                "part": null
            }
        ],
        "rule-7": [
            {
                "node-pos": 40,
                "template-line-number": 73,
                "replacement-node": 18,
                "html": true,
                "part": null
            }
        ],
        "rule-3": [
            {
                "node-pos": 22,
                "template-line-number": 42,
                "replacement-node": 6,
                "expression-node": 7,
                "part": null
            }
        ],
        "rule-6": [
            {
                "node-pos": 35,
                "template-line-number": 62,
                "replacement-node": 15,
                "part": null
            }
        ],
        "rule-4": [
            {
                "node-pos": 26,
                "template-line-number": 47,
                "replacement-node": 9,
                "part": null
            }
        ],
        "rule-9": {
            "name": "GenPlantsHead",
            "subs": [
                {
                    "name": "GenPlantsHead",
                    "template-line-number": 109,
                    "replacement-node": 24,
                    "part": "1",
                    "node-pos": 58,
                    "extras": {}
                },
                {
                    "name": "GenPlantsHead",
                    "template-line-number": 118,
                    "replacement-node": 27,
                    "part": "2",
                    "node-pos": 62,
                    "extras": {}
                },
                {
                    "name": "GenPlantsHead",
                    "template-line-number": 105,
                    "replacement-node": 22,
                    "part": "3",
                    "node-pos": 56,
                    "extras": {}
                }
            ]
        },
        "rule-5": [
            {
                "node-pos": 29,
                "template-line-number": 52,
                "replacement-node": 12,
                "expression-node": 13,
                "part": null
            }
        ],
        "rule-2": [
            {
                "node-pos": 19,
                "template-line-number": 37,
                "replacement-node": 3,
                "part": null
            }
        ],
        "rule-1": [
            {
                "node-pos": 15,
                "template-line-number": 30,
                "replacement-node": 0,
                "expression-node": 1,
                "part": null
            }
        ],
        "rule-10": {
            "name": "GenPlants",
            "subs": [
                {
                    "name": "GenPlants",
                    "template-line-number": 168,
                    "replacement-node": 33,
                    "expression-node": 34,
                    "part": "2",
                    "node-pos": 71
                },
                {
                    "name": "GenPlants",
                    "template-line-number": 173,
                    "replacement-node": 36,
                    "expression-node": 37,
                    "part": "3",
                    "node-pos": 75
                },
                {
                    "name": "GenPlants",
                    "template-line-number": 178,
                    "replacement-node": 39,
                    "expression-node": 40,
                    "part": "4",
                    "node-pos": 79
                }
            ]
        }
    }
}