{
    "showifs": {
        "rule-1": {
            "type": "showif",
            "template-line-number": 18
        }
    },
    "substitutions": {
        "rule-17": {
            "subs": [
                {
                    "node-pos": 75,
                    "template-line-number": 140,
                    "part": "1",
                    "extras": {},
                    "name": "ADUndividedJIPropertyHeadings",
                    "replacement-node": 38
                },
                {
                    "node-pos": 79,
                    "template-line-number": 147,
                    "part": "2",
                    "extras": {},
                    "name": "ADUndividedJIPropertyHeadings",
                    "replacement-node": 41
                }
            ],
            "name": "ADUndividedJIPropertyHeadings"
        },
        "rule-12": [
            {
                "replacement-node": 31,
                "node-pos": 55,
                "template-line-number": 98,
                "part": null
            }
        ],
        "rule-3": [
            {
                "replacement-node": 4,
                "node-pos": 15,
                "template-line-number": 33,
                "expression-node": 5,
                "part": null
            }
        ],
        "rule-13": [
            {
                "replacement-node": 34,
                "node-pos": 60,
                "template-line-number": 109,
                "part": null,
                "html": true
            }
        ],
        "rule-16": [
            {
                "replacement-node": 77,
                "node-pos": 129,
                "template-line-number": 293,
                "part": null
            }
        ],
        "rule-11": [
            {
                "replacement-node": 28,
                "node-pos": 49,
                "template-line-number": 88,
                "expression-node": 29,
                "part": null
            }
        ],
        "rule-8": [
            {
                "replacement-node": 19,
                "node-pos": 37,
                "template-line-number": 73,
                "expression-node": 20,
                "part": null
            }
        ],
        "rule-5": [
            {
                "replacement-node": 10,
                "node-pos": 23,
                "template-line-number": 45,
                "part": null,
                "html": true
            }
        ],
        "rule-14": [
            {
                "replacement-node": 71,
                "node-pos": 121,
                "template-line-number": 279,
                "expression-node": 72,
                "part": null
            }
        ],
        "rule-10": [
            {
                "replacement-node": 25,
                "node-pos": 45,
                "template-line-number": 83,
                "expression-node": 26,
                "part": null
            }
        ],
        "rule-2": [
            {
                "replacement-node": 1,
                "node-pos": 11,
                "template-line-number": 28,
                "part": null
            }
        ],
        "rule-15": [
            {
                "replacement-node": 74,
                "node-pos": 125,
                "template-line-number": 284,
                "part": null
            }
        ],
        "rule-6": [
            {
                "replacement-node": 13,
                "node-pos": 28,
                "template-line-number": 57,
                "part": null,
                "html": true
            }
        ],
        "rule-9": [
            {
                "replacement-node": 22,
                "node-pos": 41,
                "template-line-number": 78,
                "part": null
            }
        ],
        "rule-7": [
            {
                "replacement-node": 16,
                "node-pos": 33,
                "template-line-number": 68,
                "part": null
            }
        ],
        "rule-4": [
            {
                "replacement-node": 7,
                "node-pos": 19,
                "template-line-number": 39,
                "part": null
            }
        ],
        "rule-18": {
            "subs": [
                {
                    "node-pos": 85,
                    "template-line-number": 216,
                    "part": "1",
                    "extras": {},
                    "name": "ADUndividedJIPropertyItems",
                    "replacement-node": 45
                },
                {
                    "node-pos": 90,
                    "template-line-number": 224,
                    "part": "1",
                    "extras": {},
                    "name": "ADUndividedJIPropertyItems",
                    "replacement-node": 49
                },
                {
                    "node-pos": 94,
                    "template-line-number": 231,
                    "expression-node": 53,
                    "part": "2",
                    "name": "ADUndividedJIPropertyItems",
                    "replacement-node": 52
                },
                {
                    "node-pos": 98,
                    "template-line-number": 238,
                    "expression-node": 56,
                    "part": "3",
                    "name": "ADUndividedJIPropertyItems",
                    "replacement-node": 55
                },
                {
                    "node-pos": 102,
                    "template-line-number": 245,
                    "expression-node": 59,
                    "part": "4",
                    "name": "ADUndividedJIPropertyItems",
                    "replacement-node": 58
                },
                {
                    "node-pos": 107,
                    "template-line-number": 254,
                    "expression-node": 63,
                    "part": "5",
                    "name": "ADUndividedJIPropertyItems",
                    "replacement-node": 62
                },
                {
                    "node-pos": 111,
                    "template-line-number": 261,
                    "expression-node": 66,
                    "part": "6",
                    "name": "ADUndividedJIPropertyItems",
                    "replacement-node": 65
                },
                {
                    "node-pos": 115,
                    "template-line-number": 268,
                    "expression-node": 69,
                    "part": "7",
                    "name": "ADUndividedJIPropertyItems",
                    "replacement-node": 68
                }
            ],
            "name": "ADUndividedJIPropertyItems"
        }
    },
    "line-numbers": {}
}