{
    "substitutions": {
        "rule-12": [
            {
                "replacement-node": 33,
                "part": null,
                "template-line-number": 103,
                "node-pos": 58,
                "html": true
            }
        ],
        "rule-28": {
            "subs": [
                {
                    "replacement-node": 125,
                    "part": "10",
                    "template-line-number": 509,
                    "name": "DeferredIncomeTaxesLineItems2",
                    "node-pos": 225,
                    "expression-node": 126
                },
                {
                    "replacement-node": 128,
                    "part": "11",
                    "template-line-number": 514,
                    "name": "DeferredIncomeTaxesLineItems2",
                    "node-pos": 229,
                    "expression-node": 129
                },
                {
                    "replacement-node": 101,
                    "part": "2",
                    "template-line-number": 469,
                    "name": "DeferredIncomeTaxesLineItems2",
                    "node-pos": 193,
                    "expression-node": 102
                },
                {
                    "replacement-node": 104,
                    "part": "3",
                    "template-line-number": 474,
                    "name": "DeferredIncomeTaxesLineItems2",
                    "node-pos": 197,
                    "expression-node": 105
                },
                {
                    "replacement-node": 107,
                    "part": "4",
                    "template-line-number": 479,
                    "name": "DeferredIncomeTaxesLineItems2",
                    "node-pos": 201,
                    "expression-node": 108
                },
                {
                    "replacement-node": 110,
                    "part": "5",
                    "template-line-number": 484,
                    "name": "DeferredIncomeTaxesLineItems2",
                    "node-pos": 205,
                    "expression-node": 111
                },
                {
                    "replacement-node": 113,
                    "part": "6",
                    "template-line-number": 489,
                    "name": "DeferredIncomeTaxesLineItems2",
                    "node-pos": 209,
                    "expression-node": 114
                },
                {
                    "replacement-node": 116,
                    "part": "7",
                    "template-line-number": 494,
                    "name": "DeferredIncomeTaxesLineItems2",
                    "node-pos": 213,
                    "expression-node": 117
                },
                {
                    "replacement-node": 119,
                    "part": "8",
                    "template-line-number": 499,
                    "name": "DeferredIncomeTaxesLineItems2",
                    "node-pos": 217,
                    "expression-node": 120
                },
                {
                    "replacement-node": 122,
                    "part": "9",
                    "template-line-number": 504,
                    "name": "DeferredIncomeTaxesLineItems2",
                    "node-pos": 221,
                    "expression-node": 123
                }
            ],
            "name": "DeferredIncomeTaxesLineItems2"
        },
        "rule-20": [
            {
                "replacement-node": 131,
                "part": null,
                "template-line-number": 529,
                "node-pos": 236,
                "expression-node": 132
            }
        ],
        "rule-7": [
            {
                "replacement-node": 18,
                "part": null,
                "template-line-number": 67,
                "node-pos": 35,
                "expression-node": 19
            }
        ],
        "rule-15": [
            {
                "replacement-node": 83,
                "part": null,
                "template-line-number": 329,
                "node-pos": 154,
                "expression-node": 84
            }
        ],
        "rule-13": [
            {
                "replacement-node": 43,
                "part": null,
                "template-line-number": 154,
                "node-pos": 87
            }
        ],
        "rule-4": [
            {
                "replacement-node": 9,
                "part": null,
                "template-line-number": 39,
                "node-pos": 21,
                "html": true
            }
        ],
        "rule-29": {
            "subs": [
                {
                    "replacement-node": 37,
                    "part": "1",
                    "extras": {},
                    "template-line-number": 137,
                    "name": "ColumnHeadings",
                    "node-pos": 77
                },
                {
                    "replacement-node": 40,
                    "part": "2",
                    "extras": {},
                    "template-line-number": 144,
                    "name": "ColumnHeadings",
                    "node-pos": 81
                }
            ],
            "name": "ColumnHeadings"
        },
        "rule-19": [
            {
                "replacement-node": 95,
                "part": null,
                "template-line-number": 374,
                "node-pos": 175
            }
        ],
        "rule-10": [
            {
                "replacement-node": 27,
                "part": null,
                "template-line-number": 82,
                "node-pos": 47,
                "expression-node": 28
            }
        ],
        "rule-6": [
            {
                "replacement-node": 15,
                "part": null,
                "template-line-number": 62,
                "node-pos": 31
            }
        ],
        "rule-23": [
            {
                "replacement-node": 140,
                "part": null,
                "template-line-number": 558,
                "node-pos": 250,
                "expression-node": 141
            }
        ],
        "rule-5": [
            {
                "replacement-node": 12,
                "part": null,
                "template-line-number": 51,
                "node-pos": 26,
                "html": true
            }
        ],
        "rule-17": [
            {
                "replacement-node": 89,
                "part": null,
                "template-line-number": 348,
                "node-pos": 163,
                "expression-node": 90
            }
        ],
        "rule-21": [
            {
                "replacement-node": 134,
                "part": null,
                "template-line-number": 539,
                "node-pos": 241,
                "expression-node": 135
            }
        ],
        "rule-18": [
            {
                "replacement-node": 92,
                "part": null,
                "template-line-number": 357,
                "node-pos": 167,
                "expression-node": 93
            }
        ],
        "rule-25": [
            {
                "replacement-node": 146,
                "part": null,
                "template-line-number": 587,
                "node-pos": 262,
                "expression-node": 147
            }
        ],
        "rule-1": [
            {
                "replacement-node": 0,
                "part": null,
                "template-line-number": 22,
                "node-pos": 9
            }
        ],
        "rule-8": [
            {
                "replacement-node": 21,
                "part": null,
                "template-line-number": 72,
                "node-pos": 39
            }
        ],
        "rule-14": [
            {
                "replacement-node": 80,
                "part": null,
                "template-line-number": 319,
                "node-pos": 149,
                "expression-node": 81
            }
        ],
        "rule-9": [
            {
                "replacement-node": 24,
                "part": null,
                "template-line-number": 77,
                "node-pos": 43,
                "expression-node": 25
            }
        ],
        "rule-30": {
            "subs": [
                {
                    "replacement-node": 74,
                    "part": "10",
                    "template-line-number": 299,
                    "name": "DeferredIncomeTaxesLineItems",
                    "node-pos": 138,
                    "expression-node": 75
                },
                {
                    "replacement-node": 77,
                    "part": "11",
                    "template-line-number": 304,
                    "name": "DeferredIncomeTaxesLineItems",
                    "node-pos": 142,
                    "expression-node": 78
                },
                {
                    "replacement-node": 49,
                    "part": "2",
                    "template-line-number": 257,
                    "name": "DeferredIncomeTaxesLineItems",
                    "node-pos": 105,
                    "expression-node": 50
                },
                {
                    "replacement-node": 53,
                    "part": "3",
                    "template-line-number": 264,
                    "name": "DeferredIncomeTaxesLineItems",
                    "node-pos": 110,
                    "expression-node": 54
                },
                {
                    "replacement-node": 56,
                    "part": "4",
                    "template-line-number": 269,
                    "name": "DeferredIncomeTaxesLineItems",
                    "node-pos": 114,
                    "expression-node": 57
                },
                {
                    "replacement-node": 59,
                    "part": "5",
                    "template-line-number": 274,
                    "name": "DeferredIncomeTaxesLineItems",
                    "node-pos": 118,
                    "expression-node": 60
                },
                {
                    "replacement-node": 62,
                    "part": "6",
                    "template-line-number": 279,
                    "name": "DeferredIncomeTaxesLineItems",
                    "node-pos": 122,
                    "expression-node": 63
                },
                {
                    "replacement-node": 65,
                    "part": "7",
                    "template-line-number": 284,
                    "name": "DeferredIncomeTaxesLineItems",
                    "node-pos": 126,
                    "expression-node": 66
                },
                {
                    "replacement-node": 68,
                    "part": "8",
                    "template-line-number": 289,
                    "name": "DeferredIncomeTaxesLineItems",
                    "node-pos": 130,
                    "expression-node": 69
                },
                {
                    "replacement-node": 71,
                    "part": "9",
                    "template-line-number": 294,
                    "name": "DeferredIncomeTaxesLineItems",
                    "node-pos": 134,
                    "expression-node": 72
                }
            ],
            "name": "DeferredIncomeTaxesLineItems"
        },
        "rule-22": [
            {
                "replacement-node": 137,
                "part": null,
                "template-line-number": 549,
                "node-pos": 246,
                "expression-node": 138
            }
        ],
        "rule-26": [
            {
                "replacement-node": 149,
                "part": null,
                "template-line-number": 594,
                "node-pos": 266
            }
        ],
        "rule-27": [
            {
                "replacement-node": 152,
                "part": null,
                "template-line-number": 604,
                "node-pos": 270
            }
        ],
        "rule-24": [
            {
                "replacement-node": 143,
                "part": null,
                "template-line-number": 567,
                "node-pos": 254,
                "expression-node": 144
            }
        ],
        "rule-16": [
            {
                "replacement-node": 86,
                "part": null,
                "template-line-number": 339,
                "node-pos": 159,
                "expression-node": 87
            }
        ],
        "rule-2": [
            {
                "replacement-node": 3,
                "part": null,
                "template-line-number": 27,
                "node-pos": 13,
                "expression-node": 4
            }
        ],
        "rule-11": [
            {
                "replacement-node": 30,
                "part": null,
                "template-line-number": 92,
                "node-pos": 53
            }
        ],
        "rule-3": [
            {
                "replacement-node": 6,
                "part": null,
                "template-line-number": 33,
                "node-pos": 17
            }
        ]
    },
    "line-numbers": {
        "DeferredIncomeTaxesLineItems2": [
            {
                "start-number": 10,
                "template-line-number": 465,
                "line-number-node": 99
            }
        ],
        "DeferredIncomeTaxesLineItems": [
            {
                "start-number": 2,
                "template-line-number": 251,
                "line-number-node": 47
            }
        ]
    },
    "showifs": {}
}