{
    "showifs": {},
    "substitutions": {
        "rule-20": [
            {
                "part": null,
                "template-line-number": 529,
                "node-pos": 236,
                "expression-node": 132,
                "replacement-node": 131
            }
        ],
        "rule-8": [
            {
                "part": null,
                "template-line-number": 72,
                "node-pos": 39,
                "replacement-node": 21
            }
        ],
        "rule-4": [
            {
                "part": null,
                "template-line-number": 39,
                "html": true,
                "node-pos": 21,
                "replacement-node": 9
            }
        ],
        "rule-5": [
            {
                "part": null,
                "template-line-number": 51,
                "html": true,
                "node-pos": 26,
                "replacement-node": 12
            }
        ],
        "rule-13": [
            {
                "part": null,
                "template-line-number": 154,
                "node-pos": 87,
                "replacement-node": 43
            }
        ],
        "rule-27": [
            {
                "part": null,
                "template-line-number": 604,
                "node-pos": 270,
                "replacement-node": 152
            }
        ],
        "rule-9": [
            {
                "part": null,
                "template-line-number": 77,
                "node-pos": 43,
                "expression-node": 25,
                "replacement-node": 24
            }
        ],
        "rule-21": [
            {
                "part": null,
                "template-line-number": 539,
                "node-pos": 241,
                "expression-node": 135,
                "replacement-node": 134
            }
        ],
        "rule-30": {
            "name": "DeferredIncomeTaxesLineItems",
            "subs": [
                {
                    "part": "10",
                    "template-line-number": 299,
                    "name": "DeferredIncomeTaxesLineItems",
                    "expression-node": 75,
                    "replacement-node": 74,
                    "node-pos": 138
                },
                {
                    "part": "11",
                    "template-line-number": 304,
                    "name": "DeferredIncomeTaxesLineItems",
                    "expression-node": 78,
                    "replacement-node": 77,
                    "node-pos": 142
                },
                {
                    "part": "2",
                    "template-line-number": 257,
                    "name": "DeferredIncomeTaxesLineItems",
                    "expression-node": 50,
                    "replacement-node": 49,
                    "node-pos": 105
                },
                {
                    "part": "3",
                    "template-line-number": 264,
                    "name": "DeferredIncomeTaxesLineItems",
                    "expression-node": 54,
                    "replacement-node": 53,
                    "node-pos": 110
                },
                {
                    "part": "4",
                    "template-line-number": 269,
                    "name": "DeferredIncomeTaxesLineItems",
                    "expression-node": 57,
                    "replacement-node": 56,
                    "node-pos": 114
                },
                {
                    "part": "5",
                    "template-line-number": 274,
                    "name": "DeferredIncomeTaxesLineItems",
                    "expression-node": 60,
                    "replacement-node": 59,
                    "node-pos": 118
                },
                {
                    "part": "6",
                    "template-line-number": 279,
                    "name": "DeferredIncomeTaxesLineItems",
                    "expression-node": 63,
                    "replacement-node": 62,
                    "node-pos": 122
                },
                {
                    "part": "7",
                    "template-line-number": 284,
                    "name": "DeferredIncomeTaxesLineItems",
                    "expression-node": 66,
                    "replacement-node": 65,
                    "node-pos": 126
                },
                {
                    "part": "8",
                    "template-line-number": 289,
                    "name": "DeferredIncomeTaxesLineItems",
                    "expression-node": 69,
                    "replacement-node": 68,
                    "node-pos": 130
                },
                {
                    "part": "9",
                    "template-line-number": 294,
                    "name": "DeferredIncomeTaxesLineItems",
                    "expression-node": 72,
                    "replacement-node": 71,
                    "node-pos": 134
                }
            ]
        },
        "rule-16": [
            {
                "part": null,
                "template-line-number": 339,
                "node-pos": 159,
                "expression-node": 87,
                "replacement-node": 86
            }
        ],
        "rule-10": [
            {
                "part": null,
                "template-line-number": 82,
                "node-pos": 47,
                "expression-node": 28,
                "replacement-node": 27
            }
        ],
        "rule-12": [
            {
                "part": null,
                "template-line-number": 103,
                "html": true,
                "node-pos": 58,
                "replacement-node": 33
            }
        ],
        "rule-2": [
            {
                "part": null,
                "template-line-number": 27,
                "node-pos": 13,
                "expression-node": 4,
                "replacement-node": 3
            }
        ],
        "rule-25": [
            {
                "part": null,
                "template-line-number": 587,
                "node-pos": 262,
                "expression-node": 147,
                "replacement-node": 146
            }
        ],
        "rule-29": {
            "name": "ColumnHeadings",
            "subs": [
                {
                    "part": "1",
                    "template-line-number": 137,
                    "name": "ColumnHeadings",
                    "replacement-node": 37,
                    "extras": {},
                    "node-pos": 77
                },
                {
                    "part": "2",
                    "template-line-number": 144,
                    "name": "ColumnHeadings",
                    "replacement-node": 40,
                    "extras": {},
                    "node-pos": 81
                }
            ]
        },
        "rule-23": [
            {
                "part": null,
                "template-line-number": 558,
                "node-pos": 250,
                "expression-node": 141,
                "replacement-node": 140
            }
        ],
        "rule-28": {
            "name": "DeferredIncomeTaxesLineItems2",
            "subs": [
                {
                    "part": "10",
                    "template-line-number": 509,
                    "name": "DeferredIncomeTaxesLineItems2",
                    "expression-node": 126,
                    "replacement-node": 125,
                    "node-pos": 225
                },
                {
                    "part": "11",
                    "template-line-number": 514,
                    "name": "DeferredIncomeTaxesLineItems2",
                    "expression-node": 129,
                    "replacement-node": 128,
                    "node-pos": 229
                },
                {
                    "part": "2",
                    "template-line-number": 469,
                    "name": "DeferredIncomeTaxesLineItems2",
                    "expression-node": 102,
                    "replacement-node": 101,
                    "node-pos": 193
                },
                {
                    "part": "3",
                    "template-line-number": 474,
                    "name": "DeferredIncomeTaxesLineItems2",
                    "expression-node": 105,
                    "replacement-node": 104,
                    "node-pos": 197
                },
                {
                    "part": "4",
                    "template-line-number": 479,
                    "name": "DeferredIncomeTaxesLineItems2",
                    "expression-node": 108,
                    "replacement-node": 107,
                    "node-pos": 201
                },
                {
                    "part": "5",
                    "template-line-number": 484,
                    "name": "DeferredIncomeTaxesLineItems2",
                    "expression-node": 111,
                    "replacement-node": 110,
                    "node-pos": 205
                },
                {
                    "part": "6",
                    "template-line-number": 489,
                    "name": "DeferredIncomeTaxesLineItems2",
                    "expression-node": 114,
                    "replacement-node": 113,
                    "node-pos": 209
                },
                {
                    "part": "7",
                    "template-line-number": 494,
                    "name": "DeferredIncomeTaxesLineItems2",
                    "expression-node": 117,
                    "replacement-node": 116,
                    "node-pos": 213
                },
                {
                    "part": "8",
                    "template-line-number": 499,
                    "name": "DeferredIncomeTaxesLineItems2",
                    "expression-node": 120,
                    "replacement-node": 119,
                    "node-pos": 217
                },
                {
                    "part": "9",
                    "template-line-number": 504,
                    "name": "DeferredIncomeTaxesLineItems2",
                    "expression-node": 123,
                    "replacement-node": 122,
                    "node-pos": 221
                }
            ]
        },
        "rule-15": [
            {
                "part": null,
                "template-line-number": 329,
                "node-pos": 154,
                "expression-node": 84,
                "replacement-node": 83
            }
        ],
        "rule-7": [
            {
                "part": null,
                "template-line-number": 67,
                "node-pos": 35,
                "expression-node": 19,
                "replacement-node": 18
            }
        ],
        "rule-11": [
            {
                "part": null,
                "template-line-number": 92,
                "node-pos": 53,
                "replacement-node": 30
            }
        ],
        "rule-17": [
            {
                "part": null,
                "template-line-number": 348,
                "node-pos": 163,
                "expression-node": 90,
                "replacement-node": 89
            }
        ],
        "rule-18": [
            {
                "part": null,
                "template-line-number": 357,
                "node-pos": 167,
                "expression-node": 93,
                "replacement-node": 92
            }
        ],
        "rule-22": [
            {
                "part": null,
                "template-line-number": 549,
                "node-pos": 246,
                "expression-node": 138,
                "replacement-node": 137
            }
        ],
        "rule-3": [
            {
                "part": null,
                "template-line-number": 33,
                "node-pos": 17,
                "replacement-node": 6
            }
        ],
        "rule-1": [
            {
                "part": null,
                "template-line-number": 22,
                "node-pos": 9,
                "replacement-node": 0
            }
        ],
        "rule-19": [
            {
                "part": null,
                "template-line-number": 374,
                "node-pos": 175,
                "replacement-node": 95
            }
        ],
        "rule-24": [
            {
                "part": null,
                "template-line-number": 567,
                "node-pos": 254,
                "expression-node": 144,
                "replacement-node": 143
            }
        ],
        "rule-14": [
            {
                "part": null,
                "template-line-number": 319,
                "node-pos": 149,
                "expression-node": 81,
                "replacement-node": 80
            }
        ],
        "rule-6": [
            {
                "part": null,
                "template-line-number": 62,
                "node-pos": 31,
                "replacement-node": 15
            }
        ],
        "rule-26": [
            {
                "part": null,
                "template-line-number": 594,
                "node-pos": 266,
                "replacement-node": 149
            }
        ]
    },
    "line-numbers": {
        "DeferredIncomeTaxesLineItems2": [
            {
                "template-line-number": 465,
                "line-number-node": 99,
                "start-number": 10
            }
        ],
        "DeferredIncomeTaxesLineItems": [
            {
                "template-line-number": 251,
                "line-number-node": 47,
                "start-number": 2
            }
        ]
    }
}