{
    "showifs": {},
    "line-numbers": {},
    "substitutions": {
        "rule-14": [
            {
                "node-pos": 112,
                "replacement-node": 67,
                "part": null,
                "template-line-number": 286
            }
        ],
        "rule-2": [
            {
                "node-pos": 13,
                "replacement-node": 3,
                "part": null,
                "expression-node": 4,
                "template-line-number": 27
            }
        ],
        "rule-8": [
            {
                "node-pos": 39,
                "replacement-node": 21,
                "part": null,
                "template-line-number": 72
            }
        ],
        "rule-16": {
            "subs": [
                {
                    "extras": {},
                    "node-pos": 69,
                    "replacement-node": 37,
                    "name": "NuclearFuelHeadings",
                    "part": "1",
                    "template-line-number": 129
                },
                {
                    "extras": {},
                    "node-pos": 73,
                    "replacement-node": 40,
                    "name": "NuclearFuelHeadings",
                    "part": "2",
                    "template-line-number": 136
                }
            ],
            "name": "NuclearFuelHeadings"
        },
        "rule-12": [
            {
                "node-pos": 58,
                "replacement-node": 33,
                "part": null,
                "html": true,
                "template-line-number": 103
            }
        ],
        "rule-4": [
            {
                "node-pos": 21,
                "replacement-node": 9,
                "part": null,
                "html": true,
                "template-line-number": 39
            }
        ],
        "rule-13": [
            {
                "node-pos": 108,
                "replacement-node": 64,
                "part": null,
                "expression-node": 65,
                "template-line-number": 279
            }
        ],
        "rule-7": [
            {
                "node-pos": 35,
                "replacement-node": 18,
                "part": null,
                "expression-node": 19,
                "template-line-number": 67
            }
        ],
        "rule-9": [
            {
                "node-pos": 43,
                "replacement-node": 24,
                "part": null,
                "expression-node": 25,
                "template-line-number": 77
            }
        ],
        "rule-10": [
            {
                "node-pos": 47,
                "replacement-node": 27,
                "part": null,
                "expression-node": 28,
                "template-line-number": 82
            }
        ],
        "rule-3": [
            {
                "node-pos": 17,
                "replacement-node": 6,
                "part": null,
                "template-line-number": 33
            }
        ],
        "rule-15": [
            {
                "node-pos": 116,
                "replacement-node": 70,
                "part": null,
                "template-line-number": 296
            }
        ],
        "rule-5": [
            {
                "node-pos": 26,
                "replacement-node": 12,
                "part": null,
                "html": true,
                "template-line-number": 51
            }
        ],
        "rule-17": {
            "subs": [
                {
                    "extras": {},
                    "node-pos": 79,
                    "replacement-node": 44,
                    "name": "NuclearFuelItems",
                    "part": "1",
                    "template-line-number": 221
                },
                {
                    "extras": {},
                    "node-pos": 83,
                    "replacement-node": 47,
                    "name": "NuclearFuelItems",
                    "part": "1",
                    "template-line-number": 227
                },
                {
                    "node-pos": 86,
                    "replacement-node": 49,
                    "name": "NuclearFuelItems",
                    "part": "2",
                    "expression-node": 50,
                    "template-line-number": 234
                },
                {
                    "node-pos": 90,
                    "replacement-node": 52,
                    "name": "NuclearFuelItems",
                    "part": "3",
                    "expression-node": 53,
                    "template-line-number": 242
                },
                {
                    "node-pos": 94,
                    "replacement-node": 55,
                    "name": "NuclearFuelItems",
                    "part": "4",
                    "expression-node": 56,
                    "template-line-number": 250
                },
                {
                    "node-pos": 98,
                    "replacement-node": 58,
                    "name": "NuclearFuelItems",
                    "part": "5",
                    "expression-node": 59,
                    "template-line-number": 258
                },
                {
                    "node-pos": 102,
                    "replacement-node": 61,
                    "name": "NuclearFuelItems",
                    "part": "6",
                    "expression-node": 62,
                    "template-line-number": 266
                }
            ],
            "name": "NuclearFuelItems"
        },
        "rule-1": [
            {
                "node-pos": 9,
                "replacement-node": 0,
                "part": null,
                "template-line-number": 22
            }
        ],
        "rule-11": [
            {
                "node-pos": 53,
                "replacement-node": 30,
                "part": null,
                "template-line-number": 92
            }
        ],
        "rule-6": [
            {
                "node-pos": 31,
                "replacement-node": 15,
                "part": null,
                "template-line-number": 62
            }
        ]
    }
}