{
    "showifs": {},
    "substitutions": {
        "rule-9": [
            {
                "replacement-node": 24,
                "part": null,
                "expression-node": 25,
                "template-line-number": 77,
                "node-pos": 43
            }
        ],
        "rule-18": [
            {
                "replacement-node": 112,
                "part": null,
                "expression-node": 113,
                "template-line-number": 456,
                "node-pos": 200
            }
        ],
        "rule-12": [
            {
                "replacement-node": 33,
                "part": null,
                "template-line-number": 104,
                "node-pos": 58,
                "html": true
            }
        ],
        "rule-16": [
            {
                "replacement-node": 106,
                "part": null,
                "expression-node": 107,
                "template-line-number": 438,
                "node-pos": 192
            }
        ],
        "rule-7": [
            {
                "replacement-node": 18,
                "part": null,
                "expression-node": 19,
                "template-line-number": 67,
                "node-pos": 35
            }
        ],
        "rule-14": [
            {
                "replacement-node": 100,
                "part": null,
                "expression-node": 101,
                "template-line-number": 419,
                "node-pos": 183
            }
        ],
        "rule-1": [
            {
                "replacement-node": 0,
                "part": null,
                "template-line-number": 22,
                "node-pos": 9
            }
        ],
        "rule-22": [
            {
                "replacement-node": 124,
                "part": null,
                "expression-node": 125,
                "template-line-number": 493,
                "node-pos": 216
            }
        ],
        "rule-10": [
            {
                "replacement-node": 27,
                "part": null,
                "expression-node": 28,
                "template-line-number": 82,
                "node-pos": 47
            }
        ],
        "rule-24": [
            {
                "replacement-node": 130,
                "part": null,
                "template-line-number": 514,
                "node-pos": 226
            }
        ],
        "rule-15": [
            {
                "replacement-node": 103,
                "part": null,
                "expression-node": 104,
                "template-line-number": 428,
                "node-pos": 187
            }
        ],
        "rule-2": [
            {
                "replacement-node": 3,
                "part": null,
                "expression-node": 4,
                "template-line-number": 27,
                "node-pos": 13
            }
        ],
        "rule-5": [
            {
                "replacement-node": 12,
                "part": null,
                "template-line-number": 51,
                "node-pos": 26,
                "html": true
            }
        ],
        "rule-17": [
            {
                "replacement-node": 109,
                "part": null,
                "expression-node": 110,
                "template-line-number": 447,
                "node-pos": 196
            }
        ],
        "rule-21": [
            {
                "replacement-node": 121,
                "part": null,
                "expression-node": 122,
                "template-line-number": 484,
                "node-pos": 212
            }
        ],
        "rule-11": [
            {
                "replacement-node": 30,
                "part": null,
                "template-line-number": 92,
                "node-pos": 53,
                "html": true
            }
        ],
        "rule-13": [
            {
                "replacement-node": 97,
                "part": null,
                "expression-node": 98,
                "template-line-number": 410,
                "node-pos": 179
            }
        ],
        "rule-26": {
            "name": "TransmissionLineStatistics",
            "subs": [
                {
                    "name": "TransmissionLineStatistics",
                    "replacement-node": 73,
                    "node-pos": 140,
                    "part": "10",
                    "expression-node": 74,
                    "template-line-number": 360
                },
                {
                    "name": "TransmissionLineStatistics",
                    "replacement-node": 76,
                    "node-pos": 144,
                    "part": "11",
                    "expression-node": 77,
                    "template-line-number": 365
                },
                {
                    "name": "TransmissionLineStatistics",
                    "replacement-node": 79,
                    "node-pos": 148,
                    "part": "12",
                    "expression-node": 80,
                    "template-line-number": 370
                },
                {
                    "name": "TransmissionLineStatistics",
                    "replacement-node": 82,
                    "node-pos": 152,
                    "part": "13",
                    "expression-node": 83,
                    "template-line-number": 375
                },
                {
                    "name": "TransmissionLineStatistics",
                    "replacement-node": 85,
                    "node-pos": 156,
                    "part": "14",
                    "expression-node": 86,
                    "template-line-number": 380
                },
                {
                    "name": "TransmissionLineStatistics",
                    "replacement-node": 88,
                    "node-pos": 160,
                    "part": "15",
                    "expression-node": 89,
                    "template-line-number": 385
                },
                {
                    "name": "TransmissionLineStatistics",
                    "replacement-node": 91,
                    "node-pos": 164,
                    "part": "16",
                    "expression-node": 92,
                    "template-line-number": 390
                },
                {
                    "name": "TransmissionLineStatistics",
                    "replacement-node": 94,
                    "node-pos": 168,
                    "part": "17",
                    "expression-node": 95,
                    "template-line-number": 395
                },
                {
                    "name": "TransmissionLineStatistics",
                    "replacement-node": 49,
                    "node-pos": 108,
                    "part": "2",
                    "expression-node": 50,
                    "template-line-number": 320
                },
                {
                    "name": "TransmissionLineStatistics",
                    "replacement-node": 52,
                    "node-pos": 112,
                    "part": "3",
                    "expression-node": 53,
                    "template-line-number": 325
                },
                {
                    "name": "TransmissionLineStatistics",
                    "replacement-node": 55,
                    "node-pos": 116,
                    "part": "4",
                    "expression-node": 56,
                    "template-line-number": 330
                },
                {
                    "name": "TransmissionLineStatistics",
                    "replacement-node": 58,
                    "node-pos": 120,
                    "part": "5",
                    "expression-node": 59,
                    "template-line-number": 335
                },
                {
                    "name": "TransmissionLineStatistics",
                    "replacement-node": 61,
                    "node-pos": 124,
                    "part": "6",
                    "expression-node": 62,
                    "template-line-number": 340
                },
                {
                    "name": "TransmissionLineStatistics",
                    "replacement-node": 64,
                    "node-pos": 128,
                    "part": "7",
                    "expression-node": 65,
                    "template-line-number": 345
                },
                {
                    "name": "TransmissionLineStatistics",
                    "replacement-node": 67,
                    "node-pos": 132,
                    "part": "8",
                    "expression-node": 68,
                    "template-line-number": 350
                },
                {
                    "name": "TransmissionLineStatistics",
                    "replacement-node": 70,
                    "node-pos": 136,
                    "part": "9",
                    "expression-node": 71,
                    "template-line-number": 355
                }
            ]
        },
        "rule-25": [
            {
                "replacement-node": 133,
                "part": null,
                "template-line-number": 524,
                "node-pos": 230
            }
        ],
        "rule-27": {
            "name": "TransStatsHeadings2",
            "subs": [
                {
                    "name": "TransStatsHeadings2",
                    "replacement-node": 43,
                    "node-pos": 99,
                    "extras": {},
                    "part": "2",
                    "template-line-number": 202
                }
            ]
        },
        "rule-19": [
            {
                "replacement-node": 115,
                "part": null,
                "expression-node": 116,
                "template-line-number": 466,
                "node-pos": 204
            }
        ],
        "rule-6": [
            {
                "replacement-node": 15,
                "part": null,
                "template-line-number": 62,
                "node-pos": 31
            }
        ],
        "rule-23": [
            {
                "replacement-node": 127,
                "part": null,
                "expression-node": 128,
                "template-line-number": 507,
                "node-pos": 222
            }
        ],
        "rule-4": [
            {
                "replacement-node": 9,
                "part": null,
                "template-line-number": 39,
                "node-pos": 21,
                "html": true
            }
        ],
        "rule-28": {
            "name": "TransStatsHeadings",
            "subs": [
                {
                    "name": "TransStatsHeadings",
                    "replacement-node": 39,
                    "node-pos": 91,
                    "extras": {},
                    "part": "1",
                    "template-line-number": 176
                },
                {
                    "name": "TransStatsHeadings",
                    "replacement-node": 37,
                    "node-pos": 89,
                    "extras": {},
                    "part": "3",
                    "template-line-number": 172
                }
            ]
        },
        "rule-20": [
            {
                "replacement-node": 118,
                "part": null,
                "expression-node": 119,
                "template-line-number": 475,
                "node-pos": 208
            }
        ],
        "rule-8": [
            {
                "replacement-node": 21,
                "part": null,
                "template-line-number": 72,
                "node-pos": 39
            }
        ],
        "rule-3": [
            {
                "replacement-node": 6,
                "part": null,
                "template-line-number": 33,
                "node-pos": 17
            }
        ]
    },
    "line-numbers": {
        "TransmissionLineStatistics": [
            {
                "start-number": 1,
                "line-number-node": 47,
                "template-line-number": 317
            }
        ]
    }
}