{
    "substitutions": {
        "rule-15": [
            {
                "node-pos": 101,
                "template-line-number": 223,
                "part": null,
                "expression-node": 59,
                "replacement-node": 58
            }
        ],
        "rule-16": [
            {
                "node-pos": 107,
                "template-line-number": 236,
                "part": null,
                "expression-node": 62,
                "replacement-node": 61
            }
        ],
        "rule-8": [
            {
                "node-pos": 36,
                "template-line-number": 70,
                "part": null,
                "expression-node": 20,
                "replacement-node": 19
            }
        ],
        "rule-7": [
            {
                "node-pos": 32,
                "template-line-number": 66,
                "part": null,
                "replacement-node": 16
            }
        ],
        "rule-14": [
            {
                "node-pos": 96,
                "template-line-number": 210,
                "part": null,
                "replacement-node": 55
            }
        ],
        "rule-11": [
            {
                "node-pos": 48,
                "template-line-number": 84,
                "part": null,
                "expression-node": 29,
                "replacement-node": 28
            }
        ],
        "rule-20": {
            "subs": [
                {
                    "node-pos": 86,
                    "template-line-number": 193,
                    "part": "2",
                    "expression-node": 50,
                    "replacement-node": 49,
                    "name": "OtherGasSupplyExpenses"
                },
                {
                    "node-pos": 90,
                    "template-line-number": 199,
                    "part": "3",
                    "expression-node": 53,
                    "replacement-node": 52,
                    "name": "OtherGasSupplyExpenses"
                }
            ],
            "name": "OtherGasSupplyExpenses"
        },
        "rule-19": {
            "subs": [
                {
                    "node-pos": 73,
                    "template-line-number": 137,
                    "part": "1",
                    "name": "InvHeadings",
                    "replacement-node": 40,
                    "extras": {}
                },
                {
                    "node-pos": 77,
                    "template-line-number": 146,
                    "part": "2",
                    "name": "InvHeadings",
                    "replacement-node": 43,
                    "extras": {}
                },
                {
                    "node-pos": 71,
                    "template-line-number": 133,
                    "part": "3",
                    "name": "InvHeadings",
                    "replacement-node": 38,
                    "extras": {}
                }
            ],
            "name": "InvHeadings"
        },
        "rule-10": [
            {
                "node-pos": 44,
                "template-line-number": 79,
                "part": null,
                "expression-node": 26,
                "replacement-node": 25
            }
        ],
        "rule-2": [
            {
                "node-pos": 10,
                "template-line-number": 27,
                "part": null,
                "replacement-node": 1
            }
        ],
        "rule-3": [
            {
                "node-pos": 14,
                "template-line-number": 31,
                "part": null,
                "expression-node": 5,
                "replacement-node": 4
            }
        ],
        "rule-5": [
            {
                "node-pos": 22,
                "template-line-number": 43,
                "html": true,
                "part": null,
                "replacement-node": 10
            }
        ],
        "rule-4": [
            {
                "node-pos": 18,
                "template-line-number": 37,
                "part": null,
                "replacement-node": 7
            }
        ],
        "rule-18": [
            {
                "node-pos": 115,
                "template-line-number": 250,
                "part": null,
                "replacement-node": 67
            }
        ],
        "rule-6": [
            {
                "node-pos": 27,
                "template-line-number": 55,
                "html": true,
                "part": null,
                "replacement-node": 13
            }
        ],
        "rule-12": [
            {
                "node-pos": 54,
                "template-line-number": 94,
                "part": null,
                "replacement-node": 31
            }
        ],
        "rule-17": [
            {
                "node-pos": 111,
                "template-line-number": 241,
                "part": null,
                "replacement-node": 64
            }
        ],
        "rule-9": [
            {
                "node-pos": 40,
                "template-line-number": 75,
                "part": null,
                "replacement-node": 22
            }
        ],
        "rule-13": [
            {
                "node-pos": 59,
                "template-line-number": 105,
                "html": true,
                "part": null,
                "replacement-node": 34
            }
        ]
    },
    "line-numbers": {
        "OtherGasSupplyExpenses": [
            {
                "start-number": 1,
                "line-number-node": 47,
                "template-line-number": 189
            }
        ]
    },
    "showifs": {
        "rule-1": {
            "template-line-number": 17,
            "type": "showif"
        }
    }
}