{
    "showifs": {},
    "substitutions": {
        "rule-3": [
            {
                "expression-node": 7,
                "node-pos": 52,
                "part": null,
                "template-line-number": 106,
                "replacement-node": 6
            }
        ],
        "rule-6": [
            {
                "expression-node": 16,
                "node-pos": 64,
                "part": null,
                "template-line-number": 126,
                "replacement-node": 15
            }
        ],
        "rule-8": [
            {
                "node-pos": 74,
                "part": null,
                "template-line-number": 145,
                "replacement-node": 21
            }
        ],
        "rule-7": [
            {
                "expression-node": 19,
                "node-pos": 70,
                "part": null,
                "template-line-number": 138,
                "replacement-node": 18
            }
        ],
        "rule-2": [
            {
                "html": true,
                "node-pos": 20,
                "part": null,
                "template-line-number": 44,
                "replacement-node": 3
            }
        ],
        "rule-1": [
            {
                "html": true,
                "node-pos": 15,
                "part": null,
                "template-line-number": 32,
                "replacement-node": 0
            }
        ],
        "rule-4": [
            {
                "node-pos": 56,
                "part": null,
                "template-line-number": 114,
                "replacement-node": 9
            }
        ],
        "rule-5": [
            {
                "expression-node": 13,
                "node-pos": 60,
                "part": null,
                "template-line-number": 121,
                "replacement-node": 12
            }
        ]
    },
    "line-numbers": {}
}