{
    "substitutions": {
        "rule-1": [
            {
                "html": true,
                "part": null,
                "replacement-node": 0,
                "node-pos": 7,
                "template-line-number": 17
            }
        ],
        "rule-2": [
            {
                "expression-node": 4,
                "part": null,
                "replacement-node": 3,
                "node-pos": 133,
                "template-line-number": 293
            }
        ]
    },
    "showifs": {},
    "line-numbers": {}
}