{
    "line-numbers": {},
    "substitutions": {
        "rule-6": [
            {
                "part": null,
                "node-pos": 62,
                "template-line-number": 127,
                "replacement-node": 15,
                "expression-node": 16
            }
        ],
        "rule-2": [
            {
                "part": null,
                "node-pos": 20,
                "template-line-number": 44,
                "replacement-node": 3,
                "html": true
            }
        ],
        "rule-7": [
            {
                "part": null,
                "node-pos": 68,
                "template-line-number": 139,
                "replacement-node": 18,
                "expression-node": 19
            }
        ],
        "rule-1": [
            {
                "part": null,
                "node-pos": 15,
                "template-line-number": 32,
                "replacement-node": 0,
                "html": true
            }
        ],
        "rule-8": [
            {
                "part": null,
                "node-pos": 72,
                "template-line-number": 146,
                "replacement-node": 21
            }
        ],
        "rule-4": [
            {
                "part": null,
                "node-pos": 54,
                "template-line-number": 114,
                "replacement-node": 9
            }
        ],
        "rule-5": [
            {
                "part": null,
                "node-pos": 58,
                "template-line-number": 121,
                "replacement-node": 12,
                "expression-node": 13
            }
        ],
        "rule-3": [
            {
                "part": null,
                "node-pos": 50,
                "template-line-number": 106,
                "replacement-node": 6,
                "expression-node": 7
            }
        ]
    },
    "showifs": {}
}