{
    "line-numbers": {
        "MortgageBondsLineItems": [
            {
                "line-number-node": 47,
                "start-number": 1,
                "template-line-number": 273
            }
        ],
        "MOLineItems": [
            {
                "line-number-node": 236,
                "start-number": 22,
                "template-line-number": 1020
            }
        ],
        "IncomeBondsLineItems": [
            {
                "line-number-node": 173,
                "start-number": 18,
                "template-line-number": 771
            }
        ],
        "NDLineItems": [
            {
                "line-number-node": 299,
                "start-number": 31,
                "template-line-number": 1270
            }
        ],
        "CTBondsLineItems": [
            {
                "line-number-node": 110,
                "start-number": 12,
                "template-line-number": 522
            }
        ]
    },
    "substitutions": {
        "rule-14": [
            {
                "node-pos": 171,
                "replacement-node": 88,
                "part": null,
                "template-line-number": 348
            }
        ],
        "rule-24": [
            {
                "expression-node": 161,
                "node-pos": 301,
                "replacement-node": 160,
                "part": null,
                "template-line-number": 635
            }
        ],
        "rule-8": [
            {
                "node-pos": 40,
                "replacement-node": 21,
                "part": null,
                "template-line-number": 70
            }
        ],
        "rule-33": [
            {
                "expression-node": 230,
                "node-pos": 419,
                "replacement-node": 229,
                "part": null,
                "template-line-number": 902
            }
        ],
        "rule-28": [
            {
                "node-pos": 391,
                "replacement-node": 214,
                "part": null,
                "template-line-number": 847
            }
        ],
        "rule-25": [
            {
                "expression-node": 164,
                "node-pos": 305,
                "replacement-node": 163,
                "part": null,
                "template-line-number": 644
            }
        ],
        "rule-52": [
            {
                "expression-node": 371,
                "node-pos": 669,
                "replacement-node": 370,
                "part": null,
                "template-line-number": 1461
            }
        ],
        "rule-38": [
            {
                "expression-node": 287,
                "node-pos": 521,
                "replacement-node": 286,
                "part": null,
                "template-line-number": 1133
            }
        ],
        "rule-53": [
            {
                "expression-node": 374,
                "node-pos": 673,
                "replacement-node": 373,
                "part": null,
                "template-line-number": 1470
            }
        ],
        "rule-58": {
            "name": "NDLineItems",
            "subs": [
                {
                    "expression-node": 326,
                    "node-pos": 589,
                    "part": "10",
                    "name": "NDLineItems",
                    "replacement-node": 325,
                    "template-line-number": 1314
                },
                {
                    "expression-node": 329,
                    "node-pos": 593,
                    "part": "11",
                    "name": "NDLineItems",
                    "replacement-node": 328,
                    "template-line-number": 1319
                },
                {
                    "expression-node": 332,
                    "node-pos": 597,
                    "part": "12",
                    "name": "NDLineItems",
                    "replacement-node": 331,
                    "template-line-number": 1324
                },
                {
                    "expression-node": 335,
                    "node-pos": 601,
                    "part": "13",
                    "name": "NDLineItems",
                    "replacement-node": 334,
                    "template-line-number": 1329
                },
                {
                    "expression-node": 338,
                    "node-pos": 605,
                    "part": "14",
                    "name": "NDLineItems",
                    "replacement-node": 337,
                    "template-line-number": 1334
                },
                {
                    "expression-node": 302,
                    "node-pos": 557,
                    "part": "2",
                    "name": "NDLineItems",
                    "replacement-node": 301,
                    "template-line-number": 1274
                },
                {
                    "expression-node": 305,
                    "node-pos": 561,
                    "part": "3",
                    "name": "NDLineItems",
                    "replacement-node": 304,
                    "template-line-number": 1279
                },
                {
                    "expression-node": 308,
                    "node-pos": 565,
                    "part": "4",
                    "name": "NDLineItems",
                    "replacement-node": 307,
                    "template-line-number": 1284
                },
                {
                    "expression-node": 311,
                    "node-pos": 569,
                    "part": "5",
                    "name": "NDLineItems",
                    "replacement-node": 310,
                    "template-line-number": 1289
                },
                {
                    "expression-node": 314,
                    "node-pos": 573,
                    "part": "6",
                    "name": "NDLineItems",
                    "replacement-node": 313,
                    "template-line-number": 1294
                },
                {
                    "expression-node": 317,
                    "node-pos": 577,
                    "part": "7",
                    "name": "NDLineItems",
                    "replacement-node": 316,
                    "template-line-number": 1299
                },
                {
                    "expression-node": 320,
                    "node-pos": 581,
                    "part": "8",
                    "name": "NDLineItems",
                    "replacement-node": 319,
                    "template-line-number": 1304
                },
                {
                    "expression-node": 323,
                    "node-pos": 585,
                    "part": "9",
                    "name": "NDLineItems",
                    "replacement-node": 322,
                    "template-line-number": 1309
                }
            ]
        },
        "rule-61": {
            "name": "ColumnHeadings",
            "subs": [
                {
                    "node-pos": 85,
                    "part": "1",
                    "name": "ColumnHeadings",
                    "extras": {},
                    "replacement-node": 37,
                    "template-line-number": 149
                },
                {
                    "node-pos": 89,
                    "part": "2",
                    "name": "ColumnHeadings",
                    "extras": {},
                    "replacement-node": 40,
                    "template-line-number": 156
                }
            ]
        },
        "rule-10": [
            {
                "expression-node": 28,
                "node-pos": 48,
                "replacement-node": 27,
                "part": null,
                "template-line-number": 79
            }
        ],
        "rule-51": [
            {
                "expression-node": 368,
                "node-pos": 665,
                "replacement-node": 367,
                "part": null,
                "template-line-number": 1452
            }
        ],
        "rule-35": [
            {
                "node-pos": 501,
                "replacement-node": 277,
                "part": null,
                "template-line-number": 1096
            }
        ],
        "rule-22": [
            {
                "expression-node": 155,
                "node-pos": 291,
                "replacement-node": 154,
                "part": null,
                "template-line-number": 615
            }
        ],
        "rule-60": {
            "name": "IncomeBondsLineItems",
            "subs": [
                {
                    "expression-node": 200,
                    "node-pos": 369,
                    "part": "10",
                    "name": "IncomeBondsLineItems",
                    "replacement-node": 199,
                    "template-line-number": 815
                },
                {
                    "expression-node": 203,
                    "node-pos": 373,
                    "part": "11",
                    "name": "IncomeBondsLineItems",
                    "replacement-node": 202,
                    "template-line-number": 820
                },
                {
                    "expression-node": 206,
                    "node-pos": 377,
                    "part": "12",
                    "name": "IncomeBondsLineItems",
                    "replacement-node": 205,
                    "template-line-number": 825
                },
                {
                    "expression-node": 209,
                    "node-pos": 381,
                    "part": "13",
                    "name": "IncomeBondsLineItems",
                    "replacement-node": 208,
                    "template-line-number": 830
                },
                {
                    "expression-node": 212,
                    "node-pos": 385,
                    "part": "14",
                    "name": "IncomeBondsLineItems",
                    "replacement-node": 211,
                    "template-line-number": 835
                },
                {
                    "expression-node": 176,
                    "node-pos": 337,
                    "part": "2",
                    "name": "IncomeBondsLineItems",
                    "replacement-node": 175,
                    "template-line-number": 775
                },
                {
                    "expression-node": 179,
                    "node-pos": 341,
                    "part": "3",
                    "name": "IncomeBondsLineItems",
                    "replacement-node": 178,
                    "template-line-number": 780
                },
                {
                    "expression-node": 182,
                    "node-pos": 345,
                    "part": "4",
                    "name": "IncomeBondsLineItems",
                    "replacement-node": 181,
                    "template-line-number": 785
                },
                {
                    "expression-node": 185,
                    "node-pos": 349,
                    "part": "5",
                    "name": "IncomeBondsLineItems",
                    "replacement-node": 184,
                    "template-line-number": 790
                },
                {
                    "expression-node": 188,
                    "node-pos": 353,
                    "part": "6",
                    "name": "IncomeBondsLineItems",
                    "replacement-node": 187,
                    "template-line-number": 795
                },
                {
                    "expression-node": 191,
                    "node-pos": 357,
                    "part": "7",
                    "name": "IncomeBondsLineItems",
                    "replacement-node": 190,
                    "template-line-number": 800
                },
                {
                    "expression-node": 194,
                    "node-pos": 361,
                    "part": "8",
                    "name": "IncomeBondsLineItems",
                    "replacement-node": 193,
                    "template-line-number": 805
                },
                {
                    "expression-node": 197,
                    "node-pos": 365,
                    "part": "9",
                    "name": "IncomeBondsLineItems",
                    "replacement-node": 196,
                    "template-line-number": 810
                }
            ]
        },
        "rule-42": [
            {
                "node-pos": 611,
                "replacement-node": 340,
                "part": null,
                "template-line-number": 1346
            }
        ],
        "rule-49": [
            {
                "expression-node": 362,
                "node-pos": 655,
                "replacement-node": 361,
                "part": null,
                "template-line-number": 1432
            }
        ],
        "rule-12": [
            {
                "node-pos": 59,
                "replacement-node": 33,
                "part": null,
                "html": true,
                "template-line-number": 100
            }
        ],
        "rule-43": [
            {
                "expression-node": 344,
                "node-pos": 621,
                "replacement-node": 343,
                "part": null,
                "template-line-number": 1363
            }
        ],
        "rule-16": [
            {
                "expression-node": 95,
                "node-pos": 185,
                "replacement-node": 94,
                "part": null,
                "template-line-number": 374
            }
        ],
        "rule-57": {
            "name": "MortgageBondsLineItems",
            "subs": [
                {
                    "expression-node": 74,
                    "node-pos": 149,
                    "part": "10",
                    "name": "MortgageBondsLineItems",
                    "replacement-node": 73,
                    "template-line-number": 316
                },
                {
                    "expression-node": 77,
                    "node-pos": 153,
                    "part": "11",
                    "name": "MortgageBondsLineItems",
                    "replacement-node": 76,
                    "template-line-number": 321
                },
                {
                    "expression-node": 80,
                    "node-pos": 157,
                    "part": "12",
                    "name": "MortgageBondsLineItems",
                    "replacement-node": 79,
                    "template-line-number": 326
                },
                {
                    "expression-node": 83,
                    "node-pos": 161,
                    "part": "13",
                    "name": "MortgageBondsLineItems",
                    "replacement-node": 82,
                    "template-line-number": 331
                },
                {
                    "expression-node": 86,
                    "node-pos": 165,
                    "part": "14",
                    "name": "MortgageBondsLineItems",
                    "replacement-node": 85,
                    "template-line-number": 336
                },
                {
                    "expression-node": 50,
                    "node-pos": 117,
                    "part": "2",
                    "name": "MortgageBondsLineItems",
                    "replacement-node": 49,
                    "template-line-number": 276
                },
                {
                    "expression-node": 53,
                    "node-pos": 121,
                    "part": "3",
                    "name": "MortgageBondsLineItems",
                    "replacement-node": 52,
                    "template-line-number": 281
                },
                {
                    "expression-node": 56,
                    "node-pos": 125,
                    "part": "4",
                    "name": "MortgageBondsLineItems",
                    "replacement-node": 55,
                    "template-line-number": 286
                },
                {
                    "expression-node": 59,
                    "node-pos": 129,
                    "part": "5",
                    "name": "MortgageBondsLineItems",
                    "replacement-node": 58,
                    "template-line-number": 291
                },
                {
                    "expression-node": 62,
                    "node-pos": 133,
                    "part": "6",
                    "name": "MortgageBondsLineItems",
                    "replacement-node": 61,
                    "template-line-number": 296
                },
                {
                    "expression-node": 65,
                    "node-pos": 137,
                    "part": "7",
                    "name": "MortgageBondsLineItems",
                    "replacement-node": 64,
                    "template-line-number": 301
                },
                {
                    "expression-node": 68,
                    "node-pos": 141,
                    "part": "8",
                    "name": "MortgageBondsLineItems",
                    "replacement-node": 67,
                    "template-line-number": 306
                },
                {
                    "expression-node": 71,
                    "node-pos": 145,
                    "part": "9",
                    "name": "MortgageBondsLineItems",
                    "replacement-node": 70,
                    "template-line-number": 311
                }
            ]
        },
        "rule-17": [
            {
                "expression-node": 98,
                "node-pos": 191,
                "replacement-node": 97,
                "part": null,
                "template-line-number": 385
            }
        ],
        "rule-29": [
            {
                "expression-node": 218,
                "node-pos": 401,
                "replacement-node": 217,
                "part": null,
                "template-line-number": 864
            }
        ],
        "rule-27": [
            {
                "node-pos": 315,
                "replacement-node": 169,
                "part": null,
                "template-line-number": 665
            }
        ],
        "rule-41": [
            {
                "node-pos": 535,
                "replacement-node": 295,
                "part": null,
                "template-line-number": 1163
            }
        ],
        "rule-18": [
            {
                "expression-node": 101,
                "node-pos": 195,
                "replacement-node": 100,
                "part": null,
                "template-line-number": 394
            }
        ],
        "rule-34": [
            {
                "node-pos": 425,
                "replacement-node": 232,
                "part": null,
                "template-line-number": 914
            }
        ],
        "rule-59": {
            "name": "MOLineItems",
            "subs": [
                {
                    "expression-node": 263,
                    "node-pos": 479,
                    "part": "10",
                    "name": "MOLineItems",
                    "replacement-node": 262,
                    "template-line-number": 1064
                },
                {
                    "expression-node": 266,
                    "node-pos": 483,
                    "part": "11",
                    "name": "MOLineItems",
                    "replacement-node": 265,
                    "template-line-number": 1069
                },
                {
                    "expression-node": 269,
                    "node-pos": 487,
                    "part": "12",
                    "name": "MOLineItems",
                    "replacement-node": 268,
                    "template-line-number": 1074
                },
                {
                    "expression-node": 272,
                    "node-pos": 491,
                    "part": "13",
                    "name": "MOLineItems",
                    "replacement-node": 271,
                    "template-line-number": 1079
                },
                {
                    "expression-node": 275,
                    "node-pos": 495,
                    "part": "14",
                    "name": "MOLineItems",
                    "replacement-node": 274,
                    "template-line-number": 1084
                },
                {
                    "expression-node": 239,
                    "node-pos": 447,
                    "part": "2",
                    "name": "MOLineItems",
                    "replacement-node": 238,
                    "template-line-number": 1024
                },
                {
                    "expression-node": 242,
                    "node-pos": 451,
                    "part": "3",
                    "name": "MOLineItems",
                    "replacement-node": 241,
                    "template-line-number": 1029
                },
                {
                    "expression-node": 245,
                    "node-pos": 455,
                    "part": "4",
                    "name": "MOLineItems",
                    "replacement-node": 244,
                    "template-line-number": 1034
                },
                {
                    "expression-node": 248,
                    "node-pos": 459,
                    "part": "5",
                    "name": "MOLineItems",
                    "replacement-node": 247,
                    "template-line-number": 1039
                },
                {
                    "expression-node": 251,
                    "node-pos": 463,
                    "part": "6",
                    "name": "MOLineItems",
                    "replacement-node": 250,
                    "template-line-number": 1044
                },
                {
                    "expression-node": 254,
                    "node-pos": 467,
                    "part": "7",
                    "name": "MOLineItems",
                    "replacement-node": 253,
                    "template-line-number": 1049
                },
                {
                    "expression-node": 257,
                    "node-pos": 471,
                    "part": "8",
                    "name": "MOLineItems",
                    "replacement-node": 256,
                    "template-line-number": 1054
                },
                {
                    "expression-node": 260,
                    "node-pos": 475,
                    "part": "9",
                    "name": "MOLineItems",
                    "replacement-node": 259,
                    "template-line-number": 1059
                }
            ]
        },
        "rule-47": [
            {
                "expression-node": 356,
                "node-pos": 639,
                "replacement-node": 355,
                "part": null,
                "template-line-number": 1401
            }
        ],
        "rule-48": [
            {
                "node-pos": 645,
                "replacement-node": 358,
                "part": null,
                "template-line-number": 1415
            }
        ],
        "rule-56": [
            {
                "node-pos": 687,
                "replacement-node": 382,
                "part": null,
                "template-line-number": 1499
            }
        ],
        "rule-39": [
            {
                "expression-node": 290,
                "node-pos": 525,
                "replacement-node": 289,
                "part": null,
                "template-line-number": 1142
            }
        ],
        "rule-37": [
            {
                "expression-node": 284,
                "node-pos": 515,
                "replacement-node": 283,
                "part": null,
                "template-line-number": 1122
            }
        ],
        "rule-26": [
            {
                "expression-node": 167,
                "node-pos": 309,
                "replacement-node": 166,
                "part": null,
                "template-line-number": 653
            }
        ],
        "rule-9": [
            {
                "expression-node": 25,
                "node-pos": 44,
                "replacement-node": 24,
                "part": null,
                "template-line-number": 74
            }
        ],
        "rule-23": [
            {
                "expression-node": 158,
                "node-pos": 295,
                "replacement-node": 157,
                "part": null,
                "template-line-number": 624
            }
        ],
        "rule-55": [
            {
                "node-pos": 683,
                "replacement-node": 379,
                "part": null,
                "template-line-number": 1490
            }
        ],
        "rule-15": [
            {
                "expression-node": 92,
                "node-pos": 181,
                "replacement-node": 91,
                "part": null,
                "template-line-number": 365
            }
        ],
        "rule-11": [
            {
                "node-pos": 54,
                "replacement-node": 30,
                "part": null,
                "template-line-number": 89
            }
        ],
        "rule-3": [
            {
                "node-pos": 18,
                "replacement-node": 6,
                "part": null,
                "template-line-number": 32
            }
        ],
        "rule-7": [
            {
                "expression-node": 19,
                "node-pos": 36,
                "replacement-node": 18,
                "part": null,
                "template-line-number": 65
            }
        ],
        "rule-13": [
            {
                "node-pos": 95,
                "replacement-node": 43,
                "part": null,
                "template-line-number": 167
            }
        ],
        "rule-6": [
            {
                "node-pos": 32,
                "replacement-node": 15,
                "part": null,
                "template-line-number": 61
            }
        ],
        "rule-50": [
            {
                "expression-node": 365,
                "node-pos": 659,
                "replacement-node": 364,
                "part": null,
                "template-line-number": 1441
            }
        ],
        "rule-40": [
            {
                "expression-node": 293,
                "node-pos": 529,
                "replacement-node": 292,
                "part": null,
                "template-line-number": 1151
            }
        ],
        "rule-20": [
            {
                "node-pos": 205,
                "replacement-node": 106,
                "part": null,
                "template-line-number": 415
            }
        ],
        "rule-4": [
            {
                "node-pos": 22,
                "replacement-node": 9,
                "part": null,
                "html": true,
                "template-line-number": 38
            }
        ],
        "rule-46": [
            {
                "expression-node": 353,
                "node-pos": 635,
                "replacement-node": 352,
                "part": null,
                "template-line-number": 1392
            }
        ],
        "rule-31": [
            {
                "expression-node": 224,
                "node-pos": 411,
                "replacement-node": 223,
                "part": null,
                "template-line-number": 884
            }
        ],
        "rule-32": [
            {
                "expression-node": 227,
                "node-pos": 415,
                "replacement-node": 226,
                "part": null,
                "template-line-number": 893
            }
        ],
        "rule-5": [
            {
                "node-pos": 27,
                "replacement-node": 12,
                "part": null,
                "html": true,
                "template-line-number": 50
            }
        ],
        "rule-45": [
            {
                "expression-node": 350,
                "node-pos": 631,
                "replacement-node": 349,
                "part": null,
                "template-line-number": 1383
            }
        ],
        "rule-1": [
            {
                "node-pos": 10,
                "replacement-node": 0,
                "part": null,
                "template-line-number": 22
            }
        ],
        "rule-44": [
            {
                "expression-node": 347,
                "node-pos": 625,
                "replacement-node": 346,
                "part": null,
                "template-line-number": 1372
            }
        ],
        "rule-54": [
            {
                "expression-node": 377,
                "node-pos": 679,
                "replacement-node": 376,
                "part": null,
                "template-line-number": 1485
            }
        ],
        "rule-2": [
            {
                "expression-node": 4,
                "node-pos": 14,
                "replacement-node": 3,
                "part": null,
                "template-line-number": 26
            }
        ],
        "rule-30": [
            {
                "expression-node": 221,
                "node-pos": 405,
                "replacement-node": 220,
                "part": null,
                "template-line-number": 873
            }
        ],
        "rule-19": [
            {
                "expression-node": 104,
                "node-pos": 199,
                "replacement-node": 103,
                "part": null,
                "template-line-number": 403
            }
        ],
        "rule-21": [
            {
                "node-pos": 281,
                "replacement-node": 151,
                "part": null,
                "template-line-number": 598
            }
        ],
        "rule-62": {
            "name": "CTBondsLineItems",
            "subs": [
                {
                    "expression-node": 137,
                    "node-pos": 259,
                    "part": "10",
                    "name": "CTBondsLineItems",
                    "replacement-node": 136,
                    "template-line-number": 566
                },
                {
                    "expression-node": 140,
                    "node-pos": 263,
                    "part": "11",
                    "name": "CTBondsLineItems",
                    "replacement-node": 139,
                    "template-line-number": 571
                },
                {
                    "expression-node": 143,
                    "node-pos": 267,
                    "part": "12",
                    "name": "CTBondsLineItems",
                    "replacement-node": 142,
                    "template-line-number": 576
                },
                {
                    "expression-node": 146,
                    "node-pos": 271,
                    "part": "13",
                    "name": "CTBondsLineItems",
                    "replacement-node": 145,
                    "template-line-number": 581
                },
                {
                    "expression-node": 149,
                    "node-pos": 275,
                    "part": "14",
                    "name": "CTBondsLineItems",
                    "replacement-node": 148,
                    "template-line-number": 586
                },
                {
                    "expression-node": 113,
                    "node-pos": 227,
                    "part": "2",
                    "name": "CTBondsLineItems",
                    "replacement-node": 112,
                    "template-line-number": 526
                },
                {
                    "expression-node": 116,
                    "node-pos": 231,
                    "part": "3",
                    "name": "CTBondsLineItems",
                    "replacement-node": 115,
                    "template-line-number": 531
                },
                {
                    "expression-node": 119,
                    "node-pos": 235,
                    "part": "4",
                    "name": "CTBondsLineItems",
                    "replacement-node": 118,
                    "template-line-number": 536
                },
                {
                    "expression-node": 122,
                    "node-pos": 239,
                    "part": "5",
                    "name": "CTBondsLineItems",
                    "replacement-node": 121,
                    "template-line-number": 541
                },
                {
                    "expression-node": 125,
                    "node-pos": 243,
                    "part": "6",
                    "name": "CTBondsLineItems",
                    "replacement-node": 124,
                    "template-line-number": 546
                },
                {
                    "expression-node": 128,
                    "node-pos": 247,
                    "part": "7",
                    "name": "CTBondsLineItems",
                    "replacement-node": 127,
                    "template-line-number": 551
                },
                {
                    "expression-node": 131,
                    "node-pos": 251,
                    "part": "8",
                    "name": "CTBondsLineItems",
                    "replacement-node": 130,
                    "template-line-number": 556
                },
                {
                    "expression-node": 134,
                    "node-pos": 255,
                    "part": "9",
                    "name": "CTBondsLineItems",
                    "replacement-node": 133,
                    "template-line-number": 561
                }
            ]
        },
        "rule-36": [
            {
                "expression-node": 281,
                "node-pos": 511,
                "replacement-node": 280,
                "part": null,
                "template-line-number": 1113
            }
        ]
    },
    "showifs": {}
}