{
    "substitutions": {
        "rule-1": [
            {
                "expression-node": 1,
                "node-pos": 15,
                "part": null,
                "template-line-number": 30,
                "replacement-node": 0
            }
        ],
        "rule-5": [
            {
                "expression-node": 13,
                "node-pos": 29,
                "part": null,
                "template-line-number": 52,
                "replacement-node": 12
            }
        ],
        "rule-10": {
            "subs": [
                {
                    "node-pos": 55,
                    "name": "GenPlantsHead",
                    "extras": {},
                    "part": "1",
                    "replacement-node": 24,
                    "template-line-number": 103
                },
                {
                    "node-pos": 59,
                    "name": "GenPlantsHead",
                    "extras": {},
                    "part": "2",
                    "replacement-node": 27,
                    "template-line-number": 112
                },
                {
                    "node-pos": 53,
                    "name": "GenPlantsHead",
                    "extras": {},
                    "part": "3",
                    "replacement-node": 22,
                    "template-line-number": 99
                }
            ],
            "name": "GenPlantsHead"
        },
        "rule-6": [
            {
                "node-pos": 35,
                "part": null,
                "template-line-number": 62,
                "replacement-node": 15
            }
        ],
        "rule-2": [
            {
                "node-pos": 19,
                "part": null,
                "template-line-number": 37,
                "replacement-node": 3
            }
        ],
        "rule-8": [
            {
                "node-pos": 82,
                "part": null,
                "template-line-number": 190,
                "replacement-node": 42
            }
        ],
        "rule-4": [
            {
                "node-pos": 26,
                "part": null,
                "template-line-number": 47,
                "replacement-node": 9
            }
        ],
        "rule-9": {
            "subs": [
                {
                    "expression-node": 34,
                    "node-pos": 68,
                    "name": "GenPlants",
                    "part": "2",
                    "replacement-node": 33,
                    "template-line-number": 166
                },
                {
                    "expression-node": 37,
                    "node-pos": 72,
                    "name": "GenPlants",
                    "part": "3",
                    "replacement-node": 36,
                    "template-line-number": 171
                },
                {
                    "expression-node": 40,
                    "node-pos": 76,
                    "name": "GenPlants",
                    "part": "4",
                    "replacement-node": 39,
                    "template-line-number": 176
                }
            ],
            "name": "GenPlants"
        },
        "rule-3": [
            {
                "expression-node": 7,
                "node-pos": 22,
                "part": null,
                "template-line-number": 42,
                "replacement-node": 6
            }
        ],
        "rule-7": [
            {
                "html": true,
                "node-pos": 40,
                "part": null,
                "template-line-number": 73,
                "replacement-node": 18
            }
        ]
    },
    "showifs": {},
    "line-numbers": {
        "GenPlants": [
            {
                "start-number": 1,
                "template-line-number": 163,
                "line-number-node": 31
            }
        ]
    }
}