{
    "showifs": {},
    "substitutions": {
        "rule-15": [
            {
                "replacement-node": 70,
                "expression-node": 71,
                "part": null,
                "node-pos": 121,
                "template-line-number": 260
            }
        ],
        "rule-11": [
            {
                "replacement-node": 30,
                "node-pos": 53,
                "part": null,
                "template-line-number": 91
            }
        ],
        "rule-3": [
            {
                "replacement-node": 6,
                "node-pos": 17,
                "part": null,
                "template-line-number": 32
            }
        ],
        "rule-5": [
            {
                "replacement-node": 12,
                "node-pos": 26,
                "part": null,
                "html": true,
                "template-line-number": 50
            }
        ],
        "rule-6": [
            {
                "replacement-node": 15,
                "node-pos": 31,
                "part": null,
                "template-line-number": 61
            }
        ],
        "rule-18": {
            "name": "ListHeadings",
            "subs": [
                {
                    "replacement-node": 37,
                    "template-line-number": 124,
                    "extras": {},
                    "name": "ListHeadings",
                    "node-pos": 66,
                    "part": "1"
                },
                {
                    "replacement-node": 40,
                    "template-line-number": 131,
                    "extras": {},
                    "name": "ListHeadings",
                    "node-pos": 70,
                    "part": "2"
                }
            ]
        },
        "rule-13": [
            {
                "replacement-node": 64,
                "node-pos": 106,
                "part": null,
                "html": true,
                "template-line-number": 221
            }
        ],
        "rule-4": [
            {
                "replacement-node": 9,
                "node-pos": 21,
                "part": null,
                "html": true,
                "template-line-number": 38
            }
        ],
        "rule-19": {
            "name": "ListLineItems",
            "subs": [
                {
                    "replacement-node": 44,
                    "template-line-number": 177,
                    "extras": {},
                    "name": "ListLineItems",
                    "node-pos": 76,
                    "part": "1"
                },
                {
                    "replacement-node": 49,
                    "template-line-number": 188,
                    "extras": {},
                    "name": "ListLineItems",
                    "node-pos": 84,
                    "part": "2"
                },
                {
                    "replacement-node": 53,
                    "template-line-number": 199,
                    "extras": {},
                    "name": "ListLineItems",
                    "node-pos": 90,
                    "part": "3"
                },
                {
                    "replacement-node": 56,
                    "template-line-number": 206,
                    "extras": {},
                    "name": "ListLineItems",
                    "node-pos": 94,
                    "part": "4"
                },
                {
                    "replacement-node": 58,
                    "expression-node": 59,
                    "template-line-number": 210,
                    "name": "ListLineItems",
                    "node-pos": 97,
                    "part": "5"
                },
                {
                    "replacement-node": 47,
                    "template-line-number": 184,
                    "extras": {},
                    "name": "ListLineItems",
                    "node-pos": 82,
                    "part": "6"
                },
                {
                    "replacement-node": 60,
                    "expression-node": 61,
                    "template-line-number": 211,
                    "name": "ListLineItems",
                    "node-pos": 99,
                    "part": "6"
                },
                {
                    "replacement-node": 62,
                    "expression-node": 63,
                    "template-line-number": 212,
                    "name": "ListLineItems",
                    "node-pos": 101,
                    "part": "7"
                }
            ]
        },
        "rule-14": [
            {
                "replacement-node": 67,
                "node-pos": 111,
                "part": null,
                "html": true,
                "template-line-number": 232
            }
        ],
        "rule-8": [
            {
                "replacement-node": 21,
                "node-pos": 39,
                "part": null,
                "template-line-number": 71
            }
        ],
        "rule-1": [
            {
                "replacement-node": 0,
                "node-pos": 9,
                "part": null,
                "template-line-number": 21
            }
        ],
        "rule-7": [
            {
                "replacement-node": 18,
                "expression-node": 19,
                "part": null,
                "node-pos": 35,
                "template-line-number": 66
            }
        ],
        "rule-2": [
            {
                "replacement-node": 3,
                "expression-node": 4,
                "part": null,
                "node-pos": 13,
                "template-line-number": 26
            }
        ],
        "rule-17": [
            {
                "replacement-node": 76,
                "node-pos": 129,
                "part": null,
                "template-line-number": 274
            }
        ],
        "rule-10": [
            {
                "replacement-node": 27,
                "expression-node": 28,
                "part": null,
                "node-pos": 47,
                "template-line-number": 81
            }
        ],
        "rule-16": [
            {
                "replacement-node": 73,
                "node-pos": 125,
                "part": null,
                "template-line-number": 265
            }
        ],
        "rule-12": [
            {
                "replacement-node": 33,
                "node-pos": 58,
                "part": null,
                "html": true,
                "template-line-number": 101
            }
        ],
        "rule-9": [
            {
                "replacement-node": 24,
                "expression-node": 25,
                "part": null,
                "node-pos": 43,
                "template-line-number": 76
            }
        ]
    },
    "line-numbers": {}
}