{
    "substitutions": {
        "rule-17": [
            {
                "part": null,
                "template-line-number": 293,
                "replacement-node": 77,
                "node-pos": 132
            }
        ],
        "rule-1": [
            {
                "part": null,
                "template-line-number": 21,
                "replacement-node": 0,
                "node-pos": 9
            }
        ],
        "rule-16": [
            {
                "part": null,
                "template-line-number": 288,
                "replacement-node": 74,
                "expression-node": 75,
                "node-pos": 128
            }
        ],
        "rule-6": [
            {
                "part": null,
                "template-line-number": 60,
                "replacement-node": 15,
                "node-pos": 31
            }
        ],
        "rule-5": [
            {
                "part": null,
                "template-line-number": 49,
                "replacement-node": 12,
                "node-pos": 26,
                "html": true
            }
        ],
        "rule-14": [
            {
                "part": null,
                "template-line-number": 263,
                "replacement-node": 68,
                "node-pos": 117
            }
        ],
        "rule-21": {
            "subs": [
                {
                    "node-pos": 107,
                    "template-line-number": 246,
                    "name": "OtherGasRevenues",
                    "part": "2",
                    "replacement-node": 62,
                    "expression-node": 63
                },
                {
                    "node-pos": 111,
                    "template-line-number": 251,
                    "name": "OtherGasRevenues",
                    "part": "3",
                    "replacement-node": 65,
                    "expression-node": 66
                }
            ],
            "name": "OtherGasRevenues"
        },
        "rule-19": {
            "subs": [
                {
                    "node-pos": 67,
                    "template-line-number": 122,
                    "name": "OtherGasRevenuesHeadings",
                    "part": "1",
                    "extras": {},
                    "replacement-node": 37
                },
                {
                    "node-pos": 71,
                    "template-line-number": 129,
                    "name": "OtherGasRevenuesHeadings",
                    "part": "2",
                    "extras": {},
                    "replacement-node": 40
                }
            ],
            "name": "OtherGasRevenuesHeadings"
        },
        "rule-4": [
            {
                "part": null,
                "template-line-number": 37,
                "replacement-node": 9,
                "node-pos": 21,
                "html": true
            }
        ],
        "rule-11": [
            {
                "part": null,
                "template-line-number": 88,
                "replacement-node": 30,
                "node-pos": 53
            }
        ],
        "rule-9": [
            {
                "part": null,
                "template-line-number": 73,
                "replacement-node": 24,
                "expression-node": 25,
                "node-pos": 43
            }
        ],
        "rule-18": [
            {
                "part": null,
                "template-line-number": 302,
                "replacement-node": 80,
                "node-pos": 136
            }
        ],
        "rule-7": [
            {
                "part": null,
                "template-line-number": 64,
                "replacement-node": 18,
                "expression-node": 19,
                "node-pos": 35
            }
        ],
        "rule-10": [
            {
                "part": null,
                "template-line-number": 78,
                "replacement-node": 27,
                "expression-node": 28,
                "node-pos": 47
            }
        ],
        "rule-12": [
            {
                "part": null,
                "template-line-number": 99,
                "replacement-node": 33,
                "node-pos": 58,
                "html": true
            }
        ],
        "rule-3": [
            {
                "part": null,
                "template-line-number": 31,
                "replacement-node": 6,
                "node-pos": 17
            }
        ],
        "rule-8": [
            {
                "part": null,
                "template-line-number": 69,
                "replacement-node": 21,
                "node-pos": 39
            }
        ],
        "rule-15": [
            {
                "part": null,
                "template-line-number": 275,
                "replacement-node": 71,
                "expression-node": 72,
                "node-pos": 122
            }
        ],
        "rule-20": {
            "subs": [
                {
                    "node-pos": 82,
                    "template-line-number": 169,
                    "name": "OtherGasRevenuesLineItems",
                    "part": "2",
                    "extras": {},
                    "replacement-node": 46
                },
                {
                    "node-pos": 84,
                    "template-line-number": 173,
                    "name": "OtherGasRevenuesLineItems",
                    "part": "3",
                    "extras": {},
                    "replacement-node": 48
                },
                {
                    "node-pos": 89,
                    "template-line-number": 181,
                    "name": "OtherGasRevenuesLineItems",
                    "part": "4",
                    "replacement-node": 52,
                    "expression-node": 53
                }
            ],
            "name": "OtherGasRevenuesLineItems"
        },
        "rule-13": [
            {
                "part": null,
                "template-line-number": 192,
                "replacement-node": 55,
                "node-pos": 95
            }
        ],
        "rule-2": [
            {
                "part": null,
                "template-line-number": 25,
                "replacement-node": 3,
                "expression-node": 4,
                "node-pos": 13
            }
        ]
    },
    "showifs": {},
    "line-numbers": {
        "OtherGasRevenuesLineItems": [
            {
                "template-line-number": 162,
                "start-number": 1,
                "line-number-node": 44
            }
        ],
        "OtherGasRevenues": [
            {
                "template-line-number": 242,
                "start-number": 12,
                "line-number-node": 59
            }
        ]
    }
}