{
    "line-numbers": {
        "OtherGasRevenues": [
            {
                "start-number": 12,
                "line-number-node": 59,
                "template-line-number": 242
            }
        ],
        "OtherGasRevenuesLineItems": [
            {
                "start-number": 1,
                "line-number-node": 44,
                "template-line-number": 162
            }
        ]
    },
    "substitutions": {
        "rule-3": [
            {
                "replacement-node": 6,
                "node-pos": 17,
                "template-line-number": 31,
                "part": null
            }
        ],
        "rule-15": [
            {
                "node-pos": 122,
                "replacement-node": 71,
                "expression-node": 72,
                "template-line-number": 275,
                "part": null
            }
        ],
        "rule-16": [
            {
                "node-pos": 128,
                "replacement-node": 74,
                "expression-node": 75,
                "template-line-number": 288,
                "part": null
            }
        ],
        "rule-9": [
            {
                "node-pos": 43,
                "replacement-node": 24,
                "expression-node": 25,
                "template-line-number": 73,
                "part": null
            }
        ],
        "rule-8": [
            {
                "replacement-node": 21,
                "node-pos": 39,
                "template-line-number": 69,
                "part": null
            }
        ],
        "rule-10": [
            {
                "node-pos": 47,
                "replacement-node": 27,
                "expression-node": 28,
                "template-line-number": 78,
                "part": null
            }
        ],
        "rule-12": [
            {
                "replacement-node": 33,
                "node-pos": 58,
                "template-line-number": 99,
                "part": null,
                "html": true
            }
        ],
        "rule-11": [
            {
                "replacement-node": 30,
                "node-pos": 53,
                "template-line-number": 88,
                "part": null
            }
        ],
        "rule-1": [
            {
                "replacement-node": 0,
                "node-pos": 9,
                "template-line-number": 21,
                "part": null
            }
        ],
        "rule-13": [
            {
                "replacement-node": 55,
                "node-pos": 95,
                "template-line-number": 192,
                "part": null
            }
        ],
        "rule-2": [
            {
                "node-pos": 13,
                "replacement-node": 3,
                "expression-node": 4,
                "template-line-number": 25,
                "part": null
            }
        ],
        "rule-17": [
            {
                "replacement-node": 77,
                "node-pos": 132,
                "template-line-number": 293,
                "part": null
            }
        ],
        "rule-14": [
            {
                "replacement-node": 68,
                "node-pos": 117,
                "template-line-number": 263,
                "part": null
            }
        ],
        "rule-21": {
            "subs": [
                {
                    "replacement-node": 46,
                    "extras": {},
                    "part": "2",
                    "node-pos": 82,
                    "name": "OtherGasRevenuesLineItems",
                    "template-line-number": 169
                },
                {
                    "replacement-node": 48,
                    "extras": {},
                    "part": "3",
                    "node-pos": 84,
                    "name": "OtherGasRevenuesLineItems",
                    "template-line-number": 173
                },
                {
                    "replacement-node": 52,
                    "node-pos": 89,
                    "part": "4",
                    "expression-node": 53,
                    "name": "OtherGasRevenuesLineItems",
                    "template-line-number": 181
                }
            ],
            "name": "OtherGasRevenuesLineItems"
        },
        "rule-19": {
            "subs": [
                {
                    "replacement-node": 37,
                    "extras": {},
                    "part": "1",
                    "node-pos": 67,
                    "name": "OtherGasRevenuesHeadings",
                    "template-line-number": 122
                },
                {
                    "replacement-node": 40,
                    "extras": {},
                    "part": "2",
                    "node-pos": 71,
                    "name": "OtherGasRevenuesHeadings",
                    "template-line-number": 129
                }
            ],
            "name": "OtherGasRevenuesHeadings"
        },
        "rule-5": [
            {
                "replacement-node": 12,
                "node-pos": 26,
                "template-line-number": 49,
                "part": null,
                "html": true
            }
        ],
        "rule-4": [
            {
                "replacement-node": 9,
                "node-pos": 21,
                "template-line-number": 37,
                "part": null,
                "html": true
            }
        ],
        "rule-7": [
            {
                "node-pos": 35,
                "replacement-node": 18,
                "expression-node": 19,
                "template-line-number": 64,
                "part": null
            }
        ],
        "rule-6": [
            {
                "replacement-node": 15,
                "node-pos": 31,
                "template-line-number": 60,
                "part": null
            }
        ],
        "rule-18": [
            {
                "replacement-node": 80,
                "node-pos": 136,
                "template-line-number": 302,
                "part": null
            }
        ],
        "rule-20": {
            "subs": [
                {
                    "replacement-node": 62,
                    "node-pos": 107,
                    "part": "2",
                    "expression-node": 63,
                    "name": "OtherGasRevenues",
                    "template-line-number": 246
                },
                {
                    "replacement-node": 65,
                    "node-pos": 111,
                    "part": "3",
                    "expression-node": 66,
                    "name": "OtherGasRevenues",
                    "template-line-number": 251
                }
            ],
            "name": "OtherGasRevenues"
        }
    },
    "showifs": {}
}