{
    "line-numbers": {
        "MiscellaneousCurrentAndAccruedAssets": [
            {
                "line-number-node": 55,
                "template-line-number": 255,
                "start-number": 3
            }
        ]
    },
    "showifs": {},
    "substitutions": {
        "rule-18": [
            {
                "part": null,
                "expression-node": 74,
                "replacement-node": 73,
                "node-pos": 136,
                "template-line-number": 315
            }
        ],
        "rule-13": [
            {
                "part": null,
                "replacement-node": 45,
                "node-pos": 83,
                "template-line-number": 161
            }
        ],
        "rule-1": [
            {
                "part": null,
                "replacement-node": 0,
                "node-pos": 10,
                "template-line-number": 23
            }
        ],
        "rule-19": [
            {
                "part": null,
                "expression-node": 77,
                "replacement-node": 76,
                "node-pos": 142,
                "template-line-number": 329
            }
        ],
        "rule-11": [
            {
                "part": null,
                "replacement-node": 30,
                "node-pos": 54,
                "template-line-number": 93
            }
        ],
        "rule-15": [
            {
                "part": null,
                "replacement-node": 51,
                "node-pos": 98,
                "template-line-number": 196
            }
        ],
        "rule-17": [
            {
                "part": null,
                "expression-node": 71,
                "replacement-node": 70,
                "node-pos": 132,
                "template-line-number": 306
            }
        ],
        "rule-9": [
            {
                "part": null,
                "expression-node": 25,
                "replacement-node": 24,
                "node-pos": 44,
                "template-line-number": 78
            }
        ],
        "rule-21": [
            {
                "part": null,
                "replacement-node": 82,
                "node-pos": 150,
                "template-line-number": 344
            }
        ],
        "rule-5": [
            {
                "part": null,
                "html": true,
                "replacement-node": 12,
                "node-pos": 27,
                "template-line-number": 52
            }
        ],
        "rule-8": [
            {
                "part": null,
                "replacement-node": 21,
                "node-pos": 40,
                "template-line-number": 73
            }
        ],
        "rule-4": [
            {
                "part": null,
                "html": true,
                "replacement-node": 9,
                "node-pos": 22,
                "template-line-number": 40
            }
        ],
        "rule-12": [
            {
                "part": null,
                "html": true,
                "replacement-node": 33,
                "node-pos": 59,
                "template-line-number": 104
            }
        ],
        "rule-10": [
            {
                "part": null,
                "expression-node": 28,
                "replacement-node": 27,
                "node-pos": 48,
                "template-line-number": 83
            }
        ],
        "rule-6": [
            {
                "part": null,
                "replacement-node": 15,
                "node-pos": 32,
                "template-line-number": 63
            }
        ],
        "rule-22": {
            "subs": [
                {
                    "template-line-number": 263,
                    "name": "MiscellaneousCurrentAndAccruedAssets",
                    "part": "2",
                    "expression-node": 59,
                    "node-pos": 112,
                    "replacement-node": 58
                },
                {
                    "template-line-number": 271,
                    "name": "MiscellaneousCurrentAndAccruedAssets",
                    "part": "3",
                    "expression-node": 62,
                    "node-pos": 116,
                    "replacement-node": 61
                },
                {
                    "template-line-number": 279,
                    "name": "MiscellaneousCurrentAndAccruedAssets",
                    "part": "4",
                    "expression-node": 65,
                    "node-pos": 120,
                    "replacement-node": 64
                }
            ],
            "name": "MiscellaneousCurrentAndAccruedAssets"
        },
        "rule-20": [
            {
                "part": null,
                "replacement-node": 79,
                "node-pos": 146,
                "template-line-number": 335
            }
        ],
        "rule-2": [
            {
                "part": null,
                "expression-node": 4,
                "replacement-node": 3,
                "node-pos": 14,
                "template-line-number": 28
            }
        ],
        "rule-16": [
            {
                "part": null,
                "replacement-node": 67,
                "node-pos": 126,
                "template-line-number": 291
            }
        ],
        "rule-23": {
            "subs": [
                {
                    "template-line-number": 141,
                    "extras": {},
                    "name": "ColumnHeadings",
                    "part": "1",
                    "node-pos": 73,
                    "replacement-node": 39
                },
                {
                    "template-line-number": 149,
                    "extras": {},
                    "name": "ColumnHeadings",
                    "part": "2",
                    "node-pos": 77,
                    "replacement-node": 42
                },
                {
                    "template-line-number": 137,
                    "extras": {},
                    "name": "ColumnHeadings",
                    "part": "3",
                    "node-pos": 71,
                    "replacement-node": 37
                }
            ],
            "name": "ColumnHeadings"
        },
        "rule-7": [
            {
                "part": null,
                "expression-node": 19,
                "replacement-node": 18,
                "node-pos": 36,
                "template-line-number": 68
            }
        ],
        "rule-3": [
            {
                "part": null,
                "replacement-node": 6,
                "node-pos": 18,
                "template-line-number": 34
            }
        ],
        "rule-14": [
            {
                "part": null,
                "replacement-node": 48,
                "node-pos": 88,
                "template-line-number": 174
            }
        ]
    }
}