{
    "substitutions": {
        "rule-11": [
            {
                "template-line-number": 96,
                "replacement-node": 30,
                "node-pos": 54,
                "part": null
            }
        ],
        "rule-5": [
            {
                "template-line-number": 52,
                "replacement-node": 12,
                "node-pos": 27,
                "part": null,
                "html": true
            }
        ],
        "rule-6": [
            {
                "template-line-number": 63,
                "replacement-node": 15,
                "node-pos": 32,
                "part": null
            }
        ],
        "rule-10": [
            {
                "template-line-number": 83,
                "replacement-node": 27,
                "node-pos": 48,
                "part": null,
                "expression-node": 28
            }
        ],
        "rule-8": [
            {
                "template-line-number": 73,
                "replacement-node": 21,
                "node-pos": 40,
                "part": null
            }
        ],
        "rule-13": [
            {
                "template-line-number": 224,
                "replacement-node": 55,
                "node-pos": 96,
                "part": null,
                "expression-node": 56
            }
        ],
        "rule-2": [
            {
                "template-line-number": 28,
                "replacement-node": 3,
                "node-pos": 14,
                "part": null,
                "expression-node": 4
            }
        ],
        "rule-14": [
            {
                "template-line-number": 231,
                "replacement-node": 58,
                "node-pos": 100,
                "part": null
            }
        ],
        "rule-1": [
            {
                "template-line-number": 23,
                "replacement-node": 0,
                "node-pos": 10,
                "part": null
            }
        ],
        "rule-9": [
            {
                "template-line-number": 78,
                "replacement-node": 24,
                "node-pos": 44,
                "part": null,
                "expression-node": 25
            }
        ],
        "rule-15": [
            {
                "template-line-number": 241,
                "replacement-node": 61,
                "node-pos": 104,
                "part": null
            }
        ],
        "rule-17": {
            "name": "ColumnHeadings",
            "subs": [
                {
                    "template-line-number": 136,
                    "replacement-node": 37,
                    "name": "ColumnHeadings",
                    "node-pos": 69,
                    "part": "1",
                    "extras": {}
                },
                {
                    "template-line-number": 143,
                    "replacement-node": 40,
                    "name": "ColumnHeadings",
                    "node-pos": 73,
                    "part": "2",
                    "extras": {}
                }
            ]
        },
        "rule-16": {
            "name": "PlantInServiceItems",
            "subs": [
                {
                    "template-line-number": 195,
                    "replacement-node": 47,
                    "name": "PlantInServiceItems",
                    "node-pos": 83,
                    "part": "1",
                    "extras": {}
                },
                {
                    "template-line-number": 202,
                    "replacement-node": 49,
                    "name": "PlantInServiceItems",
                    "node-pos": 86,
                    "part": "2",
                    "expression-node": 50
                },
                {
                    "template-line-number": 210,
                    "replacement-node": 52,
                    "name": "PlantInServiceItems",
                    "node-pos": 90,
                    "part": "3",
                    "expression-node": 53
                }
            ]
        },
        "rule-3": [
            {
                "template-line-number": 34,
                "replacement-node": 6,
                "node-pos": 18,
                "part": null
            }
        ],
        "rule-12": [
            {
                "template-line-number": 111,
                "replacement-node": 33,
                "node-pos": 59,
                "part": null,
                "html": true
            }
        ],
        "rule-7": [
            {
                "template-line-number": 68,
                "replacement-node": 18,
                "node-pos": 36,
                "part": null,
                "expression-node": 19
            }
        ],
        "rule-4": [
            {
                "template-line-number": 40,
                "replacement-node": 9,
                "node-pos": 22,
                "part": null,
                "html": true
            }
        ]
    },
    "line-numbers": {
        "PlantInServiceItems": [
            {
                "line-number-node": 44,
                "template-line-number": 185,
                "start-number": 1
            }
        ]
    },
    "showifs": {}
}