{
    "line-numbers": {
        "SalesForResale": [
            {
                "template-line-number": 282,
                "line-number-node": 45,
                "start-number": 1
            }
        ]
    },
    "substitutions": {
        "rule-6": [
            {
                "template-line-number": 66,
                "html": true,
                "replacement-node": 13,
                "node-pos": 27,
                "part": null
            }
        ],
        "rule-13": [
            {
                "template-line-number": 135,
                "html": true,
                "replacement-node": 34,
                "node-pos": 59,
                "part": null
            }
        ],
        "rule-25": [
            {
                "expression-node": 114,
                "template-line-number": 508,
                "replacement-node": 113,
                "node-pos": 213,
                "part": null
            }
        ],
        "rule-21": [
            {
                "expression-node": 102,
                "template-line-number": 468,
                "replacement-node": 101,
                "node-pos": 197,
                "part": null
            }
        ],
        "rule-19": [
            {
                "expression-node": 96,
                "template-line-number": 437,
                "replacement-node": 95,
                "node-pos": 181,
                "part": null
            }
        ],
        "rule-9": [
            {
                "template-line-number": 98,
                "replacement-node": 22,
                "node-pos": 40,
                "part": null
            }
        ],
        "rule-11": [
            {
                "expression-node": 29,
                "template-line-number": 111,
                "replacement-node": 28,
                "node-pos": 48,
                "part": null
            }
        ],
        "rule-3": [
            {
                "expression-node": 5,
                "template-line-number": 34,
                "replacement-node": 4,
                "node-pos": 14,
                "part": null
            }
        ],
        "rule-20": [
            {
                "template-line-number": 451,
                "replacement-node": 98,
                "node-pos": 187,
                "part": null
            }
        ],
        "rule-16": [
            {
                "expression-node": 87,
                "template-line-number": 407,
                "replacement-node": 86,
                "node-pos": 169,
                "part": null
            }
        ],
        "rule-15": [
            {
                "expression-node": 84,
                "template-line-number": 397,
                "replacement-node": 83,
                "node-pos": 165,
                "part": null
            }
        ],
        "rule-28": [
            {
                "expression-node": 123,
                "template-line-number": 549,
                "replacement-node": 122,
                "node-pos": 233,
                "part": null
            }
        ],
        "rule-14": [
            {
                "template-line-number": 380,
                "replacement-node": 80,
                "node-pos": 155,
                "part": null
            }
        ],
        "rule-18": [
            {
                "expression-node": 93,
                "template-line-number": 427,
                "replacement-node": 92,
                "node-pos": 177,
                "part": null
            }
        ],
        "rule-35": {
            "subs": [
                {
                    "replacement-node": 38,
                    "name": "ColumnHeadings",
                    "node-pos": 96,
                    "template-line-number": 190,
                    "extras": {},
                    "part": "1"
                },
                {
                    "replacement-node": 41,
                    "name": "ColumnHeadings",
                    "node-pos": 100,
                    "template-line-number": 197,
                    "extras": {},
                    "part": "2"
                }
            ],
            "name": "ColumnHeadings"
        },
        "rule-34": {
            "subs": [
                {
                    "template-line-number": 352,
                    "replacement-node": 71,
                    "name": "SalesForResale",
                    "node-pos": 141,
                    "expression-node": 72,
                    "part": "10"
                },
                {
                    "template-line-number": 360,
                    "replacement-node": 74,
                    "name": "SalesForResale",
                    "node-pos": 145,
                    "expression-node": 75,
                    "part": "11"
                },
                {
                    "template-line-number": 368,
                    "replacement-node": 77,
                    "name": "SalesForResale",
                    "node-pos": 149,
                    "expression-node": 78,
                    "part": "12"
                },
                {
                    "template-line-number": 287,
                    "replacement-node": 47,
                    "name": "SalesForResale",
                    "node-pos": 109,
                    "expression-node": 48,
                    "part": "2"
                },
                {
                    "template-line-number": 296,
                    "replacement-node": 50,
                    "name": "SalesForResale",
                    "node-pos": 113,
                    "expression-node": 51,
                    "part": "3"
                },
                {
                    "template-line-number": 304,
                    "replacement-node": 53,
                    "name": "SalesForResale",
                    "node-pos": 117,
                    "expression-node": 54,
                    "part": "4"
                },
                {
                    "template-line-number": 312,
                    "replacement-node": 56,
                    "name": "SalesForResale",
                    "node-pos": 121,
                    "expression-node": 57,
                    "part": "5"
                },
                {
                    "template-line-number": 320,
                    "replacement-node": 59,
                    "name": "SalesForResale",
                    "node-pos": 125,
                    "expression-node": 60,
                    "part": "6"
                },
                {
                    "template-line-number": 328,
                    "replacement-node": 62,
                    "name": "SalesForResale",
                    "node-pos": 129,
                    "expression-node": 63,
                    "part": "7"
                },
                {
                    "template-line-number": 336,
                    "replacement-node": 65,
                    "name": "SalesForResale",
                    "node-pos": 133,
                    "expression-node": 66,
                    "part": "8"
                },
                {
                    "template-line-number": 344,
                    "replacement-node": 68,
                    "name": "SalesForResale",
                    "node-pos": 137,
                    "expression-node": 69,
                    "part": "9"
                }
            ],
            "name": "SalesForResale"
        },
        "rule-27": [
            {
                "expression-node": 120,
                "template-line-number": 539,
                "replacement-node": 119,
                "node-pos": 229,
                "part": null
            }
        ],
        "rule-33": [
            {
                "template-line-number": 602,
                "replacement-node": 137,
                "node-pos": 255,
                "part": null
            }
        ],
        "rule-24": [
            {
                "expression-node": 111,
                "template-line-number": 498,
                "replacement-node": 110,
                "node-pos": 209,
                "part": null
            }
        ],
        "rule-4": [
            {
                "template-line-number": 41,
                "replacement-node": 7,
                "node-pos": 18,
                "part": null
            }
        ],
        "rule-31": [
            {
                "expression-node": 132,
                "template-line-number": 585,
                "replacement-node": 131,
                "node-pos": 247,
                "part": null
            }
        ],
        "rule-23": [
            {
                "expression-node": 108,
                "template-line-number": 488,
                "replacement-node": 107,
                "node-pos": 205,
                "part": null
            }
        ],
        "rule-12": [
            {
                "template-line-number": 124,
                "replacement-node": 31,
                "node-pos": 54,
                "part": null
            }
        ],
        "rule-2": [
            {
                "template-line-number": 27,
                "replacement-node": 1,
                "node-pos": 10,
                "part": null
            }
        ],
        "rule-10": [
            {
                "expression-node": 26,
                "template-line-number": 105,
                "replacement-node": 25,
                "node-pos": 44,
                "part": null
            }
        ],
        "rule-22": [
            {
                "expression-node": 105,
                "template-line-number": 478,
                "replacement-node": 104,
                "node-pos": 201,
                "part": null
            }
        ],
        "rule-17": [
            {
                "expression-node": 90,
                "template-line-number": 417,
                "replacement-node": 89,
                "node-pos": 173,
                "part": null
            }
        ],
        "rule-26": [
            {
                "expression-node": 117,
                "template-line-number": 529,
                "replacement-node": 116,
                "node-pos": 225,
                "part": null
            }
        ],
        "rule-8": [
            {
                "expression-node": 20,
                "template-line-number": 91,
                "replacement-node": 19,
                "node-pos": 36,
                "part": null
            }
        ],
        "rule-29": [
            {
                "expression-node": 126,
                "template-line-number": 559,
                "replacement-node": 125,
                "node-pos": 237,
                "part": null
            }
        ],
        "rule-32": [
            {
                "template-line-number": 592,
                "replacement-node": 134,
                "node-pos": 251,
                "part": null
            }
        ],
        "rule-30": [
            {
                "expression-node": 129,
                "template-line-number": 569,
                "replacement-node": 128,
                "node-pos": 241,
                "part": null
            }
        ],
        "rule-5": [
            {
                "template-line-number": 49,
                "html": true,
                "replacement-node": 10,
                "node-pos": 22,
                "part": null
            }
        ],
        "rule-7": [
            {
                "template-line-number": 84,
                "replacement-node": 16,
                "node-pos": 32,
                "part": null
            }
        ]
    },
    "showifs": {
        "rule-1": {
            "template-line-number": 14,
            "type": "showif"
        }
    }
}