{
    "showifs": {},
    "line-numbers": {},
    "substitutions": {
        "rule-12": [
            {
                "expression-node": 59,
                "node-pos": 97,
                "replacement-node": 58,
                "part": null,
                "template-line-number": 203
            }
        ],
        "rule-14": [
            {
                "node-pos": 105,
                "replacement-node": 64,
                "part": null,
                "template-line-number": 217
            }
        ],
        "rule-8": [
            {
                "node-pos": 39,
                "replacement-node": 21,
                "part": null,
                "template-line-number": 71
            }
        ],
        "rule-2": [
            {
                "expression-node": 4,
                "node-pos": 13,
                "replacement-node": 3,
                "part": null,
                "template-line-number": 26
            }
        ],
        "rule-16": {
            "subs": [
                {
                    "extras": {},
                    "name": "BSLineItems",
                    "node-pos": 71,
                    "replacement-node": 41,
                    "part": "1",
                    "template-line-number": 161
                },
                {
                    "extras": {},
                    "name": "BSLineItems",
                    "node-pos": 79,
                    "replacement-node": 46,
                    "part": "2",
                    "template-line-number": 172
                },
                {
                    "extras": {},
                    "name": "BSLineItems",
                    "node-pos": 84,
                    "replacement-node": 50,
                    "part": "3",
                    "template-line-number": 181
                },
                {
                    "node-pos": 87,
                    "name": "BSLineItems",
                    "expression-node": 53,
                    "replacement-node": 52,
                    "part": "4",
                    "template-line-number": 186
                },
                {
                    "node-pos": 91,
                    "name": "BSLineItems",
                    "expression-node": 56,
                    "replacement-node": 55,
                    "part": "5",
                    "template-line-number": 192
                },
                {
                    "extras": {},
                    "name": "BSLineItems",
                    "node-pos": 77,
                    "replacement-node": 44,
                    "part": "6",
                    "template-line-number": 168
                }
            ],
            "name": "BSLineItems"
        },
        "rule-1": [
            {
                "node-pos": 9,
                "replacement-node": 0,
                "part": null,
                "template-line-number": 21
            }
        ],
        "rule-9": [
            {
                "expression-node": 25,
                "node-pos": 43,
                "replacement-node": 24,
                "part": null,
                "template-line-number": 76
            }
        ],
        "rule-6": [
            {
                "node-pos": 31,
                "replacement-node": 15,
                "part": null,
                "template-line-number": 61
            }
        ],
        "rule-4": [
            {
                "node-pos": 21,
                "html": true,
                "replacement-node": 9,
                "part": null,
                "template-line-number": 38
            }
        ],
        "rule-10": [
            {
                "expression-node": 28,
                "node-pos": 47,
                "replacement-node": 27,
                "part": null,
                "template-line-number": 81
            }
        ],
        "rule-3": [
            {
                "node-pos": 17,
                "replacement-node": 6,
                "part": null,
                "template-line-number": 32
            }
        ],
        "rule-5": [
            {
                "node-pos": 26,
                "html": true,
                "replacement-node": 12,
                "part": null,
                "template-line-number": 50
            }
        ],
        "rule-15": {
            "subs": [
                {
                    "extras": {},
                    "name": "BSHeadings",
                    "node-pos": 61,
                    "replacement-node": 34,
                    "part": "1",
                    "template-line-number": 115
                },
                {
                    "extras": {},
                    "name": "BSHeadings",
                    "node-pos": 65,
                    "replacement-node": 37,
                    "part": "2",
                    "template-line-number": 122
                }
            ],
            "name": "BSHeadings"
        },
        "rule-7": [
            {
                "expression-node": 19,
                "node-pos": 35,
                "replacement-node": 18,
                "part": null,
                "template-line-number": 66
            }
        ],
        "rule-13": [
            {
                "node-pos": 101,
                "replacement-node": 61,
                "part": null,
                "template-line-number": 208
            }
        ],
        "rule-11": [
            {
                "node-pos": 53,
                "replacement-node": 30,
                "part": null,
                "template-line-number": 91
            }
        ]
    }
}