{
    "line-numbers": {
        "GasPropertyAndCapacityLeasedFromOthers": [
            {
                "template-line-number": 194,
                "line-number-node": 46,
                "start-number": 1
            }
        ]
    },
    "showifs": {},
    "substitutions": {
        "rule-8": [
            {
                "template-line-number": 69,
                "node-pos": 39,
                "part": null,
                "replacement-node": 21
            }
        ],
        "rule-12": [
            {
                "template-line-number": 100,
                "node-pos": 58,
                "part": null,
                "replacement-node": 33,
                "html": true
            }
        ],
        "rule-4": [
            {
                "template-line-number": 37,
                "node-pos": 21,
                "part": null,
                "replacement-node": 9,
                "html": true
            }
        ],
        "rule-18": {
            "subs": [
                {
                    "template-line-number": 134,
                    "part": "1",
                    "replacement-node": 39,
                    "node-pos": 73,
                    "extras": {},
                    "name": "GasPlantInServiceHeadings"
                },
                {
                    "template-line-number": 143,
                    "part": "2",
                    "replacement-node": 42,
                    "node-pos": 77,
                    "extras": {},
                    "name": "GasPlantInServiceHeadings"
                },
                {
                    "template-line-number": 130,
                    "part": "3",
                    "replacement-node": 37,
                    "node-pos": 71,
                    "extras": {},
                    "name": "GasPlantInServiceHeadings"
                }
            ],
            "name": "GasPlantInServiceHeadings"
        },
        "rule-16": [
            {
                "template-line-number": 255,
                "node-pos": 121,
                "part": null,
                "replacement-node": 69
            }
        ],
        "rule-5": [
            {
                "template-line-number": 49,
                "node-pos": 26,
                "part": null,
                "replacement-node": 12,
                "html": true
            }
        ],
        "rule-10": [
            {
                "template-line-number": 78,
                "node-pos": 47,
                "part": null,
                "replacement-node": 27,
                "expression-node": 28
            }
        ],
        "rule-14": [
            {
                "template-line-number": 236,
                "node-pos": 111,
                "part": null,
                "replacement-node": 63,
                "expression-node": 64
            }
        ],
        "rule-6": [
            {
                "template-line-number": 60,
                "node-pos": 31,
                "part": null,
                "replacement-node": 15
            }
        ],
        "rule-17": [
            {
                "template-line-number": 264,
                "node-pos": 125,
                "part": null,
                "replacement-node": 72
            }
        ],
        "rule-11": [
            {
                "template-line-number": 89,
                "node-pos": 53,
                "part": null,
                "replacement-node": 30
            }
        ],
        "rule-15": [
            {
                "template-line-number": 250,
                "node-pos": 117,
                "part": null,
                "replacement-node": 66,
                "expression-node": 67
            }
        ],
        "rule-13": [
            {
                "template-line-number": 222,
                "node-pos": 104,
                "part": null,
                "replacement-node": 60
            }
        ],
        "rule-2": [
            {
                "template-line-number": 25,
                "node-pos": 13,
                "part": null,
                "replacement-node": 3,
                "expression-node": 4
            }
        ],
        "rule-9": [
            {
                "template-line-number": 73,
                "node-pos": 43,
                "part": null,
                "replacement-node": 24,
                "expression-node": 25
            }
        ],
        "rule-1": [
            {
                "template-line-number": 21,
                "node-pos": 9,
                "part": null,
                "replacement-node": 0
            }
        ],
        "rule-7": [
            {
                "template-line-number": 64,
                "node-pos": 35,
                "part": null,
                "replacement-node": 18,
                "expression-node": 19
            }
        ],
        "rule-3": [
            {
                "template-line-number": 31,
                "node-pos": 17,
                "part": null,
                "replacement-node": 6
            }
        ],
        "rule-19": {
            "subs": [
                {
                    "template-line-number": 197,
                    "name": "GasPropertyAndCapacityLeasedFromOthers",
                    "replacement-node": 48,
                    "node-pos": 86,
                    "part": "2",
                    "expression-node": 49
                },
                {
                    "template-line-number": 202,
                    "part": "3",
                    "replacement-node": 51,
                    "node-pos": 90,
                    "extras": {},
                    "name": "GasPropertyAndCapacityLeasedFromOthers"
                },
                {
                    "template-line-number": 207,
                    "name": "GasPropertyAndCapacityLeasedFromOthers",
                    "replacement-node": 54,
                    "node-pos": 94,
                    "part": "4",
                    "expression-node": 55
                },
                {
                    "template-line-number": 212,
                    "name": "GasPropertyAndCapacityLeasedFromOthers",
                    "replacement-node": 57,
                    "node-pos": 98,
                    "part": "5",
                    "expression-node": 58
                }
            ],
            "name": "GasPropertyAndCapacityLeasedFromOthers"
        }
    }
}