{
    "showifs": {},
    "substitutions": {
        "rule-7": [
            {
                "part": null,
                "replacement-node": 18,
                "node-pos": 35,
                "expression-node": 19,
                "template-line-number": 64
            }
        ],
        "rule-16": [
            {
                "part": null,
                "replacement-node": 69,
                "node-pos": 129,
                "template-line-number": 281
            }
        ],
        "rule-13": [
            {
                "part": null,
                "replacement-node": 45,
                "node-pos": 85,
                "template-line-number": 155
            }
        ],
        "rule-10": [
            {
                "part": null,
                "replacement-node": 27,
                "node-pos": 47,
                "expression-node": 28,
                "template-line-number": 78
            }
        ],
        "rule-24": {
            "name": "Transactions",
            "subs": [
                {
                    "replacement-node": 51,
                    "expression-node": 52,
                    "node-pos": 98,
                    "part": "2",
                    "name": "Transactions",
                    "template-line-number": 228
                },
                {
                    "replacement-node": 54,
                    "expression-node": 55,
                    "node-pos": 102,
                    "part": "3",
                    "name": "Transactions",
                    "template-line-number": 233
                },
                {
                    "replacement-node": 57,
                    "expression-node": 58,
                    "node-pos": 106,
                    "part": "4",
                    "name": "Transactions",
                    "template-line-number": 238
                },
                {
                    "replacement-node": 60,
                    "expression-node": 61,
                    "node-pos": 110,
                    "part": "5",
                    "name": "Transactions",
                    "template-line-number": 243
                }
            ]
        },
        "rule-15": [
            {
                "part": null,
                "replacement-node": 66,
                "node-pos": 123,
                "expression-node": 67,
                "template-line-number": 268
            }
        ],
        "rule-21": [
            {
                "part": null,
                "replacement-node": 99,
                "node-pos": 181,
                "template-line-number": 424
            }
        ],
        "rule-2": [
            {
                "part": null,
                "replacement-node": 3,
                "node-pos": 13,
                "expression-node": 4,
                "template-line-number": 25
            }
        ],
        "rule-4": [
            {
                "part": null,
                "replacement-node": 9,
                "node-pos": 21,
                "html": true,
                "template-line-number": 37
            }
        ],
        "rule-11": [
            {
                "part": null,
                "replacement-node": 30,
                "node-pos": 53,
                "template-line-number": 88
            }
        ],
        "rule-19": [
            {
                "part": null,
                "replacement-node": 93,
                "node-pos": 173,
                "expression-node": 94,
                "template-line-number": 410
            }
        ],
        "rule-20": [
            {
                "part": null,
                "replacement-node": 96,
                "node-pos": 177,
                "template-line-number": 415
            }
        ],
        "rule-14": [
            {
                "part": null,
                "replacement-node": 63,
                "node-pos": 116,
                "template-line-number": 254
            }
        ],
        "rule-3": [
            {
                "part": null,
                "replacement-node": 6,
                "node-pos": 17,
                "template-line-number": 31
            }
        ],
        "rule-1": [
            {
                "part": null,
                "replacement-node": 0,
                "node-pos": 9,
                "template-line-number": 21
            }
        ],
        "rule-23": {
            "name": "HeadingRow",
            "subs": [
                {
                    "replacement-node": 39,
                    "node-pos": 75,
                    "extras": {},
                    "part": "1",
                    "name": "HeadingRow",
                    "template-line-number": 134
                },
                {
                    "replacement-node": 42,
                    "node-pos": 79,
                    "extras": {},
                    "part": "2",
                    "name": "HeadingRow",
                    "template-line-number": 143
                },
                {
                    "replacement-node": 37,
                    "node-pos": 73,
                    "extras": {},
                    "part": "3",
                    "name": "HeadingRow",
                    "template-line-number": 130
                }
            ]
        },
        "rule-22": {
            "name": "Transactions2",
            "subs": [
                {
                    "replacement-node": 75,
                    "expression-node": 76,
                    "node-pos": 142,
                    "part": "2",
                    "name": "Transactions2",
                    "template-line-number": 357
                },
                {
                    "replacement-node": 78,
                    "expression-node": 79,
                    "node-pos": 146,
                    "part": "3",
                    "name": "Transactions2",
                    "template-line-number": 362
                },
                {
                    "replacement-node": 81,
                    "expression-node": 82,
                    "node-pos": 150,
                    "part": "4",
                    "name": "Transactions2",
                    "template-line-number": 367
                },
                {
                    "replacement-node": 84,
                    "expression-node": 85,
                    "node-pos": 154,
                    "part": "5",
                    "name": "Transactions2",
                    "template-line-number": 372
                }
            ]
        },
        "rule-17": [
            {
                "part": null,
                "replacement-node": 87,
                "node-pos": 160,
                "template-line-number": 383
            }
        ],
        "rule-9": [
            {
                "part": null,
                "replacement-node": 24,
                "node-pos": 43,
                "expression-node": 25,
                "template-line-number": 73
            }
        ],
        "rule-8": [
            {
                "part": null,
                "replacement-node": 21,
                "node-pos": 39,
                "template-line-number": 69
            }
        ],
        "rule-18": [
            {
                "part": null,
                "replacement-node": 90,
                "node-pos": 167,
                "expression-node": 91,
                "template-line-number": 397
            }
        ],
        "rule-5": [
            {
                "part": null,
                "replacement-node": 12,
                "node-pos": 26,
                "html": true,
                "template-line-number": 49
            }
        ],
        "rule-6": [
            {
                "part": null,
                "replacement-node": 15,
                "node-pos": 31,
                "template-line-number": 60
            }
        ],
        "rule-12": [
            {
                "part": null,
                "replacement-node": 33,
                "node-pos": 58,
                "html": true,
                "template-line-number": 99
            }
        ]
    },
    "line-numbers": {
        "Transactions2": [
            {
                "template-line-number": 353,
                "start-number": 21,
                "line-number-node": 73
            }
        ],
        "Transactions": [
            {
                "template-line-number": 224,
                "start-number": 2,
                "line-number-node": 49
            }
        ]
    }
}