{
    "showifs": {},
    "line-numbers": {
        "Transactions2": [
            {
                "line-number-node": 73,
                "template-line-number": 353,
                "start-number": 21
            }
        ],
        "Transactions": [
            {
                "line-number-node": 49,
                "template-line-number": 224,
                "start-number": 2
            }
        ]
    },
    "substitutions": {
        "rule-12": [
            {
                "html": true,
                "node-pos": 58,
                "part": null,
                "template-line-number": 99,
                "replacement-node": 33
            }
        ],
        "rule-18": [
            {
                "node-pos": 167,
                "expression-node": 91,
                "part": null,
                "template-line-number": 397,
                "replacement-node": 90
            }
        ],
        "rule-20": [
            {
                "node-pos": 177,
                "part": null,
                "template-line-number": 415,
                "replacement-node": 96
            }
        ],
        "rule-4": [
            {
                "html": true,
                "node-pos": 21,
                "part": null,
                "template-line-number": 37,
                "replacement-node": 9
            }
        ],
        "rule-10": [
            {
                "node-pos": 47,
                "expression-node": 28,
                "part": null,
                "template-line-number": 78,
                "replacement-node": 27
            }
        ],
        "rule-5": [
            {
                "html": true,
                "node-pos": 26,
                "part": null,
                "template-line-number": 49,
                "replacement-node": 12
            }
        ],
        "rule-13": [
            {
                "node-pos": 85,
                "part": null,
                "template-line-number": 155,
                "replacement-node": 45
            }
        ],
        "rule-24": {
            "name": "Transactions",
            "subs": [
                {
                    "name": "Transactions",
                    "template-line-number": 228,
                    "expression-node": 52,
                    "node-pos": 98,
                    "part": "2",
                    "replacement-node": 51
                },
                {
                    "name": "Transactions",
                    "template-line-number": 233,
                    "expression-node": 55,
                    "node-pos": 102,
                    "part": "3",
                    "replacement-node": 54
                },
                {
                    "name": "Transactions",
                    "template-line-number": 238,
                    "expression-node": 58,
                    "node-pos": 106,
                    "part": "4",
                    "replacement-node": 57
                },
                {
                    "name": "Transactions",
                    "template-line-number": 243,
                    "expression-node": 61,
                    "node-pos": 110,
                    "part": "5",
                    "replacement-node": 60
                }
            ]
        },
        "rule-2": [
            {
                "node-pos": 13,
                "expression-node": 4,
                "part": null,
                "template-line-number": 25,
                "replacement-node": 3
            }
        ],
        "rule-1": [
            {
                "node-pos": 9,
                "part": null,
                "template-line-number": 21,
                "replacement-node": 0
            }
        ],
        "rule-6": [
            {
                "node-pos": 31,
                "part": null,
                "template-line-number": 60,
                "replacement-node": 15
            }
        ],
        "rule-3": [
            {
                "node-pos": 17,
                "part": null,
                "template-line-number": 31,
                "replacement-node": 6
            }
        ],
        "rule-14": [
            {
                "node-pos": 116,
                "part": null,
                "template-line-number": 254,
                "replacement-node": 63
            }
        ],
        "rule-23": {
            "name": "Transactions2",
            "subs": [
                {
                    "name": "Transactions2",
                    "template-line-number": 357,
                    "expression-node": 76,
                    "node-pos": 142,
                    "part": "2",
                    "replacement-node": 75
                },
                {
                    "name": "Transactions2",
                    "template-line-number": 362,
                    "expression-node": 79,
                    "node-pos": 146,
                    "part": "3",
                    "replacement-node": 78
                },
                {
                    "name": "Transactions2",
                    "template-line-number": 367,
                    "expression-node": 82,
                    "node-pos": 150,
                    "part": "4",
                    "replacement-node": 81
                },
                {
                    "name": "Transactions2",
                    "template-line-number": 372,
                    "expression-node": 85,
                    "node-pos": 154,
                    "part": "5",
                    "replacement-node": 84
                }
            ]
        },
        "rule-8": [
            {
                "node-pos": 39,
                "part": null,
                "template-line-number": 69,
                "replacement-node": 21
            }
        ],
        "rule-9": [
            {
                "node-pos": 43,
                "expression-node": 25,
                "part": null,
                "template-line-number": 73,
                "replacement-node": 24
            }
        ],
        "rule-17": [
            {
                "node-pos": 160,
                "part": null,
                "template-line-number": 383,
                "replacement-node": 87
            }
        ],
        "rule-7": [
            {
                "node-pos": 35,
                "expression-node": 19,
                "part": null,
                "template-line-number": 64,
                "replacement-node": 18
            }
        ],
        "rule-11": [
            {
                "node-pos": 53,
                "part": null,
                "template-line-number": 88,
                "replacement-node": 30
            }
        ],
        "rule-16": [
            {
                "node-pos": 129,
                "part": null,
                "template-line-number": 281,
                "replacement-node": 69
            }
        ],
        "rule-21": [
            {
                "node-pos": 181,
                "part": null,
                "template-line-number": 424,
                "replacement-node": 99
            }
        ],
        "rule-19": [
            {
                "node-pos": 173,
                "expression-node": 94,
                "part": null,
                "template-line-number": 410,
                "replacement-node": 93
            }
        ],
        "rule-22": {
            "name": "HeadingRow",
            "subs": [
                {
                    "name": "HeadingRow",
                    "template-line-number": 134,
                    "part": "1",
                    "node-pos": 75,
                    "extras": {},
                    "replacement-node": 39
                },
                {
                    "name": "HeadingRow",
                    "template-line-number": 143,
                    "part": "2",
                    "node-pos": 79,
                    "extras": {},
                    "replacement-node": 42
                },
                {
                    "name": "HeadingRow",
                    "template-line-number": 130,
                    "part": "3",
                    "node-pos": 73,
                    "extras": {},
                    "replacement-node": 37
                }
            ]
        },
        "rule-15": [
            {
                "node-pos": 123,
                "expression-node": 67,
                "part": null,
                "template-line-number": 268,
                "replacement-node": 66
            }
        ]
    }
}