{
    "substitutions": {
        "rule-3": [
            {
                "replacement-node": 4,
                "part": null,
                "expression-node": 5,
                "node-pos": 15,
                "template-line-number": 32
            }
        ],
        "rule-19": {
            "subs": [
                {
                    "node-pos": 132,
                    "replacement-node": 72,
                    "part": "10",
                    "expression-node": 73,
                    "template-line-number": 266,
                    "name": "DeferredIncomeTaxesLineItems"
                },
                {
                    "node-pos": 136,
                    "replacement-node": 75,
                    "part": "11",
                    "expression-node": 76,
                    "template-line-number": 272,
                    "name": "DeferredIncomeTaxesLineItems"
                },
                {
                    "node-pos": 140,
                    "replacement-node": 78,
                    "part": "12",
                    "expression-node": 79,
                    "template-line-number": 278,
                    "name": "DeferredIncomeTaxesLineItems"
                },
                {
                    "node-pos": 144,
                    "replacement-node": 81,
                    "part": "13",
                    "expression-node": 82,
                    "template-line-number": 284,
                    "name": "DeferredIncomeTaxesLineItems"
                },
                {
                    "extras": {},
                    "replacement-node": 51,
                    "part": "2",
                    "node-pos": 104,
                    "template-line-number": 223,
                    "name": "DeferredIncomeTaxesLineItems"
                },
                {
                    "extras": {},
                    "replacement-node": 48,
                    "part": "3",
                    "node-pos": 100,
                    "template-line-number": 216,
                    "name": "DeferredIncomeTaxesLineItems"
                },
                {
                    "node-pos": 108,
                    "replacement-node": 54,
                    "part": "4",
                    "expression-node": 55,
                    "template-line-number": 230,
                    "name": "DeferredIncomeTaxesLineItems"
                },
                {
                    "node-pos": 112,
                    "replacement-node": 57,
                    "part": "5",
                    "expression-node": 58,
                    "template-line-number": 236,
                    "name": "DeferredIncomeTaxesLineItems"
                },
                {
                    "node-pos": 116,
                    "replacement-node": 60,
                    "part": "6",
                    "expression-node": 61,
                    "template-line-number": 242,
                    "name": "DeferredIncomeTaxesLineItems"
                },
                {
                    "node-pos": 120,
                    "replacement-node": 63,
                    "part": "7",
                    "expression-node": 64,
                    "template-line-number": 248,
                    "name": "DeferredIncomeTaxesLineItems"
                },
                {
                    "node-pos": 124,
                    "replacement-node": 66,
                    "part": "8",
                    "expression-node": 67,
                    "template-line-number": 254,
                    "name": "DeferredIncomeTaxesLineItems"
                },
                {
                    "node-pos": 128,
                    "replacement-node": 69,
                    "part": "9",
                    "expression-node": 70,
                    "template-line-number": 260,
                    "name": "DeferredIncomeTaxesLineItems"
                }
            ],
            "name": "DeferredIncomeTaxesLineItems"
        },
        "rule-11": [
            {
                "replacement-node": 28,
                "part": null,
                "expression-node": 29,
                "node-pos": 51,
                "template-line-number": 87
            }
        ],
        "rule-7": [
            {
                "replacement-node": 16,
                "part": null,
                "node-pos": 33,
                "template-line-number": 67
            }
        ],
        "rule-4": [
            {
                "replacement-node": 7,
                "part": null,
                "node-pos": 19,
                "template-line-number": 38
            }
        ],
        "rule-12": [
            {
                "replacement-node": 31,
                "part": null,
                "node-pos": 57,
                "template-line-number": 97
            }
        ],
        "rule-21": {
            "subs": [
                {
                    "extras": {},
                    "replacement-node": 38,
                    "part": "1",
                    "node-pos": 73,
                    "template-line-number": 132,
                    "name": "DeferredIncomeTaxesHeadings"
                },
                {
                    "extras": {},
                    "replacement-node": 41,
                    "part": "2",
                    "node-pos": 77,
                    "template-line-number": 139,
                    "name": "DeferredIncomeTaxesHeadings"
                }
            ],
            "name": "DeferredIncomeTaxesHeadings"
        },
        "rule-18": [
            {
                "replacement-node": 129,
                "part": null,
                "node-pos": 224,
                "template-line-number": 467
            }
        ],
        "rule-15": [
            {
                "replacement-node": 84,
                "part": null,
                "node-pos": 150,
                "template-line-number": 295
            }
        ],
        "rule-13": [
            {
                "replacement-node": 34,
                "part": null,
                "node-pos": 62,
                "template-line-number": 108,
                "html": true
            }
        ],
        "rule-5": [
            {
                "replacement-node": 10,
                "part": null,
                "node-pos": 23,
                "template-line-number": 44,
                "html": true
            }
        ],
        "rule-9": [
            {
                "replacement-node": 22,
                "part": null,
                "node-pos": 42,
                "template-line-number": 77
            }
        ],
        "rule-2": [
            {
                "replacement-node": 1,
                "part": null,
                "node-pos": 10,
                "template-line-number": 27
            }
        ],
        "rule-17": [
            {
                "replacement-node": 126,
                "part": null,
                "node-pos": 220,
                "template-line-number": 458
            }
        ],
        "rule-14": [
            {
                "replacement-node": 44,
                "part": null,
                "node-pos": 83,
                "template-line-number": 150
            }
        ],
        "rule-16": [
            {
                "replacement-node": 123,
                "part": null,
                "expression-node": 124,
                "node-pos": 216,
                "template-line-number": 453
            }
        ],
        "rule-8": [
            {
                "replacement-node": 19,
                "part": null,
                "expression-node": 20,
                "node-pos": 38,
                "template-line-number": 72
            }
        ],
        "rule-6": [
            {
                "replacement-node": 13,
                "part": null,
                "node-pos": 28,
                "template-line-number": 56,
                "html": true
            }
        ],
        "rule-20": {
            "subs": [
                {
                    "extras": {},
                    "replacement-node": 91,
                    "part": "1",
                    "node-pos": 171,
                    "template-line-number": 368,
                    "name": "TaxClassificationLineItems"
                },
                {
                    "node-pos": 174,
                    "replacement-node": 93,
                    "part": "2",
                    "expression-node": 94,
                    "template-line-number": 375,
                    "name": "TaxClassificationLineItems"
                },
                {
                    "node-pos": 178,
                    "replacement-node": 96,
                    "part": "3",
                    "expression-node": 97,
                    "template-line-number": 383,
                    "name": "TaxClassificationLineItems"
                },
                {
                    "node-pos": 182,
                    "replacement-node": 99,
                    "part": "4",
                    "expression-node": 100,
                    "template-line-number": 391,
                    "name": "TaxClassificationLineItems"
                },
                {
                    "node-pos": 186,
                    "replacement-node": 102,
                    "part": "5",
                    "expression-node": 103,
                    "template-line-number": 399,
                    "name": "TaxClassificationLineItems"
                },
                {
                    "node-pos": 190,
                    "replacement-node": 105,
                    "part": "6",
                    "expression-node": 106,
                    "template-line-number": 407,
                    "name": "TaxClassificationLineItems"
                },
                {
                    "node-pos": 198,
                    "replacement-node": 111,
                    "part": "6",
                    "expression-node": 112,
                    "template-line-number": 422,
                    "name": "TaxClassificationLineItems"
                },
                {
                    "node-pos": 206,
                    "replacement-node": 117,
                    "part": "6",
                    "expression-node": 118,
                    "template-line-number": 436,
                    "name": "TaxClassificationLineItems"
                },
                {
                    "node-pos": 210,
                    "replacement-node": 120,
                    "part": "6",
                    "expression-node": 121,
                    "template-line-number": 443,
                    "name": "TaxClassificationLineItems"
                },
                {
                    "node-pos": 194,
                    "replacement-node": 108,
                    "part": "7",
                    "expression-node": 109,
                    "template-line-number": 415,
                    "name": "TaxClassificationLineItems"
                },
                {
                    "node-pos": 202,
                    "replacement-node": 114,
                    "part": "7",
                    "expression-node": 115,
                    "template-line-number": 429,
                    "name": "TaxClassificationLineItems"
                }
            ],
            "name": "TaxClassificationLineItems"
        },
        "rule-10": [
            {
                "replacement-node": 25,
                "part": null,
                "expression-node": 26,
                "node-pos": 47,
                "template-line-number": 82
            }
        ]
    },
    "line-numbers": {
        "TaxClassificationLineItems": [
            {
                "template-line-number": 360,
                "start-number": 9,
                "line-number-node": 88
            }
        ]
    },
    "showifs": {
        "rule-1": {
            "template-line-number": 17,
            "type": "showif"
        }
    }
}