{
    "substitutions": {
        "rule-4": [
            {
                "html": true,
                "part": null,
                "template-line-number": 37,
                "node-pos": 21,
                "replacement-node": 9
            }
        ],
        "rule-36": [
            {
                "part": null,
                "template-line-number": 840,
                "node-pos": 357,
                "expression-node": 232,
                "replacement-node": 231
            }
        ],
        "rule-45": [
            {
                "part": null,
                "template-line-number": 1074,
                "node-pos": 455,
                "expression-node": 298,
                "replacement-node": 297
            }
        ],
        "rule-24": [
            {
                "part": null,
                "template-line-number": 578,
                "node-pos": 247,
                "expression-node": 157,
                "replacement-node": 156
            }
        ],
        "rule-44": [
            {
                "part": null,
                "template-line-number": 1060,
                "node-pos": 449,
                "expression-node": 295,
                "replacement-node": 294
            }
        ],
        "rule-41": [
            {
                "part": null,
                "template-line-number": 1031,
                "node-pos": 435,
                "expression-node": 286,
                "replacement-node": 285
            }
        ],
        "rule-38": [
            {
                "part": null,
                "template-line-number": 998,
                "node-pos": 419,
                "replacement-node": 276
            }
        ],
        "rule-49": {
            "subs": [
                {
                    "name": "OtherInvestmentsLineItems",
                    "replacement-node": 135,
                    "part": "10",
                    "template-line-number": 513,
                    "node-pos": 214,
                    "expression-node": 136
                },
                {
                    "name": "OtherInvestmentsLineItems",
                    "replacement-node": 138,
                    "part": "11",
                    "template-line-number": 518,
                    "node-pos": 218,
                    "expression-node": 139
                },
                {
                    "name": "OtherInvestmentsLineItems",
                    "replacement-node": 141,
                    "part": "12",
                    "template-line-number": 523,
                    "node-pos": 222,
                    "expression-node": 142
                },
                {
                    "name": "OtherInvestmentsLineItems",
                    "replacement-node": 144,
                    "part": "13",
                    "template-line-number": 528,
                    "node-pos": 226,
                    "expression-node": 145
                },
                {
                    "name": "OtherInvestmentsLineItems",
                    "replacement-node": 111,
                    "part": "2",
                    "template-line-number": 473,
                    "node-pos": 182,
                    "expression-node": 112
                },
                {
                    "name": "OtherInvestmentsLineItems",
                    "replacement-node": 114,
                    "part": "3",
                    "template-line-number": 478,
                    "node-pos": 186,
                    "expression-node": 115
                },
                {
                    "name": "OtherInvestmentsLineItems",
                    "replacement-node": 117,
                    "part": "4",
                    "template-line-number": 483,
                    "node-pos": 190,
                    "expression-node": 118
                },
                {
                    "name": "OtherInvestmentsLineItems",
                    "replacement-node": 120,
                    "part": "5",
                    "template-line-number": 488,
                    "node-pos": 194,
                    "expression-node": 121
                },
                {
                    "name": "OtherInvestmentsLineItems",
                    "replacement-node": 123,
                    "part": "6",
                    "template-line-number": 493,
                    "node-pos": 198,
                    "expression-node": 124
                },
                {
                    "name": "OtherInvestmentsLineItems",
                    "replacement-node": 126,
                    "part": "7",
                    "template-line-number": 498,
                    "node-pos": 202,
                    "expression-node": 127
                },
                {
                    "name": "OtherInvestmentsLineItems",
                    "replacement-node": 129,
                    "part": "8",
                    "template-line-number": 503,
                    "node-pos": 206,
                    "expression-node": 130
                },
                {
                    "name": "OtherInvestmentsLineItems",
                    "replacement-node": 132,
                    "part": "9",
                    "template-line-number": 508,
                    "node-pos": 210,
                    "expression-node": 133
                }
            ],
            "name": "OtherInvestmentsLineItems"
        },
        "rule-52": {
            "subs": [
                {
                    "name": "AllInvestmentLineItems",
                    "replacement-node": 261,
                    "part": "10",
                    "template-line-number": 961,
                    "node-pos": 398,
                    "expression-node": 262
                },
                {
                    "name": "AllInvestmentLineItems",
                    "replacement-node": 264,
                    "part": "11",
                    "template-line-number": 966,
                    "node-pos": 402,
                    "expression-node": 265
                },
                {
                    "name": "AllInvestmentLineItems",
                    "replacement-node": 267,
                    "part": "12",
                    "template-line-number": 971,
                    "node-pos": 406,
                    "expression-node": 268
                },
                {
                    "name": "AllInvestmentLineItems",
                    "replacement-node": 270,
                    "part": "13",
                    "template-line-number": 976,
                    "node-pos": 410,
                    "expression-node": 271
                },
                {
                    "name": "AllInvestmentLineItems",
                    "replacement-node": 237,
                    "part": "2",
                    "template-line-number": 921,
                    "node-pos": 366,
                    "expression-node": 238
                },
                {
                    "name": "AllInvestmentLineItems",
                    "replacement-node": 240,
                    "part": "3",
                    "template-line-number": 926,
                    "node-pos": 370,
                    "expression-node": 241
                },
                {
                    "name": "AllInvestmentLineItems",
                    "replacement-node": 243,
                    "part": "4",
                    "template-line-number": 931,
                    "node-pos": 374,
                    "expression-node": 244
                },
                {
                    "name": "AllInvestmentLineItems",
                    "replacement-node": 246,
                    "part": "5",
                    "template-line-number": 936,
                    "node-pos": 378,
                    "expression-node": 247
                },
                {
                    "name": "AllInvestmentLineItems",
                    "replacement-node": 249,
                    "part": "6",
                    "template-line-number": 941,
                    "node-pos": 382,
                    "expression-node": 250
                },
                {
                    "name": "AllInvestmentLineItems",
                    "replacement-node": 252,
                    "part": "7",
                    "template-line-number": 946,
                    "node-pos": 386,
                    "expression-node": 253
                },
                {
                    "name": "AllInvestmentLineItems",
                    "replacement-node": 255,
                    "part": "8",
                    "template-line-number": 951,
                    "node-pos": 390,
                    "expression-node": 256
                },
                {
                    "name": "AllInvestmentLineItems",
                    "replacement-node": 258,
                    "part": "9",
                    "template-line-number": 956,
                    "node-pos": 394,
                    "expression-node": 259
                }
            ],
            "name": "AllInvestmentLineItems"
        },
        "rule-21": [
            {
                "part": null,
                "template-line-number": 537,
                "node-pos": 231,
                "replacement-node": 147
            }
        ],
        "rule-19": [
            {
                "part": null,
                "template-line-number": 370,
                "node-pos": 169,
                "expression-node": 103,
                "replacement-node": 102
            }
        ],
        "rule-37": [
            {
                "part": null,
                "template-line-number": 984,
                "node-pos": 415,
                "replacement-node": 273
            }
        ],
        "rule-10": [
            {
                "part": null,
                "template-line-number": 78,
                "node-pos": 47,
                "expression-node": 28,
                "replacement-node": 27
            }
        ],
        "rule-29": [
            {
                "part": null,
                "template-line-number": 761,
                "node-pos": 323,
                "replacement-node": 210
            }
        ],
        "rule-43": [
            {
                "part": null,
                "template-line-number": 1051,
                "node-pos": 445,
                "expression-node": 292,
                "replacement-node": 291
            }
        ],
        "rule-18": [
            {
                "part": null,
                "template-line-number": 361,
                "node-pos": 165,
                "expression-node": 100,
                "replacement-node": 99
            }
        ],
        "rule-5": [
            {
                "html": true,
                "part": null,
                "template-line-number": 49,
                "node-pos": 26,
                "replacement-node": 12
            }
        ],
        "rule-20": [
            {
                "part": null,
                "template-line-number": 379,
                "node-pos": 173,
                "expression-node": 106,
                "replacement-node": 105
            }
        ],
        "rule-6": [
            {
                "part": null,
                "template-line-number": 60,
                "node-pos": 31,
                "replacement-node": 15
            }
        ],
        "rule-16": [
            {
                "part": null,
                "template-line-number": 341,
                "node-pos": 155,
                "expression-node": 94,
                "replacement-node": 93
            }
        ],
        "rule-30": [
            {
                "part": null,
                "template-line-number": 778,
                "node-pos": 327,
                "replacement-node": 213
            }
        ],
        "rule-15": [
            {
                "part": null,
                "template-line-number": 332,
                "node-pos": 151,
                "expression-node": 91,
                "replacement-node": 90
            }
        ],
        "rule-1": [
            {
                "part": null,
                "template-line-number": 21,
                "node-pos": 9,
                "replacement-node": 0
            }
        ],
        "rule-34": [
            {
                "part": null,
                "template-line-number": 822,
                "node-pos": 349,
                "expression-node": 226,
                "replacement-node": 225
            }
        ],
        "rule-32": [
            {
                "part": null,
                "template-line-number": 802,
                "node-pos": 339,
                "expression-node": 220,
                "replacement-node": 219
            }
        ],
        "rule-46": [
            {
                "part": null,
                "template-line-number": 1079,
                "node-pos": 459,
                "replacement-node": 300
            }
        ],
        "rule-12": [
            {
                "html": true,
                "part": null,
                "template-line-number": 99,
                "node-pos": 58,
                "replacement-node": 33
            }
        ],
        "rule-40": [
            {
                "part": null,
                "template-line-number": 1022,
                "node-pos": 431,
                "expression-node": 283,
                "replacement-node": 282
            }
        ],
        "rule-28": [
            {
                "part": null,
                "template-line-number": 616,
                "node-pos": 265,
                "expression-node": 169,
                "replacement-node": 168
            }
        ],
        "rule-9": [
            {
                "part": null,
                "template-line-number": 73,
                "node-pos": 43,
                "expression-node": 25,
                "replacement-node": 24
            }
        ],
        "rule-26": [
            {
                "part": null,
                "template-line-number": 598,
                "node-pos": 257,
                "expression-node": 163,
                "replacement-node": 162
            }
        ],
        "rule-48": {
            "subs": [
                {
                    "name": "TemporaryCashLineItems",
                    "replacement-node": 198,
                    "part": "10",
                    "template-line-number": 737,
                    "node-pos": 306,
                    "expression-node": 199
                },
                {
                    "name": "TemporaryCashLineItems",
                    "replacement-node": 201,
                    "part": "11",
                    "template-line-number": 742,
                    "node-pos": 310,
                    "expression-node": 202
                },
                {
                    "name": "TemporaryCashLineItems",
                    "replacement-node": 204,
                    "part": "12",
                    "template-line-number": 747,
                    "node-pos": 314,
                    "expression-node": 205
                },
                {
                    "name": "TemporaryCashLineItems",
                    "replacement-node": 207,
                    "part": "13",
                    "template-line-number": 752,
                    "node-pos": 318,
                    "expression-node": 208
                },
                {
                    "name": "TemporaryCashLineItems",
                    "replacement-node": 174,
                    "part": "2",
                    "template-line-number": 697,
                    "node-pos": 274,
                    "expression-node": 175
                },
                {
                    "name": "TemporaryCashLineItems",
                    "replacement-node": 177,
                    "part": "3",
                    "template-line-number": 702,
                    "node-pos": 278,
                    "expression-node": 178
                },
                {
                    "name": "TemporaryCashLineItems",
                    "replacement-node": 180,
                    "part": "4",
                    "template-line-number": 707,
                    "node-pos": 282,
                    "expression-node": 181
                },
                {
                    "name": "TemporaryCashLineItems",
                    "replacement-node": 183,
                    "part": "5",
                    "template-line-number": 712,
                    "node-pos": 286,
                    "expression-node": 184
                },
                {
                    "name": "TemporaryCashLineItems",
                    "replacement-node": 186,
                    "part": "6",
                    "template-line-number": 717,
                    "node-pos": 290,
                    "expression-node": 187
                },
                {
                    "name": "TemporaryCashLineItems",
                    "replacement-node": 189,
                    "part": "7",
                    "template-line-number": 722,
                    "node-pos": 294,
                    "expression-node": 190
                },
                {
                    "name": "TemporaryCashLineItems",
                    "replacement-node": 192,
                    "part": "8",
                    "template-line-number": 727,
                    "node-pos": 298,
                    "expression-node": 193
                },
                {
                    "name": "TemporaryCashLineItems",
                    "replacement-node": 195,
                    "part": "9",
                    "template-line-number": 732,
                    "node-pos": 302,
                    "expression-node": 196
                }
            ],
            "name": "TemporaryCashLineItems"
        },
        "rule-3": [
            {
                "part": null,
                "template-line-number": 31,
                "node-pos": 17,
                "replacement-node": 6
            }
        ],
        "rule-11": [
            {
                "part": null,
                "template-line-number": 89,
                "node-pos": 53,
                "replacement-node": 30
            }
        ],
        "rule-51": {
            "subs": [
                {
                    "extras": {},
                    "name": "InvHeadings",
                    "replacement-node": 39,
                    "part": "1",
                    "template-line-number": 138,
                    "node-pos": 77
                },
                {
                    "extras": {},
                    "name": "InvHeadings",
                    "replacement-node": 42,
                    "part": "2",
                    "template-line-number": 147,
                    "node-pos": 81
                },
                {
                    "extras": {},
                    "name": "InvHeadings",
                    "replacement-node": 37,
                    "part": "3",
                    "template-line-number": 134,
                    "node-pos": 75
                }
            ],
            "name": "InvHeadings"
        },
        "rule-22": [
            {
                "part": null,
                "template-line-number": 554,
                "node-pos": 235,
                "replacement-node": 150
            }
        ],
        "rule-13": [
            {
                "part": null,
                "template-line-number": 301,
                "node-pos": 139,
                "replacement-node": 84
            }
        ],
        "rule-25": [
            {
                "part": null,
                "template-line-number": 587,
                "node-pos": 251,
                "expression-node": 160,
                "replacement-node": 159
            }
        ],
        "rule-17": [
            {
                "part": null,
                "template-line-number": 350,
                "node-pos": 159,
                "expression-node": 97,
                "replacement-node": 96
            }
        ],
        "rule-35": [
            {
                "part": null,
                "template-line-number": 831,
                "node-pos": 353,
                "expression-node": 229,
                "replacement-node": 228
            }
        ],
        "rule-7": [
            {
                "part": null,
                "template-line-number": 64,
                "node-pos": 35,
                "expression-node": 19,
                "replacement-node": 18
            }
        ],
        "rule-33": [
            {
                "part": null,
                "template-line-number": 811,
                "node-pos": 343,
                "expression-node": 223,
                "replacement-node": 222
            }
        ],
        "rule-31": [
            {
                "part": null,
                "template-line-number": 793,
                "node-pos": 335,
                "expression-node": 217,
                "replacement-node": 216
            }
        ],
        "rule-2": [
            {
                "part": null,
                "template-line-number": 25,
                "node-pos": 13,
                "expression-node": 4,
                "replacement-node": 3
            }
        ],
        "rule-27": [
            {
                "part": null,
                "template-line-number": 607,
                "node-pos": 261,
                "expression-node": 166,
                "replacement-node": 165
            }
        ],
        "rule-23": [
            {
                "part": null,
                "template-line-number": 569,
                "node-pos": 243,
                "expression-node": 154,
                "replacement-node": 153
            }
        ],
        "rule-8": [
            {
                "part": null,
                "template-line-number": 69,
                "node-pos": 39,
                "replacement-node": 21
            }
        ],
        "rule-42": [
            {
                "part": null,
                "template-line-number": 1042,
                "node-pos": 441,
                "expression-node": 289,
                "replacement-node": 288
            }
        ],
        "rule-14": [
            {
                "part": null,
                "template-line-number": 317,
                "node-pos": 143,
                "replacement-node": 87
            }
        ],
        "rule-39": [
            {
                "part": null,
                "template-line-number": 1013,
                "node-pos": 427,
                "expression-node": 280,
                "replacement-node": 279
            }
        ],
        "rule-50": {
            "subs": [
                {
                    "name": "InvestmentLineItems",
                    "replacement-node": 72,
                    "part": "10",
                    "template-line-number": 278,
                    "node-pos": 122,
                    "expression-node": 73
                },
                {
                    "name": "InvestmentLineItems",
                    "replacement-node": 75,
                    "part": "11",
                    "template-line-number": 283,
                    "node-pos": 126,
                    "expression-node": 76
                },
                {
                    "name": "InvestmentLineItems",
                    "replacement-node": 78,
                    "part": "12",
                    "template-line-number": 288,
                    "node-pos": 130,
                    "expression-node": 79
                },
                {
                    "name": "InvestmentLineItems",
                    "replacement-node": 81,
                    "part": "13",
                    "template-line-number": 293,
                    "node-pos": 134,
                    "expression-node": 82
                },
                {
                    "name": "InvestmentLineItems",
                    "replacement-node": 48,
                    "part": "2",
                    "template-line-number": 238,
                    "node-pos": 90,
                    "expression-node": 49
                },
                {
                    "name": "InvestmentLineItems",
                    "replacement-node": 51,
                    "part": "3",
                    "template-line-number": 243,
                    "node-pos": 94,
                    "expression-node": 52
                },
                {
                    "name": "InvestmentLineItems",
                    "replacement-node": 54,
                    "part": "4",
                    "template-line-number": 248,
                    "node-pos": 98,
                    "expression-node": 55
                },
                {
                    "name": "InvestmentLineItems",
                    "replacement-node": 57,
                    "part": "5",
                    "template-line-number": 253,
                    "node-pos": 102,
                    "expression-node": 58
                },
                {
                    "name": "InvestmentLineItems",
                    "replacement-node": 60,
                    "part": "6",
                    "template-line-number": 258,
                    "node-pos": 106,
                    "expression-node": 61
                },
                {
                    "name": "InvestmentLineItems",
                    "replacement-node": 63,
                    "part": "7",
                    "template-line-number": 263,
                    "node-pos": 110,
                    "expression-node": 64
                },
                {
                    "name": "InvestmentLineItems",
                    "replacement-node": 66,
                    "part": "8",
                    "template-line-number": 268,
                    "node-pos": 114,
                    "expression-node": 67
                },
                {
                    "name": "InvestmentLineItems",
                    "replacement-node": 69,
                    "part": "9",
                    "template-line-number": 273,
                    "node-pos": 118,
                    "expression-node": 70
                }
            ],
            "name": "InvestmentLineItems"
        },
        "rule-47": [
            {
                "part": null,
                "template-line-number": 1088,
                "node-pos": 463,
                "replacement-node": 303
            }
        ]
    },
    "line-numbers": {
        "TemporaryCashLineItems": [
            {
                "line-number-node": 172,
                "start-number": 1,
                "template-line-number": 694
            }
        ],
        "OtherInvestmentsLineItems": [
            {
                "line-number-node": 109,
                "start-number": 1,
                "template-line-number": 469
            }
        ],
        "InvestmentLineItems": [
            {
                "line-number-node": 46,
                "start-number": 1,
                "template-line-number": 235
            }
        ],
        "AllInvestmentLineItems": [
            {
                "line-number-node": 235,
                "start-number": 1,
                "template-line-number": 918
            }
        ]
    },
    "showifs": {}
}