{
    "line-numbers": {
        "InvestmentLineItems": [
            {
                "start-number": 1,
                "line-number-node": 46,
                "template-line-number": 235
            }
        ],
        "TemporaryCashLineItems": [
            {
                "start-number": 1,
                "line-number-node": 172,
                "template-line-number": 694
            }
        ],
        "OtherInvestmentsLineItems": [
            {
                "start-number": 1,
                "line-number-node": 109,
                "template-line-number": 469
            }
        ],
        "AllInvestmentLineItems": [
            {
                "start-number": 1,
                "line-number-node": 235,
                "template-line-number": 918
            }
        ]
    },
    "showifs": {},
    "substitutions": {
        "rule-11": [
            {
                "node-pos": 53,
                "part": null,
                "replacement-node": 30,
                "template-line-number": 89
            }
        ],
        "rule-25": [
            {
                "expression-node": 160,
                "node-pos": 251,
                "part": null,
                "replacement-node": 159,
                "template-line-number": 587
            }
        ],
        "rule-20": [
            {
                "expression-node": 106,
                "node-pos": 173,
                "part": null,
                "replacement-node": 105,
                "template-line-number": 379
            }
        ],
        "rule-41": [
            {
                "expression-node": 286,
                "node-pos": 435,
                "part": null,
                "replacement-node": 285,
                "template-line-number": 1031
            }
        ],
        "rule-17": [
            {
                "expression-node": 97,
                "node-pos": 159,
                "part": null,
                "replacement-node": 96,
                "template-line-number": 350
            }
        ],
        "rule-14": [
            {
                "node-pos": 143,
                "part": null,
                "replacement-node": 87,
                "template-line-number": 317
            }
        ],
        "rule-37": [
            {
                "node-pos": 415,
                "part": null,
                "replacement-node": 273,
                "template-line-number": 984
            }
        ],
        "rule-21": [
            {
                "node-pos": 231,
                "part": null,
                "replacement-node": 147,
                "template-line-number": 537
            }
        ],
        "rule-8": [
            {
                "node-pos": 39,
                "part": null,
                "replacement-node": 21,
                "template-line-number": 69
            }
        ],
        "rule-49": {
            "name": "InvestmentLineItems",
            "subs": [
                {
                    "node-pos": 122,
                    "part": "10",
                    "replacement-node": 72,
                    "name": "InvestmentLineItems",
                    "expression-node": 73,
                    "template-line-number": 278
                },
                {
                    "node-pos": 126,
                    "part": "11",
                    "replacement-node": 75,
                    "name": "InvestmentLineItems",
                    "expression-node": 76,
                    "template-line-number": 283
                },
                {
                    "node-pos": 130,
                    "part": "12",
                    "replacement-node": 78,
                    "name": "InvestmentLineItems",
                    "expression-node": 79,
                    "template-line-number": 288
                },
                {
                    "node-pos": 134,
                    "part": "13",
                    "replacement-node": 81,
                    "name": "InvestmentLineItems",
                    "expression-node": 82,
                    "template-line-number": 293
                },
                {
                    "node-pos": 90,
                    "part": "2",
                    "replacement-node": 48,
                    "name": "InvestmentLineItems",
                    "expression-node": 49,
                    "template-line-number": 238
                },
                {
                    "node-pos": 94,
                    "part": "3",
                    "replacement-node": 51,
                    "name": "InvestmentLineItems",
                    "expression-node": 52,
                    "template-line-number": 243
                },
                {
                    "node-pos": 98,
                    "part": "4",
                    "replacement-node": 54,
                    "name": "InvestmentLineItems",
                    "expression-node": 55,
                    "template-line-number": 248
                },
                {
                    "node-pos": 102,
                    "part": "5",
                    "replacement-node": 57,
                    "name": "InvestmentLineItems",
                    "expression-node": 58,
                    "template-line-number": 253
                },
                {
                    "node-pos": 106,
                    "part": "6",
                    "replacement-node": 60,
                    "name": "InvestmentLineItems",
                    "expression-node": 61,
                    "template-line-number": 258
                },
                {
                    "node-pos": 110,
                    "part": "7",
                    "replacement-node": 63,
                    "name": "InvestmentLineItems",
                    "expression-node": 64,
                    "template-line-number": 263
                },
                {
                    "node-pos": 114,
                    "part": "8",
                    "replacement-node": 66,
                    "name": "InvestmentLineItems",
                    "expression-node": 67,
                    "template-line-number": 268
                },
                {
                    "node-pos": 118,
                    "part": "9",
                    "replacement-node": 69,
                    "name": "InvestmentLineItems",
                    "expression-node": 70,
                    "template-line-number": 273
                }
            ]
        },
        "rule-15": [
            {
                "expression-node": 91,
                "node-pos": 151,
                "part": null,
                "replacement-node": 90,
                "template-line-number": 332
            }
        ],
        "rule-50": {
            "name": "AllInvestmentLineItems",
            "subs": [
                {
                    "node-pos": 398,
                    "part": "10",
                    "replacement-node": 261,
                    "name": "AllInvestmentLineItems",
                    "expression-node": 262,
                    "template-line-number": 961
                },
                {
                    "node-pos": 402,
                    "part": "11",
                    "replacement-node": 264,
                    "name": "AllInvestmentLineItems",
                    "expression-node": 265,
                    "template-line-number": 966
                },
                {
                    "node-pos": 406,
                    "part": "12",
                    "replacement-node": 267,
                    "name": "AllInvestmentLineItems",
                    "expression-node": 268,
                    "template-line-number": 971
                },
                {
                    "node-pos": 410,
                    "part": "13",
                    "replacement-node": 270,
                    "name": "AllInvestmentLineItems",
                    "expression-node": 271,
                    "template-line-number": 976
                },
                {
                    "node-pos": 366,
                    "part": "2",
                    "replacement-node": 237,
                    "name": "AllInvestmentLineItems",
                    "expression-node": 238,
                    "template-line-number": 921
                },
                {
                    "node-pos": 370,
                    "part": "3",
                    "replacement-node": 240,
                    "name": "AllInvestmentLineItems",
                    "expression-node": 241,
                    "template-line-number": 926
                },
                {
                    "node-pos": 374,
                    "part": "4",
                    "replacement-node": 243,
                    "name": "AllInvestmentLineItems",
                    "expression-node": 244,
                    "template-line-number": 931
                },
                {
                    "node-pos": 378,
                    "part": "5",
                    "replacement-node": 246,
                    "name": "AllInvestmentLineItems",
                    "expression-node": 247,
                    "template-line-number": 936
                },
                {
                    "node-pos": 382,
                    "part": "6",
                    "replacement-node": 249,
                    "name": "AllInvestmentLineItems",
                    "expression-node": 250,
                    "template-line-number": 941
                },
                {
                    "node-pos": 386,
                    "part": "7",
                    "replacement-node": 252,
                    "name": "AllInvestmentLineItems",
                    "expression-node": 253,
                    "template-line-number": 946
                },
                {
                    "node-pos": 390,
                    "part": "8",
                    "replacement-node": 255,
                    "name": "AllInvestmentLineItems",
                    "expression-node": 256,
                    "template-line-number": 951
                },
                {
                    "node-pos": 394,
                    "part": "9",
                    "replacement-node": 258,
                    "name": "AllInvestmentLineItems",
                    "expression-node": 259,
                    "template-line-number": 956
                }
            ]
        },
        "rule-32": [
            {
                "expression-node": 220,
                "node-pos": 339,
                "part": null,
                "replacement-node": 219,
                "template-line-number": 802
            }
        ],
        "rule-36": [
            {
                "expression-node": 232,
                "node-pos": 357,
                "part": null,
                "replacement-node": 231,
                "template-line-number": 840
            }
        ],
        "rule-7": [
            {
                "expression-node": 19,
                "node-pos": 35,
                "part": null,
                "replacement-node": 18,
                "template-line-number": 64
            }
        ],
        "rule-3": [
            {
                "node-pos": 17,
                "part": null,
                "replacement-node": 6,
                "template-line-number": 31
            }
        ],
        "rule-13": [
            {
                "node-pos": 139,
                "part": null,
                "replacement-node": 84,
                "template-line-number": 301
            }
        ],
        "rule-48": {
            "name": "InvHeadings",
            "subs": [
                {
                    "node-pos": 77,
                    "part": "1",
                    "replacement-node": 39,
                    "extras": {},
                    "name": "InvHeadings",
                    "template-line-number": 138
                },
                {
                    "node-pos": 81,
                    "part": "2",
                    "replacement-node": 42,
                    "extras": {},
                    "name": "InvHeadings",
                    "template-line-number": 147
                },
                {
                    "node-pos": 75,
                    "part": "3",
                    "replacement-node": 37,
                    "extras": {},
                    "name": "InvHeadings",
                    "template-line-number": 134
                }
            ]
        },
        "rule-10": [
            {
                "expression-node": 28,
                "node-pos": 47,
                "part": null,
                "replacement-node": 27,
                "template-line-number": 78
            }
        ],
        "rule-43": [
            {
                "expression-node": 292,
                "node-pos": 445,
                "part": null,
                "replacement-node": 291,
                "template-line-number": 1051
            }
        ],
        "rule-28": [
            {
                "expression-node": 169,
                "node-pos": 265,
                "part": null,
                "replacement-node": 168,
                "template-line-number": 616
            }
        ],
        "rule-40": [
            {
                "expression-node": 283,
                "node-pos": 431,
                "part": null,
                "replacement-node": 282,
                "template-line-number": 1022
            }
        ],
        "rule-6": [
            {
                "node-pos": 31,
                "part": null,
                "replacement-node": 15,
                "template-line-number": 60
            }
        ],
        "rule-51": {
            "name": "TemporaryCashLineItems",
            "subs": [
                {
                    "node-pos": 306,
                    "part": "10",
                    "replacement-node": 198,
                    "name": "TemporaryCashLineItems",
                    "expression-node": 199,
                    "template-line-number": 737
                },
                {
                    "node-pos": 310,
                    "part": "11",
                    "replacement-node": 201,
                    "name": "TemporaryCashLineItems",
                    "expression-node": 202,
                    "template-line-number": 742
                },
                {
                    "node-pos": 314,
                    "part": "12",
                    "replacement-node": 204,
                    "name": "TemporaryCashLineItems",
                    "expression-node": 205,
                    "template-line-number": 747
                },
                {
                    "node-pos": 318,
                    "part": "13",
                    "replacement-node": 207,
                    "name": "TemporaryCashLineItems",
                    "expression-node": 208,
                    "template-line-number": 752
                },
                {
                    "node-pos": 274,
                    "part": "2",
                    "replacement-node": 174,
                    "name": "TemporaryCashLineItems",
                    "expression-node": 175,
                    "template-line-number": 697
                },
                {
                    "node-pos": 278,
                    "part": "3",
                    "replacement-node": 177,
                    "name": "TemporaryCashLineItems",
                    "expression-node": 178,
                    "template-line-number": 702
                },
                {
                    "node-pos": 282,
                    "part": "4",
                    "replacement-node": 180,
                    "name": "TemporaryCashLineItems",
                    "expression-node": 181,
                    "template-line-number": 707
                },
                {
                    "node-pos": 286,
                    "part": "5",
                    "replacement-node": 183,
                    "name": "TemporaryCashLineItems",
                    "expression-node": 184,
                    "template-line-number": 712
                },
                {
                    "node-pos": 290,
                    "part": "6",
                    "replacement-node": 186,
                    "name": "TemporaryCashLineItems",
                    "expression-node": 187,
                    "template-line-number": 717
                },
                {
                    "node-pos": 294,
                    "part": "7",
                    "replacement-node": 189,
                    "name": "TemporaryCashLineItems",
                    "expression-node": 190,
                    "template-line-number": 722
                },
                {
                    "node-pos": 298,
                    "part": "8",
                    "replacement-node": 192,
                    "name": "TemporaryCashLineItems",
                    "expression-node": 193,
                    "template-line-number": 727
                },
                {
                    "node-pos": 302,
                    "part": "9",
                    "replacement-node": 195,
                    "name": "TemporaryCashLineItems",
                    "expression-node": 196,
                    "template-line-number": 732
                }
            ]
        },
        "rule-23": [
            {
                "expression-node": 154,
                "node-pos": 243,
                "part": null,
                "replacement-node": 153,
                "template-line-number": 569
            }
        ],
        "rule-33": [
            {
                "expression-node": 223,
                "node-pos": 343,
                "part": null,
                "replacement-node": 222,
                "template-line-number": 811
            }
        ],
        "rule-29": [
            {
                "node-pos": 323,
                "part": null,
                "replacement-node": 210,
                "template-line-number": 761
            }
        ],
        "rule-27": [
            {
                "expression-node": 166,
                "node-pos": 261,
                "part": null,
                "replacement-node": 165,
                "template-line-number": 607
            }
        ],
        "rule-9": [
            {
                "expression-node": 25,
                "node-pos": 43,
                "part": null,
                "replacement-node": 24,
                "template-line-number": 73
            }
        ],
        "rule-42": [
            {
                "expression-node": 289,
                "node-pos": 441,
                "part": null,
                "replacement-node": 288,
                "template-line-number": 1042
            }
        ],
        "rule-26": [
            {
                "expression-node": 163,
                "node-pos": 257,
                "part": null,
                "replacement-node": 162,
                "template-line-number": 598
            }
        ],
        "rule-31": [
            {
                "expression-node": 217,
                "node-pos": 335,
                "part": null,
                "replacement-node": 216,
                "template-line-number": 793
            }
        ],
        "rule-4": [
            {
                "node-pos": 21,
                "part": null,
                "html": true,
                "replacement-node": 9,
                "template-line-number": 37
            }
        ],
        "rule-34": [
            {
                "expression-node": 226,
                "node-pos": 349,
                "part": null,
                "replacement-node": 225,
                "template-line-number": 822
            }
        ],
        "rule-16": [
            {
                "expression-node": 94,
                "node-pos": 155,
                "part": null,
                "replacement-node": 93,
                "template-line-number": 341
            }
        ],
        "rule-2": [
            {
                "expression-node": 4,
                "node-pos": 13,
                "part": null,
                "replacement-node": 3,
                "template-line-number": 25
            }
        ],
        "rule-12": [
            {
                "node-pos": 58,
                "part": null,
                "html": true,
                "replacement-node": 33,
                "template-line-number": 99
            }
        ],
        "rule-52": {
            "name": "OtherInvestmentsLineItems",
            "subs": [
                {
                    "node-pos": 214,
                    "part": "10",
                    "replacement-node": 135,
                    "name": "OtherInvestmentsLineItems",
                    "expression-node": 136,
                    "template-line-number": 513
                },
                {
                    "node-pos": 218,
                    "part": "11",
                    "replacement-node": 138,
                    "name": "OtherInvestmentsLineItems",
                    "expression-node": 139,
                    "template-line-number": 518
                },
                {
                    "node-pos": 222,
                    "part": "12",
                    "replacement-node": 141,
                    "name": "OtherInvestmentsLineItems",
                    "expression-node": 142,
                    "template-line-number": 523
                },
                {
                    "node-pos": 226,
                    "part": "13",
                    "replacement-node": 144,
                    "name": "OtherInvestmentsLineItems",
                    "expression-node": 145,
                    "template-line-number": 528
                },
                {
                    "node-pos": 182,
                    "part": "2",
                    "replacement-node": 111,
                    "name": "OtherInvestmentsLineItems",
                    "expression-node": 112,
                    "template-line-number": 473
                },
                {
                    "node-pos": 186,
                    "part": "3",
                    "replacement-node": 114,
                    "name": "OtherInvestmentsLineItems",
                    "expression-node": 115,
                    "template-line-number": 478
                },
                {
                    "node-pos": 190,
                    "part": "4",
                    "replacement-node": 117,
                    "name": "OtherInvestmentsLineItems",
                    "expression-node": 118,
                    "template-line-number": 483
                },
                {
                    "node-pos": 194,
                    "part": "5",
                    "replacement-node": 120,
                    "name": "OtherInvestmentsLineItems",
                    "expression-node": 121,
                    "template-line-number": 488
                },
                {
                    "node-pos": 198,
                    "part": "6",
                    "replacement-node": 123,
                    "name": "OtherInvestmentsLineItems",
                    "expression-node": 124,
                    "template-line-number": 493
                },
                {
                    "node-pos": 202,
                    "part": "7",
                    "replacement-node": 126,
                    "name": "OtherInvestmentsLineItems",
                    "expression-node": 127,
                    "template-line-number": 498
                },
                {
                    "node-pos": 206,
                    "part": "8",
                    "replacement-node": 129,
                    "name": "OtherInvestmentsLineItems",
                    "expression-node": 130,
                    "template-line-number": 503
                },
                {
                    "node-pos": 210,
                    "part": "9",
                    "replacement-node": 132,
                    "name": "OtherInvestmentsLineItems",
                    "expression-node": 133,
                    "template-line-number": 508
                }
            ]
        },
        "rule-19": [
            {
                "expression-node": 103,
                "node-pos": 169,
                "part": null,
                "replacement-node": 102,
                "template-line-number": 370
            }
        ],
        "rule-5": [
            {
                "node-pos": 26,
                "part": null,
                "html": true,
                "replacement-node": 12,
                "template-line-number": 49
            }
        ],
        "rule-38": [
            {
                "node-pos": 419,
                "part": null,
                "replacement-node": 276,
                "template-line-number": 998
            }
        ],
        "rule-30": [
            {
                "node-pos": 327,
                "part": null,
                "replacement-node": 213,
                "template-line-number": 778
            }
        ],
        "rule-47": [
            {
                "node-pos": 463,
                "part": null,
                "replacement-node": 303,
                "template-line-number": 1088
            }
        ],
        "rule-45": [
            {
                "expression-node": 298,
                "node-pos": 455,
                "part": null,
                "replacement-node": 297,
                "template-line-number": 1074
            }
        ],
        "rule-22": [
            {
                "node-pos": 235,
                "part": null,
                "replacement-node": 150,
                "template-line-number": 554
            }
        ],
        "rule-39": [
            {
                "expression-node": 280,
                "node-pos": 427,
                "part": null,
                "replacement-node": 279,
                "template-line-number": 1013
            }
        ],
        "rule-1": [
            {
                "node-pos": 9,
                "part": null,
                "replacement-node": 0,
                "template-line-number": 21
            }
        ],
        "rule-24": [
            {
                "expression-node": 157,
                "node-pos": 247,
                "part": null,
                "replacement-node": 156,
                "template-line-number": 578
            }
        ],
        "rule-35": [
            {
                "expression-node": 229,
                "node-pos": 353,
                "part": null,
                "replacement-node": 228,
                "template-line-number": 831
            }
        ],
        "rule-46": [
            {
                "node-pos": 459,
                "part": null,
                "replacement-node": 300,
                "template-line-number": 1079
            }
        ],
        "rule-44": [
            {
                "expression-node": 295,
                "node-pos": 449,
                "part": null,
                "replacement-node": 294,
                "template-line-number": 1060
            }
        ],
        "rule-18": [
            {
                "expression-node": 100,
                "node-pos": 165,
                "part": null,
                "replacement-node": 99,
                "template-line-number": 361
            }
        ]
    }
}