{
    "substitutions": {
        "rule-20": [
            {
                "node-pos": 170,
                "part": null,
                "template-line-number": 376,
                "replacement-node": 103,
                "expression-node": 104
            }
        ],
        "rule-29": [
            {
                "node-pos": 266,
                "part": null,
                "template-line-number": 622,
                "replacement-node": 169,
                "expression-node": 170
            }
        ],
        "rule-5": [
            {
                "html": true,
                "node-pos": 22,
                "part": null,
                "template-line-number": 43,
                "replacement-node": 10
            }
        ],
        "rule-37": [
            {
                "node-pos": 358,
                "part": null,
                "template-line-number": 846,
                "replacement-node": 232,
                "expression-node": 233
            }
        ],
        "rule-34": [
            {
                "node-pos": 344,
                "part": null,
                "template-line-number": 817,
                "replacement-node": 223,
                "expression-node": 224
            }
        ],
        "rule-45": [
            {
                "node-pos": 450,
                "part": null,
                "template-line-number": 1066,
                "replacement-node": 295,
                "expression-node": 296
            }
        ],
        "rule-8": [
            {
                "node-pos": 36,
                "part": null,
                "template-line-number": 70,
                "replacement-node": 19,
                "expression-node": 20
            }
        ],
        "rule-27": [
            {
                "node-pos": 258,
                "part": null,
                "template-line-number": 604,
                "replacement-node": 163,
                "expression-node": 164
            }
        ],
        "rule-36": [
            {
                "node-pos": 354,
                "part": null,
                "template-line-number": 837,
                "replacement-node": 229,
                "expression-node": 230
            }
        ],
        "rule-40": [
            {
                "node-pos": 428,
                "part": null,
                "template-line-number": 1019,
                "replacement-node": 280,
                "expression-node": 281
            }
        ],
        "rule-50": {
            "name": "OtherInvestmentsLineItems",
            "subs": [
                {
                    "part": "10",
                    "template-line-number": 519,
                    "replacement-node": 136,
                    "expression-node": 137,
                    "name": "OtherInvestmentsLineItems",
                    "node-pos": 215
                },
                {
                    "part": "11",
                    "template-line-number": 524,
                    "replacement-node": 139,
                    "expression-node": 140,
                    "name": "OtherInvestmentsLineItems",
                    "node-pos": 219
                },
                {
                    "part": "12",
                    "template-line-number": 529,
                    "replacement-node": 142,
                    "expression-node": 143,
                    "name": "OtherInvestmentsLineItems",
                    "node-pos": 223
                },
                {
                    "part": "13",
                    "template-line-number": 534,
                    "replacement-node": 145,
                    "expression-node": 146,
                    "name": "OtherInvestmentsLineItems",
                    "node-pos": 227
                },
                {
                    "part": "2",
                    "template-line-number": 479,
                    "replacement-node": 112,
                    "expression-node": 113,
                    "name": "OtherInvestmentsLineItems",
                    "node-pos": 183
                },
                {
                    "part": "3",
                    "template-line-number": 484,
                    "replacement-node": 115,
                    "expression-node": 116,
                    "name": "OtherInvestmentsLineItems",
                    "node-pos": 187
                },
                {
                    "part": "4",
                    "template-line-number": 489,
                    "replacement-node": 118,
                    "expression-node": 119,
                    "name": "OtherInvestmentsLineItems",
                    "node-pos": 191
                },
                {
                    "part": "5",
                    "template-line-number": 494,
                    "replacement-node": 121,
                    "expression-node": 122,
                    "name": "OtherInvestmentsLineItems",
                    "node-pos": 195
                },
                {
                    "part": "6",
                    "template-line-number": 499,
                    "replacement-node": 124,
                    "expression-node": 125,
                    "name": "OtherInvestmentsLineItems",
                    "node-pos": 199
                },
                {
                    "part": "7",
                    "template-line-number": 504,
                    "replacement-node": 127,
                    "expression-node": 128,
                    "name": "OtherInvestmentsLineItems",
                    "node-pos": 203
                },
                {
                    "part": "8",
                    "template-line-number": 509,
                    "replacement-node": 130,
                    "expression-node": 131,
                    "name": "OtherInvestmentsLineItems",
                    "node-pos": 207
                },
                {
                    "part": "9",
                    "template-line-number": 514,
                    "replacement-node": 133,
                    "expression-node": 134,
                    "name": "OtherInvestmentsLineItems",
                    "node-pos": 211
                }
            ]
        },
        "rule-39": [
            {
                "node-pos": 420,
                "part": null,
                "template-line-number": 1004,
                "replacement-node": 277
            }
        ],
        "rule-17": [
            {
                "node-pos": 156,
                "part": null,
                "template-line-number": 347,
                "replacement-node": 94,
                "expression-node": 95
            }
        ],
        "rule-47": [
            {
                "node-pos": 460,
                "part": null,
                "template-line-number": 1085,
                "replacement-node": 301
            }
        ],
        "rule-3": [
            {
                "node-pos": 14,
                "part": null,
                "template-line-number": 31,
                "replacement-node": 4,
                "expression-node": 5
            }
        ],
        "rule-11": [
            {
                "node-pos": 48,
                "part": null,
                "template-line-number": 84,
                "replacement-node": 28,
                "expression-node": 29
            }
        ],
        "rule-52": {
            "name": "InvestmentLineItems",
            "subs": [
                {
                    "part": "10",
                    "template-line-number": 284,
                    "replacement-node": 73,
                    "expression-node": 74,
                    "name": "InvestmentLineItems",
                    "node-pos": 123
                },
                {
                    "part": "11",
                    "template-line-number": 289,
                    "replacement-node": 76,
                    "expression-node": 77,
                    "name": "InvestmentLineItems",
                    "node-pos": 127
                },
                {
                    "part": "12",
                    "template-line-number": 294,
                    "replacement-node": 79,
                    "expression-node": 80,
                    "name": "InvestmentLineItems",
                    "node-pos": 131
                },
                {
                    "part": "13",
                    "template-line-number": 299,
                    "replacement-node": 82,
                    "expression-node": 83,
                    "name": "InvestmentLineItems",
                    "node-pos": 135
                },
                {
                    "part": "2",
                    "template-line-number": 244,
                    "replacement-node": 49,
                    "expression-node": 50,
                    "name": "InvestmentLineItems",
                    "node-pos": 91
                },
                {
                    "part": "3",
                    "template-line-number": 249,
                    "replacement-node": 52,
                    "expression-node": 53,
                    "name": "InvestmentLineItems",
                    "node-pos": 95
                },
                {
                    "part": "4",
                    "template-line-number": 254,
                    "replacement-node": 55,
                    "expression-node": 56,
                    "name": "InvestmentLineItems",
                    "node-pos": 99
                },
                {
                    "part": "5",
                    "template-line-number": 259,
                    "replacement-node": 58,
                    "expression-node": 59,
                    "name": "InvestmentLineItems",
                    "node-pos": 103
                },
                {
                    "part": "6",
                    "template-line-number": 264,
                    "replacement-node": 61,
                    "expression-node": 62,
                    "name": "InvestmentLineItems",
                    "node-pos": 107
                },
                {
                    "part": "7",
                    "template-line-number": 269,
                    "replacement-node": 64,
                    "expression-node": 65,
                    "name": "InvestmentLineItems",
                    "node-pos": 111
                },
                {
                    "part": "8",
                    "template-line-number": 274,
                    "replacement-node": 67,
                    "expression-node": 68,
                    "name": "InvestmentLineItems",
                    "node-pos": 115
                },
                {
                    "part": "9",
                    "template-line-number": 279,
                    "replacement-node": 70,
                    "expression-node": 71,
                    "name": "InvestmentLineItems",
                    "node-pos": 119
                }
            ]
        },
        "rule-31": [
            {
                "node-pos": 328,
                "part": null,
                "template-line-number": 784,
                "replacement-node": 214
            }
        ],
        "rule-9": [
            {
                "node-pos": 40,
                "part": null,
                "template-line-number": 75,
                "replacement-node": 22
            }
        ],
        "rule-32": [
            {
                "node-pos": 336,
                "part": null,
                "template-line-number": 799,
                "replacement-node": 217,
                "expression-node": 218
            }
        ],
        "rule-49": {
            "name": "TemporaryCashLineItems",
            "subs": [
                {
                    "part": "10",
                    "template-line-number": 743,
                    "replacement-node": 199,
                    "expression-node": 200,
                    "name": "TemporaryCashLineItems",
                    "node-pos": 307
                },
                {
                    "part": "11",
                    "template-line-number": 748,
                    "replacement-node": 202,
                    "expression-node": 203,
                    "name": "TemporaryCashLineItems",
                    "node-pos": 311
                },
                {
                    "part": "12",
                    "template-line-number": 753,
                    "replacement-node": 205,
                    "expression-node": 206,
                    "name": "TemporaryCashLineItems",
                    "node-pos": 315
                },
                {
                    "part": "13",
                    "template-line-number": 758,
                    "replacement-node": 208,
                    "expression-node": 209,
                    "name": "TemporaryCashLineItems",
                    "node-pos": 319
                },
                {
                    "part": "2",
                    "template-line-number": 703,
                    "replacement-node": 175,
                    "expression-node": 176,
                    "name": "TemporaryCashLineItems",
                    "node-pos": 275
                },
                {
                    "part": "3",
                    "template-line-number": 708,
                    "replacement-node": 178,
                    "expression-node": 179,
                    "name": "TemporaryCashLineItems",
                    "node-pos": 279
                },
                {
                    "part": "4",
                    "template-line-number": 713,
                    "replacement-node": 181,
                    "expression-node": 182,
                    "name": "TemporaryCashLineItems",
                    "node-pos": 283
                },
                {
                    "part": "5",
                    "template-line-number": 718,
                    "replacement-node": 184,
                    "expression-node": 185,
                    "name": "TemporaryCashLineItems",
                    "node-pos": 287
                },
                {
                    "part": "6",
                    "template-line-number": 723,
                    "replacement-node": 187,
                    "expression-node": 188,
                    "name": "TemporaryCashLineItems",
                    "node-pos": 291
                },
                {
                    "part": "7",
                    "template-line-number": 728,
                    "replacement-node": 190,
                    "expression-node": 191,
                    "name": "TemporaryCashLineItems",
                    "node-pos": 295
                },
                {
                    "part": "8",
                    "template-line-number": 733,
                    "replacement-node": 193,
                    "expression-node": 194,
                    "name": "TemporaryCashLineItems",
                    "node-pos": 299
                },
                {
                    "part": "9",
                    "template-line-number": 738,
                    "replacement-node": 196,
                    "expression-node": 197,
                    "name": "TemporaryCashLineItems",
                    "node-pos": 303
                }
            ]
        },
        "rule-12": [
            {
                "node-pos": 54,
                "part": null,
                "template-line-number": 95,
                "replacement-node": 31
            }
        ],
        "rule-38": [
            {
                "node-pos": 416,
                "part": null,
                "template-line-number": 990,
                "replacement-node": 274
            }
        ],
        "rule-48": [
            {
                "node-pos": 464,
                "part": null,
                "template-line-number": 1094,
                "replacement-node": 304
            }
        ],
        "rule-13": [
            {
                "html": true,
                "node-pos": 59,
                "part": null,
                "template-line-number": 105,
                "replacement-node": 34
            }
        ],
        "rule-44": [
            {
                "node-pos": 446,
                "part": null,
                "template-line-number": 1057,
                "replacement-node": 292,
                "expression-node": 293
            }
        ],
        "rule-24": [
            {
                "node-pos": 244,
                "part": null,
                "template-line-number": 575,
                "replacement-node": 154,
                "expression-node": 155
            }
        ],
        "rule-14": [
            {
                "node-pos": 140,
                "part": null,
                "template-line-number": 307,
                "replacement-node": 85
            }
        ],
        "rule-53": {
            "name": "AllInvestmentLineItems",
            "subs": [
                {
                    "part": "10",
                    "template-line-number": 967,
                    "replacement-node": 262,
                    "expression-node": 263,
                    "name": "AllInvestmentLineItems",
                    "node-pos": 399
                },
                {
                    "part": "11",
                    "template-line-number": 972,
                    "replacement-node": 265,
                    "expression-node": 266,
                    "name": "AllInvestmentLineItems",
                    "node-pos": 403
                },
                {
                    "part": "12",
                    "template-line-number": 977,
                    "replacement-node": 268,
                    "expression-node": 269,
                    "name": "AllInvestmentLineItems",
                    "node-pos": 407
                },
                {
                    "part": "13",
                    "template-line-number": 982,
                    "replacement-node": 271,
                    "expression-node": 272,
                    "name": "AllInvestmentLineItems",
                    "node-pos": 411
                },
                {
                    "part": "2",
                    "template-line-number": 927,
                    "replacement-node": 238,
                    "expression-node": 239,
                    "name": "AllInvestmentLineItems",
                    "node-pos": 367
                },
                {
                    "part": "3",
                    "template-line-number": 932,
                    "replacement-node": 241,
                    "expression-node": 242,
                    "name": "AllInvestmentLineItems",
                    "node-pos": 371
                },
                {
                    "part": "4",
                    "template-line-number": 937,
                    "replacement-node": 244,
                    "expression-node": 245,
                    "name": "AllInvestmentLineItems",
                    "node-pos": 375
                },
                {
                    "part": "5",
                    "template-line-number": 942,
                    "replacement-node": 247,
                    "expression-node": 248,
                    "name": "AllInvestmentLineItems",
                    "node-pos": 379
                },
                {
                    "part": "6",
                    "template-line-number": 947,
                    "replacement-node": 250,
                    "expression-node": 251,
                    "name": "AllInvestmentLineItems",
                    "node-pos": 383
                },
                {
                    "part": "7",
                    "template-line-number": 952,
                    "replacement-node": 253,
                    "expression-node": 254,
                    "name": "AllInvestmentLineItems",
                    "node-pos": 387
                },
                {
                    "part": "8",
                    "template-line-number": 957,
                    "replacement-node": 256,
                    "expression-node": 257,
                    "name": "AllInvestmentLineItems",
                    "node-pos": 391
                },
                {
                    "part": "9",
                    "template-line-number": 962,
                    "replacement-node": 259,
                    "expression-node": 260,
                    "name": "AllInvestmentLineItems",
                    "node-pos": 395
                }
            ]
        },
        "rule-23": [
            {
                "node-pos": 236,
                "part": null,
                "template-line-number": 560,
                "replacement-node": 151
            }
        ],
        "rule-15": [
            {
                "node-pos": 144,
                "part": null,
                "template-line-number": 323,
                "replacement-node": 88
            }
        ],
        "rule-6": [
            {
                "html": true,
                "node-pos": 27,
                "part": null,
                "template-line-number": 55,
                "replacement-node": 13
            }
        ],
        "rule-43": [
            {
                "node-pos": 442,
                "part": null,
                "template-line-number": 1048,
                "replacement-node": 289,
                "expression-node": 290
            }
        ],
        "rule-35": [
            {
                "node-pos": 350,
                "part": null,
                "template-line-number": 828,
                "replacement-node": 226,
                "expression-node": 227
            }
        ],
        "rule-42": [
            {
                "node-pos": 436,
                "part": null,
                "template-line-number": 1037,
                "replacement-node": 286,
                "expression-node": 287
            }
        ],
        "rule-19": [
            {
                "node-pos": 166,
                "part": null,
                "template-line-number": 367,
                "replacement-node": 100,
                "expression-node": 101
            }
        ],
        "rule-18": [
            {
                "node-pos": 160,
                "part": null,
                "template-line-number": 356,
                "replacement-node": 97,
                "expression-node": 98
            }
        ],
        "rule-25": [
            {
                "node-pos": 248,
                "part": null,
                "template-line-number": 584,
                "replacement-node": 157,
                "expression-node": 158
            }
        ],
        "rule-26": [
            {
                "node-pos": 252,
                "part": null,
                "template-line-number": 593,
                "replacement-node": 160,
                "expression-node": 161
            }
        ],
        "rule-22": [
            {
                "node-pos": 232,
                "part": null,
                "template-line-number": 543,
                "replacement-node": 148
            }
        ],
        "rule-28": [
            {
                "node-pos": 262,
                "part": null,
                "template-line-number": 613,
                "replacement-node": 166,
                "expression-node": 167
            }
        ],
        "rule-16": [
            {
                "node-pos": 152,
                "part": null,
                "template-line-number": 338,
                "replacement-node": 91,
                "expression-node": 92
            }
        ],
        "rule-4": [
            {
                "node-pos": 18,
                "part": null,
                "template-line-number": 37,
                "replacement-node": 7
            }
        ],
        "rule-7": [
            {
                "node-pos": 32,
                "part": null,
                "template-line-number": 66,
                "replacement-node": 16
            }
        ],
        "rule-30": [
            {
                "node-pos": 324,
                "part": null,
                "template-line-number": 767,
                "replacement-node": 211
            }
        ],
        "rule-33": [
            {
                "node-pos": 340,
                "part": null,
                "template-line-number": 808,
                "replacement-node": 220,
                "expression-node": 221
            }
        ],
        "rule-21": [
            {
                "node-pos": 174,
                "part": null,
                "template-line-number": 385,
                "replacement-node": 106,
                "expression-node": 107
            }
        ],
        "rule-2": [
            {
                "node-pos": 10,
                "part": null,
                "template-line-number": 27,
                "replacement-node": 1
            }
        ],
        "rule-46": [
            {
                "node-pos": 456,
                "part": null,
                "template-line-number": 1080,
                "replacement-node": 298,
                "expression-node": 299
            }
        ],
        "rule-41": [
            {
                "node-pos": 432,
                "part": null,
                "template-line-number": 1028,
                "replacement-node": 283,
                "expression-node": 284
            }
        ],
        "rule-10": [
            {
                "node-pos": 44,
                "part": null,
                "template-line-number": 79,
                "replacement-node": 25,
                "expression-node": 26
            }
        ],
        "rule-51": {
            "name": "InvHeadings",
            "subs": [
                {
                    "part": "1",
                    "template-line-number": 144,
                    "replacement-node": 40,
                    "extras": {},
                    "name": "InvHeadings",
                    "node-pos": 78
                },
                {
                    "part": "2",
                    "template-line-number": 153,
                    "replacement-node": 43,
                    "extras": {},
                    "name": "InvHeadings",
                    "node-pos": 82
                },
                {
                    "part": "3",
                    "template-line-number": 140,
                    "replacement-node": 38,
                    "extras": {},
                    "name": "InvHeadings",
                    "node-pos": 76
                }
            ]
        }
    },
    "showifs": {
        "rule-1": {
            "type": "showif",
            "template-line-number": 17
        }
    },
    "line-numbers": {
        "TemporaryCashLineItems": [
            {
                "line-number-node": 173,
                "start-number": 1,
                "template-line-number": 700
            }
        ],
        "OtherInvestmentsLineItems": [
            {
                "line-number-node": 110,
                "start-number": 1,
                "template-line-number": 475
            }
        ],
        "InvestmentLineItems": [
            {
                "line-number-node": 47,
                "start-number": 1,
                "template-line-number": 241
            }
        ],
        "AllInvestmentLineItems": [
            {
                "line-number-node": 236,
                "start-number": 1,
                "template-line-number": 924
            }
        ]
    }
}