{
    "showifs": {},
    "substitutions": {
        "rule-15": [
            {
                "node-pos": 176,
                "replacement-node": 91,
                "expression-node": 92,
                "part": null,
                "template-line-number": 542
            }
        ],
        "rule-26": [
            {
                "node-pos": 297,
                "replacement-node": 163,
                "expression-node": 164,
                "part": null,
                "template-line-number": 837
            }
        ],
        "rule-31": [
            {
                "replacement-node": 177,
                "node-pos": 321,
                "part": null,
                "template-line-number": 894
            }
        ],
        "rule-11": [
            {
                "replacement-node": 30,
                "node-pos": 53,
                "part": null,
                "template-line-number": 88
            }
        ],
        "rule-38": [
            {
                "node-pos": 425,
                "replacement-node": 238,
                "expression-node": 239,
                "part": null,
                "template-line-number": 1155
            }
        ],
        "rule-29": [
            {
                "node-pos": 313,
                "replacement-node": 172,
                "expression-node": 173,
                "part": null,
                "template-line-number": 868
            }
        ],
        "rule-12": [
            {
                "html": true,
                "replacement-node": 33,
                "node-pos": 58,
                "part": null,
                "template-line-number": 99
            }
        ],
        "rule-56": {
            "subs": [
                {
                    "expression-node": 339,
                    "template-line-number": 1592,
                    "replacement-node": 338,
                    "node-pos": 588,
                    "part": "10",
                    "name": "LongTermDebtLineItems"
                },
                {
                    "expression-node": 315,
                    "template-line-number": 1546,
                    "replacement-node": 314,
                    "node-pos": 552,
                    "part": "2",
                    "name": "LongTermDebtLineItems"
                },
                {
                    "expression-node": 318,
                    "template-line-number": 1554,
                    "replacement-node": 317,
                    "node-pos": 557,
                    "part": "3",
                    "name": "LongTermDebtLineItems"
                },
                {
                    "expression-node": 321,
                    "template-line-number": 1559,
                    "replacement-node": 320,
                    "node-pos": 561,
                    "part": "4",
                    "name": "LongTermDebtLineItems"
                },
                {
                    "expression-node": 324,
                    "template-line-number": 1567,
                    "replacement-node": 323,
                    "node-pos": 568,
                    "part": "5",
                    "name": "LongTermDebtLineItems"
                },
                {
                    "expression-node": 327,
                    "template-line-number": 1572,
                    "replacement-node": 326,
                    "node-pos": 572,
                    "part": "6",
                    "name": "LongTermDebtLineItems"
                },
                {
                    "expression-node": 330,
                    "template-line-number": 1577,
                    "replacement-node": 329,
                    "node-pos": 576,
                    "part": "7",
                    "name": "LongTermDebtLineItems"
                },
                {
                    "expression-node": 333,
                    "template-line-number": 1582,
                    "replacement-node": 332,
                    "node-pos": 580,
                    "part": "8",
                    "name": "LongTermDebtLineItems"
                },
                {
                    "expression-node": 336,
                    "template-line-number": 1587,
                    "replacement-node": 335,
                    "node-pos": 584,
                    "part": "9",
                    "name": "LongTermDebtLineItems"
                }
            ],
            "name": "LongTermDebtLineItems"
        },
        "rule-60": {
            "subs": [
                {
                    "expression-node": 275,
                    "template-line-number": 1349,
                    "replacement-node": 274,
                    "node-pos": 489,
                    "part": "10",
                    "name": "OtherLongTermDebtLineItems"
                },
                {
                    "expression-node": 278,
                    "template-line-number": 1354,
                    "replacement-node": 277,
                    "node-pos": 493,
                    "part": "11",
                    "name": "OtherLongTermDebtLineItems"
                },
                {
                    "expression-node": 281,
                    "template-line-number": 1359,
                    "replacement-node": 280,
                    "node-pos": 497,
                    "part": "12",
                    "name": "OtherLongTermDebtLineItems"
                },
                {
                    "expression-node": 284,
                    "template-line-number": 1364,
                    "replacement-node": 283,
                    "node-pos": 501,
                    "part": "13",
                    "name": "OtherLongTermDebtLineItems"
                },
                {
                    "expression-node": 251,
                    "template-line-number": 1308,
                    "replacement-node": 250,
                    "node-pos": 456,
                    "part": "2",
                    "name": "OtherLongTermDebtLineItems"
                },
                {
                    "expression-node": 254,
                    "template-line-number": 1313,
                    "replacement-node": 253,
                    "node-pos": 460,
                    "part": "3",
                    "name": "OtherLongTermDebtLineItems"
                },
                {
                    "expression-node": 257,
                    "template-line-number": 1318,
                    "replacement-node": 256,
                    "node-pos": 464,
                    "part": "4",
                    "name": "OtherLongTermDebtLineItems"
                },
                {
                    "expression-node": 260,
                    "template-line-number": 1324,
                    "replacement-node": 259,
                    "node-pos": 469,
                    "part": "5",
                    "name": "OtherLongTermDebtLineItems"
                },
                {
                    "expression-node": 263,
                    "template-line-number": 1329,
                    "replacement-node": 262,
                    "node-pos": 473,
                    "part": "6",
                    "name": "OtherLongTermDebtLineItems"
                },
                {
                    "expression-node": 266,
                    "template-line-number": 1334,
                    "replacement-node": 265,
                    "node-pos": 477,
                    "part": "7",
                    "name": "OtherLongTermDebtLineItems"
                },
                {
                    "expression-node": 269,
                    "template-line-number": 1339,
                    "replacement-node": 268,
                    "node-pos": 481,
                    "part": "8",
                    "name": "OtherLongTermDebtLineItems"
                },
                {
                    "expression-node": 272,
                    "template-line-number": 1344,
                    "replacement-node": 271,
                    "node-pos": 485,
                    "part": "9",
                    "name": "OtherLongTermDebtLineItems"
                }
            ],
            "name": "OtherLongTermDebtLineItems"
        },
        "rule-16": [
            {
                "node-pos": 181,
                "replacement-node": 94,
                "expression-node": 95,
                "part": null,
                "template-line-number": 552
            }
        ],
        "rule-44": [
            {
                "node-pos": 521,
                "replacement-node": 295,
                "expression-node": 296,
                "part": null,
                "template-line-number": 1422
            }
        ],
        "rule-61": {
            "subs": [
                {
                    "expression-node": 77,
                    "template-line-number": 500,
                    "replacement-node": 76,
                    "node-pos": 153,
                    "part": "10",
                    "name": "BondsLineItems"
                },
                {
                    "expression-node": 80,
                    "template-line-number": 505,
                    "replacement-node": 79,
                    "node-pos": 157,
                    "part": "11",
                    "name": "BondsLineItems"
                },
                {
                    "expression-node": 83,
                    "template-line-number": 510,
                    "replacement-node": 82,
                    "node-pos": 161,
                    "part": "12",
                    "name": "BondsLineItems"
                },
                {
                    "expression-node": 86,
                    "template-line-number": 515,
                    "replacement-node": 85,
                    "node-pos": 165,
                    "part": "13",
                    "name": "BondsLineItems"
                },
                {
                    "expression-node": 53,
                    "template-line-number": 459,
                    "replacement-node": 52,
                    "node-pos": 120,
                    "part": "2",
                    "name": "BondsLineItems"
                },
                {
                    "expression-node": 56,
                    "template-line-number": 464,
                    "replacement-node": 55,
                    "node-pos": 124,
                    "part": "3",
                    "name": "BondsLineItems"
                },
                {
                    "expression-node": 59,
                    "template-line-number": 469,
                    "replacement-node": 58,
                    "node-pos": 128,
                    "part": "4",
                    "name": "BondsLineItems"
                },
                {
                    "expression-node": 62,
                    "template-line-number": 475,
                    "replacement-node": 61,
                    "node-pos": 133,
                    "part": "5",
                    "name": "BondsLineItems"
                },
                {
                    "expression-node": 65,
                    "template-line-number": 480,
                    "replacement-node": 64,
                    "node-pos": 137,
                    "part": "6",
                    "name": "BondsLineItems"
                },
                {
                    "expression-node": 68,
                    "template-line-number": 485,
                    "replacement-node": 67,
                    "node-pos": 141,
                    "part": "7",
                    "name": "BondsLineItems"
                },
                {
                    "expression-node": 71,
                    "template-line-number": 490,
                    "replacement-node": 70,
                    "node-pos": 145,
                    "part": "8",
                    "name": "BondsLineItems"
                },
                {
                    "expression-node": 74,
                    "template-line-number": 495,
                    "replacement-node": 73,
                    "node-pos": 149,
                    "part": "9",
                    "name": "BondsLineItems"
                }
            ],
            "name": "BondsLineItems"
        },
        "rule-22": [
            {
                "replacement-node": 111,
                "node-pos": 209,
                "part": null,
                "template-line-number": 615
            }
        ],
        "rule-4": [
            {
                "html": true,
                "replacement-node": 9,
                "node-pos": 21,
                "part": null,
                "template-line-number": 37
            }
        ],
        "rule-58": {
            "subs": [
                {
                    "expression-node": 143,
                    "template-line-number": 772,
                    "replacement-node": 142,
                    "node-pos": 265,
                    "part": "10",
                    "name": "ReacquiredBondsLineItems"
                },
                {
                    "expression-node": 146,
                    "template-line-number": 777,
                    "replacement-node": 145,
                    "node-pos": 269,
                    "part": "11",
                    "name": "ReacquiredBondsLineItems"
                },
                {
                    "expression-node": 149,
                    "template-line-number": 782,
                    "replacement-node": 148,
                    "node-pos": 273,
                    "part": "12",
                    "name": "ReacquiredBondsLineItems"
                },
                {
                    "expression-node": 152,
                    "template-line-number": 787,
                    "replacement-node": 151,
                    "node-pos": 277,
                    "part": "13",
                    "name": "ReacquiredBondsLineItems"
                },
                {
                    "expression-node": 119,
                    "template-line-number": 731,
                    "replacement-node": 118,
                    "node-pos": 232,
                    "part": "2",
                    "name": "ReacquiredBondsLineItems"
                },
                {
                    "expression-node": 122,
                    "template-line-number": 736,
                    "replacement-node": 121,
                    "node-pos": 236,
                    "part": "3",
                    "name": "ReacquiredBondsLineItems"
                },
                {
                    "expression-node": 125,
                    "template-line-number": 741,
                    "replacement-node": 124,
                    "node-pos": 240,
                    "part": "4",
                    "name": "ReacquiredBondsLineItems"
                },
                {
                    "expression-node": 128,
                    "template-line-number": 747,
                    "replacement-node": 127,
                    "node-pos": 245,
                    "part": "5",
                    "name": "ReacquiredBondsLineItems"
                },
                {
                    "expression-node": 131,
                    "template-line-number": 752,
                    "replacement-node": 130,
                    "node-pos": 249,
                    "part": "6",
                    "name": "ReacquiredBondsLineItems"
                },
                {
                    "expression-node": 134,
                    "template-line-number": 757,
                    "replacement-node": 133,
                    "node-pos": 253,
                    "part": "7",
                    "name": "ReacquiredBondsLineItems"
                },
                {
                    "expression-node": 137,
                    "template-line-number": 762,
                    "replacement-node": 136,
                    "node-pos": 257,
                    "part": "8",
                    "name": "ReacquiredBondsLineItems"
                },
                {
                    "expression-node": 140,
                    "template-line-number": 767,
                    "replacement-node": 139,
                    "node-pos": 261,
                    "part": "9",
                    "name": "ReacquiredBondsLineItems"
                }
            ],
            "name": "ReacquiredBondsLineItems"
        },
        "rule-59": {
            "subs": [
                {
                    "node-pos": 87,
                    "template-line-number": 146,
                    "html": true,
                    "replacement-node": 39,
                    "name": "LongTermDebtHeadings",
                    "extras": {},
                    "part": "1"
                },
                {
                    "node-pos": 91,
                    "template-line-number": 155,
                    "replacement-node": 42,
                    "name": "LongTermDebtHeadings",
                    "extras": {},
                    "part": "2"
                },
                {
                    "node-pos": 85,
                    "template-line-number": 142,
                    "replacement-node": 37,
                    "name": "LongTermDebtHeadings",
                    "extras": {},
                    "part": "3"
                }
            ],
            "name": "LongTermDebtHeadings"
        },
        "rule-18": [
            {
                "node-pos": 189,
                "replacement-node": 100,
                "expression-node": 101,
                "part": null,
                "template-line-number": 570
            }
        ],
        "rule-3": [
            {
                "replacement-node": 6,
                "node-pos": 17,
                "part": null,
                "template-line-number": 31
            }
        ],
        "rule-7": [
            {
                "node-pos": 35,
                "replacement-node": 18,
                "expression-node": 19,
                "part": null,
                "template-line-number": 64
            }
        ],
        "rule-54": [
            {
                "replacement-node": 359,
                "node-pos": 629,
                "part": null,
                "template-line-number": 1666
            }
        ],
        "rule-57": {
            "subs": [
                {
                    "node-pos": 543,
                    "template-line-number": 1472,
                    "replacement-node": 308,
                    "name": "LongTermDebtHeader",
                    "extras": {},
                    "part": "1"
                }
            ],
            "name": "LongTermDebtHeader"
        },
        "rule-35": [
            {
                "node-pos": 409,
                "replacement-node": 229,
                "expression-node": 230,
                "part": null,
                "template-line-number": 1124
            }
        ],
        "rule-19": [
            {
                "node-pos": 197,
                "replacement-node": 103,
                "expression-node": 104,
                "part": null,
                "template-line-number": 583
            }
        ],
        "rule-50": [
            {
                "node-pos": 611,
                "replacement-node": 347,
                "expression-node": 348,
                "part": null,
                "template-line-number": 1630
            }
        ],
        "rule-27": [
            {
                "node-pos": 301,
                "replacement-node": 166,
                "expression-node": 167,
                "part": null,
                "template-line-number": 846
            }
        ],
        "rule-2": [
            {
                "node-pos": 13,
                "replacement-node": 3,
                "expression-node": 4,
                "part": null,
                "template-line-number": 25
            }
        ],
        "rule-36": [
            {
                "node-pos": 413,
                "replacement-node": 232,
                "expression-node": 233,
                "part": null,
                "template-line-number": 1133
            }
        ],
        "rule-28": [
            {
                "node-pos": 309,
                "replacement-node": 169,
                "expression-node": 170,
                "part": null,
                "template-line-number": 859
            }
        ],
        "rule-40": [
            {
                "replacement-node": 243,
                "node-pos": 433,
                "part": null,
                "template-line-number": 1185
            }
        ],
        "rule-51": [
            {
                "node-pos": 615,
                "replacement-node": 350,
                "expression-node": 351,
                "part": null,
                "template-line-number": 1639
            }
        ],
        "rule-23": [
            {
                "replacement-node": 154,
                "node-pos": 282,
                "part": null,
                "template-line-number": 796
            }
        ],
        "rule-6": [
            {
                "replacement-node": 15,
                "node-pos": 31,
                "part": null,
                "template-line-number": 60
            }
        ],
        "rule-41": [
            {
                "replacement-node": 286,
                "node-pos": 506,
                "part": null,
                "template-line-number": 1373
            }
        ],
        "rule-14": [
            {
                "replacement-node": 88,
                "node-pos": 170,
                "part": null,
                "template-line-number": 524
            }
        ],
        "rule-46": [
            {
                "node-pos": 533,
                "replacement-node": 301,
                "expression-node": 302,
                "part": null,
                "template-line-number": 1444
            }
        ],
        "rule-52": [
            {
                "node-pos": 621,
                "replacement-node": 353,
                "expression-node": 354,
                "part": null,
                "template-line-number": 1652
            }
        ],
        "rule-17": [
            {
                "node-pos": 185,
                "replacement-node": 97,
                "expression-node": 98,
                "part": null,
                "template-line-number": 561
            }
        ],
        "rule-33": [
            {
                "node-pos": 400,
                "replacement-node": 223,
                "expression-node": 224,
                "part": null,
                "template-line-number": 1105
            }
        ],
        "rule-48": [
            {
                "node-pos": 596,
                "replacement-node": 341,
                "expression-node": 342,
                "part": null,
                "template-line-number": 1605
            }
        ],
        "rule-9": [
            {
                "node-pos": 43,
                "replacement-node": 24,
                "expression-node": 25,
                "part": null,
                "template-line-number": 73
            }
        ],
        "rule-13": [
            {
                "replacement-node": 45,
                "node-pos": 97,
                "part": null,
                "template-line-number": 353
            }
        ],
        "rule-53": [
            {
                "replacement-node": 356,
                "node-pos": 625,
                "part": null,
                "template-line-number": 1657
            }
        ],
        "rule-8": [
            {
                "replacement-node": 21,
                "node-pos": 39,
                "part": null,
                "template-line-number": 69
            }
        ],
        "rule-32": [
            {
                "replacement-node": 220,
                "node-pos": 394,
                "part": null,
                "template-line-number": 1078
            }
        ],
        "rule-39": [
            {
                "replacement-node": 241,
                "node-pos": 430,
                "part": null,
                "template-line-number": 1165
            }
        ],
        "rule-21": [
            {
                "replacement-node": 109,
                "node-pos": 206,
                "part": null,
                "template-line-number": 603
            }
        ],
        "rule-25": [
            {
                "node-pos": 293,
                "replacement-node": 160,
                "expression-node": 161,
                "part": null,
                "template-line-number": 828
            }
        ],
        "rule-10": [
            {
                "node-pos": 47,
                "replacement-node": 27,
                "expression-node": 28,
                "part": null,
                "template-line-number": 78
            }
        ],
        "rule-47": [
            {
                "node-pos": 537,
                "replacement-node": 304,
                "expression-node": 305,
                "part": null,
                "template-line-number": 1453
            }
        ],
        "rule-43": [
            {
                "node-pos": 517,
                "replacement-node": 292,
                "expression-node": 293,
                "part": null,
                "template-line-number": 1413
            }
        ],
        "rule-1": [
            {
                "replacement-node": 0,
                "node-pos": 9,
                "part": null,
                "template-line-number": 21
            }
        ],
        "rule-24": [
            {
                "node-pos": 288,
                "replacement-node": 157,
                "expression-node": 158,
                "part": null,
                "template-line-number": 818
            }
        ],
        "rule-20": [
            {
                "node-pos": 201,
                "replacement-node": 106,
                "expression-node": 107,
                "part": null,
                "template-line-number": 592
            }
        ],
        "rule-37": [
            {
                "node-pos": 421,
                "replacement-node": 235,
                "expression-node": 236,
                "part": null,
                "template-line-number": 1146
            }
        ],
        "rule-45": [
            {
                "node-pos": 525,
                "replacement-node": 298,
                "expression-node": 299,
                "part": null,
                "template-line-number": 1431
            }
        ],
        "rule-42": [
            {
                "node-pos": 512,
                "replacement-node": 289,
                "expression-node": 290,
                "part": null,
                "template-line-number": 1403
            }
        ],
        "rule-5": [
            {
                "html": true,
                "replacement-node": 12,
                "node-pos": 26,
                "part": null,
                "template-line-number": 49
            }
        ],
        "rule-30": [
            {
                "replacement-node": 175,
                "node-pos": 318,
                "part": null,
                "template-line-number": 878
            }
        ],
        "rule-55": {
            "subs": [
                {
                    "expression-node": 209,
                    "template-line-number": 1054,
                    "replacement-node": 208,
                    "node-pos": 377,
                    "part": "10",
                    "name": "AdvancesLineItems"
                },
                {
                    "expression-node": 212,
                    "template-line-number": 1059,
                    "replacement-node": 211,
                    "node-pos": 381,
                    "part": "11",
                    "name": "AdvancesLineItems"
                },
                {
                    "expression-node": 215,
                    "template-line-number": 1064,
                    "replacement-node": 214,
                    "node-pos": 385,
                    "part": "12",
                    "name": "AdvancesLineItems"
                },
                {
                    "expression-node": 218,
                    "template-line-number": 1069,
                    "replacement-node": 217,
                    "node-pos": 389,
                    "part": "13",
                    "name": "AdvancesLineItems"
                },
                {
                    "expression-node": 185,
                    "template-line-number": 1013,
                    "replacement-node": 184,
                    "node-pos": 344,
                    "part": "2",
                    "name": "AdvancesLineItems"
                },
                {
                    "expression-node": 188,
                    "template-line-number": 1018,
                    "replacement-node": 187,
                    "node-pos": 348,
                    "part": "3",
                    "name": "AdvancesLineItems"
                },
                {
                    "expression-node": 191,
                    "template-line-number": 1023,
                    "replacement-node": 190,
                    "node-pos": 352,
                    "part": "4",
                    "name": "AdvancesLineItems"
                },
                {
                    "expression-node": 194,
                    "template-line-number": 1029,
                    "replacement-node": 193,
                    "node-pos": 357,
                    "part": "5",
                    "name": "AdvancesLineItems"
                },
                {
                    "expression-node": 197,
                    "template-line-number": 1034,
                    "replacement-node": 196,
                    "node-pos": 361,
                    "part": "6",
                    "name": "AdvancesLineItems"
                },
                {
                    "expression-node": 200,
                    "template-line-number": 1039,
                    "replacement-node": 199,
                    "node-pos": 365,
                    "part": "7",
                    "name": "AdvancesLineItems"
                },
                {
                    "expression-node": 203,
                    "template-line-number": 1044,
                    "replacement-node": 202,
                    "node-pos": 369,
                    "part": "8",
                    "name": "AdvancesLineItems"
                },
                {
                    "expression-node": 206,
                    "template-line-number": 1049,
                    "replacement-node": 205,
                    "node-pos": 373,
                    "part": "9",
                    "name": "AdvancesLineItems"
                }
            ],
            "name": "AdvancesLineItems"
        },
        "rule-34": [
            {
                "node-pos": 405,
                "replacement-node": 226,
                "expression-node": 227,
                "part": null,
                "template-line-number": 1115
            }
        ],
        "rule-49": [
            {
                "node-pos": 600,
                "replacement-node": 344,
                "expression-node": 345,
                "part": null,
                "template-line-number": 1614
            }
        ]
    },
    "line-numbers": {
        "OtherLongTermDebtLineItems": [
            {
                "start-rule": "rule-64",
                "template-line-number": 1288,
                "line-number-node": 247
            }
        ],
        "LongTermDebtLineItems": [
            {
                "start-number": 1,
                "template-line-number": 1543,
                "line-number-node": 311
            }
        ],
        "AdvancesLineItems": [
            {
                "start-rule": "rule-63",
                "template-line-number": 997,
                "line-number-node": 181
            }
        ],
        "BondsLineItems": [
            {
                "start-number": 2,
                "template-line-number": 456,
                "line-number-node": 49
            }
        ],
        "ReacquiredBondsLineItems": [
            {
                "start-rule": "rule-62",
                "template-line-number": 718,
                "line-number-node": 115
            }
        ]
    }
}