{
    "line-numbers": {
        "LongTermDebtLineItems": [
            {
                "line-number-node": 311,
                "start-number": 1,
                "template-line-number": 1542
            }
        ],
        "BondsLineItems": [
            {
                "line-number-node": 49,
                "start-number": 2,
                "template-line-number": 455
            }
        ],
        "OtherLongTermDebtLineItems": [
            {
                "line-number-node": 247,
                "template-line-number": 1287,
                "start-rule": "rule-64"
            }
        ],
        "ReacquiredBondsLineItems": [
            {
                "line-number-node": 115,
                "template-line-number": 717,
                "start-rule": "rule-62"
            }
        ],
        "AdvancesLineItems": [
            {
                "line-number-node": 181,
                "template-line-number": 996,
                "start-rule": "rule-63"
            }
        ]
    },
    "showifs": {},
    "substitutions": {
        "rule-49": [
            {
                "node-pos": 600,
                "part": null,
                "replacement-node": 344,
                "template-line-number": 1613,
                "expression-node": 345
            }
        ],
        "rule-1": [
            {
                "node-pos": 9,
                "part": null,
                "replacement-node": 0,
                "template-line-number": 21
            }
        ],
        "rule-4": [
            {
                "html": true,
                "node-pos": 21,
                "part": null,
                "replacement-node": 9,
                "template-line-number": 37
            }
        ],
        "rule-60": {
            "subs": [
                {
                    "node-pos": 489,
                    "name": "OtherLongTermDebtLineItems",
                    "part": "10",
                    "replacement-node": 274,
                    "template-line-number": 1348,
                    "expression-node": 275
                },
                {
                    "node-pos": 493,
                    "name": "OtherLongTermDebtLineItems",
                    "part": "11",
                    "replacement-node": 277,
                    "template-line-number": 1353,
                    "expression-node": 278
                },
                {
                    "node-pos": 497,
                    "name": "OtherLongTermDebtLineItems",
                    "part": "12",
                    "replacement-node": 280,
                    "template-line-number": 1358,
                    "expression-node": 281
                },
                {
                    "node-pos": 501,
                    "name": "OtherLongTermDebtLineItems",
                    "part": "13",
                    "replacement-node": 283,
                    "template-line-number": 1363,
                    "expression-node": 284
                },
                {
                    "node-pos": 456,
                    "name": "OtherLongTermDebtLineItems",
                    "part": "2",
                    "replacement-node": 250,
                    "template-line-number": 1307,
                    "expression-node": 251
                },
                {
                    "node-pos": 460,
                    "name": "OtherLongTermDebtLineItems",
                    "part": "3",
                    "replacement-node": 253,
                    "template-line-number": 1312,
                    "expression-node": 254
                },
                {
                    "node-pos": 464,
                    "name": "OtherLongTermDebtLineItems",
                    "part": "4",
                    "replacement-node": 256,
                    "template-line-number": 1317,
                    "expression-node": 257
                },
                {
                    "node-pos": 469,
                    "name": "OtherLongTermDebtLineItems",
                    "part": "5",
                    "replacement-node": 259,
                    "template-line-number": 1323,
                    "expression-node": 260
                },
                {
                    "node-pos": 473,
                    "name": "OtherLongTermDebtLineItems",
                    "part": "6",
                    "replacement-node": 262,
                    "template-line-number": 1328,
                    "expression-node": 263
                },
                {
                    "node-pos": 477,
                    "name": "OtherLongTermDebtLineItems",
                    "part": "7",
                    "replacement-node": 265,
                    "template-line-number": 1333,
                    "expression-node": 266
                },
                {
                    "node-pos": 481,
                    "name": "OtherLongTermDebtLineItems",
                    "part": "8",
                    "replacement-node": 268,
                    "template-line-number": 1338,
                    "expression-node": 269
                },
                {
                    "node-pos": 485,
                    "name": "OtherLongTermDebtLineItems",
                    "part": "9",
                    "replacement-node": 271,
                    "template-line-number": 1343,
                    "expression-node": 272
                }
            ],
            "name": "OtherLongTermDebtLineItems"
        },
        "rule-12": [
            {
                "html": true,
                "node-pos": 58,
                "part": null,
                "replacement-node": 33,
                "template-line-number": 99
            }
        ],
        "rule-19": [
            {
                "node-pos": 197,
                "part": null,
                "replacement-node": 103,
                "template-line-number": 582,
                "expression-node": 104
            }
        ],
        "rule-5": [
            {
                "html": true,
                "node-pos": 26,
                "part": null,
                "replacement-node": 12,
                "template-line-number": 49
            }
        ],
        "rule-24": [
            {
                "node-pos": 288,
                "part": null,
                "replacement-node": 157,
                "template-line-number": 817,
                "expression-node": 158
            }
        ],
        "rule-20": [
            {
                "node-pos": 201,
                "part": null,
                "replacement-node": 106,
                "template-line-number": 591,
                "expression-node": 107
            }
        ],
        "rule-14": [
            {
                "node-pos": 170,
                "part": null,
                "replacement-node": 88,
                "template-line-number": 523
            }
        ],
        "rule-40": [
            {
                "node-pos": 433,
                "part": null,
                "replacement-node": 243,
                "template-line-number": 1184
            }
        ],
        "rule-27": [
            {
                "node-pos": 301,
                "part": null,
                "replacement-node": 166,
                "template-line-number": 845,
                "expression-node": 167
            }
        ],
        "rule-33": [
            {
                "node-pos": 400,
                "part": null,
                "replacement-node": 223,
                "template-line-number": 1104,
                "expression-node": 224
            }
        ],
        "rule-59": {
            "subs": [
                {
                    "node-pos": 265,
                    "name": "ReacquiredBondsLineItems",
                    "part": "10",
                    "replacement-node": 142,
                    "template-line-number": 771,
                    "expression-node": 143
                },
                {
                    "node-pos": 269,
                    "name": "ReacquiredBondsLineItems",
                    "part": "11",
                    "replacement-node": 145,
                    "template-line-number": 776,
                    "expression-node": 146
                },
                {
                    "node-pos": 273,
                    "name": "ReacquiredBondsLineItems",
                    "part": "12",
                    "replacement-node": 148,
                    "template-line-number": 781,
                    "expression-node": 149
                },
                {
                    "node-pos": 277,
                    "name": "ReacquiredBondsLineItems",
                    "part": "13",
                    "replacement-node": 151,
                    "template-line-number": 786,
                    "expression-node": 152
                },
                {
                    "node-pos": 232,
                    "name": "ReacquiredBondsLineItems",
                    "part": "2",
                    "replacement-node": 118,
                    "template-line-number": 730,
                    "expression-node": 119
                },
                {
                    "node-pos": 236,
                    "name": "ReacquiredBondsLineItems",
                    "part": "3",
                    "replacement-node": 121,
                    "template-line-number": 735,
                    "expression-node": 122
                },
                {
                    "node-pos": 240,
                    "name": "ReacquiredBondsLineItems",
                    "part": "4",
                    "replacement-node": 124,
                    "template-line-number": 740,
                    "expression-node": 125
                },
                {
                    "node-pos": 245,
                    "name": "ReacquiredBondsLineItems",
                    "part": "5",
                    "replacement-node": 127,
                    "template-line-number": 746,
                    "expression-node": 128
                },
                {
                    "node-pos": 249,
                    "name": "ReacquiredBondsLineItems",
                    "part": "6",
                    "replacement-node": 130,
                    "template-line-number": 751,
                    "expression-node": 131
                },
                {
                    "node-pos": 253,
                    "name": "ReacquiredBondsLineItems",
                    "part": "7",
                    "replacement-node": 133,
                    "template-line-number": 756,
                    "expression-node": 134
                },
                {
                    "node-pos": 257,
                    "name": "ReacquiredBondsLineItems",
                    "part": "8",
                    "replacement-node": 136,
                    "template-line-number": 761,
                    "expression-node": 137
                },
                {
                    "node-pos": 261,
                    "name": "ReacquiredBondsLineItems",
                    "part": "9",
                    "replacement-node": 139,
                    "template-line-number": 766,
                    "expression-node": 140
                }
            ],
            "name": "ReacquiredBondsLineItems"
        },
        "rule-11": [
            {
                "node-pos": 53,
                "part": null,
                "replacement-node": 30,
                "template-line-number": 88
            }
        ],
        "rule-13": [
            {
                "node-pos": 97,
                "part": null,
                "replacement-node": 45,
                "template-line-number": 352
            }
        ],
        "rule-23": [
            {
                "node-pos": 282,
                "part": null,
                "replacement-node": 154,
                "template-line-number": 795
            }
        ],
        "rule-37": [
            {
                "node-pos": 421,
                "part": null,
                "replacement-node": 235,
                "template-line-number": 1145,
                "expression-node": 236
            }
        ],
        "rule-52": [
            {
                "node-pos": 621,
                "part": null,
                "replacement-node": 353,
                "template-line-number": 1651,
                "expression-node": 354
            }
        ],
        "rule-31": [
            {
                "node-pos": 321,
                "part": null,
                "replacement-node": 177,
                "template-line-number": 893
            }
        ],
        "rule-8": [
            {
                "node-pos": 39,
                "part": null,
                "replacement-node": 21,
                "template-line-number": 69
            }
        ],
        "rule-35": [
            {
                "node-pos": 409,
                "part": null,
                "replacement-node": 229,
                "template-line-number": 1123,
                "expression-node": 230
            }
        ],
        "rule-21": [
            {
                "node-pos": 206,
                "part": null,
                "replacement-node": 109,
                "template-line-number": 602
            }
        ],
        "rule-18": [
            {
                "node-pos": 189,
                "part": null,
                "replacement-node": 100,
                "template-line-number": 569,
                "expression-node": 101
            }
        ],
        "rule-15": [
            {
                "node-pos": 176,
                "part": null,
                "replacement-node": 91,
                "template-line-number": 541,
                "expression-node": 92
            }
        ],
        "rule-28": [
            {
                "node-pos": 309,
                "part": null,
                "replacement-node": 169,
                "template-line-number": 858,
                "expression-node": 170
            }
        ],
        "rule-38": [
            {
                "node-pos": 425,
                "part": null,
                "replacement-node": 238,
                "template-line-number": 1154,
                "expression-node": 239
            }
        ],
        "rule-9": [
            {
                "node-pos": 43,
                "part": null,
                "replacement-node": 24,
                "template-line-number": 73,
                "expression-node": 25
            }
        ],
        "rule-22": [
            {
                "node-pos": 209,
                "part": null,
                "replacement-node": 111,
                "template-line-number": 614
            }
        ],
        "rule-2": [
            {
                "node-pos": 13,
                "part": null,
                "replacement-node": 3,
                "template-line-number": 25,
                "expression-node": 4
            }
        ],
        "rule-16": [
            {
                "node-pos": 181,
                "part": null,
                "replacement-node": 94,
                "template-line-number": 551,
                "expression-node": 95
            }
        ],
        "rule-53": [
            {
                "node-pos": 625,
                "part": null,
                "replacement-node": 356,
                "template-line-number": 1656
            }
        ],
        "rule-34": [
            {
                "node-pos": 405,
                "part": null,
                "replacement-node": 226,
                "template-line-number": 1114,
                "expression-node": 227
            }
        ],
        "rule-25": [
            {
                "node-pos": 293,
                "part": null,
                "replacement-node": 160,
                "template-line-number": 827,
                "expression-node": 161
            }
        ],
        "rule-58": {
            "subs": [
                {
                    "node-pos": 588,
                    "name": "LongTermDebtLineItems",
                    "part": "10",
                    "replacement-node": 338,
                    "template-line-number": 1591,
                    "expression-node": 339
                },
                {
                    "node-pos": 552,
                    "name": "LongTermDebtLineItems",
                    "part": "2",
                    "replacement-node": 314,
                    "template-line-number": 1545,
                    "expression-node": 315
                },
                {
                    "node-pos": 557,
                    "name": "LongTermDebtLineItems",
                    "part": "3",
                    "replacement-node": 317,
                    "template-line-number": 1553,
                    "expression-node": 318
                },
                {
                    "node-pos": 561,
                    "name": "LongTermDebtLineItems",
                    "part": "4",
                    "replacement-node": 320,
                    "template-line-number": 1558,
                    "expression-node": 321
                },
                {
                    "node-pos": 568,
                    "name": "LongTermDebtLineItems",
                    "part": "5",
                    "replacement-node": 323,
                    "template-line-number": 1566,
                    "expression-node": 324
                },
                {
                    "node-pos": 572,
                    "name": "LongTermDebtLineItems",
                    "part": "6",
                    "replacement-node": 326,
                    "template-line-number": 1571,
                    "expression-node": 327
                },
                {
                    "node-pos": 576,
                    "name": "LongTermDebtLineItems",
                    "part": "7",
                    "replacement-node": 329,
                    "template-line-number": 1576,
                    "expression-node": 330
                },
                {
                    "node-pos": 580,
                    "name": "LongTermDebtLineItems",
                    "part": "8",
                    "replacement-node": 332,
                    "template-line-number": 1581,
                    "expression-node": 333
                },
                {
                    "node-pos": 584,
                    "name": "LongTermDebtLineItems",
                    "part": "9",
                    "replacement-node": 335,
                    "template-line-number": 1586,
                    "expression-node": 336
                }
            ],
            "name": "LongTermDebtLineItems"
        },
        "rule-17": [
            {
                "node-pos": 185,
                "part": null,
                "replacement-node": 97,
                "template-line-number": 560,
                "expression-node": 98
            }
        ],
        "rule-50": [
            {
                "node-pos": 611,
                "part": null,
                "replacement-node": 347,
                "template-line-number": 1629,
                "expression-node": 348
            }
        ],
        "rule-56": {
            "subs": [
                {
                    "extras": {},
                    "node-pos": 543,
                    "name": "LongTermDebtHeader",
                    "part": "1",
                    "replacement-node": 308,
                    "template-line-number": 1471
                }
            ],
            "name": "LongTermDebtHeader"
        },
        "rule-42": [
            {
                "node-pos": 512,
                "part": null,
                "replacement-node": 289,
                "template-line-number": 1402,
                "expression-node": 290
            }
        ],
        "rule-46": [
            {
                "node-pos": 533,
                "part": null,
                "replacement-node": 301,
                "template-line-number": 1443,
                "expression-node": 302
            }
        ],
        "rule-7": [
            {
                "node-pos": 35,
                "part": null,
                "replacement-node": 18,
                "template-line-number": 64,
                "expression-node": 19
            }
        ],
        "rule-57": {
            "subs": [
                {
                    "node-pos": 153,
                    "name": "BondsLineItems",
                    "part": "10",
                    "replacement-node": 76,
                    "template-line-number": 499,
                    "expression-node": 77
                },
                {
                    "node-pos": 157,
                    "name": "BondsLineItems",
                    "part": "11",
                    "replacement-node": 79,
                    "template-line-number": 504,
                    "expression-node": 80
                },
                {
                    "node-pos": 161,
                    "name": "BondsLineItems",
                    "part": "12",
                    "replacement-node": 82,
                    "template-line-number": 509,
                    "expression-node": 83
                },
                {
                    "node-pos": 165,
                    "name": "BondsLineItems",
                    "part": "13",
                    "replacement-node": 85,
                    "template-line-number": 514,
                    "expression-node": 86
                },
                {
                    "node-pos": 120,
                    "name": "BondsLineItems",
                    "part": "2",
                    "replacement-node": 52,
                    "template-line-number": 458,
                    "expression-node": 53
                },
                {
                    "node-pos": 124,
                    "name": "BondsLineItems",
                    "part": "3",
                    "replacement-node": 55,
                    "template-line-number": 463,
                    "expression-node": 56
                },
                {
                    "node-pos": 128,
                    "name": "BondsLineItems",
                    "part": "4",
                    "replacement-node": 58,
                    "template-line-number": 468,
                    "expression-node": 59
                },
                {
                    "node-pos": 133,
                    "name": "BondsLineItems",
                    "part": "5",
                    "replacement-node": 61,
                    "template-line-number": 474,
                    "expression-node": 62
                },
                {
                    "node-pos": 137,
                    "name": "BondsLineItems",
                    "part": "6",
                    "replacement-node": 64,
                    "template-line-number": 479,
                    "expression-node": 65
                },
                {
                    "node-pos": 141,
                    "name": "BondsLineItems",
                    "part": "7",
                    "replacement-node": 67,
                    "template-line-number": 484,
                    "expression-node": 68
                },
                {
                    "node-pos": 145,
                    "name": "BondsLineItems",
                    "part": "8",
                    "replacement-node": 70,
                    "template-line-number": 489,
                    "expression-node": 71
                },
                {
                    "node-pos": 149,
                    "name": "BondsLineItems",
                    "part": "9",
                    "replacement-node": 73,
                    "template-line-number": 494,
                    "expression-node": 74
                }
            ],
            "name": "BondsLineItems"
        },
        "rule-41": [
            {
                "node-pos": 506,
                "part": null,
                "replacement-node": 286,
                "template-line-number": 1372
            }
        ],
        "rule-29": [
            {
                "node-pos": 313,
                "part": null,
                "replacement-node": 172,
                "template-line-number": 867,
                "expression-node": 173
            }
        ],
        "rule-3": [
            {
                "node-pos": 17,
                "part": null,
                "replacement-node": 6,
                "template-line-number": 31
            }
        ],
        "rule-48": [
            {
                "node-pos": 596,
                "part": null,
                "replacement-node": 341,
                "template-line-number": 1604,
                "expression-node": 342
            }
        ],
        "rule-55": {
            "subs": [
                {
                    "node-pos": 377,
                    "name": "AdvancesLineItems",
                    "part": "10",
                    "replacement-node": 208,
                    "template-line-number": 1053,
                    "expression-node": 209
                },
                {
                    "node-pos": 381,
                    "name": "AdvancesLineItems",
                    "part": "11",
                    "replacement-node": 211,
                    "template-line-number": 1058,
                    "expression-node": 212
                },
                {
                    "node-pos": 385,
                    "name": "AdvancesLineItems",
                    "part": "12",
                    "replacement-node": 214,
                    "template-line-number": 1063,
                    "expression-node": 215
                },
                {
                    "node-pos": 389,
                    "name": "AdvancesLineItems",
                    "part": "13",
                    "replacement-node": 217,
                    "template-line-number": 1068,
                    "expression-node": 218
                },
                {
                    "node-pos": 344,
                    "name": "AdvancesLineItems",
                    "part": "2",
                    "replacement-node": 184,
                    "template-line-number": 1012,
                    "expression-node": 185
                },
                {
                    "node-pos": 348,
                    "name": "AdvancesLineItems",
                    "part": "3",
                    "replacement-node": 187,
                    "template-line-number": 1017,
                    "expression-node": 188
                },
                {
                    "node-pos": 352,
                    "name": "AdvancesLineItems",
                    "part": "4",
                    "replacement-node": 190,
                    "template-line-number": 1022,
                    "expression-node": 191
                },
                {
                    "node-pos": 357,
                    "name": "AdvancesLineItems",
                    "part": "5",
                    "replacement-node": 193,
                    "template-line-number": 1028,
                    "expression-node": 194
                },
                {
                    "node-pos": 361,
                    "name": "AdvancesLineItems",
                    "part": "6",
                    "replacement-node": 196,
                    "template-line-number": 1033,
                    "expression-node": 197
                },
                {
                    "node-pos": 365,
                    "name": "AdvancesLineItems",
                    "part": "7",
                    "replacement-node": 199,
                    "template-line-number": 1038,
                    "expression-node": 200
                },
                {
                    "node-pos": 369,
                    "name": "AdvancesLineItems",
                    "part": "8",
                    "replacement-node": 202,
                    "template-line-number": 1043,
                    "expression-node": 203
                },
                {
                    "node-pos": 373,
                    "name": "AdvancesLineItems",
                    "part": "9",
                    "replacement-node": 205,
                    "template-line-number": 1048,
                    "expression-node": 206
                }
            ],
            "name": "AdvancesLineItems"
        },
        "rule-6": [
            {
                "node-pos": 31,
                "part": null,
                "replacement-node": 15,
                "template-line-number": 60
            }
        ],
        "rule-43": [
            {
                "node-pos": 517,
                "part": null,
                "replacement-node": 292,
                "template-line-number": 1412,
                "expression-node": 293
            }
        ],
        "rule-32": [
            {
                "node-pos": 394,
                "part": null,
                "replacement-node": 220,
                "template-line-number": 1077
            }
        ],
        "rule-45": [
            {
                "node-pos": 525,
                "part": null,
                "replacement-node": 298,
                "template-line-number": 1430,
                "expression-node": 299
            }
        ],
        "rule-61": {
            "subs": [
                {
                    "extras": {},
                    "html": true,
                    "node-pos": 87,
                    "name": "LongTermDebtHeadings",
                    "part": "1",
                    "replacement-node": 39,
                    "template-line-number": 146
                },
                {
                    "extras": {},
                    "node-pos": 91,
                    "name": "LongTermDebtHeadings",
                    "part": "2",
                    "replacement-node": 42,
                    "template-line-number": 155
                },
                {
                    "extras": {},
                    "node-pos": 85,
                    "name": "LongTermDebtHeadings",
                    "part": "3",
                    "replacement-node": 37,
                    "template-line-number": 142
                }
            ],
            "name": "LongTermDebtHeadings"
        },
        "rule-51": [
            {
                "node-pos": 615,
                "part": null,
                "replacement-node": 350,
                "template-line-number": 1638,
                "expression-node": 351
            }
        ],
        "rule-44": [
            {
                "node-pos": 521,
                "part": null,
                "replacement-node": 295,
                "template-line-number": 1421,
                "expression-node": 296
            }
        ],
        "rule-54": [
            {
                "node-pos": 629,
                "part": null,
                "replacement-node": 359,
                "template-line-number": 1665
            }
        ],
        "rule-36": [
            {
                "node-pos": 413,
                "part": null,
                "replacement-node": 232,
                "template-line-number": 1132,
                "expression-node": 233
            }
        ],
        "rule-26": [
            {
                "node-pos": 297,
                "part": null,
                "replacement-node": 163,
                "template-line-number": 836,
                "expression-node": 164
            }
        ],
        "rule-47": [
            {
                "node-pos": 537,
                "part": null,
                "replacement-node": 304,
                "template-line-number": 1452,
                "expression-node": 305
            }
        ],
        "rule-39": [
            {
                "node-pos": 430,
                "part": null,
                "replacement-node": 241,
                "template-line-number": 1164
            }
        ],
        "rule-30": [
            {
                "node-pos": 318,
                "part": null,
                "replacement-node": 175,
                "template-line-number": 877
            }
        ],
        "rule-10": [
            {
                "node-pos": 47,
                "part": null,
                "replacement-node": 27,
                "template-line-number": 78,
                "expression-node": 28
            }
        ]
    }
}