{
    "showifs": {
        "rule-1": {
            "template-line-number": 17,
            "type": "showif"
        }
    },
    "line-numbers": {},
    "substitutions": {
        "rule-11": [
            {
                "expression-node": 29,
                "node-pos": 49,
                "replacement-node": 28,
                "template-line-number": 87,
                "part": null
            }
        ],
        "rule-12": [
            {
                "node-pos": 55,
                "replacement-node": 31,
                "template-line-number": 97,
                "part": null
            }
        ],
        "rule-4": [
            {
                "node-pos": 18,
                "replacement-node": 7,
                "template-line-number": 38,
                "part": null
            }
        ],
        "rule-17": {
            "subs": [
                {
                    "node-pos": 84,
                    "name": "CFLineItems",
                    "replacement-node": 45,
                    "template-line-number": 331,
                    "part": "1",
                    "extras": {}
                },
                {
                    "expression-node": 51,
                    "node-pos": 92,
                    "name": "CFLineItems",
                    "replacement-node": 50,
                    "template-line-number": 344,
                    "part": "2"
                },
                {
                    "expression-node": 56,
                    "node-pos": 98,
                    "name": "CFLineItems",
                    "replacement-node": 55,
                    "template-line-number": 355,
                    "part": "4"
                },
                {
                    "expression-node": 60,
                    "node-pos": 103,
                    "name": "CFLineItems",
                    "replacement-node": 59,
                    "template-line-number": 366,
                    "part": "4"
                },
                {
                    "expression-node": 64,
                    "node-pos": 108,
                    "name": "CFLineItems",
                    "replacement-node": 63,
                    "template-line-number": 375,
                    "part": "5"
                },
                {
                    "node-pos": 90,
                    "name": "CFLineItems",
                    "replacement-node": 48,
                    "template-line-number": 338,
                    "part": "6",
                    "extras": {}
                }
            ],
            "name": "CFLineItems"
        },
        "rule-18": {
            "subs": [
                {
                    "node-pos": 74,
                    "name": "ISHeadings",
                    "replacement-node": 38,
                    "template-line-number": 137,
                    "part": "1",
                    "extras": {}
                },
                {
                    "node-pos": 78,
                    "name": "ISHeadings",
                    "replacement-node": 41,
                    "template-line-number": 144,
                    "part": "2",
                    "extras": {}
                }
            ],
            "name": "ISHeadings"
        },
        "rule-8": [
            {
                "expression-node": 20,
                "node-pos": 36,
                "replacement-node": 19,
                "template-line-number": 72,
                "part": null
            }
        ],
        "rule-16": [
            {
                "node-pos": 123,
                "replacement-node": 73,
                "template-line-number": 403,
                "part": null
            }
        ],
        "rule-13": [
            {
                "node-pos": 60,
                "replacement-node": 34,
                "template-line-number": 108,
                "part": null,
                "html": true
            }
        ],
        "rule-2": [
            {
                "node-pos": 10,
                "replacement-node": 1,
                "template-line-number": 27,
                "part": null
            }
        ],
        "rule-6": [
            {
                "node-pos": 27,
                "replacement-node": 13,
                "template-line-number": 56,
                "part": null,
                "html": true
            }
        ],
        "rule-10": [
            {
                "expression-node": 26,
                "node-pos": 45,
                "replacement-node": 25,
                "template-line-number": 82,
                "part": null
            }
        ],
        "rule-15": [
            {
                "node-pos": 119,
                "replacement-node": 70,
                "template-line-number": 394,
                "part": null
            }
        ],
        "rule-3": [
            {
                "expression-node": 5,
                "node-pos": 14,
                "replacement-node": 4,
                "template-line-number": 32,
                "part": null
            }
        ],
        "rule-9": [
            {
                "node-pos": 40,
                "replacement-node": 22,
                "template-line-number": 77,
                "part": null
            }
        ],
        "rule-5": [
            {
                "node-pos": 22,
                "replacement-node": 10,
                "template-line-number": 44,
                "part": null,
                "html": true
            }
        ],
        "rule-7": [
            {
                "node-pos": 32,
                "replacement-node": 16,
                "template-line-number": 67,
                "part": null
            }
        ],
        "rule-14": [
            {
                "expression-node": 68,
                "node-pos": 115,
                "replacement-node": 67,
                "template-line-number": 389,
                "part": null
            }
        ]
    }
}