{
    "showifs": {
        "rule-1": {
            "type": "showif",
            "template-line-number": 18
        }
    },
    "line-numbers": {
        "PaymentsForServicesRenderedByOtherThanEmployees": [
            {
                "start-number": 1,
                "template-line-number": 195,
                "line-number-node": 45
            }
        ]
    },
    "substitutions": {
        "rule-5": [
            {
                "node-pos": 23,
                "replacement-node": 10,
                "template-line-number": 46,
                "part": null,
                "html": true
            }
        ],
        "rule-4": [
            {
                "node-pos": 19,
                "replacement-node": 7,
                "template-line-number": 40,
                "part": null
            }
        ],
        "rule-11": [
            {
                "node-pos": 49,
                "replacement-node": 28,
                "template-line-number": 89,
                "part": null,
                "expression-node": 29
            }
        ],
        "rule-10": [
            {
                "node-pos": 45,
                "replacement-node": 25,
                "template-line-number": 84,
                "part": null,
                "expression-node": 26
            }
        ],
        "rule-15": [
            {
                "node-pos": 109,
                "replacement-node": 59,
                "template-line-number": 236,
                "part": null,
                "expression-node": 60
            }
        ],
        "rule-17": [
            {
                "node-pos": 117,
                "replacement-node": 65,
                "template-line-number": 250,
                "part": null
            }
        ],
        "rule-18": {
            "name": "PaymentsForServicesRenderedByOtherThanEmployees",
            "subs": [
                {
                    "name": "PaymentsForServicesRenderedByOtherThanEmployees",
                    "part": "2",
                    "replacement-node": 47,
                    "node-pos": 87,
                    "template-line-number": 198,
                    "expression-node": 48
                },
                {
                    "name": "PaymentsForServicesRenderedByOtherThanEmployees",
                    "part": "3",
                    "replacement-node": 50,
                    "node-pos": 91,
                    "template-line-number": 203,
                    "expression-node": 51
                },
                {
                    "name": "PaymentsForServicesRenderedByOtherThanEmployees",
                    "part": "4",
                    "replacement-node": 53,
                    "node-pos": 95,
                    "template-line-number": 208,
                    "expression-node": 54
                }
            ]
        },
        "rule-2": [
            {
                "node-pos": 11,
                "replacement-node": 1,
                "template-line-number": 28,
                "part": null
            }
        ],
        "rule-19": {
            "name": "ColumnHeadings",
            "subs": [
                {
                    "name": "ColumnHeadings",
                    "part": "1",
                    "replacement-node": 38,
                    "node-pos": 74,
                    "template-line-number": 140,
                    "extras": {}
                },
                {
                    "name": "ColumnHeadings",
                    "part": "2",
                    "replacement-node": 41,
                    "node-pos": 78,
                    "template-line-number": 147,
                    "extras": {}
                }
            ]
        },
        "rule-14": [
            {
                "node-pos": 103,
                "replacement-node": 56,
                "template-line-number": 222,
                "part": null,
                "expression-node": 57
            }
        ],
        "rule-3": [
            {
                "node-pos": 15,
                "replacement-node": 4,
                "template-line-number": 34,
                "part": null,
                "expression-node": 5
            }
        ],
        "rule-7": [
            {
                "node-pos": 33,
                "replacement-node": 16,
                "template-line-number": 69,
                "part": null
            }
        ],
        "rule-13": [
            {
                "node-pos": 60,
                "replacement-node": 34,
                "template-line-number": 111,
                "part": null,
                "html": true
            }
        ],
        "rule-9": [
            {
                "node-pos": 41,
                "replacement-node": 22,
                "template-line-number": 79,
                "part": null
            }
        ],
        "rule-6": [
            {
                "node-pos": 28,
                "replacement-node": 13,
                "template-line-number": 58,
                "part": null,
                "html": true
            }
        ],
        "rule-12": [
            {
                "node-pos": 55,
                "replacement-node": 31,
                "template-line-number": 100,
                "part": null
            }
        ],
        "rule-16": [
            {
                "node-pos": 113,
                "replacement-node": 62,
                "template-line-number": 241,
                "part": null
            }
        ],
        "rule-8": [
            {
                "node-pos": 37,
                "replacement-node": 19,
                "template-line-number": 74,
                "part": null,
                "expression-node": 20
            }
        ]
    }
}