{
    "line-numbers": {
        "MiscItems6": [
            {
                "line-number-node": 169,
                "start-number": 1,
                "template-line-number": 717
            }
        ],
        "MiscItems": [
            {
                "line-number-node": 193,
                "start-number": 1,
                "template-line-number": 816
            }
        ],
        "MiscItems5": [
            {
                "line-number-node": 145,
                "start-number": 1,
                "template-line-number": 616
            }
        ],
        "MiscItems2": [
            {
                "line-number-node": 73,
                "start-number": 1,
                "template-line-number": 311
            }
        ],
        "MiscItems4": [
            {
                "line-number-node": 121,
                "start-number": 1,
                "template-line-number": 514
            }
        ],
        "MiscItems1": [
            {
                "line-number-node": 49,
                "start-number": 1,
                "template-line-number": 206
            }
        ],
        "MiscItems3": [
            {
                "line-number-node": 97,
                "start-number": 1,
                "template-line-number": 412
            }
        ]
    },
    "substitutions": {
        "rule-11": [
            {
                "part": null,
                "replacement-node": 30,
                "node-pos": 54,
                "template-line-number": 94
            }
        ],
        "rule-17": [
            {
                "part": null,
                "replacement-node": 87,
                "node-pos": 146,
                "template-line-number": 338
            }
        ],
        "rule-13": [
            {
                "part": null,
                "replacement-node": 45,
                "node-pos": 82,
                "template-line-number": 155
            }
        ],
        "rule-16": [
            {
                "part": null,
                "replacement-node": 69,
                "node-pos": 119,
                "template-line-number": 257
            }
        ],
        "rule-10": [
            {
                "part": null,
                "expression-node": 28,
                "replacement-node": 27,
                "node-pos": 48,
                "template-line-number": 84
            }
        ],
        "rule-27": [
            {
                "part": null,
                "expression-node": 163,
                "replacement-node": 162,
                "node-pos": 262,
                "template-line-number": 655
            }
        ],
        "rule-41": {
            "subs": [
                {
                    "part": "2",
                    "expression-node": 124,
                    "name": "MiscItems4",
                    "replacement-node": 123,
                    "node-pos": 203,
                    "template-line-number": 517
                },
                {
                    "part": "3",
                    "expression-node": 127,
                    "name": "MiscItems4",
                    "replacement-node": 126,
                    "node-pos": 207,
                    "template-line-number": 522
                },
                {
                    "part": "4",
                    "expression-node": 130,
                    "name": "MiscItems4",
                    "replacement-node": 129,
                    "node-pos": 211,
                    "template-line-number": 527
                },
                {
                    "part": "5",
                    "expression-node": 133,
                    "name": "MiscItems4",
                    "replacement-node": 132,
                    "node-pos": 215,
                    "template-line-number": 532
                }
            ],
            "name": "MiscItems4"
        },
        "rule-23": [
            {
                "part": null,
                "replacement-node": 135,
                "node-pos": 220,
                "template-line-number": 541
            }
        ],
        "rule-6": [
            {
                "part": null,
                "replacement-node": 15,
                "node-pos": 32,
                "template-line-number": 64
            }
        ],
        "rule-32": [
            {
                "part": null,
                "replacement-node": 210,
                "node-pos": 335,
                "template-line-number": 850
            }
        ],
        "rule-31": [
            {
                "part": null,
                "expression-node": 208,
                "replacement-node": 207,
                "node-pos": 331,
                "template-line-number": 845
            }
        ],
        "rule-15": [
            {
                "part": null,
                "expression-node": 67,
                "replacement-node": 66,
                "node-pos": 114,
                "template-line-number": 245
            }
        ],
        "rule-8": [
            {
                "part": null,
                "replacement-node": 21,
                "node-pos": 40,
                "template-line-number": 74
            }
        ],
        "rule-21": [
            {
                "part": null,
                "expression-node": 115,
                "replacement-node": 114,
                "node-pos": 188,
                "template-line-number": 451
            }
        ],
        "rule-36": {
            "subs": [
                {
                    "part": "2",
                    "expression-node": 148,
                    "name": "MiscItems5",
                    "replacement-node": 147,
                    "node-pos": 240,
                    "template-line-number": 619
                },
                {
                    "part": "3",
                    "expression-node": 151,
                    "name": "MiscItems5",
                    "replacement-node": 150,
                    "node-pos": 244,
                    "template-line-number": 624
                },
                {
                    "part": "4",
                    "expression-node": 154,
                    "name": "MiscItems5",
                    "replacement-node": 153,
                    "node-pos": 248,
                    "template-line-number": 629
                },
                {
                    "part": "5",
                    "expression-node": 157,
                    "name": "MiscItems5",
                    "replacement-node": 156,
                    "node-pos": 252,
                    "template-line-number": 634
                }
            ],
            "name": "MiscItems5"
        },
        "rule-18": [
            {
                "part": null,
                "expression-node": 91,
                "replacement-node": 90,
                "node-pos": 151,
                "template-line-number": 350
            }
        ],
        "rule-25": [
            {
                "part": null,
                "replacement-node": 141,
                "node-pos": 230,
                "template-line-number": 565
            }
        ],
        "rule-40": {
            "subs": [
                {
                    "part": "1",
                    "name": "MiscItemsHeader",
                    "extras": {},
                    "replacement-node": 190,
                    "node-pos": 305,
                    "template-line-number": 776
                }
            ],
            "name": "MiscItemsHeader"
        },
        "rule-26": [
            {
                "part": null,
                "replacement-node": 159,
                "node-pos": 257,
                "template-line-number": 643
            }
        ],
        "rule-5": [
            {
                "part": null,
                "html": true,
                "replacement-node": 12,
                "node-pos": 27,
                "template-line-number": 53
            }
        ],
        "rule-34": {
            "subs": [
                {
                    "part": "2",
                    "expression-node": 172,
                    "name": "MiscItems6",
                    "replacement-node": 171,
                    "node-pos": 277,
                    "template-line-number": 720
                },
                {
                    "part": "3",
                    "expression-node": 175,
                    "name": "MiscItems6",
                    "replacement-node": 174,
                    "node-pos": 281,
                    "template-line-number": 725
                },
                {
                    "part": "4",
                    "expression-node": 178,
                    "name": "MiscItems6",
                    "replacement-node": 177,
                    "node-pos": 285,
                    "template-line-number": 730
                },
                {
                    "part": "5",
                    "expression-node": 181,
                    "name": "MiscItems6",
                    "replacement-node": 180,
                    "node-pos": 289,
                    "template-line-number": 735
                }
            ],
            "name": "MiscItems6"
        },
        "rule-39": {
            "subs": [
                {
                    "part": "2",
                    "expression-node": 52,
                    "name": "MiscItems1",
                    "replacement-node": 51,
                    "node-pos": 92,
                    "template-line-number": 209
                },
                {
                    "part": "3",
                    "expression-node": 55,
                    "name": "MiscItems1",
                    "replacement-node": 54,
                    "node-pos": 96,
                    "template-line-number": 214
                },
                {
                    "part": "4",
                    "expression-node": 58,
                    "name": "MiscItems1",
                    "replacement-node": 57,
                    "node-pos": 100,
                    "template-line-number": 219
                },
                {
                    "part": "5",
                    "expression-node": 61,
                    "name": "MiscItems1",
                    "replacement-node": 60,
                    "node-pos": 104,
                    "template-line-number": 224
                }
            ],
            "name": "MiscItems1"
        },
        "rule-28": [
            {
                "part": null,
                "replacement-node": 165,
                "node-pos": 267,
                "template-line-number": 667
            }
        ],
        "rule-33": [
            {
                "part": null,
                "replacement-node": 213,
                "node-pos": 339,
                "template-line-number": 859
            }
        ],
        "rule-29": [
            {
                "part": null,
                "replacement-node": 183,
                "node-pos": 294,
                "template-line-number": 744
            }
        ],
        "rule-22": [
            {
                "part": null,
                "replacement-node": 117,
                "node-pos": 193,
                "template-line-number": 463
            }
        ],
        "rule-20": [
            {
                "part": null,
                "replacement-node": 111,
                "node-pos": 183,
                "template-line-number": 439
            }
        ],
        "rule-2": [
            {
                "part": null,
                "expression-node": 4,
                "replacement-node": 3,
                "node-pos": 14,
                "template-line-number": 29
            }
        ],
        "rule-4": [
            {
                "part": null,
                "html": true,
                "replacement-node": 9,
                "node-pos": 22,
                "template-line-number": 41
            }
        ],
        "rule-12": [
            {
                "part": null,
                "html": true,
                "replacement-node": 33,
                "node-pos": 59,
                "template-line-number": 105
            }
        ],
        "rule-7": [
            {
                "part": null,
                "expression-node": 19,
                "replacement-node": 18,
                "node-pos": 36,
                "template-line-number": 69
            }
        ],
        "rule-24": [
            {
                "part": null,
                "expression-node": 139,
                "replacement-node": 138,
                "node-pos": 225,
                "template-line-number": 553
            }
        ],
        "rule-9": [
            {
                "part": null,
                "expression-node": 25,
                "replacement-node": 24,
                "node-pos": 44,
                "template-line-number": 79
            }
        ],
        "rule-1": [
            {
                "part": null,
                "replacement-node": 0,
                "node-pos": 10,
                "template-line-number": 23
            }
        ],
        "rule-3": [
            {
                "part": null,
                "replacement-node": 6,
                "node-pos": 18,
                "template-line-number": 35
            }
        ],
        "rule-19": [
            {
                "part": null,
                "replacement-node": 93,
                "node-pos": 156,
                "template-line-number": 362
            }
        ],
        "rule-42": {
            "subs": [
                {
                    "part": "2",
                    "expression-node": 100,
                    "name": "MiscItems3",
                    "replacement-node": 99,
                    "node-pos": 166,
                    "template-line-number": 415
                },
                {
                    "part": "3",
                    "expression-node": 103,
                    "name": "MiscItems3",
                    "replacement-node": 102,
                    "node-pos": 170,
                    "template-line-number": 420
                },
                {
                    "part": "4",
                    "expression-node": 106,
                    "name": "MiscItems3",
                    "replacement-node": 105,
                    "node-pos": 174,
                    "template-line-number": 425
                },
                {
                    "part": "5",
                    "expression-node": 109,
                    "name": "MiscItems3",
                    "replacement-node": 108,
                    "node-pos": 178,
                    "template-line-number": 430
                }
            ],
            "name": "MiscItems3"
        },
        "rule-38": {
            "subs": [
                {
                    "part": "1",
                    "name": "ColumnHeadings",
                    "extras": {},
                    "replacement-node": 39,
                    "node-pos": 73,
                    "template-line-number": 136
                },
                {
                    "part": "2",
                    "name": "ColumnHeadings",
                    "extras": {},
                    "replacement-node": 42,
                    "node-pos": 77,
                    "template-line-number": 144
                },
                {
                    "part": "3",
                    "name": "ColumnHeadings",
                    "extras": {},
                    "replacement-node": 37,
                    "node-pos": 71,
                    "template-line-number": 132
                }
            ],
            "name": "ColumnHeadings"
        },
        "rule-37": {
            "subs": [
                {
                    "part": "2",
                    "expression-node": 76,
                    "name": "MiscItems2",
                    "replacement-node": 75,
                    "node-pos": 129,
                    "template-line-number": 314
                },
                {
                    "part": "3",
                    "expression-node": 79,
                    "name": "MiscItems2",
                    "replacement-node": 78,
                    "node-pos": 133,
                    "template-line-number": 319
                },
                {
                    "part": "4",
                    "expression-node": 82,
                    "name": "MiscItems2",
                    "replacement-node": 81,
                    "node-pos": 137,
                    "template-line-number": 324
                },
                {
                    "part": "5",
                    "expression-node": 85,
                    "name": "MiscItems2",
                    "replacement-node": 84,
                    "node-pos": 141,
                    "template-line-number": 329
                }
            ],
            "name": "MiscItems2"
        },
        "rule-35": {
            "subs": [
                {
                    "part": "2",
                    "expression-node": 196,
                    "name": "MiscItems",
                    "replacement-node": 195,
                    "node-pos": 313,
                    "template-line-number": 819
                },
                {
                    "part": "3",
                    "expression-node": 199,
                    "name": "MiscItems",
                    "replacement-node": 198,
                    "node-pos": 317,
                    "template-line-number": 824
                },
                {
                    "part": "4",
                    "expression-node": 202,
                    "name": "MiscItems",
                    "replacement-node": 201,
                    "node-pos": 321,
                    "template-line-number": 829
                },
                {
                    "part": "5",
                    "expression-node": 205,
                    "name": "MiscItems",
                    "replacement-node": 204,
                    "node-pos": 325,
                    "template-line-number": 834
                }
            ],
            "name": "MiscItems"
        },
        "rule-14": [
            {
                "part": null,
                "replacement-node": 63,
                "node-pos": 109,
                "template-line-number": 233
            }
        ],
        "rule-30": [
            {
                "part": null,
                "expression-node": 187,
                "replacement-node": 186,
                "node-pos": 299,
                "template-line-number": 756
            }
        ]
    },
    "showifs": {}
}