{
    "showifs": {},
    "substitutions": {
        "rule-18": [
            {
                "node-pos": 110,
                "template-line-number": 240,
                "replacement-node": 58,
                "expression-node": 59,
                "part": null
            }
        ],
        "rule-14": [
            {
                "node-pos": 91,
                "template-line-number": 194,
                "replacement-node": 46,
                "expression-node": 47,
                "part": null
            }
        ],
        "rule-23": [
            {
                "node-pos": 133,
                "template-line-number": 296,
                "replacement-node": 73,
                "expression-node": 74,
                "part": null
            }
        ],
        "rule-22": [
            {
                "node-pos": 129,
                "template-line-number": 286,
                "replacement-node": 70,
                "expression-node": 71,
                "part": null
            }
        ],
        "rule-27": [
            {
                "node-pos": 152,
                "template-line-number": 342,
                "replacement-node": 85,
                "expression-node": 86,
                "part": null
            }
        ],
        "rule-24": [
            {
                "node-pos": 137,
                "template-line-number": 306,
                "replacement-node": 76,
                "expression-node": 77,
                "part": null
            }
        ],
        "rule-32": [
            {
                "node-pos": 207,
                "template-line-number": 516,
                "replacement-node": 118,
                "expression-node": 119,
                "part": null
            }
        ],
        "rule-11": [
            {
                "template-line-number": 113,
                "replacement-node": 30,
                "node-pos": 54,
                "part": null
            }
        ],
        "rule-19": [
            {
                "node-pos": 114,
                "template-line-number": 250,
                "replacement-node": 61,
                "expression-node": 62,
                "part": null
            }
        ],
        "rule-4": [
            {
                "html": true,
                "template-line-number": 41,
                "replacement-node": 9,
                "node-pos": 22,
                "part": null
            }
        ],
        "rule-20": [
            {
                "node-pos": 118,
                "template-line-number": 260,
                "replacement-node": 64,
                "expression-node": 65,
                "part": null
            }
        ],
        "rule-25": [
            {
                "node-pos": 144,
                "template-line-number": 322,
                "replacement-node": 79,
                "expression-node": 80,
                "part": null
            }
        ],
        "rule-12": [
            {
                "html": true,
                "template-line-number": 124,
                "replacement-node": 33,
                "node-pos": 59,
                "part": null
            }
        ],
        "rule-30": [
            {
                "node-pos": 199,
                "template-line-number": 494,
                "replacement-node": 112,
                "expression-node": 113,
                "part": null
            }
        ],
        "rule-8": [
            {
                "template-line-number": 89,
                "replacement-node": 21,
                "node-pos": 40,
                "part": null
            }
        ],
        "rule-17": [
            {
                "node-pos": 106,
                "template-line-number": 230,
                "replacement-node": 55,
                "expression-node": 56,
                "part": null
            }
        ],
        "rule-35": {
            "name": "BSHeadings",
            "subs": [
                {
                    "template-line-number": 150,
                    "extras": {},
                    "node-pos": 69,
                    "part": "1",
                    "name": "BSHeadings",
                    "replacement-node": 37
                },
                {
                    "template-line-number": 157,
                    "extras": {},
                    "node-pos": 73,
                    "part": "2",
                    "name": "BSHeadings",
                    "replacement-node": 40
                }
            ]
        },
        "rule-34": [
            {
                "template-line-number": 541,
                "replacement-node": 124,
                "node-pos": 217,
                "part": null
            }
        ],
        "rule-13": [
            {
                "node-pos": 87,
                "template-line-number": 184,
                "replacement-node": 43,
                "expression-node": 44,
                "part": null
            }
        ],
        "rule-16": [
            {
                "node-pos": 99,
                "template-line-number": 214,
                "replacement-node": 52,
                "expression-node": 53,
                "part": null
            }
        ],
        "rule-29": [
            {
                "node-pos": 195,
                "template-line-number": 483,
                "replacement-node": 109,
                "expression-node": 110,
                "part": null
            }
        ],
        "rule-26": [
            {
                "node-pos": 148,
                "template-line-number": 332,
                "replacement-node": 82,
                "expression-node": 83,
                "part": null
            }
        ],
        "rule-31": [
            {
                "node-pos": 203,
                "template-line-number": 505,
                "replacement-node": 115,
                "expression-node": 116,
                "part": null
            }
        ],
        "rule-3": [
            {
                "template-line-number": 33,
                "replacement-node": 6,
                "node-pos": 18,
                "part": null
            }
        ],
        "rule-21": [
            {
                "node-pos": 125,
                "template-line-number": 276,
                "replacement-node": 67,
                "expression-node": 68,
                "part": null
            }
        ],
        "rule-7": [
            {
                "node-pos": 36,
                "template-line-number": 82,
                "replacement-node": 18,
                "expression-node": 19,
                "part": null
            }
        ],
        "rule-28": [
            {
                "node-pos": 156,
                "template-line-number": 352,
                "replacement-node": 88,
                "expression-node": 89,
                "part": null
            }
        ],
        "rule-1": [
            {
                "template-line-number": 19,
                "replacement-node": 0,
                "node-pos": 10,
                "part": null
            }
        ],
        "rule-33": [
            {
                "template-line-number": 531,
                "replacement-node": 121,
                "node-pos": 213,
                "part": null
            }
        ],
        "rule-10": [
            {
                "node-pos": 48,
                "template-line-number": 102,
                "replacement-node": 27,
                "expression-node": 28,
                "part": null
            }
        ],
        "rule-9": [
            {
                "node-pos": 44,
                "template-line-number": 96,
                "replacement-node": 24,
                "expression-node": 25,
                "part": null
            }
        ],
        "rule-2": [
            {
                "node-pos": 14,
                "template-line-number": 26,
                "replacement-node": 3,
                "expression-node": 4,
                "part": null
            }
        ],
        "rule-6": [
            {
                "template-line-number": 75,
                "replacement-node": 15,
                "node-pos": 32,
                "part": null
            }
        ],
        "rule-36": {
            "name": "IsoOrRtoSettlements",
            "subs": [
                {
                    "template-line-number": 432,
                    "node-pos": 172,
                    "part": "2",
                    "name": "IsoOrRtoSettlements",
                    "replacement-node": 94,
                    "expression-node": 95
                },
                {
                    "template-line-number": 441,
                    "node-pos": 176,
                    "part": "3",
                    "name": "IsoOrRtoSettlements",
                    "replacement-node": 97,
                    "expression-node": 98
                },
                {
                    "template-line-number": 450,
                    "node-pos": 180,
                    "part": "4",
                    "name": "IsoOrRtoSettlements",
                    "replacement-node": 100,
                    "expression-node": 101
                },
                {
                    "template-line-number": 458,
                    "node-pos": 184,
                    "part": "5",
                    "name": "IsoOrRtoSettlements",
                    "replacement-node": 103,
                    "expression-node": 104
                },
                {
                    "template-line-number": 466,
                    "node-pos": 188,
                    "part": "6",
                    "name": "IsoOrRtoSettlements",
                    "replacement-node": 106,
                    "expression-node": 107
                }
            ]
        },
        "rule-5": [
            {
                "html": true,
                "template-line-number": 57,
                "replacement-node": 12,
                "node-pos": 27,
                "part": null
            }
        ],
        "rule-15": [
            {
                "node-pos": 95,
                "template-line-number": 204,
                "replacement-node": 49,
                "expression-node": 50,
                "part": null
            }
        ]
    },
    "line-numbers": {
        "IsoOrRtoSettlements": [
            {
                "template-line-number": 425,
                "line-number-node": 92,
                "start-number": 7
            }
        ]
    }
}