{
    "substitutions": {
        "rule-43": [
            {
                "expression-node": 251,
                "node-pos": 407,
                "replacement-node": 250,
                "template-line-number": 950,
                "part": null
            }
        ],
        "rule-40": [
            {
                "expression-node": 242,
                "node-pos": 395,
                "replacement-node": 241,
                "template-line-number": 923,
                "part": null
            }
        ],
        "rule-11": [
            {
                "expression-node": 29,
                "node-pos": 48,
                "replacement-node": 28,
                "template-line-number": 84,
                "part": null
            }
        ],
        "rule-37": [
            {
                "expression-node": 211,
                "node-pos": 340,
                "replacement-node": 210,
                "template-line-number": 792,
                "part": null
            }
        ],
        "rule-38": [
            {
                "expression-node": 214,
                "node-pos": 344,
                "replacement-node": 213,
                "template-line-number": 801,
                "part": null
            }
        ],
        "rule-19": [
            {
                "node-pos": 179,
                "replacement-node": 100,
                "template-line-number": 402,
                "part": null
            }
        ],
        "rule-22": [
            {
                "expression-node": 110,
                "node-pos": 192,
                "replacement-node": 109,
                "template-line-number": 433,
                "part": null
            }
        ],
        "rule-45": [
            {
                "node-pos": 417,
                "replacement-node": 256,
                "template-line-number": 969,
                "part": null
            }
        ],
        "rule-7": [
            {
                "node-pos": 32,
                "replacement-node": 16,
                "template-line-number": 66,
                "part": null
            }
        ],
        "rule-10": [
            {
                "expression-node": 26,
                "node-pos": 44,
                "replacement-node": 25,
                "template-line-number": 79,
                "part": null
            }
        ],
        "rule-47": {
            "name": "APLineItems3",
            "subs": [
                {
                    "template-line-number": 861,
                    "node-pos": 357,
                    "part": "1",
                    "replacement-node": 217,
                    "extras": {},
                    "name": "APLineItems3"
                },
                {
                    "template-line-number": 872,
                    "node-pos": 365,
                    "part": "2",
                    "replacement-node": 222,
                    "extras": {},
                    "name": "APLineItems3"
                },
                {
                    "template-line-number": 880,
                    "node-pos": 370,
                    "part": "4",
                    "expression-node": 227,
                    "replacement-node": 226,
                    "name": "APLineItems3"
                },
                {
                    "template-line-number": 885,
                    "node-pos": 374,
                    "part": "5",
                    "expression-node": 230,
                    "replacement-node": 229,
                    "name": "APLineItems3"
                },
                {
                    "template-line-number": 868,
                    "node-pos": 363,
                    "part": "6",
                    "replacement-node": 220,
                    "extras": {},
                    "name": "APLineItems3"
                },
                {
                    "template-line-number": 890,
                    "node-pos": 378,
                    "part": "6",
                    "expression-node": 233,
                    "replacement-node": 232,
                    "name": "APLineItems3"
                },
                {
                    "template-line-number": 895,
                    "node-pos": 382,
                    "part": "7",
                    "expression-node": 236,
                    "replacement-node": 235,
                    "name": "APLineItems3"
                }
            ]
        },
        "rule-33": [
            {
                "expression-node": 198,
                "node-pos": 320,
                "replacement-node": 197,
                "template-line-number": 748,
                "part": null
            }
        ],
        "rule-15": [
            {
                "expression-node": 48,
                "node-pos": 95,
                "replacement-node": 47,
                "template-line-number": 172,
                "part": null
            }
        ],
        "rule-23": [
            {
                "expression-node": 113,
                "node-pos": 196,
                "replacement-node": 112,
                "template-line-number": 442,
                "part": null
            }
        ],
        "rule-32": [
            {
                "expression-node": 194,
                "node-pos": 315,
                "replacement-node": 193,
                "template-line-number": 738,
                "part": null
            }
        ],
        "rule-28": [
            {
                "expression-node": 157,
                "node-pos": 264,
                "replacement-node": 156,
                "template-line-number": 604,
                "part": null
            }
        ],
        "rule-20": [
            {
                "expression-node": 104,
                "node-pos": 184,
                "replacement-node": 103,
                "template-line-number": 415,
                "part": null
            }
        ],
        "rule-27": [
            {
                "expression-node": 153,
                "node-pos": 259,
                "replacement-node": 152,
                "template-line-number": 594,
                "part": null
            }
        ],
        "rule-26": [
            {
                "expression-node": 149,
                "node-pos": 254,
                "replacement-node": 148,
                "template-line-number": 584,
                "part": null
            }
        ],
        "rule-29": [
            {
                "node-pos": 300,
                "replacement-node": 182,
                "template-line-number": 706,
                "part": null
            }
        ],
        "rule-4": [
            {
                "node-pos": 18,
                "replacement-node": 7,
                "template-line-number": 37,
                "part": null
            }
        ],
        "rule-41": [
            {
                "expression-node": 245,
                "node-pos": 399,
                "replacement-node": 244,
                "template-line-number": 932,
                "part": null
            }
        ],
        "rule-9": [
            {
                "node-pos": 40,
                "replacement-node": 22,
                "template-line-number": 75,
                "part": null
            }
        ],
        "rule-13": [
            {
                "node-pos": 59,
                "replacement-node": 34,
                "template-line-number": 104,
                "part": null,
                "html": true
            }
        ],
        "rule-5": [
            {
                "node-pos": 22,
                "replacement-node": 10,
                "template-line-number": 43,
                "part": null,
                "html": true
            }
        ],
        "rule-36": [
            {
                "expression-node": 208,
                "node-pos": 336,
                "replacement-node": 207,
                "template-line-number": 783,
                "part": null
            }
        ],
        "rule-14": [
            {
                "node-pos": 90,
                "replacement-node": 44,
                "template-line-number": 160,
                "part": null
            }
        ],
        "rule-12": [
            {
                "node-pos": 54,
                "replacement-node": 31,
                "template-line-number": 94,
                "part": null
            }
        ],
        "rule-6": [
            {
                "node-pos": 27,
                "replacement-node": 13,
                "template-line-number": 55,
                "part": null,
                "html": true
            }
        ],
        "rule-18": [
            {
                "expression-node": 57,
                "node-pos": 107,
                "replacement-node": 56,
                "template-line-number": 199,
                "part": null
            }
        ],
        "rule-48": {
            "name": "APLineItems",
            "subs": [
                {
                    "template-line-number": 258,
                    "node-pos": 120,
                    "part": "1",
                    "replacement-node": 60,
                    "extras": {},
                    "name": "APLineItems"
                },
                {
                    "template-line-number": 269,
                    "node-pos": 128,
                    "part": "2",
                    "expression-node": 66,
                    "replacement-node": 65,
                    "name": "APLineItems"
                },
                {
                    "template-line-number": 280,
                    "node-pos": 134,
                    "part": "4",
                    "expression-node": 71,
                    "replacement-node": 70,
                    "name": "APLineItems"
                },
                {
                    "template-line-number": 287,
                    "node-pos": 138,
                    "part": "5",
                    "expression-node": 74,
                    "replacement-node": 73,
                    "name": "APLineItems"
                },
                {
                    "template-line-number": 265,
                    "node-pos": 126,
                    "part": "6",
                    "replacement-node": 63,
                    "extras": {},
                    "name": "APLineItems"
                },
                {
                    "template-line-number": 294,
                    "node-pos": 142,
                    "part": "6",
                    "expression-node": 77,
                    "replacement-node": 76,
                    "name": "APLineItems"
                },
                {
                    "template-line-number": 300,
                    "node-pos": 146,
                    "part": "7",
                    "expression-node": 80,
                    "replacement-node": 79,
                    "name": "APLineItems"
                }
            ]
        },
        "rule-50": {
            "name": "APLineItems2",
            "subs": [
                {
                    "template-line-number": 507,
                    "node-pos": 209,
                    "part": "1",
                    "replacement-node": 116,
                    "extras": {},
                    "name": "APLineItems2"
                },
                {
                    "template-line-number": 518,
                    "node-pos": 217,
                    "part": "2",
                    "replacement-node": 121,
                    "extras": {},
                    "name": "APLineItems2"
                },
                {
                    "template-line-number": 528,
                    "node-pos": 222,
                    "part": "4",
                    "expression-node": 126,
                    "replacement-node": 125,
                    "name": "APLineItems2"
                },
                {
                    "template-line-number": 536,
                    "node-pos": 227,
                    "part": "5",
                    "expression-node": 130,
                    "replacement-node": 129,
                    "name": "APLineItems2"
                },
                {
                    "template-line-number": 514,
                    "node-pos": 215,
                    "part": "6",
                    "replacement-node": 119,
                    "extras": {},
                    "name": "APLineItems2"
                },
                {
                    "template-line-number": 544,
                    "node-pos": 232,
                    "part": "6",
                    "expression-node": 134,
                    "replacement-node": 133,
                    "name": "APLineItems2"
                },
                {
                    "template-line-number": 551,
                    "node-pos": 237,
                    "part": "7",
                    "expression-node": 138,
                    "replacement-node": 137,
                    "name": "APLineItems2"
                }
            ]
        },
        "rule-31": [
            {
                "expression-node": 190,
                "node-pos": 310,
                "replacement-node": 189,
                "template-line-number": 728,
                "part": null
            }
        ],
        "rule-46": [
            {
                "node-pos": 421,
                "replacement-node": 259,
                "template-line-number": 978,
                "part": null
            }
        ],
        "rule-8": [
            {
                "expression-node": 20,
                "node-pos": 36,
                "replacement-node": 19,
                "template-line-number": 70,
                "part": null
            }
        ],
        "rule-24": [
            {
                "node-pos": 244,
                "replacement-node": 141,
                "template-line-number": 562,
                "part": null
            }
        ],
        "rule-51": {
            "name": "SectionASequence2",
            "subs": [
                {
                    "template-line-number": 672,
                    "node-pos": 274,
                    "part": "2",
                    "expression-node": 164,
                    "replacement-node": 163,
                    "name": "SectionASequence2"
                },
                {
                    "template-line-number": 677,
                    "node-pos": 278,
                    "part": "3",
                    "expression-node": 167,
                    "replacement-node": 166,
                    "name": "SectionASequence2"
                },
                {
                    "template-line-number": 684,
                    "node-pos": 283,
                    "part": "4",
                    "expression-node": 171,
                    "replacement-node": 170,
                    "name": "SectionASequence2"
                },
                {
                    "template-line-number": 689,
                    "node-pos": 288,
                    "part": "5",
                    "expression-node": 175,
                    "replacement-node": 174,
                    "name": "SectionASequence2"
                },
                {
                    "template-line-number": 694,
                    "node-pos": 293,
                    "part": "6",
                    "expression-node": 179,
                    "replacement-node": 178,
                    "name": "SectionASequence2"
                }
            ]
        },
        "rule-16": [
            {
                "expression-node": 51,
                "node-pos": 99,
                "replacement-node": 50,
                "template-line-number": 181,
                "part": null
            }
        ],
        "rule-52": {
            "name": "SectionASequence1",
            "subs": [
                {
                    "template-line-number": 366,
                    "node-pos": 155,
                    "part": "2",
                    "expression-node": 86,
                    "replacement-node": 85,
                    "name": "SectionASequence1"
                },
                {
                    "template-line-number": 371,
                    "node-pos": 159,
                    "part": "3",
                    "expression-node": 89,
                    "replacement-node": 88,
                    "name": "SectionASequence1"
                },
                {
                    "template-line-number": 376,
                    "node-pos": 163,
                    "part": "4",
                    "expression-node": 92,
                    "replacement-node": 91,
                    "name": "SectionASequence1"
                },
                {
                    "template-line-number": 381,
                    "node-pos": 167,
                    "part": "5",
                    "expression-node": 95,
                    "replacement-node": 94,
                    "name": "SectionASequence1"
                },
                {
                    "template-line-number": 386,
                    "node-pos": 171,
                    "part": "6",
                    "expression-node": 98,
                    "replacement-node": 97,
                    "name": "SectionASequence1"
                }
            ]
        },
        "rule-21": [
            {
                "expression-node": 107,
                "node-pos": 188,
                "replacement-node": 106,
                "template-line-number": 424,
                "part": null
            }
        ],
        "rule-30": [
            {
                "expression-node": 186,
                "node-pos": 305,
                "replacement-node": 185,
                "template-line-number": 718,
                "part": null
            }
        ],
        "rule-42": [
            {
                "expression-node": 248,
                "node-pos": 403,
                "replacement-node": 247,
                "template-line-number": 941,
                "part": null
            }
        ],
        "rule-25": [
            {
                "expression-node": 145,
                "node-pos": 249,
                "replacement-node": 144,
                "template-line-number": 574,
                "part": null
            }
        ],
        "rule-35": [
            {
                "expression-node": 205,
                "node-pos": 332,
                "replacement-node": 204,
                "template-line-number": 774,
                "part": null
            }
        ],
        "rule-39": [
            {
                "node-pos": 390,
                "replacement-node": 238,
                "template-line-number": 910,
                "part": null
            }
        ],
        "rule-49": {
            "name": "APHeadings",
            "subs": [
                {
                    "template-line-number": 133,
                    "node-pos": 73,
                    "part": "1",
                    "replacement-node": 38,
                    "extras": {},
                    "name": "APHeadings"
                },
                {
                    "template-line-number": 140,
                    "node-pos": 77,
                    "part": "2",
                    "replacement-node": 41,
                    "extras": {},
                    "name": "APHeadings"
                }
            ]
        },
        "rule-34": [
            {
                "node-pos": 327,
                "replacement-node": 201,
                "template-line-number": 762,
                "part": null
            }
        ],
        "rule-44": [
            {
                "expression-node": 254,
                "node-pos": 413,
                "replacement-node": 253,
                "template-line-number": 964,
                "part": null
            }
        ],
        "rule-3": [
            {
                "expression-node": 5,
                "node-pos": 14,
                "replacement-node": 4,
                "template-line-number": 31,
                "part": null
            }
        ],
        "rule-2": [
            {
                "node-pos": 10,
                "replacement-node": 1,
                "template-line-number": 27,
                "part": null
            }
        ],
        "rule-17": [
            {
                "expression-node": 54,
                "node-pos": 103,
                "replacement-node": 53,
                "template-line-number": 190,
                "part": null
            }
        ]
    },
    "line-numbers": {
        "SectionASequence2": [
            {
                "line-number-node": 161,
                "template-line-number": 668,
                "sub-number": true,
                "start-number": 17
            }
        ],
        "SectionASequence1": [
            {
                "line-number-node": 83,
                "template-line-number": 362,
                "sub-number": true,
                "start-number": 9
            }
        ]
    },
    "showifs": {
        "rule-1": {
            "type": "showif",
            "template-line-number": 17
        }
    }
}