{
    "showifs": {},
    "line-numbers": {
        "formula": [
            {
                "template-line-number": 211,
                "start-number": 1,
                "line-number-node": 46
            }
        ]
    },
    "substitutions": {
        "rule-13": [
            {
                "replacement-node": 60,
                "node-pos": 106,
                "expression-node": 61,
                "part": null,
                "template-line-number": 245
            }
        ],
        "rule-9": [
            {
                "replacement-node": 24,
                "node-pos": 43,
                "expression-node": 25,
                "part": null,
                "template-line-number": 77
            }
        ],
        "rule-15": [
            {
                "replacement-node": 66,
                "node-pos": 114,
                "template-line-number": 262,
                "part": null
            }
        ],
        "rule-1": [
            {
                "replacement-node": 0,
                "node-pos": 9,
                "template-line-number": 22,
                "part": null
            }
        ],
        "rule-14": [
            {
                "replacement-node": 63,
                "node-pos": 110,
                "template-line-number": 252,
                "part": null
            }
        ],
        "rule-6": [
            {
                "replacement-node": 15,
                "node-pos": 31,
                "template-line-number": 62,
                "part": null
            }
        ],
        "rule-12": [
            {
                "replacement-node": 33,
                "node-pos": 58,
                "html": true,
                "template-line-number": 105,
                "part": null
            }
        ],
        "rule-8": [
            {
                "replacement-node": 21,
                "node-pos": 39,
                "template-line-number": 72,
                "part": null
            }
        ],
        "rule-2": [
            {
                "replacement-node": 3,
                "node-pos": 13,
                "expression-node": 4,
                "part": null,
                "template-line-number": 27
            }
        ],
        "rule-16": {
            "subs": [
                {
                    "replacement-node": 48,
                    "template-line-number": 214,
                    "part": "2",
                    "name": "formula",
                    "expression-node": 49,
                    "node-pos": 88
                },
                {
                    "replacement-node": 51,
                    "template-line-number": 219,
                    "part": "3",
                    "name": "formula",
                    "expression-node": 52,
                    "node-pos": 92
                },
                {
                    "replacement-node": 54,
                    "template-line-number": 224,
                    "part": "4",
                    "name": "formula",
                    "expression-node": 55,
                    "node-pos": 96
                },
                {
                    "replacement-node": 57,
                    "template-line-number": 229,
                    "part": "5",
                    "name": "formula",
                    "expression-node": 58,
                    "node-pos": 100
                }
            ],
            "name": "formula"
        },
        "rule-17": {
            "subs": [
                {
                    "replacement-node": 39,
                    "node-pos": 75,
                    "part": "1",
                    "name": "ColumnHeadings",
                    "extras": {},
                    "template-line-number": 149
                },
                {
                    "replacement-node": 42,
                    "node-pos": 79,
                    "part": "2",
                    "name": "ColumnHeadings",
                    "extras": {},
                    "template-line-number": 157
                },
                {
                    "replacement-node": 37,
                    "node-pos": 73,
                    "part": "3",
                    "name": "ColumnHeadings",
                    "extras": {},
                    "template-line-number": 145
                }
            ],
            "name": "ColumnHeadings"
        },
        "rule-5": [
            {
                "replacement-node": 12,
                "node-pos": 26,
                "html": true,
                "template-line-number": 51,
                "part": null
            }
        ],
        "rule-3": [
            {
                "replacement-node": 6,
                "node-pos": 17,
                "template-line-number": 33,
                "part": null
            }
        ],
        "rule-7": [
            {
                "replacement-node": 18,
                "node-pos": 35,
                "expression-node": 19,
                "part": null,
                "template-line-number": 67
            }
        ],
        "rule-10": [
            {
                "replacement-node": 27,
                "node-pos": 47,
                "expression-node": 28,
                "part": null,
                "template-line-number": 82
            }
        ],
        "rule-4": [
            {
                "replacement-node": 9,
                "node-pos": 21,
                "html": true,
                "template-line-number": 39,
                "part": null
            }
        ],
        "rule-11": [
            {
                "replacement-node": 30,
                "node-pos": 53,
                "template-line-number": 93,
                "part": null
            }
        ]
    }
}