{
    "substitutions": {
        "rule-9": [
            {
                "replacement-node": 22,
                "part": null,
                "template-line-number": 75,
                "node-pos": 40
            }
        ],
        "rule-6": [
            {
                "replacement-node": 13,
                "part": null,
                "template-line-number": 55,
                "node-pos": 27,
                "html": true
            }
        ],
        "rule-3": [
            {
                "replacement-node": 4,
                "expression-node": 5,
                "part": null,
                "template-line-number": 31,
                "node-pos": 14
            }
        ],
        "rule-11": [
            {
                "replacement-node": 28,
                "expression-node": 29,
                "part": null,
                "template-line-number": 84,
                "node-pos": 48
            }
        ],
        "rule-2": [
            {
                "replacement-node": 1,
                "part": null,
                "template-line-number": 27,
                "node-pos": 10
            }
        ],
        "rule-18": [
            {
                "replacement-node": 82,
                "expression-node": 83,
                "part": null,
                "template-line-number": 291,
                "node-pos": 137
            }
        ],
        "rule-23": {
            "subs": [
                {
                    "expression-node": 50,
                    "template-line-number": 211,
                    "replacement-node": 49,
                    "part": "2",
                    "node-pos": 89,
                    "name": "OtherRegulatoryLiabilities"
                },
                {
                    "expression-node": 53,
                    "template-line-number": 216,
                    "replacement-node": 52,
                    "part": "3",
                    "node-pos": 93,
                    "name": "OtherRegulatoryLiabilities"
                },
                {
                    "expression-node": 56,
                    "template-line-number": 221,
                    "replacement-node": 55,
                    "part": "4",
                    "node-pos": 97,
                    "name": "OtherRegulatoryLiabilities"
                },
                {
                    "expression-node": 59,
                    "template-line-number": 226,
                    "replacement-node": 58,
                    "part": "5",
                    "node-pos": 101,
                    "name": "OtherRegulatoryLiabilities"
                },
                {
                    "expression-node": 62,
                    "template-line-number": 231,
                    "replacement-node": 61,
                    "part": "6",
                    "node-pos": 105,
                    "name": "OtherRegulatoryLiabilities"
                },
                {
                    "expression-node": 65,
                    "template-line-number": 236,
                    "replacement-node": 64,
                    "part": "7",
                    "node-pos": 109,
                    "name": "OtherRegulatoryLiabilities"
                },
                {
                    "expression-node": 68,
                    "template-line-number": 241,
                    "replacement-node": 67,
                    "part": "8",
                    "node-pos": 113,
                    "name": "OtherRegulatoryLiabilities"
                }
            ],
            "name": "OtherRegulatoryLiabilities"
        },
        "rule-7": [
            {
                "replacement-node": 16,
                "part": null,
                "template-line-number": 66,
                "node-pos": 32
            }
        ],
        "rule-5": [
            {
                "replacement-node": 10,
                "part": null,
                "template-line-number": 43,
                "node-pos": 22,
                "html": true
            }
        ],
        "rule-12": [
            {
                "replacement-node": 31,
                "part": null,
                "template-line-number": 94,
                "node-pos": 54
            }
        ],
        "rule-19": [
            {
                "replacement-node": 85,
                "expression-node": 86,
                "part": null,
                "template-line-number": 300,
                "node-pos": 141
            }
        ],
        "rule-24": {
            "subs": [
                {
                    "template-line-number": 140,
                    "replacement-node": 40,
                    "extras": {},
                    "part": "1",
                    "node-pos": 76,
                    "name": "ODCHead"
                },
                {
                    "template-line-number": 149,
                    "replacement-node": 43,
                    "extras": {},
                    "part": "2",
                    "node-pos": 80,
                    "name": "ODCHead"
                },
                {
                    "template-line-number": 136,
                    "replacement-node": 38,
                    "extras": {},
                    "part": "3",
                    "node-pos": 74,
                    "name": "ODCHead"
                }
            ],
            "name": "ODCHead"
        },
        "rule-16": [
            {
                "replacement-node": 76,
                "expression-node": 77,
                "part": null,
                "template-line-number": 273,
                "node-pos": 129
            }
        ],
        "rule-15": [
            {
                "replacement-node": 73,
                "expression-node": 74,
                "part": null,
                "template-line-number": 263,
                "node-pos": 124
            }
        ],
        "rule-4": [
            {
                "replacement-node": 7,
                "part": null,
                "template-line-number": 37,
                "node-pos": 18
            }
        ],
        "rule-14": [
            {
                "replacement-node": 70,
                "part": null,
                "template-line-number": 251,
                "node-pos": 119
            }
        ],
        "rule-8": [
            {
                "replacement-node": 19,
                "expression-node": 20,
                "part": null,
                "template-line-number": 70,
                "node-pos": 36
            }
        ],
        "rule-22": [
            {
                "replacement-node": 94,
                "part": null,
                "template-line-number": 327,
                "node-pos": 155
            }
        ],
        "rule-10": [
            {
                "replacement-node": 25,
                "expression-node": 26,
                "part": null,
                "template-line-number": 79,
                "node-pos": 44
            }
        ],
        "rule-13": [
            {
                "replacement-node": 34,
                "part": null,
                "template-line-number": 105,
                "node-pos": 59,
                "html": true
            }
        ],
        "rule-20": [
            {
                "replacement-node": 88,
                "expression-node": 89,
                "part": null,
                "template-line-number": 313,
                "node-pos": 147
            }
        ],
        "rule-17": [
            {
                "replacement-node": 79,
                "expression-node": 80,
                "part": null,
                "template-line-number": 282,
                "node-pos": 133
            }
        ],
        "rule-21": [
            {
                "replacement-node": 91,
                "part": null,
                "template-line-number": 318,
                "node-pos": 151
            }
        ]
    },
    "showifs": {
        "rule-1": {
            "type": "showif",
            "template-line-number": 17
        }
    },
    "line-numbers": {
        "OtherRegulatoryLiabilities": [
            {
                "start-number": 1,
                "template-line-number": 208,
                "line-number-node": 47
            }
        ]
    }
}