{
    "showifs": {},
    "line-numbers": {
        "TransmissionOfElectricityForOthers": [
            {
                "line-number-node": 46,
                "start-number": 1,
                "template-line-number": 292
            }
        ]
    },
    "substitutions": {
        "rule-22": [
            {
                "part": null,
                "replacement-node": 117,
                "node-pos": 210,
                "template-line-number": 531
            }
        ],
        "rule-10": [
            {
                "node-pos": 47,
                "part": null,
                "replacement-node": 27,
                "expression-node": 28,
                "template-line-number": 102
            }
        ],
        "rule-20": [
            {
                "node-pos": 202,
                "part": null,
                "replacement-node": 111,
                "expression-node": 112,
                "template-line-number": 514
            }
        ],
        "rule-19": [
            {
                "node-pos": 196,
                "part": null,
                "replacement-node": 108,
                "expression-node": 109,
                "template-line-number": 498
            }
        ],
        "rule-6": [
            {
                "part": null,
                "replacement-node": 15,
                "node-pos": 31,
                "template-line-number": 75
            }
        ],
        "rule-23": {
            "subs": [
                {
                    "part": "10",
                    "replacement-node": 72,
                    "name": "TransmissionOfElectricityForOthers",
                    "template-line-number": 369,
                    "expression-node": 73,
                    "node-pos": 139
                },
                {
                    "part": "11",
                    "replacement-node": 75,
                    "name": "TransmissionOfElectricityForOthers",
                    "template-line-number": 378,
                    "expression-node": 76,
                    "node-pos": 143
                },
                {
                    "part": "12",
                    "replacement-node": 78,
                    "name": "TransmissionOfElectricityForOthers",
                    "template-line-number": 388,
                    "expression-node": 79,
                    "node-pos": 147
                },
                {
                    "part": "13",
                    "replacement-node": 81,
                    "name": "TransmissionOfElectricityForOthers",
                    "template-line-number": 397,
                    "expression-node": 82,
                    "node-pos": 151
                },
                {
                    "part": "14",
                    "replacement-node": 84,
                    "name": "TransmissionOfElectricityForOthers",
                    "template-line-number": 406,
                    "expression-node": 85,
                    "node-pos": 155
                },
                {
                    "part": "15",
                    "replacement-node": 87,
                    "name": "TransmissionOfElectricityForOthers",
                    "template-line-number": 415,
                    "expression-node": 88,
                    "node-pos": 159
                },
                {
                    "part": "2",
                    "replacement-node": 48,
                    "name": "TransmissionOfElectricityForOthers",
                    "template-line-number": 297,
                    "expression-node": 49,
                    "node-pos": 107
                },
                {
                    "part": "3",
                    "replacement-node": 51,
                    "name": "TransmissionOfElectricityForOthers",
                    "template-line-number": 306,
                    "expression-node": 52,
                    "node-pos": 111
                },
                {
                    "part": "4",
                    "replacement-node": 54,
                    "name": "TransmissionOfElectricityForOthers",
                    "template-line-number": 315,
                    "expression-node": 55,
                    "node-pos": 115
                },
                {
                    "part": "5",
                    "replacement-node": 57,
                    "name": "TransmissionOfElectricityForOthers",
                    "template-line-number": 324,
                    "expression-node": 58,
                    "node-pos": 119
                },
                {
                    "part": "6",
                    "replacement-node": 60,
                    "name": "TransmissionOfElectricityForOthers",
                    "template-line-number": 333,
                    "expression-node": 61,
                    "node-pos": 123
                },
                {
                    "part": "7",
                    "replacement-node": 63,
                    "name": "TransmissionOfElectricityForOthers",
                    "template-line-number": 342,
                    "expression-node": 64,
                    "node-pos": 127
                },
                {
                    "part": "8",
                    "replacement-node": 66,
                    "name": "TransmissionOfElectricityForOthers",
                    "template-line-number": 351,
                    "expression-node": 67,
                    "node-pos": 131
                },
                {
                    "part": "9",
                    "replacement-node": 69,
                    "name": "TransmissionOfElectricityForOthers",
                    "template-line-number": 360,
                    "expression-node": 70,
                    "node-pos": 135
                }
            ],
            "name": "TransmissionOfElectricityForOthers"
        },
        "rule-12": [
            {
                "part": null,
                "replacement-node": 33,
                "node-pos": 58,
                "html": true,
                "template-line-number": 126
            }
        ],
        "rule-15": [
            {
                "node-pos": 180,
                "part": null,
                "replacement-node": 96,
                "expression-node": 97,
                "template-line-number": 457
            }
        ],
        "rule-17": [
            {
                "node-pos": 188,
                "part": null,
                "replacement-node": 102,
                "expression-node": 103,
                "template-line-number": 478
            }
        ],
        "rule-16": [
            {
                "node-pos": 184,
                "part": null,
                "replacement-node": 99,
                "expression-node": 100,
                "template-line-number": 468
            }
        ],
        "rule-18": [
            {
                "node-pos": 192,
                "part": null,
                "replacement-node": 105,
                "expression-node": 106,
                "template-line-number": 488
            }
        ],
        "rule-21": [
            {
                "part": null,
                "replacement-node": 114,
                "node-pos": 206,
                "template-line-number": 521
            }
        ],
        "rule-4": [
            {
                "part": null,
                "replacement-node": 9,
                "node-pos": 21,
                "html": true,
                "template-line-number": 40
            }
        ],
        "rule-9": [
            {
                "node-pos": 43,
                "part": null,
                "replacement-node": 24,
                "expression-node": 25,
                "template-line-number": 96
            }
        ],
        "rule-13": [
            {
                "node-pos": 172,
                "part": null,
                "replacement-node": 90,
                "expression-node": 91,
                "template-line-number": 437
            }
        ],
        "rule-24": {
            "subs": [
                {
                    "extras": {},
                    "replacement-node": 39,
                    "name": "ColumnHeadings",
                    "template-line-number": 187,
                    "node-pos": 94,
                    "part": "1"
                },
                {
                    "extras": {},
                    "replacement-node": 42,
                    "name": "ColumnHeadings",
                    "template-line-number": 195,
                    "node-pos": 98,
                    "part": "2"
                },
                {
                    "extras": {},
                    "replacement-node": 37,
                    "name": "ColumnHeadings",
                    "template-line-number": 183,
                    "node-pos": 92,
                    "part": "3"
                }
            ],
            "name": "ColumnHeadings"
        },
        "rule-8": [
            {
                "part": null,
                "replacement-node": 21,
                "node-pos": 39,
                "template-line-number": 89
            }
        ],
        "rule-11": [
            {
                "part": null,
                "replacement-node": 30,
                "node-pos": 53,
                "template-line-number": 115
            }
        ],
        "rule-3": [
            {
                "part": null,
                "replacement-node": 6,
                "node-pos": 17,
                "template-line-number": 32
            }
        ],
        "rule-14": [
            {
                "node-pos": 176,
                "part": null,
                "replacement-node": 93,
                "expression-node": 94,
                "template-line-number": 447
            }
        ],
        "rule-7": [
            {
                "node-pos": 35,
                "part": null,
                "replacement-node": 18,
                "expression-node": 19,
                "template-line-number": 82
            }
        ],
        "rule-1": [
            {
                "part": null,
                "replacement-node": 0,
                "node-pos": 9,
                "template-line-number": 18
            }
        ],
        "rule-5": [
            {
                "part": null,
                "replacement-node": 12,
                "node-pos": 26,
                "html": true,
                "template-line-number": 57
            }
        ],
        "rule-2": [
            {
                "node-pos": 13,
                "part": null,
                "replacement-node": 3,
                "expression-node": 4,
                "template-line-number": 25
            }
        ]
    }
}