{
    "substitutions": {
        "rule-6": [
            {
                "replacement-node": 15,
                "part": null,
                "template-line-number": 62,
                "node-pos": 32
            }
        ],
        "rule-9": [
            {
                "replacement-node": 24,
                "part": null,
                "template-line-number": 77,
                "node-pos": 44,
                "expression-node": 25
            }
        ],
        "rule-2": [
            {
                "replacement-node": 3,
                "part": null,
                "template-line-number": 27,
                "node-pos": 14,
                "expression-node": 4
            }
        ],
        "rule-17": {
            "subs": [
                {
                    "extras": {},
                    "replacement-node": 46,
                    "part": "2",
                    "template-line-number": 178,
                    "node-pos": 80,
                    "name": "ListLineItems"
                },
                {
                    "extras": {},
                    "replacement-node": 50,
                    "part": "3",
                    "template-line-number": 189,
                    "node-pos": 86,
                    "name": "ListLineItems"
                },
                {
                    "extras": {},
                    "replacement-node": 53,
                    "part": "4",
                    "template-line-number": 196,
                    "node-pos": 90,
                    "name": "ListLineItems"
                },
                {
                    "expression-node": 56,
                    "replacement-node": 55,
                    "part": "5",
                    "template-line-number": 200,
                    "node-pos": 93,
                    "name": "ListLineItems"
                },
                {
                    "extras": {},
                    "replacement-node": 44,
                    "part": "6",
                    "template-line-number": 174,
                    "node-pos": 78,
                    "name": "ListLineItems"
                }
            ],
            "name": "ListLineItems"
        },
        "rule-8": [
            {
                "replacement-node": 21,
                "part": null,
                "template-line-number": 72,
                "node-pos": 40
            }
        ],
        "rule-4": [
            {
                "replacement-node": 9,
                "part": null,
                "html": true,
                "template-line-number": 39,
                "node-pos": 22
            }
        ],
        "rule-13": [
            {
                "replacement-node": 57,
                "part": null,
                "template-line-number": 218,
                "node-pos": 107,
                "expression-node": 58
            }
        ],
        "rule-16": {
            "subs": [
                {
                    "extras": {},
                    "replacement-node": 37,
                    "part": "1",
                    "template-line-number": 125,
                    "node-pos": 66,
                    "name": "ListHeadings"
                },
                {
                    "extras": {},
                    "replacement-node": 40,
                    "part": "2",
                    "template-line-number": 132,
                    "node-pos": 70,
                    "name": "ListHeadings"
                }
            ],
            "name": "ListHeadings"
        },
        "rule-7": [
            {
                "replacement-node": 18,
                "part": null,
                "template-line-number": 67,
                "node-pos": 36,
                "expression-node": 19
            }
        ],
        "rule-3": [
            {
                "replacement-node": 6,
                "part": null,
                "template-line-number": 33,
                "node-pos": 18
            }
        ],
        "rule-14": [
            {
                "replacement-node": 60,
                "part": null,
                "template-line-number": 223,
                "node-pos": 111
            }
        ],
        "rule-12": [
            {
                "replacement-node": 33,
                "part": null,
                "html": true,
                "template-line-number": 103,
                "node-pos": 59
            }
        ],
        "rule-15": [
            {
                "replacement-node": 63,
                "part": null,
                "template-line-number": 232,
                "node-pos": 115
            }
        ],
        "rule-11": [
            {
                "replacement-node": 30,
                "part": null,
                "template-line-number": 92,
                "node-pos": 54
            }
        ],
        "rule-1": [
            {
                "replacement-node": 0,
                "part": null,
                "template-line-number": 22,
                "node-pos": 10
            }
        ],
        "rule-10": [
            {
                "replacement-node": 27,
                "part": null,
                "template-line-number": 82,
                "node-pos": 48,
                "expression-node": 28
            }
        ],
        "rule-5": [
            {
                "replacement-node": 12,
                "part": null,
                "html": true,
                "template-line-number": 51,
                "node-pos": 27
            }
        ]
    },
    "line-numbers": {},
    "showifs": {}
}