{
    "showifs": {
        "rule-1": {
            "type": "showif",
            "template-line-number": 17
        }
    },
    "line-numbers": {
        "ConsultativeServices": [
            {
                "line-number-node": 47,
                "start-number": 1,
                "template-line-number": 194
            }
        ]
    },
    "substitutions": {
        "rule-7": [
            {
                "replacement-node": 16,
                "template-line-number": 66,
                "node-pos": 32,
                "part": null
            }
        ],
        "rule-12": [
            {
                "replacement-node": 31,
                "template-line-number": 94,
                "node-pos": 54,
                "part": null
            }
        ],
        "rule-15": [
            {
                "replacement-node": 58,
                "template-line-number": 221,
                "node-pos": 102,
                "part": null
            }
        ],
        "rule-21": {
            "name": "GasPlantInServiceHeadings",
            "subs": [
                {
                    "extras": {},
                    "node-pos": 76,
                    "part": "1",
                    "name": "GasPlantInServiceHeadings",
                    "replacement-node": 40,
                    "template-line-number": 142
                },
                {
                    "extras": {},
                    "node-pos": 80,
                    "part": "2",
                    "name": "GasPlantInServiceHeadings",
                    "replacement-node": 43,
                    "template-line-number": 151
                },
                {
                    "extras": {},
                    "node-pos": 74,
                    "part": "3",
                    "name": "GasPlantInServiceHeadings",
                    "replacement-node": 38,
                    "template-line-number": 138
                }
            ]
        },
        "rule-9": [
            {
                "replacement-node": 22,
                "template-line-number": 75,
                "node-pos": 40,
                "part": null
            }
        ],
        "rule-18": [
            {
                "replacement-node": 67,
                "template-line-number": 252,
                "node-pos": 117,
                "part": null
            }
        ],
        "rule-6": [
            {
                "html": true,
                "replacement-node": 13,
                "template-line-number": 55,
                "node-pos": 27,
                "part": null
            }
        ],
        "rule-3": [
            {
                "expression-node": 5,
                "replacement-node": 4,
                "template-line-number": 31,
                "node-pos": 14,
                "part": null
            }
        ],
        "rule-2": [
            {
                "replacement-node": 1,
                "template-line-number": 27,
                "node-pos": 10,
                "part": null
            }
        ],
        "rule-5": [
            {
                "html": true,
                "replacement-node": 10,
                "template-line-number": 43,
                "node-pos": 22,
                "part": null
            }
        ],
        "rule-10": [
            {
                "expression-node": 26,
                "replacement-node": 25,
                "template-line-number": 79,
                "node-pos": 44,
                "part": null
            }
        ],
        "rule-11": [
            {
                "expression-node": 29,
                "replacement-node": 28,
                "template-line-number": 84,
                "node-pos": 48,
                "part": null
            }
        ],
        "rule-19": [
            {
                "replacement-node": 70,
                "template-line-number": 261,
                "node-pos": 121,
                "part": null
            }
        ],
        "rule-13": [
            {
                "html": true,
                "replacement-node": 34,
                "template-line-number": 105,
                "node-pos": 59,
                "part": null
            }
        ],
        "rule-17": [
            {
                "expression-node": 65,
                "replacement-node": 64,
                "template-line-number": 247,
                "node-pos": 113,
                "part": null
            }
        ],
        "rule-14": [
            {
                "replacement-node": 55,
                "template-line-number": 210,
                "node-pos": 98,
                "part": null
            }
        ],
        "rule-4": [
            {
                "replacement-node": 7,
                "template-line-number": 37,
                "node-pos": 18,
                "part": null
            }
        ],
        "rule-20": {
            "name": "ConsultativeServices",
            "subs": [
                {
                    "expression-node": 50,
                    "node-pos": 89,
                    "part": "2",
                    "name": "ConsultativeServices",
                    "replacement-node": 49,
                    "template-line-number": 197
                },
                {
                    "expression-node": 53,
                    "node-pos": 93,
                    "part": "3",
                    "name": "ConsultativeServices",
                    "replacement-node": 52,
                    "template-line-number": 202
                }
            ]
        },
        "rule-16": [
            {
                "expression-node": 62,
                "replacement-node": 61,
                "template-line-number": 233,
                "node-pos": 107,
                "part": null
            }
        ],
        "rule-8": [
            {
                "expression-node": 20,
                "replacement-node": 19,
                "template-line-number": 70,
                "node-pos": 36,
                "part": null
            }
        ]
    }
}