{
    "substitutions": {
        "rule-5": [
            {
                "template-line-number": 52,
                "part": null,
                "node-pos": 27,
                "replacement-node": 12,
                "html": true
            }
        ],
        "rule-1": [
            {
                "template-line-number": 23,
                "part": null,
                "node-pos": 10,
                "replacement-node": 0
            }
        ],
        "rule-13": [
            {
                "template-line-number": 224,
                "part": null,
                "expression-node": 63,
                "replacement-node": 62,
                "node-pos": 107
            }
        ],
        "rule-9": [
            {
                "template-line-number": 78,
                "part": null,
                "expression-node": 25,
                "replacement-node": 24,
                "node-pos": 44
            }
        ],
        "rule-2": [
            {
                "template-line-number": 28,
                "part": null,
                "expression-node": 4,
                "replacement-node": 3,
                "node-pos": 14
            }
        ],
        "rule-3": [
            {
                "template-line-number": 34,
                "part": null,
                "node-pos": 18,
                "replacement-node": 6
            }
        ],
        "rule-11": [
            {
                "template-line-number": 93,
                "part": null,
                "node-pos": 54,
                "replacement-node": 30
            }
        ],
        "rule-16": {
            "subs": [
                {
                    "node-pos": 78,
                    "name": "BSLineItems",
                    "template-line-number": 176,
                    "part": "1",
                    "extras": {},
                    "replacement-node": 43
                },
                {
                    "node-pos": 89,
                    "name": "BSLineItems",
                    "template-line-number": 193,
                    "part": "2",
                    "extras": {},
                    "replacement-node": 50
                },
                {
                    "node-pos": 82,
                    "name": "BSLineItems",
                    "template-line-number": 183,
                    "part": "3",
                    "extras": {},
                    "replacement-node": 46
                },
                {
                    "node-pos": 94,
                    "name": "BSLineItems",
                    "template-line-number": 202,
                    "part": "3",
                    "extras": {},
                    "replacement-node": 54
                },
                {
                    "node-pos": 97,
                    "name": "BSLineItems",
                    "template-line-number": 207,
                    "part": "4",
                    "expression-node": 57,
                    "replacement-node": 56
                },
                {
                    "node-pos": 101,
                    "name": "BSLineItems",
                    "template-line-number": 213,
                    "part": "5",
                    "expression-node": 60,
                    "replacement-node": 59
                },
                {
                    "node-pos": 87,
                    "name": "BSLineItems",
                    "template-line-number": 189,
                    "part": "6",
                    "extras": {},
                    "replacement-node": 48
                }
            ],
            "name": "BSLineItems"
        },
        "rule-7": [
            {
                "template-line-number": 68,
                "part": null,
                "expression-node": 19,
                "replacement-node": 18,
                "node-pos": 36
            }
        ],
        "rule-17": {
            "subs": [
                {
                    "node-pos": 68,
                    "name": "BSHeadings",
                    "template-line-number": 127,
                    "part": "1",
                    "extras": {},
                    "replacement-node": 36
                },
                {
                    "node-pos": 72,
                    "name": "BSHeadings",
                    "template-line-number": 134,
                    "part": "2",
                    "extras": {},
                    "replacement-node": 39
                }
            ],
            "name": "BSHeadings"
        },
        "rule-4": [
            {
                "template-line-number": 40,
                "part": null,
                "node-pos": 22,
                "replacement-node": 9,
                "html": true
            }
        ],
        "rule-10": [
            {
                "template-line-number": 83,
                "part": null,
                "expression-node": 28,
                "replacement-node": 27,
                "node-pos": 48
            }
        ],
        "rule-14": [
            {
                "template-line-number": 230,
                "part": null,
                "node-pos": 111,
                "replacement-node": 65
            }
        ],
        "rule-15": [
            {
                "template-line-number": 239,
                "part": null,
                "node-pos": 115,
                "replacement-node": 68
            }
        ],
        "rule-12": [
            {
                "template-line-number": 104,
                "part": null,
                "node-pos": 59,
                "replacement-node": 33,
                "html": true
            }
        ],
        "rule-6": [
            {
                "template-line-number": 63,
                "part": null,
                "node-pos": 32,
                "replacement-node": 15
            }
        ],
        "rule-8": [
            {
                "template-line-number": 73,
                "part": null,
                "node-pos": 40,
                "replacement-node": 21
            }
        ]
    },
    "showifs": {},
    "line-numbers": {}
}