{
    "substitutions": {
        "rule-20": [
            {
                "template-line-number": 343,
                "part": null,
                "node-pos": 154,
                "replacement-node": 82
            }
        ],
        "rule-11": [
            {
                "template-line-number": 92,
                "part": null,
                "node-pos": 54,
                "replacement-node": 30
            }
        ],
        "rule-9": [
            {
                "template-line-number": 77,
                "expression-node": 25,
                "part": null,
                "node-pos": 44,
                "replacement-node": 24
            }
        ],
        "rule-12": [
            {
                "template-line-number": 103,
                "html": true,
                "part": null,
                "node-pos": 59,
                "replacement-node": 33
            }
        ],
        "rule-15": [
            {
                "template-line-number": 192,
                "part": null,
                "node-pos": 100,
                "replacement-node": 51
            }
        ],
        "rule-19": [
            {
                "template-line-number": 337,
                "expression-node": 80,
                "part": null,
                "node-pos": 150,
                "replacement-node": 79
            }
        ],
        "rule-10": [
            {
                "template-line-number": 82,
                "expression-node": 28,
                "part": null,
                "node-pos": 48,
                "replacement-node": 27
            }
        ],
        "rule-7": [
            {
                "template-line-number": 67,
                "expression-node": 19,
                "part": null,
                "node-pos": 36,
                "replacement-node": 18
            }
        ],
        "rule-2": [
            {
                "template-line-number": 27,
                "expression-node": 4,
                "part": null,
                "node-pos": 14,
                "replacement-node": 3
            }
        ],
        "rule-23": {
            "name": "ColumnHeading",
            "subs": [
                {
                    "part": "1",
                    "replacement-node": 39,
                    "extras": {},
                    "template-line-number": 141,
                    "name": "ColumnHeading",
                    "node-pos": 74
                },
                {
                    "part": "2",
                    "replacement-node": 42,
                    "extras": {},
                    "template-line-number": 150,
                    "name": "ColumnHeading",
                    "node-pos": 78
                },
                {
                    "part": "3",
                    "replacement-node": 37,
                    "extras": {},
                    "template-line-number": 137,
                    "name": "ColumnHeading",
                    "node-pos": 72
                }
            ]
        },
        "rule-13": [
            {
                "template-line-number": 161,
                "part": null,
                "node-pos": 84,
                "replacement-node": 45
            }
        ],
        "rule-16": [
            {
                "template-line-number": 298,
                "part": null,
                "node-pos": 133,
                "replacement-node": 70
            }
        ],
        "rule-5": [
            {
                "template-line-number": 51,
                "html": true,
                "part": null,
                "node-pos": 27,
                "replacement-node": 12
            }
        ],
        "rule-14": [
            {
                "template-line-number": 173,
                "part": null,
                "node-pos": 89,
                "replacement-node": 48
            }
        ],
        "rule-4": [
            {
                "template-line-number": 39,
                "html": true,
                "part": null,
                "node-pos": 22,
                "replacement-node": 9
            }
        ],
        "rule-22": {
            "name": "AccountsReceivableFromAssociateCompanies",
            "subs": [
                {
                    "part": "2",
                    "replacement-node": 58,
                    "template-line-number": 263,
                    "expression-node": 59,
                    "name": "AccountsReceivableFromAssociateCompanies",
                    "node-pos": 115
                },
                {
                    "part": "3",
                    "replacement-node": 61,
                    "template-line-number": 271,
                    "expression-node": 62,
                    "name": "AccountsReceivableFromAssociateCompanies",
                    "node-pos": 119
                },
                {
                    "part": "4",
                    "replacement-node": 64,
                    "template-line-number": 279,
                    "expression-node": 65,
                    "name": "AccountsReceivableFromAssociateCompanies",
                    "node-pos": 123
                },
                {
                    "part": "5",
                    "replacement-node": 67,
                    "template-line-number": 287,
                    "expression-node": 68,
                    "name": "AccountsReceivableFromAssociateCompanies",
                    "node-pos": 127
                }
            ]
        },
        "rule-8": [
            {
                "template-line-number": 72,
                "part": null,
                "node-pos": 40,
                "replacement-node": 21
            }
        ],
        "rule-1": [
            {
                "template-line-number": 22,
                "part": null,
                "node-pos": 10,
                "replacement-node": 0
            }
        ],
        "rule-18": [
            {
                "template-line-number": 322,
                "expression-node": 77,
                "part": null,
                "node-pos": 143,
                "replacement-node": 76
            }
        ],
        "rule-6": [
            {
                "template-line-number": 62,
                "part": null,
                "node-pos": 32,
                "replacement-node": 15
            }
        ],
        "rule-17": [
            {
                "template-line-number": 313,
                "expression-node": 74,
                "part": null,
                "node-pos": 139,
                "replacement-node": 73
            }
        ],
        "rule-21": [
            {
                "template-line-number": 352,
                "part": null,
                "node-pos": 158,
                "replacement-node": 85
            }
        ],
        "rule-3": [
            {
                "template-line-number": 33,
                "part": null,
                "node-pos": 18,
                "replacement-node": 6
            }
        ]
    },
    "line-numbers": {
        "AccountsReceivableFromAssociateCompanies": [
            {
                "template-line-number": 255,
                "start-number": 3,
                "line-number-node": 55
            }
        ]
    },
    "showifs": {}
}