{
    "showifs": {},
    "substitutions": {
        "rule-11": [
            {
                "template-line-number": 92,
                "replacement-node": 30,
                "part": null,
                "node-pos": 54
            }
        ],
        "rule-9": [
            {
                "template-line-number": 77,
                "replacement-node": 24,
                "expression-node": 25,
                "part": null,
                "node-pos": 44
            }
        ],
        "rule-1": [
            {
                "template-line-number": 22,
                "replacement-node": 0,
                "part": null,
                "node-pos": 10
            }
        ],
        "rule-17": [
            {
                "template-line-number": 313,
                "replacement-node": 73,
                "expression-node": 74,
                "part": null,
                "node-pos": 139
            }
        ],
        "rule-4": [
            {
                "html": true,
                "template-line-number": 39,
                "replacement-node": 9,
                "part": null,
                "node-pos": 22
            }
        ],
        "rule-22": {
            "subs": [
                {
                    "template-line-number": 141,
                    "name": "ColumnHeading",
                    "extras": {},
                    "replacement-node": 39,
                    "part": "1",
                    "node-pos": 74
                },
                {
                    "template-line-number": 150,
                    "name": "ColumnHeading",
                    "extras": {},
                    "replacement-node": 42,
                    "part": "2",
                    "node-pos": 78
                },
                {
                    "template-line-number": 137,
                    "name": "ColumnHeading",
                    "extras": {},
                    "replacement-node": 37,
                    "part": "3",
                    "node-pos": 72
                }
            ],
            "name": "ColumnHeading"
        },
        "rule-7": [
            {
                "template-line-number": 67,
                "replacement-node": 18,
                "expression-node": 19,
                "part": null,
                "node-pos": 36
            }
        ],
        "rule-14": [
            {
                "template-line-number": 173,
                "replacement-node": 48,
                "part": null,
                "node-pos": 89
            }
        ],
        "rule-2": [
            {
                "template-line-number": 27,
                "replacement-node": 3,
                "expression-node": 4,
                "part": null,
                "node-pos": 14
            }
        ],
        "rule-19": [
            {
                "template-line-number": 337,
                "replacement-node": 79,
                "expression-node": 80,
                "part": null,
                "node-pos": 150
            }
        ],
        "rule-5": [
            {
                "html": true,
                "template-line-number": 51,
                "replacement-node": 12,
                "part": null,
                "node-pos": 27
            }
        ],
        "rule-16": [
            {
                "template-line-number": 298,
                "replacement-node": 70,
                "part": null,
                "node-pos": 133
            }
        ],
        "rule-3": [
            {
                "template-line-number": 33,
                "replacement-node": 6,
                "part": null,
                "node-pos": 18
            }
        ],
        "rule-13": [
            {
                "template-line-number": 161,
                "replacement-node": 45,
                "part": null,
                "node-pos": 84
            }
        ],
        "rule-18": [
            {
                "template-line-number": 322,
                "replacement-node": 76,
                "expression-node": 77,
                "part": null,
                "node-pos": 143
            }
        ],
        "rule-23": {
            "subs": [
                {
                    "template-line-number": 263,
                    "expression-node": 59,
                    "name": "AccountsReceivableFromAssociateCompanies",
                    "replacement-node": 58,
                    "part": "2",
                    "node-pos": 115
                },
                {
                    "template-line-number": 271,
                    "expression-node": 62,
                    "name": "AccountsReceivableFromAssociateCompanies",
                    "replacement-node": 61,
                    "part": "3",
                    "node-pos": 119
                },
                {
                    "template-line-number": 279,
                    "expression-node": 65,
                    "name": "AccountsReceivableFromAssociateCompanies",
                    "replacement-node": 64,
                    "part": "4",
                    "node-pos": 123
                },
                {
                    "template-line-number": 287,
                    "expression-node": 68,
                    "name": "AccountsReceivableFromAssociateCompanies",
                    "replacement-node": 67,
                    "part": "5",
                    "node-pos": 127
                }
            ],
            "name": "AccountsReceivableFromAssociateCompanies"
        },
        "rule-15": [
            {
                "template-line-number": 192,
                "replacement-node": 51,
                "part": null,
                "node-pos": 100
            }
        ],
        "rule-10": [
            {
                "template-line-number": 82,
                "replacement-node": 27,
                "expression-node": 28,
                "part": null,
                "node-pos": 48
            }
        ],
        "rule-6": [
            {
                "template-line-number": 62,
                "replacement-node": 15,
                "part": null,
                "node-pos": 32
            }
        ],
        "rule-8": [
            {
                "template-line-number": 72,
                "replacement-node": 21,
                "part": null,
                "node-pos": 40
            }
        ],
        "rule-12": [
            {
                "html": true,
                "template-line-number": 103,
                "replacement-node": 33,
                "part": null,
                "node-pos": 59
            }
        ],
        "rule-20": [
            {
                "template-line-number": 343,
                "replacement-node": 82,
                "part": null,
                "node-pos": 154
            }
        ],
        "rule-21": [
            {
                "template-line-number": 352,
                "replacement-node": 85,
                "part": null,
                "node-pos": 158
            }
        ]
    },
    "line-numbers": {
        "AccountsReceivableFromAssociateCompanies": [
            {
                "template-line-number": 255,
                "line-number-node": 55,
                "start-number": 3
            }
        ]
    }
}