{
    "substitutions": {
        "rule-1": [
            {
                "part": null,
                "replacement-node": 1,
                "template-line-number": 28,
                "node-pos": 10
            }
        ],
        "rule-2": [
            {
                "part": null,
                "replacement-node": 4,
                "expression-node": 5,
                "template-line-number": 32,
                "node-pos": 14
            }
        ],
        "rule-3": [
            {
                "part": null,
                "replacement-node": 7,
                "template-line-number": 38,
                "node-pos": 18
            }
        ],
        "rule-4": [
            {
                "part": null,
                "replacement-node": 10,
                "template-line-number": 44,
                "node-pos": 22,
                "html": true
            }
        ],
        "rule-5": [
            {
                "part": null,
                "replacement-node": 13,
                "template-line-number": 56,
                "node-pos": 27,
                "html": true
            }
        ],
        "rule-6": [
            {
                "part": null,
                "replacement-node": 16,
                "template-line-number": 67,
                "node-pos": 32
            }
        ],
        "rule-7": [
            {
                "part": null,
                "replacement-node": 19,
                "expression-node": 20,
                "template-line-number": 71,
                "node-pos": 36
            }
        ],
        "rule-8": [
            {
                "part": null,
                "replacement-node": 22,
                "template-line-number": 76,
                "node-pos": 40
            }
        ],
        "rule-9": [
            {
                "part": null,
                "replacement-node": 25,
                "expression-node": 26,
                "template-line-number": 80,
                "node-pos": 44
            }
        ],
        "rule-10": [
            {
                "part": null,
                "replacement-node": 28,
                "expression-node": 29,
                "template-line-number": 85,
                "node-pos": 48
            }
        ],
        "rule-11": [
            {
                "part": null,
                "replacement-node": 31,
                "template-line-number": 95,
                "node-pos": 54
            }
        ],
        "rule-12": [
            {
                "part": null,
                "replacement-node": 34,
                "template-line-number": 106,
                "node-pos": 59,
                "html": true
            }
        ],
        "rule-13": [
            {
                "part": null,
                "replacement-node": 46,
                "template-line-number": 175,
                "node-pos": 98
            }
        ],
        "rule-14": [
            {
                "part": null,
                "replacement-node": 89,
                "template-line-number": 320,
                "node-pos": 171
            }
        ],
        "rule-15": [
            {
                "part": null,
                "replacement-node": 92,
                "expression-node": 93,
                "template-line-number": 334,
                "node-pos": 177
            }
        ],
        "rule-16": [
            {
                "part": null,
                "replacement-node": 95,
                "expression-node": 96,
                "template-line-number": 344,
                "node-pos": 182
            }
        ],
        "rule-17": [
            {
                "part": null,
                "replacement-node": 98,
                "expression-node": 99,
                "template-line-number": 353,
                "node-pos": 186
            }
        ],
        "rule-18": [
            {
                "part": null,
                "replacement-node": 101,
                "expression-node": 102,
                "template-line-number": 362,
                "node-pos": 190
            }
        ],
        "rule-19": [
            {
                "part": null,
                "replacement-node": 104,
                "expression-node": 105,
                "template-line-number": 375,
                "node-pos": 198
            }
        ],
        "rule-20": [
            {
                "part": null,
                "replacement-node": 107,
                "expression-node": 108,
                "template-line-number": 384,
                "node-pos": 202
            }
        ],
        "rule-21": [
            {
                "part": null,
                "replacement-node": 110,
                "template-line-number": 395,
                "node-pos": 207
            }
        ],
        "rule-22": [
            {
                "part": null,
                "replacement-node": 112,
                "template-line-number": 403,
                "node-pos": 210
            }
        ],
        "rule-23": [
            {
                "part": null,
                "replacement-node": 155,
                "template-line-number": 554,
                "node-pos": 283
            }
        ],
        "rule-24": [
            {
                "part": null,
                "replacement-node": 158,
                "expression-node": 159,
                "template-line-number": 569,
                "node-pos": 289
            }
        ],
        "rule-25": [
            {
                "part": null,
                "replacement-node": 161,
                "expression-node": 162,
                "template-line-number": 579,
                "node-pos": 294
            }
        ],
        "rule-26": [
            {
                "part": null,
                "replacement-node": 164,
                "expression-node": 165,
                "template-line-number": 588,
                "node-pos": 298
            }
        ],
        "rule-27": [
            {
                "part": null,
                "replacement-node": 167,
                "expression-node": 168,
                "template-line-number": 597,
                "node-pos": 302
            }
        ],
        "rule-28": [
            {
                "part": null,
                "replacement-node": 170,
                "expression-node": 171,
                "template-line-number": 610,
                "node-pos": 310
            }
        ],
        "rule-29": [
            {
                "part": null,
                "replacement-node": 173,
                "expression-node": 174,
                "template-line-number": 619,
                "node-pos": 314
            }
        ],
        "rule-30": [
            {
                "part": null,
                "replacement-node": 176,
                "template-line-number": 629,
                "node-pos": 319
            }
        ],
        "rule-31": [
            {
                "part": null,
                "replacement-node": 178,
                "template-line-number": 638,
                "node-pos": 322
            }
        ],
        "rule-32": [
            {
                "part": null,
                "replacement-node": 221,
                "template-line-number": 789,
                "node-pos": 395
            }
        ],
        "rule-33": [
            {
                "part": null,
                "replacement-node": 224,
                "expression-node": 225,
                "template-line-number": 806,
                "node-pos": 401
            }
        ],
        "rule-34": [
            {
                "part": null,
                "replacement-node": 227,
                "expression-node": 228,
                "template-line-number": 816,
                "node-pos": 406
            }
        ],
        "rule-35": [
            {
                "part": null,
                "replacement-node": 230,
                "expression-node": 231,
                "template-line-number": 825,
                "node-pos": 410
            }
        ],
        "rule-36": [
            {
                "part": null,
                "replacement-node": 233,
                "expression-node": 234,
                "template-line-number": 834,
                "node-pos": 414
            }
        ],
        "rule-37": [
            {
                "part": null,
                "replacement-node": 236,
                "expression-node": 237,
                "template-line-number": 847,
                "node-pos": 422
            }
        ],
        "rule-38": [
            {
                "part": null,
                "replacement-node": 239,
                "expression-node": 240,
                "template-line-number": 856,
                "node-pos": 426
            }
        ],
        "rule-39": [
            {
                "part": null,
                "replacement-node": 242,
                "template-line-number": 866,
                "node-pos": 431
            }
        ],
        "rule-40": [
            {
                "part": null,
                "replacement-node": 244,
                "template-line-number": 875,
                "node-pos": 434
            }
        ],
        "rule-41": [
            {
                "part": null,
                "replacement-node": 287,
                "template-line-number": 1025,
                "node-pos": 507
            }
        ],
        "rule-42": [
            {
                "part": null,
                "replacement-node": 290,
                "expression-node": 291,
                "template-line-number": 1040,
                "node-pos": 513
            }
        ],
        "rule-43": [
            {
                "part": null,
                "replacement-node": 293,
                "expression-node": 294,
                "template-line-number": 1050,
                "node-pos": 518
            }
        ],
        "rule-44": [
            {
                "part": null,
                "replacement-node": 296,
                "expression-node": 297,
                "template-line-number": 1059,
                "node-pos": 522
            }
        ],
        "rule-45": [
            {
                "part": null,
                "replacement-node": 299,
                "expression-node": 300,
                "template-line-number": 1068,
                "node-pos": 526
            }
        ],
        "rule-46": [
            {
                "part": null,
                "replacement-node": 302,
                "expression-node": 303,
                "template-line-number": 1081,
                "node-pos": 534
            }
        ],
        "rule-47": [
            {
                "part": null,
                "replacement-node": 305,
                "expression-node": 306,
                "template-line-number": 1090,
                "node-pos": 538
            }
        ],
        "rule-48": [
            {
                "part": null,
                "replacement-node": 342,
                "expression-node": 343,
                "template-line-number": 1212,
                "node-pos": 597
            }
        ],
        "rule-49": [
            {
                "part": null,
                "replacement-node": 345,
                "expression-node": 346,
                "template-line-number": 1221,
                "node-pos": 601
            }
        ],
        "rule-50": [
            {
                "part": null,
                "replacement-node": 348,
                "expression-node": 349,
                "template-line-number": 1237,
                "node-pos": 612
            }
        ],
        "rule-51": [
            {
                "part": null,
                "replacement-node": 351,
                "expression-node": 352,
                "template-line-number": 1246,
                "node-pos": 616
            }
        ],
        "rule-52": [
            {
                "part": null,
                "replacement-node": 354,
                "expression-node": 355,
                "template-line-number": 1259,
                "node-pos": 622
            }
        ],
        "rule-53": [
            {
                "part": null,
                "replacement-node": 357,
                "template-line-number": 1264,
                "node-pos": 626
            }
        ],
        "rule-54": [
            {
                "part": null,
                "replacement-node": 360,
                "template-line-number": 1273,
                "node-pos": 630
            }
        ],
        "rule-55": {
            "name": "BondsLineItems",
            "subs": [
                {
                    "name": "BondsLineItems",
                    "part": "10",
                    "replacement-node": 77,
                    "expression-node": 78,
                    "template-line-number": 296,
                    "node-pos": 154
                },
                {
                    "name": "BondsLineItems",
                    "part": "11",
                    "replacement-node": 80,
                    "expression-node": 81,
                    "template-line-number": 301,
                    "node-pos": 158
                },
                {
                    "name": "BondsLineItems",
                    "part": "12",
                    "replacement-node": 83,
                    "expression-node": 84,
                    "template-line-number": 306,
                    "node-pos": 162
                },
                {
                    "name": "BondsLineItems",
                    "part": "13",
                    "replacement-node": 86,
                    "expression-node": 87,
                    "template-line-number": 311,
                    "node-pos": 166
                },
                {
                    "name": "BondsLineItems",
                    "part": "2",
                    "replacement-node": 53,
                    "expression-node": 54,
                    "template-line-number": 255,
                    "node-pos": 121
                },
                {
                    "name": "BondsLineItems",
                    "part": "3",
                    "replacement-node": 56,
                    "expression-node": 57,
                    "template-line-number": 260,
                    "node-pos": 125
                },
                {
                    "name": "BondsLineItems",
                    "part": "4",
                    "replacement-node": 59,
                    "expression-node": 60,
                    "template-line-number": 265,
                    "node-pos": 129
                },
                {
                    "name": "BondsLineItems",
                    "part": "5",
                    "replacement-node": 62,
                    "expression-node": 63,
                    "template-line-number": 271,
                    "node-pos": 134
                },
                {
                    "name": "BondsLineItems",
                    "part": "6",
                    "replacement-node": 65,
                    "expression-node": 66,
                    "template-line-number": 276,
                    "node-pos": 138
                },
                {
                    "name": "BondsLineItems",
                    "part": "7",
                    "replacement-node": 68,
                    "expression-node": 69,
                    "template-line-number": 281,
                    "node-pos": 142
                },
                {
                    "name": "BondsLineItems",
                    "part": "8",
                    "replacement-node": 71,
                    "expression-node": 72,
                    "template-line-number": 286,
                    "node-pos": 146
                },
                {
                    "name": "BondsLineItems",
                    "part": "9",
                    "replacement-node": 74,
                    "expression-node": 75,
                    "template-line-number": 291,
                    "node-pos": 150
                }
            ]
        },
        "rule-56": {
            "name": "LongTermDebtLineItems",
            "subs": [
                {
                    "name": "LongTermDebtLineItems",
                    "part": "10",
                    "replacement-node": 339,
                    "expression-node": 340,
                    "template-line-number": 1199,
                    "node-pos": 589
                },
                {
                    "name": "LongTermDebtLineItems",
                    "part": "2",
                    "replacement-node": 315,
                    "expression-node": 316,
                    "template-line-number": 1153,
                    "node-pos": 553
                },
                {
                    "name": "LongTermDebtLineItems",
                    "part": "3",
                    "replacement-node": 318,
                    "expression-node": 319,
                    "template-line-number": 1161,
                    "node-pos": 558
                },
                {
                    "name": "LongTermDebtLineItems",
                    "part": "4",
                    "replacement-node": 321,
                    "expression-node": 322,
                    "template-line-number": 1166,
                    "node-pos": 562
                },
                {
                    "name": "LongTermDebtLineItems",
                    "part": "5",
                    "replacement-node": 324,
                    "expression-node": 325,
                    "template-line-number": 1174,
                    "node-pos": 569
                },
                {
                    "name": "LongTermDebtLineItems",
                    "part": "6",
                    "replacement-node": 327,
                    "expression-node": 328,
                    "template-line-number": 1179,
                    "node-pos": 573
                },
                {
                    "name": "LongTermDebtLineItems",
                    "part": "7",
                    "replacement-node": 330,
                    "expression-node": 331,
                    "template-line-number": 1184,
                    "node-pos": 577
                },
                {
                    "name": "LongTermDebtLineItems",
                    "part": "8",
                    "replacement-node": 333,
                    "expression-node": 334,
                    "template-line-number": 1189,
                    "node-pos": 581
                },
                {
                    "name": "LongTermDebtLineItems",
                    "part": "9",
                    "replacement-node": 336,
                    "expression-node": 337,
                    "template-line-number": 1194,
                    "node-pos": 585
                }
            ]
        },
        "rule-57": {
            "name": "LongTermDebtHeadings",
            "subs": [
                {
                    "name": "LongTermDebtHeadings",
                    "part": "1",
                    "replacement-node": 40,
                    "template-line-number": 153,
                    "extras": {},
                    "node-pos": 88,
                    "html": true
                },
                {
                    "name": "LongTermDebtHeadings",
                    "part": "2",
                    "replacement-node": 43,
                    "template-line-number": 162,
                    "extras": {},
                    "node-pos": 92
                },
                {
                    "name": "LongTermDebtHeadings",
                    "part": "3",
                    "replacement-node": 38,
                    "template-line-number": 149,
                    "extras": {},
                    "node-pos": 86
                }
            ]
        },
        "rule-58": {
            "name": "ReacquiredBondsLineItems",
            "subs": [
                {
                    "name": "ReacquiredBondsLineItems",
                    "part": "10",
                    "replacement-node": 143,
                    "expression-node": 144,
                    "template-line-number": 530,
                    "node-pos": 266
                },
                {
                    "name": "ReacquiredBondsLineItems",
                    "part": "11",
                    "replacement-node": 146,
                    "expression-node": 147,
                    "template-line-number": 535,
                    "node-pos": 270
                },
                {
                    "name": "ReacquiredBondsLineItems",
                    "part": "12",
                    "replacement-node": 149,
                    "expression-node": 150,
                    "template-line-number": 540,
                    "node-pos": 274
                },
                {
                    "name": "ReacquiredBondsLineItems",
                    "part": "13",
                    "replacement-node": 152,
                    "expression-node": 153,
                    "template-line-number": 545,
                    "node-pos": 278
                },
                {
                    "name": "ReacquiredBondsLineItems",
                    "part": "2",
                    "replacement-node": 119,
                    "expression-node": 120,
                    "template-line-number": 489,
                    "node-pos": 233
                },
                {
                    "name": "ReacquiredBondsLineItems",
                    "part": "3",
                    "replacement-node": 122,
                    "expression-node": 123,
                    "template-line-number": 494,
                    "node-pos": 237
                },
                {
                    "name": "ReacquiredBondsLineItems",
                    "part": "4",
                    "replacement-node": 125,
                    "expression-node": 126,
                    "template-line-number": 499,
                    "node-pos": 241
                },
                {
                    "name": "ReacquiredBondsLineItems",
                    "part": "5",
                    "replacement-node": 128,
                    "expression-node": 129,
                    "template-line-number": 505,
                    "node-pos": 246
                },
                {
                    "name": "ReacquiredBondsLineItems",
                    "part": "6",
                    "replacement-node": 131,
                    "expression-node": 132,
                    "template-line-number": 510,
                    "node-pos": 250
                },
                {
                    "name": "ReacquiredBondsLineItems",
                    "part": "7",
                    "replacement-node": 134,
                    "expression-node": 135,
                    "template-line-number": 515,
                    "node-pos": 254
                },
                {
                    "name": "ReacquiredBondsLineItems",
                    "part": "8",
                    "replacement-node": 137,
                    "expression-node": 138,
                    "template-line-number": 520,
                    "node-pos": 258
                },
                {
                    "name": "ReacquiredBondsLineItems",
                    "part": "9",
                    "replacement-node": 140,
                    "expression-node": 141,
                    "template-line-number": 525,
                    "node-pos": 262
                }
            ]
        },
        "rule-59": {
            "name": "LongTermDebtHeader",
            "subs": [
                {
                    "name": "LongTermDebtHeader",
                    "part": "1",
                    "replacement-node": 309,
                    "template-line-number": 1109,
                    "extras": {},
                    "node-pos": 544
                }
            ]
        },
        "rule-60": {
            "name": "OtherLongTermDebtLineItems",
            "subs": [
                {
                    "name": "OtherLongTermDebtLineItems",
                    "part": "10",
                    "replacement-node": 275,
                    "expression-node": 276,
                    "template-line-number": 1001,
                    "node-pos": 490
                },
                {
                    "name": "OtherLongTermDebtLineItems",
                    "part": "11",
                    "replacement-node": 278,
                    "expression-node": 279,
                    "template-line-number": 1006,
                    "node-pos": 494
                },
                {
                    "name": "OtherLongTermDebtLineItems",
                    "part": "12",
                    "replacement-node": 281,
                    "expression-node": 282,
                    "template-line-number": 1011,
                    "node-pos": 498
                },
                {
                    "name": "OtherLongTermDebtLineItems",
                    "part": "13",
                    "replacement-node": 284,
                    "expression-node": 285,
                    "template-line-number": 1016,
                    "node-pos": 502
                },
                {
                    "name": "OtherLongTermDebtLineItems",
                    "part": "2",
                    "replacement-node": 251,
                    "expression-node": 252,
                    "template-line-number": 960,
                    "node-pos": 457
                },
                {
                    "name": "OtherLongTermDebtLineItems",
                    "part": "3",
                    "replacement-node": 254,
                    "expression-node": 255,
                    "template-line-number": 965,
                    "node-pos": 461
                },
                {
                    "name": "OtherLongTermDebtLineItems",
                    "part": "4",
                    "replacement-node": 257,
                    "expression-node": 258,
                    "template-line-number": 970,
                    "node-pos": 465
                },
                {
                    "name": "OtherLongTermDebtLineItems",
                    "part": "5",
                    "replacement-node": 260,
                    "expression-node": 261,
                    "template-line-number": 976,
                    "node-pos": 470
                },
                {
                    "name": "OtherLongTermDebtLineItems",
                    "part": "6",
                    "replacement-node": 263,
                    "expression-node": 264,
                    "template-line-number": 981,
                    "node-pos": 474
                },
                {
                    "name": "OtherLongTermDebtLineItems",
                    "part": "7",
                    "replacement-node": 266,
                    "expression-node": 267,
                    "template-line-number": 986,
                    "node-pos": 478
                },
                {
                    "name": "OtherLongTermDebtLineItems",
                    "part": "8",
                    "replacement-node": 269,
                    "expression-node": 270,
                    "template-line-number": 991,
                    "node-pos": 482
                },
                {
                    "name": "OtherLongTermDebtLineItems",
                    "part": "9",
                    "replacement-node": 272,
                    "expression-node": 273,
                    "template-line-number": 996,
                    "node-pos": 486
                }
            ]
        },
        "rule-61": {
            "name": "AdvancesLineItems",
            "subs": [
                {
                    "name": "AdvancesLineItems",
                    "part": "10",
                    "replacement-node": 209,
                    "expression-node": 210,
                    "template-line-number": 765,
                    "node-pos": 378
                },
                {
                    "name": "AdvancesLineItems",
                    "part": "11",
                    "replacement-node": 212,
                    "expression-node": 213,
                    "template-line-number": 770,
                    "node-pos": 382
                },
                {
                    "name": "AdvancesLineItems",
                    "part": "12",
                    "replacement-node": 215,
                    "expression-node": 216,
                    "template-line-number": 775,
                    "node-pos": 386
                },
                {
                    "name": "AdvancesLineItems",
                    "part": "13",
                    "replacement-node": 218,
                    "expression-node": 219,
                    "template-line-number": 780,
                    "node-pos": 390
                },
                {
                    "name": "AdvancesLineItems",
                    "part": "2",
                    "replacement-node": 185,
                    "expression-node": 186,
                    "template-line-number": 724,
                    "node-pos": 345
                },
                {
                    "name": "AdvancesLineItems",
                    "part": "3",
                    "replacement-node": 188,
                    "expression-node": 189,
                    "template-line-number": 729,
                    "node-pos": 349
                },
                {
                    "name": "AdvancesLineItems",
                    "part": "4",
                    "replacement-node": 191,
                    "expression-node": 192,
                    "template-line-number": 734,
                    "node-pos": 353
                },
                {
                    "name": "AdvancesLineItems",
                    "part": "5",
                    "replacement-node": 194,
                    "expression-node": 195,
                    "template-line-number": 740,
                    "node-pos": 358
                },
                {
                    "name": "AdvancesLineItems",
                    "part": "6",
                    "replacement-node": 197,
                    "expression-node": 198,
                    "template-line-number": 745,
                    "node-pos": 362
                },
                {
                    "name": "AdvancesLineItems",
                    "part": "7",
                    "replacement-node": 200,
                    "expression-node": 201,
                    "template-line-number": 750,
                    "node-pos": 366
                },
                {
                    "name": "AdvancesLineItems",
                    "part": "8",
                    "replacement-node": 203,
                    "expression-node": 204,
                    "template-line-number": 755,
                    "node-pos": 370
                },
                {
                    "name": "AdvancesLineItems",
                    "part": "9",
                    "replacement-node": 206,
                    "expression-node": 207,
                    "template-line-number": 760,
                    "node-pos": 374
                }
            ]
        }
    },
    "line-numbers": {
        "BondsLineItems": [
            {
                "line-number-node": 50,
                "start-number": 2,
                "template-line-number": 252
            }
        ],
        "ReacquiredBondsLineItems": [
            {
                "line-number-node": 116,
                "start-rule": "rule-62",
                "template-line-number": 479
            }
        ],
        "AdvancesLineItems": [
            {
                "line-number-node": 182,
                "start-rule": "rule-63",
                "template-line-number": 715
            }
        ],
        "OtherLongTermDebtLineItems": [
            {
                "line-number-node": 248,
                "start-rule": "rule-64",
                "template-line-number": 951
            }
        ],
        "LongTermDebtLineItems": [
            {
                "line-number-node": 312,
                "start-number": 1,
                "template-line-number": 1150
            }
        ]
    },
    "showifs": {},
    "footnotes": {},
    "standard-rules": [
        "rule-1",
        "rule-2",
        "rule-3",
        "rule-4",
        "rule-5",
        "rule-6",
        "rule-7",
        "rule-8",
        "rule-9",
        "rule-10",
        "rule-11",
        "rule-12",
        "rule-13",
        "rule-14",
        "rule-15",
        "rule-16",
        "rule-17",
        "rule-18",
        "rule-19",
        "rule-20",
        "rule-21",
        "rule-22",
        "rule-23",
        "rule-24",
        "rule-25",
        "rule-26",
        "rule-27",
        "rule-28",
        "rule-29",
        "rule-30",
        "rule-31",
        "rule-32",
        "rule-33",
        "rule-34",
        "rule-35",
        "rule-36",
        "rule-37",
        "rule-38",
        "rule-39",
        "rule-40",
        "rule-41",
        "rule-42",
        "rule-43",
        "rule-44",
        "rule-45",
        "rule-46",
        "rule-47",
        "rule-48",
        "rule-49",
        "rule-50",
        "rule-51",
        "rule-52",
        "rule-53",
        "rule-54",
        "rule-55",
        "rule-56",
        "rule-57",
        "rule-58",
        "rule-59",
        "rule-60",
        "rule-61"
    ],
    "footnote-rules": []
}