{
    "line-numbers": {
        "ServiceCompanyLineItems": [
            {
                "line-number-node": 44,
                "template-line-number": 195,
                "start-number": 1
            }
        ],
        "Transactions2": [
            {
                "line-number-node": 68,
                "template-line-number": 327,
                "start-number": 18
            }
        ]
    },
    "showifs": {},
    "substitutions": {
        "rule-11": [
            {
                "node-pos": 54,
                "replacement-node": 30,
                "part": null,
                "template-line-number": 93
            }
        ],
        "rule-3": [
            {
                "node-pos": 18,
                "replacement-node": 6,
                "part": null,
                "template-line-number": 34
            }
        ],
        "rule-30": {
            "name": "Transactions2",
            "subs": [
                {
                    "name": "Transactions2",
                    "replacement-node": 70,
                    "expression-node": 71,
                    "node-pos": 128,
                    "part": "2",
                    "template-line-number": 332
                },
                {
                    "name": "Transactions2",
                    "replacement-node": 73,
                    "expression-node": 74,
                    "node-pos": 132,
                    "part": "3",
                    "template-line-number": 338
                },
                {
                    "name": "Transactions2",
                    "replacement-node": 76,
                    "expression-node": 77,
                    "node-pos": 136,
                    "part": "4",
                    "template-line-number": 343
                },
                {
                    "name": "Transactions2",
                    "replacement-node": 79,
                    "expression-node": 80,
                    "node-pos": 141,
                    "part": "5",
                    "template-line-number": 349
                },
                {
                    "name": "Transactions2",
                    "replacement-node": 82,
                    "expression-node": 83,
                    "node-pos": 145,
                    "part": "6",
                    "template-line-number": 354
                }
            ]
        },
        "rule-25": [
            {
                "node-pos": 201,
                "replacement-node": 115,
                "part": null,
                "template-line-number": 473,
                "expression-node": 116
            }
        ],
        "rule-19": [
            {
                "node-pos": 170,
                "replacement-node": 97,
                "part": null,
                "template-line-number": 406,
                "expression-node": 98
            }
        ],
        "rule-12": [
            {
                "node-pos": 59,
                "replacement-node": 33,
                "part": null,
                "template-line-number": 104,
                "html": true
            }
        ],
        "rule-15": [
            {
                "node-pos": 152,
                "replacement-node": 85,
                "part": null,
                "template-line-number": 366
            }
        ],
        "rule-17": [
            {
                "node-pos": 161,
                "replacement-node": 91,
                "part": null,
                "template-line-number": 387,
                "expression-node": 92
            }
        ],
        "rule-23": [
            {
                "node-pos": 191,
                "replacement-node": 109,
                "part": null,
                "template-line-number": 451,
                "expression-node": 110
            }
        ],
        "rule-2": [
            {
                "node-pos": 14,
                "replacement-node": 3,
                "part": null,
                "template-line-number": 28,
                "expression-node": 4
            }
        ],
        "rule-26": [
            {
                "node-pos": 205,
                "replacement-node": 118,
                "part": null,
                "template-line-number": 479
            }
        ],
        "rule-5": [
            {
                "node-pos": 27,
                "replacement-node": 12,
                "part": null,
                "template-line-number": 52,
                "html": true
            }
        ],
        "rule-18": [
            {
                "node-pos": 166,
                "replacement-node": 94,
                "part": null,
                "template-line-number": 397,
                "expression-node": 95
            }
        ],
        "rule-9": [
            {
                "node-pos": 44,
                "replacement-node": 24,
                "part": null,
                "template-line-number": 78,
                "expression-node": 25
            }
        ],
        "rule-14": [
            {
                "node-pos": 112,
                "replacement-node": 64,
                "part": null,
                "template-line-number": 260
            }
        ],
        "rule-13": [
            {
                "node-pos": 107,
                "replacement-node": 61,
                "part": null,
                "template-line-number": 248
            }
        ],
        "rule-27": [
            {
                "node-pos": 209,
                "replacement-node": 121,
                "part": null,
                "template-line-number": 488
            }
        ],
        "rule-24": [
            {
                "node-pos": 195,
                "replacement-node": 112,
                "part": null,
                "template-line-number": 460,
                "expression-node": 113
            }
        ],
        "rule-22": [
            {
                "node-pos": 186,
                "replacement-node": 106,
                "part": null,
                "template-line-number": 441,
                "expression-node": 107
            }
        ],
        "rule-4": [
            {
                "node-pos": 22,
                "replacement-node": 9,
                "part": null,
                "template-line-number": 40,
                "html": true
            }
        ],
        "rule-21": [
            {
                "node-pos": 182,
                "replacement-node": 103,
                "part": null,
                "template-line-number": 432,
                "expression-node": 104
            }
        ],
        "rule-28": {
            "name": "ServiceCompanyLineItems",
            "subs": [
                {
                    "name": "ServiceCompanyLineItems",
                    "replacement-node": 47,
                    "extras": {},
                    "node-pos": 84,
                    "part": "1",
                    "template-line-number": 202
                },
                {
                    "name": "ServiceCompanyLineItems",
                    "replacement-node": 49,
                    "extras": {},
                    "node-pos": 87,
                    "part": "2",
                    "template-line-number": 207
                },
                {
                    "name": "ServiceCompanyLineItems",
                    "replacement-node": 51,
                    "expression-node": 52,
                    "node-pos": 90,
                    "part": "3",
                    "template-line-number": 213
                },
                {
                    "name": "ServiceCompanyLineItems",
                    "replacement-node": 53,
                    "expression-node": 54,
                    "node-pos": 93,
                    "part": "4",
                    "template-line-number": 219
                },
                {
                    "name": "ServiceCompanyLineItems",
                    "replacement-node": 55,
                    "expression-node": 56,
                    "node-pos": 96,
                    "part": "5",
                    "template-line-number": 225
                },
                {
                    "name": "ServiceCompanyLineItems",
                    "replacement-node": 57,
                    "expression-node": 58,
                    "node-pos": 99,
                    "part": "6",
                    "template-line-number": 231
                },
                {
                    "name": "ServiceCompanyLineItems",
                    "replacement-node": 59,
                    "expression-node": 60,
                    "node-pos": 102,
                    "part": "7",
                    "template-line-number": 237
                }
            ]
        },
        "rule-29": {
            "name": "ScheduleAccumulatedProvisionforDepreciationandAmortizationofServiceCompanyProperty",
            "subs": [
                {
                    "name": "ScheduleAccumulatedProvisionforDepreciationandAmortizationofServiceCompanyProperty",
                    "replacement-node": 37,
                    "extras": {},
                    "node-pos": 70,
                    "part": "1",
                    "template-line-number": 131
                },
                {
                    "name": "ScheduleAccumulatedProvisionforDepreciationandAmortizationofServiceCompanyProperty",
                    "replacement-node": 40,
                    "extras": {},
                    "node-pos": 74,
                    "part": "2",
                    "template-line-number": 138
                }
            ]
        },
        "rule-1": [
            {
                "node-pos": 10,
                "replacement-node": 0,
                "part": null,
                "template-line-number": 23
            }
        ],
        "rule-7": [
            {
                "node-pos": 36,
                "replacement-node": 18,
                "part": null,
                "template-line-number": 68,
                "expression-node": 19
            }
        ],
        "rule-8": [
            {
                "node-pos": 40,
                "replacement-node": 21,
                "part": null,
                "template-line-number": 73
            }
        ],
        "rule-20": [
            {
                "node-pos": 177,
                "replacement-node": 100,
                "part": null,
                "template-line-number": 420
            }
        ],
        "rule-6": [
            {
                "node-pos": 32,
                "replacement-node": 15,
                "part": null,
                "template-line-number": 63
            }
        ],
        "rule-16": [
            {
                "node-pos": 157,
                "replacement-node": 88,
                "part": null,
                "template-line-number": 378,
                "expression-node": 89
            }
        ],
        "rule-10": [
            {
                "node-pos": 48,
                "replacement-node": 27,
                "part": null,
                "template-line-number": 83,
                "expression-node": 28
            }
        ]
    }
}