{
    "line-numbers": {},
    "substitutions": {
        "rule-3": [
            {
                "replacement-node": 4,
                "node-pos": 14,
                "part": null,
                "template-line-number": 32,
                "expression-node": 5
            }
        ],
        "rule-10": [
            {
                "replacement-node": 25,
                "node-pos": 44,
                "part": null,
                "template-line-number": 82,
                "expression-node": 26
            }
        ],
        "rule-2": [
            {
                "replacement-node": 1,
                "node-pos": 10,
                "part": null,
                "template-line-number": 27
            }
        ],
        "rule-15": [
            {
                "replacement-node": 65,
                "node-pos": 106,
                "part": null,
                "template-line-number": 223
            }
        ],
        "rule-8": [
            {
                "replacement-node": 19,
                "node-pos": 36,
                "part": null,
                "template-line-number": 72,
                "expression-node": 20
            }
        ],
        "rule-12": [
            {
                "replacement-node": 31,
                "node-pos": 54,
                "part": null,
                "template-line-number": 97
            }
        ],
        "rule-16": {
            "subs": [
                {
                    "replacement-node": 42,
                    "extras": {},
                    "node-pos": 72,
                    "part": "1",
                    "name": "BSLineItems",
                    "template-line-number": 167
                },
                {
                    "replacement-node": 47,
                    "extras": {},
                    "node-pos": 80,
                    "part": "2",
                    "name": "BSLineItems",
                    "template-line-number": 178
                },
                {
                    "replacement-node": 51,
                    "extras": {},
                    "node-pos": 85,
                    "part": "3",
                    "name": "BSLineItems",
                    "template-line-number": 187
                },
                {
                    "replacement-node": 53,
                    "node-pos": 88,
                    "part": "4",
                    "name": "BSLineItems",
                    "expression-node": 54,
                    "template-line-number": 192
                },
                {
                    "replacement-node": 56,
                    "node-pos": 92,
                    "part": "5",
                    "name": "BSLineItems",
                    "expression-node": 57,
                    "template-line-number": 198
                },
                {
                    "replacement-node": 45,
                    "extras": {},
                    "node-pos": 78,
                    "part": "6",
                    "name": "BSLineItems",
                    "template-line-number": 174
                }
            ],
            "name": "BSLineItems"
        },
        "rule-14": [
            {
                "replacement-node": 62,
                "node-pos": 102,
                "part": null,
                "template-line-number": 214
            }
        ],
        "rule-17": {
            "subs": [
                {
                    "replacement-node": 35,
                    "extras": {},
                    "node-pos": 62,
                    "part": "1",
                    "name": "BSHeadings",
                    "template-line-number": 121
                },
                {
                    "replacement-node": 38,
                    "extras": {},
                    "node-pos": 66,
                    "part": "2",
                    "name": "BSHeadings",
                    "template-line-number": 128
                }
            ],
            "name": "BSHeadings"
        },
        "rule-9": [
            {
                "replacement-node": 22,
                "node-pos": 40,
                "part": null,
                "template-line-number": 77
            }
        ],
        "rule-11": [
            {
                "replacement-node": 28,
                "node-pos": 48,
                "part": null,
                "template-line-number": 87,
                "expression-node": 29
            }
        ],
        "rule-5": [
            {
                "replacement-node": 10,
                "node-pos": 22,
                "part": null,
                "template-line-number": 44,
                "html": true
            }
        ],
        "rule-13": [
            {
                "replacement-node": 59,
                "node-pos": 98,
                "part": null,
                "template-line-number": 209,
                "expression-node": 60
            }
        ],
        "rule-4": [
            {
                "replacement-node": 7,
                "node-pos": 18,
                "part": null,
                "template-line-number": 38
            }
        ],
        "rule-7": [
            {
                "replacement-node": 16,
                "node-pos": 32,
                "part": null,
                "template-line-number": 67
            }
        ],
        "rule-6": [
            {
                "replacement-node": 13,
                "node-pos": 27,
                "part": null,
                "template-line-number": 56,
                "html": true
            }
        ]
    },
    "showifs": {
        "rule-1": {
            "template-line-number": 17,
            "type": "showif"
        }
    }
}