{
    "substitutions": {
        "rule-16": [
            {
                "replacement-node": 80,
                "node-pos": 142,
                "part": null,
                "template-line-number": 309
            }
        ],
        "rule-5": [
            {
                "replacement-node": 10,
                "node-pos": 23,
                "part": null,
                "template-line-number": 45,
                "html": true
            }
        ],
        "rule-6": [
            {
                "replacement-node": 13,
                "node-pos": 28,
                "part": null,
                "template-line-number": 57,
                "html": true
            }
        ],
        "rule-3": [
            {
                "replacement-node": 4,
                "node-pos": 15,
                "part": null,
                "expression-node": 5,
                "template-line-number": 33
            }
        ],
        "rule-8": [
            {
                "replacement-node": 19,
                "node-pos": 37,
                "part": null,
                "expression-node": 20,
                "template-line-number": 73
            }
        ],
        "rule-2": [
            {
                "replacement-node": 1,
                "node-pos": 11,
                "part": null,
                "template-line-number": 28
            }
        ],
        "rule-9": [
            {
                "replacement-node": 22,
                "node-pos": 41,
                "part": null,
                "template-line-number": 78
            }
        ],
        "rule-13": [
            {
                "replacement-node": 34,
                "node-pos": 60,
                "part": null,
                "template-line-number": 109,
                "html": true
            }
        ],
        "rule-7": [
            {
                "replacement-node": 16,
                "node-pos": 33,
                "part": null,
                "template-line-number": 68
            }
        ],
        "rule-4": [
            {
                "replacement-node": 7,
                "node-pos": 19,
                "part": null,
                "template-line-number": 39
            }
        ],
        "rule-11": [
            {
                "replacement-node": 28,
                "node-pos": 49,
                "part": null,
                "expression-node": 29,
                "template-line-number": 88
            }
        ],
        "rule-10": [
            {
                "replacement-node": 25,
                "node-pos": 45,
                "part": null,
                "expression-node": 26,
                "template-line-number": 83
            }
        ],
        "rule-18": {
            "subs": [
                {
                    "part": "1",
                    "template-line-number": 152,
                    "replacement-node": 38,
                    "node-pos": 83,
                    "extras": {},
                    "name": "ColumnHeadings"
                },
                {
                    "part": "2",
                    "template-line-number": 159,
                    "replacement-node": 41,
                    "node-pos": 87,
                    "extras": {},
                    "name": "ColumnHeadings"
                }
            ],
            "name": "ColumnHeadings"
        },
        "rule-17": {
            "subs": [
                {
                    "part": "1",
                    "template-line-number": 216,
                    "replacement-node": 45,
                    "node-pos": 93,
                    "extras": {},
                    "name": "CarrierPropertyItems"
                },
                {
                    "part": "1",
                    "template-line-number": 222,
                    "replacement-node": 48,
                    "node-pos": 97,
                    "extras": {},
                    "name": "CarrierPropertyItems"
                },
                {
                    "part": "2",
                    "expression-node": 51,
                    "template-line-number": 229,
                    "replacement-node": 50,
                    "node-pos": 100,
                    "name": "CarrierPropertyItems"
                },
                {
                    "part": "3",
                    "expression-node": 54,
                    "template-line-number": 237,
                    "replacement-node": 53,
                    "node-pos": 104,
                    "name": "CarrierPropertyItems"
                },
                {
                    "part": "4",
                    "expression-node": 57,
                    "template-line-number": 245,
                    "replacement-node": 56,
                    "node-pos": 108,
                    "name": "CarrierPropertyItems"
                },
                {
                    "part": "5",
                    "expression-node": 60,
                    "template-line-number": 253,
                    "replacement-node": 59,
                    "node-pos": 112,
                    "name": "CarrierPropertyItems"
                },
                {
                    "part": "6",
                    "expression-node": 63,
                    "template-line-number": 261,
                    "replacement-node": 62,
                    "node-pos": 116,
                    "name": "CarrierPropertyItems"
                },
                {
                    "part": "7",
                    "expression-node": 66,
                    "template-line-number": 269,
                    "replacement-node": 65,
                    "node-pos": 120,
                    "name": "CarrierPropertyItems"
                },
                {
                    "part": "8",
                    "expression-node": 69,
                    "template-line-number": 277,
                    "replacement-node": 68,
                    "node-pos": 124,
                    "name": "CarrierPropertyItems"
                },
                {
                    "part": "9",
                    "expression-node": 72,
                    "template-line-number": 285,
                    "replacement-node": 71,
                    "node-pos": 128,
                    "name": "CarrierPropertyItems"
                }
            ],
            "name": "CarrierPropertyItems"
        },
        "rule-14": [
            {
                "replacement-node": 74,
                "node-pos": 134,
                "part": null,
                "expression-node": 75,
                "template-line-number": 295
            }
        ],
        "rule-15": [
            {
                "replacement-node": 77,
                "node-pos": 138,
                "part": null,
                "template-line-number": 300
            }
        ],
        "rule-12": [
            {
                "replacement-node": 31,
                "node-pos": 55,
                "part": null,
                "template-line-number": 98
            }
        ]
    },
    "line-numbers": {},
    "showifs": {
        "rule-1": {
            "type": "showif",
            "template-line-number": 18
        }
    }
}