{
    "showifs": {
        "rule-1": {
            "template-line-number": 17,
            "type": "showif"
        }
    },
    "substitutions": {
        "rule-10": [
            {
                "replacement-node": 25,
                "template-line-number": 79,
                "node-pos": 44,
                "part": null,
                "expression-node": 26
            }
        ],
        "rule-20": [
            {
                "replacement-node": 82,
                "template-line-number": 298,
                "node-pos": 135,
                "part": null
            }
        ],
        "rule-12": [
            {
                "replacement-node": 31,
                "template-line-number": 94,
                "node-pos": 54,
                "part": null
            }
        ],
        "rule-2": [
            {
                "replacement-node": 1,
                "template-line-number": 27,
                "node-pos": 10,
                "part": null
            }
        ],
        "rule-4": [
            {
                "replacement-node": 7,
                "template-line-number": 37,
                "node-pos": 18,
                "part": null
            }
        ],
        "rule-3": [
            {
                "replacement-node": 4,
                "template-line-number": 31,
                "node-pos": 14,
                "part": null,
                "expression-node": 5
            }
        ],
        "rule-22": {
            "subs": [
                {
                    "template-line-number": 203,
                    "replacement-node": 49,
                    "expression-node": 50,
                    "node-pos": 86,
                    "name": "ExchangeAndImbalanceTransactions",
                    "part": "2"
                },
                {
                    "template-line-number": 209,
                    "replacement-node": 52,
                    "expression-node": 53,
                    "node-pos": 90,
                    "name": "ExchangeAndImbalanceTransactions",
                    "part": "3"
                },
                {
                    "template-line-number": 215,
                    "replacement-node": 55,
                    "expression-node": 56,
                    "node-pos": 94,
                    "name": "ExchangeAndImbalanceTransactions",
                    "part": "4"
                },
                {
                    "template-line-number": 221,
                    "replacement-node": 58,
                    "expression-node": 59,
                    "node-pos": 98,
                    "name": "ExchangeAndImbalanceTransactions",
                    "part": "5"
                },
                {
                    "template-line-number": 227,
                    "replacement-node": 61,
                    "expression-node": 62,
                    "node-pos": 102,
                    "name": "ExchangeAndImbalanceTransactions",
                    "part": "6"
                }
            ],
            "name": "ExchangeAndImbalanceTransactions"
        },
        "rule-6": [
            {
                "replacement-node": 13,
                "template-line-number": 55,
                "node-pos": 27,
                "part": null,
                "html": true
            }
        ],
        "rule-16": [
            {
                "replacement-node": 70,
                "template-line-number": 260,
                "node-pos": 117,
                "part": null,
                "expression-node": 71
            }
        ],
        "rule-15": [
            {
                "replacement-node": 67,
                "template-line-number": 250,
                "node-pos": 113,
                "part": null,
                "expression-node": 68
            }
        ],
        "rule-5": [
            {
                "replacement-node": 10,
                "template-line-number": 43,
                "node-pos": 22,
                "part": null,
                "html": true
            }
        ],
        "rule-21": [
            {
                "replacement-node": 85,
                "template-line-number": 307,
                "node-pos": 139,
                "part": null
            }
        ],
        "rule-23": {
            "subs": [
                {
                    "extras": {},
                    "template-line-number": 137,
                    "replacement-node": 40,
                    "node-pos": 73,
                    "name": "InvHeadings",
                    "part": "1"
                },
                {
                    "extras": {},
                    "template-line-number": 146,
                    "replacement-node": 43,
                    "node-pos": 77,
                    "name": "InvHeadings",
                    "part": "2"
                },
                {
                    "extras": {},
                    "template-line-number": 133,
                    "replacement-node": 38,
                    "node-pos": 71,
                    "name": "InvHeadings",
                    "part": "3"
                }
            ],
            "name": "InvHeadings"
        },
        "rule-17": [
            {
                "replacement-node": 73,
                "template-line-number": 270,
                "node-pos": 121,
                "part": null,
                "expression-node": 74
            }
        ],
        "rule-19": [
            {
                "replacement-node": 79,
                "template-line-number": 293,
                "node-pos": 131,
                "part": null,
                "expression-node": 80
            }
        ],
        "rule-13": [
            {
                "replacement-node": 34,
                "template-line-number": 105,
                "node-pos": 59,
                "part": null,
                "html": true
            }
        ],
        "rule-14": [
            {
                "replacement-node": 64,
                "template-line-number": 237,
                "node-pos": 108,
                "part": null
            }
        ],
        "rule-11": [
            {
                "replacement-node": 28,
                "template-line-number": 84,
                "node-pos": 48,
                "part": null,
                "expression-node": 29
            }
        ],
        "rule-8": [
            {
                "replacement-node": 19,
                "template-line-number": 70,
                "node-pos": 36,
                "part": null,
                "expression-node": 20
            }
        ],
        "rule-7": [
            {
                "replacement-node": 16,
                "template-line-number": 66,
                "node-pos": 32,
                "part": null
            }
        ],
        "rule-18": [
            {
                "replacement-node": 76,
                "template-line-number": 280,
                "node-pos": 125,
                "part": null,
                "expression-node": 77
            }
        ],
        "rule-9": [
            {
                "replacement-node": 22,
                "template-line-number": 75,
                "node-pos": 40,
                "part": null
            }
        ]
    },
    "line-numbers": {
        "ExchangeAndImbalanceTransactions": [
            {
                "line-number-node": 47,
                "template-line-number": 199,
                "start-number": 1
            }
        ]
    }
}