{
    "line-numbers": {
        "NoncarrierProperty": [
            {
                "start-number": 1,
                "line-number-node": 47,
                "template-line-number": 205
            }
        ]
    },
    "substitutions": {
        "rule-11": [
            {
                "expression-node": 29,
                "node-pos": 49,
                "replacement-node": 28,
                "template-line-number": 90,
                "part": null
            }
        ],
        "rule-8": [
            {
                "expression-node": 20,
                "node-pos": 37,
                "replacement-node": 19,
                "template-line-number": 75,
                "part": null
            }
        ],
        "rule-2": [
            {
                "node-pos": 11,
                "replacement-node": 1,
                "template-line-number": 29,
                "part": null
            }
        ],
        "rule-18": [
            {
                "node-pos": 129,
                "replacement-node": 73,
                "template-line-number": 278,
                "part": null
            }
        ],
        "rule-4": [
            {
                "node-pos": 19,
                "replacement-node": 7,
                "template-line-number": 41,
                "part": null
            }
        ],
        "rule-13": [
            {
                "node-pos": 60,
                "replacement-node": 34,
                "html": true,
                "template-line-number": 111,
                "part": null
            }
        ],
        "rule-6": [
            {
                "node-pos": 28,
                "replacement-node": 13,
                "html": true,
                "template-line-number": 59,
                "part": null
            }
        ],
        "rule-9": [
            {
                "node-pos": 41,
                "replacement-node": 22,
                "template-line-number": 80,
                "part": null
            }
        ],
        "rule-3": [
            {
                "expression-node": 5,
                "node-pos": 15,
                "replacement-node": 4,
                "template-line-number": 35,
                "part": null
            }
        ],
        "rule-14": [
            {
                "node-pos": 109,
                "replacement-node": 61,
                "template-line-number": 237,
                "part": null
            }
        ],
        "rule-17": [
            {
                "node-pos": 125,
                "replacement-node": 70,
                "template-line-number": 269,
                "part": null
            }
        ],
        "rule-15": [
            {
                "expression-node": 65,
                "node-pos": 114,
                "replacement-node": 64,
                "template-line-number": 249,
                "part": null
            }
        ],
        "rule-20": {
            "name": "ISHeadings",
            "subs": [
                {
                    "name": "ISHeadings",
                    "node-pos": 77,
                    "template-line-number": 146,
                    "extras": {},
                    "part": "1",
                    "replacement-node": 40
                },
                {
                    "name": "ISHeadings",
                    "node-pos": 81,
                    "template-line-number": 154,
                    "extras": {},
                    "part": "2",
                    "replacement-node": 43
                },
                {
                    "name": "ISHeadings",
                    "node-pos": 75,
                    "template-line-number": 142,
                    "extras": {},
                    "part": "3",
                    "replacement-node": 38
                }
            ]
        },
        "rule-7": [
            {
                "node-pos": 33,
                "replacement-node": 16,
                "template-line-number": 70,
                "part": null
            }
        ],
        "rule-10": [
            {
                "expression-node": 26,
                "node-pos": 45,
                "replacement-node": 25,
                "template-line-number": 85,
                "part": null
            }
        ],
        "rule-19": {
            "name": "NoncarrierProperty",
            "subs": [
                {
                    "name": "NoncarrierProperty",
                    "expression-node": 50,
                    "template-line-number": 208,
                    "node-pos": 90,
                    "part": "2",
                    "replacement-node": 49
                },
                {
                    "name": "NoncarrierProperty",
                    "expression-node": 53,
                    "template-line-number": 213,
                    "node-pos": 94,
                    "part": "3",
                    "replacement-node": 52
                },
                {
                    "name": "NoncarrierProperty",
                    "expression-node": 56,
                    "template-line-number": 218,
                    "node-pos": 98,
                    "part": "4",
                    "replacement-node": 55
                },
                {
                    "name": "NoncarrierProperty",
                    "expression-node": 59,
                    "template-line-number": 223,
                    "node-pos": 102,
                    "part": "5",
                    "replacement-node": 58
                }
            ]
        },
        "rule-12": [
            {
                "node-pos": 55,
                "replacement-node": 31,
                "template-line-number": 100,
                "part": null
            }
        ],
        "rule-16": [
            {
                "expression-node": 68,
                "node-pos": 121,
                "replacement-node": 67,
                "template-line-number": 264,
                "part": null
            }
        ],
        "rule-5": [
            {
                "node-pos": 23,
                "replacement-node": 10,
                "html": true,
                "template-line-number": 47,
                "part": null
            }
        ]
    },
    "showifs": {
        "rule-1": {
            "type": "showif",
            "template-line-number": 19
        }
    }
}