{
    "showifs": {
        "rule-1": {
            "type": "showif",
            "template-line-number": 17
        }
    },
    "line-numbers": {},
    "substitutions": {
        "rule-5": [
            {
                "node-pos": 22,
                "html": true,
                "part": null,
                "replacement-node": 10,
                "template-line-number": 47
            }
        ],
        "rule-4": [
            {
                "node-pos": 18,
                "part": null,
                "replacement-node": 7,
                "template-line-number": 41
            }
        ],
        "rule-16": [
            {
                "node-pos": 127,
                "part": null,
                "replacement-node": 73,
                "template-line-number": 415
            }
        ],
        "rule-9": [
            {
                "node-pos": 40,
                "part": null,
                "replacement-node": 22,
                "template-line-number": 80
            }
        ],
        "rule-17": {
            "name": "CFLineItems",
            "subs": [
                {
                    "extras": {},
                    "name": "CFLineItems",
                    "replacement-node": 45,
                    "node-pos": 88,
                    "part": "1",
                    "template-line-number": 340
                },
                {
                    "name": "CFLineItems",
                    "replacement-node": 50,
                    "node-pos": 96,
                    "part": "2",
                    "template-line-number": 351,
                    "expression-node": 51
                },
                {
                    "name": "CFLineItems",
                    "replacement-node": 55,
                    "node-pos": 102,
                    "part": "4",
                    "template-line-number": 362,
                    "expression-node": 56
                },
                {
                    "name": "CFLineItems",
                    "replacement-node": 59,
                    "node-pos": 107,
                    "part": "4",
                    "template-line-number": 373,
                    "expression-node": 60
                },
                {
                    "name": "CFLineItems",
                    "replacement-node": 63,
                    "node-pos": 112,
                    "part": "5",
                    "template-line-number": 382,
                    "expression-node": 64
                },
                {
                    "extras": {},
                    "name": "CFLineItems",
                    "replacement-node": 48,
                    "node-pos": 94,
                    "part": "6",
                    "template-line-number": 347
                }
            ]
        },
        "rule-6": [
            {
                "node-pos": 27,
                "html": true,
                "part": null,
                "replacement-node": 13,
                "template-line-number": 59
            }
        ],
        "rule-12": [
            {
                "node-pos": 55,
                "part": null,
                "replacement-node": 31,
                "template-line-number": 100
            }
        ],
        "rule-15": [
            {
                "node-pos": 123,
                "part": null,
                "replacement-node": 70,
                "template-line-number": 405
            }
        ],
        "rule-2": [
            {
                "node-pos": 10,
                "part": null,
                "replacement-node": 1,
                "template-line-number": 30
            }
        ],
        "rule-3": [
            {
                "node-pos": 14,
                "part": null,
                "template-line-number": 35,
                "replacement-node": 4,
                "expression-node": 5
            }
        ],
        "rule-18": {
            "name": "REHeadings",
            "subs": [
                {
                    "extras": {},
                    "name": "REHeadings",
                    "replacement-node": 38,
                    "node-pos": 78,
                    "part": "1",
                    "template-line-number": 145
                },
                {
                    "extras": {},
                    "name": "REHeadings",
                    "replacement-node": 41,
                    "node-pos": 82,
                    "part": "2",
                    "template-line-number": 153
                }
            ]
        },
        "rule-14": [
            {
                "node-pos": 119,
                "part": null,
                "template-line-number": 398,
                "replacement-node": 67,
                "expression-node": 68
            }
        ],
        "rule-8": [
            {
                "node-pos": 36,
                "part": null,
                "template-line-number": 75,
                "replacement-node": 19,
                "expression-node": 20
            }
        ],
        "rule-11": [
            {
                "node-pos": 49,
                "part": null,
                "template-line-number": 90,
                "replacement-node": 28,
                "expression-node": 29
            }
        ],
        "rule-13": [
            {
                "node-pos": 60,
                "html": true,
                "part": null,
                "replacement-node": 34,
                "template-line-number": 111
            }
        ],
        "rule-10": [
            {
                "node-pos": 45,
                "part": null,
                "template-line-number": 85,
                "replacement-node": 25,
                "expression-node": 26
            }
        ],
        "rule-7": [
            {
                "node-pos": 32,
                "part": null,
                "replacement-node": 16,
                "template-line-number": 70
            }
        ]
    }
}