{
    "substitutions": {
        "rule-8": [
            {
                "part": null,
                "expression-node": 20,
                "replacement-node": 19,
                "template-line-number": 70,
                "node-pos": 36
            }
        ],
        "rule-19": [
            {
                "part": null,
                "expression-node": 84,
                "replacement-node": 83,
                "template-line-number": 322,
                "node-pos": 144
            }
        ],
        "rule-11": [
            {
                "part": null,
                "expression-node": 29,
                "replacement-node": 28,
                "template-line-number": 84,
                "node-pos": 48
            }
        ],
        "rule-21": [
            {
                "part": null,
                "replacement-node": 89,
                "template-line-number": 340,
                "node-pos": 154
            }
        ],
        "rule-14": [
            {
                "part": null,
                "replacement-node": 68,
                "template-line-number": 265,
                "node-pos": 120
            }
        ],
        "rule-15": [
            {
                "part": null,
                "expression-node": 72,
                "replacement-node": 71,
                "template-line-number": 283,
                "node-pos": 127
            }
        ],
        "rule-22": [
            {
                "part": null,
                "replacement-node": 92,
                "template-line-number": 349,
                "node-pos": 158
            }
        ],
        "rule-3": [
            {
                "part": null,
                "expression-node": 5,
                "replacement-node": 4,
                "template-line-number": 31,
                "node-pos": 14
            }
        ],
        "rule-5": [
            {
                "part": null,
                "html": true,
                "replacement-node": 10,
                "template-line-number": 43,
                "node-pos": 22
            }
        ],
        "rule-10": [
            {
                "part": null,
                "expression-node": 26,
                "replacement-node": 25,
                "template-line-number": 79,
                "node-pos": 44
            }
        ],
        "rule-4": [
            {
                "part": null,
                "replacement-node": 7,
                "template-line-number": 37,
                "node-pos": 18
            }
        ],
        "rule-20": [
            {
                "part": null,
                "expression-node": 87,
                "replacement-node": 86,
                "template-line-number": 335,
                "node-pos": 150
            }
        ],
        "rule-18": [
            {
                "part": null,
                "expression-node": 81,
                "replacement-node": 80,
                "template-line-number": 313,
                "node-pos": 140
            }
        ],
        "rule-16": [
            {
                "part": null,
                "expression-node": 75,
                "replacement-node": 74,
                "template-line-number": 292,
                "node-pos": 131
            }
        ],
        "rule-7": [
            {
                "part": null,
                "replacement-node": 16,
                "template-line-number": 66,
                "node-pos": 32
            }
        ],
        "rule-13": [
            {
                "part": null,
                "html": true,
                "replacement-node": 34,
                "template-line-number": 105,
                "node-pos": 59
            }
        ],
        "rule-2": [
            {
                "part": null,
                "replacement-node": 1,
                "template-line-number": 27,
                "node-pos": 10
            }
        ],
        "rule-17": [
            {
                "part": null,
                "expression-node": 78,
                "replacement-node": 77,
                "template-line-number": 304,
                "node-pos": 136
            }
        ],
        "rule-6": [
            {
                "part": null,
                "html": true,
                "replacement-node": 13,
                "template-line-number": 55,
                "node-pos": 27
            }
        ],
        "rule-24": {
            "subs": [
                {
                    "part": "2",
                    "template-line-number": 230,
                    "expression-node": 50,
                    "node-pos": 90,
                    "replacement-node": 49,
                    "name": "OtherRegulatoryAssets"
                },
                {
                    "part": "2",
                    "template-line-number": 233,
                    "expression-node": 52,
                    "node-pos": 93,
                    "replacement-node": 51,
                    "name": "OtherRegulatoryAssets"
                },
                {
                    "part": "2",
                    "template-line-number": 236,
                    "expression-node": 54,
                    "node-pos": 96,
                    "replacement-node": 53,
                    "name": "OtherRegulatoryAssets"
                },
                {
                    "part": "3",
                    "template-line-number": 239,
                    "expression-node": 56,
                    "node-pos": 99,
                    "replacement-node": 55,
                    "name": "OtherRegulatoryAssets"
                },
                {
                    "part": "4",
                    "template-line-number": 242,
                    "expression-node": 58,
                    "node-pos": 102,
                    "replacement-node": 57,
                    "name": "OtherRegulatoryAssets"
                },
                {
                    "part": "5",
                    "template-line-number": 245,
                    "expression-node": 60,
                    "node-pos": 105,
                    "replacement-node": 59,
                    "name": "OtherRegulatoryAssets"
                },
                {
                    "part": "6",
                    "template-line-number": 248,
                    "expression-node": 62,
                    "node-pos": 108,
                    "replacement-node": 61,
                    "name": "OtherRegulatoryAssets"
                },
                {
                    "part": "7",
                    "template-line-number": 251,
                    "expression-node": 64,
                    "node-pos": 111,
                    "replacement-node": 63,
                    "name": "OtherRegulatoryAssets"
                },
                {
                    "part": "8",
                    "template-line-number": 254,
                    "expression-node": 66,
                    "node-pos": 114,
                    "replacement-node": 65,
                    "name": "OtherRegulatoryAssets"
                }
            ],
            "name": "OtherRegulatoryAssets"
        },
        "rule-23": {
            "subs": [
                {
                    "part": "1",
                    "template-line-number": 141,
                    "extras": {},
                    "node-pos": 77,
                    "replacement-node": 40,
                    "name": "OtherRegAssetsHeadings"
                },
                {
                    "part": "2",
                    "template-line-number": 150,
                    "extras": {},
                    "node-pos": 81,
                    "replacement-node": 43,
                    "name": "OtherRegAssetsHeadings"
                },
                {
                    "part": "3",
                    "template-line-number": 137,
                    "extras": {},
                    "node-pos": 75,
                    "replacement-node": 38,
                    "name": "OtherRegAssetsHeadings"
                }
            ],
            "name": "OtherRegAssetsHeadings"
        },
        "rule-9": [
            {
                "part": null,
                "replacement-node": 22,
                "template-line-number": 75,
                "node-pos": 40
            }
        ],
        "rule-12": [
            {
                "part": null,
                "replacement-node": 31,
                "template-line-number": 94,
                "node-pos": 54
            }
        ]
    },
    "line-numbers": {
        "OtherRegulatoryAssets": [
            {
                "line-number-node": 47,
                "start-number": 1,
                "template-line-number": 227
            }
        ]
    },
    "showifs": {
        "rule-1": {
            "type": "showif",
            "template-line-number": 17
        }
    }
}