{
    "line-numbers": {
        "BondsLineItems": [
            {
                "start-number": 2,
                "template-line-number": 456,
                "line-number-node": 49
            }
        ],
        "AdvancesLineItems": [
            {
                "start-rule": "rule-63",
                "template-line-number": 997,
                "line-number-node": 181
            }
        ],
        "LongTermDebtLineItems": [
            {
                "start-number": 1,
                "template-line-number": 1543,
                "line-number-node": 311
            }
        ],
        "OtherLongTermDebtLineItems": [
            {
                "start-rule": "rule-64",
                "template-line-number": 1288,
                "line-number-node": 247
            }
        ],
        "ReacquiredBondsLineItems": [
            {
                "start-rule": "rule-62",
                "template-line-number": 718,
                "line-number-node": 115
            }
        ]
    },
    "substitutions": {
        "rule-33": [
            {
                "part": null,
                "template-line-number": 1105,
                "expression-node": 224,
                "node-pos": 400,
                "replacement-node": 223
            }
        ],
        "rule-9": [
            {
                "part": null,
                "template-line-number": 73,
                "expression-node": 25,
                "node-pos": 43,
                "replacement-node": 24
            }
        ],
        "rule-37": [
            {
                "part": null,
                "template-line-number": 1146,
                "expression-node": 236,
                "node-pos": 421,
                "replacement-node": 235
            }
        ],
        "rule-28": [
            {
                "part": null,
                "template-line-number": 859,
                "expression-node": 170,
                "node-pos": 309,
                "replacement-node": 169
            }
        ],
        "rule-58": {
            "subs": [
                {
                    "replacement-node": 208,
                    "name": "AdvancesLineItems",
                    "template-line-number": 1054,
                    "part": "10",
                    "expression-node": 209,
                    "node-pos": 377
                },
                {
                    "replacement-node": 211,
                    "name": "AdvancesLineItems",
                    "template-line-number": 1059,
                    "part": "11",
                    "expression-node": 212,
                    "node-pos": 381
                },
                {
                    "replacement-node": 214,
                    "name": "AdvancesLineItems",
                    "template-line-number": 1064,
                    "part": "12",
                    "expression-node": 215,
                    "node-pos": 385
                },
                {
                    "replacement-node": 217,
                    "name": "AdvancesLineItems",
                    "template-line-number": 1069,
                    "part": "13",
                    "expression-node": 218,
                    "node-pos": 389
                },
                {
                    "replacement-node": 184,
                    "name": "AdvancesLineItems",
                    "template-line-number": 1013,
                    "part": "2",
                    "expression-node": 185,
                    "node-pos": 344
                },
                {
                    "replacement-node": 187,
                    "name": "AdvancesLineItems",
                    "template-line-number": 1018,
                    "part": "3",
                    "expression-node": 188,
                    "node-pos": 348
                },
                {
                    "replacement-node": 190,
                    "name": "AdvancesLineItems",
                    "template-line-number": 1023,
                    "part": "4",
                    "expression-node": 191,
                    "node-pos": 352
                },
                {
                    "replacement-node": 193,
                    "name": "AdvancesLineItems",
                    "template-line-number": 1029,
                    "part": "5",
                    "expression-node": 194,
                    "node-pos": 357
                },
                {
                    "replacement-node": 196,
                    "name": "AdvancesLineItems",
                    "template-line-number": 1034,
                    "part": "6",
                    "expression-node": 197,
                    "node-pos": 361
                },
                {
                    "replacement-node": 199,
                    "name": "AdvancesLineItems",
                    "template-line-number": 1039,
                    "part": "7",
                    "expression-node": 200,
                    "node-pos": 365
                },
                {
                    "replacement-node": 202,
                    "name": "AdvancesLineItems",
                    "template-line-number": 1044,
                    "part": "8",
                    "expression-node": 203,
                    "node-pos": 369
                },
                {
                    "replacement-node": 205,
                    "name": "AdvancesLineItems",
                    "template-line-number": 1049,
                    "part": "9",
                    "expression-node": 206,
                    "node-pos": 373
                }
            ],
            "name": "AdvancesLineItems"
        },
        "rule-31": [
            {
                "part": null,
                "template-line-number": 894,
                "node-pos": 321,
                "replacement-node": 177
            }
        ],
        "rule-29": [
            {
                "part": null,
                "template-line-number": 868,
                "expression-node": 173,
                "node-pos": 313,
                "replacement-node": 172
            }
        ],
        "rule-59": {
            "subs": [
                {
                    "replacement-node": 142,
                    "name": "ReacquiredBondsLineItems",
                    "template-line-number": 772,
                    "part": "10",
                    "expression-node": 143,
                    "node-pos": 265
                },
                {
                    "replacement-node": 145,
                    "name": "ReacquiredBondsLineItems",
                    "template-line-number": 777,
                    "part": "11",
                    "expression-node": 146,
                    "node-pos": 269
                },
                {
                    "replacement-node": 148,
                    "name": "ReacquiredBondsLineItems",
                    "template-line-number": 782,
                    "part": "12",
                    "expression-node": 149,
                    "node-pos": 273
                },
                {
                    "replacement-node": 151,
                    "name": "ReacquiredBondsLineItems",
                    "template-line-number": 787,
                    "part": "13",
                    "expression-node": 152,
                    "node-pos": 277
                },
                {
                    "replacement-node": 118,
                    "name": "ReacquiredBondsLineItems",
                    "template-line-number": 731,
                    "part": "2",
                    "expression-node": 119,
                    "node-pos": 232
                },
                {
                    "replacement-node": 121,
                    "name": "ReacquiredBondsLineItems",
                    "template-line-number": 736,
                    "part": "3",
                    "expression-node": 122,
                    "node-pos": 236
                },
                {
                    "replacement-node": 124,
                    "name": "ReacquiredBondsLineItems",
                    "template-line-number": 741,
                    "part": "4",
                    "expression-node": 125,
                    "node-pos": 240
                },
                {
                    "replacement-node": 127,
                    "name": "ReacquiredBondsLineItems",
                    "template-line-number": 747,
                    "part": "5",
                    "expression-node": 128,
                    "node-pos": 245
                },
                {
                    "replacement-node": 130,
                    "name": "ReacquiredBondsLineItems",
                    "template-line-number": 752,
                    "part": "6",
                    "expression-node": 131,
                    "node-pos": 249
                },
                {
                    "replacement-node": 133,
                    "name": "ReacquiredBondsLineItems",
                    "template-line-number": 757,
                    "part": "7",
                    "expression-node": 134,
                    "node-pos": 253
                },
                {
                    "replacement-node": 136,
                    "name": "ReacquiredBondsLineItems",
                    "template-line-number": 762,
                    "part": "8",
                    "expression-node": 137,
                    "node-pos": 257
                },
                {
                    "replacement-node": 139,
                    "name": "ReacquiredBondsLineItems",
                    "template-line-number": 767,
                    "part": "9",
                    "expression-node": 140,
                    "node-pos": 261
                }
            ],
            "name": "ReacquiredBondsLineItems"
        },
        "rule-39": [
            {
                "part": null,
                "template-line-number": 1165,
                "node-pos": 430,
                "replacement-node": 241
            }
        ],
        "rule-2": [
            {
                "part": null,
                "template-line-number": 25,
                "expression-node": 4,
                "node-pos": 13,
                "replacement-node": 3
            }
        ],
        "rule-16": [
            {
                "part": null,
                "template-line-number": 552,
                "expression-node": 95,
                "node-pos": 181,
                "replacement-node": 94
            }
        ],
        "rule-1": [
            {
                "part": null,
                "template-line-number": 21,
                "node-pos": 9,
                "replacement-node": 0
            }
        ],
        "rule-26": [
            {
                "part": null,
                "template-line-number": 837,
                "expression-node": 164,
                "node-pos": 297,
                "replacement-node": 163
            }
        ],
        "rule-50": [
            {
                "part": null,
                "template-line-number": 1630,
                "expression-node": 348,
                "node-pos": 611,
                "replacement-node": 347
            }
        ],
        "rule-55": {
            "subs": [
                {
                    "replacement-node": 274,
                    "name": "OtherLongTermDebtLineItems",
                    "template-line-number": 1349,
                    "part": "10",
                    "expression-node": 275,
                    "node-pos": 489
                },
                {
                    "replacement-node": 277,
                    "name": "OtherLongTermDebtLineItems",
                    "template-line-number": 1354,
                    "part": "11",
                    "expression-node": 278,
                    "node-pos": 493
                },
                {
                    "replacement-node": 280,
                    "name": "OtherLongTermDebtLineItems",
                    "template-line-number": 1359,
                    "part": "12",
                    "expression-node": 281,
                    "node-pos": 497
                },
                {
                    "replacement-node": 283,
                    "name": "OtherLongTermDebtLineItems",
                    "template-line-number": 1364,
                    "part": "13",
                    "expression-node": 284,
                    "node-pos": 501
                },
                {
                    "replacement-node": 250,
                    "name": "OtherLongTermDebtLineItems",
                    "template-line-number": 1308,
                    "part": "2",
                    "expression-node": 251,
                    "node-pos": 456
                },
                {
                    "replacement-node": 253,
                    "name": "OtherLongTermDebtLineItems",
                    "template-line-number": 1313,
                    "part": "3",
                    "expression-node": 254,
                    "node-pos": 460
                },
                {
                    "replacement-node": 256,
                    "name": "OtherLongTermDebtLineItems",
                    "template-line-number": 1318,
                    "part": "4",
                    "expression-node": 257,
                    "node-pos": 464
                },
                {
                    "replacement-node": 259,
                    "name": "OtherLongTermDebtLineItems",
                    "template-line-number": 1324,
                    "part": "5",
                    "expression-node": 260,
                    "node-pos": 469
                },
                {
                    "replacement-node": 262,
                    "name": "OtherLongTermDebtLineItems",
                    "template-line-number": 1329,
                    "part": "6",
                    "expression-node": 263,
                    "node-pos": 473
                },
                {
                    "replacement-node": 265,
                    "name": "OtherLongTermDebtLineItems",
                    "template-line-number": 1334,
                    "part": "7",
                    "expression-node": 266,
                    "node-pos": 477
                },
                {
                    "replacement-node": 268,
                    "name": "OtherLongTermDebtLineItems",
                    "template-line-number": 1339,
                    "part": "8",
                    "expression-node": 269,
                    "node-pos": 481
                },
                {
                    "replacement-node": 271,
                    "name": "OtherLongTermDebtLineItems",
                    "template-line-number": 1344,
                    "part": "9",
                    "expression-node": 272,
                    "node-pos": 485
                }
            ],
            "name": "OtherLongTermDebtLineItems"
        },
        "rule-56": {
            "subs": [
                {
                    "replacement-node": 338,
                    "name": "LongTermDebtLineItems",
                    "template-line-number": 1592,
                    "part": "10",
                    "expression-node": 339,
                    "node-pos": 588
                },
                {
                    "replacement-node": 314,
                    "name": "LongTermDebtLineItems",
                    "template-line-number": 1546,
                    "part": "2",
                    "expression-node": 315,
                    "node-pos": 552
                },
                {
                    "replacement-node": 317,
                    "name": "LongTermDebtLineItems",
                    "template-line-number": 1554,
                    "part": "3",
                    "expression-node": 318,
                    "node-pos": 557
                },
                {
                    "replacement-node": 320,
                    "name": "LongTermDebtLineItems",
                    "template-line-number": 1559,
                    "part": "4",
                    "expression-node": 321,
                    "node-pos": 561
                },
                {
                    "replacement-node": 323,
                    "name": "LongTermDebtLineItems",
                    "template-line-number": 1567,
                    "part": "5",
                    "expression-node": 324,
                    "node-pos": 568
                },
                {
                    "replacement-node": 326,
                    "name": "LongTermDebtLineItems",
                    "template-line-number": 1572,
                    "part": "6",
                    "expression-node": 327,
                    "node-pos": 572
                },
                {
                    "replacement-node": 329,
                    "name": "LongTermDebtLineItems",
                    "template-line-number": 1577,
                    "part": "7",
                    "expression-node": 330,
                    "node-pos": 576
                },
                {
                    "replacement-node": 332,
                    "name": "LongTermDebtLineItems",
                    "template-line-number": 1582,
                    "part": "8",
                    "expression-node": 333,
                    "node-pos": 580
                },
                {
                    "replacement-node": 335,
                    "name": "LongTermDebtLineItems",
                    "template-line-number": 1587,
                    "part": "9",
                    "expression-node": 336,
                    "node-pos": 584
                }
            ],
            "name": "LongTermDebtLineItems"
        },
        "rule-42": [
            {
                "part": null,
                "template-line-number": 1403,
                "expression-node": 290,
                "node-pos": 512,
                "replacement-node": 289
            }
        ],
        "rule-12": [
            {
                "part": null,
                "html": true,
                "template-line-number": 99,
                "node-pos": 58,
                "replacement-node": 33
            }
        ],
        "rule-11": [
            {
                "part": null,
                "template-line-number": 88,
                "node-pos": 53,
                "replacement-node": 30
            }
        ],
        "rule-43": [
            {
                "part": null,
                "template-line-number": 1413,
                "expression-node": 293,
                "node-pos": 517,
                "replacement-node": 292
            }
        ],
        "rule-25": [
            {
                "part": null,
                "template-line-number": 828,
                "expression-node": 161,
                "node-pos": 293,
                "replacement-node": 160
            }
        ],
        "rule-7": [
            {
                "part": null,
                "template-line-number": 64,
                "expression-node": 19,
                "node-pos": 35,
                "replacement-node": 18
            }
        ],
        "rule-22": [
            {
                "part": null,
                "template-line-number": 615,
                "node-pos": 209,
                "replacement-node": 111
            }
        ],
        "rule-19": [
            {
                "part": null,
                "template-line-number": 583,
                "expression-node": 104,
                "node-pos": 197,
                "replacement-node": 103
            }
        ],
        "rule-45": [
            {
                "part": null,
                "template-line-number": 1431,
                "expression-node": 299,
                "node-pos": 525,
                "replacement-node": 298
            }
        ],
        "rule-52": [
            {
                "part": null,
                "template-line-number": 1652,
                "expression-node": 354,
                "node-pos": 621,
                "replacement-node": 353
            }
        ],
        "rule-4": [
            {
                "part": null,
                "html": true,
                "template-line-number": 37,
                "node-pos": 21,
                "replacement-node": 9
            }
        ],
        "rule-15": [
            {
                "part": null,
                "template-line-number": 542,
                "expression-node": 92,
                "node-pos": 176,
                "replacement-node": 91
            }
        ],
        "rule-41": [
            {
                "part": null,
                "template-line-number": 1373,
                "node-pos": 506,
                "replacement-node": 286
            }
        ],
        "rule-27": [
            {
                "part": null,
                "template-line-number": 846,
                "expression-node": 167,
                "node-pos": 301,
                "replacement-node": 166
            }
        ],
        "rule-40": [
            {
                "part": null,
                "template-line-number": 1185,
                "node-pos": 433,
                "replacement-node": 243
            }
        ],
        "rule-51": [
            {
                "part": null,
                "template-line-number": 1639,
                "expression-node": 351,
                "node-pos": 615,
                "replacement-node": 350
            }
        ],
        "rule-21": [
            {
                "part": null,
                "template-line-number": 603,
                "node-pos": 206,
                "replacement-node": 109
            }
        ],
        "rule-17": [
            {
                "part": null,
                "template-line-number": 561,
                "expression-node": 98,
                "node-pos": 185,
                "replacement-node": 97
            }
        ],
        "rule-46": [
            {
                "part": null,
                "template-line-number": 1444,
                "expression-node": 302,
                "node-pos": 533,
                "replacement-node": 301
            }
        ],
        "rule-13": [
            {
                "part": null,
                "template-line-number": 353,
                "node-pos": 97,
                "replacement-node": 45
            }
        ],
        "rule-34": [
            {
                "part": null,
                "template-line-number": 1115,
                "expression-node": 227,
                "node-pos": 405,
                "replacement-node": 226
            }
        ],
        "rule-54": [
            {
                "part": null,
                "template-line-number": 1666,
                "node-pos": 629,
                "replacement-node": 359
            }
        ],
        "rule-6": [
            {
                "part": null,
                "template-line-number": 60,
                "node-pos": 31,
                "replacement-node": 15
            }
        ],
        "rule-53": [
            {
                "part": null,
                "template-line-number": 1657,
                "node-pos": 625,
                "replacement-node": 356
            }
        ],
        "rule-30": [
            {
                "part": null,
                "template-line-number": 878,
                "node-pos": 318,
                "replacement-node": 175
            }
        ],
        "rule-24": [
            {
                "part": null,
                "template-line-number": 818,
                "expression-node": 158,
                "node-pos": 288,
                "replacement-node": 157
            }
        ],
        "rule-20": [
            {
                "part": null,
                "template-line-number": 592,
                "expression-node": 107,
                "node-pos": 201,
                "replacement-node": 106
            }
        ],
        "rule-35": [
            {
                "part": null,
                "template-line-number": 1124,
                "expression-node": 230,
                "node-pos": 409,
                "replacement-node": 229
            }
        ],
        "rule-38": [
            {
                "part": null,
                "template-line-number": 1155,
                "expression-node": 239,
                "node-pos": 425,
                "replacement-node": 238
            }
        ],
        "rule-32": [
            {
                "part": null,
                "template-line-number": 1078,
                "node-pos": 394,
                "replacement-node": 220
            }
        ],
        "rule-8": [
            {
                "part": null,
                "template-line-number": 69,
                "node-pos": 39,
                "replacement-node": 21
            }
        ],
        "rule-48": [
            {
                "part": null,
                "template-line-number": 1605,
                "expression-node": 342,
                "node-pos": 596,
                "replacement-node": 341
            }
        ],
        "rule-36": [
            {
                "part": null,
                "template-line-number": 1133,
                "expression-node": 233,
                "node-pos": 413,
                "replacement-node": 232
            }
        ],
        "rule-5": [
            {
                "part": null,
                "html": true,
                "template-line-number": 49,
                "node-pos": 26,
                "replacement-node": 12
            }
        ],
        "rule-60": {
            "subs": [
                {
                    "extras": {},
                    "replacement-node": 308,
                    "name": "LongTermDebtHeader",
                    "template-line-number": 1472,
                    "part": "1",
                    "node-pos": 543
                }
            ],
            "name": "LongTermDebtHeader"
        },
        "rule-14": [
            {
                "part": null,
                "template-line-number": 524,
                "node-pos": 170,
                "replacement-node": 88
            }
        ],
        "rule-3": [
            {
                "part": null,
                "template-line-number": 31,
                "node-pos": 17,
                "replacement-node": 6
            }
        ],
        "rule-47": [
            {
                "part": null,
                "template-line-number": 1453,
                "expression-node": 305,
                "node-pos": 537,
                "replacement-node": 304
            }
        ],
        "rule-44": [
            {
                "part": null,
                "template-line-number": 1422,
                "expression-node": 296,
                "node-pos": 521,
                "replacement-node": 295
            }
        ],
        "rule-10": [
            {
                "part": null,
                "template-line-number": 78,
                "expression-node": 28,
                "node-pos": 47,
                "replacement-node": 27
            }
        ],
        "rule-18": [
            {
                "part": null,
                "template-line-number": 570,
                "expression-node": 101,
                "node-pos": 189,
                "replacement-node": 100
            }
        ],
        "rule-57": {
            "subs": [
                {
                    "extras": {},
                    "replacement-node": 39,
                    "name": "LongTermDebtHeadings",
                    "template-line-number": 146,
                    "part": "1",
                    "html": true,
                    "node-pos": 87
                },
                {
                    "extras": {},
                    "replacement-node": 42,
                    "name": "LongTermDebtHeadings",
                    "template-line-number": 155,
                    "part": "2",
                    "node-pos": 91
                },
                {
                    "extras": {},
                    "replacement-node": 37,
                    "name": "LongTermDebtHeadings",
                    "template-line-number": 142,
                    "part": "3",
                    "node-pos": 85
                }
            ],
            "name": "LongTermDebtHeadings"
        },
        "rule-49": [
            {
                "part": null,
                "template-line-number": 1614,
                "expression-node": 345,
                "node-pos": 600,
                "replacement-node": 344
            }
        ],
        "rule-23": [
            {
                "part": null,
                "template-line-number": 796,
                "node-pos": 282,
                "replacement-node": 154
            }
        ],
        "rule-61": {
            "subs": [
                {
                    "replacement-node": 76,
                    "name": "BondsLineItems",
                    "template-line-number": 500,
                    "part": "10",
                    "expression-node": 77,
                    "node-pos": 153
                },
                {
                    "replacement-node": 79,
                    "name": "BondsLineItems",
                    "template-line-number": 505,
                    "part": "11",
                    "expression-node": 80,
                    "node-pos": 157
                },
                {
                    "replacement-node": 82,
                    "name": "BondsLineItems",
                    "template-line-number": 510,
                    "part": "12",
                    "expression-node": 83,
                    "node-pos": 161
                },
                {
                    "replacement-node": 85,
                    "name": "BondsLineItems",
                    "template-line-number": 515,
                    "part": "13",
                    "expression-node": 86,
                    "node-pos": 165
                },
                {
                    "replacement-node": 52,
                    "name": "BondsLineItems",
                    "template-line-number": 459,
                    "part": "2",
                    "expression-node": 53,
                    "node-pos": 120
                },
                {
                    "replacement-node": 55,
                    "name": "BondsLineItems",
                    "template-line-number": 464,
                    "part": "3",
                    "expression-node": 56,
                    "node-pos": 124
                },
                {
                    "replacement-node": 58,
                    "name": "BondsLineItems",
                    "template-line-number": 469,
                    "part": "4",
                    "expression-node": 59,
                    "node-pos": 128
                },
                {
                    "replacement-node": 61,
                    "name": "BondsLineItems",
                    "template-line-number": 475,
                    "part": "5",
                    "expression-node": 62,
                    "node-pos": 133
                },
                {
                    "replacement-node": 64,
                    "name": "BondsLineItems",
                    "template-line-number": 480,
                    "part": "6",
                    "expression-node": 65,
                    "node-pos": 137
                },
                {
                    "replacement-node": 67,
                    "name": "BondsLineItems",
                    "template-line-number": 485,
                    "part": "7",
                    "expression-node": 68,
                    "node-pos": 141
                },
                {
                    "replacement-node": 70,
                    "name": "BondsLineItems",
                    "template-line-number": 490,
                    "part": "8",
                    "expression-node": 71,
                    "node-pos": 145
                },
                {
                    "replacement-node": 73,
                    "name": "BondsLineItems",
                    "template-line-number": 495,
                    "part": "9",
                    "expression-node": 74,
                    "node-pos": 149
                }
            ],
            "name": "BondsLineItems"
        }
    },
    "showifs": {}
}