{
    "substitutions": {
        "rule-1": [
            {
                "part": null,
                "replacement-node": 0,
                "template-line-number": 18,
                "node-pos": 9
            }
        ],
        "rule-2": [
            {
                "part": null,
                "replacement-node": 3,
                "expression-node": 4,
                "template-line-number": 23,
                "node-pos": 13
            }
        ],
        "rule-3": [
            {
                "part": null,
                "replacement-node": 6,
                "template-line-number": 29,
                "node-pos": 17
            }
        ],
        "rule-4": [
            {
                "part": null,
                "replacement-node": 9,
                "template-line-number": 35,
                "node-pos": 21,
                "html": true
            }
        ],
        "rule-5": [
            {
                "part": null,
                "replacement-node": 12,
                "template-line-number": 47,
                "node-pos": 26,
                "html": true
            }
        ],
        "rule-6": [
            {
                "part": null,
                "replacement-node": 15,
                "template-line-number": 58,
                "node-pos": 31
            }
        ],
        "rule-7": [
            {
                "part": null,
                "replacement-node": 18,
                "expression-node": 19,
                "template-line-number": 63,
                "node-pos": 35
            }
        ],
        "rule-8": [
            {
                "part": null,
                "replacement-node": 21,
                "template-line-number": 68,
                "node-pos": 39
            }
        ],
        "rule-9": [
            {
                "part": null,
                "replacement-node": 24,
                "expression-node": 25,
                "template-line-number": 73,
                "node-pos": 43
            }
        ],
        "rule-10": [
            {
                "part": null,
                "replacement-node": 27,
                "expression-node": 28,
                "template-line-number": 78,
                "node-pos": 47
            }
        ],
        "rule-11": [
            {
                "part": null,
                "replacement-node": 30,
                "template-line-number": 90,
                "node-pos": 53
            }
        ],
        "rule-12": [
            {
                "part": null,
                "replacement-node": 33,
                "template-line-number": 102,
                "node-pos": 58,
                "html": true
            }
        ],
        "rule-13": [
            {
                "part": null,
                "replacement-node": 75,
                "expression-node": 76,
                "template-line-number": 369,
                "node-pos": 140
            }
        ],
        "rule-14": [
            {
                "part": null,
                "replacement-node": 78,
                "expression-node": 79,
                "template-line-number": 388,
                "node-pos": 146
            }
        ],
        "rule-15": [
            {
                "part": null,
                "replacement-node": 81,
                "template-line-number": 393,
                "node-pos": 150
            }
        ],
        "rule-16": [
            {
                "part": null,
                "replacement-node": 84,
                "template-line-number": 402,
                "node-pos": 154
            }
        ],
        "rule-17": {
            "name": "ElectricPlantHeldForFutureUse2",
            "subs": [
                {
                    "name": "ElectricPlantHeldForFutureUse2",
                    "part": "2",
                    "replacement-node": 63,
                    "expression-node": 64,
                    "template-line-number": 322,
                    "node-pos": 119
                },
                {
                    "name": "ElectricPlantHeldForFutureUse2",
                    "part": "3",
                    "replacement-node": 66,
                    "expression-node": 67,
                    "template-line-number": 331,
                    "node-pos": 123
                },
                {
                    "name": "ElectricPlantHeldForFutureUse2",
                    "part": "4",
                    "replacement-node": 69,
                    "expression-node": 70,
                    "template-line-number": 340,
                    "node-pos": 127
                },
                {
                    "name": "ElectricPlantHeldForFutureUse2",
                    "part": "5",
                    "replacement-node": 72,
                    "expression-node": 73,
                    "template-line-number": 349,
                    "node-pos": 131
                }
            ]
        },
        "rule-18": {
            "name": "ElectricPlantHeldForFutureUse1",
            "subs": [
                {
                    "name": "ElectricPlantHeldForFutureUse1",
                    "part": "2",
                    "replacement-node": 48,
                    "expression-node": 49,
                    "template-line-number": 219,
                    "node-pos": 92
                },
                {
                    "name": "ElectricPlantHeldForFutureUse1",
                    "part": "3",
                    "replacement-node": 51,
                    "expression-node": 52,
                    "template-line-number": 228,
                    "node-pos": 96
                },
                {
                    "name": "ElectricPlantHeldForFutureUse1",
                    "part": "4",
                    "replacement-node": 54,
                    "expression-node": 55,
                    "template-line-number": 237,
                    "node-pos": 100
                },
                {
                    "name": "ElectricPlantHeldForFutureUse1",
                    "part": "5",
                    "replacement-node": 57,
                    "expression-node": 58,
                    "template-line-number": 246,
                    "node-pos": 104
                }
            ]
        },
        "rule-19": {
            "name": "Heading",
            "subs": [
                {
                    "name": "Heading",
                    "part": "1",
                    "replacement-node": 39,
                    "template-line-number": 141,
                    "extras": {},
                    "node-pos": 73
                },
                {
                    "name": "Heading",
                    "part": "2",
                    "replacement-node": 42,
                    "template-line-number": 150,
                    "extras": {},
                    "node-pos": 77
                },
                {
                    "name": "Heading",
                    "part": "3",
                    "replacement-node": 37,
                    "template-line-number": 137,
                    "extras": {},
                    "node-pos": 71
                }
            ]
        }
    },
    "line-numbers": {
        "ElectricPlantHeldForFutureUse1": [
            {
                "line-number-node": 46,
                "start-number": 2,
                "template-line-number": 213
            }
        ],
        "ElectricPlantHeldForFutureUse2": [
            {
                "line-number-node": 61,
                "start-number": 22,
                "template-line-number": 316
            }
        ]
    },
    "showifs": {},
    "footnotes": {},
    "standard-rules": [
        "rule-1",
        "rule-2",
        "rule-3",
        "rule-4",
        "rule-5",
        "rule-6",
        "rule-7",
        "rule-8",
        "rule-9",
        "rule-10",
        "rule-11",
        "rule-12",
        "rule-13",
        "rule-14",
        "rule-15",
        "rule-16",
        "rule-17",
        "rule-18",
        "rule-19"
    ],
    "footnote-rules": []
}