{
    "substitutions": {
        "rule-1": [
            {
                "part": null,
                "replacement-node": 0,
                "template-line-number": 21,
                "node-pos": 9
            }
        ],
        "rule-2": [
            {
                "part": null,
                "replacement-node": 3,
                "expression-node": 4,
                "template-line-number": 25,
                "node-pos": 13
            }
        ],
        "rule-3": [
            {
                "part": null,
                "replacement-node": 6,
                "template-line-number": 31,
                "node-pos": 17
            }
        ],
        "rule-4": [
            {
                "part": null,
                "replacement-node": 9,
                "template-line-number": 37,
                "node-pos": 21,
                "html": true
            }
        ],
        "rule-5": [
            {
                "part": null,
                "replacement-node": 12,
                "template-line-number": 49,
                "node-pos": 26,
                "html": true
            }
        ],
        "rule-6": [
            {
                "part": null,
                "replacement-node": 15,
                "template-line-number": 60,
                "node-pos": 31
            }
        ],
        "rule-7": [
            {
                "part": null,
                "replacement-node": 18,
                "expression-node": 19,
                "template-line-number": 64,
                "node-pos": 35
            }
        ],
        "rule-8": [
            {
                "part": null,
                "replacement-node": 21,
                "template-line-number": 69,
                "node-pos": 39
            }
        ],
        "rule-9": [
            {
                "part": null,
                "replacement-node": 24,
                "expression-node": 25,
                "template-line-number": 73,
                "node-pos": 43
            }
        ],
        "rule-10": [
            {
                "part": null,
                "replacement-node": 27,
                "expression-node": 28,
                "template-line-number": 78,
                "node-pos": 47
            }
        ],
        "rule-11": [
            {
                "part": null,
                "replacement-node": 30,
                "template-line-number": 88,
                "node-pos": 53
            }
        ],
        "rule-12": [
            {
                "part": null,
                "replacement-node": 33,
                "template-line-number": 99,
                "node-pos": 58,
                "html": true
            }
        ],
        "rule-13": [
            {
                "part": null,
                "replacement-node": 69,
                "template-line-number": 245,
                "node-pos": 118
            }
        ],
        "rule-14": [
            {
                "part": null,
                "replacement-node": 72,
                "expression-node": 73,
                "template-line-number": 257,
                "node-pos": 123
            }
        ],
        "rule-15": [
            {
                "part": null,
                "replacement-node": 75,
                "expression-node": 76,
                "template-line-number": 267,
                "node-pos": 128
            }
        ],
        "rule-16": [
            {
                "part": null,
                "replacement-node": 78,
                "expression-node": 79,
                "template-line-number": 276,
                "node-pos": 132
            }
        ],
        "rule-17": [
            {
                "part": null,
                "replacement-node": 81,
                "expression-node": 82,
                "template-line-number": 285,
                "node-pos": 136
            }
        ],
        "rule-18": [
            {
                "part": null,
                "replacement-node": 84,
                "expression-node": 85,
                "template-line-number": 294,
                "node-pos": 140
            }
        ],
        "rule-19": [
            {
                "part": null,
                "replacement-node": 87,
                "expression-node": 88,
                "template-line-number": 307,
                "node-pos": 146
            }
        ],
        "rule-20": [
            {
                "part": null,
                "replacement-node": 90,
                "template-line-number": 312,
                "node-pos": 150
            }
        ],
        "rule-21": [
            {
                "part": null,
                "replacement-node": 93,
                "template-line-number": 321,
                "node-pos": 154
            }
        ],
        "rule-22": {
            "name": "OtherRegulatoryLiabilities",
            "subs": [
                {
                    "name": "OtherRegulatoryLiabilities",
                    "part": "2",
                    "replacement-node": 48,
                    "expression-node": 49,
                    "template-line-number": 205,
                    "node-pos": 88
                },
                {
                    "name": "OtherRegulatoryLiabilities",
                    "part": "3",
                    "replacement-node": 51,
                    "expression-node": 52,
                    "template-line-number": 210,
                    "node-pos": 92
                },
                {
                    "name": "OtherRegulatoryLiabilities",
                    "part": "4",
                    "replacement-node": 54,
                    "expression-node": 55,
                    "template-line-number": 215,
                    "node-pos": 96
                },
                {
                    "name": "OtherRegulatoryLiabilities",
                    "part": "5",
                    "replacement-node": 57,
                    "expression-node": 58,
                    "template-line-number": 220,
                    "node-pos": 100
                },
                {
                    "name": "OtherRegulatoryLiabilities",
                    "part": "6",
                    "replacement-node": 60,
                    "expression-node": 61,
                    "template-line-number": 225,
                    "node-pos": 104
                },
                {
                    "name": "OtherRegulatoryLiabilities",
                    "part": "7",
                    "replacement-node": 63,
                    "expression-node": 64,
                    "template-line-number": 230,
                    "node-pos": 108
                },
                {
                    "name": "OtherRegulatoryLiabilities",
                    "part": "8",
                    "replacement-node": 66,
                    "expression-node": 67,
                    "template-line-number": 235,
                    "node-pos": 112
                }
            ]
        },
        "rule-23": {
            "name": "ODCHead",
            "subs": [
                {
                    "name": "ODCHead",
                    "part": "1",
                    "replacement-node": 39,
                    "template-line-number": 134,
                    "extras": {},
                    "node-pos": 75
                },
                {
                    "name": "ODCHead",
                    "part": "2",
                    "replacement-node": 42,
                    "template-line-number": 143,
                    "extras": {},
                    "node-pos": 79
                },
                {
                    "name": "ODCHead",
                    "part": "3",
                    "replacement-node": 37,
                    "template-line-number": 130,
                    "extras": {},
                    "node-pos": 73
                }
            ]
        }
    },
    "line-numbers": {
        "OtherRegulatoryLiabilities": [
            {
                "line-number-node": 46,
                "start-number": 1,
                "template-line-number": 202
            }
        ]
    },
    "showifs": {}
}