{
    "showifs": {},
    "line-numbers": {
        "OtherRegulatoryLiabilities": [
            {
                "template-line-number": 202,
                "start-number": 1,
                "line-number-node": 46
            }
        ]
    },
    "substitutions": {
        "rule-18": [
            {
                "template-line-number": 294,
                "node-pos": 140,
                "expression-node": 85,
                "replacement-node": 84,
                "part": null
            }
        ],
        "rule-3": [
            {
                "template-line-number": 31,
                "node-pos": 17,
                "replacement-node": 6,
                "part": null
            }
        ],
        "rule-20": [
            {
                "template-line-number": 312,
                "node-pos": 150,
                "replacement-node": 90,
                "part": null
            }
        ],
        "rule-6": [
            {
                "template-line-number": 60,
                "node-pos": 31,
                "replacement-node": 15,
                "part": null
            }
        ],
        "rule-7": [
            {
                "template-line-number": 64,
                "node-pos": 35,
                "expression-node": 19,
                "replacement-node": 18,
                "part": null
            }
        ],
        "rule-14": [
            {
                "template-line-number": 257,
                "node-pos": 123,
                "expression-node": 73,
                "replacement-node": 72,
                "part": null
            }
        ],
        "rule-17": [
            {
                "template-line-number": 285,
                "node-pos": 136,
                "expression-node": 82,
                "replacement-node": 81,
                "part": null
            }
        ],
        "rule-13": [
            {
                "template-line-number": 245,
                "node-pos": 118,
                "replacement-node": 69,
                "part": null
            }
        ],
        "rule-10": [
            {
                "template-line-number": 78,
                "node-pos": 47,
                "expression-node": 28,
                "replacement-node": 27,
                "part": null
            }
        ],
        "rule-9": [
            {
                "template-line-number": 73,
                "node-pos": 43,
                "expression-node": 25,
                "replacement-node": 24,
                "part": null
            }
        ],
        "rule-8": [
            {
                "template-line-number": 69,
                "node-pos": 39,
                "replacement-node": 21,
                "part": null
            }
        ],
        "rule-12": [
            {
                "html": true,
                "template-line-number": 99,
                "node-pos": 58,
                "replacement-node": 33,
                "part": null
            }
        ],
        "rule-19": [
            {
                "template-line-number": 307,
                "node-pos": 146,
                "expression-node": 88,
                "replacement-node": 87,
                "part": null
            }
        ],
        "rule-2": [
            {
                "template-line-number": 25,
                "node-pos": 13,
                "expression-node": 4,
                "replacement-node": 3,
                "part": null
            }
        ],
        "rule-23": {
            "name": "ODCHead",
            "subs": [
                {
                    "replacement-node": 39,
                    "part": "1",
                    "template-line-number": 134,
                    "node-pos": 75,
                    "name": "ODCHead",
                    "extras": {}
                },
                {
                    "replacement-node": 42,
                    "part": "2",
                    "template-line-number": 143,
                    "node-pos": 79,
                    "name": "ODCHead",
                    "extras": {}
                },
                {
                    "replacement-node": 37,
                    "part": "3",
                    "template-line-number": 130,
                    "node-pos": 73,
                    "name": "ODCHead",
                    "extras": {}
                }
            ]
        },
        "rule-4": [
            {
                "html": true,
                "template-line-number": 37,
                "node-pos": 21,
                "replacement-node": 9,
                "part": null
            }
        ],
        "rule-5": [
            {
                "html": true,
                "template-line-number": 49,
                "node-pos": 26,
                "replacement-node": 12,
                "part": null
            }
        ],
        "rule-22": {
            "name": "OtherRegulatoryLiabilities",
            "subs": [
                {
                    "replacement-node": 48,
                    "part": "2",
                    "template-line-number": 205,
                    "node-pos": 88,
                    "name": "OtherRegulatoryLiabilities",
                    "expression-node": 49
                },
                {
                    "replacement-node": 51,
                    "part": "3",
                    "template-line-number": 210,
                    "node-pos": 92,
                    "name": "OtherRegulatoryLiabilities",
                    "expression-node": 52
                },
                {
                    "replacement-node": 54,
                    "part": "4",
                    "template-line-number": 215,
                    "node-pos": 96,
                    "name": "OtherRegulatoryLiabilities",
                    "expression-node": 55
                },
                {
                    "replacement-node": 57,
                    "part": "5",
                    "template-line-number": 220,
                    "node-pos": 100,
                    "name": "OtherRegulatoryLiabilities",
                    "expression-node": 58
                },
                {
                    "replacement-node": 60,
                    "part": "6",
                    "template-line-number": 225,
                    "node-pos": 104,
                    "name": "OtherRegulatoryLiabilities",
                    "expression-node": 61
                },
                {
                    "replacement-node": 63,
                    "part": "7",
                    "template-line-number": 230,
                    "node-pos": 108,
                    "name": "OtherRegulatoryLiabilities",
                    "expression-node": 64
                },
                {
                    "replacement-node": 66,
                    "part": "8",
                    "template-line-number": 235,
                    "node-pos": 112,
                    "name": "OtherRegulatoryLiabilities",
                    "expression-node": 67
                }
            ]
        },
        "rule-16": [
            {
                "template-line-number": 276,
                "node-pos": 132,
                "expression-node": 79,
                "replacement-node": 78,
                "part": null
            }
        ],
        "rule-15": [
            {
                "template-line-number": 267,
                "node-pos": 128,
                "expression-node": 76,
                "replacement-node": 75,
                "part": null
            }
        ],
        "rule-11": [
            {
                "template-line-number": 88,
                "node-pos": 53,
                "replacement-node": 30,
                "part": null
            }
        ],
        "rule-21": [
            {
                "template-line-number": 321,
                "node-pos": 154,
                "replacement-node": 93,
                "part": null
            }
        ],
        "rule-1": [
            {
                "template-line-number": 21,
                "node-pos": 9,
                "replacement-node": 0,
                "part": null
            }
        ]
    }
}