{
    "line-numbers": {
        "SubstationsTotal": [
            {
                "line-number-node": 85,
                "start-rule": "rule-19",
                "template-line-number": 414
            }
        ],
        "Substations": [
            {
                "start-number": 1,
                "line-number-node": 46,
                "template-line-number": 251
            }
        ]
    },
    "substitutions": {
        "rule-15": [
            {
                "part": null,
                "replacement-node": 121,
                "node-pos": 202,
                "template-line-number": 500
            }
        ],
        "rule-12": [
            {
                "html": true,
                "part": null,
                "replacement-node": 33,
                "node-pos": 58,
                "template-line-number": 104
            }
        ],
        "rule-16": {
            "subs": [
                {
                    "replacement-node": 109,
                    "node-pos": 184,
                    "template-line-number": 462,
                    "expression-node": 110,
                    "part": "11",
                    "name": "SubstationsTotal"
                },
                {
                    "replacement-node": 112,
                    "node-pos": 188,
                    "template-line-number": 467,
                    "expression-node": 113,
                    "part": "11",
                    "name": "SubstationsTotal"
                },
                {
                    "replacement-node": 87,
                    "node-pos": 152,
                    "template-line-number": 421,
                    "expression-node": 88,
                    "part": "2",
                    "name": "SubstationsTotal"
                },
                {
                    "replacement-node": 91,
                    "node-pos": 159,
                    "template-line-number": 431,
                    "expression-node": 92,
                    "part": "4",
                    "name": "SubstationsTotal"
                },
                {
                    "replacement-node": 94,
                    "node-pos": 163,
                    "template-line-number": 436,
                    "expression-node": 95,
                    "part": "5",
                    "name": "SubstationsTotal"
                },
                {
                    "replacement-node": 97,
                    "node-pos": 167,
                    "template-line-number": 441,
                    "expression-node": 98,
                    "part": "6",
                    "name": "SubstationsTotal"
                },
                {
                    "replacement-node": 100,
                    "node-pos": 171,
                    "template-line-number": 446,
                    "expression-node": 101,
                    "part": "7",
                    "name": "SubstationsTotal"
                },
                {
                    "replacement-node": 103,
                    "node-pos": 175,
                    "template-line-number": 451,
                    "expression-node": 104,
                    "part": "8",
                    "name": "SubstationsTotal"
                },
                {
                    "replacement-node": 106,
                    "node-pos": 179,
                    "template-line-number": 456,
                    "expression-node": 107,
                    "part": "9",
                    "name": "SubstationsTotal"
                }
            ],
            "name": "SubstationsTotal"
        },
        "rule-18": {
            "subs": [
                {
                    "extras": {},
                    "replacement-node": 39,
                    "node-pos": 86,
                    "template-line-number": 156,
                    "part": "1",
                    "name": "ColumnHeadings"
                },
                {
                    "extras": {},
                    "replacement-node": 42,
                    "node-pos": 90,
                    "template-line-number": 164,
                    "part": "2",
                    "name": "ColumnHeadings"
                },
                {
                    "extras": {},
                    "replacement-node": 37,
                    "node-pos": 84,
                    "template-line-number": 152,
                    "part": "3",
                    "name": "ColumnHeadings"
                }
            ],
            "name": "ColumnHeadings"
        },
        "rule-4": [
            {
                "html": true,
                "part": null,
                "replacement-node": 9,
                "node-pos": 21,
                "template-line-number": 39
            }
        ],
        "rule-1": [
            {
                "part": null,
                "replacement-node": 0,
                "node-pos": 9,
                "template-line-number": 22
            }
        ],
        "rule-14": [
            {
                "part": null,
                "replacement-node": 118,
                "node-pos": 198,
                "template-line-number": 490
            }
        ],
        "rule-7": [
            {
                "part": null,
                "replacement-node": 18,
                "node-pos": 35,
                "template-line-number": 67,
                "expression-node": 19
            }
        ],
        "rule-3": [
            {
                "part": null,
                "replacement-node": 6,
                "node-pos": 17,
                "template-line-number": 33
            }
        ],
        "rule-9": [
            {
                "part": null,
                "replacement-node": 24,
                "node-pos": 43,
                "template-line-number": 77,
                "expression-node": 25
            }
        ],
        "rule-6": [
            {
                "part": null,
                "replacement-node": 15,
                "node-pos": 31,
                "template-line-number": 62
            }
        ],
        "rule-13": [
            {
                "part": null,
                "replacement-node": 115,
                "node-pos": 194,
                "template-line-number": 483,
                "expression-node": 116
            }
        ],
        "rule-2": [
            {
                "part": null,
                "replacement-node": 3,
                "node-pos": 13,
                "template-line-number": 27,
                "expression-node": 4
            }
        ],
        "rule-11": [
            {
                "html": true,
                "part": null,
                "replacement-node": 30,
                "node-pos": 53,
                "template-line-number": 92
            }
        ],
        "rule-8": [
            {
                "part": null,
                "replacement-node": 21,
                "node-pos": 39,
                "template-line-number": 72
            }
        ],
        "rule-17": {
            "subs": [
                {
                    "replacement-node": 75,
                    "node-pos": 135,
                    "template-line-number": 299,
                    "expression-node": 76,
                    "part": "10",
                    "name": "Substations"
                },
                {
                    "replacement-node": 78,
                    "node-pos": 139,
                    "template-line-number": 304,
                    "expression-node": 79,
                    "part": "11",
                    "name": "Substations"
                },
                {
                    "replacement-node": 81,
                    "node-pos": 143,
                    "template-line-number": 309,
                    "expression-node": 82,
                    "part": "11",
                    "name": "Substations"
                },
                {
                    "replacement-node": 48,
                    "node-pos": 99,
                    "template-line-number": 254,
                    "expression-node": 49,
                    "part": "2",
                    "name": "Substations"
                },
                {
                    "replacement-node": 51,
                    "node-pos": 103,
                    "template-line-number": 259,
                    "expression-node": 52,
                    "part": "3",
                    "name": "Substations"
                },
                {
                    "replacement-node": 54,
                    "node-pos": 107,
                    "template-line-number": 264,
                    "expression-node": 55,
                    "part": "3",
                    "name": "Substations"
                },
                {
                    "replacement-node": 57,
                    "node-pos": 111,
                    "template-line-number": 269,
                    "expression-node": 58,
                    "part": "4",
                    "name": "Substations"
                },
                {
                    "replacement-node": 60,
                    "node-pos": 115,
                    "template-line-number": 274,
                    "expression-node": 61,
                    "part": "5",
                    "name": "Substations"
                },
                {
                    "replacement-node": 63,
                    "node-pos": 119,
                    "template-line-number": 279,
                    "expression-node": 64,
                    "part": "6",
                    "name": "Substations"
                },
                {
                    "replacement-node": 66,
                    "node-pos": 123,
                    "template-line-number": 284,
                    "expression-node": 67,
                    "part": "7",
                    "name": "Substations"
                },
                {
                    "replacement-node": 69,
                    "node-pos": 127,
                    "template-line-number": 289,
                    "expression-node": 70,
                    "part": "8",
                    "name": "Substations"
                },
                {
                    "replacement-node": 72,
                    "node-pos": 131,
                    "template-line-number": 294,
                    "expression-node": 73,
                    "part": "9",
                    "name": "Substations"
                }
            ],
            "name": "Substations"
        },
        "rule-5": [
            {
                "html": true,
                "part": null,
                "replacement-node": 12,
                "node-pos": 26,
                "template-line-number": 51
            }
        ],
        "rule-10": [
            {
                "part": null,
                "replacement-node": 27,
                "node-pos": 47,
                "template-line-number": 82,
                "expression-node": 28
            }
        ]
    },
    "showifs": {}
}