{
    "substitutions": {
        "rule-1": [
            {
                "template-line-number": 22,
                "node-pos": 9,
                "part": null,
                "replacement-node": 0
            }
        ],
        "rule-14": [
            {
                "template-line-number": 490,
                "node-pos": 198,
                "part": null,
                "replacement-node": 118
            }
        ],
        "rule-15": [
            {
                "template-line-number": 500,
                "node-pos": 202,
                "part": null,
                "replacement-node": 121
            }
        ],
        "rule-11": [
            {
                "template-line-number": 92,
                "node-pos": 53,
                "html": true,
                "part": null,
                "replacement-node": 30
            }
        ],
        "rule-5": [
            {
                "template-line-number": 51,
                "node-pos": 26,
                "html": true,
                "part": null,
                "replacement-node": 12
            }
        ],
        "rule-6": [
            {
                "template-line-number": 62,
                "node-pos": 31,
                "part": null,
                "replacement-node": 15
            }
        ],
        "rule-16": {
            "name": "ColumnHeadings",
            "subs": [
                {
                    "template-line-number": 156,
                    "node-pos": 86,
                    "extras": {},
                    "name": "ColumnHeadings",
                    "part": "1",
                    "replacement-node": 39
                },
                {
                    "template-line-number": 164,
                    "node-pos": 90,
                    "extras": {},
                    "name": "ColumnHeadings",
                    "part": "2",
                    "replacement-node": 42
                },
                {
                    "template-line-number": 152,
                    "node-pos": 84,
                    "extras": {},
                    "name": "ColumnHeadings",
                    "part": "3",
                    "replacement-node": 37
                }
            ]
        },
        "rule-2": [
            {
                "template-line-number": 27,
                "node-pos": 13,
                "part": null,
                "replacement-node": 3,
                "expression-node": 4
            }
        ],
        "rule-7": [
            {
                "template-line-number": 67,
                "node-pos": 35,
                "part": null,
                "replacement-node": 18,
                "expression-node": 19
            }
        ],
        "rule-10": [
            {
                "template-line-number": 82,
                "node-pos": 47,
                "part": null,
                "replacement-node": 27,
                "expression-node": 28
            }
        ],
        "rule-9": [
            {
                "template-line-number": 77,
                "node-pos": 43,
                "part": null,
                "replacement-node": 24,
                "expression-node": 25
            }
        ],
        "rule-17": {
            "name": "Substations",
            "subs": [
                {
                    "template-line-number": 299,
                    "node-pos": 135,
                    "name": "Substations",
                    "expression-node": 76,
                    "part": "10",
                    "replacement-node": 75
                },
                {
                    "template-line-number": 304,
                    "node-pos": 139,
                    "name": "Substations",
                    "expression-node": 79,
                    "part": "11",
                    "replacement-node": 78
                },
                {
                    "template-line-number": 309,
                    "node-pos": 143,
                    "name": "Substations",
                    "expression-node": 82,
                    "part": "11",
                    "replacement-node": 81
                },
                {
                    "template-line-number": 254,
                    "node-pos": 99,
                    "name": "Substations",
                    "expression-node": 49,
                    "part": "2",
                    "replacement-node": 48
                },
                {
                    "template-line-number": 259,
                    "node-pos": 103,
                    "name": "Substations",
                    "expression-node": 52,
                    "part": "3",
                    "replacement-node": 51
                },
                {
                    "template-line-number": 264,
                    "node-pos": 107,
                    "name": "Substations",
                    "expression-node": 55,
                    "part": "3",
                    "replacement-node": 54
                },
                {
                    "template-line-number": 269,
                    "node-pos": 111,
                    "name": "Substations",
                    "expression-node": 58,
                    "part": "4",
                    "replacement-node": 57
                },
                {
                    "template-line-number": 274,
                    "node-pos": 115,
                    "name": "Substations",
                    "expression-node": 61,
                    "part": "5",
                    "replacement-node": 60
                },
                {
                    "template-line-number": 279,
                    "node-pos": 119,
                    "name": "Substations",
                    "expression-node": 64,
                    "part": "6",
                    "replacement-node": 63
                },
                {
                    "template-line-number": 284,
                    "node-pos": 123,
                    "name": "Substations",
                    "expression-node": 67,
                    "part": "7",
                    "replacement-node": 66
                },
                {
                    "template-line-number": 289,
                    "node-pos": 127,
                    "name": "Substations",
                    "expression-node": 70,
                    "part": "8",
                    "replacement-node": 69
                },
                {
                    "template-line-number": 294,
                    "node-pos": 131,
                    "name": "Substations",
                    "expression-node": 73,
                    "part": "9",
                    "replacement-node": 72
                }
            ]
        },
        "rule-13": [
            {
                "template-line-number": 483,
                "node-pos": 194,
                "part": null,
                "replacement-node": 115,
                "expression-node": 116
            }
        ],
        "rule-4": [
            {
                "template-line-number": 39,
                "node-pos": 21,
                "html": true,
                "part": null,
                "replacement-node": 9
            }
        ],
        "rule-8": [
            {
                "template-line-number": 72,
                "node-pos": 39,
                "part": null,
                "replacement-node": 21
            }
        ],
        "rule-3": [
            {
                "template-line-number": 33,
                "node-pos": 17,
                "part": null,
                "replacement-node": 6
            }
        ],
        "rule-12": [
            {
                "template-line-number": 104,
                "node-pos": 58,
                "html": true,
                "part": null,
                "replacement-node": 33
            }
        ],
        "rule-18": {
            "name": "SubstationsTotal",
            "subs": [
                {
                    "template-line-number": 462,
                    "node-pos": 184,
                    "name": "SubstationsTotal",
                    "expression-node": 110,
                    "part": "11",
                    "replacement-node": 109
                },
                {
                    "template-line-number": 467,
                    "node-pos": 188,
                    "name": "SubstationsTotal",
                    "expression-node": 113,
                    "part": "11",
                    "replacement-node": 112
                },
                {
                    "template-line-number": 421,
                    "node-pos": 152,
                    "name": "SubstationsTotal",
                    "expression-node": 88,
                    "part": "2",
                    "replacement-node": 87
                },
                {
                    "template-line-number": 431,
                    "node-pos": 159,
                    "name": "SubstationsTotal",
                    "expression-node": 92,
                    "part": "4",
                    "replacement-node": 91
                },
                {
                    "template-line-number": 436,
                    "node-pos": 163,
                    "name": "SubstationsTotal",
                    "expression-node": 95,
                    "part": "5",
                    "replacement-node": 94
                },
                {
                    "template-line-number": 441,
                    "node-pos": 167,
                    "name": "SubstationsTotal",
                    "expression-node": 98,
                    "part": "6",
                    "replacement-node": 97
                },
                {
                    "template-line-number": 446,
                    "node-pos": 171,
                    "name": "SubstationsTotal",
                    "expression-node": 101,
                    "part": "7",
                    "replacement-node": 100
                },
                {
                    "template-line-number": 451,
                    "node-pos": 175,
                    "name": "SubstationsTotal",
                    "expression-node": 104,
                    "part": "8",
                    "replacement-node": 103
                },
                {
                    "template-line-number": 456,
                    "node-pos": 179,
                    "name": "SubstationsTotal",
                    "expression-node": 107,
                    "part": "9",
                    "replacement-node": 106
                }
            ]
        }
    },
    "line-numbers": {
        "Substations": [
            {
                "template-line-number": 251,
                "line-number-node": 46,
                "start-number": 1
            }
        ],
        "SubstationsTotal": [
            {
                "start-rule": "rule-19",
                "template-line-number": 414,
                "line-number-node": 85
            }
        ]
    },
    "showifs": {}
}