{
    "substitutions": {
        "rule-1": [
            {
                "part": null,
                "replacement-node": 0,
                "template-line-number": 18,
                "node-pos": 9
            }
        ],
        "rule-2": [
            {
                "part": null,
                "replacement-node": 3,
                "expression-node": 4,
                "template-line-number": 25,
                "node-pos": 13
            }
        ],
        "rule-3": [
            {
                "part": null,
                "replacement-node": 6,
                "template-line-number": 32,
                "node-pos": 17
            }
        ],
        "rule-4": [
            {
                "part": null,
                "replacement-node": 9,
                "template-line-number": 40,
                "node-pos": 21,
                "html": true
            }
        ],
        "rule-5": [
            {
                "part": null,
                "replacement-node": 12,
                "template-line-number": 57,
                "node-pos": 26,
                "html": true
            }
        ],
        "rule-6": [
            {
                "part": null,
                "replacement-node": 15,
                "template-line-number": 75,
                "node-pos": 31
            }
        ],
        "rule-7": [
            {
                "part": null,
                "replacement-node": 18,
                "expression-node": 19,
                "template-line-number": 82,
                "node-pos": 35
            }
        ],
        "rule-8": [
            {
                "part": null,
                "replacement-node": 21,
                "template-line-number": 89,
                "node-pos": 39
            }
        ],
        "rule-9": [
            {
                "part": null,
                "replacement-node": 24,
                "expression-node": 25,
                "template-line-number": 96,
                "node-pos": 43
            }
        ],
        "rule-10": [
            {
                "part": null,
                "replacement-node": 27,
                "expression-node": 28,
                "template-line-number": 102,
                "node-pos": 47
            }
        ],
        "rule-11": [
            {
                "part": null,
                "replacement-node": 30,
                "template-line-number": 115,
                "node-pos": 53
            }
        ],
        "rule-12": [
            {
                "part": null,
                "replacement-node": 33,
                "template-line-number": 126,
                "node-pos": 58,
                "html": true
            }
        ],
        "rule-13": [
            {
                "part": null,
                "replacement-node": 72,
                "template-line-number": 327,
                "node-pos": 132
            }
        ],
        "rule-14": [
            {
                "part": null,
                "replacement-node": 75,
                "expression-node": 76,
                "template-line-number": 340,
                "node-pos": 138
            }
        ],
        "rule-15": [
            {
                "part": null,
                "replacement-node": 78,
                "expression-node": 79,
                "template-line-number": 349,
                "node-pos": 142
            }
        ],
        "rule-16": [
            {
                "part": null,
                "replacement-node": 81,
                "expression-node": 82,
                "template-line-number": 358,
                "node-pos": 146
            }
        ],
        "rule-17": [
            {
                "part": null,
                "replacement-node": 84,
                "expression-node": 85,
                "template-line-number": 367,
                "node-pos": 150
            }
        ],
        "rule-18": [
            {
                "part": null,
                "replacement-node": 87,
                "expression-node": 88,
                "template-line-number": 376,
                "node-pos": 154
            }
        ],
        "rule-19": [
            {
                "part": null,
                "replacement-node": 90,
                "expression-node": 91,
                "template-line-number": 385,
                "node-pos": 158
            }
        ],
        "rule-20": [
            {
                "part": null,
                "replacement-node": 93,
                "expression-node": 94,
                "template-line-number": 399,
                "node-pos": 164
            }
        ],
        "rule-21": [
            {
                "part": null,
                "replacement-node": 96,
                "template-line-number": 406,
                "node-pos": 168
            }
        ],
        "rule-22": [
            {
                "part": null,
                "replacement-node": 99,
                "template-line-number": 416,
                "node-pos": 172
            }
        ],
        "rule-23": {
            "name": "ColumnHeadings",
            "subs": [
                {
                    "name": "ColumnHeadings",
                    "part": "1",
                    "replacement-node": 39,
                    "template-line-number": 178,
                    "extras": {},
                    "node-pos": 85
                },
                {
                    "name": "ColumnHeadings",
                    "part": "2",
                    "replacement-node": 42,
                    "template-line-number": 186,
                    "extras": {},
                    "node-pos": 89
                },
                {
                    "name": "ColumnHeadings",
                    "part": "3",
                    "replacement-node": 37,
                    "template-line-number": 174,
                    "extras": {},
                    "node-pos": 83
                }
            ]
        },
        "rule-24": {
            "name": "TransmissionOfElectricity",
            "subs": [
                {
                    "name": "TransmissionOfElectricity",
                    "part": "2",
                    "replacement-node": 48,
                    "expression-node": 49,
                    "template-line-number": 260,
                    "node-pos": 98
                },
                {
                    "name": "TransmissionOfElectricity",
                    "part": "3",
                    "replacement-node": 51,
                    "expression-node": 52,
                    "template-line-number": 268,
                    "node-pos": 102
                },
                {
                    "name": "TransmissionOfElectricity",
                    "part": "4",
                    "replacement-node": 54,
                    "expression-node": 55,
                    "template-line-number": 276,
                    "node-pos": 106
                },
                {
                    "name": "TransmissionOfElectricity",
                    "part": "5",
                    "replacement-node": 57,
                    "expression-node": 58,
                    "template-line-number": 284,
                    "node-pos": 110
                },
                {
                    "name": "TransmissionOfElectricity",
                    "part": "6",
                    "replacement-node": 60,
                    "expression-node": 61,
                    "template-line-number": 292,
                    "node-pos": 114
                },
                {
                    "name": "TransmissionOfElectricity",
                    "part": "7",
                    "replacement-node": 63,
                    "expression-node": 64,
                    "template-line-number": 300,
                    "node-pos": 118
                },
                {
                    "name": "TransmissionOfElectricity",
                    "part": "8",
                    "replacement-node": 66,
                    "expression-node": 67,
                    "template-line-number": 308,
                    "node-pos": 122
                },
                {
                    "name": "TransmissionOfElectricity",
                    "part": "9",
                    "replacement-node": 69,
                    "expression-node": 70,
                    "template-line-number": 316,
                    "node-pos": 126
                }
            ]
        }
    },
    "line-numbers": {
        "TransmissionOfElectricity": [
            {
                "line-number-node": 46,
                "start-number": 1,
                "template-line-number": 255
            }
        ]
    },
    "showifs": {},
    "footnotes": {},
    "standard-rules": [
        "rule-1",
        "rule-2",
        "rule-3",
        "rule-4",
        "rule-5",
        "rule-6",
        "rule-7",
        "rule-8",
        "rule-9",
        "rule-10",
        "rule-11",
        "rule-12",
        "rule-13",
        "rule-14",
        "rule-15",
        "rule-16",
        "rule-17",
        "rule-18",
        "rule-19",
        "rule-20",
        "rule-21",
        "rule-22",
        "rule-23",
        "rule-24"
    ],
    "footnote-rules": []
}