{
    "substitutions": {
        "rule-15": [
            {
                "part": null,
                "replacement-node": 81,
                "node-pos": 143,
                "template-line-number": 308,
                "expression-node": 82
            }
        ],
        "rule-19": [
            {
                "part": null,
                "replacement-node": 93,
                "node-pos": 159,
                "template-line-number": 348,
                "expression-node": 94
            }
        ],
        "rule-20": [
            {
                "part": null,
                "replacement-node": 96,
                "node-pos": 163,
                "template-line-number": 358,
                "expression-node": 97
            }
        ],
        "rule-4": [
            {
                "part": null,
                "html": true,
                "replacement-node": 9,
                "node-pos": 22,
                "template-line-number": 40
            }
        ],
        "rule-10": [
            {
                "part": null,
                "replacement-node": 27,
                "node-pos": 48,
                "template-line-number": 83,
                "expression-node": 28
            }
        ],
        "rule-2": [
            {
                "part": null,
                "replacement-node": 3,
                "node-pos": 14,
                "template-line-number": 28,
                "expression-node": 4
            }
        ],
        "rule-14": [
            {
                "part": null,
                "replacement-node": 78,
                "node-pos": 139,
                "template-line-number": 298,
                "expression-node": 79
            }
        ],
        "rule-17": [
            {
                "part": null,
                "replacement-node": 87,
                "node-pos": 151,
                "template-line-number": 328,
                "expression-node": 88
            }
        ],
        "rule-26": {
            "name": "ColumnHeadings",
            "subs": [
                {
                    "part": "1",
                    "replacement-node": 39,
                    "name": "ColumnHeadings",
                    "extras": {},
                    "node-pos": 83,
                    "template-line-number": 151
                },
                {
                    "part": "2",
                    "replacement-node": 42,
                    "name": "ColumnHeadings",
                    "extras": {},
                    "node-pos": 87,
                    "template-line-number": 159
                },
                {
                    "part": "3",
                    "replacement-node": 37,
                    "name": "ColumnHeadings",
                    "extras": {},
                    "node-pos": 81,
                    "template-line-number": 147
                }
            ]
        },
        "rule-5": [
            {
                "part": null,
                "html": true,
                "replacement-node": 12,
                "node-pos": 27,
                "template-line-number": 52
            }
        ],
        "rule-22": [
            {
                "part": null,
                "replacement-node": 102,
                "node-pos": 173,
                "template-line-number": 382,
                "expression-node": 103
            }
        ],
        "rule-25": {
            "name": "AmortizationBaseReserve",
            "subs": [
                {
                    "part": "10",
                    "replacement-node": 72,
                    "name": "AmortizationBaseReserve",
                    "node-pos": 128,
                    "template-line-number": 275,
                    "expression-node": 73
                },
                {
                    "part": "2",
                    "replacement-node": 48,
                    "name": "AmortizationBaseReserve",
                    "node-pos": 96,
                    "template-line-number": 235,
                    "expression-node": 49
                },
                {
                    "part": "3",
                    "replacement-node": 51,
                    "name": "AmortizationBaseReserve",
                    "node-pos": 100,
                    "template-line-number": 240,
                    "expression-node": 52
                },
                {
                    "part": "4",
                    "replacement-node": 54,
                    "name": "AmortizationBaseReserve",
                    "node-pos": 104,
                    "template-line-number": 245,
                    "expression-node": 55
                },
                {
                    "part": "5",
                    "replacement-node": 57,
                    "name": "AmortizationBaseReserve",
                    "node-pos": 108,
                    "template-line-number": 250,
                    "expression-node": 58
                },
                {
                    "part": "6",
                    "replacement-node": 60,
                    "name": "AmortizationBaseReserve",
                    "node-pos": 112,
                    "template-line-number": 255,
                    "expression-node": 61
                },
                {
                    "part": "7",
                    "replacement-node": 63,
                    "name": "AmortizationBaseReserve",
                    "node-pos": 116,
                    "template-line-number": 260,
                    "expression-node": 64
                },
                {
                    "part": "8",
                    "replacement-node": 66,
                    "name": "AmortizationBaseReserve",
                    "node-pos": 120,
                    "template-line-number": 265,
                    "expression-node": 67
                },
                {
                    "part": "9",
                    "replacement-node": 69,
                    "name": "AmortizationBaseReserve",
                    "node-pos": 124,
                    "template-line-number": 270,
                    "expression-node": 70
                }
            ]
        },
        "rule-16": [
            {
                "part": null,
                "replacement-node": 84,
                "node-pos": 147,
                "template-line-number": 318,
                "expression-node": 85
            }
        ],
        "rule-1": [
            {
                "part": null,
                "replacement-node": 0,
                "node-pos": 10,
                "template-line-number": 22
            }
        ],
        "rule-21": [
            {
                "part": null,
                "replacement-node": 99,
                "node-pos": 167,
                "template-line-number": 368,
                "expression-node": 100
            }
        ],
        "rule-7": [
            {
                "part": null,
                "replacement-node": 18,
                "node-pos": 36,
                "template-line-number": 68,
                "expression-node": 19
            }
        ],
        "rule-6": [
            {
                "part": null,
                "replacement-node": 15,
                "node-pos": 32,
                "template-line-number": 63
            }
        ],
        "rule-23": [
            {
                "part": null,
                "replacement-node": 105,
                "node-pos": 177,
                "template-line-number": 387
            }
        ],
        "rule-8": [
            {
                "part": null,
                "replacement-node": 21,
                "node-pos": 40,
                "template-line-number": 73
            }
        ],
        "rule-11": [
            {
                "part": null,
                "replacement-node": 30,
                "node-pos": 54,
                "template-line-number": 93
            }
        ],
        "rule-12": [
            {
                "part": null,
                "html": true,
                "replacement-node": 33,
                "node-pos": 59,
                "template-line-number": 104
            }
        ],
        "rule-9": [
            {
                "part": null,
                "replacement-node": 24,
                "node-pos": 44,
                "template-line-number": 78,
                "expression-node": 25
            }
        ],
        "rule-24": [
            {
                "part": null,
                "replacement-node": 108,
                "node-pos": 181,
                "template-line-number": 396
            }
        ],
        "rule-13": [
            {
                "part": null,
                "replacement-node": 75,
                "node-pos": 134,
                "template-line-number": 287
            }
        ],
        "rule-18": [
            {
                "part": null,
                "replacement-node": 90,
                "node-pos": 155,
                "template-line-number": 338,
                "expression-node": 91
            }
        ],
        "rule-3": [
            {
                "part": null,
                "replacement-node": 6,
                "node-pos": 18,
                "template-line-number": 34
            }
        ]
    },
    "line-numbers": {
        "AmortizationBaseReserve": [
            {
                "line-number-node": 46,
                "template-line-number": 232,
                "start-number": 1
            }
        ]
    },
    "showifs": {}
}