{
    "showifs": {},
    "substitutions": {
        "rule-8": [
            {
                "node-pos": 40,
                "replacement-node": 21,
                "part": null,
                "template-line-number": 74
            }
        ],
        "rule-9": [
            {
                "node-pos": 44,
                "replacement-node": 24,
                "part": null,
                "template-line-number": 79,
                "expression-node": 25
            }
        ],
        "rule-17": [
            {
                "node-pos": 128,
                "replacement-node": 72,
                "part": null,
                "template-line-number": 272
            }
        ],
        "rule-13": [
            {
                "node-pos": 108,
                "replacement-node": 60,
                "part": null,
                "template-line-number": 231
            }
        ],
        "rule-10": [
            {
                "node-pos": 48,
                "replacement-node": 27,
                "part": null,
                "template-line-number": 84,
                "expression-node": 28
            }
        ],
        "rule-2": [
            {
                "node-pos": 14,
                "replacement-node": 3,
                "part": null,
                "template-line-number": 29,
                "expression-node": 4
            }
        ],
        "rule-18": {
            "name": "ISHeadings",
            "subs": [
                {
                    "replacement-node": 39,
                    "extras": {},
                    "name": "ISHeadings",
                    "node-pos": 76,
                    "part": "1",
                    "template-line-number": 140
                },
                {
                    "replacement-node": 42,
                    "extras": {},
                    "name": "ISHeadings",
                    "node-pos": 80,
                    "part": "2",
                    "template-line-number": 148
                },
                {
                    "replacement-node": 37,
                    "extras": {},
                    "name": "ISHeadings",
                    "node-pos": 74,
                    "part": "3",
                    "template-line-number": 136
                }
            ]
        },
        "rule-11": [
            {
                "node-pos": 54,
                "replacement-node": 30,
                "part": null,
                "template-line-number": 94
            }
        ],
        "rule-3": [
            {
                "node-pos": 18,
                "replacement-node": 6,
                "part": null,
                "template-line-number": 35
            }
        ],
        "rule-7": [
            {
                "node-pos": 36,
                "replacement-node": 18,
                "part": null,
                "template-line-number": 69,
                "expression-node": 19
            }
        ],
        "rule-15": [
            {
                "node-pos": 120,
                "replacement-node": 66,
                "part": null,
                "template-line-number": 258,
                "expression-node": 67
            }
        ],
        "rule-1": [
            {
                "node-pos": 10,
                "replacement-node": 0,
                "part": null,
                "template-line-number": 23
            }
        ],
        "rule-16": [
            {
                "node-pos": 124,
                "replacement-node": 69,
                "part": null,
                "template-line-number": 263
            }
        ],
        "rule-6": [
            {
                "node-pos": 32,
                "replacement-node": 15,
                "part": null,
                "template-line-number": 64
            }
        ],
        "rule-19": {
            "name": "NoncarrierProperty",
            "subs": [
                {
                    "replacement-node": 48,
                    "node-pos": 89,
                    "name": "NoncarrierProperty",
                    "part": "2",
                    "template-line-number": 202,
                    "expression-node": 49
                },
                {
                    "replacement-node": 51,
                    "node-pos": 93,
                    "name": "NoncarrierProperty",
                    "part": "3",
                    "template-line-number": 207,
                    "expression-node": 52
                },
                {
                    "replacement-node": 54,
                    "node-pos": 97,
                    "name": "NoncarrierProperty",
                    "part": "4",
                    "template-line-number": 212,
                    "expression-node": 55
                },
                {
                    "replacement-node": 57,
                    "node-pos": 101,
                    "name": "NoncarrierProperty",
                    "part": "5",
                    "template-line-number": 217,
                    "expression-node": 58
                }
            ]
        },
        "rule-14": [
            {
                "node-pos": 113,
                "replacement-node": 63,
                "part": null,
                "template-line-number": 243,
                "expression-node": 64
            }
        ],
        "rule-12": [
            {
                "node-pos": 59,
                "replacement-node": 33,
                "part": null,
                "template-line-number": 105,
                "html": true
            }
        ],
        "rule-4": [
            {
                "node-pos": 22,
                "replacement-node": 9,
                "part": null,
                "template-line-number": 41,
                "html": true
            }
        ],
        "rule-5": [
            {
                "node-pos": 27,
                "replacement-node": 12,
                "part": null,
                "template-line-number": 53,
                "html": true
            }
        ]
    },
    "line-numbers": {
        "NoncarrierProperty": [
            {
                "template-line-number": 199,
                "start-number": 1,
                "line-number-node": 46
            }
        ]
    }
}