{
    "line-numbers": {
        "GatheringLineItems": [
            {
                "line-number-node": 309,
                "start-number": 92,
                "template-line-number": 1082
            }
        ],
        "StorageLineItems": [
            {
                "line-number-node": 204,
                "start-number": 65,
                "template-line-number": 767
            }
        ],
        "RevenuesLineItems": [
            {
                "line-number-node": 363,
                "start-number": 96,
                "template-line-number": 1274
            }
        ],
        "TransportationLineItems": [
            {
                "line-number-node": 96,
                "start-number": 3,
                "template-line-number": 402
            }
        ]
    },
    "substitutions": {
        "rule-17": [
            {
                "node-pos": 314,
                "replacement-node": 200,
                "part": null,
                "template-line-number": 664
            }
        ],
        "rule-13": [
            {
                "node-pos": 83,
                "replacement-node": 44,
                "part": null,
                "template-line-number": 166
            }
        ],
        "rule-31": {
            "name": "StorageLineItems",
            "subs": [
                {
                    "name": "StorageLineItems",
                    "replacement-node": 232,
                    "part": "10",
                    "node-pos": 373,
                    "expression-node": 233,
                    "template-line-number": 822
                },
                {
                    "name": "StorageLineItems",
                    "replacement-node": 235,
                    "part": "11",
                    "node-pos": 377,
                    "expression-node": 236,
                    "template-line-number": 828
                },
                {
                    "name": "StorageLineItems",
                    "replacement-node": 238,
                    "part": "12",
                    "node-pos": 381,
                    "expression-node": 239,
                    "template-line-number": 834
                },
                {
                    "name": "StorageLineItems",
                    "replacement-node": 241,
                    "part": "13",
                    "node-pos": 385,
                    "expression-node": 242,
                    "template-line-number": 840
                },
                {
                    "name": "StorageLineItems",
                    "replacement-node": 244,
                    "part": "14",
                    "node-pos": 389,
                    "expression-node": 245,
                    "template-line-number": 846
                },
                {
                    "name": "StorageLineItems",
                    "replacement-node": 247,
                    "part": "15",
                    "node-pos": 393,
                    "expression-node": 248,
                    "template-line-number": 852
                },
                {
                    "name": "StorageLineItems",
                    "replacement-node": 250,
                    "part": "16",
                    "node-pos": 397,
                    "expression-node": 251,
                    "template-line-number": 858
                },
                {
                    "name": "StorageLineItems",
                    "replacement-node": 253,
                    "part": "17",
                    "node-pos": 401,
                    "expression-node": 254,
                    "template-line-number": 864
                },
                {
                    "name": "StorageLineItems",
                    "replacement-node": 207,
                    "part": "2",
                    "node-pos": 340,
                    "expression-node": 208,
                    "template-line-number": 772
                },
                {
                    "name": "StorageLineItems",
                    "replacement-node": 211,
                    "part": "3",
                    "node-pos": 345,
                    "expression-node": 212,
                    "template-line-number": 780
                },
                {
                    "name": "StorageLineItems",
                    "replacement-node": 214,
                    "part": "4",
                    "node-pos": 349,
                    "expression-node": 215,
                    "template-line-number": 786
                },
                {
                    "name": "StorageLineItems",
                    "replacement-node": 217,
                    "part": "5",
                    "node-pos": 353,
                    "expression-node": 218,
                    "template-line-number": 792
                },
                {
                    "name": "StorageLineItems",
                    "replacement-node": 220,
                    "part": "6",
                    "node-pos": 357,
                    "expression-node": 221,
                    "template-line-number": 798
                },
                {
                    "name": "StorageLineItems",
                    "replacement-node": 223,
                    "part": "7",
                    "node-pos": 361,
                    "expression-node": 224,
                    "template-line-number": 804
                },
                {
                    "name": "StorageLineItems",
                    "replacement-node": 226,
                    "part": "8",
                    "node-pos": 365,
                    "expression-node": 227,
                    "template-line-number": 810
                },
                {
                    "name": "StorageLineItems",
                    "replacement-node": 229,
                    "part": "9",
                    "node-pos": 369,
                    "expression-node": 230,
                    "template-line-number": 816
                }
            ]
        },
        "rule-16": [
            {
                "node-pos": 310,
                "replacement-node": 197,
                "part": null,
                "template-line-number": 659
            }
        ],
        "rule-30": {
            "name": "TransportationLineItems",
            "subs": [
                {
                    "name": "TransportationLineItems",
                    "replacement-node": 124,
                    "part": "10",
                    "node-pos": 209,
                    "expression-node": 125,
                    "template-line-number": 457
                },
                {
                    "name": "TransportationLineItems",
                    "replacement-node": 127,
                    "part": "11",
                    "node-pos": 213,
                    "expression-node": 128,
                    "template-line-number": 463
                },
                {
                    "name": "TransportationLineItems",
                    "replacement-node": 130,
                    "part": "12",
                    "node-pos": 217,
                    "expression-node": 131,
                    "template-line-number": 469
                },
                {
                    "name": "TransportationLineItems",
                    "replacement-node": 133,
                    "part": "13",
                    "node-pos": 221,
                    "expression-node": 134,
                    "template-line-number": 475
                },
                {
                    "name": "TransportationLineItems",
                    "replacement-node": 136,
                    "part": "14",
                    "node-pos": 225,
                    "expression-node": 137,
                    "template-line-number": 481
                },
                {
                    "name": "TransportationLineItems",
                    "replacement-node": 139,
                    "part": "15",
                    "node-pos": 229,
                    "expression-node": 140,
                    "template-line-number": 487
                },
                {
                    "name": "TransportationLineItems",
                    "replacement-node": 142,
                    "part": "16",
                    "node-pos": 233,
                    "expression-node": 143,
                    "template-line-number": 493
                },
                {
                    "name": "TransportationLineItems",
                    "replacement-node": 145,
                    "part": "17",
                    "node-pos": 237,
                    "expression-node": 146,
                    "template-line-number": 499
                },
                {
                    "name": "TransportationLineItems",
                    "replacement-node": 99,
                    "part": "2",
                    "node-pos": 176,
                    "expression-node": 100,
                    "template-line-number": 407
                },
                {
                    "name": "TransportationLineItems",
                    "replacement-node": 103,
                    "part": "3",
                    "node-pos": 181,
                    "expression-node": 104,
                    "template-line-number": 415
                },
                {
                    "name": "TransportationLineItems",
                    "replacement-node": 106,
                    "part": "4",
                    "node-pos": 185,
                    "expression-node": 107,
                    "template-line-number": 421
                },
                {
                    "name": "TransportationLineItems",
                    "replacement-node": 109,
                    "part": "5",
                    "node-pos": 189,
                    "expression-node": 110,
                    "template-line-number": 427
                },
                {
                    "name": "TransportationLineItems",
                    "replacement-node": 112,
                    "part": "6",
                    "node-pos": 193,
                    "expression-node": 113,
                    "template-line-number": 433
                },
                {
                    "name": "TransportationLineItems",
                    "replacement-node": 115,
                    "part": "7",
                    "node-pos": 197,
                    "expression-node": 116,
                    "template-line-number": 439
                },
                {
                    "name": "TransportationLineItems",
                    "replacement-node": 118,
                    "part": "8",
                    "node-pos": 201,
                    "expression-node": 119,
                    "template-line-number": 445
                },
                {
                    "name": "TransportationLineItems",
                    "replacement-node": 121,
                    "part": "9",
                    "node-pos": 205,
                    "expression-node": 122,
                    "template-line-number": 451
                }
            ]
        },
        "rule-11": [
            {
                "node-pos": 53,
                "replacement-node": 30,
                "part": null,
                "template-line-number": 92
            }
        ],
        "rule-23": [
            {
                "node-pos": 665,
                "replacement-node": 419,
                "part": null,
                "template-line-number": 1424
            }
        ],
        "rule-21": [
            {
                "expression-node": 414,
                "replacement-node": 413,
                "part": null,
                "template-line-number": 1410,
                "node-pos": 657
            }
        ],
        "rule-29": {
            "name": "RDHeadings",
            "subs": [
                {
                    "name": "RDHeadings",
                    "replacement-node": 37,
                    "part": "1",
                    "node-pos": 72,
                    "extras": {},
                    "template-line-number": 132
                },
                {
                    "name": "RDHeadings",
                    "replacement-node": 40,
                    "part": "2",
                    "node-pos": 76,
                    "extras": {},
                    "template-line-number": 139
                }
            ]
        },
        "rule-2": [
            {
                "expression-node": 4,
                "replacement-node": 3,
                "part": null,
                "template-line-number": 27,
                "node-pos": 13
            }
        ],
        "rule-19": [
            {
                "node-pos": 475,
                "replacement-node": 305,
                "part": null,
                "template-line-number": 1026
            }
        ],
        "rule-28": {
            "name": "TotalTransportationLineItems",
            "subs": [
                {
                    "name": "TotalTransportationLineItems",
                    "replacement-node": 173,
                    "part": "10",
                    "node-pos": 277,
                    "expression-node": 174,
                    "template-line-number": 595
                },
                {
                    "name": "TotalTransportationLineItems",
                    "replacement-node": 176,
                    "part": "11",
                    "node-pos": 281,
                    "expression-node": 177,
                    "template-line-number": 603
                },
                {
                    "name": "TotalTransportationLineItems",
                    "replacement-node": 179,
                    "part": "12",
                    "node-pos": 285,
                    "expression-node": 180,
                    "template-line-number": 611
                },
                {
                    "name": "TotalTransportationLineItems",
                    "replacement-node": 182,
                    "part": "13",
                    "node-pos": 289,
                    "expression-node": 183,
                    "template-line-number": 619
                },
                {
                    "name": "TotalTransportationLineItems",
                    "replacement-node": 185,
                    "part": "14",
                    "node-pos": 293,
                    "expression-node": 186,
                    "template-line-number": 627
                },
                {
                    "name": "TotalTransportationLineItems",
                    "replacement-node": 188,
                    "part": "15",
                    "node-pos": 297,
                    "expression-node": 189,
                    "template-line-number": 635
                },
                {
                    "name": "TotalTransportationLineItems",
                    "replacement-node": 191,
                    "part": "16",
                    "node-pos": 301,
                    "expression-node": 192,
                    "template-line-number": 643
                },
                {
                    "name": "TotalTransportationLineItems",
                    "replacement-node": 194,
                    "part": "17",
                    "node-pos": 305,
                    "expression-node": 195,
                    "template-line-number": 651
                },
                {
                    "name": "TotalTransportationLineItems",
                    "replacement-node": 152,
                    "part": "3",
                    "node-pos": 249,
                    "expression-node": 153,
                    "template-line-number": 539
                },
                {
                    "name": "TotalTransportationLineItems",
                    "replacement-node": 167,
                    "part": "3",
                    "node-pos": 269,
                    "expression-node": 168,
                    "template-line-number": 579
                },
                {
                    "name": "TotalTransportationLineItems",
                    "replacement-node": 155,
                    "part": "4",
                    "node-pos": 253,
                    "expression-node": 156,
                    "template-line-number": 547
                },
                {
                    "name": "TotalTransportationLineItems",
                    "replacement-node": 158,
                    "part": "5",
                    "node-pos": 257,
                    "expression-node": 159,
                    "template-line-number": 555
                },
                {
                    "name": "TotalTransportationLineItems",
                    "replacement-node": 161,
                    "part": "6",
                    "node-pos": 261,
                    "expression-node": 162,
                    "template-line-number": 563
                },
                {
                    "name": "TotalTransportationLineItems",
                    "replacement-node": 164,
                    "part": "7",
                    "node-pos": 265,
                    "expression-node": 165,
                    "template-line-number": 571
                },
                {
                    "name": "TotalTransportationLineItems",
                    "replacement-node": 170,
                    "part": "9",
                    "node-pos": 273,
                    "expression-node": 171,
                    "template-line-number": 587
                }
            ]
        },
        "rule-20": [
            {
                "node-pos": 566,
                "replacement-node": 359,
                "part": null,
                "template-line-number": 1218
            }
        ],
        "rule-7": [
            {
                "expression-node": 19,
                "replacement-node": 18,
                "part": null,
                "template-line-number": 67,
                "node-pos": 35
            }
        ],
        "rule-3": [
            {
                "node-pos": 17,
                "replacement-node": 6,
                "part": null,
                "template-line-number": 33
            }
        ],
        "rule-12": [
            {
                "node-pos": 58,
                "html": true,
                "replacement-node": 33,
                "part": null,
                "template-line-number": 103
            }
        ],
        "rule-26": {
            "name": "RevenuesLineItems",
            "subs": [
                {
                    "name": "RevenuesLineItems",
                    "replacement-node": 366,
                    "part": "1",
                    "node-pos": 592,
                    "extras": {},
                    "template-line-number": 1282
                },
                {
                    "name": "RevenuesLineItems",
                    "replacement-node": 389,
                    "part": "10",
                    "node-pos": 623,
                    "expression-node": 390,
                    "template-line-number": 1344
                },
                {
                    "name": "RevenuesLineItems",
                    "replacement-node": 392,
                    "part": "11",
                    "node-pos": 627,
                    "expression-node": 393,
                    "template-line-number": 1352
                },
                {
                    "name": "RevenuesLineItems",
                    "replacement-node": 395,
                    "part": "12",
                    "node-pos": 631,
                    "expression-node": 396,
                    "template-line-number": 1360
                },
                {
                    "name": "RevenuesLineItems",
                    "replacement-node": 398,
                    "part": "13",
                    "node-pos": 635,
                    "expression-node": 399,
                    "template-line-number": 1368
                },
                {
                    "name": "RevenuesLineItems",
                    "replacement-node": 401,
                    "part": "14",
                    "node-pos": 639,
                    "expression-node": 402,
                    "template-line-number": 1376
                },
                {
                    "name": "RevenuesLineItems",
                    "replacement-node": 404,
                    "part": "15",
                    "node-pos": 643,
                    "expression-node": 405,
                    "template-line-number": 1384
                },
                {
                    "name": "RevenuesLineItems",
                    "replacement-node": 407,
                    "part": "16",
                    "node-pos": 647,
                    "expression-node": 408,
                    "template-line-number": 1392
                },
                {
                    "name": "RevenuesLineItems",
                    "replacement-node": 410,
                    "part": "17",
                    "node-pos": 651,
                    "expression-node": 411,
                    "template-line-number": 1400
                },
                {
                    "name": "RevenuesLineItems",
                    "replacement-node": 368,
                    "part": "3",
                    "node-pos": 595,
                    "expression-node": 369,
                    "template-line-number": 1288
                },
                {
                    "name": "RevenuesLineItems",
                    "replacement-node": 383,
                    "part": "3",
                    "node-pos": 615,
                    "expression-node": 384,
                    "template-line-number": 1328
                },
                {
                    "name": "RevenuesLineItems",
                    "replacement-node": 371,
                    "part": "4",
                    "node-pos": 599,
                    "expression-node": 372,
                    "template-line-number": 1296
                },
                {
                    "name": "RevenuesLineItems",
                    "replacement-node": 374,
                    "part": "5",
                    "node-pos": 603,
                    "expression-node": 375,
                    "template-line-number": 1304
                },
                {
                    "name": "RevenuesLineItems",
                    "replacement-node": 377,
                    "part": "6",
                    "node-pos": 607,
                    "expression-node": 378,
                    "template-line-number": 1312
                },
                {
                    "name": "RevenuesLineItems",
                    "replacement-node": 380,
                    "part": "7",
                    "node-pos": 611,
                    "expression-node": 381,
                    "template-line-number": 1320
                },
                {
                    "name": "RevenuesLineItems",
                    "replacement-node": 386,
                    "part": "9",
                    "node-pos": 619,
                    "expression-node": 387,
                    "template-line-number": 1336
                }
            ]
        },
        "rule-6": [
            {
                "node-pos": 31,
                "replacement-node": 15,
                "part": null,
                "template-line-number": 62
            }
        ],
        "rule-1": [
            {
                "node-pos": 9,
                "replacement-node": 0,
                "part": null,
                "template-line-number": 21
            }
        ],
        "rule-15": [
            {
                "node-pos": 244,
                "replacement-node": 149,
                "part": null,
                "template-line-number": 526
            }
        ],
        "rule-8": [
            {
                "node-pos": 39,
                "replacement-node": 21,
                "part": null,
                "template-line-number": 72
            }
        ],
        "rule-27": {
            "name": "TotalStorageLineItems",
            "subs": [
                {
                    "name": "TotalStorageLineItems",
                    "replacement-node": 281,
                    "part": "10",
                    "node-pos": 441,
                    "expression-node": 282,
                    "template-line-number": 960
                },
                {
                    "name": "TotalStorageLineItems",
                    "replacement-node": 284,
                    "part": "11",
                    "node-pos": 445,
                    "expression-node": 285,
                    "template-line-number": 968
                },
                {
                    "name": "TotalStorageLineItems",
                    "replacement-node": 287,
                    "part": "12",
                    "node-pos": 449,
                    "expression-node": 288,
                    "template-line-number": 976
                },
                {
                    "name": "TotalStorageLineItems",
                    "replacement-node": 290,
                    "part": "13",
                    "node-pos": 453,
                    "expression-node": 291,
                    "template-line-number": 984
                },
                {
                    "name": "TotalStorageLineItems",
                    "replacement-node": 293,
                    "part": "14",
                    "node-pos": 457,
                    "expression-node": 294,
                    "template-line-number": 992
                },
                {
                    "name": "TotalStorageLineItems",
                    "replacement-node": 296,
                    "part": "15",
                    "node-pos": 461,
                    "expression-node": 297,
                    "template-line-number": 1000
                },
                {
                    "name": "TotalStorageLineItems",
                    "replacement-node": 299,
                    "part": "16",
                    "node-pos": 465,
                    "expression-node": 300,
                    "template-line-number": 1008
                },
                {
                    "name": "TotalStorageLineItems",
                    "replacement-node": 302,
                    "part": "17",
                    "node-pos": 469,
                    "expression-node": 303,
                    "template-line-number": 1016
                },
                {
                    "name": "TotalStorageLineItems",
                    "replacement-node": 260,
                    "part": "3",
                    "node-pos": 413,
                    "expression-node": 261,
                    "template-line-number": 904
                },
                {
                    "name": "TotalStorageLineItems",
                    "replacement-node": 275,
                    "part": "3",
                    "node-pos": 433,
                    "expression-node": 276,
                    "template-line-number": 944
                },
                {
                    "name": "TotalStorageLineItems",
                    "replacement-node": 263,
                    "part": "4",
                    "node-pos": 417,
                    "expression-node": 264,
                    "template-line-number": 912
                },
                {
                    "name": "TotalStorageLineItems",
                    "replacement-node": 266,
                    "part": "5",
                    "node-pos": 421,
                    "expression-node": 267,
                    "template-line-number": 920
                },
                {
                    "name": "TotalStorageLineItems",
                    "replacement-node": 269,
                    "part": "6",
                    "node-pos": 425,
                    "expression-node": 270,
                    "template-line-number": 928
                },
                {
                    "name": "TotalStorageLineItems",
                    "replacement-node": 272,
                    "part": "7",
                    "node-pos": 429,
                    "expression-node": 273,
                    "template-line-number": 936
                },
                {
                    "name": "TotalStorageLineItems",
                    "replacement-node": 278,
                    "part": "9",
                    "node-pos": 437,
                    "expression-node": 279,
                    "template-line-number": 952
                }
            ]
        },
        "rule-5": [
            {
                "node-pos": 26,
                "html": true,
                "replacement-node": 12,
                "part": null,
                "template-line-number": 51
            }
        ],
        "rule-4": [
            {
                "node-pos": 21,
                "html": true,
                "replacement-node": 9,
                "part": null,
                "template-line-number": 39
            }
        ],
        "rule-25": {
            "name": "SalesLineItems",
            "subs": [
                {
                    "name": "SalesLineItems",
                    "replacement-node": 68,
                    "part": "10",
                    "node-pos": 116,
                    "expression-node": 69,
                    "template-line-number": 235
                },
                {
                    "name": "SalesLineItems",
                    "replacement-node": 71,
                    "part": "11",
                    "node-pos": 120,
                    "expression-node": 72,
                    "template-line-number": 243
                },
                {
                    "name": "SalesLineItems",
                    "replacement-node": 74,
                    "part": "12",
                    "node-pos": 124,
                    "expression-node": 75,
                    "template-line-number": 251
                },
                {
                    "name": "SalesLineItems",
                    "replacement-node": 77,
                    "part": "13",
                    "node-pos": 128,
                    "expression-node": 78,
                    "template-line-number": 259
                },
                {
                    "name": "SalesLineItems",
                    "replacement-node": 80,
                    "part": "14",
                    "node-pos": 132,
                    "expression-node": 81,
                    "template-line-number": 267
                },
                {
                    "name": "SalesLineItems",
                    "replacement-node": 83,
                    "part": "15",
                    "node-pos": 136,
                    "expression-node": 84,
                    "template-line-number": 275
                },
                {
                    "name": "SalesLineItems",
                    "replacement-node": 86,
                    "part": "16",
                    "node-pos": 140,
                    "expression-node": 87,
                    "template-line-number": 283
                },
                {
                    "name": "SalesLineItems",
                    "replacement-node": 89,
                    "part": "17",
                    "node-pos": 144,
                    "expression-node": 90,
                    "template-line-number": 291
                },
                {
                    "name": "SalesLineItems",
                    "replacement-node": 47,
                    "part": "3",
                    "node-pos": 88,
                    "expression-node": 48,
                    "template-line-number": 179
                },
                {
                    "name": "SalesLineItems",
                    "replacement-node": 62,
                    "part": "3",
                    "node-pos": 108,
                    "expression-node": 63,
                    "template-line-number": 219
                },
                {
                    "name": "SalesLineItems",
                    "replacement-node": 50,
                    "part": "4",
                    "node-pos": 92,
                    "expression-node": 51,
                    "template-line-number": 187
                },
                {
                    "name": "SalesLineItems",
                    "replacement-node": 53,
                    "part": "5",
                    "node-pos": 96,
                    "expression-node": 54,
                    "template-line-number": 195
                },
                {
                    "name": "SalesLineItems",
                    "replacement-node": 56,
                    "part": "6",
                    "node-pos": 100,
                    "expression-node": 57,
                    "template-line-number": 203
                },
                {
                    "name": "SalesLineItems",
                    "replacement-node": 59,
                    "part": "7",
                    "node-pos": 104,
                    "expression-node": 60,
                    "template-line-number": 211
                },
                {
                    "name": "SalesLineItems",
                    "replacement-node": 65,
                    "part": "9",
                    "node-pos": 112,
                    "expression-node": 66,
                    "template-line-number": 227
                }
            ]
        },
        "rule-9": [
            {
                "expression-node": 25,
                "replacement-node": 24,
                "part": null,
                "template-line-number": 77,
                "node-pos": 43
            }
        ],
        "rule-10": [
            {
                "expression-node": 28,
                "replacement-node": 27,
                "part": null,
                "template-line-number": 82,
                "node-pos": 47
            }
        ],
        "rule-22": [
            {
                "node-pos": 661,
                "replacement-node": 416,
                "part": null,
                "template-line-number": 1415
            }
        ],
        "rule-14": [
            {
                "node-pos": 150,
                "replacement-node": 92,
                "part": null,
                "template-line-number": 300
            }
        ],
        "rule-24": {
            "name": "GatheringLineItems",
            "subs": [
                {
                    "name": "GatheringLineItems",
                    "replacement-node": 312,
                    "part": "1",
                    "node-pos": 501,
                    "extras": {},
                    "template-line-number": 1090
                },
                {
                    "name": "GatheringLineItems",
                    "replacement-node": 335,
                    "part": "10",
                    "node-pos": 532,
                    "expression-node": 336,
                    "template-line-number": 1152
                },
                {
                    "name": "GatheringLineItems",
                    "replacement-node": 338,
                    "part": "11",
                    "node-pos": 536,
                    "expression-node": 339,
                    "template-line-number": 1160
                },
                {
                    "name": "GatheringLineItems",
                    "replacement-node": 341,
                    "part": "12",
                    "node-pos": 540,
                    "expression-node": 342,
                    "template-line-number": 1168
                },
                {
                    "name": "GatheringLineItems",
                    "replacement-node": 344,
                    "part": "13",
                    "node-pos": 544,
                    "expression-node": 345,
                    "template-line-number": 1176
                },
                {
                    "name": "GatheringLineItems",
                    "replacement-node": 347,
                    "part": "14",
                    "node-pos": 548,
                    "expression-node": 348,
                    "template-line-number": 1184
                },
                {
                    "name": "GatheringLineItems",
                    "replacement-node": 350,
                    "part": "15",
                    "node-pos": 552,
                    "expression-node": 351,
                    "template-line-number": 1192
                },
                {
                    "name": "GatheringLineItems",
                    "replacement-node": 353,
                    "part": "16",
                    "node-pos": 556,
                    "expression-node": 354,
                    "template-line-number": 1200
                },
                {
                    "name": "GatheringLineItems",
                    "replacement-node": 356,
                    "part": "17",
                    "node-pos": 560,
                    "expression-node": 357,
                    "template-line-number": 1208
                },
                {
                    "name": "GatheringLineItems",
                    "replacement-node": 314,
                    "part": "3",
                    "node-pos": 504,
                    "expression-node": 315,
                    "template-line-number": 1096
                },
                {
                    "name": "GatheringLineItems",
                    "replacement-node": 329,
                    "part": "3",
                    "node-pos": 524,
                    "expression-node": 330,
                    "template-line-number": 1136
                },
                {
                    "name": "GatheringLineItems",
                    "replacement-node": 317,
                    "part": "4",
                    "node-pos": 508,
                    "expression-node": 318,
                    "template-line-number": 1104
                },
                {
                    "name": "GatheringLineItems",
                    "replacement-node": 320,
                    "part": "5",
                    "node-pos": 512,
                    "expression-node": 321,
                    "template-line-number": 1112
                },
                {
                    "name": "GatheringLineItems",
                    "replacement-node": 323,
                    "part": "6",
                    "node-pos": 516,
                    "expression-node": 324,
                    "template-line-number": 1120
                },
                {
                    "name": "GatheringLineItems",
                    "replacement-node": 326,
                    "part": "7",
                    "node-pos": 520,
                    "expression-node": 327,
                    "template-line-number": 1128
                },
                {
                    "name": "GatheringLineItems",
                    "replacement-node": 332,
                    "part": "9",
                    "node-pos": 528,
                    "expression-node": 333,
                    "template-line-number": 1144
                }
            ]
        },
        "rule-18": [
            {
                "node-pos": 408,
                "replacement-node": 257,
                "part": null,
                "template-line-number": 891
            }
        ]
    },
    "showifs": {}
}