{
    "line-numbers": {
        "StorageLineItems": [
            {
                "template-line-number": 767,
                "line-number-node": 204,
                "start-number": 65
            }
        ],
        "TransportationLineItems": [
            {
                "template-line-number": 402,
                "line-number-node": 96,
                "start-number": 3
            }
        ],
        "GatheringLineItems": [
            {
                "template-line-number": 1082,
                "line-number-node": 309,
                "start-number": 92
            }
        ],
        "RevenuesLineItems": [
            {
                "template-line-number": 1274,
                "line-number-node": 363,
                "start-number": 96
            }
        ]
    },
    "showifs": {},
    "substitutions": {
        "rule-30": {
            "name": "TotalTransportationLineItems",
            "subs": [
                {
                    "template-line-number": 595,
                    "node-pos": 277,
                    "expression-node": 174,
                    "part": "10",
                    "name": "TotalTransportationLineItems",
                    "replacement-node": 173
                },
                {
                    "template-line-number": 603,
                    "node-pos": 281,
                    "expression-node": 177,
                    "part": "11",
                    "name": "TotalTransportationLineItems",
                    "replacement-node": 176
                },
                {
                    "template-line-number": 611,
                    "node-pos": 285,
                    "expression-node": 180,
                    "part": "12",
                    "name": "TotalTransportationLineItems",
                    "replacement-node": 179
                },
                {
                    "template-line-number": 619,
                    "node-pos": 289,
                    "expression-node": 183,
                    "part": "13",
                    "name": "TotalTransportationLineItems",
                    "replacement-node": 182
                },
                {
                    "template-line-number": 627,
                    "node-pos": 293,
                    "expression-node": 186,
                    "part": "14",
                    "name": "TotalTransportationLineItems",
                    "replacement-node": 185
                },
                {
                    "template-line-number": 635,
                    "node-pos": 297,
                    "expression-node": 189,
                    "part": "15",
                    "name": "TotalTransportationLineItems",
                    "replacement-node": 188
                },
                {
                    "template-line-number": 643,
                    "node-pos": 301,
                    "expression-node": 192,
                    "part": "16",
                    "name": "TotalTransportationLineItems",
                    "replacement-node": 191
                },
                {
                    "template-line-number": 651,
                    "node-pos": 305,
                    "expression-node": 195,
                    "part": "17",
                    "name": "TotalTransportationLineItems",
                    "replacement-node": 194
                },
                {
                    "template-line-number": 539,
                    "node-pos": 249,
                    "expression-node": 153,
                    "part": "3",
                    "name": "TotalTransportationLineItems",
                    "replacement-node": 152
                },
                {
                    "template-line-number": 579,
                    "node-pos": 269,
                    "expression-node": 168,
                    "part": "3",
                    "name": "TotalTransportationLineItems",
                    "replacement-node": 167
                },
                {
                    "template-line-number": 547,
                    "node-pos": 253,
                    "expression-node": 156,
                    "part": "4",
                    "name": "TotalTransportationLineItems",
                    "replacement-node": 155
                },
                {
                    "template-line-number": 555,
                    "node-pos": 257,
                    "expression-node": 159,
                    "part": "5",
                    "name": "TotalTransportationLineItems",
                    "replacement-node": 158
                },
                {
                    "template-line-number": 563,
                    "node-pos": 261,
                    "expression-node": 162,
                    "part": "6",
                    "name": "TotalTransportationLineItems",
                    "replacement-node": 161
                },
                {
                    "template-line-number": 571,
                    "node-pos": 265,
                    "expression-node": 165,
                    "part": "7",
                    "name": "TotalTransportationLineItems",
                    "replacement-node": 164
                },
                {
                    "template-line-number": 587,
                    "node-pos": 273,
                    "expression-node": 171,
                    "part": "9",
                    "name": "TotalTransportationLineItems",
                    "replacement-node": 170
                }
            ]
        },
        "rule-24": {
            "name": "RDHeadings",
            "subs": [
                {
                    "template-line-number": 132,
                    "extras": {},
                    "node-pos": 72,
                    "part": "1",
                    "name": "RDHeadings",
                    "replacement-node": 37
                },
                {
                    "template-line-number": 139,
                    "extras": {},
                    "node-pos": 76,
                    "part": "2",
                    "name": "RDHeadings",
                    "replacement-node": 40
                }
            ]
        },
        "rule-7": [
            {
                "part": null,
                "template-line-number": 67,
                "replacement-node": 18,
                "node-pos": 35,
                "expression-node": 19
            }
        ],
        "rule-25": {
            "name": "GatheringLineItems",
            "subs": [
                {
                    "template-line-number": 1090,
                    "extras": {},
                    "node-pos": 501,
                    "part": "1",
                    "name": "GatheringLineItems",
                    "replacement-node": 312
                },
                {
                    "template-line-number": 1152,
                    "node-pos": 532,
                    "expression-node": 336,
                    "part": "10",
                    "name": "GatheringLineItems",
                    "replacement-node": 335
                },
                {
                    "template-line-number": 1160,
                    "node-pos": 536,
                    "expression-node": 339,
                    "part": "11",
                    "name": "GatheringLineItems",
                    "replacement-node": 338
                },
                {
                    "template-line-number": 1168,
                    "node-pos": 540,
                    "expression-node": 342,
                    "part": "12",
                    "name": "GatheringLineItems",
                    "replacement-node": 341
                },
                {
                    "template-line-number": 1176,
                    "node-pos": 544,
                    "expression-node": 345,
                    "part": "13",
                    "name": "GatheringLineItems",
                    "replacement-node": 344
                },
                {
                    "template-line-number": 1184,
                    "node-pos": 548,
                    "expression-node": 348,
                    "part": "14",
                    "name": "GatheringLineItems",
                    "replacement-node": 347
                },
                {
                    "template-line-number": 1192,
                    "node-pos": 552,
                    "expression-node": 351,
                    "part": "15",
                    "name": "GatheringLineItems",
                    "replacement-node": 350
                },
                {
                    "template-line-number": 1200,
                    "node-pos": 556,
                    "expression-node": 354,
                    "part": "16",
                    "name": "GatheringLineItems",
                    "replacement-node": 353
                },
                {
                    "template-line-number": 1208,
                    "node-pos": 560,
                    "expression-node": 357,
                    "part": "17",
                    "name": "GatheringLineItems",
                    "replacement-node": 356
                },
                {
                    "template-line-number": 1096,
                    "node-pos": 504,
                    "expression-node": 315,
                    "part": "3",
                    "name": "GatheringLineItems",
                    "replacement-node": 314
                },
                {
                    "template-line-number": 1136,
                    "node-pos": 524,
                    "expression-node": 330,
                    "part": "3",
                    "name": "GatheringLineItems",
                    "replacement-node": 329
                },
                {
                    "template-line-number": 1104,
                    "node-pos": 508,
                    "expression-node": 318,
                    "part": "4",
                    "name": "GatheringLineItems",
                    "replacement-node": 317
                },
                {
                    "template-line-number": 1112,
                    "node-pos": 512,
                    "expression-node": 321,
                    "part": "5",
                    "name": "GatheringLineItems",
                    "replacement-node": 320
                },
                {
                    "template-line-number": 1120,
                    "node-pos": 516,
                    "expression-node": 324,
                    "part": "6",
                    "name": "GatheringLineItems",
                    "replacement-node": 323
                },
                {
                    "template-line-number": 1128,
                    "node-pos": 520,
                    "expression-node": 327,
                    "part": "7",
                    "name": "GatheringLineItems",
                    "replacement-node": 326
                },
                {
                    "template-line-number": 1144,
                    "node-pos": 528,
                    "expression-node": 333,
                    "part": "9",
                    "name": "GatheringLineItems",
                    "replacement-node": 332
                }
            ]
        },
        "rule-2": [
            {
                "part": null,
                "template-line-number": 27,
                "replacement-node": 3,
                "node-pos": 13,
                "expression-node": 4
            }
        ],
        "rule-31": {
            "name": "SalesLineItems",
            "subs": [
                {
                    "template-line-number": 235,
                    "node-pos": 116,
                    "expression-node": 69,
                    "part": "10",
                    "name": "SalesLineItems",
                    "replacement-node": 68
                },
                {
                    "template-line-number": 243,
                    "node-pos": 120,
                    "expression-node": 72,
                    "part": "11",
                    "name": "SalesLineItems",
                    "replacement-node": 71
                },
                {
                    "template-line-number": 251,
                    "node-pos": 124,
                    "expression-node": 75,
                    "part": "12",
                    "name": "SalesLineItems",
                    "replacement-node": 74
                },
                {
                    "template-line-number": 259,
                    "node-pos": 128,
                    "expression-node": 78,
                    "part": "13",
                    "name": "SalesLineItems",
                    "replacement-node": 77
                },
                {
                    "template-line-number": 267,
                    "node-pos": 132,
                    "expression-node": 81,
                    "part": "14",
                    "name": "SalesLineItems",
                    "replacement-node": 80
                },
                {
                    "template-line-number": 275,
                    "node-pos": 136,
                    "expression-node": 84,
                    "part": "15",
                    "name": "SalesLineItems",
                    "replacement-node": 83
                },
                {
                    "template-line-number": 283,
                    "node-pos": 140,
                    "expression-node": 87,
                    "part": "16",
                    "name": "SalesLineItems",
                    "replacement-node": 86
                },
                {
                    "template-line-number": 291,
                    "node-pos": 144,
                    "expression-node": 90,
                    "part": "17",
                    "name": "SalesLineItems",
                    "replacement-node": 89
                },
                {
                    "template-line-number": 179,
                    "node-pos": 88,
                    "expression-node": 48,
                    "part": "3",
                    "name": "SalesLineItems",
                    "replacement-node": 47
                },
                {
                    "template-line-number": 219,
                    "node-pos": 108,
                    "expression-node": 63,
                    "part": "3",
                    "name": "SalesLineItems",
                    "replacement-node": 62
                },
                {
                    "template-line-number": 187,
                    "node-pos": 92,
                    "expression-node": 51,
                    "part": "4",
                    "name": "SalesLineItems",
                    "replacement-node": 50
                },
                {
                    "template-line-number": 195,
                    "node-pos": 96,
                    "expression-node": 54,
                    "part": "5",
                    "name": "SalesLineItems",
                    "replacement-node": 53
                },
                {
                    "template-line-number": 203,
                    "node-pos": 100,
                    "expression-node": 57,
                    "part": "6",
                    "name": "SalesLineItems",
                    "replacement-node": 56
                },
                {
                    "template-line-number": 211,
                    "node-pos": 104,
                    "expression-node": 60,
                    "part": "7",
                    "name": "SalesLineItems",
                    "replacement-node": 59
                },
                {
                    "template-line-number": 227,
                    "node-pos": 112,
                    "expression-node": 66,
                    "part": "9",
                    "name": "SalesLineItems",
                    "replacement-node": 65
                }
            ]
        },
        "rule-1": [
            {
                "part": null,
                "template-line-number": 21,
                "replacement-node": 0,
                "node-pos": 9
            }
        ],
        "rule-8": [
            {
                "part": null,
                "template-line-number": 72,
                "replacement-node": 21,
                "node-pos": 39
            }
        ],
        "rule-23": [
            {
                "part": null,
                "template-line-number": 1424,
                "replacement-node": 419,
                "node-pos": 665
            }
        ],
        "rule-17": [
            {
                "part": null,
                "template-line-number": 664,
                "replacement-node": 200,
                "node-pos": 314
            }
        ],
        "rule-19": [
            {
                "part": null,
                "template-line-number": 1026,
                "replacement-node": 305,
                "node-pos": 475
            }
        ],
        "rule-11": [
            {
                "part": null,
                "template-line-number": 92,
                "replacement-node": 30,
                "node-pos": 53
            }
        ],
        "rule-12": [
            {
                "part": null,
                "template-line-number": 103,
                "html": true,
                "replacement-node": 33,
                "node-pos": 58
            }
        ],
        "rule-28": {
            "name": "RevenuesLineItems",
            "subs": [
                {
                    "template-line-number": 1282,
                    "extras": {},
                    "node-pos": 592,
                    "part": "1",
                    "name": "RevenuesLineItems",
                    "replacement-node": 366
                },
                {
                    "template-line-number": 1344,
                    "node-pos": 623,
                    "expression-node": 390,
                    "part": "10",
                    "name": "RevenuesLineItems",
                    "replacement-node": 389
                },
                {
                    "template-line-number": 1352,
                    "node-pos": 627,
                    "expression-node": 393,
                    "part": "11",
                    "name": "RevenuesLineItems",
                    "replacement-node": 392
                },
                {
                    "template-line-number": 1360,
                    "node-pos": 631,
                    "expression-node": 396,
                    "part": "12",
                    "name": "RevenuesLineItems",
                    "replacement-node": 395
                },
                {
                    "template-line-number": 1368,
                    "node-pos": 635,
                    "expression-node": 399,
                    "part": "13",
                    "name": "RevenuesLineItems",
                    "replacement-node": 398
                },
                {
                    "template-line-number": 1376,
                    "node-pos": 639,
                    "expression-node": 402,
                    "part": "14",
                    "name": "RevenuesLineItems",
                    "replacement-node": 401
                },
                {
                    "template-line-number": 1384,
                    "node-pos": 643,
                    "expression-node": 405,
                    "part": "15",
                    "name": "RevenuesLineItems",
                    "replacement-node": 404
                },
                {
                    "template-line-number": 1392,
                    "node-pos": 647,
                    "expression-node": 408,
                    "part": "16",
                    "name": "RevenuesLineItems",
                    "replacement-node": 407
                },
                {
                    "template-line-number": 1400,
                    "node-pos": 651,
                    "expression-node": 411,
                    "part": "17",
                    "name": "RevenuesLineItems",
                    "replacement-node": 410
                },
                {
                    "template-line-number": 1288,
                    "node-pos": 595,
                    "expression-node": 369,
                    "part": "3",
                    "name": "RevenuesLineItems",
                    "replacement-node": 368
                },
                {
                    "template-line-number": 1328,
                    "node-pos": 615,
                    "expression-node": 384,
                    "part": "3",
                    "name": "RevenuesLineItems",
                    "replacement-node": 383
                },
                {
                    "template-line-number": 1296,
                    "node-pos": 599,
                    "expression-node": 372,
                    "part": "4",
                    "name": "RevenuesLineItems",
                    "replacement-node": 371
                },
                {
                    "template-line-number": 1304,
                    "node-pos": 603,
                    "expression-node": 375,
                    "part": "5",
                    "name": "RevenuesLineItems",
                    "replacement-node": 374
                },
                {
                    "template-line-number": 1312,
                    "node-pos": 607,
                    "expression-node": 378,
                    "part": "6",
                    "name": "RevenuesLineItems",
                    "replacement-node": 377
                },
                {
                    "template-line-number": 1320,
                    "node-pos": 611,
                    "expression-node": 381,
                    "part": "7",
                    "name": "RevenuesLineItems",
                    "replacement-node": 380
                },
                {
                    "template-line-number": 1336,
                    "node-pos": 619,
                    "expression-node": 387,
                    "part": "9",
                    "name": "RevenuesLineItems",
                    "replacement-node": 386
                }
            ]
        },
        "rule-4": [
            {
                "part": null,
                "template-line-number": 39,
                "html": true,
                "replacement-node": 9,
                "node-pos": 21
            }
        ],
        "rule-27": {
            "name": "TotalStorageLineItems",
            "subs": [
                {
                    "template-line-number": 960,
                    "node-pos": 441,
                    "expression-node": 282,
                    "part": "10",
                    "name": "TotalStorageLineItems",
                    "replacement-node": 281
                },
                {
                    "template-line-number": 968,
                    "node-pos": 445,
                    "expression-node": 285,
                    "part": "11",
                    "name": "TotalStorageLineItems",
                    "replacement-node": 284
                },
                {
                    "template-line-number": 976,
                    "node-pos": 449,
                    "expression-node": 288,
                    "part": "12",
                    "name": "TotalStorageLineItems",
                    "replacement-node": 287
                },
                {
                    "template-line-number": 984,
                    "node-pos": 453,
                    "expression-node": 291,
                    "part": "13",
                    "name": "TotalStorageLineItems",
                    "replacement-node": 290
                },
                {
                    "template-line-number": 992,
                    "node-pos": 457,
                    "expression-node": 294,
                    "part": "14",
                    "name": "TotalStorageLineItems",
                    "replacement-node": 293
                },
                {
                    "template-line-number": 1000,
                    "node-pos": 461,
                    "expression-node": 297,
                    "part": "15",
                    "name": "TotalStorageLineItems",
                    "replacement-node": 296
                },
                {
                    "template-line-number": 1008,
                    "node-pos": 465,
                    "expression-node": 300,
                    "part": "16",
                    "name": "TotalStorageLineItems",
                    "replacement-node": 299
                },
                {
                    "template-line-number": 1016,
                    "node-pos": 469,
                    "expression-node": 303,
                    "part": "17",
                    "name": "TotalStorageLineItems",
                    "replacement-node": 302
                },
                {
                    "template-line-number": 904,
                    "node-pos": 413,
                    "expression-node": 261,
                    "part": "3",
                    "name": "TotalStorageLineItems",
                    "replacement-node": 260
                },
                {
                    "template-line-number": 944,
                    "node-pos": 433,
                    "expression-node": 276,
                    "part": "3",
                    "name": "TotalStorageLineItems",
                    "replacement-node": 275
                },
                {
                    "template-line-number": 912,
                    "node-pos": 417,
                    "expression-node": 264,
                    "part": "4",
                    "name": "TotalStorageLineItems",
                    "replacement-node": 263
                },
                {
                    "template-line-number": 920,
                    "node-pos": 421,
                    "expression-node": 267,
                    "part": "5",
                    "name": "TotalStorageLineItems",
                    "replacement-node": 266
                },
                {
                    "template-line-number": 928,
                    "node-pos": 425,
                    "expression-node": 270,
                    "part": "6",
                    "name": "TotalStorageLineItems",
                    "replacement-node": 269
                },
                {
                    "template-line-number": 936,
                    "node-pos": 429,
                    "expression-node": 273,
                    "part": "7",
                    "name": "TotalStorageLineItems",
                    "replacement-node": 272
                },
                {
                    "template-line-number": 952,
                    "node-pos": 437,
                    "expression-node": 279,
                    "part": "9",
                    "name": "TotalStorageLineItems",
                    "replacement-node": 278
                }
            ]
        },
        "rule-22": [
            {
                "part": null,
                "template-line-number": 1415,
                "replacement-node": 416,
                "node-pos": 661
            }
        ],
        "rule-14": [
            {
                "part": null,
                "template-line-number": 300,
                "replacement-node": 92,
                "node-pos": 150
            }
        ],
        "rule-3": [
            {
                "part": null,
                "template-line-number": 33,
                "replacement-node": 6,
                "node-pos": 17
            }
        ],
        "rule-16": [
            {
                "part": null,
                "template-line-number": 659,
                "replacement-node": 197,
                "node-pos": 310
            }
        ],
        "rule-6": [
            {
                "part": null,
                "template-line-number": 62,
                "replacement-node": 15,
                "node-pos": 31
            }
        ],
        "rule-21": [
            {
                "part": null,
                "template-line-number": 1410,
                "replacement-node": 413,
                "node-pos": 657,
                "expression-node": 414
            }
        ],
        "rule-13": [
            {
                "part": null,
                "template-line-number": 166,
                "replacement-node": 44,
                "node-pos": 83
            }
        ],
        "rule-20": [
            {
                "part": null,
                "template-line-number": 1218,
                "replacement-node": 359,
                "node-pos": 566
            }
        ],
        "rule-29": {
            "name": "StorageLineItems",
            "subs": [
                {
                    "template-line-number": 822,
                    "node-pos": 373,
                    "expression-node": 233,
                    "part": "10",
                    "name": "StorageLineItems",
                    "replacement-node": 232
                },
                {
                    "template-line-number": 828,
                    "node-pos": 377,
                    "expression-node": 236,
                    "part": "11",
                    "name": "StorageLineItems",
                    "replacement-node": 235
                },
                {
                    "template-line-number": 834,
                    "node-pos": 381,
                    "expression-node": 239,
                    "part": "12",
                    "name": "StorageLineItems",
                    "replacement-node": 238
                },
                {
                    "template-line-number": 840,
                    "node-pos": 385,
                    "expression-node": 242,
                    "part": "13",
                    "name": "StorageLineItems",
                    "replacement-node": 241
                },
                {
                    "template-line-number": 846,
                    "node-pos": 389,
                    "expression-node": 245,
                    "part": "14",
                    "name": "StorageLineItems",
                    "replacement-node": 244
                },
                {
                    "template-line-number": 852,
                    "node-pos": 393,
                    "expression-node": 248,
                    "part": "15",
                    "name": "StorageLineItems",
                    "replacement-node": 247
                },
                {
                    "template-line-number": 858,
                    "node-pos": 397,
                    "expression-node": 251,
                    "part": "16",
                    "name": "StorageLineItems",
                    "replacement-node": 250
                },
                {
                    "template-line-number": 864,
                    "node-pos": 401,
                    "expression-node": 254,
                    "part": "17",
                    "name": "StorageLineItems",
                    "replacement-node": 253
                },
                {
                    "template-line-number": 772,
                    "node-pos": 340,
                    "expression-node": 208,
                    "part": "2",
                    "name": "StorageLineItems",
                    "replacement-node": 207
                },
                {
                    "template-line-number": 780,
                    "node-pos": 345,
                    "expression-node": 212,
                    "part": "3",
                    "name": "StorageLineItems",
                    "replacement-node": 211
                },
                {
                    "template-line-number": 786,
                    "node-pos": 349,
                    "expression-node": 215,
                    "part": "4",
                    "name": "StorageLineItems",
                    "replacement-node": 214
                },
                {
                    "template-line-number": 792,
                    "node-pos": 353,
                    "expression-node": 218,
                    "part": "5",
                    "name": "StorageLineItems",
                    "replacement-node": 217
                },
                {
                    "template-line-number": 798,
                    "node-pos": 357,
                    "expression-node": 221,
                    "part": "6",
                    "name": "StorageLineItems",
                    "replacement-node": 220
                },
                {
                    "template-line-number": 804,
                    "node-pos": 361,
                    "expression-node": 224,
                    "part": "7",
                    "name": "StorageLineItems",
                    "replacement-node": 223
                },
                {
                    "template-line-number": 810,
                    "node-pos": 365,
                    "expression-node": 227,
                    "part": "8",
                    "name": "StorageLineItems",
                    "replacement-node": 226
                },
                {
                    "template-line-number": 816,
                    "node-pos": 369,
                    "expression-node": 230,
                    "part": "9",
                    "name": "StorageLineItems",
                    "replacement-node": 229
                }
            ]
        },
        "rule-15": [
            {
                "part": null,
                "template-line-number": 526,
                "replacement-node": 149,
                "node-pos": 244
            }
        ],
        "rule-26": {
            "name": "TransportationLineItems",
            "subs": [
                {
                    "template-line-number": 457,
                    "node-pos": 209,
                    "expression-node": 125,
                    "part": "10",
                    "name": "TransportationLineItems",
                    "replacement-node": 124
                },
                {
                    "template-line-number": 463,
                    "node-pos": 213,
                    "expression-node": 128,
                    "part": "11",
                    "name": "TransportationLineItems",
                    "replacement-node": 127
                },
                {
                    "template-line-number": 469,
                    "node-pos": 217,
                    "expression-node": 131,
                    "part": "12",
                    "name": "TransportationLineItems",
                    "replacement-node": 130
                },
                {
                    "template-line-number": 475,
                    "node-pos": 221,
                    "expression-node": 134,
                    "part": "13",
                    "name": "TransportationLineItems",
                    "replacement-node": 133
                },
                {
                    "template-line-number": 481,
                    "node-pos": 225,
                    "expression-node": 137,
                    "part": "14",
                    "name": "TransportationLineItems",
                    "replacement-node": 136
                },
                {
                    "template-line-number": 487,
                    "node-pos": 229,
                    "expression-node": 140,
                    "part": "15",
                    "name": "TransportationLineItems",
                    "replacement-node": 139
                },
                {
                    "template-line-number": 493,
                    "node-pos": 233,
                    "expression-node": 143,
                    "part": "16",
                    "name": "TransportationLineItems",
                    "replacement-node": 142
                },
                {
                    "template-line-number": 499,
                    "node-pos": 237,
                    "expression-node": 146,
                    "part": "17",
                    "name": "TransportationLineItems",
                    "replacement-node": 145
                },
                {
                    "template-line-number": 407,
                    "node-pos": 176,
                    "expression-node": 100,
                    "part": "2",
                    "name": "TransportationLineItems",
                    "replacement-node": 99
                },
                {
                    "template-line-number": 415,
                    "node-pos": 181,
                    "expression-node": 104,
                    "part": "3",
                    "name": "TransportationLineItems",
                    "replacement-node": 103
                },
                {
                    "template-line-number": 421,
                    "node-pos": 185,
                    "expression-node": 107,
                    "part": "4",
                    "name": "TransportationLineItems",
                    "replacement-node": 106
                },
                {
                    "template-line-number": 427,
                    "node-pos": 189,
                    "expression-node": 110,
                    "part": "5",
                    "name": "TransportationLineItems",
                    "replacement-node": 109
                },
                {
                    "template-line-number": 433,
                    "node-pos": 193,
                    "expression-node": 113,
                    "part": "6",
                    "name": "TransportationLineItems",
                    "replacement-node": 112
                },
                {
                    "template-line-number": 439,
                    "node-pos": 197,
                    "expression-node": 116,
                    "part": "7",
                    "name": "TransportationLineItems",
                    "replacement-node": 115
                },
                {
                    "template-line-number": 445,
                    "node-pos": 201,
                    "expression-node": 119,
                    "part": "8",
                    "name": "TransportationLineItems",
                    "replacement-node": 118
                },
                {
                    "template-line-number": 451,
                    "node-pos": 205,
                    "expression-node": 122,
                    "part": "9",
                    "name": "TransportationLineItems",
                    "replacement-node": 121
                }
            ]
        },
        "rule-9": [
            {
                "part": null,
                "template-line-number": 77,
                "replacement-node": 24,
                "node-pos": 43,
                "expression-node": 25
            }
        ],
        "rule-18": [
            {
                "part": null,
                "template-line-number": 891,
                "replacement-node": 257,
                "node-pos": 408
            }
        ],
        "rule-10": [
            {
                "part": null,
                "template-line-number": 82,
                "replacement-node": 27,
                "node-pos": 47,
                "expression-node": 28
            }
        ],
        "rule-5": [
            {
                "part": null,
                "template-line-number": 51,
                "html": true,
                "replacement-node": 12,
                "node-pos": 26
            }
        ]
    }
}