{
    "showifs": {
        "rule-1": {
            "template-line-number": 17,
            "type": "showif"
        }
    },
    "substitutions": {
        "rule-18": {
            "subs": [
                {
                    "replacement-node": 38,
                    "node-pos": 70,
                    "extras": {},
                    "name": "NaturalGasHeadings",
                    "template-line-number": 134,
                    "part": "1"
                },
                {
                    "replacement-node": 41,
                    "node-pos": 74,
                    "extras": {},
                    "name": "NaturalGasHeadings",
                    "template-line-number": 141,
                    "part": "2"
                }
            ],
            "name": "NaturalGasHeadings"
        },
        "rule-16": [
            {
                "template-line-number": 248,
                "replacement-node": 63,
                "node-pos": 108,
                "part": null
            }
        ],
        "rule-4": [
            {
                "template-line-number": 38,
                "replacement-node": 7,
                "node-pos": 18,
                "part": null
            }
        ],
        "rule-3": [
            {
                "node-pos": 14,
                "expression-node": 5,
                "replacement-node": 4,
                "template-line-number": 32,
                "part": null
            }
        ],
        "rule-5": [
            {
                "html": true,
                "template-line-number": 44,
                "replacement-node": 10,
                "node-pos": 22,
                "part": null
            }
        ],
        "rule-17": {
            "subs": [
                {
                    "replacement-node": 50,
                    "node-pos": 88,
                    "extras": {},
                    "name": "NaturalGasLineItems",
                    "template-line-number": 208,
                    "part": "1"
                },
                {
                    "replacement-node": 48,
                    "node-pos": 86,
                    "extras": {},
                    "name": "NaturalGasLineItems",
                    "template-line-number": 204,
                    "part": "2"
                },
                {
                    "expression-node": 53,
                    "replacement-node": 52,
                    "node-pos": 91,
                    "template-line-number": 216,
                    "name": "NaturalGasLineItems",
                    "part": "2"
                },
                {
                    "expression-node": 55,
                    "replacement-node": 54,
                    "node-pos": 94,
                    "template-line-number": 223,
                    "name": "NaturalGasLineItems",
                    "part": "3"
                }
            ],
            "name": "NaturalGasLineItems"
        },
        "rule-6": [
            {
                "html": true,
                "template-line-number": 56,
                "replacement-node": 13,
                "node-pos": 27,
                "part": null
            }
        ],
        "rule-9": [
            {
                "template-line-number": 77,
                "replacement-node": 22,
                "node-pos": 40,
                "part": null
            }
        ],
        "rule-12": [
            {
                "template-line-number": 97,
                "replacement-node": 31,
                "node-pos": 54,
                "part": null
            }
        ],
        "rule-15": [
            {
                "template-line-number": 239,
                "replacement-node": 60,
                "node-pos": 104,
                "part": null
            }
        ],
        "rule-10": [
            {
                "node-pos": 44,
                "expression-node": 26,
                "replacement-node": 25,
                "template-line-number": 82,
                "part": null
            }
        ],
        "rule-11": [
            {
                "node-pos": 48,
                "expression-node": 29,
                "replacement-node": 28,
                "template-line-number": 87,
                "part": null
            }
        ],
        "rule-13": [
            {
                "html": true,
                "template-line-number": 108,
                "replacement-node": 34,
                "node-pos": 59,
                "part": null
            }
        ],
        "rule-8": [
            {
                "node-pos": 36,
                "expression-node": 20,
                "replacement-node": 19,
                "template-line-number": 72,
                "part": null
            }
        ],
        "rule-2": [
            {
                "template-line-number": 27,
                "replacement-node": 1,
                "node-pos": 10,
                "part": null
            }
        ],
        "rule-7": [
            {
                "template-line-number": 67,
                "replacement-node": 16,
                "node-pos": 32,
                "part": null
            }
        ],
        "rule-14": [
            {
                "node-pos": 100,
                "expression-node": 58,
                "replacement-node": 57,
                "template-line-number": 234,
                "part": null
            }
        ]
    },
    "line-numbers": {
        "NaturalGasLineItems": [
            {
                "line-number-node": 45,
                "template-line-number": 194,
                "start-number": 1
            }
        ]
    }
}