{
    "substitutions": {
        "rule-13": [
            {
                "html": true,
                "template-line-number": 105,
                "part": null,
                "replacement-node": 34,
                "node-pos": 59
            }
        ],
        "rule-7": [
            {
                "template-line-number": 66,
                "part": null,
                "replacement-node": 16,
                "node-pos": 32
            }
        ],
        "rule-20": {
            "subs": [
                {
                    "template-line-number": 128,
                    "name": "OtherGasRevenuesHeadings",
                    "extras": {},
                    "part": "1",
                    "replacement-node": 38,
                    "node-pos": 68
                },
                {
                    "template-line-number": 135,
                    "name": "OtherGasRevenuesHeadings",
                    "extras": {},
                    "part": "2",
                    "replacement-node": 41,
                    "node-pos": 72
                }
            ],
            "name": "OtherGasRevenuesHeadings"
        },
        "rule-18": [
            {
                "template-line-number": 299,
                "part": null,
                "replacement-node": 78,
                "node-pos": 133
            }
        ],
        "rule-22": {
            "subs": [
                {
                    "template-line-number": 252,
                    "expression-node": 64,
                    "name": "OtherGasRevenues",
                    "part": "2",
                    "replacement-node": 63,
                    "node-pos": 108
                },
                {
                    "template-line-number": 257,
                    "expression-node": 67,
                    "name": "OtherGasRevenues",
                    "part": "3",
                    "replacement-node": 66,
                    "node-pos": 112
                }
            ],
            "name": "OtherGasRevenues"
        },
        "rule-9": [
            {
                "template-line-number": 75,
                "part": null,
                "replacement-node": 22,
                "node-pos": 40
            }
        ],
        "rule-4": [
            {
                "template-line-number": 37,
                "part": null,
                "replacement-node": 7,
                "node-pos": 18
            }
        ],
        "rule-15": [
            {
                "template-line-number": 269,
                "part": null,
                "replacement-node": 69,
                "node-pos": 118
            }
        ],
        "rule-6": [
            {
                "html": true,
                "template-line-number": 55,
                "part": null,
                "replacement-node": 13,
                "node-pos": 27
            }
        ],
        "rule-10": [
            {
                "template-line-number": 79,
                "expression-node": 26,
                "part": null,
                "replacement-node": 25,
                "node-pos": 44
            }
        ],
        "rule-21": {
            "subs": [
                {
                    "template-line-number": 175,
                    "name": "OtherGasRevenuesLineItems",
                    "extras": {},
                    "part": "2",
                    "replacement-node": 47,
                    "node-pos": 83
                },
                {
                    "template-line-number": 179,
                    "name": "OtherGasRevenuesLineItems",
                    "extras": {},
                    "part": "3",
                    "replacement-node": 49,
                    "node-pos": 85
                },
                {
                    "template-line-number": 187,
                    "expression-node": 54,
                    "name": "OtherGasRevenuesLineItems",
                    "part": "4",
                    "replacement-node": 53,
                    "node-pos": 90
                }
            ],
            "name": "OtherGasRevenuesLineItems"
        },
        "rule-17": [
            {
                "template-line-number": 294,
                "expression-node": 76,
                "part": null,
                "replacement-node": 75,
                "node-pos": 129
            }
        ],
        "rule-14": [
            {
                "template-line-number": 198,
                "part": null,
                "replacement-node": 56,
                "node-pos": 96
            }
        ],
        "rule-19": [
            {
                "template-line-number": 308,
                "part": null,
                "replacement-node": 81,
                "node-pos": 137
            }
        ],
        "rule-12": [
            {
                "template-line-number": 94,
                "part": null,
                "replacement-node": 31,
                "node-pos": 54
            }
        ],
        "rule-3": [
            {
                "template-line-number": 31,
                "expression-node": 5,
                "part": null,
                "replacement-node": 4,
                "node-pos": 14
            }
        ],
        "rule-16": [
            {
                "template-line-number": 281,
                "expression-node": 73,
                "part": null,
                "replacement-node": 72,
                "node-pos": 123
            }
        ],
        "rule-5": [
            {
                "html": true,
                "template-line-number": 43,
                "part": null,
                "replacement-node": 10,
                "node-pos": 22
            }
        ],
        "rule-8": [
            {
                "template-line-number": 70,
                "expression-node": 20,
                "part": null,
                "replacement-node": 19,
                "node-pos": 36
            }
        ],
        "rule-2": [
            {
                "template-line-number": 27,
                "part": null,
                "replacement-node": 1,
                "node-pos": 10
            }
        ],
        "rule-11": [
            {
                "template-line-number": 84,
                "expression-node": 29,
                "part": null,
                "replacement-node": 28,
                "node-pos": 48
            }
        ]
    },
    "showifs": {
        "rule-1": {
            "template-line-number": 17,
            "type": "showif"
        }
    },
    "line-numbers": {
        "OtherGasRevenuesLineItems": [
            {
                "line-number-node": 45,
                "start-number": 1,
                "template-line-number": 168
            }
        ],
        "OtherGasRevenues": [
            {
                "line-number-node": 60,
                "start-number": 12,
                "template-line-number": 248
            }
        ]
    }
}