{
    "substitutions": {
        "rule-16": {
            "name": "MTSPeakLoadLineItems",
            "subs": [
                {
                    "name": "MTSPeakLoadLineItems",
                    "node-pos": 121,
                    "expression-node": 77,
                    "template-line-number": 264,
                    "replacement-node": 76,
                    "part": "10"
                },
                {
                    "name": "MTSPeakLoadLineItems",
                    "node-pos": 126,
                    "expression-node": 81,
                    "template-line-number": 271,
                    "replacement-node": 80,
                    "part": "11"
                },
                {
                    "name": "MTSPeakLoadLineItems",
                    "node-pos": 131,
                    "expression-node": 85,
                    "template-line-number": 278,
                    "replacement-node": 84,
                    "part": "12"
                },
                {
                    "extras": {},
                    "name": "MTSPeakLoadLineItems",
                    "node-pos": 86,
                    "template-line-number": 212,
                    "replacement-node": 48,
                    "part": "2"
                },
                {
                    "extras": {},
                    "name": "MTSPeakLoadLineItems",
                    "node-pos": 81,
                    "template-line-number": 205,
                    "replacement-node": 44,
                    "part": "3"
                },
                {
                    "name": "MTSPeakLoadLineItems",
                    "node-pos": 91,
                    "expression-node": 53,
                    "template-line-number": 221,
                    "replacement-node": 52,
                    "part": "4"
                },
                {
                    "name": "MTSPeakLoadLineItems",
                    "node-pos": 96,
                    "expression-node": 57,
                    "template-line-number": 229,
                    "replacement-node": 56,
                    "part": "5"
                },
                {
                    "name": "MTSPeakLoadLineItems",
                    "node-pos": 101,
                    "expression-node": 61,
                    "template-line-number": 236,
                    "replacement-node": 60,
                    "part": "6"
                },
                {
                    "name": "MTSPeakLoadLineItems",
                    "node-pos": 106,
                    "expression-node": 65,
                    "template-line-number": 243,
                    "replacement-node": 64,
                    "part": "7"
                },
                {
                    "name": "MTSPeakLoadLineItems",
                    "node-pos": 111,
                    "expression-node": 69,
                    "template-line-number": 250,
                    "replacement-node": 68,
                    "part": "8"
                },
                {
                    "name": "MTSPeakLoadLineItems",
                    "node-pos": 116,
                    "expression-node": 73,
                    "template-line-number": 257,
                    "replacement-node": 72,
                    "part": "9"
                }
            ]
        },
        "rule-2": [
            {
                "replacement-node": 3,
                "part": null,
                "expression-node": 4,
                "node-pos": 13,
                "template-line-number": 27
            }
        ],
        "rule-13": [
            {
                "replacement-node": 88,
                "part": null,
                "expression-node": 89,
                "node-pos": 138,
                "template-line-number": 297
            }
        ],
        "rule-1": [
            {
                "replacement-node": 0,
                "part": null,
                "node-pos": 9,
                "template-line-number": 22
            }
        ],
        "rule-6": [
            {
                "replacement-node": 15,
                "part": null,
                "node-pos": 31,
                "template-line-number": 62
            }
        ],
        "rule-15": [
            {
                "replacement-node": 94,
                "part": null,
                "node-pos": 146,
                "template-line-number": 314
            }
        ],
        "rule-7": [
            {
                "replacement-node": 18,
                "part": null,
                "expression-node": 19,
                "node-pos": 35,
                "template-line-number": 67
            }
        ],
        "rule-10": [
            {
                "replacement-node": 27,
                "part": null,
                "expression-node": 28,
                "node-pos": 47,
                "template-line-number": 82
            }
        ],
        "rule-4": [
            {
                "replacement-node": 9,
                "part": null,
                "html": true,
                "node-pos": 21,
                "template-line-number": 39
            }
        ],
        "rule-12": [
            {
                "replacement-node": 33,
                "part": null,
                "html": true,
                "node-pos": 58,
                "template-line-number": 103
            }
        ],
        "rule-5": [
            {
                "replacement-node": 12,
                "part": null,
                "html": true,
                "node-pos": 26,
                "template-line-number": 51
            }
        ],
        "rule-3": [
            {
                "replacement-node": 6,
                "part": null,
                "node-pos": 17,
                "template-line-number": 33
            }
        ],
        "rule-14": [
            {
                "replacement-node": 91,
                "part": null,
                "node-pos": 142,
                "template-line-number": 304
            }
        ],
        "rule-8": [
            {
                "replacement-node": 21,
                "part": null,
                "node-pos": 39,
                "template-line-number": 72
            }
        ],
        "rule-11": [
            {
                "replacement-node": 30,
                "part": null,
                "node-pos": 53,
                "template-line-number": 92
            }
        ],
        "rule-9": [
            {
                "replacement-node": 24,
                "part": null,
                "expression-node": 25,
                "node-pos": 43,
                "template-line-number": 77
            }
        ],
        "rule-17": {
            "name": "MTSPeakLoadHeadings",
            "subs": [
                {
                    "extras": {},
                    "name": "MTSPeakLoadHeadings",
                    "node-pos": 71,
                    "template-line-number": 131,
                    "replacement-node": 37,
                    "part": "1"
                },
                {
                    "extras": {},
                    "name": "MTSPeakLoadHeadings",
                    "node-pos": 75,
                    "template-line-number": 138,
                    "replacement-node": 40,
                    "part": "2"
                }
            ]
        }
    },
    "showifs": {},
    "line-numbers": {}
}