{
    "line-numbers": {
        "ControlRespondent": [
            {
                "line-number-node": 47,
                "template-line-number": 199,
                "start-number": 1
            }
        ]
    },
    "substitutions": {
        "rule-4": [
            {
                "node-pos": 18,
                "part": null,
                "template-line-number": 39,
                "replacement-node": 7
            }
        ],
        "rule-10": [
            {
                "node-pos": 44,
                "part": null,
                "expression-node": 26,
                "template-line-number": 83,
                "replacement-node": 25
            }
        ],
        "rule-3": [
            {
                "node-pos": 14,
                "part": null,
                "expression-node": 5,
                "template-line-number": 33,
                "replacement-node": 4
            }
        ],
        "rule-5": [
            {
                "node-pos": 22,
                "part": null,
                "template-line-number": 45,
                "replacement-node": 10,
                "html": true
            }
        ],
        "rule-9": [
            {
                "node-pos": 40,
                "part": null,
                "template-line-number": 78,
                "replacement-node": 22
            }
        ],
        "rule-8": [
            {
                "node-pos": 36,
                "part": null,
                "expression-node": 20,
                "template-line-number": 73,
                "replacement-node": 19
            }
        ],
        "rule-11": [
            {
                "node-pos": 48,
                "part": null,
                "expression-node": 29,
                "template-line-number": 88,
                "replacement-node": 28
            }
        ],
        "rule-18": {
            "subs": [
                {
                    "extras": {},
                    "part": "1",
                    "template-line-number": 143,
                    "replacement-node": 40,
                    "node-pos": 75,
                    "name": "Heading"
                },
                {
                    "extras": {},
                    "part": "2",
                    "template-line-number": 152,
                    "replacement-node": 43,
                    "node-pos": 79,
                    "name": "Heading"
                },
                {
                    "extras": {},
                    "part": "3",
                    "template-line-number": 139,
                    "replacement-node": 38,
                    "node-pos": 73,
                    "name": "Heading"
                }
            ],
            "name": "Heading"
        },
        "rule-16": [
            {
                "node-pos": 114,
                "part": null,
                "template-line-number": 243,
                "replacement-node": 67
            }
        ],
        "rule-15": [
            {
                "node-pos": 110,
                "part": null,
                "template-line-number": 234,
                "replacement-node": 64
            }
        ],
        "rule-6": [
            {
                "node-pos": 27,
                "part": null,
                "template-line-number": 57,
                "replacement-node": 13,
                "html": true
            }
        ],
        "rule-14": [
            {
                "node-pos": 106,
                "part": null,
                "expression-node": 62,
                "template-line-number": 229,
                "replacement-node": 61
            }
        ],
        "rule-13": [
            {
                "node-pos": 59,
                "part": null,
                "template-line-number": 109,
                "replacement-node": 34,
                "html": true
            }
        ],
        "rule-17": {
            "subs": [
                {
                    "part": "2",
                    "template-line-number": 202,
                    "replacement-node": 49,
                    "expression-node": 50,
                    "node-pos": 88,
                    "name": "ControlRespondent"
                },
                {
                    "part": "3",
                    "template-line-number": 207,
                    "replacement-node": 52,
                    "expression-node": 53,
                    "node-pos": 92,
                    "name": "ControlRespondent"
                },
                {
                    "part": "4",
                    "template-line-number": 212,
                    "replacement-node": 55,
                    "expression-node": 56,
                    "node-pos": 96,
                    "name": "ControlRespondent"
                },
                {
                    "part": "5",
                    "template-line-number": 217,
                    "replacement-node": 58,
                    "expression-node": 59,
                    "node-pos": 100,
                    "name": "ControlRespondent"
                }
            ],
            "name": "ControlRespondent"
        },
        "rule-12": [
            {
                "node-pos": 54,
                "part": null,
                "template-line-number": 99,
                "replacement-node": 31
            }
        ],
        "rule-2": [
            {
                "node-pos": 10,
                "part": null,
                "template-line-number": 27,
                "replacement-node": 1
            }
        ],
        "rule-7": [
            {
                "node-pos": 32,
                "part": null,
                "template-line-number": 68,
                "replacement-node": 16
            }
        ]
    },
    "showifs": {
        "rule-1": {
            "template-line-number": 17,
            "type": "showif"
        }
    }
}