{
    "substitutions": {
        "rule-17": [
            {
                "node-pos": 127,
                "expression-node": 76,
                "part": null,
                "template-line-number": 332,
                "replacement-node": 75
            }
        ],
        "rule-6": [
            {
                "template-line-number": 63,
                "part": null,
                "node-pos": 27,
                "html": true,
                "replacement-node": 13
            }
        ],
        "rule-7": [
            {
                "template-line-number": 81,
                "part": null,
                "node-pos": 32,
                "replacement-node": 16
            }
        ],
        "rule-31": {
            "name": "ColumnHeadings",
            "subs": [
                {
                    "name": "ColumnHeadings",
                    "template-line-number": 161,
                    "node-pos": 74,
                    "part": "1",
                    "extras": {},
                    "replacement-node": 38
                },
                {
                    "name": "ColumnHeadings",
                    "template-line-number": 168,
                    "node-pos": 78,
                    "part": "2",
                    "extras": {},
                    "replacement-node": 41
                }
            ]
        },
        "rule-8": [
            {
                "node-pos": 36,
                "expression-node": 20,
                "part": null,
                "template-line-number": 88,
                "replacement-node": 19
            }
        ],
        "rule-5": [
            {
                "template-line-number": 47,
                "part": null,
                "node-pos": 22,
                "html": true,
                "replacement-node": 10
            }
        ],
        "rule-20": [
            {
                "node-pos": 142,
                "expression-node": 85,
                "part": null,
                "template-line-number": 368,
                "replacement-node": 84
            }
        ],
        "rule-21": [
            {
                "node-pos": 148,
                "expression-node": 88,
                "part": null,
                "template-line-number": 384,
                "replacement-node": 87
            }
        ],
        "rule-11": [
            {
                "node-pos": 48,
                "expression-node": 29,
                "part": null,
                "template-line-number": 108,
                "replacement-node": 28
            }
        ],
        "rule-14": [
            {
                "node-pos": 115,
                "expression-node": 67,
                "part": null,
                "template-line-number": 302,
                "replacement-node": 66
            }
        ],
        "rule-15": [
            {
                "node-pos": 119,
                "expression-node": 70,
                "part": null,
                "template-line-number": 312,
                "replacement-node": 69
            }
        ],
        "rule-24": [
            {
                "node-pos": 163,
                "expression-node": 97,
                "part": null,
                "template-line-number": 420,
                "replacement-node": 96
            }
        ],
        "rule-2": [
            {
                "template-line-number": 25,
                "part": null,
                "node-pos": 10,
                "replacement-node": 1
            }
        ],
        "rule-28": [
            {
                "template-line-number": 462,
                "part": null,
                "node-pos": 181,
                "replacement-node": 108
            }
        ],
        "rule-9": [
            {
                "template-line-number": 95,
                "part": null,
                "node-pos": 40,
                "replacement-node": 22
            }
        ],
        "rule-27": [
            {
                "node-pos": 177,
                "expression-node": 106,
                "part": null,
                "template-line-number": 455,
                "replacement-node": 105
            }
        ],
        "rule-18": [
            {
                "node-pos": 131,
                "expression-node": 79,
                "part": null,
                "template-line-number": 342,
                "replacement-node": 78
            }
        ],
        "rule-19": [
            {
                "node-pos": 138,
                "expression-node": 82,
                "part": null,
                "template-line-number": 358,
                "replacement-node": 81
            }
        ],
        "rule-29": [
            {
                "template-line-number": 472,
                "part": null,
                "node-pos": 185,
                "replacement-node": 111
            }
        ],
        "rule-12": [
            {
                "template-line-number": 119,
                "part": null,
                "node-pos": 54,
                "replacement-node": 31
            }
        ],
        "rule-25": [
            {
                "node-pos": 167,
                "expression-node": 100,
                "part": null,
                "template-line-number": 430,
                "replacement-node": 99
            }
        ],
        "rule-13": [
            {
                "template-line-number": 130,
                "part": null,
                "node-pos": 59,
                "html": true,
                "replacement-node": 34
            }
        ],
        "rule-3": [
            {
                "node-pos": 14,
                "expression-node": 5,
                "part": null,
                "template-line-number": 32,
                "replacement-node": 4
            }
        ],
        "rule-23": [
            {
                "node-pos": 159,
                "expression-node": 94,
                "part": null,
                "template-line-number": 410,
                "replacement-node": 93
            }
        ],
        "rule-22": [
            {
                "node-pos": 155,
                "expression-node": 91,
                "part": null,
                "template-line-number": 400,
                "replacement-node": 90
            }
        ],
        "rule-10": [
            {
                "node-pos": 44,
                "expression-node": 26,
                "part": null,
                "template-line-number": 102,
                "replacement-node": 25
            }
        ],
        "rule-16": [
            {
                "node-pos": 123,
                "expression-node": 73,
                "part": null,
                "template-line-number": 322,
                "replacement-node": 72
            }
        ],
        "rule-4": [
            {
                "template-line-number": 39,
                "part": null,
                "node-pos": 18,
                "replacement-node": 7
            }
        ],
        "rule-30": {
            "name": "SalesOfElectricityByRateSchedule",
            "subs": [
                {
                    "name": "SalesOfElectricityByRateSchedule",
                    "template-line-number": 240,
                    "expression-node": 49,
                    "part": "2",
                    "node-pos": 88,
                    "replacement-node": 48
                },
                {
                    "name": "SalesOfElectricityByRateSchedule",
                    "template-line-number": 250,
                    "expression-node": 52,
                    "part": "3",
                    "node-pos": 92,
                    "replacement-node": 51
                },
                {
                    "name": "SalesOfElectricityByRateSchedule",
                    "template-line-number": 259,
                    "expression-node": 55,
                    "part": "4",
                    "node-pos": 96,
                    "replacement-node": 54
                },
                {
                    "name": "SalesOfElectricityByRateSchedule",
                    "template-line-number": 267,
                    "expression-node": 58,
                    "part": "5",
                    "node-pos": 100,
                    "replacement-node": 57
                },
                {
                    "name": "SalesOfElectricityByRateSchedule",
                    "template-line-number": 278,
                    "expression-node": 61,
                    "part": "6",
                    "node-pos": 104,
                    "replacement-node": 60
                },
                {
                    "name": "SalesOfElectricityByRateSchedule",
                    "template-line-number": 287,
                    "expression-node": 64,
                    "part": "7",
                    "node-pos": 108,
                    "replacement-node": 63
                }
            ]
        },
        "rule-26": [
            {
                "node-pos": 171,
                "expression-node": 103,
                "part": null,
                "template-line-number": 440,
                "replacement-node": 102
            }
        ]
    },
    "line-numbers": {
        "SalesOfElectricityByRateSchedule": [
            {
                "line-number-node": 45,
                "template-line-number": 232,
                "start-number": 1
            }
        ]
    },
    "showifs": {
        "rule-1": {
            "template-line-number": 15,
            "type": "showif"
        }
    }
}