{
    "line-numbers": {
        "SalesOfElectricityByRateSchedule": [
            {
                "start-number": 1,
                "line-number-node": 45,
                "template-line-number": 232
            }
        ]
    },
    "substitutions": {
        "rule-17": [
            {
                "node-pos": 127,
                "replacement-node": 75,
                "template-line-number": 332,
                "part": null,
                "expression-node": 76
            }
        ],
        "rule-20": [
            {
                "node-pos": 142,
                "replacement-node": 84,
                "template-line-number": 368,
                "part": null,
                "expression-node": 85
            }
        ],
        "rule-19": [
            {
                "node-pos": 138,
                "replacement-node": 81,
                "template-line-number": 358,
                "part": null,
                "expression-node": 82
            }
        ],
        "rule-8": [
            {
                "node-pos": 36,
                "replacement-node": 19,
                "template-line-number": 88,
                "part": null,
                "expression-node": 20
            }
        ],
        "rule-29": [
            {
                "node-pos": 185,
                "replacement-node": 111,
                "part": null,
                "template-line-number": 472
            }
        ],
        "rule-12": [
            {
                "node-pos": 54,
                "replacement-node": 31,
                "part": null,
                "template-line-number": 119
            }
        ],
        "rule-18": [
            {
                "node-pos": 131,
                "replacement-node": 78,
                "template-line-number": 342,
                "part": null,
                "expression-node": 79
            }
        ],
        "rule-15": [
            {
                "node-pos": 119,
                "replacement-node": 69,
                "template-line-number": 312,
                "part": null,
                "expression-node": 70
            }
        ],
        "rule-3": [
            {
                "node-pos": 14,
                "replacement-node": 4,
                "template-line-number": 32,
                "part": null,
                "expression-node": 5
            }
        ],
        "rule-24": [
            {
                "node-pos": 163,
                "replacement-node": 96,
                "template-line-number": 420,
                "part": null,
                "expression-node": 97
            }
        ],
        "rule-6": [
            {
                "node-pos": 27,
                "replacement-node": 13,
                "html": true,
                "part": null,
                "template-line-number": 63
            }
        ],
        "rule-16": [
            {
                "node-pos": 123,
                "replacement-node": 72,
                "template-line-number": 322,
                "part": null,
                "expression-node": 73
            }
        ],
        "rule-5": [
            {
                "node-pos": 22,
                "replacement-node": 10,
                "html": true,
                "part": null,
                "template-line-number": 47
            }
        ],
        "rule-23": [
            {
                "node-pos": 159,
                "replacement-node": 93,
                "template-line-number": 410,
                "part": null,
                "expression-node": 94
            }
        ],
        "rule-13": [
            {
                "node-pos": 59,
                "replacement-node": 34,
                "html": true,
                "part": null,
                "template-line-number": 130
            }
        ],
        "rule-14": [
            {
                "node-pos": 115,
                "replacement-node": 66,
                "template-line-number": 302,
                "part": null,
                "expression-node": 67
            }
        ],
        "rule-26": [
            {
                "node-pos": 171,
                "replacement-node": 102,
                "template-line-number": 440,
                "part": null,
                "expression-node": 103
            }
        ],
        "rule-30": {
            "subs": [
                {
                    "part": "2",
                    "name": "SalesOfElectricityByRateSchedule",
                    "expression-node": 49,
                    "node-pos": 88,
                    "replacement-node": 48,
                    "template-line-number": 240
                },
                {
                    "part": "3",
                    "name": "SalesOfElectricityByRateSchedule",
                    "expression-node": 52,
                    "node-pos": 92,
                    "replacement-node": 51,
                    "template-line-number": 250
                },
                {
                    "part": "4",
                    "name": "SalesOfElectricityByRateSchedule",
                    "expression-node": 55,
                    "node-pos": 96,
                    "replacement-node": 54,
                    "template-line-number": 259
                },
                {
                    "part": "5",
                    "name": "SalesOfElectricityByRateSchedule",
                    "expression-node": 58,
                    "node-pos": 100,
                    "replacement-node": 57,
                    "template-line-number": 267
                },
                {
                    "part": "6",
                    "name": "SalesOfElectricityByRateSchedule",
                    "expression-node": 61,
                    "node-pos": 104,
                    "replacement-node": 60,
                    "template-line-number": 278
                },
                {
                    "part": "7",
                    "name": "SalesOfElectricityByRateSchedule",
                    "expression-node": 64,
                    "node-pos": 108,
                    "replacement-node": 63,
                    "template-line-number": 287
                }
            ],
            "name": "SalesOfElectricityByRateSchedule"
        },
        "rule-11": [
            {
                "node-pos": 48,
                "replacement-node": 28,
                "template-line-number": 108,
                "part": null,
                "expression-node": 29
            }
        ],
        "rule-9": [
            {
                "node-pos": 40,
                "replacement-node": 22,
                "part": null,
                "template-line-number": 95
            }
        ],
        "rule-10": [
            {
                "node-pos": 44,
                "replacement-node": 25,
                "template-line-number": 102,
                "part": null,
                "expression-node": 26
            }
        ],
        "rule-27": [
            {
                "node-pos": 177,
                "replacement-node": 105,
                "template-line-number": 455,
                "part": null,
                "expression-node": 106
            }
        ],
        "rule-28": [
            {
                "node-pos": 181,
                "replacement-node": 108,
                "part": null,
                "template-line-number": 462
            }
        ],
        "rule-7": [
            {
                "node-pos": 32,
                "replacement-node": 16,
                "part": null,
                "template-line-number": 81
            }
        ],
        "rule-4": [
            {
                "node-pos": 18,
                "replacement-node": 7,
                "part": null,
                "template-line-number": 39
            }
        ],
        "rule-21": [
            {
                "node-pos": 148,
                "replacement-node": 87,
                "template-line-number": 384,
                "part": null,
                "expression-node": 88
            }
        ],
        "rule-25": [
            {
                "node-pos": 167,
                "replacement-node": 99,
                "template-line-number": 430,
                "part": null,
                "expression-node": 100
            }
        ],
        "rule-31": {
            "subs": [
                {
                    "extras": {},
                    "part": "1",
                    "name": "ColumnHeadings",
                    "node-pos": 74,
                    "replacement-node": 38,
                    "template-line-number": 161
                },
                {
                    "extras": {},
                    "part": "2",
                    "name": "ColumnHeadings",
                    "node-pos": 78,
                    "replacement-node": 41,
                    "template-line-number": 168
                }
            ],
            "name": "ColumnHeadings"
        },
        "rule-22": [
            {
                "node-pos": 155,
                "replacement-node": 90,
                "template-line-number": 400,
                "part": null,
                "expression-node": 91
            }
        ],
        "rule-2": [
            {
                "node-pos": 10,
                "replacement-node": 1,
                "part": null,
                "template-line-number": 25
            }
        ]
    },
    "showifs": {
        "rule-1": {
            "type": "showif",
            "template-line-number": 15
        }
    }
}