{
    "showifs": {},
    "line-numbers": {},
    "substitutions": {
        "rule-6": [
            {
                "part": null,
                "template-line-number": 61,
                "replacement-node": 15,
                "node-pos": 31
            }
        ],
        "rule-5": [
            {
                "part": null,
                "template-line-number": 50,
                "replacement-node": 12,
                "node-pos": 26,
                "html": true
            }
        ],
        "rule-8": [
            {
                "part": null,
                "template-line-number": 71,
                "replacement-node": 21,
                "node-pos": 39
            }
        ],
        "rule-10": [
            {
                "part": null,
                "expression-node": 28,
                "replacement-node": 27,
                "node-pos": 47,
                "template-line-number": 81
            }
        ],
        "rule-15": [
            {
                "part": null,
                "template-line-number": 373,
                "replacement-node": 102,
                "node-pos": 171
            }
        ],
        "rule-17": {
            "subs": [
                {
                    "part": "1",
                    "template-line-number": 235,
                    "replacement-node": 44,
                    "extras": {},
                    "node-pos": 94,
                    "name": "ISLineItems"
                },
                {
                    "part": "10",
                    "template-line-number": 318,
                    "replacement-node": 80,
                    "expression-node": 81,
                    "node-pos": 141,
                    "name": "ISLineItems"
                },
                {
                    "part": "11",
                    "template-line-number": 327,
                    "replacement-node": 84,
                    "expression-node": 85,
                    "node-pos": 146,
                    "name": "ISLineItems"
                },
                {
                    "part": "12",
                    "template-line-number": 336,
                    "replacement-node": 88,
                    "expression-node": 89,
                    "node-pos": 151,
                    "name": "ISLineItems"
                },
                {
                    "part": "13",
                    "template-line-number": 345,
                    "replacement-node": 92,
                    "expression-node": 93,
                    "node-pos": 156,
                    "name": "ISLineItems"
                },
                {
                    "part": "2",
                    "template-line-number": 246,
                    "replacement-node": 49,
                    "extras": {},
                    "node-pos": 102,
                    "name": "ISLineItems"
                },
                {
                    "part": "3",
                    "template-line-number": 253,
                    "replacement-node": 53,
                    "extras": {},
                    "node-pos": 107,
                    "name": "ISLineItems"
                },
                {
                    "part": "4",
                    "template-line-number": 263,
                    "replacement-node": 56,
                    "expression-node": 57,
                    "node-pos": 111,
                    "name": "ISLineItems"
                },
                {
                    "part": "5",
                    "template-line-number": 272,
                    "replacement-node": 60,
                    "expression-node": 61,
                    "node-pos": 116,
                    "name": "ISLineItems"
                },
                {
                    "part": "6",
                    "template-line-number": 242,
                    "replacement-node": 47,
                    "extras": {},
                    "node-pos": 100,
                    "name": "ISLineItems"
                },
                {
                    "part": "6",
                    "template-line-number": 281,
                    "replacement-node": 64,
                    "expression-node": 65,
                    "node-pos": 121,
                    "name": "ISLineItems"
                },
                {
                    "part": "7",
                    "template-line-number": 290,
                    "replacement-node": 68,
                    "expression-node": 69,
                    "node-pos": 126,
                    "name": "ISLineItems"
                },
                {
                    "part": "8",
                    "template-line-number": 299,
                    "replacement-node": 72,
                    "expression-node": 73,
                    "node-pos": 131,
                    "name": "ISLineItems"
                },
                {
                    "part": "9",
                    "template-line-number": 308,
                    "replacement-node": 76,
                    "expression-node": 77,
                    "node-pos": 136,
                    "name": "ISLineItems"
                }
            ],
            "name": "ISLineItems"
        },
        "rule-7": [
            {
                "part": null,
                "expression-node": 19,
                "replacement-node": 18,
                "node-pos": 35,
                "template-line-number": 66
            }
        ],
        "rule-16": {
            "subs": [
                {
                    "part": "1",
                    "template-line-number": 149,
                    "replacement-node": 37,
                    "extras": {},
                    "node-pos": 84,
                    "name": "ISHeadings"
                },
                {
                    "part": "2",
                    "template-line-number": 156,
                    "replacement-node": 40,
                    "extras": {},
                    "node-pos": 88,
                    "name": "ISHeadings"
                }
            ],
            "name": "ISHeadings"
        },
        "rule-2": [
            {
                "part": null,
                "expression-node": 4,
                "replacement-node": 3,
                "node-pos": 13,
                "template-line-number": 26
            }
        ],
        "rule-3": [
            {
                "part": null,
                "template-line-number": 32,
                "replacement-node": 6,
                "node-pos": 17
            }
        ],
        "rule-11": [
            {
                "part": null,
                "template-line-number": 91,
                "replacement-node": 30,
                "node-pos": 53
            }
        ],
        "rule-13": [
            {
                "part": null,
                "expression-node": 97,
                "replacement-node": 96,
                "node-pos": 163,
                "template-line-number": 359
            }
        ],
        "rule-4": [
            {
                "part": null,
                "template-line-number": 38,
                "replacement-node": 9,
                "node-pos": 21,
                "html": true
            }
        ],
        "rule-14": [
            {
                "part": null,
                "template-line-number": 364,
                "replacement-node": 99,
                "node-pos": 167
            }
        ],
        "rule-12": [
            {
                "part": null,
                "template-line-number": 102,
                "replacement-node": 33,
                "node-pos": 58,
                "html": true
            }
        ],
        "rule-1": [
            {
                "part": null,
                "template-line-number": 21,
                "replacement-node": 0,
                "node-pos": 9
            }
        ],
        "rule-9": [
            {
                "part": null,
                "expression-node": 25,
                "replacement-node": 24,
                "node-pos": 43,
                "template-line-number": 76
            }
        ]
    }
}