{
    "showifs": {},
    "substitutions": {
        "rule-16": {
            "name": "ISHeadings",
            "subs": [
                {
                    "template-line-number": 149,
                    "extras": {},
                    "replacement-node": 37,
                    "name": "ISHeadings",
                    "part": "1",
                    "node-pos": 84
                },
                {
                    "template-line-number": 156,
                    "extras": {},
                    "replacement-node": 40,
                    "name": "ISHeadings",
                    "part": "2",
                    "node-pos": 88
                }
            ]
        },
        "rule-11": [
            {
                "replacement-node": 30,
                "node-pos": 53,
                "part": null,
                "template-line-number": 91
            }
        ],
        "rule-14": [
            {
                "replacement-node": 99,
                "node-pos": 167,
                "part": null,
                "template-line-number": 364
            }
        ],
        "rule-10": [
            {
                "replacement-node": 27,
                "expression-node": 28,
                "part": null,
                "template-line-number": 81,
                "node-pos": 47
            }
        ],
        "rule-6": [
            {
                "replacement-node": 15,
                "node-pos": 31,
                "part": null,
                "template-line-number": 61
            }
        ],
        "rule-2": [
            {
                "replacement-node": 3,
                "expression-node": 4,
                "part": null,
                "template-line-number": 26,
                "node-pos": 13
            }
        ],
        "rule-5": [
            {
                "replacement-node": 12,
                "node-pos": 26,
                "part": null,
                "template-line-number": 50,
                "html": true
            }
        ],
        "rule-15": [
            {
                "replacement-node": 102,
                "node-pos": 171,
                "part": null,
                "template-line-number": 373
            }
        ],
        "rule-1": [
            {
                "replacement-node": 0,
                "node-pos": 9,
                "part": null,
                "template-line-number": 21
            }
        ],
        "rule-3": [
            {
                "replacement-node": 6,
                "node-pos": 17,
                "part": null,
                "template-line-number": 32
            }
        ],
        "rule-9": [
            {
                "replacement-node": 24,
                "expression-node": 25,
                "part": null,
                "template-line-number": 76,
                "node-pos": 43
            }
        ],
        "rule-13": [
            {
                "replacement-node": 96,
                "expression-node": 97,
                "part": null,
                "template-line-number": 359,
                "node-pos": 163
            }
        ],
        "rule-7": [
            {
                "replacement-node": 18,
                "expression-node": 19,
                "part": null,
                "template-line-number": 66,
                "node-pos": 35
            }
        ],
        "rule-4": [
            {
                "replacement-node": 9,
                "node-pos": 21,
                "part": null,
                "template-line-number": 38,
                "html": true
            }
        ],
        "rule-17": {
            "name": "ISLineItems",
            "subs": [
                {
                    "template-line-number": 235,
                    "extras": {},
                    "replacement-node": 44,
                    "name": "ISLineItems",
                    "part": "1",
                    "node-pos": 94
                },
                {
                    "expression-node": 81,
                    "template-line-number": 318,
                    "replacement-node": 80,
                    "name": "ISLineItems",
                    "part": "10",
                    "node-pos": 141
                },
                {
                    "expression-node": 85,
                    "template-line-number": 327,
                    "replacement-node": 84,
                    "name": "ISLineItems",
                    "part": "11",
                    "node-pos": 146
                },
                {
                    "expression-node": 89,
                    "template-line-number": 336,
                    "replacement-node": 88,
                    "name": "ISLineItems",
                    "part": "12",
                    "node-pos": 151
                },
                {
                    "expression-node": 93,
                    "template-line-number": 345,
                    "replacement-node": 92,
                    "name": "ISLineItems",
                    "part": "13",
                    "node-pos": 156
                },
                {
                    "template-line-number": 246,
                    "extras": {},
                    "replacement-node": 49,
                    "name": "ISLineItems",
                    "part": "2",
                    "node-pos": 102
                },
                {
                    "template-line-number": 253,
                    "extras": {},
                    "replacement-node": 53,
                    "name": "ISLineItems",
                    "part": "3",
                    "node-pos": 107
                },
                {
                    "expression-node": 57,
                    "template-line-number": 263,
                    "replacement-node": 56,
                    "name": "ISLineItems",
                    "part": "4",
                    "node-pos": 111
                },
                {
                    "expression-node": 61,
                    "template-line-number": 272,
                    "replacement-node": 60,
                    "name": "ISLineItems",
                    "part": "5",
                    "node-pos": 116
                },
                {
                    "template-line-number": 242,
                    "extras": {},
                    "replacement-node": 47,
                    "name": "ISLineItems",
                    "part": "6",
                    "node-pos": 100
                },
                {
                    "expression-node": 65,
                    "template-line-number": 281,
                    "replacement-node": 64,
                    "name": "ISLineItems",
                    "part": "6",
                    "node-pos": 121
                },
                {
                    "expression-node": 69,
                    "template-line-number": 290,
                    "replacement-node": 68,
                    "name": "ISLineItems",
                    "part": "7",
                    "node-pos": 126
                },
                {
                    "expression-node": 73,
                    "template-line-number": 299,
                    "replacement-node": 72,
                    "name": "ISLineItems",
                    "part": "8",
                    "node-pos": 131
                },
                {
                    "expression-node": 77,
                    "template-line-number": 308,
                    "replacement-node": 76,
                    "name": "ISLineItems",
                    "part": "9",
                    "node-pos": 136
                }
            ]
        },
        "rule-8": [
            {
                "replacement-node": 21,
                "node-pos": 39,
                "part": null,
                "template-line-number": 71
            }
        ],
        "rule-12": [
            {
                "replacement-node": 33,
                "node-pos": 58,
                "part": null,
                "template-line-number": 102,
                "html": true
            }
        ]
    },
    "line-numbers": {}
}