{
    "substitutions": {
        "rule-7": [
            {
                "part": null,
                "template-line-number": 67,
                "node-pos": 32,
                "replacement-node": 16
            }
        ],
        "rule-3": [
            {
                "part": null,
                "expression-node": 5,
                "template-line-number": 32,
                "node-pos": 14,
                "replacement-node": 4
            }
        ],
        "rule-16": [
            {
                "part": null,
                "template-line-number": 385,
                "node-pos": 178,
                "replacement-node": 109
            }
        ],
        "rule-13": [
            {
                "part": null,
                "html": true,
                "template-line-number": 108,
                "node-pos": 59,
                "replacement-node": 34
            }
        ],
        "rule-15": [
            {
                "part": null,
                "template-line-number": 376,
                "node-pos": 174,
                "replacement-node": 106
            }
        ],
        "rule-18": {
            "name": "ISLineItems",
            "subs": [
                {
                    "part": "1",
                    "extras": {},
                    "name": "ISLineItems",
                    "template-line-number": 241,
                    "node-pos": 95,
                    "replacement-node": 45
                },
                {
                    "part": "10",
                    "expression-node": 84,
                    "name": "ISLineItems",
                    "template-line-number": 326,
                    "node-pos": 144,
                    "replacement-node": 83
                },
                {
                    "part": "11",
                    "expression-node": 89,
                    "name": "ISLineItems",
                    "template-line-number": 336,
                    "node-pos": 150,
                    "replacement-node": 88
                },
                {
                    "part": "12",
                    "expression-node": 94,
                    "name": "ISLineItems",
                    "template-line-number": 346,
                    "node-pos": 156,
                    "replacement-node": 93
                },
                {
                    "part": "13",
                    "expression-node": 99,
                    "name": "ISLineItems",
                    "template-line-number": 356,
                    "node-pos": 162,
                    "replacement-node": 98
                },
                {
                    "part": "2",
                    "extras": {},
                    "name": "ISLineItems",
                    "template-line-number": 252,
                    "node-pos": 103,
                    "replacement-node": 50
                },
                {
                    "part": "3",
                    "extras": {},
                    "name": "ISLineItems",
                    "template-line-number": 259,
                    "node-pos": 108,
                    "replacement-node": 54
                },
                {
                    "part": "4",
                    "expression-node": 58,
                    "name": "ISLineItems",
                    "template-line-number": 269,
                    "node-pos": 112,
                    "replacement-node": 57
                },
                {
                    "part": "5",
                    "expression-node": 62,
                    "name": "ISLineItems",
                    "template-line-number": 278,
                    "node-pos": 117,
                    "replacement-node": 61
                },
                {
                    "part": "6",
                    "extras": {},
                    "name": "ISLineItems",
                    "template-line-number": 248,
                    "node-pos": 101,
                    "replacement-node": 48
                },
                {
                    "part": "6",
                    "expression-node": 66,
                    "name": "ISLineItems",
                    "template-line-number": 287,
                    "node-pos": 122,
                    "replacement-node": 65
                },
                {
                    "part": "7",
                    "expression-node": 70,
                    "name": "ISLineItems",
                    "template-line-number": 296,
                    "node-pos": 127,
                    "replacement-node": 69
                },
                {
                    "part": "8",
                    "expression-node": 74,
                    "name": "ISLineItems",
                    "template-line-number": 305,
                    "node-pos": 132,
                    "replacement-node": 73
                },
                {
                    "part": "9",
                    "expression-node": 79,
                    "name": "ISLineItems",
                    "template-line-number": 315,
                    "node-pos": 138,
                    "replacement-node": 78
                }
            ]
        },
        "rule-2": [
            {
                "part": null,
                "template-line-number": 27,
                "node-pos": 10,
                "replacement-node": 1
            }
        ],
        "rule-14": [
            {
                "part": null,
                "expression-node": 104,
                "template-line-number": 371,
                "node-pos": 170,
                "replacement-node": 103
            }
        ],
        "rule-10": [
            {
                "part": null,
                "expression-node": 26,
                "template-line-number": 82,
                "node-pos": 44,
                "replacement-node": 25
            }
        ],
        "rule-12": [
            {
                "part": null,
                "template-line-number": 97,
                "node-pos": 54,
                "replacement-node": 31
            }
        ],
        "rule-4": [
            {
                "part": null,
                "template-line-number": 38,
                "node-pos": 18,
                "replacement-node": 7
            }
        ],
        "rule-17": {
            "name": "ISHeadings",
            "subs": [
                {
                    "part": "1",
                    "extras": {},
                    "name": "ISHeadings",
                    "template-line-number": 155,
                    "node-pos": 85,
                    "replacement-node": 38
                },
                {
                    "part": "2",
                    "extras": {},
                    "name": "ISHeadings",
                    "template-line-number": 162,
                    "node-pos": 89,
                    "replacement-node": 41
                }
            ]
        },
        "rule-11": [
            {
                "part": null,
                "expression-node": 29,
                "template-line-number": 87,
                "node-pos": 48,
                "replacement-node": 28
            }
        ],
        "rule-9": [
            {
                "part": null,
                "template-line-number": 77,
                "node-pos": 40,
                "replacement-node": 22
            }
        ],
        "rule-8": [
            {
                "part": null,
                "expression-node": 20,
                "template-line-number": 72,
                "node-pos": 36,
                "replacement-node": 19
            }
        ],
        "rule-6": [
            {
                "part": null,
                "html": true,
                "template-line-number": 56,
                "node-pos": 27,
                "replacement-node": 13
            }
        ],
        "rule-5": [
            {
                "part": null,
                "html": true,
                "template-line-number": 44,
                "node-pos": 22,
                "replacement-node": 10
            }
        ]
    },
    "showifs": {
        "rule-1": {
            "type": "showif",
            "template-line-number": 17
        }
    },
    "line-numbers": {}
}