{
    "showifs": {},
    "substitutions": {
        "rule-2": [
            {
                "replacement-node": 3,
                "template-line-number": 28,
                "expression-node": 4,
                "node-pos": 14,
                "part": null
            }
        ],
        "rule-21": [
            {
                "replacement-node": 82,
                "template-line-number": 344,
                "node-pos": 150,
                "part": null
            }
        ],
        "rule-22": {
            "subs": [
                {
                    "name": "MiscellaneousCurrentAndAccruedAssets",
                    "node-pos": 112,
                    "replacement-node": 58,
                    "template-line-number": 263,
                    "expression-node": 59,
                    "part": "2"
                },
                {
                    "name": "MiscellaneousCurrentAndAccruedAssets",
                    "node-pos": 116,
                    "replacement-node": 61,
                    "template-line-number": 271,
                    "expression-node": 62,
                    "part": "3"
                },
                {
                    "name": "MiscellaneousCurrentAndAccruedAssets",
                    "node-pos": 120,
                    "replacement-node": 64,
                    "template-line-number": 279,
                    "expression-node": 65,
                    "part": "4"
                }
            ],
            "name": "MiscellaneousCurrentAndAccruedAssets"
        },
        "rule-9": [
            {
                "replacement-node": 24,
                "template-line-number": 78,
                "expression-node": 25,
                "node-pos": 44,
                "part": null
            }
        ],
        "rule-10": [
            {
                "replacement-node": 27,
                "template-line-number": 83,
                "expression-node": 28,
                "node-pos": 48,
                "part": null
            }
        ],
        "rule-3": [
            {
                "replacement-node": 6,
                "template-line-number": 34,
                "node-pos": 18,
                "part": null
            }
        ],
        "rule-1": [
            {
                "replacement-node": 0,
                "template-line-number": 23,
                "node-pos": 10,
                "part": null
            }
        ],
        "rule-5": [
            {
                "replacement-node": 12,
                "html": true,
                "template-line-number": 52,
                "node-pos": 27,
                "part": null
            }
        ],
        "rule-8": [
            {
                "replacement-node": 21,
                "template-line-number": 73,
                "node-pos": 40,
                "part": null
            }
        ],
        "rule-15": [
            {
                "replacement-node": 51,
                "template-line-number": 196,
                "node-pos": 98,
                "part": null
            }
        ],
        "rule-7": [
            {
                "replacement-node": 18,
                "template-line-number": 68,
                "expression-node": 19,
                "node-pos": 36,
                "part": null
            }
        ],
        "rule-19": [
            {
                "replacement-node": 76,
                "template-line-number": 329,
                "expression-node": 77,
                "node-pos": 142,
                "part": null
            }
        ],
        "rule-11": [
            {
                "replacement-node": 30,
                "template-line-number": 93,
                "node-pos": 54,
                "part": null
            }
        ],
        "rule-14": [
            {
                "replacement-node": 48,
                "template-line-number": 174,
                "node-pos": 88,
                "part": null
            }
        ],
        "rule-13": [
            {
                "replacement-node": 45,
                "template-line-number": 161,
                "node-pos": 83,
                "part": null
            }
        ],
        "rule-16": [
            {
                "replacement-node": 67,
                "template-line-number": 291,
                "node-pos": 126,
                "part": null
            }
        ],
        "rule-4": [
            {
                "replacement-node": 9,
                "html": true,
                "template-line-number": 40,
                "node-pos": 22,
                "part": null
            }
        ],
        "rule-23": {
            "subs": [
                {
                    "name": "ColumnHeadings",
                    "extras": {},
                    "node-pos": 73,
                    "replacement-node": 39,
                    "template-line-number": 141,
                    "part": "1"
                },
                {
                    "name": "ColumnHeadings",
                    "extras": {},
                    "node-pos": 77,
                    "replacement-node": 42,
                    "template-line-number": 149,
                    "part": "2"
                },
                {
                    "name": "ColumnHeadings",
                    "extras": {},
                    "node-pos": 71,
                    "replacement-node": 37,
                    "template-line-number": 137,
                    "part": "3"
                }
            ],
            "name": "ColumnHeadings"
        },
        "rule-17": [
            {
                "replacement-node": 70,
                "template-line-number": 306,
                "expression-node": 71,
                "node-pos": 132,
                "part": null
            }
        ],
        "rule-12": [
            {
                "replacement-node": 33,
                "html": true,
                "template-line-number": 104,
                "node-pos": 59,
                "part": null
            }
        ],
        "rule-6": [
            {
                "replacement-node": 15,
                "template-line-number": 63,
                "node-pos": 32,
                "part": null
            }
        ],
        "rule-20": [
            {
                "replacement-node": 79,
                "template-line-number": 335,
                "node-pos": 146,
                "part": null
            }
        ],
        "rule-18": [
            {
                "replacement-node": 73,
                "template-line-number": 315,
                "expression-node": 74,
                "node-pos": 136,
                "part": null
            }
        ]
    },
    "line-numbers": {
        "MiscellaneousCurrentAndAccruedAssets": [
            {
                "template-line-number": 255,
                "line-number-node": 55,
                "start-number": 3
            }
        ]
    }
}