{
    "line-numbers": {
        "IsoOrRtoSettlements": [
            {
                "start-number": 3,
                "template-line-number": 314,
                "line-number-node": 57
            }
        ]
    },
    "showifs": {
        "rule-1": {
            "template-line-number": 17,
            "type": "showif"
        }
    },
    "substitutions": {
        "rule-22": {
            "subs": [
                {
                    "template-line-number": 321,
                    "part": "2",
                    "name": "IsoOrRtoSettlements",
                    "node-pos": 107,
                    "expression-node": 60,
                    "replacement-node": 59
                },
                {
                    "template-line-number": 330,
                    "part": "3",
                    "name": "IsoOrRtoSettlements",
                    "node-pos": 111,
                    "expression-node": 63,
                    "replacement-node": 62
                },
                {
                    "template-line-number": 339,
                    "part": "4",
                    "name": "IsoOrRtoSettlements",
                    "node-pos": 115,
                    "expression-node": 66,
                    "replacement-node": 65
                },
                {
                    "template-line-number": 347,
                    "part": "5",
                    "name": "IsoOrRtoSettlements",
                    "node-pos": 119,
                    "expression-node": 69,
                    "replacement-node": 68
                },
                {
                    "template-line-number": 355,
                    "part": "6",
                    "name": "IsoOrRtoSettlements",
                    "node-pos": 123,
                    "expression-node": 72,
                    "replacement-node": 71
                },
                {
                    "template-line-number": 363,
                    "part": "7",
                    "name": "IsoOrRtoSettlements",
                    "node-pos": 127,
                    "expression-node": 75,
                    "replacement-node": 74
                }
            ],
            "name": "IsoOrRtoSettlements"
        },
        "rule-8": [
            {
                "node-pos": 37,
                "expression-node": 20,
                "template-line-number": 90,
                "part": null,
                "replacement-node": 19
            }
        ],
        "rule-11": [
            {
                "node-pos": 49,
                "expression-node": 29,
                "template-line-number": 110,
                "part": null,
                "replacement-node": 28
            }
        ],
        "rule-10": [
            {
                "node-pos": 45,
                "expression-node": 26,
                "template-line-number": 104,
                "part": null,
                "replacement-node": 25
            }
        ],
        "rule-20": [
            {
                "node-pos": 141,
                "template-line-number": 394,
                "part": null,
                "replacement-node": 83
            }
        ],
        "rule-4": [
            {
                "node-pos": 19,
                "template-line-number": 41,
                "part": null,
                "replacement-node": 7
            }
        ],
        "rule-21": {
            "subs": [
                {
                    "template-line-number": 145,
                    "part": "1",
                    "name": "ISHeadings",
                    "extras": {},
                    "node-pos": 63,
                    "replacement-node": 35
                },
                {
                    "template-line-number": 152,
                    "part": "2",
                    "name": "ISHeadings",
                    "extras": {},
                    "node-pos": 67,
                    "replacement-node": 38
                }
            ],
            "name": "ISHeadings"
        },
        "rule-17": [
            {
                "node-pos": 90,
                "expression-node": 54,
                "template-line-number": 235,
                "part": null,
                "replacement-node": 53
            }
        ],
        "rule-14": [
            {
                "node-pos": 78,
                "expression-node": 45,
                "template-line-number": 205,
                "part": null,
                "replacement-node": 44
            }
        ],
        "rule-13": [
            {
                "node-pos": 74,
                "expression-node": 42,
                "template-line-number": 195,
                "part": null,
                "replacement-node": 41
            }
        ],
        "rule-16": [
            {
                "node-pos": 86,
                "expression-node": 51,
                "template-line-number": 225,
                "part": null,
                "replacement-node": 50
            }
        ],
        "rule-15": [
            {
                "node-pos": 82,
                "expression-node": 48,
                "template-line-number": 215,
                "part": null,
                "replacement-node": 47
            }
        ],
        "rule-7": [
            {
                "node-pos": 33,
                "template-line-number": 83,
                "part": null,
                "replacement-node": 16
            }
        ],
        "rule-12": [
            {
                "node-pos": 55,
                "template-line-number": 121,
                "part": null,
                "replacement-node": 31
            }
        ],
        "rule-2": [
            {
                "node-pos": 11,
                "template-line-number": 27,
                "part": null,
                "replacement-node": 1
            }
        ],
        "rule-3": [
            {
                "node-pos": 15,
                "expression-node": 5,
                "template-line-number": 34,
                "part": null,
                "replacement-node": 4
            }
        ],
        "rule-18": [
            {
                "node-pos": 133,
                "expression-node": 78,
                "template-line-number": 379,
                "part": null,
                "replacement-node": 77
            }
        ],
        "rule-9": [
            {
                "node-pos": 41,
                "template-line-number": 97,
                "part": null,
                "replacement-node": 22
            }
        ],
        "rule-19": [
            {
                "node-pos": 137,
                "template-line-number": 384,
                "part": null,
                "replacement-node": 80
            }
        ],
        "rule-5": [
            {
                "node-pos": 23,
                "template-line-number": 49,
                "html": true,
                "part": null,
                "replacement-node": 10
            }
        ],
        "rule-6": [
            {
                "node-pos": 28,
                "template-line-number": 65,
                "html": true,
                "part": null,
                "replacement-node": 13
            }
        ]
    }
}