{
    "showifs": {},
    "line-numbers": {
        "ResearchDevelopmentOrDemonstrationExpenditures": [
            {
                "start-number": 3,
                "template-line-number": 250,
                "line-number-node": 55
            }
        ]
    },
    "substitutions": {
        "rule-1": [
            {
                "part": null,
                "template-line-number": 23,
                "node-pos": 10,
                "replacement-node": 0
            }
        ],
        "rule-4": [
            {
                "part": null,
                "template-line-number": 40,
                "node-pos": 22,
                "replacement-node": 9,
                "html": true
            }
        ],
        "rule-5": [
            {
                "part": null,
                "template-line-number": 52,
                "node-pos": 27,
                "replacement-node": 12,
                "html": true
            }
        ],
        "rule-16": [
            {
                "part": null,
                "template-line-number": 278,
                "node-pos": 120,
                "replacement-node": 64
            }
        ],
        "rule-17": [
            {
                "part": null,
                "template-line-number": 293,
                "node-pos": 126,
                "replacement-node": 67,
                "expression-node": 68
            }
        ],
        "rule-15": [
            {
                "part": null,
                "template-line-number": 195,
                "node-pos": 97,
                "replacement-node": 51
            }
        ],
        "rule-9": [
            {
                "part": null,
                "template-line-number": 78,
                "node-pos": 44,
                "replacement-node": 24,
                "expression-node": 25
            }
        ],
        "rule-13": [
            {
                "part": null,
                "template-line-number": 161,
                "node-pos": 83,
                "replacement-node": 45
            }
        ],
        "rule-18": [
            {
                "part": null,
                "template-line-number": 306,
                "node-pos": 132,
                "replacement-node": 70,
                "expression-node": 71
            }
        ],
        "rule-21": {
            "subs": [
                {
                    "part": "1",
                    "node-pos": 73,
                    "name": "ColumnHeading",
                    "template-line-number": 141,
                    "replacement-node": 39,
                    "extras": {}
                },
                {
                    "part": "2",
                    "node-pos": 77,
                    "name": "ColumnHeading",
                    "template-line-number": 150,
                    "replacement-node": 42,
                    "extras": {}
                },
                {
                    "part": "3",
                    "node-pos": 71,
                    "name": "ColumnHeading",
                    "template-line-number": 137,
                    "replacement-node": 37,
                    "extras": {}
                }
            ],
            "name": "ColumnHeading"
        },
        "rule-6": [
            {
                "part": null,
                "template-line-number": 63,
                "node-pos": 32,
                "replacement-node": 15
            }
        ],
        "rule-11": [
            {
                "part": null,
                "template-line-number": 93,
                "node-pos": 54,
                "replacement-node": 30
            }
        ],
        "rule-12": [
            {
                "part": null,
                "template-line-number": 104,
                "node-pos": 59,
                "replacement-node": 33,
                "html": true
            }
        ],
        "rule-14": [
            {
                "part": null,
                "template-line-number": 174,
                "node-pos": 88,
                "replacement-node": 48
            }
        ],
        "rule-2": [
            {
                "part": null,
                "template-line-number": 28,
                "node-pos": 14,
                "replacement-node": 3,
                "expression-node": 4
            }
        ],
        "rule-7": [
            {
                "part": null,
                "template-line-number": 68,
                "node-pos": 36,
                "replacement-node": 18,
                "expression-node": 19
            }
        ],
        "rule-22": {
            "subs": [
                {
                    "part": "2",
                    "node-pos": 110,
                    "name": "ResearchDevelopmentOrDemonstrationExpenditures",
                    "expression-node": 59,
                    "template-line-number": 258,
                    "replacement-node": 58
                },
                {
                    "part": "3",
                    "node-pos": 114,
                    "name": "ResearchDevelopmentOrDemonstrationExpenditures",
                    "expression-node": 62,
                    "template-line-number": 266,
                    "replacement-node": 61
                }
            ],
            "name": "ResearchDevelopmentOrDemonstrationExpenditures"
        },
        "rule-20": [
            {
                "part": null,
                "template-line-number": 321,
                "node-pos": 140,
                "replacement-node": 76
            }
        ],
        "rule-8": [
            {
                "part": null,
                "template-line-number": 73,
                "node-pos": 40,
                "replacement-node": 21
            }
        ],
        "rule-3": [
            {
                "part": null,
                "template-line-number": 34,
                "node-pos": 18,
                "replacement-node": 6
            }
        ],
        "rule-19": [
            {
                "part": null,
                "template-line-number": 312,
                "node-pos": 136,
                "replacement-node": 73
            }
        ],
        "rule-10": [
            {
                "part": null,
                "template-line-number": 83,
                "node-pos": 48,
                "replacement-node": 27,
                "expression-node": 28
            }
        ]
    }
}