{
    "line-numbers": {},
    "showifs": {
        "rule-1": {
            "type": "showif",
            "template-line-number": 17
        }
    },
    "substitutions": {
        "rule-13": [
            {
                "node-pos": 60,
                "part": null,
                "replacement-node": 34,
                "template-line-number": 105,
                "html": true
            }
        ],
        "rule-10": [
            {
                "node-pos": 45,
                "part": null,
                "replacement-node": 25,
                "expression-node": 26,
                "template-line-number": 79
            }
        ],
        "rule-4": [
            {
                "node-pos": 19,
                "part": null,
                "replacement-node": 7,
                "template-line-number": 37
            }
        ],
        "rule-9": [
            {
                "node-pos": 41,
                "part": null,
                "replacement-node": 22,
                "template-line-number": 75
            }
        ],
        "rule-14": [
            {
                "node-pos": 78,
                "part": null,
                "replacement-node": 37,
                "expression-node": 38,
                "html": true,
                "template-line-number": 130
            }
        ],
        "rule-15": [
            {
                "node-pos": 83,
                "part": null,
                "replacement-node": 40,
                "expression-node": 41,
                "html": true,
                "template-line-number": 141
            }
        ],
        "rule-12": [
            {
                "node-pos": 55,
                "part": null,
                "replacement-node": 31,
                "template-line-number": 94
            }
        ],
        "rule-5": [
            {
                "node-pos": 23,
                "part": null,
                "replacement-node": 10,
                "template-line-number": 43,
                "html": true
            }
        ],
        "rule-24": [
            {
                "node-pos": 128,
                "part": null,
                "replacement-node": 67,
                "template-line-number": 236
            }
        ],
        "rule-8": [
            {
                "node-pos": 37,
                "part": null,
                "replacement-node": 19,
                "expression-node": 20,
                "template-line-number": 70
            }
        ],
        "rule-19": [
            {
                "node-pos": 103,
                "part": null,
                "replacement-node": 52,
                "expression-node": 53,
                "html": true,
                "template-line-number": 185
            }
        ],
        "rule-17": [
            {
                "node-pos": 93,
                "part": null,
                "replacement-node": 46,
                "expression-node": 47,
                "html": true,
                "template-line-number": 163
            }
        ],
        "rule-11": [
            {
                "node-pos": 49,
                "part": null,
                "replacement-node": 28,
                "expression-node": 29,
                "template-line-number": 84
            }
        ],
        "rule-21": [
            {
                "node-pos": 113,
                "part": null,
                "replacement-node": 58,
                "expression-node": 59,
                "html": true,
                "template-line-number": 207
            }
        ],
        "rule-2": [
            {
                "node-pos": 11,
                "part": null,
                "replacement-node": 1,
                "template-line-number": 27
            }
        ],
        "rule-3": [
            {
                "node-pos": 15,
                "part": null,
                "replacement-node": 4,
                "expression-node": 5,
                "template-line-number": 31
            }
        ],
        "rule-16": [
            {
                "node-pos": 88,
                "part": null,
                "replacement-node": 43,
                "expression-node": 44,
                "html": true,
                "template-line-number": 152
            }
        ],
        "rule-22": [
            {
                "node-pos": 118,
                "part": null,
                "replacement-node": 61,
                "expression-node": 62,
                "html": true,
                "template-line-number": 218
            }
        ],
        "rule-18": [
            {
                "node-pos": 98,
                "part": null,
                "replacement-node": 49,
                "expression-node": 50,
                "html": true,
                "template-line-number": 174
            }
        ],
        "rule-7": [
            {
                "node-pos": 33,
                "part": null,
                "replacement-node": 16,
                "template-line-number": 66
            }
        ],
        "rule-25": [
            {
                "node-pos": 132,
                "part": null,
                "replacement-node": 70,
                "template-line-number": 245
            }
        ],
        "rule-23": [
            {
                "node-pos": 124,
                "part": null,
                "replacement-node": 64,
                "expression-node": 65,
                "template-line-number": 231
            }
        ],
        "rule-6": [
            {
                "node-pos": 28,
                "part": null,
                "replacement-node": 13,
                "template-line-number": 55,
                "html": true
            }
        ],
        "rule-20": [
            {
                "node-pos": 108,
                "part": null,
                "replacement-node": 55,
                "expression-node": 56,
                "html": true,
                "template-line-number": 196
            }
        ]
    }
}