{
    "substitutions": {
        "rule-5": [
            {
                "html": true,
                "replacement-node": 10,
                "template-line-number": 44,
                "node-pos": 22,
                "part": null
            }
        ],
        "rule-4": [
            {
                "replacement-node": 7,
                "template-line-number": 38,
                "node-pos": 18,
                "part": null
            }
        ],
        "rule-11": [
            {
                "replacement-node": 28,
                "template-line-number": 87,
                "node-pos": 48,
                "part": null,
                "expression-node": 29
            }
        ],
        "rule-18": {
            "name": "movement_prior",
            "subs": [
                {
                    "name": "movement_prior",
                    "node-pos": 117,
                    "part": "10",
                    "replacement-node": 72,
                    "template-line-number": 387,
                    "expression-node": 73
                },
                {
                    "name": "movement_prior",
                    "node-pos": 122,
                    "part": "11",
                    "replacement-node": 76,
                    "template-line-number": 398,
                    "expression-node": 77
                },
                {
                    "name": "movement_prior",
                    "node-pos": 85,
                    "part": "2",
                    "replacement-node": 48,
                    "template-line-number": 329,
                    "extras": {}
                },
                {
                    "name": "movement_prior",
                    "node-pos": 89,
                    "part": "3",
                    "replacement-node": 51,
                    "template-line-number": 336,
                    "expression-node": 52
                },
                {
                    "name": "movement_prior",
                    "node-pos": 93,
                    "part": "4",
                    "replacement-node": 54,
                    "template-line-number": 343,
                    "expression-node": 55
                },
                {
                    "name": "movement_prior",
                    "node-pos": 97,
                    "part": "5",
                    "replacement-node": 57,
                    "template-line-number": 350,
                    "expression-node": 58
                },
                {
                    "name": "movement_prior",
                    "node-pos": 101,
                    "part": "6",
                    "replacement-node": 60,
                    "template-line-number": 357,
                    "expression-node": 61
                },
                {
                    "name": "movement_prior",
                    "node-pos": 105,
                    "part": "7",
                    "replacement-node": 63,
                    "template-line-number": 364,
                    "expression-node": 64
                },
                {
                    "name": "movement_prior",
                    "node-pos": 109,
                    "part": "8",
                    "replacement-node": 66,
                    "template-line-number": 371,
                    "expression-node": 67
                },
                {
                    "name": "movement_prior",
                    "node-pos": 113,
                    "part": "9",
                    "replacement-node": 69,
                    "template-line-number": 378,
                    "expression-node": 70
                }
            ]
        },
        "rule-3": [
            {
                "replacement-node": 4,
                "template-line-number": 32,
                "node-pos": 14,
                "part": null,
                "expression-node": 5
            }
        ],
        "rule-10": [
            {
                "replacement-node": 25,
                "template-line-number": 82,
                "node-pos": 44,
                "part": null,
                "expression-node": 26
            }
        ],
        "rule-9": [
            {
                "replacement-node": 22,
                "template-line-number": 77,
                "node-pos": 40,
                "part": null
            }
        ],
        "rule-13": [
            {
                "html": true,
                "replacement-node": 34,
                "template-line-number": 111,
                "node-pos": 59,
                "part": null
            }
        ],
        "rule-6": [
            {
                "html": true,
                "replacement-node": 13,
                "template-line-number": 56,
                "node-pos": 27,
                "part": null
            }
        ],
        "rule-12": [
            {
                "replacement-node": 31,
                "template-line-number": 100,
                "node-pos": 54,
                "part": null
            }
        ],
        "rule-15": [
            {
                "replacement-node": 83,
                "template-line-number": 418,
                "node-pos": 133,
                "part": null
            }
        ],
        "rule-7": [
            {
                "replacement-node": 16,
                "template-line-number": 67,
                "node-pos": 32,
                "part": null
            }
        ],
        "rule-2": [
            {
                "replacement-node": 1,
                "template-line-number": 27,
                "node-pos": 10,
                "part": null
            }
        ],
        "rule-8": [
            {
                "replacement-node": 19,
                "template-line-number": 72,
                "node-pos": 36,
                "part": null,
                "expression-node": 20
            }
        ],
        "rule-17": {
            "name": "AOCIHeadings",
            "subs": [
                {
                    "name": "AOCIHeadings",
                    "node-pos": 71,
                    "part": "1",
                    "replacement-node": 38,
                    "template-line-number": 138,
                    "extras": {}
                },
                {
                    "name": "AOCIHeadings",
                    "node-pos": 75,
                    "part": "2",
                    "replacement-node": 41,
                    "template-line-number": 145,
                    "extras": {}
                }
            ]
        },
        "rule-16": [
            {
                "replacement-node": 86,
                "template-line-number": 427,
                "node-pos": 137,
                "part": null
            }
        ],
        "rule-14": [
            {
                "replacement-node": 80,
                "template-line-number": 413,
                "node-pos": 129,
                "part": null,
                "expression-node": 81
            }
        ]
    },
    "showifs": {
        "rule-1": {
            "type": "showif",
            "template-line-number": 17
        }
    },
    "line-numbers": {
        "movement_prior": [
            {
                "start-number": 1,
                "template-line-number": 326,
                "line-number-node": 45
            }
        ]
    }
}