{
    "substitutions": {
        "rule-9": [
            {
                "node-pos": 43,
                "part": null,
                "replacement-node": 24,
                "expression-node": 25,
                "template-line-number": 75
            }
        ],
        "rule-23": [
            {
                "node-pos": 174,
                "part": null,
                "replacement-node": 99,
                "expression-node": 100,
                "template-line-number": 433
            }
        ],
        "rule-25": [
            {
                "node-pos": 183,
                "part": null,
                "replacement-node": 105,
                "template-line-number": 462
            }
        ],
        "rule-33": [
            {
                "node-pos": 266,
                "part": null,
                "replacement-node": 155,
                "template-line-number": 770
            }
        ],
        "rule-7": [
            {
                "node-pos": 35,
                "part": null,
                "replacement-node": 18,
                "expression-node": 19,
                "template-line-number": 66
            }
        ],
        "rule-16": [
            {
                "node-pos": 119,
                "part": null,
                "replacement-node": 65,
                "expression-node": 66,
                "template-line-number": 259
            }
        ],
        "rule-32": [
            {
                "node-pos": 262,
                "part": null,
                "replacement-node": 152,
                "template-line-number": 745
            }
        ],
        "rule-39": [
            {
                "node-pos": 320,
                "part": null,
                "replacement-node": 189,
                "template-line-number": 987
            }
        ],
        "rule-35": [
            {
                "node-pos": 276,
                "part": null,
                "replacement-node": 161,
                "expression-node": 162,
                "template-line-number": 794
            }
        ],
        "rule-12": [
            {
                "node-pos": 58,
                "part": null,
                "html": true,
                "replacement-node": 33,
                "template-line-number": 101
            }
        ],
        "rule-40": [
            {
                "node-pos": 326,
                "part": null,
                "replacement-node": 192,
                "expression-node": 193,
                "template-line-number": 1001
            }
        ],
        "rule-30": [
            {
                "node-pos": 230,
                "part": null,
                "replacement-node": 133,
                "template-line-number": 618
            }
        ],
        "rule-58": {
            "name": "CapitalStockDataLineItems",
            "subs": [
                {
                    "name": "CapitalStockDataLineItems",
                    "replacement-node": 236,
                    "expression-node": 237,
                    "template-line-number": 1303,
                    "node-pos": 396,
                    "part": "3"
                },
                {
                    "name": "CapitalStockDataLineItems",
                    "replacement-node": 239,
                    "extras": {},
                    "node-pos": 400,
                    "part": "4",
                    "template-line-number": 1312
                },
                {
                    "name": "CapitalStockDataLineItems",
                    "replacement-node": 242,
                    "expression-node": 243,
                    "template-line-number": 1321,
                    "node-pos": 404,
                    "part": "5"
                },
                {
                    "name": "CapitalStockDataLineItems",
                    "replacement-node": 245,
                    "expression-node": 246,
                    "template-line-number": 1330,
                    "node-pos": 408,
                    "part": "6"
                }
            ]
        },
        "rule-37": [
            {
                "node-pos": 285,
                "part": null,
                "replacement-node": 167,
                "template-line-number": 830
            }
        ],
        "rule-15": [
            {
                "node-pos": 113,
                "part": null,
                "replacement-node": 62,
                "template-line-number": 245
            }
        ],
        "rule-17": [
            {
                "node-pos": 123,
                "part": null,
                "replacement-node": 68,
                "expression-node": 69,
                "template-line-number": 269
            }
        ],
        "rule-19": [
            {
                "node-pos": 132,
                "part": null,
                "replacement-node": 74,
                "template-line-number": 296
            }
        ],
        "rule-36": [
            {
                "node-pos": 281,
                "part": null,
                "replacement-node": 164,
                "template-line-number": 805
            }
        ],
        "rule-20": [
            {
                "node-pos": 160,
                "part": null,
                "replacement-node": 90,
                "template-line-number": 392
            }
        ],
        "rule-29": [
            {
                "node-pos": 225,
                "part": null,
                "replacement-node": 130,
                "expression-node": 131,
                "template-line-number": 606
            }
        ],
        "rule-26": [
            {
                "node-pos": 211,
                "part": null,
                "replacement-node": 121,
                "template-line-number": 561
            }
        ],
        "rule-61": {
            "name": "PreferredStockSubscribedLineItems",
            "subs": [
                {
                    "name": "PreferredStockSubscribedLineItems",
                    "replacement-node": 115,
                    "expression-node": 116,
                    "template-line-number": 544,
                    "node-pos": 202,
                    "part": "3"
                },
                {
                    "name": "PreferredStockSubscribedLineItems",
                    "replacement-node": 112,
                    "expression-node": 113,
                    "template-line-number": 534,
                    "node-pos": 197,
                    "part": "4"
                },
                {
                    "name": "PreferredStockSubscribedLineItems",
                    "replacement-node": 118,
                    "expression-node": 119,
                    "template-line-number": 552,
                    "node-pos": 206,
                    "part": "4"
                }
            ]
        },
        "rule-13": [
            {
                "node-pos": 81,
                "part": null,
                "replacement-node": 43,
                "template-line-number": 148
            }
        ],
        "rule-59": {
            "name": "CommonStockConvertedLineItems",
            "subs": [
                {
                    "name": "CommonStockConvertedLineItems",
                    "replacement-node": 84,
                    "expression-node": 85,
                    "template-line-number": 375,
                    "node-pos": 151,
                    "part": "3"
                },
                {
                    "name": "CommonStockConvertedLineItems",
                    "replacement-node": 81,
                    "expression-node": 82,
                    "template-line-number": 365,
                    "node-pos": 146,
                    "part": "4"
                },
                {
                    "name": "CommonStockConvertedLineItems",
                    "replacement-node": 87,
                    "expression-node": 88,
                    "template-line-number": 383,
                    "node-pos": 155,
                    "part": "4"
                }
            ]
        },
        "rule-27": [
            {
                "node-pos": 215,
                "part": null,
                "replacement-node": 124,
                "template-line-number": 582
            }
        ],
        "rule-22": [
            {
                "node-pos": 170,
                "part": null,
                "replacement-node": 96,
                "expression-node": 97,
                "template-line-number": 423
            }
        ],
        "rule-49": [
            {
                "node-pos": 417,
                "part": null,
                "replacement-node": 251,
                "template-line-number": 1346
            }
        ],
        "rule-18": [
            {
                "node-pos": 128,
                "part": null,
                "replacement-node": 71,
                "template-line-number": 282
            }
        ],
        "rule-14": [
            {
                "node-pos": 109,
                "part": null,
                "replacement-node": 59,
                "template-line-number": 232
            }
        ],
        "rule-47": [
            {
                "node-pos": 381,
                "part": null,
                "replacement-node": 226,
                "expression-node": 227,
                "template-line-number": 1225
            }
        ],
        "rule-34": [
            {
                "node-pos": 272,
                "part": null,
                "replacement-node": 158,
                "expression-node": 159,
                "template-line-number": 784
            }
        ],
        "rule-62": {
            "name": "PremiumLineItems",
            "subs": [
                {
                    "name": "PremiumLineItems",
                    "replacement-node": 177,
                    "extras": {},
                    "node-pos": 303,
                    "part": "3",
                    "template-line-number": 930
                },
                {
                    "name": "PremiumLineItems",
                    "replacement-node": 174,
                    "expression-node": 175,
                    "template-line-number": 921,
                    "node-pos": 299,
                    "part": "4"
                },
                {
                    "name": "PremiumLineItems",
                    "replacement-node": 180,
                    "expression-node": 181,
                    "template-line-number": 939,
                    "node-pos": 307,
                    "part": "4"
                },
                {
                    "name": "PremiumLineItems",
                    "replacement-node": 183,
                    "expression-node": 184,
                    "template-line-number": 948,
                    "node-pos": 311,
                    "part": "5"
                }
            ]
        },
        "rule-6": [
            {
                "node-pos": 31,
                "part": null,
                "replacement-node": 15,
                "template-line-number": 61
            }
        ],
        "rule-51": [
            {
                "node-pos": 427,
                "part": null,
                "replacement-node": 257,
                "expression-node": 258,
                "template-line-number": 1370
            }
        ],
        "rule-60": {
            "name": "PreferredStockConvertedLineItems",
            "subs": [
                {
                    "name": "PreferredStockConvertedLineItems",
                    "replacement-node": 146,
                    "expression-node": 147,
                    "template-line-number": 728,
                    "node-pos": 253,
                    "part": "3"
                },
                {
                    "name": "PreferredStockConvertedLineItems",
                    "replacement-node": 143,
                    "expression-node": 144,
                    "template-line-number": 718,
                    "node-pos": 248,
                    "part": "4"
                },
                {
                    "name": "PreferredStockConvertedLineItems",
                    "replacement-node": 149,
                    "expression-node": 150,
                    "template-line-number": 736,
                    "node-pos": 257,
                    "part": "4"
                }
            ]
        },
        "rule-1": [
            {
                "node-pos": 9,
                "part": null,
                "replacement-node": 0,
                "template-line-number": 21
            }
        ],
        "rule-43": [
            {
                "node-pos": 339,
                "part": null,
                "replacement-node": 201,
                "template-line-number": 1051
            }
        ],
        "rule-53": [
            {
                "node-pos": 437,
                "part": null,
                "replacement-node": 263,
                "template-line-number": 1388
            }
        ],
        "rule-63": {
            "name": "CapitalStockHeader",
            "subs": [
                {
                    "name": "CapitalStockHeader",
                    "replacement-node": 230,
                    "extras": {},
                    "node-pos": 387,
                    "part": "1",
                    "template-line-number": 1246
                }
            ]
        },
        "rule-50": [
            {
                "node-pos": 423,
                "part": null,
                "replacement-node": 254,
                "expression-node": 255,
                "template-line-number": 1360
            }
        ],
        "rule-56": {
            "name": "CommonStockSubscribedLineItems",
            "subs": [
                {
                    "name": "CommonStockSubscribedLineItems",
                    "replacement-node": 50,
                    "expression-node": 51,
                    "template-line-number": 207,
                    "node-pos": 95,
                    "part": "2"
                },
                {
                    "name": "CommonStockSubscribedLineItems",
                    "replacement-node": 53,
                    "expression-node": 54,
                    "template-line-number": 215,
                    "node-pos": 100,
                    "part": "3"
                },
                {
                    "name": "CommonStockSubscribedLineItems",
                    "replacement-node": 56,
                    "expression-node": 57,
                    "template-line-number": 223,
                    "node-pos": 104,
                    "part": "4"
                }
            ]
        },
        "rule-3": [
            {
                "node-pos": 17,
                "part": null,
                "replacement-node": 6,
                "template-line-number": 32
            }
        ],
        "rule-38": [
            {
                "node-pos": 316,
                "part": null,
                "replacement-node": 186,
                "template-line-number": 958
            }
        ],
        "rule-55": {
            "name": "InstallmentsLineItems",
            "subs": [
                {
                    "name": "InstallmentsLineItems",
                    "replacement-node": 208,
                    "expression-node": 209,
                    "template-line-number": 1138,
                    "node-pos": 353,
                    "part": "2"
                },
                {
                    "name": "InstallmentsLineItems",
                    "replacement-node": 211,
                    "expression-node": 212,
                    "template-line-number": 1149,
                    "node-pos": 358,
                    "part": "3"
                },
                {
                    "name": "InstallmentsLineItems",
                    "replacement-node": 214,
                    "expression-node": 215,
                    "template-line-number": 1158,
                    "node-pos": 362,
                    "part": "4"
                }
            ]
        },
        "rule-21": [
            {
                "node-pos": 164,
                "part": null,
                "replacement-node": 93,
                "template-line-number": 409
            }
        ],
        "rule-28": [
            {
                "node-pos": 221,
                "part": null,
                "replacement-node": 127,
                "expression-node": 128,
                "template-line-number": 596
            }
        ],
        "rule-44": [
            {
                "node-pos": 367,
                "part": null,
                "replacement-node": 217,
                "template-line-number": 1168
            }
        ],
        "rule-4": [
            {
                "node-pos": 21,
                "part": null,
                "html": true,
                "replacement-node": 9,
                "template-line-number": 38
            }
        ],
        "rule-45": [
            {
                "node-pos": 371,
                "part": null,
                "replacement-node": 220,
                "template-line-number": 1201
            }
        ],
        "rule-46": [
            {
                "node-pos": 377,
                "part": null,
                "replacement-node": 223,
                "expression-node": 224,
                "template-line-number": 1215
            }
        ],
        "rule-42": [
            {
                "node-pos": 335,
                "part": null,
                "replacement-node": 198,
                "template-line-number": 1022
            }
        ],
        "rule-54": [
            {
                "node-pos": 441,
                "part": null,
                "replacement-node": 266,
                "template-line-number": 1397
            }
        ],
        "rule-10": [
            {
                "node-pos": 47,
                "part": null,
                "replacement-node": 27,
                "expression-node": 28,
                "template-line-number": 80
            }
        ],
        "rule-11": [
            {
                "node-pos": 53,
                "part": null,
                "replacement-node": 30,
                "template-line-number": 90
            }
        ],
        "rule-48": [
            {
                "node-pos": 413,
                "part": null,
                "replacement-node": 248,
                "template-line-number": 1339
            }
        ],
        "rule-31": [
            {
                "node-pos": 234,
                "part": null,
                "replacement-node": 136,
                "template-line-number": 639
            }
        ],
        "rule-5": [
            {
                "node-pos": 26,
                "part": null,
                "html": true,
                "replacement-node": 12,
                "template-line-number": 50
            }
        ],
        "rule-41": [
            {
                "node-pos": 330,
                "part": null,
                "replacement-node": 195,
                "expression-node": 196,
                "template-line-number": 1011
            }
        ],
        "rule-52": [
            {
                "node-pos": 433,
                "part": null,
                "replacement-node": 260,
                "expression-node": 261,
                "template-line-number": 1383
            }
        ],
        "rule-8": [
            {
                "node-pos": 39,
                "part": null,
                "replacement-node": 21,
                "template-line-number": 71
            }
        ],
        "rule-57": {
            "name": "CSHeadings",
            "subs": [
                {
                    "name": "CSHeadings",
                    "replacement-node": 37,
                    "extras": {},
                    "node-pos": 71,
                    "part": "1",
                    "template-line-number": 129
                },
                {
                    "name": "CSHeadings",
                    "replacement-node": 40,
                    "extras": {},
                    "node-pos": 75,
                    "part": "2",
                    "template-line-number": 136
                }
            ]
        },
        "rule-2": [
            {
                "node-pos": 13,
                "part": null,
                "replacement-node": 3,
                "expression-node": 4,
                "template-line-number": 26
            }
        ],
        "rule-24": [
            {
                "node-pos": 179,
                "part": null,
                "replacement-node": 102,
                "template-line-number": 445
            }
        ]
    },
    "showifs": {},
    "line-numbers": {
        "InstallmentsLineItems": [
            {
                "start-rule": "rule-68",
                "line-number-node": 205,
                "template-line-number": 1108
            }
        ],
        "CommonStockConvertedLineItems": [
            {
                "start-rule": "rule-64",
                "line-number-node": 78,
                "template-line-number": 350
            }
        ],
        "PreferredStockSubscribedLineItems": [
            {
                "start-rule": "rule-65",
                "line-number-node": 109,
                "template-line-number": 516
            }
        ],
        "PremiumLineItems": [
            {
                "start-rule": "rule-67",
                "line-number-node": 171,
                "template-line-number": 894
            }
        ],
        "CommonStockSubscribedLineItems": [
            {
                "line-number-node": 47,
                "start-number": 2,
                "template-line-number": 201
            }
        ],
        "CapitalStockDataLineItems": [
            {
                "line-number-node": 233,
                "start-number": 1,
                "template-line-number": 1297
            }
        ],
        "PreferredStockConvertedLineItems": [
            {
                "start-rule": "rule-66",
                "line-number-node": 140,
                "template-line-number": 696
            }
        ]
    }
}