{
    "line-numbers": {
        "PreferredStockSubscribedLineItems": [
            {
                "line-number-node": 110,
                "template-line-number": 522,
                "start-rule": "rule-66"
            }
        ],
        "PremiumLineItems": [
            {
                "line-number-node": 172,
                "template-line-number": 900,
                "start-rule": "rule-68"
            }
        ],
        "CommonStockConvertedLineItems": [
            {
                "line-number-node": 79,
                "template-line-number": 356,
                "start-rule": "rule-65"
            }
        ],
        "CapitalStockDataLineItems": [
            {
                "line-number-node": 234,
                "template-line-number": 1303,
                "start-number": 1
            }
        ],
        "CommonStockSubscribedLineItems": [
            {
                "line-number-node": 48,
                "template-line-number": 207,
                "start-number": 2
            }
        ],
        "InstallmentsLineItems": [
            {
                "line-number-node": 206,
                "template-line-number": 1114,
                "start-rule": "rule-69"
            }
        ],
        "PreferredStockConvertedLineItems": [
            {
                "line-number-node": 141,
                "template-line-number": 702,
                "start-rule": "rule-67"
            }
        ]
    },
    "showifs": {
        "rule-1": {
            "template-line-number": 17,
            "type": "showif"
        }
    },
    "substitutions": {
        "rule-3": [
            {
                "node-pos": 14,
                "expression-node": 5,
                "template-line-number": 32,
                "part": null,
                "replacement-node": 4
            }
        ],
        "rule-39": [
            {
                "node-pos": 317,
                "template-line-number": 964,
                "part": null,
                "replacement-node": 187
            }
        ],
        "rule-28": [
            {
                "node-pos": 216,
                "template-line-number": 588,
                "part": null,
                "replacement-node": 125
            }
        ],
        "rule-8": [
            {
                "node-pos": 36,
                "expression-node": 20,
                "template-line-number": 72,
                "part": null,
                "replacement-node": 19
            }
        ],
        "rule-52": [
            {
                "node-pos": 428,
                "expression-node": 259,
                "template-line-number": 1376,
                "part": null,
                "replacement-node": 258
            }
        ],
        "rule-12": [
            {
                "node-pos": 54,
                "template-line-number": 96,
                "part": null,
                "replacement-node": 31
            }
        ],
        "rule-15": [
            {
                "node-pos": 110,
                "template-line-number": 238,
                "part": null,
                "replacement-node": 60
            }
        ],
        "rule-55": [
            {
                "node-pos": 442,
                "template-line-number": 1403,
                "part": null,
                "replacement-node": 267
            }
        ],
        "rule-60": {
            "name": "PreferredStockConvertedLineItems",
            "subs": [
                {
                    "name": "PreferredStockConvertedLineItems",
                    "node-pos": 254,
                    "part": "3",
                    "expression-node": 148,
                    "template-line-number": 734,
                    "replacement-node": 147
                },
                {
                    "name": "PreferredStockConvertedLineItems",
                    "node-pos": 249,
                    "part": "4",
                    "expression-node": 145,
                    "template-line-number": 724,
                    "replacement-node": 144
                },
                {
                    "name": "PreferredStockConvertedLineItems",
                    "node-pos": 258,
                    "part": "4",
                    "expression-node": 151,
                    "template-line-number": 742,
                    "replacement-node": 150
                }
            ]
        },
        "rule-62": {
            "name": "CapitalStockDataLineItems",
            "subs": [
                {
                    "name": "CapitalStockDataLineItems",
                    "node-pos": 397,
                    "part": "3",
                    "expression-node": 238,
                    "template-line-number": 1309,
                    "replacement-node": 237
                },
                {
                    "name": "CapitalStockDataLineItems",
                    "node-pos": 401,
                    "extras": {},
                    "part": "4",
                    "template-line-number": 1318,
                    "replacement-node": 240
                },
                {
                    "name": "CapitalStockDataLineItems",
                    "node-pos": 405,
                    "part": "5",
                    "expression-node": 244,
                    "template-line-number": 1327,
                    "replacement-node": 243
                },
                {
                    "name": "CapitalStockDataLineItems",
                    "node-pos": 409,
                    "part": "6",
                    "expression-node": 247,
                    "template-line-number": 1336,
                    "replacement-node": 246
                }
            ]
        },
        "rule-19": [
            {
                "node-pos": 129,
                "template-line-number": 288,
                "part": null,
                "replacement-node": 72
            }
        ],
        "rule-35": [
            {
                "node-pos": 273,
                "expression-node": 160,
                "template-line-number": 790,
                "part": null,
                "replacement-node": 159
            }
        ],
        "rule-56": {
            "name": "CSHeadings",
            "subs": [
                {
                    "name": "CSHeadings",
                    "node-pos": 72,
                    "extras": {},
                    "part": "1",
                    "template-line-number": 135,
                    "replacement-node": 38
                },
                {
                    "name": "CSHeadings",
                    "node-pos": 76,
                    "extras": {},
                    "part": "2",
                    "template-line-number": 142,
                    "replacement-node": 41
                }
            ]
        },
        "rule-9": [
            {
                "node-pos": 40,
                "template-line-number": 77,
                "part": null,
                "replacement-node": 22
            }
        ],
        "rule-32": [
            {
                "node-pos": 235,
                "template-line-number": 645,
                "part": null,
                "replacement-node": 137
            }
        ],
        "rule-31": [
            {
                "node-pos": 231,
                "template-line-number": 624,
                "part": null,
                "replacement-node": 134
            }
        ],
        "rule-5": [
            {
                "node-pos": 22,
                "html": true,
                "template-line-number": 44,
                "part": null,
                "replacement-node": 10
            }
        ],
        "rule-10": [
            {
                "node-pos": 44,
                "expression-node": 26,
                "template-line-number": 81,
                "part": null,
                "replacement-node": 25
            }
        ],
        "rule-6": [
            {
                "node-pos": 27,
                "html": true,
                "template-line-number": 56,
                "part": null,
                "replacement-node": 13
            }
        ],
        "rule-29": [
            {
                "node-pos": 222,
                "expression-node": 129,
                "template-line-number": 602,
                "part": null,
                "replacement-node": 128
            }
        ],
        "rule-14": [
            {
                "node-pos": 82,
                "template-line-number": 154,
                "part": null,
                "replacement-node": 44
            }
        ],
        "rule-24": [
            {
                "node-pos": 175,
                "expression-node": 101,
                "template-line-number": 439,
                "part": null,
                "replacement-node": 100
            }
        ],
        "rule-49": [
            {
                "node-pos": 414,
                "template-line-number": 1345,
                "part": null,
                "replacement-node": 249
            }
        ],
        "rule-57": {
            "name": "PreferredStockSubscribedLineItems",
            "subs": [
                {
                    "name": "PreferredStockSubscribedLineItems",
                    "node-pos": 203,
                    "part": "3",
                    "expression-node": 117,
                    "template-line-number": 550,
                    "replacement-node": 116
                },
                {
                    "name": "PreferredStockSubscribedLineItems",
                    "node-pos": 198,
                    "part": "4",
                    "expression-node": 114,
                    "template-line-number": 540,
                    "replacement-node": 113
                },
                {
                    "name": "PreferredStockSubscribedLineItems",
                    "node-pos": 207,
                    "part": "4",
                    "expression-node": 120,
                    "template-line-number": 558,
                    "replacement-node": 119
                }
            ]
        },
        "rule-38": [
            {
                "node-pos": 286,
                "template-line-number": 836,
                "part": null,
                "replacement-node": 168
            }
        ],
        "rule-53": [
            {
                "node-pos": 434,
                "expression-node": 262,
                "template-line-number": 1389,
                "part": null,
                "replacement-node": 261
            }
        ],
        "rule-43": [
            {
                "node-pos": 336,
                "template-line-number": 1028,
                "part": null,
                "replacement-node": 199
            }
        ],
        "rule-22": [
            {
                "node-pos": 165,
                "template-line-number": 415,
                "part": null,
                "replacement-node": 94
            }
        ],
        "rule-45": [
            {
                "node-pos": 368,
                "template-line-number": 1174,
                "part": null,
                "replacement-node": 218
            }
        ],
        "rule-17": [
            {
                "node-pos": 120,
                "expression-node": 67,
                "template-line-number": 265,
                "part": null,
                "replacement-node": 66
            }
        ],
        "rule-11": [
            {
                "node-pos": 48,
                "expression-node": 29,
                "template-line-number": 86,
                "part": null,
                "replacement-node": 28
            }
        ],
        "rule-47": [
            {
                "node-pos": 378,
                "expression-node": 225,
                "template-line-number": 1221,
                "part": null,
                "replacement-node": 224
            }
        ],
        "rule-44": [
            {
                "node-pos": 340,
                "template-line-number": 1057,
                "part": null,
                "replacement-node": 202
            }
        ],
        "rule-33": [
            {
                "node-pos": 263,
                "template-line-number": 751,
                "part": null,
                "replacement-node": 153
            }
        ],
        "rule-41": [
            {
                "node-pos": 327,
                "expression-node": 194,
                "template-line-number": 1007,
                "part": null,
                "replacement-node": 193
            }
        ],
        "rule-23": [
            {
                "node-pos": 171,
                "expression-node": 98,
                "template-line-number": 429,
                "part": null,
                "replacement-node": 97
            }
        ],
        "rule-34": [
            {
                "node-pos": 267,
                "template-line-number": 776,
                "part": null,
                "replacement-node": 156
            }
        ],
        "rule-54": [
            {
                "node-pos": 438,
                "template-line-number": 1394,
                "part": null,
                "replacement-node": 264
            }
        ],
        "rule-30": [
            {
                "node-pos": 226,
                "expression-node": 132,
                "template-line-number": 612,
                "part": null,
                "replacement-node": 131
            }
        ],
        "rule-21": [
            {
                "node-pos": 161,
                "template-line-number": 398,
                "part": null,
                "replacement-node": 91
            }
        ],
        "rule-16": [
            {
                "node-pos": 114,
                "template-line-number": 251,
                "part": null,
                "replacement-node": 63
            }
        ],
        "rule-40": [
            {
                "node-pos": 321,
                "template-line-number": 993,
                "part": null,
                "replacement-node": 190
            }
        ],
        "rule-13": [
            {
                "node-pos": 59,
                "html": true,
                "template-line-number": 107,
                "part": null,
                "replacement-node": 34
            }
        ],
        "rule-63": {
            "name": "CommonStockSubscribedLineItems",
            "subs": [
                {
                    "name": "CommonStockSubscribedLineItems",
                    "node-pos": 96,
                    "part": "2",
                    "expression-node": 52,
                    "template-line-number": 213,
                    "replacement-node": 51
                },
                {
                    "name": "CommonStockSubscribedLineItems",
                    "node-pos": 101,
                    "part": "3",
                    "expression-node": 55,
                    "template-line-number": 221,
                    "replacement-node": 54
                },
                {
                    "name": "CommonStockSubscribedLineItems",
                    "node-pos": 105,
                    "part": "4",
                    "expression-node": 58,
                    "template-line-number": 229,
                    "replacement-node": 57
                }
            ]
        },
        "rule-27": [
            {
                "node-pos": 212,
                "template-line-number": 567,
                "part": null,
                "replacement-node": 122
            }
        ],
        "rule-46": [
            {
                "node-pos": 372,
                "template-line-number": 1207,
                "part": null,
                "replacement-node": 221
            }
        ],
        "rule-18": [
            {
                "node-pos": 124,
                "expression-node": 70,
                "template-line-number": 275,
                "part": null,
                "replacement-node": 69
            }
        ],
        "rule-59": {
            "name": "CapitalStockHeader",
            "subs": [
                {
                    "name": "CapitalStockHeader",
                    "node-pos": 388,
                    "extras": {},
                    "part": "1",
                    "template-line-number": 1252,
                    "replacement-node": 231
                }
            ]
        },
        "rule-7": [
            {
                "node-pos": 32,
                "template-line-number": 67,
                "part": null,
                "replacement-node": 16
            }
        ],
        "rule-36": [
            {
                "node-pos": 277,
                "expression-node": 163,
                "template-line-number": 800,
                "part": null,
                "replacement-node": 162
            }
        ],
        "rule-4": [
            {
                "node-pos": 18,
                "template-line-number": 38,
                "part": null,
                "replacement-node": 7
            }
        ],
        "rule-25": [
            {
                "node-pos": 180,
                "template-line-number": 451,
                "part": null,
                "replacement-node": 103
            }
        ],
        "rule-20": [
            {
                "node-pos": 133,
                "template-line-number": 302,
                "part": null,
                "replacement-node": 75
            }
        ],
        "rule-50": [
            {
                "node-pos": 418,
                "template-line-number": 1352,
                "part": null,
                "replacement-node": 252
            }
        ],
        "rule-2": [
            {
                "node-pos": 10,
                "template-line-number": 27,
                "part": null,
                "replacement-node": 1
            }
        ],
        "rule-64": {
            "name": "InstallmentsLineItems",
            "subs": [
                {
                    "name": "InstallmentsLineItems",
                    "node-pos": 354,
                    "part": "2",
                    "expression-node": 210,
                    "template-line-number": 1144,
                    "replacement-node": 209
                },
                {
                    "name": "InstallmentsLineItems",
                    "node-pos": 359,
                    "part": "3",
                    "expression-node": 213,
                    "template-line-number": 1155,
                    "replacement-node": 212
                },
                {
                    "name": "InstallmentsLineItems",
                    "node-pos": 363,
                    "part": "4",
                    "expression-node": 216,
                    "template-line-number": 1164,
                    "replacement-node": 215
                }
            ]
        },
        "rule-48": [
            {
                "node-pos": 382,
                "expression-node": 228,
                "template-line-number": 1231,
                "part": null,
                "replacement-node": 227
            }
        ],
        "rule-61": {
            "name": "PremiumLineItems",
            "subs": [
                {
                    "name": "PremiumLineItems",
                    "node-pos": 304,
                    "extras": {},
                    "part": "3",
                    "template-line-number": 936,
                    "replacement-node": 178
                },
                {
                    "name": "PremiumLineItems",
                    "node-pos": 300,
                    "part": "4",
                    "expression-node": 176,
                    "template-line-number": 927,
                    "replacement-node": 175
                },
                {
                    "name": "PremiumLineItems",
                    "node-pos": 308,
                    "part": "4",
                    "expression-node": 182,
                    "template-line-number": 945,
                    "replacement-node": 181
                },
                {
                    "name": "PremiumLineItems",
                    "node-pos": 312,
                    "part": "5",
                    "expression-node": 185,
                    "template-line-number": 954,
                    "replacement-node": 184
                }
            ]
        },
        "rule-51": [
            {
                "node-pos": 424,
                "expression-node": 256,
                "template-line-number": 1366,
                "part": null,
                "replacement-node": 255
            }
        ],
        "rule-58": {
            "name": "CommonStockConvertedLineItems",
            "subs": [
                {
                    "name": "CommonStockConvertedLineItems",
                    "node-pos": 152,
                    "part": "3",
                    "expression-node": 86,
                    "template-line-number": 381,
                    "replacement-node": 85
                },
                {
                    "name": "CommonStockConvertedLineItems",
                    "node-pos": 147,
                    "part": "4",
                    "expression-node": 83,
                    "template-line-number": 371,
                    "replacement-node": 82
                },
                {
                    "name": "CommonStockConvertedLineItems",
                    "node-pos": 156,
                    "part": "4",
                    "expression-node": 89,
                    "template-line-number": 389,
                    "replacement-node": 88
                }
            ]
        },
        "rule-37": [
            {
                "node-pos": 282,
                "template-line-number": 811,
                "part": null,
                "replacement-node": 165
            }
        ],
        "rule-42": [
            {
                "node-pos": 331,
                "expression-node": 197,
                "template-line-number": 1017,
                "part": null,
                "replacement-node": 196
            }
        ],
        "rule-26": [
            {
                "node-pos": 184,
                "template-line-number": 468,
                "part": null,
                "replacement-node": 106
            }
        ]
    }
}