{
    "showifs": {},
    "substitutions": {
        "rule-22": [
            {
                "node-pos": 165,
                "replacement-node": 96,
                "template-line-number": 378,
                "part": null
            }
        ],
        "rule-2": [
            {
                "expression-node": 4,
                "node-pos": 13,
                "replacement-node": 3,
                "template-line-number": 25,
                "part": null
            }
        ],
        "rule-5": [
            {
                "html": true,
                "node-pos": 26,
                "replacement-node": 12,
                "template-line-number": 49,
                "part": null
            }
        ],
        "rule-18": [
            {
                "expression-node": 85,
                "node-pos": 146,
                "replacement-node": 84,
                "template-line-number": 339,
                "part": null
            }
        ],
        "rule-1": [
            {
                "node-pos": 9,
                "replacement-node": 0,
                "template-line-number": 21,
                "part": null
            }
        ],
        "rule-12": [
            {
                "html": true,
                "node-pos": 58,
                "replacement-node": 33,
                "template-line-number": 100,
                "part": null
            }
        ],
        "rule-15": [
            {
                "expression-node": 76,
                "node-pos": 130,
                "replacement-node": 75,
                "template-line-number": 302,
                "part": null
            }
        ],
        "rule-7": [
            {
                "expression-node": 19,
                "node-pos": 35,
                "replacement-node": 18,
                "template-line-number": 64,
                "part": null
            }
        ],
        "rule-4": [
            {
                "html": true,
                "node-pos": 21,
                "replacement-node": 9,
                "template-line-number": 37,
                "part": null
            }
        ],
        "rule-21": [
            {
                "expression-node": 94,
                "node-pos": 161,
                "replacement-node": 93,
                "template-line-number": 373,
                "part": null
            }
        ],
        "rule-16": [
            {
                "node-pos": 136,
                "replacement-node": 78,
                "template-line-number": 315,
                "part": null
            }
        ],
        "rule-25": {
            "name": "MisDefDebit",
            "subs": [
                {
                    "node-pos": 74,
                    "replacement-node": 39,
                    "part": "1",
                    "template-line-number": 134,
                    "name": "MisDefDebit",
                    "extras": {}
                },
                {
                    "node-pos": 78,
                    "replacement-node": 42,
                    "part": "2",
                    "template-line-number": 143,
                    "name": "MisDefDebit",
                    "extras": {}
                },
                {
                    "node-pos": 72,
                    "replacement-node": 37,
                    "part": "3",
                    "template-line-number": 130,
                    "name": "MisDefDebit",
                    "extras": {}
                }
            ]
        },
        "rule-17": [
            {
                "expression-node": 82,
                "node-pos": 142,
                "replacement-node": 81,
                "template-line-number": 330,
                "part": null
            }
        ],
        "rule-9": [
            {
                "expression-node": 25,
                "node-pos": 43,
                "replacement-node": 24,
                "template-line-number": 73,
                "part": null
            }
        ],
        "rule-10": [
            {
                "expression-node": 28,
                "node-pos": 47,
                "replacement-node": 27,
                "template-line-number": 78,
                "part": null
            }
        ],
        "rule-11": [
            {
                "node-pos": 53,
                "replacement-node": 30,
                "template-line-number": 89,
                "part": null
            }
        ],
        "rule-6": [
            {
                "node-pos": 31,
                "replacement-node": 15,
                "template-line-number": 60,
                "part": null
            }
        ],
        "rule-14": [
            {
                "expression-node": 73,
                "node-pos": 123,
                "replacement-node": 72,
                "template-line-number": 284,
                "part": null
            }
        ],
        "rule-23": [
            {
                "node-pos": 169,
                "replacement-node": 99,
                "template-line-number": 387,
                "part": null
            }
        ],
        "rule-8": [
            {
                "node-pos": 39,
                "replacement-node": 21,
                "template-line-number": 69,
                "part": null
            }
        ],
        "rule-24": {
            "name": "MiscellaneousDeferredDebits",
            "subs": [
                {
                    "node-pos": 87,
                    "replacement-node": 48,
                    "part": "2",
                    "template-line-number": 229,
                    "expression-node": 49,
                    "name": "MiscellaneousDeferredDebits"
                },
                {
                    "node-pos": 91,
                    "replacement-node": 51,
                    "part": "2",
                    "template-line-number": 234,
                    "expression-node": 52,
                    "name": "MiscellaneousDeferredDebits"
                },
                {
                    "node-pos": 95,
                    "replacement-node": 54,
                    "part": "3",
                    "template-line-number": 239,
                    "expression-node": 55,
                    "name": "MiscellaneousDeferredDebits"
                },
                {
                    "node-pos": 99,
                    "replacement-node": 57,
                    "part": "4",
                    "template-line-number": 244,
                    "expression-node": 58,
                    "name": "MiscellaneousDeferredDebits"
                },
                {
                    "node-pos": 103,
                    "replacement-node": 60,
                    "part": "5",
                    "template-line-number": 249,
                    "expression-node": 61,
                    "name": "MiscellaneousDeferredDebits"
                },
                {
                    "node-pos": 107,
                    "replacement-node": 63,
                    "part": "6",
                    "template-line-number": 254,
                    "expression-node": 64,
                    "name": "MiscellaneousDeferredDebits"
                },
                {
                    "node-pos": 111,
                    "replacement-node": 66,
                    "part": "7",
                    "template-line-number": 259,
                    "expression-node": 67,
                    "name": "MiscellaneousDeferredDebits"
                }
            ]
        },
        "rule-13": [
            {
                "node-pos": 117,
                "replacement-node": 69,
                "template-line-number": 271,
                "part": null
            }
        ],
        "rule-20": [
            {
                "expression-node": 91,
                "node-pos": 155,
                "replacement-node": 90,
                "template-line-number": 360,
                "part": null
            }
        ],
        "rule-19": [
            {
                "expression-node": 88,
                "node-pos": 151,
                "replacement-node": 87,
                "template-line-number": 351,
                "part": null
            }
        ],
        "rule-3": [
            {
                "node-pos": 17,
                "replacement-node": 6,
                "template-line-number": 31,
                "part": null
            }
        ]
    },
    "line-numbers": {
        "MiscellaneousDeferredDebits": [
            {
                "line-number-node": 46,
                "template-line-number": 226,
                "start-number": 1
            }
        ]
    }
}