{
    "substitutions": {
        "rule-10": [
            {
                "part": null,
                "template-line-number": 82,
                "expression-node": 28,
                "node-pos": 47,
                "replacement-node": 27
            }
        ],
        "rule-8": [
            {
                "part": null,
                "template-line-number": 72,
                "node-pos": 39,
                "replacement-node": 21
            }
        ],
        "rule-3": [
            {
                "part": null,
                "template-line-number": 33,
                "node-pos": 17,
                "replacement-node": 6
            }
        ],
        "rule-5": [
            {
                "html": true,
                "part": null,
                "template-line-number": 51,
                "node-pos": 26,
                "replacement-node": 12
            }
        ],
        "rule-15": [
            {
                "part": null,
                "template-line-number": 142,
                "node-pos": 78,
                "replacement-node": 42
            }
        ],
        "rule-11": [
            {
                "part": null,
                "template-line-number": 92,
                "node-pos": 53,
                "replacement-node": 30
            }
        ],
        "rule-16": [
            {
                "part": null,
                "template-line-number": 152,
                "node-pos": 82,
                "replacement-node": 45
            }
        ],
        "rule-1": [
            {
                "part": null,
                "template-line-number": 22,
                "node-pos": 9,
                "replacement-node": 0
            }
        ],
        "rule-4": [
            {
                "html": true,
                "part": null,
                "template-line-number": 39,
                "node-pos": 21,
                "replacement-node": 9
            }
        ],
        "rule-14": [
            {
                "part": null,
                "template-line-number": 135,
                "expression-node": 40,
                "node-pos": 74,
                "replacement-node": 39
            }
        ],
        "rule-9": [
            {
                "part": null,
                "template-line-number": 77,
                "expression-node": 25,
                "node-pos": 43,
                "replacement-node": 24
            }
        ],
        "rule-2": [
            {
                "part": null,
                "template-line-number": 27,
                "expression-node": 4,
                "node-pos": 13,
                "replacement-node": 3
            }
        ],
        "rule-6": [
            {
                "part": null,
                "template-line-number": 62,
                "node-pos": 31,
                "replacement-node": 15
            }
        ],
        "rule-7": [
            {
                "part": null,
                "template-line-number": 67,
                "expression-node": 19,
                "node-pos": 35,
                "replacement-node": 18
            }
        ],
        "rule-12": [
            {
                "html": true,
                "part": null,
                "template-line-number": 103,
                "node-pos": 58,
                "replacement-node": 33
            }
        ],
        "rule-13": [
            {
                "node-pos": 68,
                "expression-node": 37,
                "replacement-node": 36,
                "html": true,
                "part": null,
                "template-line-number": 119
            }
        ]
    },
    "line-numbers": {},
    "showifs": {}
}