{
    "substitutions": {
        "rule-2": [
            {
                "node-pos": 13,
                "expression-node": 4,
                "replacement-node": 3,
                "part": null,
                "template-line-number": 26
            }
        ],
        "rule-6": [
            {
                "node-pos": 31,
                "replacement-node": 15,
                "part": null,
                "template-line-number": 61
            }
        ],
        "rule-4": [
            {
                "node-pos": 21,
                "html": true,
                "replacement-node": 9,
                "part": null,
                "template-line-number": 38
            }
        ],
        "rule-10": [
            {
                "node-pos": 48,
                "expression-node": 28,
                "replacement-node": 27,
                "part": null,
                "template-line-number": 81
            }
        ],
        "rule-16": {
            "subs": [
                {
                    "part": "1",
                    "replacement-node": 44,
                    "template-line-number": 284,
                    "extras": {},
                    "node-pos": 82,
                    "name": "OPCLineItems"
                },
                {
                    "part": "2",
                    "replacement-node": 48,
                    "template-line-number": 295,
                    "node-pos": 89,
                    "name": "OPCLineItems",
                    "expression-node": 49
                },
                {
                    "part": "5",
                    "replacement-node": 53,
                    "template-line-number": 305,
                    "node-pos": 95,
                    "name": "OPCLineItems",
                    "expression-node": 54
                },
                {
                    "part": "6",
                    "replacement-node": 46,
                    "template-line-number": 291,
                    "extras": {},
                    "node-pos": 87,
                    "name": "OPCLineItems"
                }
            ],
            "name": "OPCLineItems"
        },
        "rule-3": [
            {
                "node-pos": 17,
                "replacement-node": 6,
                "part": null,
                "template-line-number": 32
            }
        ],
        "rule-8": [
            {
                "node-pos": 39,
                "replacement-node": 21,
                "part": null,
                "template-line-number": 71
            }
        ],
        "rule-15": [
            {
                "node-pos": 110,
                "replacement-node": 63,
                "part": null,
                "template-line-number": 332
            }
        ],
        "rule-7": [
            {
                "node-pos": 35,
                "expression-node": 19,
                "replacement-node": 18,
                "part": null,
                "template-line-number": 66
            }
        ],
        "rule-1": [
            {
                "node-pos": 9,
                "replacement-node": 0,
                "part": null,
                "template-line-number": 21
            }
        ],
        "rule-11": [
            {
                "node-pos": 54,
                "replacement-node": 30,
                "part": null,
                "template-line-number": 91
            }
        ],
        "rule-9": [
            {
                "node-pos": 44,
                "expression-node": 25,
                "replacement-node": 24,
                "part": null,
                "template-line-number": 76
            }
        ],
        "rule-14": [
            {
                "node-pos": 106,
                "replacement-node": 60,
                "part": null,
                "template-line-number": 323
            }
        ],
        "rule-12": [
            {
                "node-pos": 59,
                "html": true,
                "replacement-node": 33,
                "part": null,
                "template-line-number": 102
            }
        ],
        "rule-5": [
            {
                "node-pos": 26,
                "html": true,
                "replacement-node": 12,
                "part": null,
                "template-line-number": 50
            }
        ],
        "rule-17": {
            "subs": [
                {
                    "part": "1",
                    "replacement-node": 37,
                    "template-line-number": 131,
                    "extras": {},
                    "node-pos": 72,
                    "name": "OPCHeadings"
                },
                {
                    "part": "2",
                    "replacement-node": 40,
                    "template-line-number": 138,
                    "extras": {},
                    "node-pos": 76,
                    "name": "OPCHeadings"
                }
            ],
            "name": "OPCHeadings"
        },
        "rule-13": [
            {
                "node-pos": 102,
                "expression-node": 58,
                "replacement-node": 57,
                "part": null,
                "template-line-number": 318
            }
        ]
    },
    "showifs": {},
    "line-numbers": {}
}