{
    "line-numbers": {
        "InterestAndDividend": [
            {
                "template-line-number": 300,
                "line-number-node": 75,
                "start-number": 5
            }
        ]
    },
    "substitutions": {
        "rule-23": [
            {
                "node-pos": 121,
                "part": null,
                "replacement-node": 71,
                "template-line-number": 251
            }
        ],
        "rule-30": {
            "name": "ColumnHeadings",
            "subs": [
                {
                    "name": "ColumnHeadings",
                    "template-line-number": 133,
                    "extras": {},
                    "node-pos": 69,
                    "part": "1",
                    "replacement-node": 38
                },
                {
                    "name": "ColumnHeadings",
                    "template-line-number": 140,
                    "extras": {},
                    "node-pos": 73,
                    "part": "2",
                    "replacement-node": 41
                }
            ]
        },
        "rule-14": [
            {
                "node-pos": 79,
                "part": null,
                "replacement-node": 44,
                "template-line-number": 152
            }
        ],
        "rule-28": [
            {
                "node-pos": 165,
                "part": null,
                "replacement-node": 98,
                "template-line-number": 367
            }
        ],
        "rule-10": [
            {
                "expression-node": 26,
                "node-pos": 45,
                "part": null,
                "replacement-node": 25,
                "template-line-number": 84
            }
        ],
        "rule-15": [
            {
                "expression-node": 48,
                "node-pos": 83,
                "part": null,
                "replacement-node": 47,
                "template-line-number": 161
            }
        ],
        "rule-5": [
            {
                "html": true,
                "node-pos": 23,
                "part": null,
                "replacement-node": 10,
                "template-line-number": 46
            }
        ],
        "rule-6": [
            {
                "html": true,
                "node-pos": 28,
                "part": null,
                "replacement-node": 13,
                "template-line-number": 58
            }
        ],
        "rule-27": [
            {
                "expression-node": 96,
                "node-pos": 161,
                "part": null,
                "replacement-node": 95,
                "template-line-number": 362
            }
        ],
        "rule-2": [
            {
                "node-pos": 11,
                "part": null,
                "replacement-node": 1,
                "template-line-number": 28
            }
        ],
        "rule-7": [
            {
                "node-pos": 33,
                "part": null,
                "replacement-node": 16,
                "template-line-number": 69
            }
        ],
        "rule-3": [
            {
                "expression-node": 5,
                "node-pos": 15,
                "part": null,
                "replacement-node": 4,
                "template-line-number": 34
            }
        ],
        "rule-19": [
            {
                "expression-node": 60,
                "node-pos": 101,
                "part": null,
                "replacement-node": 59,
                "template-line-number": 204
            }
        ],
        "rule-11": [
            {
                "expression-node": 29,
                "node-pos": 49,
                "part": null,
                "replacement-node": 28,
                "template-line-number": 89
            }
        ],
        "rule-9": [
            {
                "node-pos": 41,
                "part": null,
                "replacement-node": 22,
                "template-line-number": 79
            }
        ],
        "rule-13": [
            {
                "html": true,
                "node-pos": 60,
                "part": null,
                "replacement-node": 34,
                "template-line-number": 110
            }
        ],
        "rule-20": [
            {
                "node-pos": 107,
                "part": null,
                "replacement-node": 62,
                "template-line-number": 218
            }
        ],
        "rule-8": [
            {
                "expression-node": 20,
                "node-pos": 37,
                "part": null,
                "replacement-node": 19,
                "template-line-number": 74
            }
        ],
        "rule-31": {
            "name": "InterestAndDividend",
            "subs": [
                {
                    "expression-node": 78,
                    "name": "InterestAndDividend",
                    "template-line-number": 304,
                    "node-pos": 132,
                    "part": "2",
                    "replacement-node": 77
                },
                {
                    "expression-node": 81,
                    "name": "InterestAndDividend",
                    "template-line-number": 309,
                    "node-pos": 136,
                    "part": "3",
                    "replacement-node": 80
                },
                {
                    "expression-node": 84,
                    "name": "InterestAndDividend",
                    "template-line-number": 314,
                    "node-pos": 140,
                    "part": "4",
                    "replacement-node": 83
                }
            ]
        },
        "rule-24": [
            {
                "node-pos": 146,
                "part": null,
                "replacement-node": 86,
                "template-line-number": 326
            }
        ],
        "rule-4": [
            {
                "node-pos": 19,
                "part": null,
                "replacement-node": 7,
                "template-line-number": 40
            }
        ],
        "rule-12": [
            {
                "node-pos": 55,
                "part": null,
                "replacement-node": 31,
                "template-line-number": 99
            }
        ],
        "rule-22": [
            {
                "expression-node": 69,
                "node-pos": 115,
                "part": null,
                "replacement-node": 68,
                "template-line-number": 237
            }
        ],
        "rule-29": [
            {
                "node-pos": 169,
                "part": null,
                "replacement-node": 101,
                "template-line-number": 376
            }
        ],
        "rule-26": [
            {
                "expression-node": 93,
                "node-pos": 155,
                "part": null,
                "replacement-node": 92,
                "template-line-number": 348
            }
        ],
        "rule-16": [
            {
                "expression-node": 51,
                "node-pos": 87,
                "part": null,
                "replacement-node": 50,
                "template-line-number": 171
            }
        ],
        "rule-18": [
            {
                "expression-node": 57,
                "node-pos": 97,
                "part": null,
                "replacement-node": 56,
                "template-line-number": 194
            }
        ],
        "rule-17": [
            {
                "node-pos": 93,
                "part": null,
                "replacement-node": 53,
                "template-line-number": 185
            }
        ],
        "rule-25": [
            {
                "expression-node": 90,
                "node-pos": 151,
                "part": null,
                "replacement-node": 89,
                "template-line-number": 338
            }
        ],
        "rule-21": [
            {
                "expression-node": 66,
                "node-pos": 111,
                "part": null,
                "replacement-node": 65,
                "template-line-number": 227
            }
        ]
    },
    "showifs": {
        "rule-1": {
            "type": "showif",
            "template-line-number": 18
        }
    }
}