{
    "showifs": {
        "rule-1": {
            "template-line-number": 17,
            "type": "showif"
        }
    },
    "substitutions": {
        "rule-10": [
            {
                "template-line-number": 83,
                "replacement-node": 25,
                "expression-node": 26,
                "part": null,
                "node-pos": 44
            }
        ],
        "rule-12": [
            {
                "template-line-number": 98,
                "replacement-node": 31,
                "part": null,
                "node-pos": 54
            }
        ],
        "rule-11": [
            {
                "template-line-number": 88,
                "replacement-node": 28,
                "expression-node": 29,
                "part": null,
                "node-pos": 48
            }
        ],
        "rule-7": [
            {
                "template-line-number": 68,
                "replacement-node": 16,
                "part": null,
                "node-pos": 32
            }
        ],
        "rule-4": [
            {
                "template-line-number": 39,
                "replacement-node": 7,
                "part": null,
                "node-pos": 18
            }
        ],
        "rule-8": [
            {
                "template-line-number": 73,
                "replacement-node": 19,
                "expression-node": 20,
                "part": null,
                "node-pos": 36
            }
        ],
        "rule-2": [
            {
                "template-line-number": 27,
                "replacement-node": 1,
                "part": null,
                "node-pos": 10
            }
        ],
        "rule-17": {
            "subs": [
                {
                    "node-pos": 114,
                    "extras": {},
                    "part": "1",
                    "name": "ColumnHeadings",
                    "template-line-number": 191,
                    "replacement-node": 40
                },
                {
                    "node-pos": 118,
                    "extras": {},
                    "part": "2",
                    "name": "ColumnHeadings",
                    "template-line-number": 199,
                    "replacement-node": 43
                },
                {
                    "node-pos": 112,
                    "extras": {},
                    "part": "3",
                    "name": "ColumnHeadings",
                    "template-line-number": 187,
                    "replacement-node": 38
                }
            ],
            "name": "ColumnHeadings"
        },
        "rule-3": [
            {
                "template-line-number": 33,
                "replacement-node": 4,
                "expression-node": 5,
                "part": null,
                "node-pos": 14
            }
        ],
        "rule-6": [
            {
                "html": true,
                "template-line-number": 57,
                "replacement-node": 13,
                "part": null,
                "node-pos": 27
            }
        ],
        "rule-13": [
            {
                "html": true,
                "template-line-number": 109,
                "replacement-node": 34,
                "part": null,
                "node-pos": 59
            }
        ],
        "rule-15": [
            {
                "template-line-number": 703,
                "replacement-node": 96,
                "part": null,
                "node-pos": 187
            }
        ],
        "rule-5": [
            {
                "html": true,
                "template-line-number": 45,
                "replacement-node": 10,
                "part": null,
                "node-pos": 22
            }
        ],
        "rule-18": {
            "subs": [
                {
                    "node-pos": 171,
                    "part": "10",
                    "name": "StatisticsOperations",
                    "template-line-number": 672,
                    "replacement-node": 85,
                    "expression-node": 86
                },
                {
                    "node-pos": 176,
                    "part": "11",
                    "name": "StatisticsOperations",
                    "template-line-number": 681,
                    "replacement-node": 89,
                    "expression-node": 90
                },
                {
                    "node-pos": 127,
                    "part": "2",
                    "name": "StatisticsOperations",
                    "template-line-number": 595,
                    "replacement-node": 49,
                    "expression-node": 50
                },
                {
                    "node-pos": 135,
                    "part": "3",
                    "name": "StatisticsOperations",
                    "template-line-number": 607,
                    "replacement-node": 56,
                    "expression-node": 57
                },
                {
                    "node-pos": 141,
                    "part": "4",
                    "name": "StatisticsOperations",
                    "template-line-number": 618,
                    "replacement-node": 61,
                    "expression-node": 62
                },
                {
                    "node-pos": 146,
                    "part": "5",
                    "name": "StatisticsOperations",
                    "template-line-number": 627,
                    "replacement-node": 65,
                    "expression-node": 66
                },
                {
                    "node-pos": 151,
                    "part": "6",
                    "name": "StatisticsOperations",
                    "template-line-number": 636,
                    "replacement-node": 69,
                    "expression-node": 70
                },
                {
                    "node-pos": 156,
                    "part": "7",
                    "name": "StatisticsOperations",
                    "template-line-number": 645,
                    "replacement-node": 73,
                    "expression-node": 74
                },
                {
                    "node-pos": 161,
                    "part": "8",
                    "name": "StatisticsOperations",
                    "template-line-number": 654,
                    "replacement-node": 77,
                    "expression-node": 78
                },
                {
                    "node-pos": 166,
                    "part": "9",
                    "name": "StatisticsOperations",
                    "template-line-number": 663,
                    "replacement-node": 81,
                    "expression-node": 82
                }
            ],
            "name": "StatisticsOperations"
        },
        "rule-9": [
            {
                "template-line-number": 78,
                "replacement-node": 22,
                "part": null,
                "node-pos": 40
            }
        ],
        "rule-14": [
            {
                "template-line-number": 698,
                "replacement-node": 93,
                "expression-node": 94,
                "part": null,
                "node-pos": 183
            }
        ],
        "rule-16": [
            {
                "template-line-number": 712,
                "replacement-node": 99,
                "part": null,
                "node-pos": 191
            }
        ]
    },
    "line-numbers": {
        "StatisticsOperations": [
            {
                "template-line-number": 590,
                "line-number-node": 47,
                "start-number": 1
            }
        ]
    }
}