{
    "line-numbers": {},
    "substitutions": {
        "rule-8": [
            {
                "replacement-node": 21,
                "node-pos": 74,
                "part": null,
                "template-line-number": 143
            }
        ],
        "rule-1": [
            {
                "replacement-node": 0,
                "node-pos": 15,
                "part": null,
                "html": true,
                "template-line-number": 32
            }
        ],
        "rule-6": [
            {
                "replacement-node": 15,
                "expression-node": 16,
                "part": null,
                "node-pos": 64,
                "template-line-number": 124
            }
        ],
        "rule-7": [
            {
                "replacement-node": 18,
                "expression-node": 19,
                "part": null,
                "node-pos": 70,
                "template-line-number": 136
            }
        ],
        "rule-2": [
            {
                "replacement-node": 3,
                "node-pos": 20,
                "part": null,
                "html": true,
                "template-line-number": 44
            }
        ],
        "rule-4": [
            {
                "replacement-node": 9,
                "node-pos": 56,
                "part": null,
                "template-line-number": 111
            }
        ],
        "rule-5": [
            {
                "replacement-node": 12,
                "expression-node": 13,
                "part": null,
                "node-pos": 60,
                "template-line-number": 118
            }
        ],
        "rule-3": [
            {
                "replacement-node": 6,
                "expression-node": 7,
                "part": null,
                "node-pos": 52,
                "template-line-number": 103
            }
        ]
    },
    "showifs": {}
}