{
    "line-numbers": {
        "TaxClassificationLineItems": [
            {
                "start-number": 9,
                "line-number-node": 88,
                "template-line-number": 360
            }
        ]
    },
    "substitutions": {
        "rule-20": {
            "name": "DeferredIncomeTaxesHeadings",
            "subs": [
                {
                    "part": "1",
                    "name": "DeferredIncomeTaxesHeadings",
                    "node-pos": 73,
                    "extras": {},
                    "template-line-number": 132,
                    "replacement-node": 38
                },
                {
                    "part": "2",
                    "name": "DeferredIncomeTaxesHeadings",
                    "node-pos": 77,
                    "extras": {},
                    "template-line-number": 139,
                    "replacement-node": 41
                }
            ]
        },
        "rule-11": [
            {
                "part": null,
                "node-pos": 51,
                "expression-node": 29,
                "template-line-number": 87,
                "replacement-node": 28
            }
        ],
        "rule-16": [
            {
                "part": null,
                "node-pos": 216,
                "expression-node": 124,
                "template-line-number": 453,
                "replacement-node": 123
            }
        ],
        "rule-8": [
            {
                "part": null,
                "node-pos": 38,
                "expression-node": 20,
                "template-line-number": 72,
                "replacement-node": 19
            }
        ],
        "rule-17": [
            {
                "part": null,
                "node-pos": 220,
                "template-line-number": 458,
                "replacement-node": 126
            }
        ],
        "rule-3": [
            {
                "part": null,
                "node-pos": 15,
                "expression-node": 5,
                "template-line-number": 32,
                "replacement-node": 4
            }
        ],
        "rule-6": [
            {
                "part": null,
                "node-pos": 28,
                "html": true,
                "template-line-number": 56,
                "replacement-node": 13
            }
        ],
        "rule-4": [
            {
                "part": null,
                "node-pos": 19,
                "template-line-number": 38,
                "replacement-node": 7
            }
        ],
        "rule-14": [
            {
                "part": null,
                "node-pos": 83,
                "template-line-number": 150,
                "replacement-node": 44
            }
        ],
        "rule-5": [
            {
                "part": null,
                "node-pos": 23,
                "html": true,
                "template-line-number": 44,
                "replacement-node": 10
            }
        ],
        "rule-9": [
            {
                "part": null,
                "node-pos": 42,
                "template-line-number": 77,
                "replacement-node": 22
            }
        ],
        "rule-21": {
            "name": "DeferredIncomeTaxesLineItems",
            "subs": [
                {
                    "part": "10",
                    "expression-node": 73,
                    "name": "DeferredIncomeTaxesLineItems",
                    "node-pos": 132,
                    "template-line-number": 266,
                    "replacement-node": 72
                },
                {
                    "part": "11",
                    "expression-node": 76,
                    "name": "DeferredIncomeTaxesLineItems",
                    "node-pos": 136,
                    "template-line-number": 272,
                    "replacement-node": 75
                },
                {
                    "part": "12",
                    "expression-node": 79,
                    "name": "DeferredIncomeTaxesLineItems",
                    "node-pos": 140,
                    "template-line-number": 278,
                    "replacement-node": 78
                },
                {
                    "part": "13",
                    "expression-node": 82,
                    "name": "DeferredIncomeTaxesLineItems",
                    "node-pos": 144,
                    "template-line-number": 284,
                    "replacement-node": 81
                },
                {
                    "part": "2",
                    "name": "DeferredIncomeTaxesLineItems",
                    "node-pos": 104,
                    "extras": {},
                    "template-line-number": 223,
                    "replacement-node": 51
                },
                {
                    "part": "3",
                    "name": "DeferredIncomeTaxesLineItems",
                    "node-pos": 100,
                    "extras": {},
                    "template-line-number": 216,
                    "replacement-node": 48
                },
                {
                    "part": "4",
                    "expression-node": 55,
                    "name": "DeferredIncomeTaxesLineItems",
                    "node-pos": 108,
                    "template-line-number": 230,
                    "replacement-node": 54
                },
                {
                    "part": "5",
                    "expression-node": 58,
                    "name": "DeferredIncomeTaxesLineItems",
                    "node-pos": 112,
                    "template-line-number": 236,
                    "replacement-node": 57
                },
                {
                    "part": "6",
                    "expression-node": 61,
                    "name": "DeferredIncomeTaxesLineItems",
                    "node-pos": 116,
                    "template-line-number": 242,
                    "replacement-node": 60
                },
                {
                    "part": "7",
                    "expression-node": 64,
                    "name": "DeferredIncomeTaxesLineItems",
                    "node-pos": 120,
                    "template-line-number": 248,
                    "replacement-node": 63
                },
                {
                    "part": "8",
                    "expression-node": 67,
                    "name": "DeferredIncomeTaxesLineItems",
                    "node-pos": 124,
                    "template-line-number": 254,
                    "replacement-node": 66
                },
                {
                    "part": "9",
                    "expression-node": 70,
                    "name": "DeferredIncomeTaxesLineItems",
                    "node-pos": 128,
                    "template-line-number": 260,
                    "replacement-node": 69
                }
            ]
        },
        "rule-2": [
            {
                "part": null,
                "node-pos": 10,
                "template-line-number": 27,
                "replacement-node": 1
            }
        ],
        "rule-12": [
            {
                "part": null,
                "node-pos": 57,
                "template-line-number": 97,
                "replacement-node": 31
            }
        ],
        "rule-13": [
            {
                "part": null,
                "node-pos": 62,
                "html": true,
                "template-line-number": 108,
                "replacement-node": 34
            }
        ],
        "rule-18": [
            {
                "part": null,
                "node-pos": 224,
                "template-line-number": 467,
                "replacement-node": 129
            }
        ],
        "rule-19": {
            "name": "TaxClassificationLineItems",
            "subs": [
                {
                    "part": "1",
                    "name": "TaxClassificationLineItems",
                    "node-pos": 171,
                    "extras": {},
                    "template-line-number": 368,
                    "replacement-node": 91
                },
                {
                    "part": "2",
                    "expression-node": 94,
                    "name": "TaxClassificationLineItems",
                    "node-pos": 174,
                    "template-line-number": 375,
                    "replacement-node": 93
                },
                {
                    "part": "3",
                    "expression-node": 97,
                    "name": "TaxClassificationLineItems",
                    "node-pos": 178,
                    "template-line-number": 383,
                    "replacement-node": 96
                },
                {
                    "part": "4",
                    "expression-node": 100,
                    "name": "TaxClassificationLineItems",
                    "node-pos": 182,
                    "template-line-number": 391,
                    "replacement-node": 99
                },
                {
                    "part": "5",
                    "expression-node": 103,
                    "name": "TaxClassificationLineItems",
                    "node-pos": 186,
                    "template-line-number": 399,
                    "replacement-node": 102
                },
                {
                    "part": "6",
                    "expression-node": 106,
                    "name": "TaxClassificationLineItems",
                    "node-pos": 190,
                    "template-line-number": 407,
                    "replacement-node": 105
                },
                {
                    "part": "6",
                    "expression-node": 112,
                    "name": "TaxClassificationLineItems",
                    "node-pos": 198,
                    "template-line-number": 422,
                    "replacement-node": 111
                },
                {
                    "part": "6",
                    "expression-node": 118,
                    "name": "TaxClassificationLineItems",
                    "node-pos": 206,
                    "template-line-number": 436,
                    "replacement-node": 117
                },
                {
                    "part": "6",
                    "expression-node": 121,
                    "name": "TaxClassificationLineItems",
                    "node-pos": 210,
                    "template-line-number": 443,
                    "replacement-node": 120
                },
                {
                    "part": "7",
                    "expression-node": 109,
                    "name": "TaxClassificationLineItems",
                    "node-pos": 194,
                    "template-line-number": 415,
                    "replacement-node": 108
                },
                {
                    "part": "7",
                    "expression-node": 115,
                    "name": "TaxClassificationLineItems",
                    "node-pos": 202,
                    "template-line-number": 429,
                    "replacement-node": 114
                }
            ]
        },
        "rule-15": [
            {
                "part": null,
                "node-pos": 150,
                "template-line-number": 295,
                "replacement-node": 84
            }
        ],
        "rule-7": [
            {
                "part": null,
                "node-pos": 33,
                "template-line-number": 67,
                "replacement-node": 16
            }
        ],
        "rule-10": [
            {
                "part": null,
                "node-pos": 47,
                "expression-node": 26,
                "template-line-number": 82,
                "replacement-node": 25
            }
        ]
    },
    "showifs": {
        "rule-1": {
            "type": "showif",
            "template-line-number": 17
        }
    }
}