{
    "showifs": {},
    "substitutions": {
        "rule-40": [
            {
                "replacement-node": 120,
                "node-pos": 192,
                "part": null,
                "template-line-number": 410
            }
        ],
        "rule-10": [
            {
                "replacement-node": 30,
                "node-pos": 56,
                "expression-node": 31,
                "part": null,
                "template-line-number": 112
            }
        ],
        "rule-15": [
            {
                "replacement-node": 45,
                "node-pos": 78,
                "part": null,
                "template-line-number": 162
            }
        ],
        "rule-11": [
            {
                "replacement-node": 33,
                "node-pos": 61,
                "part": null,
                "template-line-number": 124
            }
        ],
        "rule-31": [
            {
                "replacement-node": 93,
                "node-pos": 152,
                "expression-node": 94,
                "part": null,
                "template-line-number": 321
            }
        ],
        "rule-20": [
            {
                "replacement-node": 60,
                "html": true,
                "node-pos": 101,
                "part": null,
                "template-line-number": 210
            }
        ],
        "rule-18": [
            {
                "replacement-node": 54,
                "node-pos": 93,
                "expression-node": 55,
                "part": null,
                "template-line-number": 190
            }
        ],
        "rule-22": [
            {
                "replacement-node": 66,
                "node-pos": 111,
                "part": null,
                "template-line-number": 234
            }
        ],
        "rule-36": [
            {
                "replacement-node": 108,
                "node-pos": 174,
                "part": null,
                "template-line-number": 370
            }
        ],
        "rule-7": [
            {
                "replacement-node": 21,
                "node-pos": 42,
                "expression-node": 22,
                "part": null,
                "template-line-number": 87
            }
        ],
        "rule-25": [
            {
                "replacement-node": 75,
                "node-pos": 125,
                "expression-node": 76,
                "part": null,
                "template-line-number": 262
            }
        ],
        "rule-5": [
            {
                "replacement-node": 15,
                "node-pos": 32,
                "expression-node": 16,
                "part": null,
                "template-line-number": 71
            }
        ],
        "rule-17": [
            {
                "replacement-node": 51,
                "node-pos": 88,
                "part": null,
                "template-line-number": 182
            }
        ],
        "rule-9": [
            {
                "replacement-node": 27,
                "node-pos": 51,
                "part": null,
                "template-line-number": 104
            }
        ],
        "rule-33": [
            {
                "replacement-node": 99,
                "node-pos": 161,
                "expression-node": 100,
                "part": null,
                "template-line-number": 340
            }
        ],
        "rule-24": [
            {
                "replacement-node": 72,
                "node-pos": 121,
                "part": null,
                "template-line-number": 254
            }
        ],
        "rule-28": [
            {
                "replacement-node": 84,
                "node-pos": 138,
                "part": null,
                "template-line-number": 292
            }
        ],
        "rule-21": [
            {
                "replacement-node": 63,
                "html": true,
                "node-pos": 106,
                "part": null,
                "template-line-number": 222
            }
        ],
        "rule-1": [
            {
                "replacement-node": 0,
                "node-pos": 10,
                "part": null,
                "template-line-number": 25
            }
        ],
        "rule-26": [
            {
                "replacement-node": 78,
                "node-pos": 129,
                "part": null,
                "template-line-number": 272
            }
        ],
        "rule-39": [
            {
                "replacement-node": 117,
                "node-pos": 188,
                "part": null,
                "template-line-number": 400
            }
        ],
        "rule-14": [
            {
                "replacement-node": 42,
                "node-pos": 73,
                "expression-node": 43,
                "part": null,
                "template-line-number": 150
            }
        ],
        "rule-8": [
            {
                "replacement-node": 24,
                "node-pos": 46,
                "expression-node": 25,
                "part": null,
                "template-line-number": 95
            }
        ],
        "rule-4": [
            {
                "replacement-node": 12,
                "node-pos": 28,
                "expression-node": 13,
                "part": null,
                "template-line-number": 66
            }
        ],
        "rule-6": [
            {
                "replacement-node": 18,
                "node-pos": 37,
                "part": null,
                "template-line-number": 79
            }
        ],
        "rule-37": [
            {
                "replacement-node": 111,
                "node-pos": 178,
                "expression-node": 112,
                "part": null,
                "template-line-number": 378
            }
        ],
        "rule-3": [
            {
                "replacement-node": 9,
                "node-pos": 23,
                "part": null,
                "template-line-number": 56
            }
        ],
        "rule-2": [
            {
                "replacement-node": 3,
                "node-pos": 15,
                "part": null,
                "template-line-number": 38
            }
        ],
        "rule-13": [
            {
                "replacement-node": 39,
                "node-pos": 69,
                "part": null,
                "template-line-number": 142
            }
        ],
        "rule-27": [
            {
                "replacement-node": 81,
                "node-pos": 133,
                "expression-node": 82,
                "part": null,
                "template-line-number": 280
            }
        ],
        "rule-16": [
            {
                "replacement-node": 48,
                "node-pos": 83,
                "expression-node": 49,
                "part": null,
                "template-line-number": 170
            }
        ],
        "rule-41": {
            "name": "RespondentLegalName",
            "subs": [
                {
                    "template-line-number": 46,
                    "replacement-node": 6,
                    "name": "RespondentLegalName",
                    "node-pos": 19,
                    "expression-node": 7,
                    "part": "1"
                }
            ]
        },
        "rule-35": [
            {
                "replacement-node": 105,
                "node-pos": 169,
                "expression-node": 106,
                "part": null,
                "template-line-number": 358
            }
        ],
        "rule-34": [
            {
                "replacement-node": 102,
                "node-pos": 165,
                "part": null,
                "template-line-number": 350
            }
        ],
        "rule-29": [
            {
                "replacement-node": 87,
                "node-pos": 143,
                "expression-node": 88,
                "part": null,
                "template-line-number": 300
            }
        ],
        "rule-12": [
            {
                "replacement-node": 36,
                "node-pos": 65,
                "expression-node": 37,
                "part": null,
                "template-line-number": 132
            }
        ],
        "rule-23": [
            {
                "replacement-node": 69,
                "node-pos": 116,
                "expression-node": 70,
                "part": null,
                "template-line-number": 242
            }
        ],
        "rule-19": [
            {
                "replacement-node": 57,
                "node-pos": 97,
                "part": null,
                "template-line-number": 200
            }
        ],
        "rule-30": [
            {
                "replacement-node": 90,
                "node-pos": 148,
                "part": null,
                "template-line-number": 313
            }
        ],
        "rule-38": [
            {
                "replacement-node": 114,
                "node-pos": 184,
                "expression-node": 115,
                "part": null,
                "template-line-number": 395
            }
        ],
        "rule-32": [
            {
                "replacement-node": 96,
                "node-pos": 156,
                "part": null,
                "template-line-number": 332
            }
        ]
    },
    "line-numbers": {}
}