{
    "templates": [
        {
            "template": "templates/t0/t0-template.html",
            "xule-text": "templates/t0/t0-xule-text.xule",
            "rule-meta-data": "templates/t0/t0-rule-meta-data.json",
            "name": "Form 6 - 000 - Cover",
            "xule-rule-set": "templates/t0/t0-xule-rule-set.zip"
        },
        {
            "template": "templates/t1/t1-template.html",
            "xule-text": "templates/t1/t1-xule-text.xule",
            "rule-meta-data": "templates/t1/t1-rule-meta-data.json",
            "name": "Form 6 - 000 - Instructions",
            "xule-rule-set": "templates/t1/t1-xule-rule-set.zip"
        },
        {
            "template": "templates/t2/t2-template.html",
            "xule-text": "templates/t2/t2-xule-text.xule",
            "rule-meta-data": "templates/t2/t2-rule-meta-data.json",
            "name": "Form 6 - 001 - Identification",
            "xule-rule-set": "templates/t2/t2-xule-rule-set.zip"
        },
        {
            "template": "templates/t3/t3-template.html",
            "xule-text": "templates/t3/t3-xule-text.xule",
            "rule-meta-data": "templates/t3/t3-rule-meta-data.json",
            "name": "Form 6 - 002 - List of Schedules",
            "xule-rule-set": "templates/t3/t3-xule-rule-set.zip"
        },
        {
            "template": "templates/t4/t4-template.html",
            "xule-text": "templates/t4/t4-xule-text.xule",
            "rule-meta-data": "templates/t4/t4-rule-meta-data.json",
            "name": "Form 6 - 101 - General Information",
            "xule-rule-set": "templates/t4/t4-xule-rule-set.zip"
        },
        {
            "template": "templates/t5/t5-template.html",
            "xule-text": "templates/t5/t5-xule-text.xule",
            "rule-meta-data": "templates/t5/t5-rule-meta-data.json",
            "name": "Form 6 - 102 - Control Over Respondent",
            "xule-rule-set": "templates/t5/t5-xule-rule-set.zip"
        },
        {
            "template": "templates/t6/t6-template.html",
            "xule-text": "templates/t6/t6-xule-text.xule",
            "rule-meta-data": "templates/t6/t6-rule-meta-data.json",
            "name": "Form 6 - 103 - Companies Controlled by Respondent",
            "xule-rule-set": "templates/t6/t6-xule-rule-set.zip"
        },
        {
            "template": "templates/t7/t7-template.html",
            "xule-text": "templates/t7/t7-xule-text.xule",
            "rule-meta-data": "templates/t7/t7-rule-meta-data.json",
            "name": "Form 6 - 104 - Officers",
            "xule-rule-set": "templates/t7/t7-xule-rule-set.zip"
        },
        {
            "template": "templates/t8/t8-template.html",
            "xule-text": "templates/t8/t8-xule-text.xule",
            "rule-meta-data": "templates/t8/t8-rule-meta-data.json",
            "name": "Form 6 - 105 - Directors",
            "xule-rule-set": "templates/t8/t8-xule-rule-set.zip"
        },
        {
            "template": "templates/t9/t9-template.html",
            "xule-text": "templates/t9/t9-xule-text.xule",
            "rule-meta-data": "templates/t9/t9-rule-meta-data.json",
            "name": "Form 6 - 108 - Important Changes During QuarterYear",
            "xule-rule-set": "templates/t9/t9-xule-rule-set.zip"
        },
        {
            "template": "templates/t10/t10-template.html",
            "xule-text": "templates/t10/t10-xule-text.xule",
            "rule-meta-data": "templates/t10/t10-rule-meta-data.json",
            "name": "Form 6 - 110 - Comparative Balance Sheet",
            "xule-rule-set": "templates/t10/t10-xule-rule-set.zip"
        },
        {
            "template": "templates/t11/t11-template.html",
            "xule-text": "templates/t11/t11-xule-text.xule",
            "rule-meta-data": "templates/t11/t11-rule-meta-data.json",
            "name": "Form 6 - 114 - Income Statement",
            "xule-rule-set": "templates/t11/t11-xule-rule-set.zip"
        },
        {
            "template": "templates/t12/t12-template.html",
            "xule-text": "templates/t12/t12-xule-text.xule",
            "rule-meta-data": "templates/t12/t12-rule-meta-data.json",
            "name": "Form 6 - 116 - Statement of Accumulated Other Comprehensive Income and Hedging Activities",
            "xule-rule-set": "templates/t12/t12-xule-rule-set.zip"
        },
        {
            "template": "templates/t13/t13-template.html",
            "xule-text": "templates/t13/t13-xule-text.xule",
            "rule-meta-data": "templates/t13/t13-rule-meta-data.json",
            "name": "Form 6 - 118 - Appropriated Retained Income",
            "xule-rule-set": "templates/t13/t13-xule-rule-set.zip"
        },
        {
            "template": "templates/t14/t14-template.html",
            "xule-text": "templates/t14/t14-xule-text.xule",
            "rule-meta-data": "templates/t14/t14-rule-meta-data.json",
            "name": "Form 6 - 119 - Unappropriated Retained Income Statement",
            "xule-rule-set": "templates/t14/t14-xule-rule-set.zip"
        },
        {
            "template": "templates/t15/t15-template.html",
            "xule-text": "templates/t15/t15-xule-text.xule",
            "rule-meta-data": "templates/t15/t15-rule-meta-data.json",
            "name": "Form 6 - 120 - Statement of Cash Flows",
            "xule-rule-set": "templates/t15/t15-xule-rule-set.zip"
        },
        {
            "template": "templates/t16/t16-template.html",
            "xule-text": "templates/t16/t16-xule-text.xule",
            "rule-meta-data": "templates/t16/t16-rule-meta-data.json",
            "name": "Form 6 - 122 - Notes to Financial Statements",
            "xule-rule-set": "templates/t16/t16-xule-rule-set.zip"
        },
        {
            "template": "templates/t17/t17-template.html",
            "xule-text": "templates/t17/t17-xule-text.xule",
            "rule-meta-data": "templates/t17/t17-rule-meta-data.json",
            "name": "Form 6 - 200 - Receivables from Affiliated Companies",
            "xule-rule-set": "templates/t17/t17-xule-rule-set.zip"
        },
        {
            "template": "templates/t18/t18-template.html",
            "xule-text": "templates/t18/t18-xule-text.xule",
            "rule-meta-data": "templates/t18/t18-rule-meta-data.json",
            "name": "Form 6 - 202 - Investments in Affiliated Companies",
            "xule-rule-set": "templates/t18/t18-xule-rule-set.zip"
        },
        {
            "template": "templates/t19/t19-template.html",
            "xule-text": "templates/t19/t19-xule-text.xule",
            "rule-meta-data": "templates/t19/t19-rule-meta-data.json",
            "name": "Form 6 - 204 - Invest in Com Stock of Affiliated",
            "xule-rule-set": "templates/t19/t19-xule-rule-set.zip"
        },
        {
            "template": "templates/t20/t20-template.html",
            "xule-text": "templates/t20/t20-xule-text.xule",
            "rule-meta-data": "templates/t20/t20-rule-meta-data.json",
            "name": "Form 6 - 212- Carrier Property",
            "xule-rule-set": "templates/t20/t20-xule-rule-set.zip"
        },
        {
            "template": "templates/t21/t21-template.html",
            "xule-text": "templates/t21/t21-xule-text.xule",
            "rule-meta-data": "templates/t21/t21-rule-meta-data.json",
            "name": "Form 6 - 214- Undivided Joint Interest Property",
            "xule-rule-set": "templates/t21/t21-xule-rule-set.zip"
        },
        {
            "template": "templates/t22/t22-template.html",
            "xule-text": "templates/t22/t22-xule-text.xule",
            "rule-meta-data": "templates/t22/t22-rule-meta-data.json",
            "name": "Form 6 - 216- Accrued Depreciation - Carrier Property",
            "xule-rule-set": "templates/t22/t22-xule-rule-set.zip"
        },
        {
            "template": "templates/t23/t23-template.html",
            "xule-text": "templates/t23/t23-xule-text.xule",
            "rule-meta-data": "templates/t23/t23-rule-meta-data.json",
            "name": "Form 6 - 217 - Accrued Depreciation - Undivided Joint Interest Property",
            "xule-rule-set": "templates/t23/t23-xule-rule-set.zip"
        },
        {
            "template": "templates/t24/t24-template.html",
            "xule-text": "templates/t24/t24-xule-text.xule",
            "rule-meta-data": "templates/t24/t24-rule-meta-data.json",
            "name": "Form 6 - 218 - Amortization Base and Reserve",
            "xule-rule-set": "templates/t24/t24-xule-rule-set.zip"
        },
        {
            "template": "templates/t25/t25-template.html",
            "xule-text": "templates/t25/t25-xule-text.xule",
            "rule-meta-data": "templates/t25/t25-rule-meta-data.json",
            "name": "Form 6 - 220 - Noncarrier Property",
            "xule-rule-set": "templates/t25/t25-xule-rule-set.zip"
        },
        {
            "template": "templates/t26/t26-template.html",
            "xule-text": "templates/t26/t26-xule-text.xule",
            "rule-meta-data": "templates/t26/t26-rule-meta-data.json",
            "name": "Form 6 - 221 - Other Deferred Charges",
            "xule-rule-set": "templates/t26/t26-xule-rule-set.zip"
        },
        {
            "template": "templates/t27/t27-template.html",
            "xule-text": "templates/t27/t27-xule-text.xule",
            "rule-meta-data": "templates/t27/t27-rule-meta-data.json",
            "name": "Form 6 - 225 - Payables to Affiliated Companies",
            "xule-rule-set": "templates/t27/t27-xule-rule-set.zip"
        },
        {
            "template": "templates/t28/t28-template.html",
            "xule-text": "templates/t28/t28-xule-text.xule",
            "rule-meta-data": "templates/t28/t28-rule-meta-data.json",
            "name": "Form 6 - 226 - Long-Term Debt",
            "xule-rule-set": "templates/t28/t28-xule-rule-set.zip"
        },
        {
            "template": "templates/t29/t29-template.html",
            "xule-text": "templates/t29/t29-xule-text.xule",
            "rule-meta-data": "templates/t29/t29-rule-meta-data.json",
            "name": "Form 6 - 230 - Analysis of Federal Income and Other Taxes Deferred",
            "xule-rule-set": "templates/t29/t29-xule-rule-set.zip"
        },
        {
            "template": "templates/t30/t30-template.html",
            "xule-text": "templates/t30/t30-xule-text.xule",
            "rule-meta-data": "templates/t30/t30-rule-meta-data.json",
            "name": "Form 6 - 250 - Capital Stock",
            "xule-rule-set": "templates/t30/t30-xule-rule-set.zip"
        },
        {
            "template": "templates/t31/t31-template.html",
            "xule-text": "templates/t31/t31-xule-text.xule",
            "rule-meta-data": "templates/t31/t31-rule-meta-data.json",
            "name": "Form 6 - 252 - Capital Stock Changes",
            "xule-rule-set": "templates/t31/t31-xule-rule-set.zip"
        },
        {
            "template": "templates/t32/t32-template.html",
            "xule-text": "templates/t32/t32-xule-text.xule",
            "rule-meta-data": "templates/t32/t32-rule-meta-data.json",
            "name": "Form 6 - 254 - Additional Paid in Capital",
            "xule-rule-set": "templates/t32/t32-xule-rule-set.zip"
        },
        {
            "template": "templates/t33/t33-template.html",
            "xule-text": "templates/t33/t33-xule-text.xule",
            "rule-meta-data": "templates/t33/t33-rule-meta-data.json",
            "name": "Form 6 - 300 - Operating Revenues",
            "xule-rule-set": "templates/t33/t33-xule-rule-set.zip"
        },
        {
            "template": "templates/t34/t34-template.html",
            "xule-text": "templates/t34/t34-xule-text.xule",
            "rule-meta-data": "templates/t34/t34-rule-meta-data.json",
            "name": "Form 6 - 301 - Operating Revenue Accounts",
            "xule-rule-set": "templates/t34/t34-xule-rule-set.zip"
        },
        {
            "template": "templates/t35/t35-template.html",
            "xule-text": "templates/t35/t35-xule-text.xule",
            "rule-meta-data": "templates/t35/t35-rule-meta-data.json",
            "name": "Form 6 - 302 - Operating Expense Accounts",
            "xule-rule-set": "templates/t35/t35-xule-rule-set.zip"
        },
        {
            "template": "templates/t36/t36-template.html",
            "xule-text": "templates/t36/t36-xule-text.xule",
            "rule-meta-data": "templates/t36/t36-rule-meta-data.json",
            "name": "Form 6 - 305 - Pipeline Taxes",
            "xule-rule-set": "templates/t36/t36-xule-rule-set.zip"
        },
        {
            "template": "templates/t37/t37-template.html",
            "xule-text": "templates/t37/t37-xule-text.xule",
            "rule-meta-data": "templates/t37/t37-rule-meta-data.json",
            "name": "Form 6 - 335 - Income from Noncarrier Property",
            "xule-rule-set": "templates/t37/t37-xule-rule-set.zip"
        },
        {
            "template": "templates/t38/t38-template.html",
            "xule-text": "templates/t38/t38-xule-text.xule",
            "rule-meta-data": "templates/t38/t38-rule-meta-data.json",
            "name": "Form 6 - 336 - Interest and Dividend Income",
            "xule-rule-set": "templates/t38/t38-xule-rule-set.zip"
        },
        {
            "template": "templates/t39/t39-template.html",
            "xule-text": "templates/t39/t39-xule-text.xule",
            "rule-meta-data": "templates/t39/t39-rule-meta-data.json",
            "name": "Form 6 - 337 - Miscellaneous Items in Income and Retained Income Accounts for the Year",
            "xule-rule-set": "templates/t39/t39-xule-rule-set.zip"
        },
        {
            "template": "templates/t40/t40-template.html",
            "xule-text": "templates/t40/t40-xule-text.xule",
            "rule-meta-data": "templates/t40/t40-rule-meta-data.json",
            "name": "Form 6 - 351 - Payments for Services Rendered by Other than Employees",
            "xule-rule-set": "templates/t40/t40-xule-rule-set.zip"
        },
        {
            "template": "templates/t41/t41-template.html",
            "xule-text": "templates/t41/t41-xule-text.xule",
            "rule-meta-data": "templates/t41/t41-rule-meta-data.json",
            "name": "Form 6 - 600 - Statistics of Operations",
            "xule-rule-set": "templates/t41/t41-xule-rule-set.zip"
        },
        {
            "template": "templates/t42/t42-template.html",
            "xule-text": "templates/t42/t42-xule-text.xule",
            "rule-meta-data": "templates/t42/t42-rule-meta-data.json",
            "name": "Form 6 - 600a - Statistics of Operations",
            "xule-rule-set": "templates/t42/t42-xule-rule-set.zip"
        },
        {
            "template": "templates/t43/t43-template.html",
            "xule-text": "templates/t43/t43-xule-text.xule",
            "rule-meta-data": "templates/t43/t43-rule-meta-data.json",
            "name": "Form 6 - 602 - Miles of Pipeline Operated at end of Year",
            "xule-rule-set": "templates/t43/t43-xule-rule-set.zip"
        },
        {
            "template": "templates/t44/t44-template.html",
            "xule-text": "templates/t44/t44-xule-text.xule",
            "rule-meta-data": "templates/t44/t44-rule-meta-data.json",
            "name": "Form 6 - 700 - Annual Cost of Service Based Analysis Schedule",
            "xule-rule-set": "templates/t44/t44-xule-rule-set.zip"
        }
    ],
    "css": [
        "form-template.css"
    ]
}