{
    "showifs": {},
    "substitutions": {
        "rule-10": [
            {
                "node-pos": 47,
                "replacement-node": 27,
                "template-line-number": 81,
                "part": null,
                "expression-node": 28
            }
        ],
        "rule-39": [
            {
                "node-pos": 175,
                "replacement-node": 114,
                "template-line-number": 388,
                "part": null
            }
        ],
        "rule-7": [
            {
                "node-pos": 35,
                "replacement-node": 18,
                "template-line-number": 66,
                "part": null,
                "expression-node": 19
            }
        ],
        "rule-35": [
            {
                "node-pos": 154,
                "replacement-node": 102,
                "html": true,
                "template-line-number": 335,
                "part": null
            }
        ],
        "rule-14": [
            {
                "node-pos": 66,
                "replacement-node": 39,
                "template-line-number": 124,
                "part": null,
                "expression-node": 40
            }
        ],
        "rule-30": [
            {
                "node-pos": 132,
                "replacement-node": 87,
                "template-line-number": 283,
                "part": null,
                "expression-node": 88
            }
        ],
        "rule-29": [
            {
                "node-pos": 128,
                "replacement-node": 84,
                "template-line-number": 273,
                "part": null,
                "expression-node": 85
            }
        ],
        "rule-27": [
            {
                "node-pos": 120,
                "replacement-node": 78,
                "template-line-number": 253,
                "part": null,
                "expression-node": 79
            }
        ],
        "rule-8": [
            {
                "node-pos": 39,
                "replacement-node": 21,
                "template-line-number": 71,
                "part": null
            }
        ],
        "rule-25": [
            {
                "node-pos": 110,
                "replacement-node": 72,
                "template-line-number": 231,
                "part": null
            }
        ],
        "rule-16": [
            {
                "node-pos": 74,
                "replacement-node": 45,
                "template-line-number": 142,
                "part": null,
                "expression-node": 46
            }
        ],
        "rule-18": [
            {
                "node-pos": 84,
                "replacement-node": 51,
                "template-line-number": 165,
                "part": null,
                "expression-node": 52
            }
        ],
        "rule-34": [
            {
                "node-pos": 150,
                "replacement-node": 99,
                "html": true,
                "template-line-number": 326,
                "part": null
            }
        ],
        "rule-11": [
            {
                "node-pos": 53,
                "replacement-node": 30,
                "template-line-number": 92,
                "part": null
            }
        ],
        "rule-20": [
            {
                "node-pos": 92,
                "replacement-node": 57,
                "template-line-number": 185,
                "part": null,
                "expression-node": 58
            }
        ],
        "rule-24": [
            {
                "node-pos": 106,
                "replacement-node": 69,
                "template-line-number": 222,
                "part": null,
                "expression-node": 70
            }
        ],
        "rule-5": [
            {
                "node-pos": 26,
                "replacement-node": 12,
                "html": true,
                "template-line-number": 50,
                "part": null
            }
        ],
        "rule-9": [
            {
                "node-pos": 43,
                "replacement-node": 24,
                "template-line-number": 76,
                "part": null,
                "expression-node": 25
            }
        ],
        "rule-38": [
            {
                "node-pos": 171,
                "replacement-node": 111,
                "template-line-number": 381,
                "part": null,
                "expression-node": 112
            }
        ],
        "rule-2": [
            {
                "node-pos": 13,
                "replacement-node": 3,
                "template-line-number": 26,
                "part": null,
                "expression-node": 4
            }
        ],
        "rule-26": [
            {
                "node-pos": 115,
                "replacement-node": 75,
                "template-line-number": 242,
                "part": null
            }
        ],
        "rule-4": [
            {
                "node-pos": 21,
                "replacement-node": 9,
                "html": true,
                "template-line-number": 38,
                "part": null
            }
        ],
        "rule-15": [
            {
                "node-pos": 70,
                "replacement-node": 42,
                "template-line-number": 133,
                "part": null,
                "expression-node": 43
            }
        ],
        "rule-21": [
            {
                "node-pos": 96,
                "replacement-node": 60,
                "template-line-number": 196,
                "part": null
            }
        ],
        "rule-13": [
            {
                "node-pos": 62,
                "replacement-node": 36,
                "template-line-number": 113,
                "part": null,
                "expression-node": 37
            }
        ],
        "rule-6": [
            {
                "node-pos": 31,
                "replacement-node": 15,
                "template-line-number": 61,
                "part": null
            }
        ],
        "rule-19": [
            {
                "node-pos": 88,
                "replacement-node": 54,
                "template-line-number": 175,
                "part": null,
                "expression-node": 55
            }
        ],
        "rule-33": [
            {
                "node-pos": 145,
                "replacement-node": 96,
                "template-line-number": 314,
                "part": null,
                "expression-node": 97
            }
        ],
        "rule-3": [
            {
                "node-pos": 17,
                "replacement-node": 6,
                "template-line-number": 32,
                "part": null
            }
        ],
        "rule-37": [
            {
                "node-pos": 164,
                "replacement-node": 108,
                "html": true,
                "template-line-number": 360,
                "part": null
            }
        ],
        "rule-1": [
            {
                "node-pos": 9,
                "replacement-node": 0,
                "template-line-number": 21,
                "part": null
            }
        ],
        "rule-12": [
            {
                "node-pos": 58,
                "replacement-node": 33,
                "template-line-number": 103,
                "part": null
            }
        ],
        "rule-23": [
            {
                "node-pos": 103,
                "replacement-node": 66,
                "template-line-number": 214,
                "part": null
            }
        ],
        "rule-22": [
            {
                "node-pos": 99,
                "replacement-node": 63,
                "template-line-number": 205,
                "part": null,
                "expression-node": 64
            }
        ],
        "rule-17": [
            {
                "node-pos": 79,
                "replacement-node": 48,
                "template-line-number": 155,
                "part": null
            }
        ],
        "rule-31": [
            {
                "node-pos": 136,
                "replacement-node": 90,
                "template-line-number": 293,
                "part": null,
                "expression-node": 91
            }
        ],
        "rule-28": [
            {
                "node-pos": 124,
                "replacement-node": 81,
                "template-line-number": 263,
                "part": null,
                "expression-node": 82
            }
        ],
        "rule-32": [
            {
                "node-pos": 141,
                "replacement-node": 93,
                "template-line-number": 305,
                "part": null
            }
        ],
        "rule-40": [
            {
                "node-pos": 179,
                "replacement-node": 117,
                "template-line-number": 398,
                "part": null
            }
        ],
        "rule-36": [
            {
                "node-pos": 159,
                "replacement-node": 105,
                "template-line-number": 348,
                "part": null,
                "expression-node": 106
            }
        ]
    },
    "line-numbers": {}
}