{
    "substitutions": {
        "rule-16": {
            "subs": [
                {
                    "template-line-number": 167,
                    "extras": {},
                    "name": "BSLineItems",
                    "replacement-node": 42,
                    "part": "1",
                    "node-pos": 72
                },
                {
                    "template-line-number": 178,
                    "extras": {},
                    "name": "BSLineItems",
                    "replacement-node": 47,
                    "part": "2",
                    "node-pos": 80
                },
                {
                    "template-line-number": 187,
                    "extras": {},
                    "name": "BSLineItems",
                    "replacement-node": 51,
                    "part": "3",
                    "node-pos": 85
                },
                {
                    "template-line-number": 192,
                    "name": "BSLineItems",
                    "expression-node": 54,
                    "replacement-node": 53,
                    "part": "4",
                    "node-pos": 88
                },
                {
                    "template-line-number": 198,
                    "name": "BSLineItems",
                    "expression-node": 57,
                    "replacement-node": 56,
                    "part": "5",
                    "node-pos": 92
                },
                {
                    "template-line-number": 174,
                    "extras": {},
                    "name": "BSLineItems",
                    "replacement-node": 45,
                    "part": "6",
                    "node-pos": 78
                }
            ],
            "name": "BSLineItems"
        },
        "rule-15": [
            {
                "template-line-number": 223,
                "replacement-node": 65,
                "part": null,
                "node-pos": 106
            }
        ],
        "rule-6": [
            {
                "template-line-number": 56,
                "replacement-node": 13,
                "html": true,
                "part": null,
                "node-pos": 27
            }
        ],
        "rule-11": [
            {
                "expression-node": 29,
                "replacement-node": 28,
                "part": null,
                "node-pos": 48,
                "template-line-number": 87
            }
        ],
        "rule-10": [
            {
                "expression-node": 26,
                "replacement-node": 25,
                "part": null,
                "node-pos": 44,
                "template-line-number": 82
            }
        ],
        "rule-7": [
            {
                "template-line-number": 67,
                "replacement-node": 16,
                "part": null,
                "node-pos": 32
            }
        ],
        "rule-3": [
            {
                "expression-node": 5,
                "replacement-node": 4,
                "part": null,
                "node-pos": 14,
                "template-line-number": 32
            }
        ],
        "rule-4": [
            {
                "template-line-number": 38,
                "replacement-node": 7,
                "part": null,
                "node-pos": 18
            }
        ],
        "rule-2": [
            {
                "template-line-number": 27,
                "replacement-node": 1,
                "part": null,
                "node-pos": 10
            }
        ],
        "rule-8": [
            {
                "expression-node": 20,
                "replacement-node": 19,
                "part": null,
                "node-pos": 36,
                "template-line-number": 72
            }
        ],
        "rule-17": {
            "subs": [
                {
                    "template-line-number": 121,
                    "extras": {},
                    "name": "BSHeadings",
                    "replacement-node": 35,
                    "part": "1",
                    "node-pos": 62
                },
                {
                    "template-line-number": 128,
                    "extras": {},
                    "name": "BSHeadings",
                    "replacement-node": 38,
                    "part": "2",
                    "node-pos": 66
                }
            ],
            "name": "BSHeadings"
        },
        "rule-9": [
            {
                "template-line-number": 77,
                "replacement-node": 22,
                "part": null,
                "node-pos": 40
            }
        ],
        "rule-14": [
            {
                "template-line-number": 214,
                "replacement-node": 62,
                "part": null,
                "node-pos": 102
            }
        ],
        "rule-13": [
            {
                "expression-node": 60,
                "replacement-node": 59,
                "part": null,
                "node-pos": 98,
                "template-line-number": 209
            }
        ],
        "rule-5": [
            {
                "template-line-number": 44,
                "replacement-node": 10,
                "html": true,
                "part": null,
                "node-pos": 22
            }
        ],
        "rule-12": [
            {
                "template-line-number": 97,
                "replacement-node": 31,
                "part": null,
                "node-pos": 54
            }
        ]
    },
    "showifs": {
        "rule-1": {
            "type": "showif",
            "template-line-number": 17
        }
    },
    "line-numbers": {}
}