{
    "showifs": {
        "rule-1": {
            "template-line-number": 17,
            "type": "showif"
        }
    },
    "substitutions": {
        "rule-18": {
            "subs": [
                {
                    "part": "1",
                    "template-line-number": 171,
                    "extras": {},
                    "node-pos": 78,
                    "replacement-node": 45,
                    "name": "GPLineItems"
                },
                {
                    "part": "2",
                    "template-line-number": 182,
                    "extras": {},
                    "node-pos": 86,
                    "replacement-node": 50,
                    "name": "GPLineItems"
                },
                {
                    "part": "4",
                    "template-line-number": 192,
                    "name": "GPLineItems",
                    "node-pos": 91,
                    "replacement-node": 54,
                    "expression-node": 55
                },
                {
                    "part": "6",
                    "template-line-number": 178,
                    "extras": {},
                    "node-pos": 84,
                    "replacement-node": 48,
                    "name": "GPLineItems"
                }
            ],
            "name": "GPLineItems"
        },
        "rule-6": [
            {
                "node-pos": 27,
                "html": true,
                "replacement-node": 13,
                "part": null,
                "template-line-number": 56
            }
        ],
        "rule-14": [
            {
                "node-pos": 97,
                "replacement-node": 57,
                "part": null,
                "template-line-number": 204,
                "expression-node": 58
            }
        ],
        "rule-2": [
            {
                "node-pos": 10,
                "replacement-node": 1,
                "part": null,
                "template-line-number": 27
            }
        ],
        "rule-5": [
            {
                "node-pos": 22,
                "html": true,
                "replacement-node": 10,
                "part": null,
                "template-line-number": 44
            }
        ],
        "rule-17": {
            "subs": [
                {
                    "part": "1",
                    "template-line-number": 131,
                    "extras": {},
                    "node-pos": 68,
                    "replacement-node": 38,
                    "name": "GPHeadings"
                },
                {
                    "part": "2",
                    "template-line-number": 138,
                    "extras": {},
                    "node-pos": 72,
                    "replacement-node": 41,
                    "name": "GPHeadings"
                }
            ],
            "name": "GPHeadings"
        },
        "rule-11": [
            {
                "node-pos": 48,
                "replacement-node": 28,
                "part": null,
                "template-line-number": 87,
                "expression-node": 29
            }
        ],
        "rule-4": [
            {
                "node-pos": 18,
                "replacement-node": 7,
                "part": null,
                "template-line-number": 38
            }
        ],
        "rule-8": [
            {
                "node-pos": 36,
                "replacement-node": 19,
                "part": null,
                "template-line-number": 72,
                "expression-node": 20
            }
        ],
        "rule-9": [
            {
                "node-pos": 40,
                "replacement-node": 22,
                "part": null,
                "template-line-number": 77
            }
        ],
        "rule-12": [
            {
                "node-pos": 54,
                "replacement-node": 31,
                "part": null,
                "template-line-number": 97
            }
        ],
        "rule-16": [
            {
                "node-pos": 105,
                "replacement-node": 63,
                "part": null,
                "template-line-number": 218
            }
        ],
        "rule-10": [
            {
                "node-pos": 44,
                "replacement-node": 25,
                "part": null,
                "template-line-number": 82,
                "expression-node": 26
            }
        ],
        "rule-7": [
            {
                "node-pos": 32,
                "replacement-node": 16,
                "part": null,
                "template-line-number": 67
            }
        ],
        "rule-3": [
            {
                "node-pos": 14,
                "replacement-node": 4,
                "part": null,
                "template-line-number": 32,
                "expression-node": 5
            }
        ],
        "rule-15": [
            {
                "node-pos": 101,
                "replacement-node": 60,
                "part": null,
                "template-line-number": 209
            }
        ],
        "rule-13": [
            {
                "node-pos": 59,
                "html": true,
                "replacement-node": 34,
                "part": null,
                "template-line-number": 108
            }
        ]
    },
    "line-numbers": {}
}