{
    "substitutions": {
        "rule-18": [
            {
                "template-line-number": 364,
                "node-pos": 167,
                "replacement-node": 92,
                "part": null
            }
        ],
        "rule-10": [
            {
                "template-line-number": 81,
                "node-pos": 50,
                "expression-node": 28,
                "replacement-node": 27,
                "part": null
            }
        ],
        "rule-3": [
            {
                "template-line-number": 32,
                "node-pos": 18,
                "replacement-node": 6,
                "part": null
            }
        ],
        "rule-20": {
            "name": "GasStorageLineItems2",
            "subs": [
                {
                    "template-line-number": 323,
                    "node-pos": 141,
                    "replacement-node": 74,
                    "name": "GasStorageLineItems2",
                    "extras": {},
                    "part": "2"
                },
                {
                    "template-line-number": 317,
                    "node-pos": 137,
                    "replacement-node": 71,
                    "name": "GasStorageLineItems2",
                    "extras": {},
                    "part": "3"
                },
                {
                    "template-line-number": 329,
                    "node-pos": 145,
                    "replacement-node": 77,
                    "name": "GasStorageLineItems2",
                    "expression-node": 78,
                    "part": "4"
                },
                {
                    "template-line-number": 334,
                    "node-pos": 149,
                    "replacement-node": 80,
                    "name": "GasStorageLineItems2",
                    "expression-node": 81,
                    "part": "5"
                },
                {
                    "template-line-number": 339,
                    "node-pos": 153,
                    "replacement-node": 83,
                    "name": "GasStorageLineItems2",
                    "expression-node": 84,
                    "part": "6"
                }
            ]
        },
        "rule-16": [
            {
                "template-line-number": 350,
                "node-pos": 159,
                "expression-node": 87,
                "replacement-node": 86,
                "part": null
            }
        ],
        "rule-19": {
            "name": "GasStorageLineItems",
            "subs": [
                {
                    "template-line-number": 233,
                    "node-pos": 109,
                    "replacement-node": 55,
                    "name": "GasStorageLineItems",
                    "extras": {},
                    "part": "2"
                },
                {
                    "template-line-number": 227,
                    "node-pos": 105,
                    "replacement-node": 52,
                    "name": "GasStorageLineItems",
                    "extras": {},
                    "part": "3"
                },
                {
                    "template-line-number": 239,
                    "node-pos": 113,
                    "replacement-node": 58,
                    "name": "GasStorageLineItems",
                    "expression-node": 59,
                    "part": "4"
                },
                {
                    "template-line-number": 244,
                    "node-pos": 117,
                    "replacement-node": 61,
                    "name": "GasStorageLineItems",
                    "expression-node": 62,
                    "part": "5"
                },
                {
                    "template-line-number": 249,
                    "node-pos": 121,
                    "replacement-node": 64,
                    "name": "GasStorageLineItems",
                    "expression-node": 65,
                    "part": "6"
                }
            ]
        },
        "rule-12": [
            {
                "template-line-number": 102,
                "node-pos": 61,
                "replacement-node": 33,
                "html": true,
                "part": null
            }
        ],
        "rule-11": [
            {
                "template-line-number": 91,
                "node-pos": 56,
                "replacement-node": 30,
                "part": null
            }
        ],
        "rule-6": [
            {
                "template-line-number": 61,
                "node-pos": 32,
                "replacement-node": 15,
                "part": null
            }
        ],
        "rule-5": [
            {
                "template-line-number": 50,
                "node-pos": 27,
                "replacement-node": 12,
                "html": true,
                "part": null
            }
        ],
        "rule-13": [
            {
                "template-line-number": 154,
                "node-pos": 85,
                "replacement-node": 45,
                "part": null
            }
        ],
        "rule-1": [
            {
                "template-line-number": 21,
                "node-pos": 9,
                "replacement-node": 0,
                "part": null
            }
        ],
        "rule-14": [
            {
                "template-line-number": 172,
                "node-pos": 95,
                "replacement-node": 48,
                "part": null
            }
        ],
        "rule-9": [
            {
                "template-line-number": 76,
                "node-pos": 46,
                "expression-node": 25,
                "replacement-node": 24,
                "part": null
            }
        ],
        "rule-2": [
            {
                "template-line-number": 26,
                "node-pos": 14,
                "expression-node": 4,
                "replacement-node": 3,
                "part": null
            }
        ],
        "rule-7": [
            {
                "template-line-number": 66,
                "node-pos": 37,
                "expression-node": 19,
                "replacement-node": 18,
                "part": null
            }
        ],
        "rule-8": [
            {
                "template-line-number": 71,
                "node-pos": 41,
                "replacement-node": 21,
                "part": null
            }
        ],
        "rule-21": {
            "name": "GasPlantInServiceHeadings",
            "subs": [
                {
                    "template-line-number": 134,
                    "node-pos": 75,
                    "replacement-node": 39,
                    "name": "GasPlantInServiceHeadings",
                    "extras": {},
                    "part": "1"
                },
                {
                    "template-line-number": 143,
                    "node-pos": 79,
                    "replacement-node": 42,
                    "name": "GasPlantInServiceHeadings",
                    "extras": {},
                    "part": "2"
                },
                {
                    "template-line-number": 130,
                    "node-pos": 73,
                    "replacement-node": 37,
                    "name": "GasPlantInServiceHeadings",
                    "extras": {},
                    "part": "3"
                }
            ]
        },
        "rule-4": [
            {
                "template-line-number": 38,
                "node-pos": 22,
                "replacement-node": 9,
                "html": true,
                "part": null
            }
        ],
        "rule-17": [
            {
                "template-line-number": 355,
                "node-pos": 163,
                "replacement-node": 89,
                "part": null
            }
        ],
        "rule-15": [
            {
                "template-line-number": 260,
                "node-pos": 127,
                "replacement-node": 67,
                "part": null
            }
        ]
    },
    "line-numbers": {},
    "showifs": {}
}