{
    "showifs": {},
    "substitutions": {
        "rule-6": [
            {
                "node-pos": 32,
                "part": null,
                "replacement-node": 15,
                "template-line-number": 61
            }
        ],
        "rule-7": [
            {
                "node-pos": 37,
                "part": null,
                "replacement-node": 18,
                "expression-node": 19,
                "template-line-number": 66
            }
        ],
        "rule-16": [
            {
                "node-pos": 159,
                "part": null,
                "replacement-node": 86,
                "expression-node": 87,
                "template-line-number": 350
            }
        ],
        "rule-2": [
            {
                "node-pos": 14,
                "part": null,
                "replacement-node": 3,
                "expression-node": 4,
                "template-line-number": 26
            }
        ],
        "rule-18": [
            {
                "node-pos": 167,
                "part": null,
                "replacement-node": 92,
                "template-line-number": 364
            }
        ],
        "rule-10": [
            {
                "node-pos": 50,
                "part": null,
                "replacement-node": 27,
                "expression-node": 28,
                "template-line-number": 81
            }
        ],
        "rule-20": {
            "name": "GasStorageLineItems2",
            "subs": [
                {
                    "part": "2",
                    "name": "GasStorageLineItems2",
                    "template-line-number": 323,
                    "extras": {},
                    "replacement-node": 74,
                    "node-pos": 141
                },
                {
                    "part": "3",
                    "name": "GasStorageLineItems2",
                    "template-line-number": 317,
                    "extras": {},
                    "replacement-node": 71,
                    "node-pos": 137
                },
                {
                    "part": "4",
                    "name": "GasStorageLineItems2",
                    "expression-node": 78,
                    "replacement-node": 77,
                    "node-pos": 145,
                    "template-line-number": 329
                },
                {
                    "part": "5",
                    "name": "GasStorageLineItems2",
                    "expression-node": 81,
                    "replacement-node": 80,
                    "node-pos": 149,
                    "template-line-number": 334
                },
                {
                    "part": "6",
                    "name": "GasStorageLineItems2",
                    "expression-node": 84,
                    "replacement-node": 83,
                    "node-pos": 153,
                    "template-line-number": 339
                }
            ]
        },
        "rule-5": [
            {
                "node-pos": 27,
                "part": null,
                "replacement-node": 12,
                "template-line-number": 50,
                "html": true
            }
        ],
        "rule-8": [
            {
                "node-pos": 41,
                "part": null,
                "replacement-node": 21,
                "template-line-number": 71
            }
        ],
        "rule-21": {
            "name": "GasPlantInServiceHeadings",
            "subs": [
                {
                    "part": "1",
                    "name": "GasPlantInServiceHeadings",
                    "template-line-number": 134,
                    "extras": {},
                    "replacement-node": 39,
                    "node-pos": 75
                },
                {
                    "part": "2",
                    "name": "GasPlantInServiceHeadings",
                    "template-line-number": 143,
                    "extras": {},
                    "replacement-node": 42,
                    "node-pos": 79
                },
                {
                    "part": "3",
                    "name": "GasPlantInServiceHeadings",
                    "template-line-number": 130,
                    "extras": {},
                    "replacement-node": 37,
                    "node-pos": 73
                }
            ]
        },
        "rule-9": [
            {
                "node-pos": 46,
                "part": null,
                "replacement-node": 24,
                "expression-node": 25,
                "template-line-number": 76
            }
        ],
        "rule-4": [
            {
                "node-pos": 22,
                "part": null,
                "replacement-node": 9,
                "template-line-number": 38,
                "html": true
            }
        ],
        "rule-11": [
            {
                "node-pos": 56,
                "part": null,
                "replacement-node": 30,
                "template-line-number": 91
            }
        ],
        "rule-1": [
            {
                "node-pos": 9,
                "part": null,
                "replacement-node": 0,
                "template-line-number": 21
            }
        ],
        "rule-13": [
            {
                "node-pos": 85,
                "part": null,
                "replacement-node": 45,
                "template-line-number": 154
            }
        ],
        "rule-17": [
            {
                "node-pos": 163,
                "part": null,
                "replacement-node": 89,
                "template-line-number": 355
            }
        ],
        "rule-12": [
            {
                "node-pos": 61,
                "part": null,
                "replacement-node": 33,
                "template-line-number": 102,
                "html": true
            }
        ],
        "rule-15": [
            {
                "node-pos": 127,
                "part": null,
                "replacement-node": 67,
                "template-line-number": 260
            }
        ],
        "rule-3": [
            {
                "node-pos": 18,
                "part": null,
                "replacement-node": 6,
                "template-line-number": 32
            }
        ],
        "rule-14": [
            {
                "node-pos": 95,
                "part": null,
                "replacement-node": 48,
                "template-line-number": 172
            }
        ],
        "rule-19": {
            "name": "GasStorageLineItems",
            "subs": [
                {
                    "part": "2",
                    "name": "GasStorageLineItems",
                    "template-line-number": 233,
                    "extras": {},
                    "replacement-node": 55,
                    "node-pos": 109
                },
                {
                    "part": "3",
                    "name": "GasStorageLineItems",
                    "template-line-number": 227,
                    "extras": {},
                    "replacement-node": 52,
                    "node-pos": 105
                },
                {
                    "part": "4",
                    "name": "GasStorageLineItems",
                    "expression-node": 59,
                    "replacement-node": 58,
                    "node-pos": 113,
                    "template-line-number": 239
                },
                {
                    "part": "5",
                    "name": "GasStorageLineItems",
                    "expression-node": 62,
                    "replacement-node": 61,
                    "node-pos": 117,
                    "template-line-number": 244
                },
                {
                    "part": "6",
                    "name": "GasStorageLineItems",
                    "expression-node": 65,
                    "replacement-node": 64,
                    "node-pos": 121,
                    "template-line-number": 249
                }
            ]
        }
    },
    "line-numbers": {}
}