{
    "substitutions": {
        "rule-21": {
            "name": "ODCHead",
            "subs": [
                {
                    "name": "ODCHead",
                    "node-pos": 74,
                    "extras": {},
                    "replacement-node": 39,
                    "template-line-number": 133,
                    "part": "1"
                },
                {
                    "name": "ODCHead",
                    "node-pos": 78,
                    "extras": {},
                    "replacement-node": 42,
                    "template-line-number": 142,
                    "part": "2"
                },
                {
                    "name": "ODCHead",
                    "node-pos": 72,
                    "extras": {},
                    "replacement-node": 37,
                    "template-line-number": 129,
                    "part": "3"
                }
            ]
        },
        "rule-9": [
            {
                "replacement-node": 24,
                "template-line-number": 73,
                "expression-node": 25,
                "part": null,
                "node-pos": 43
            }
        ],
        "rule-16": [
            {
                "replacement-node": 75,
                "template-line-number": 267,
                "expression-node": 76,
                "part": null,
                "node-pos": 127
            }
        ],
        "rule-17": [
            {
                "replacement-node": 78,
                "template-line-number": 276,
                "expression-node": 79,
                "part": null,
                "node-pos": 131
            }
        ],
        "rule-2": [
            {
                "replacement-node": 3,
                "template-line-number": 25,
                "expression-node": 4,
                "part": null,
                "node-pos": 13
            }
        ],
        "rule-8": [
            {
                "replacement-node": 21,
                "template-line-number": 69,
                "node-pos": 39,
                "part": null
            }
        ],
        "rule-4": [
            {
                "replacement-node": 9,
                "html": true,
                "template-line-number": 37,
                "node-pos": 21,
                "part": null
            }
        ],
        "rule-22": {
            "name": "OtherDeferredCredits",
            "subs": [
                {
                    "name": "OtherDeferredCredits",
                    "part": "2",
                    "replacement-node": 48,
                    "template-line-number": 201,
                    "expression-node": 49,
                    "node-pos": 87
                },
                {
                    "name": "OtherDeferredCredits",
                    "part": "3",
                    "replacement-node": 51,
                    "template-line-number": 206,
                    "expression-node": 52,
                    "node-pos": 91
                },
                {
                    "name": "OtherDeferredCredits",
                    "part": "4",
                    "replacement-node": 54,
                    "template-line-number": 211,
                    "expression-node": 55,
                    "node-pos": 95
                },
                {
                    "name": "OtherDeferredCredits",
                    "part": "5",
                    "replacement-node": 57,
                    "template-line-number": 216,
                    "expression-node": 58,
                    "node-pos": 99
                },
                {
                    "name": "OtherDeferredCredits",
                    "part": "6",
                    "replacement-node": 60,
                    "template-line-number": 221,
                    "expression-node": 61,
                    "node-pos": 103
                },
                {
                    "name": "OtherDeferredCredits",
                    "part": "7",
                    "replacement-node": 63,
                    "template-line-number": 226,
                    "expression-node": 64,
                    "node-pos": 107
                }
            ]
        },
        "rule-15": [
            {
                "replacement-node": 72,
                "template-line-number": 258,
                "expression-node": 73,
                "part": null,
                "node-pos": 123
            }
        ],
        "rule-19": [
            {
                "replacement-node": 84,
                "template-line-number": 294,
                "node-pos": 141,
                "part": null
            }
        ],
        "rule-5": [
            {
                "replacement-node": 12,
                "html": true,
                "template-line-number": 49,
                "node-pos": 26,
                "part": null
            }
        ],
        "rule-10": [
            {
                "replacement-node": 27,
                "template-line-number": 78,
                "expression-node": 28,
                "part": null,
                "node-pos": 47
            }
        ],
        "rule-12": [
            {
                "replacement-node": 33,
                "html": true,
                "template-line-number": 99,
                "node-pos": 58,
                "part": null
            }
        ],
        "rule-11": [
            {
                "replacement-node": 30,
                "template-line-number": 88,
                "node-pos": 53,
                "part": null
            }
        ],
        "rule-7": [
            {
                "replacement-node": 18,
                "template-line-number": 64,
                "expression-node": 19,
                "part": null,
                "node-pos": 35
            }
        ],
        "rule-14": [
            {
                "replacement-node": 69,
                "template-line-number": 248,
                "expression-node": 70,
                "part": null,
                "node-pos": 118
            }
        ],
        "rule-13": [
            {
                "replacement-node": 66,
                "template-line-number": 236,
                "node-pos": 113,
                "part": null
            }
        ],
        "rule-1": [
            {
                "replacement-node": 0,
                "template-line-number": 21,
                "node-pos": 9,
                "part": null
            }
        ],
        "rule-3": [
            {
                "replacement-node": 6,
                "template-line-number": 31,
                "node-pos": 17,
                "part": null
            }
        ],
        "rule-6": [
            {
                "replacement-node": 15,
                "template-line-number": 60,
                "node-pos": 31,
                "part": null
            }
        ],
        "rule-18": [
            {
                "replacement-node": 81,
                "template-line-number": 289,
                "expression-node": 82,
                "part": null,
                "node-pos": 137
            }
        ],
        "rule-20": [
            {
                "replacement-node": 87,
                "template-line-number": 303,
                "node-pos": 145,
                "part": null
            }
        ]
    },
    "showifs": {},
    "line-numbers": {
        "OtherDeferredCredits": [
            {
                "line-number-node": 46,
                "start-number": 1,
                "template-line-number": 198
            }
        ]
    }
}