{
    "line-numbers": {
        "OtherDeferredCredits": [
            {
                "line-number-node": 46,
                "start-number": 1,
                "template-line-number": 198
            }
        ]
    },
    "substitutions": {
        "rule-16": [
            {
                "expression-node": 76,
                "replacement-node": 75,
                "node-pos": 127,
                "part": null,
                "template-line-number": 267
            }
        ],
        "rule-1": [
            {
                "replacement-node": 0,
                "node-pos": 9,
                "part": null,
                "template-line-number": 21
            }
        ],
        "rule-15": [
            {
                "expression-node": 73,
                "replacement-node": 72,
                "node-pos": 123,
                "part": null,
                "template-line-number": 258
            }
        ],
        "rule-9": [
            {
                "expression-node": 25,
                "replacement-node": 24,
                "node-pos": 43,
                "part": null,
                "template-line-number": 73
            }
        ],
        "rule-3": [
            {
                "replacement-node": 6,
                "node-pos": 17,
                "part": null,
                "template-line-number": 31
            }
        ],
        "rule-5": [
            {
                "replacement-node": 12,
                "node-pos": 26,
                "part": null,
                "html": true,
                "template-line-number": 49
            }
        ],
        "rule-20": [
            {
                "replacement-node": 87,
                "node-pos": 145,
                "part": null,
                "template-line-number": 303
            }
        ],
        "rule-18": [
            {
                "expression-node": 82,
                "replacement-node": 81,
                "node-pos": 137,
                "part": null,
                "template-line-number": 289
            }
        ],
        "rule-11": [
            {
                "replacement-node": 30,
                "node-pos": 53,
                "part": null,
                "template-line-number": 88
            }
        ],
        "rule-13": [
            {
                "replacement-node": 66,
                "node-pos": 113,
                "part": null,
                "template-line-number": 236
            }
        ],
        "rule-4": [
            {
                "replacement-node": 9,
                "node-pos": 21,
                "part": null,
                "html": true,
                "template-line-number": 37
            }
        ],
        "rule-6": [
            {
                "replacement-node": 15,
                "node-pos": 31,
                "part": null,
                "template-line-number": 60
            }
        ],
        "rule-2": [
            {
                "expression-node": 4,
                "replacement-node": 3,
                "node-pos": 13,
                "part": null,
                "template-line-number": 25
            }
        ],
        "rule-14": [
            {
                "expression-node": 70,
                "replacement-node": 69,
                "node-pos": 118,
                "part": null,
                "template-line-number": 248
            }
        ],
        "rule-10": [
            {
                "expression-node": 28,
                "replacement-node": 27,
                "node-pos": 47,
                "part": null,
                "template-line-number": 78
            }
        ],
        "rule-21": {
            "name": "ODCHead",
            "subs": [
                {
                    "extras": {},
                    "name": "ODCHead",
                    "replacement-node": 39,
                    "node-pos": 74,
                    "part": "1",
                    "template-line-number": 133
                },
                {
                    "extras": {},
                    "name": "ODCHead",
                    "replacement-node": 42,
                    "node-pos": 78,
                    "part": "2",
                    "template-line-number": 142
                },
                {
                    "extras": {},
                    "name": "ODCHead",
                    "replacement-node": 37,
                    "node-pos": 72,
                    "part": "3",
                    "template-line-number": 129
                }
            ]
        },
        "rule-22": {
            "name": "OtherDeferredCredits",
            "subs": [
                {
                    "expression-node": 49,
                    "name": "OtherDeferredCredits",
                    "replacement-node": 48,
                    "node-pos": 87,
                    "part": "2",
                    "template-line-number": 201
                },
                {
                    "expression-node": 52,
                    "name": "OtherDeferredCredits",
                    "replacement-node": 51,
                    "node-pos": 91,
                    "part": "3",
                    "template-line-number": 206
                },
                {
                    "expression-node": 55,
                    "name": "OtherDeferredCredits",
                    "replacement-node": 54,
                    "node-pos": 95,
                    "part": "4",
                    "template-line-number": 211
                },
                {
                    "expression-node": 58,
                    "name": "OtherDeferredCredits",
                    "replacement-node": 57,
                    "node-pos": 99,
                    "part": "5",
                    "template-line-number": 216
                },
                {
                    "expression-node": 61,
                    "name": "OtherDeferredCredits",
                    "replacement-node": 60,
                    "node-pos": 103,
                    "part": "6",
                    "template-line-number": 221
                },
                {
                    "expression-node": 64,
                    "name": "OtherDeferredCredits",
                    "replacement-node": 63,
                    "node-pos": 107,
                    "part": "7",
                    "template-line-number": 226
                }
            ]
        },
        "rule-17": [
            {
                "expression-node": 79,
                "replacement-node": 78,
                "node-pos": 131,
                "part": null,
                "template-line-number": 276
            }
        ],
        "rule-8": [
            {
                "replacement-node": 21,
                "node-pos": 39,
                "part": null,
                "template-line-number": 69
            }
        ],
        "rule-19": [
            {
                "replacement-node": 84,
                "node-pos": 141,
                "part": null,
                "template-line-number": 294
            }
        ],
        "rule-12": [
            {
                "replacement-node": 33,
                "node-pos": 58,
                "part": null,
                "html": true,
                "template-line-number": 99
            }
        ],
        "rule-7": [
            {
                "expression-node": 19,
                "replacement-node": 18,
                "node-pos": 35,
                "part": null,
                "template-line-number": 64
            }
        ]
    },
    "showifs": {}
}