{
    "substitutions": {
        "rule-10": [
            {
                "replacement-node": 27,
                "node-pos": 47,
                "expression-node": 28,
                "part": null,
                "template-line-number": 82
            }
        ],
        "rule-15": [
            {
                "replacement-node": 66,
                "node-pos": 123,
                "part": null,
                "template-line-number": 266
            }
        ],
        "rule-9": [
            {
                "replacement-node": 24,
                "node-pos": 43,
                "expression-node": 25,
                "part": null,
                "template-line-number": 77
            }
        ],
        "rule-1": [
            {
                "replacement-node": 0,
                "node-pos": 9,
                "part": null,
                "template-line-number": 22
            }
        ],
        "rule-7": [
            {
                "replacement-node": 18,
                "node-pos": 35,
                "expression-node": 19,
                "part": null,
                "template-line-number": 67
            }
        ],
        "rule-8": [
            {
                "replacement-node": 21,
                "node-pos": 39,
                "part": null,
                "template-line-number": 72
            }
        ],
        "rule-2": [
            {
                "replacement-node": 3,
                "node-pos": 13,
                "expression-node": 4,
                "part": null,
                "template-line-number": 27
            }
        ],
        "rule-6": [
            {
                "replacement-node": 15,
                "node-pos": 31,
                "part": null,
                "template-line-number": 62
            }
        ],
        "rule-17": {
            "subs": [
                {
                    "part": "2",
                    "name": "ControlledByRespondent",
                    "node-pos": 97,
                    "expression-node": 49,
                    "replacement-node": 48,
                    "template-line-number": 221
                },
                {
                    "part": "3",
                    "name": "ControlledByRespondent",
                    "node-pos": 101,
                    "expression-node": 52,
                    "replacement-node": 51,
                    "template-line-number": 227
                },
                {
                    "part": "4",
                    "name": "ControlledByRespondent",
                    "node-pos": 105,
                    "expression-node": 55,
                    "replacement-node": 54,
                    "template-line-number": 232
                },
                {
                    "part": "5",
                    "name": "ControlledByRespondent",
                    "node-pos": 109,
                    "expression-node": 58,
                    "replacement-node": 57,
                    "template-line-number": 237
                }
            ],
            "name": "ControlledByRespondent"
        },
        "rule-3": [
            {
                "replacement-node": 6,
                "node-pos": 17,
                "part": null,
                "template-line-number": 33
            }
        ],
        "rule-5": [
            {
                "replacement-node": 12,
                "node-pos": 26,
                "part": null,
                "template-line-number": 51,
                "html": true
            }
        ],
        "rule-11": [
            {
                "replacement-node": 30,
                "node-pos": 53,
                "part": null,
                "template-line-number": 93
            }
        ],
        "rule-13": [
            {
                "replacement-node": 60,
                "node-pos": 115,
                "expression-node": 61,
                "part": null,
                "template-line-number": 249
            }
        ],
        "rule-14": [
            {
                "replacement-node": 63,
                "node-pos": 119,
                "part": null,
                "template-line-number": 256
            }
        ],
        "rule-12": [
            {
                "replacement-node": 33,
                "node-pos": 58,
                "part": null,
                "template-line-number": 104,
                "html": true
            }
        ],
        "rule-16": {
            "subs": [
                {
                    "part": "1",
                    "name": "ColumnHeadings",
                    "node-pos": 84,
                    "replacement-node": 39,
                    "extras": {},
                    "template-line-number": 157
                },
                {
                    "part": "2",
                    "name": "ColumnHeadings",
                    "node-pos": 88,
                    "replacement-node": 42,
                    "extras": {},
                    "template-line-number": 165
                },
                {
                    "part": "3",
                    "name": "ColumnHeadings",
                    "node-pos": 82,
                    "replacement-node": 37,
                    "extras": {},
                    "template-line-number": 153
                }
            ],
            "name": "ColumnHeadings"
        },
        "rule-4": [
            {
                "replacement-node": 9,
                "node-pos": 21,
                "part": null,
                "template-line-number": 39,
                "html": true
            }
        ]
    },
    "showifs": {},
    "line-numbers": {
        "ControlledByRespondent": [
            {
                "line-number-node": 46,
                "start-number": 1,
                "template-line-number": 217
            }
        ]
    }
}