{
    "substitutions": {
        "rule-13": [
            {
                "template-line-number": 249,
                "node-pos": 115,
                "replacement-node": 60,
                "expression-node": 61,
                "part": null
            }
        ],
        "rule-11": [
            {
                "template-line-number": 93,
                "node-pos": 53,
                "replacement-node": 30,
                "part": null
            }
        ],
        "rule-16": {
            "name": "ColumnHeadings",
            "subs": [
                {
                    "template-line-number": 157,
                    "node-pos": 84,
                    "part": "1",
                    "extras": {},
                    "replacement-node": 39,
                    "name": "ColumnHeadings"
                },
                {
                    "template-line-number": 165,
                    "node-pos": 88,
                    "part": "2",
                    "extras": {},
                    "replacement-node": 42,
                    "name": "ColumnHeadings"
                },
                {
                    "template-line-number": 153,
                    "node-pos": 82,
                    "part": "3",
                    "extras": {},
                    "replacement-node": 37,
                    "name": "ColumnHeadings"
                }
            ]
        },
        "rule-14": [
            {
                "template-line-number": 256,
                "node-pos": 119,
                "replacement-node": 63,
                "part": null
            }
        ],
        "rule-3": [
            {
                "template-line-number": 33,
                "node-pos": 17,
                "replacement-node": 6,
                "part": null
            }
        ],
        "rule-12": [
            {
                "template-line-number": 104,
                "node-pos": 58,
                "replacement-node": 33,
                "html": true,
                "part": null
            }
        ],
        "rule-10": [
            {
                "template-line-number": 82,
                "node-pos": 47,
                "replacement-node": 27,
                "expression-node": 28,
                "part": null
            }
        ],
        "rule-6": [
            {
                "template-line-number": 62,
                "node-pos": 31,
                "replacement-node": 15,
                "part": null
            }
        ],
        "rule-4": [
            {
                "template-line-number": 39,
                "node-pos": 21,
                "replacement-node": 9,
                "html": true,
                "part": null
            }
        ],
        "rule-1": [
            {
                "template-line-number": 22,
                "node-pos": 9,
                "replacement-node": 0,
                "part": null
            }
        ],
        "rule-5": [
            {
                "template-line-number": 51,
                "node-pos": 26,
                "replacement-node": 12,
                "html": true,
                "part": null
            }
        ],
        "rule-9": [
            {
                "template-line-number": 77,
                "node-pos": 43,
                "replacement-node": 24,
                "expression-node": 25,
                "part": null
            }
        ],
        "rule-15": [
            {
                "template-line-number": 266,
                "node-pos": 123,
                "replacement-node": 66,
                "part": null
            }
        ],
        "rule-7": [
            {
                "template-line-number": 67,
                "node-pos": 35,
                "replacement-node": 18,
                "expression-node": 19,
                "part": null
            }
        ],
        "rule-8": [
            {
                "template-line-number": 72,
                "node-pos": 39,
                "replacement-node": 21,
                "part": null
            }
        ],
        "rule-2": [
            {
                "template-line-number": 27,
                "node-pos": 13,
                "replacement-node": 3,
                "expression-node": 4,
                "part": null
            }
        ],
        "rule-17": {
            "name": "ControlledByRespondent",
            "subs": [
                {
                    "template-line-number": 221,
                    "node-pos": 97,
                    "expression-node": 49,
                    "part": "2",
                    "replacement-node": 48,
                    "name": "ControlledByRespondent"
                },
                {
                    "template-line-number": 227,
                    "node-pos": 101,
                    "expression-node": 52,
                    "part": "3",
                    "replacement-node": 51,
                    "name": "ControlledByRespondent"
                },
                {
                    "template-line-number": 232,
                    "node-pos": 105,
                    "expression-node": 55,
                    "part": "4",
                    "replacement-node": 54,
                    "name": "ControlledByRespondent"
                },
                {
                    "template-line-number": 237,
                    "node-pos": 109,
                    "expression-node": 58,
                    "part": "5",
                    "replacement-node": 57,
                    "name": "ControlledByRespondent"
                }
            ]
        }
    },
    "line-numbers": {
        "ControlledByRespondent": [
            {
                "template-line-number": 217,
                "line-number-node": 46,
                "start-number": 1
            }
        ]
    },
    "showifs": {}
}