{
    "showifs": {
        "rule-1": {
            "template-line-number": 18,
            "type": "showif"
        }
    },
    "substitutions": {
        "rule-11": [
            {
                "part": null,
                "template-line-number": 90,
                "expression-node": 29,
                "node-pos": 48,
                "replacement-node": 28
            }
        ],
        "rule-13": [
            {
                "part": null,
                "template-line-number": 111,
                "html": true,
                "node-pos": 59,
                "replacement-node": 34
            }
        ],
        "rule-7": [
            {
                "part": null,
                "template-line-number": 70,
                "node-pos": 32,
                "replacement-node": 16
            }
        ],
        "rule-15": [
            {
                "part": null,
                "template-line-number": 223,
                "node-pos": 105,
                "replacement-node": 63
            }
        ],
        "rule-9": [
            {
                "part": null,
                "template-line-number": 80,
                "node-pos": 40,
                "replacement-node": 22
            }
        ],
        "rule-14": [
            {
                "part": null,
                "template-line-number": 216,
                "expression-node": 61,
                "node-pos": 101,
                "replacement-node": 60
            }
        ],
        "rule-18": {
            "subs": [
                {
                    "template-line-number": 135,
                    "name": "ElectricOperationsAndMaintenanceExpensesHeadings",
                    "part": "1",
                    "node-pos": 68,
                    "extras": {},
                    "replacement-node": 38
                },
                {
                    "template-line-number": 142,
                    "name": "ElectricOperationsAndMaintenanceExpensesHeadings",
                    "part": "2",
                    "node-pos": 72,
                    "extras": {},
                    "replacement-node": 41
                }
            ],
            "name": "ElectricOperationsAndMaintenanceExpensesHeadings"
        },
        "rule-4": [
            {
                "part": null,
                "template-line-number": 41,
                "node-pos": 18,
                "replacement-node": 7
            }
        ],
        "rule-8": [
            {
                "part": null,
                "template-line-number": 75,
                "expression-node": 20,
                "node-pos": 36,
                "replacement-node": 19
            }
        ],
        "rule-12": [
            {
                "part": null,
                "template-line-number": 100,
                "node-pos": 54,
                "replacement-node": 31
            }
        ],
        "rule-3": [
            {
                "part": null,
                "template-line-number": 35,
                "expression-node": 5,
                "node-pos": 14,
                "replacement-node": 4
            }
        ],
        "rule-2": [
            {
                "part": null,
                "template-line-number": 30,
                "node-pos": 10,
                "replacement-node": 1
            }
        ],
        "rule-6": [
            {
                "part": null,
                "template-line-number": 59,
                "html": true,
                "node-pos": 27,
                "replacement-node": 13
            }
        ],
        "rule-5": [
            {
                "part": null,
                "template-line-number": 47,
                "html": true,
                "node-pos": 22,
                "replacement-node": 10
            }
        ],
        "rule-16": [
            {
                "part": null,
                "template-line-number": 233,
                "node-pos": 109,
                "replacement-node": 66
            }
        ],
        "rule-10": [
            {
                "part": null,
                "template-line-number": 85,
                "expression-node": 26,
                "node-pos": 44,
                "replacement-node": 25
            }
        ],
        "rule-17": {
            "subs": [
                {
                    "template-line-number": 179,
                    "name": "ElectricOperationsAndMaintenanceExpensesLineItems",
                    "part": "1",
                    "node-pos": 78,
                    "extras": {},
                    "replacement-node": 45
                },
                {
                    "template-line-number": 186,
                    "name": "ElectricOperationsAndMaintenanceExpensesLineItems",
                    "part": "2",
                    "node-pos": 84,
                    "extras": {},
                    "replacement-node": 48
                },
                {
                    "template-line-number": 190,
                    "name": "ElectricOperationsAndMaintenanceExpensesLineItems",
                    "part": "3",
                    "node-pos": 86,
                    "extras": {},
                    "replacement-node": 50
                },
                {
                    "template-line-number": 199,
                    "expression-node": 55,
                    "name": "ElectricOperationsAndMaintenanceExpensesLineItems",
                    "part": "4",
                    "node-pos": 91,
                    "replacement-node": 54
                },
                {
                    "template-line-number": 205,
                    "expression-node": 58,
                    "name": "ElectricOperationsAndMaintenanceExpensesLineItems",
                    "part": "5",
                    "node-pos": 95,
                    "replacement-node": 57
                }
            ],
            "name": "ElectricOperationsAndMaintenanceExpensesLineItems"
        }
    },
    "line-numbers": {}
}