{
    "substitutions": {
        "rule-1": [
            {
                "part": null,
                "replacement-node": 0,
                "template-line-number": 22,
                "node-pos": 9
            }
        ],
        "rule-2": [
            {
                "part": null,
                "replacement-node": 3,
                "expression-node": 4,
                "template-line-number": 27,
                "node-pos": 13
            }
        ],
        "rule-3": [
            {
                "part": null,
                "replacement-node": 6,
                "template-line-number": 33,
                "node-pos": 17
            }
        ],
        "rule-4": [
            {
                "part": null,
                "replacement-node": 9,
                "template-line-number": 39,
                "node-pos": 21,
                "html": true
            }
        ],
        "rule-5": [
            {
                "part": null,
                "replacement-node": 12,
                "template-line-number": 51,
                "node-pos": 26,
                "html": true
            }
        ],
        "rule-6": [
            {
                "part": null,
                "replacement-node": 15,
                "template-line-number": 62,
                "node-pos": 31
            }
        ],
        "rule-7": [
            {
                "part": null,
                "replacement-node": 18,
                "expression-node": 19,
                "template-line-number": 67,
                "node-pos": 35
            }
        ],
        "rule-8": [
            {
                "part": null,
                "replacement-node": 21,
                "template-line-number": 72,
                "node-pos": 39
            }
        ],
        "rule-9": [
            {
                "part": null,
                "replacement-node": 24,
                "expression-node": 25,
                "template-line-number": 77,
                "node-pos": 44
            }
        ],
        "rule-10": [
            {
                "part": null,
                "replacement-node": 27,
                "expression-node": 28,
                "template-line-number": 82,
                "node-pos": 48
            }
        ],
        "rule-11": [
            {
                "part": null,
                "replacement-node": 30,
                "template-line-number": 92,
                "node-pos": 54
            }
        ],
        "rule-12": [
            {
                "part": null,
                "replacement-node": 33,
                "template-line-number": 103,
                "node-pos": 59,
                "html": true
            }
        ],
        "rule-13": [
            {
                "part": null,
                "replacement-node": 91,
                "template-line-number": 473,
                "node-pos": 160
            }
        ],
        "rule-14": [
            {
                "part": null,
                "replacement-node": 130,
                "expression-node": 131,
                "template-line-number": 632,
                "node-pos": 226
            }
        ],
        "rule-15": [
            {
                "part": null,
                "replacement-node": 133,
                "template-line-number": 639,
                "node-pos": 230
            }
        ],
        "rule-16": [
            {
                "part": null,
                "replacement-node": 136,
                "template-line-number": 649,
                "node-pos": 234
            }
        ],
        "rule-17": {
            "name": "DeferredIncomeTaxesLineItems",
            "subs": [
                {
                    "name": "DeferredIncomeTaxesLineItems",
                    "part": "10",
                    "replacement-node": 75,
                    "expression-node": 76,
                    "template-line-number": 439,
                    "node-pos": 138
                },
                {
                    "name": "DeferredIncomeTaxesLineItems",
                    "part": "11",
                    "replacement-node": 79,
                    "expression-node": 80,
                    "template-line-number": 445,
                    "node-pos": 143
                },
                {
                    "name": "DeferredIncomeTaxesLineItems",
                    "part": "12",
                    "replacement-node": 83,
                    "expression-node": 84,
                    "template-line-number": 452,
                    "node-pos": 148
                },
                {
                    "name": "DeferredIncomeTaxesLineItems",
                    "part": "13",
                    "replacement-node": 87,
                    "expression-node": 88,
                    "template-line-number": 458,
                    "node-pos": 153
                },
                {
                    "name": "DeferredIncomeTaxesLineItems",
                    "part": "2",
                    "replacement-node": 47,
                    "expression-node": 48,
                    "template-line-number": 387,
                    "node-pos": 103
                },
                {
                    "name": "DeferredIncomeTaxesLineItems",
                    "part": "3",
                    "replacement-node": 44,
                    "template-line-number": 379,
                    "extras": {},
                    "node-pos": 99
                },
                {
                    "name": "DeferredIncomeTaxesLineItems",
                    "part": "4",
                    "replacement-node": 51,
                    "expression-node": 52,
                    "template-line-number": 396,
                    "node-pos": 108
                },
                {
                    "name": "DeferredIncomeTaxesLineItems",
                    "part": "5",
                    "replacement-node": 55,
                    "expression-node": 56,
                    "template-line-number": 404,
                    "node-pos": 113
                },
                {
                    "name": "DeferredIncomeTaxesLineItems",
                    "part": "6",
                    "replacement-node": 59,
                    "expression-node": 60,
                    "template-line-number": 411,
                    "node-pos": 118
                },
                {
                    "name": "DeferredIncomeTaxesLineItems",
                    "part": "7",
                    "replacement-node": 63,
                    "expression-node": 64,
                    "template-line-number": 418,
                    "node-pos": 123
                },
                {
                    "name": "DeferredIncomeTaxesLineItems",
                    "part": "8",
                    "replacement-node": 67,
                    "expression-node": 68,
                    "template-line-number": 425,
                    "node-pos": 128
                },
                {
                    "name": "DeferredIncomeTaxesLineItems",
                    "part": "9",
                    "replacement-node": 71,
                    "expression-node": 72,
                    "template-line-number": 432,
                    "node-pos": 133
                }
            ]
        },
        "rule-18": {
            "name": "TaxClassificationLineItems",
            "subs": [
                {
                    "name": "TaxClassificationLineItems",
                    "part": "1",
                    "replacement-node": 98,
                    "template-line-number": 546,
                    "extras": {},
                    "node-pos": 181
                },
                {
                    "name": "TaxClassificationLineItems",
                    "part": "2",
                    "replacement-node": 100,
                    "expression-node": 101,
                    "template-line-number": 553,
                    "node-pos": 184
                },
                {
                    "name": "TaxClassificationLineItems",
                    "part": "3",
                    "replacement-node": 103,
                    "expression-node": 104,
                    "template-line-number": 561,
                    "node-pos": 188
                },
                {
                    "name": "TaxClassificationLineItems",
                    "part": "4",
                    "replacement-node": 106,
                    "expression-node": 107,
                    "template-line-number": 569,
                    "node-pos": 192
                },
                {
                    "name": "TaxClassificationLineItems",
                    "part": "5",
                    "replacement-node": 109,
                    "expression-node": 110,
                    "template-line-number": 577,
                    "node-pos": 196
                },
                {
                    "name": "TaxClassificationLineItems",
                    "part": "6",
                    "replacement-node": 112,
                    "expression-node": 113,
                    "template-line-number": 585,
                    "node-pos": 200
                },
                {
                    "name": "TaxClassificationLineItems",
                    "part": "6",
                    "replacement-node": 118,
                    "expression-node": 119,
                    "template-line-number": 600,
                    "node-pos": 208
                },
                {
                    "name": "TaxClassificationLineItems",
                    "part": "6",
                    "replacement-node": 124,
                    "expression-node": 125,
                    "template-line-number": 614,
                    "node-pos": 216
                },
                {
                    "name": "TaxClassificationLineItems",
                    "part": "6",
                    "replacement-node": 127,
                    "expression-node": 128,
                    "template-line-number": 621,
                    "node-pos": 220
                },
                {
                    "name": "TaxClassificationLineItems",
                    "part": "7",
                    "replacement-node": 115,
                    "expression-node": 116,
                    "template-line-number": 593,
                    "node-pos": 204
                },
                {
                    "name": "TaxClassificationLineItems",
                    "part": "7",
                    "replacement-node": 121,
                    "expression-node": 122,
                    "template-line-number": 607,
                    "node-pos": 212
                }
            ]
        },
        "rule-19": {
            "name": "DeferredIncomeTaxesHeadings",
            "subs": [
                {
                    "name": "DeferredIncomeTaxesHeadings",
                    "part": "1",
                    "replacement-node": 37,
                    "template-line-number": 150,
                    "extras": {},
                    "node-pos": 89
                },
                {
                    "name": "DeferredIncomeTaxesHeadings",
                    "part": "2",
                    "replacement-node": 40,
                    "template-line-number": 157,
                    "extras": {},
                    "node-pos": 93
                }
            ]
        }
    },
    "line-numbers": {
        "TaxClassificationLineItems": [
            {
                "line-number-node": 95,
                "start-number": 19,
                "template-line-number": 538
            }
        ]
    },
    "showifs": {},
    "footnotes": {},
    "standard-rules": [
        "rule-1",
        "rule-2",
        "rule-3",
        "rule-4",
        "rule-5",
        "rule-6",
        "rule-7",
        "rule-8",
        "rule-9",
        "rule-10",
        "rule-11",
        "rule-12",
        "rule-13",
        "rule-14",
        "rule-15",
        "rule-16",
        "rule-17",
        "rule-18",
        "rule-19"
    ],
    "footnote-rules": []
}