{
    "line-numbers": {},
    "showifs": {},
    "substitutions": {
        "rule-12": [
            {
                "html": true,
                "node-pos": 58,
                "replacement-node": 33,
                "template-line-number": 98,
                "part": null
            }
        ],
        "rule-24": [
            {
                "html": true,
                "replacement-node": 69,
                "part": null,
                "template-line-number": 246,
                "expression-node": 70,
                "node-pos": 134
            }
        ],
        "rule-26": [
            {
                "html": true,
                "replacement-node": 75,
                "part": null,
                "template-line-number": 268,
                "expression-node": 76,
                "node-pos": 144
            }
        ],
        "rule-29": [
            {
                "node-pos": 160,
                "replacement-node": 84,
                "expression-node": 85,
                "template-line-number": 304,
                "part": null
            }
        ],
        "rule-8": [
            {
                "node-pos": 39,
                "replacement-node": 21,
                "template-line-number": 68,
                "part": null
            }
        ],
        "rule-15": [
            {
                "html": true,
                "replacement-node": 42,
                "part": null,
                "template-line-number": 147,
                "expression-node": 43,
                "node-pos": 89
            }
        ],
        "rule-6": [
            {
                "node-pos": 31,
                "replacement-node": 15,
                "template-line-number": 59,
                "part": null
            }
        ],
        "rule-20": [
            {
                "html": true,
                "replacement-node": 57,
                "part": null,
                "template-line-number": 202,
                "expression-node": 58,
                "node-pos": 114
            }
        ],
        "rule-1": [
            {
                "node-pos": 9,
                "replacement-node": 0,
                "template-line-number": 20,
                "part": null
            }
        ],
        "rule-27": [
            {
                "html": true,
                "replacement-node": 78,
                "part": null,
                "template-line-number": 279,
                "expression-node": 79,
                "node-pos": 149
            }
        ],
        "rule-5": [
            {
                "html": true,
                "node-pos": 26,
                "replacement-node": 12,
                "template-line-number": 48,
                "part": null
            }
        ],
        "rule-4": [
            {
                "html": true,
                "node-pos": 21,
                "replacement-node": 9,
                "template-line-number": 36,
                "part": null
            }
        ],
        "rule-31": [
            {
                "node-pos": 168,
                "replacement-node": 90,
                "template-line-number": 318,
                "part": null
            }
        ],
        "rule-9": [
            {
                "node-pos": 43,
                "replacement-node": 24,
                "expression-node": 25,
                "template-line-number": 72,
                "part": null
            }
        ],
        "rule-22": [
            {
                "html": true,
                "replacement-node": 63,
                "part": null,
                "template-line-number": 224,
                "expression-node": 64,
                "node-pos": 124
            }
        ],
        "rule-13": [
            {
                "html": true,
                "replacement-node": 36,
                "part": null,
                "template-line-number": 125,
                "expression-node": 37,
                "node-pos": 79
            }
        ],
        "rule-17": [
            {
                "html": true,
                "replacement-node": 48,
                "part": null,
                "template-line-number": 169,
                "expression-node": 49,
                "node-pos": 99
            }
        ],
        "rule-28": [
            {
                "html": true,
                "replacement-node": 81,
                "part": null,
                "template-line-number": 290,
                "expression-node": 82,
                "node-pos": 154
            }
        ],
        "rule-11": [
            {
                "node-pos": 53,
                "replacement-node": 30,
                "template-line-number": 87,
                "part": null
            }
        ],
        "rule-25": [
            {
                "html": true,
                "replacement-node": 72,
                "part": null,
                "template-line-number": 257,
                "expression-node": 73,
                "node-pos": 139
            }
        ],
        "rule-14": [
            {
                "html": true,
                "replacement-node": 39,
                "part": null,
                "template-line-number": 136,
                "expression-node": 40,
                "node-pos": 84
            }
        ],
        "rule-2": [
            {
                "node-pos": 13,
                "replacement-node": 3,
                "expression-node": 4,
                "template-line-number": 24,
                "part": null
            }
        ],
        "rule-16": [
            {
                "html": true,
                "replacement-node": 45,
                "part": null,
                "template-line-number": 158,
                "expression-node": 46,
                "node-pos": 94
            }
        ],
        "rule-21": [
            {
                "html": true,
                "replacement-node": 60,
                "part": null,
                "template-line-number": 213,
                "expression-node": 61,
                "node-pos": 119
            }
        ],
        "rule-7": [
            {
                "node-pos": 35,
                "replacement-node": 18,
                "expression-node": 19,
                "template-line-number": 63,
                "part": null
            }
        ],
        "rule-30": [
            {
                "node-pos": 164,
                "replacement-node": 87,
                "template-line-number": 309,
                "part": null
            }
        ],
        "rule-18": [
            {
                "html": true,
                "replacement-node": 51,
                "part": null,
                "template-line-number": 180,
                "expression-node": 52,
                "node-pos": 104
            }
        ],
        "rule-19": [
            {
                "html": true,
                "replacement-node": 54,
                "part": null,
                "template-line-number": 191,
                "expression-node": 55,
                "node-pos": 109
            }
        ],
        "rule-3": [
            {
                "node-pos": 17,
                "replacement-node": 6,
                "template-line-number": 30,
                "part": null
            }
        ],
        "rule-23": [
            {
                "html": true,
                "replacement-node": 66,
                "part": null,
                "template-line-number": 235,
                "expression-node": 67,
                "node-pos": 129
            }
        ],
        "rule-10": [
            {
                "node-pos": 47,
                "replacement-node": 27,
                "expression-node": 28,
                "template-line-number": 77,
                "part": null
            }
        ]
    }
}