{
    "showifs": {},
    "line-numbers": {},
    "substitutions": {
        "rule-2": [
            {
                "node-pos": 13,
                "expression-node": 4,
                "template-line-number": 24,
                "part": null,
                "replacement-node": 3
            }
        ],
        "rule-7": [
            {
                "node-pos": 35,
                "expression-node": 19,
                "template-line-number": 63,
                "part": null,
                "replacement-node": 18
            }
        ],
        "rule-9": [
            {
                "node-pos": 43,
                "expression-node": 25,
                "template-line-number": 72,
                "part": null,
                "replacement-node": 24
            }
        ],
        "rule-14": [
            {
                "node-pos": 85,
                "expression-node": 40,
                "template-line-number": 139,
                "part": null,
                "replacement-node": 39
            }
        ],
        "rule-8": [
            {
                "node-pos": 39,
                "template-line-number": 68,
                "part": null,
                "replacement-node": 21
            }
        ],
        "rule-3": [
            {
                "node-pos": 17,
                "template-line-number": 30,
                "part": null,
                "replacement-node": 6
            }
        ],
        "rule-4": [
            {
                "node-pos": 21,
                "html": true,
                "template-line-number": 36,
                "part": null,
                "replacement-node": 9
            }
        ],
        "rule-6": [
            {
                "node-pos": 31,
                "template-line-number": 59,
                "part": null,
                "replacement-node": 15
            }
        ],
        "rule-13": [
            {
                "node-pos": 79,
                "html": true,
                "replacement-node": 36,
                "template-line-number": 125,
                "part": null,
                "expression-node": 37
            }
        ],
        "rule-11": [
            {
                "node-pos": 53,
                "template-line-number": 87,
                "part": null,
                "replacement-node": 30
            }
        ],
        "rule-16": [
            {
                "node-pos": 93,
                "template-line-number": 153,
                "part": null,
                "replacement-node": 45
            }
        ],
        "rule-10": [
            {
                "node-pos": 47,
                "expression-node": 28,
                "template-line-number": 77,
                "part": null,
                "replacement-node": 27
            }
        ],
        "rule-1": [
            {
                "node-pos": 9,
                "template-line-number": 20,
                "part": null,
                "replacement-node": 0
            }
        ],
        "rule-5": [
            {
                "node-pos": 26,
                "html": true,
                "template-line-number": 48,
                "part": null,
                "replacement-node": 12
            }
        ],
        "rule-15": [
            {
                "node-pos": 89,
                "template-line-number": 144,
                "part": null,
                "replacement-node": 42
            }
        ],
        "rule-12": [
            {
                "node-pos": 58,
                "html": true,
                "template-line-number": 98,
                "part": null,
                "replacement-node": 33
            }
        ]
    }
}