{
    "line-numbers": {},
    "substitutions": {
        "rule-7": [
            {
                "part": null,
                "template-line-number": 65,
                "replacement-node": 16,
                "node-pos": 32
            }
        ],
        "rule-22": [
            {
                "part": null,
                "expression-node": 62,
                "replacement-node": 61,
                "html": true,
                "template-line-number": 219,
                "node-pos": 120
            }
        ],
        "rule-13": [
            {
                "part": null,
                "template-line-number": 104,
                "html": true,
                "replacement-node": 34,
                "node-pos": 59
            }
        ],
        "rule-23": [
            {
                "part": null,
                "expression-node": 65,
                "replacement-node": 64,
                "html": true,
                "template-line-number": 230,
                "node-pos": 125
            }
        ],
        "rule-12": [
            {
                "part": null,
                "template-line-number": 93,
                "replacement-node": 31,
                "node-pos": 54
            }
        ],
        "rule-9": [
            {
                "part": null,
                "template-line-number": 74,
                "replacement-node": 22,
                "node-pos": 40
            }
        ],
        "rule-21": [
            {
                "part": null,
                "expression-node": 59,
                "replacement-node": 58,
                "html": true,
                "template-line-number": 208,
                "node-pos": 115
            }
        ],
        "rule-25": [
            {
                "part": null,
                "expression-node": 71,
                "replacement-node": 70,
                "html": true,
                "template-line-number": 252,
                "node-pos": 135
            }
        ],
        "rule-32": [
            {
                "part": null,
                "template-line-number": 324,
                "replacement-node": 91,
                "node-pos": 169
            }
        ],
        "rule-29": [
            {
                "part": null,
                "expression-node": 83,
                "replacement-node": 82,
                "html": true,
                "template-line-number": 296,
                "node-pos": 155
            }
        ],
        "rule-20": [
            {
                "part": null,
                "expression-node": 56,
                "replacement-node": 55,
                "html": true,
                "template-line-number": 197,
                "node-pos": 110
            }
        ],
        "rule-11": [
            {
                "template-line-number": 83,
                "part": null,
                "expression-node": 29,
                "replacement-node": 28,
                "node-pos": 48
            }
        ],
        "rule-10": [
            {
                "template-line-number": 78,
                "part": null,
                "expression-node": 26,
                "replacement-node": 25,
                "node-pos": 44
            }
        ],
        "rule-27": [
            {
                "part": null,
                "expression-node": 77,
                "replacement-node": 76,
                "html": true,
                "template-line-number": 274,
                "node-pos": 145
            }
        ],
        "rule-3": [
            {
                "template-line-number": 30,
                "part": null,
                "expression-node": 5,
                "replacement-node": 4,
                "node-pos": 14
            }
        ],
        "rule-24": [
            {
                "part": null,
                "expression-node": 68,
                "replacement-node": 67,
                "html": true,
                "template-line-number": 241,
                "node-pos": 130
            }
        ],
        "rule-16": [
            {
                "part": null,
                "expression-node": 44,
                "replacement-node": 43,
                "html": true,
                "template-line-number": 153,
                "node-pos": 90
            }
        ],
        "rule-5": [
            {
                "part": null,
                "template-line-number": 42,
                "html": true,
                "replacement-node": 10,
                "node-pos": 22
            }
        ],
        "rule-14": [
            {
                "part": null,
                "expression-node": 38,
                "replacement-node": 37,
                "html": true,
                "template-line-number": 131,
                "node-pos": 80
            }
        ],
        "rule-28": [
            {
                "part": null,
                "expression-node": 80,
                "replacement-node": 79,
                "html": true,
                "template-line-number": 285,
                "node-pos": 150
            }
        ],
        "rule-26": [
            {
                "part": null,
                "expression-node": 74,
                "replacement-node": 73,
                "html": true,
                "template-line-number": 263,
                "node-pos": 140
            }
        ],
        "rule-19": [
            {
                "part": null,
                "expression-node": 53,
                "replacement-node": 52,
                "html": true,
                "template-line-number": 186,
                "node-pos": 105
            }
        ],
        "rule-8": [
            {
                "template-line-number": 69,
                "part": null,
                "expression-node": 20,
                "replacement-node": 19,
                "node-pos": 36
            }
        ],
        "rule-2": [
            {
                "part": null,
                "template-line-number": 26,
                "replacement-node": 1,
                "node-pos": 10
            }
        ],
        "rule-17": [
            {
                "part": null,
                "expression-node": 47,
                "replacement-node": 46,
                "html": true,
                "template-line-number": 164,
                "node-pos": 95
            }
        ],
        "rule-6": [
            {
                "part": null,
                "template-line-number": 54,
                "html": true,
                "replacement-node": 13,
                "node-pos": 27
            }
        ],
        "rule-18": [
            {
                "part": null,
                "expression-node": 50,
                "replacement-node": 49,
                "html": true,
                "template-line-number": 175,
                "node-pos": 100
            }
        ],
        "rule-15": [
            {
                "part": null,
                "expression-node": 41,
                "replacement-node": 40,
                "html": true,
                "template-line-number": 142,
                "node-pos": 85
            }
        ],
        "rule-4": [
            {
                "part": null,
                "template-line-number": 36,
                "replacement-node": 7,
                "node-pos": 18
            }
        ],
        "rule-31": [
            {
                "part": null,
                "template-line-number": 315,
                "replacement-node": 88,
                "node-pos": 165
            }
        ],
        "rule-30": [
            {
                "template-line-number": 310,
                "part": null,
                "expression-node": 86,
                "replacement-node": 85,
                "node-pos": 161
            }
        ]
    },
    "showifs": {
        "rule-1": {
            "template-line-number": 16,
            "type": "showif"
        }
    }
}