{
    "showifs": {},
    "substitutions": {
        "rule-7": [
            {
                "expression-node": 19,
                "replacement-node": 18,
                "template-line-number": 63,
                "part": null,
                "node-pos": 35
            }
        ],
        "rule-5": [
            {
                "replacement-node": 12,
                "html": true,
                "template-line-number": 48,
                "part": null,
                "node-pos": 26
            }
        ],
        "rule-3": [
            {
                "replacement-node": 6,
                "template-line-number": 30,
                "part": null,
                "node-pos": 17
            }
        ],
        "rule-10": [
            {
                "expression-node": 28,
                "replacement-node": 27,
                "template-line-number": 77,
                "part": null,
                "node-pos": 47
            }
        ],
        "rule-16": [
            {
                "replacement-node": 45,
                "template-line-number": 153,
                "part": null,
                "node-pos": 93
            }
        ],
        "rule-12": [
            {
                "replacement-node": 33,
                "html": true,
                "template-line-number": 98,
                "part": null,
                "node-pos": 58
            }
        ],
        "rule-13": [
            {
                "replacement-node": 36,
                "html": true,
                "part": null,
                "expression-node": 37,
                "template-line-number": 125,
                "node-pos": 79
            }
        ],
        "rule-4": [
            {
                "replacement-node": 9,
                "html": true,
                "template-line-number": 36,
                "part": null,
                "node-pos": 21
            }
        ],
        "rule-9": [
            {
                "expression-node": 25,
                "replacement-node": 24,
                "template-line-number": 72,
                "part": null,
                "node-pos": 43
            }
        ],
        "rule-2": [
            {
                "expression-node": 4,
                "replacement-node": 3,
                "template-line-number": 24,
                "part": null,
                "node-pos": 13
            }
        ],
        "rule-11": [
            {
                "replacement-node": 30,
                "template-line-number": 87,
                "part": null,
                "node-pos": 53
            }
        ],
        "rule-6": [
            {
                "replacement-node": 15,
                "template-line-number": 59,
                "part": null,
                "node-pos": 31
            }
        ],
        "rule-14": [
            {
                "expression-node": 40,
                "replacement-node": 39,
                "template-line-number": 139,
                "part": null,
                "node-pos": 85
            }
        ],
        "rule-8": [
            {
                "replacement-node": 21,
                "template-line-number": 68,
                "part": null,
                "node-pos": 39
            }
        ],
        "rule-1": [
            {
                "replacement-node": 0,
                "template-line-number": 20,
                "part": null,
                "node-pos": 9
            }
        ],
        "rule-15": [
            {
                "replacement-node": 42,
                "template-line-number": 144,
                "part": null,
                "node-pos": 89
            }
        ]
    },
    "line-numbers": {}
}