{
    "substitutions": {
        "rule-12": [
            {
                "node-pos": 61,
                "template-line-number": 102,
                "part": null,
                "html": true,
                "replacement-node": 33
            }
        ],
        "rule-10": [
            {
                "template-line-number": 81,
                "expression-node": 28,
                "node-pos": 50,
                "part": null,
                "replacement-node": 27
            }
        ],
        "rule-8": [
            {
                "node-pos": 41,
                "template-line-number": 71,
                "part": null,
                "replacement-node": 21
            }
        ],
        "rule-20": {
            "subs": [
                {
                    "part": "1",
                    "extras": {},
                    "replacement-node": 37,
                    "node-pos": 72,
                    "template-line-number": 128,
                    "name": "DeferredIncomeTaxesHeadings"
                },
                {
                    "part": "2",
                    "extras": {},
                    "replacement-node": 40,
                    "node-pos": 76,
                    "template-line-number": 135,
                    "name": "DeferredIncomeTaxesHeadings"
                }
            ],
            "name": "DeferredIncomeTaxesHeadings"
        },
        "rule-9": [
            {
                "template-line-number": 76,
                "expression-node": 25,
                "node-pos": 46,
                "part": null,
                "replacement-node": 24
            }
        ],
        "rule-2": [
            {
                "template-line-number": 26,
                "expression-node": 4,
                "node-pos": 14,
                "part": null,
                "replacement-node": 3
            }
        ],
        "rule-6": [
            {
                "node-pos": 32,
                "template-line-number": 61,
                "part": null,
                "replacement-node": 15
            }
        ],
        "rule-7": [
            {
                "template-line-number": 66,
                "expression-node": 19,
                "node-pos": 37,
                "part": null,
                "replacement-node": 18
            }
        ],
        "rule-16": [
            {
                "node-pos": 219,
                "template-line-number": 444,
                "part": null,
                "replacement-node": 125
            }
        ],
        "rule-14": [
            {
                "node-pos": 149,
                "template-line-number": 281,
                "part": null,
                "replacement-node": 83
            }
        ],
        "rule-13": [
            {
                "node-pos": 82,
                "template-line-number": 146,
                "part": null,
                "replacement-node": 43
            }
        ],
        "rule-15": [
            {
                "template-line-number": 439,
                "expression-node": 123,
                "node-pos": 215,
                "part": null,
                "replacement-node": 122
            }
        ],
        "rule-11": [
            {
                "node-pos": 56,
                "template-line-number": 91,
                "part": null,
                "replacement-node": 30
            }
        ],
        "rule-3": [
            {
                "node-pos": 18,
                "template-line-number": 32,
                "part": null,
                "replacement-node": 6
            }
        ],
        "rule-5": [
            {
                "node-pos": 27,
                "template-line-number": 50,
                "part": null,
                "html": true,
                "replacement-node": 12
            }
        ],
        "rule-18": {
            "subs": [
                {
                    "part": "1",
                    "extras": {},
                    "replacement-node": 90,
                    "node-pos": 170,
                    "template-line-number": 354,
                    "name": "TaxClassificationLineItems"
                },
                {
                    "part": "2",
                    "replacement-node": 92,
                    "node-pos": 173,
                    "expression-node": 93,
                    "template-line-number": 361,
                    "name": "TaxClassificationLineItems"
                },
                {
                    "part": "3",
                    "replacement-node": 95,
                    "node-pos": 177,
                    "expression-node": 96,
                    "template-line-number": 369,
                    "name": "TaxClassificationLineItems"
                },
                {
                    "part": "4",
                    "replacement-node": 98,
                    "node-pos": 181,
                    "expression-node": 99,
                    "template-line-number": 377,
                    "name": "TaxClassificationLineItems"
                },
                {
                    "part": "5",
                    "replacement-node": 101,
                    "node-pos": 185,
                    "expression-node": 102,
                    "template-line-number": 385,
                    "name": "TaxClassificationLineItems"
                },
                {
                    "part": "6",
                    "replacement-node": 104,
                    "node-pos": 189,
                    "expression-node": 105,
                    "template-line-number": 393,
                    "name": "TaxClassificationLineItems"
                },
                {
                    "part": "6",
                    "replacement-node": 110,
                    "node-pos": 197,
                    "expression-node": 111,
                    "template-line-number": 408,
                    "name": "TaxClassificationLineItems"
                },
                {
                    "part": "6",
                    "replacement-node": 116,
                    "node-pos": 205,
                    "expression-node": 117,
                    "template-line-number": 422,
                    "name": "TaxClassificationLineItems"
                },
                {
                    "part": "6",
                    "replacement-node": 119,
                    "node-pos": 209,
                    "expression-node": 120,
                    "template-line-number": 429,
                    "name": "TaxClassificationLineItems"
                },
                {
                    "part": "7",
                    "replacement-node": 107,
                    "node-pos": 193,
                    "expression-node": 108,
                    "template-line-number": 401,
                    "name": "TaxClassificationLineItems"
                },
                {
                    "part": "7",
                    "replacement-node": 113,
                    "node-pos": 201,
                    "expression-node": 114,
                    "template-line-number": 415,
                    "name": "TaxClassificationLineItems"
                }
            ],
            "name": "TaxClassificationLineItems"
        },
        "rule-1": [
            {
                "node-pos": 9,
                "template-line-number": 21,
                "part": null,
                "replacement-node": 0
            }
        ],
        "rule-17": [
            {
                "node-pos": 223,
                "template-line-number": 453,
                "part": null,
                "replacement-node": 128
            }
        ],
        "rule-4": [
            {
                "node-pos": 22,
                "template-line-number": 38,
                "part": null,
                "html": true,
                "replacement-node": 9
            }
        ],
        "rule-19": {
            "subs": [
                {
                    "part": "10",
                    "replacement-node": 71,
                    "node-pos": 131,
                    "expression-node": 72,
                    "template-line-number": 254,
                    "name": "DeferredIncomeTaxesLineItems"
                },
                {
                    "part": "11",
                    "replacement-node": 74,
                    "node-pos": 135,
                    "expression-node": 75,
                    "template-line-number": 259,
                    "name": "DeferredIncomeTaxesLineItems"
                },
                {
                    "part": "12",
                    "replacement-node": 77,
                    "node-pos": 139,
                    "expression-node": 78,
                    "template-line-number": 264,
                    "name": "DeferredIncomeTaxesLineItems"
                },
                {
                    "part": "13",
                    "replacement-node": 80,
                    "node-pos": 143,
                    "expression-node": 81,
                    "template-line-number": 269,
                    "name": "DeferredIncomeTaxesLineItems"
                },
                {
                    "part": "2",
                    "extras": {},
                    "replacement-node": 50,
                    "node-pos": 103,
                    "template-line-number": 218,
                    "name": "DeferredIncomeTaxesLineItems"
                },
                {
                    "part": "3",
                    "extras": {},
                    "replacement-node": 47,
                    "node-pos": 99,
                    "template-line-number": 212,
                    "name": "DeferredIncomeTaxesLineItems"
                },
                {
                    "part": "4",
                    "replacement-node": 53,
                    "node-pos": 107,
                    "expression-node": 54,
                    "template-line-number": 224,
                    "name": "DeferredIncomeTaxesLineItems"
                },
                {
                    "part": "5",
                    "replacement-node": 56,
                    "node-pos": 111,
                    "expression-node": 57,
                    "template-line-number": 229,
                    "name": "DeferredIncomeTaxesLineItems"
                },
                {
                    "part": "6",
                    "replacement-node": 59,
                    "node-pos": 115,
                    "expression-node": 60,
                    "template-line-number": 234,
                    "name": "DeferredIncomeTaxesLineItems"
                },
                {
                    "part": "7",
                    "replacement-node": 62,
                    "node-pos": 119,
                    "expression-node": 63,
                    "template-line-number": 239,
                    "name": "DeferredIncomeTaxesLineItems"
                },
                {
                    "part": "8",
                    "replacement-node": 65,
                    "node-pos": 123,
                    "expression-node": 66,
                    "template-line-number": 244,
                    "name": "DeferredIncomeTaxesLineItems"
                },
                {
                    "part": "9",
                    "replacement-node": 68,
                    "node-pos": 127,
                    "expression-node": 69,
                    "template-line-number": 249,
                    "name": "DeferredIncomeTaxesLineItems"
                }
            ],
            "name": "DeferredIncomeTaxesLineItems"
        }
    },
    "showifs": {},
    "line-numbers": {
        "TaxClassificationLineItems": [
            {
                "start-number": 9,
                "line-number-node": 87,
                "template-line-number": 346
            }
        ]
    }
}