{
    "showifs": {},
    "line-numbers": {
        "TaxClassificationLineItems": [
            {
                "template-line-number": 346,
                "start-number": 9,
                "line-number-node": 87
            }
        ]
    },
    "substitutions": {
        "rule-16": [
            {
                "node-pos": 219,
                "replacement-node": 125,
                "template-line-number": 444,
                "part": null
            }
        ],
        "rule-1": [
            {
                "node-pos": 9,
                "replacement-node": 0,
                "template-line-number": 21,
                "part": null
            }
        ],
        "rule-12": [
            {
                "node-pos": 61,
                "replacement-node": 33,
                "template-line-number": 102,
                "part": null,
                "html": true
            }
        ],
        "rule-17": [
            {
                "node-pos": 223,
                "replacement-node": 128,
                "template-line-number": 453,
                "part": null
            }
        ],
        "rule-14": [
            {
                "node-pos": 149,
                "replacement-node": 83,
                "template-line-number": 281,
                "part": null
            }
        ],
        "rule-13": [
            {
                "node-pos": 82,
                "replacement-node": 43,
                "template-line-number": 146,
                "part": null
            }
        ],
        "rule-11": [
            {
                "node-pos": 56,
                "replacement-node": 30,
                "template-line-number": 91,
                "part": null
            }
        ],
        "rule-2": [
            {
                "node-pos": 14,
                "replacement-node": 3,
                "template-line-number": 26,
                "part": null,
                "expression-node": 4
            }
        ],
        "rule-3": [
            {
                "node-pos": 18,
                "replacement-node": 6,
                "template-line-number": 32,
                "part": null
            }
        ],
        "rule-10": [
            {
                "node-pos": 50,
                "replacement-node": 27,
                "template-line-number": 81,
                "part": null,
                "expression-node": 28
            }
        ],
        "rule-19": {
            "subs": [
                {
                    "node-pos": 131,
                    "name": "DeferredIncomeTaxesLineItems",
                    "replacement-node": 71,
                    "template-line-number": 254,
                    "part": "10",
                    "expression-node": 72
                },
                {
                    "node-pos": 135,
                    "name": "DeferredIncomeTaxesLineItems",
                    "replacement-node": 74,
                    "template-line-number": 259,
                    "part": "11",
                    "expression-node": 75
                },
                {
                    "node-pos": 139,
                    "name": "DeferredIncomeTaxesLineItems",
                    "replacement-node": 77,
                    "template-line-number": 264,
                    "part": "12",
                    "expression-node": 78
                },
                {
                    "node-pos": 143,
                    "name": "DeferredIncomeTaxesLineItems",
                    "replacement-node": 80,
                    "template-line-number": 269,
                    "part": "13",
                    "expression-node": 81
                },
                {
                    "node-pos": 103,
                    "part": "2",
                    "name": "DeferredIncomeTaxesLineItems",
                    "replacement-node": 50,
                    "template-line-number": 218,
                    "extras": {}
                },
                {
                    "node-pos": 99,
                    "part": "3",
                    "name": "DeferredIncomeTaxesLineItems",
                    "replacement-node": 47,
                    "template-line-number": 212,
                    "extras": {}
                },
                {
                    "node-pos": 107,
                    "name": "DeferredIncomeTaxesLineItems",
                    "replacement-node": 53,
                    "template-line-number": 224,
                    "part": "4",
                    "expression-node": 54
                },
                {
                    "node-pos": 111,
                    "name": "DeferredIncomeTaxesLineItems",
                    "replacement-node": 56,
                    "template-line-number": 229,
                    "part": "5",
                    "expression-node": 57
                },
                {
                    "node-pos": 115,
                    "name": "DeferredIncomeTaxesLineItems",
                    "replacement-node": 59,
                    "template-line-number": 234,
                    "part": "6",
                    "expression-node": 60
                },
                {
                    "node-pos": 119,
                    "name": "DeferredIncomeTaxesLineItems",
                    "replacement-node": 62,
                    "template-line-number": 239,
                    "part": "7",
                    "expression-node": 63
                },
                {
                    "node-pos": 123,
                    "name": "DeferredIncomeTaxesLineItems",
                    "replacement-node": 65,
                    "template-line-number": 244,
                    "part": "8",
                    "expression-node": 66
                },
                {
                    "node-pos": 127,
                    "name": "DeferredIncomeTaxesLineItems",
                    "replacement-node": 68,
                    "template-line-number": 249,
                    "part": "9",
                    "expression-node": 69
                }
            ],
            "name": "DeferredIncomeTaxesLineItems"
        },
        "rule-7": [
            {
                "node-pos": 37,
                "replacement-node": 18,
                "template-line-number": 66,
                "part": null,
                "expression-node": 19
            }
        ],
        "rule-9": [
            {
                "node-pos": 46,
                "replacement-node": 24,
                "template-line-number": 76,
                "part": null,
                "expression-node": 25
            }
        ],
        "rule-18": {
            "subs": [
                {
                    "node-pos": 170,
                    "part": "1",
                    "name": "TaxClassificationLineItems",
                    "replacement-node": 90,
                    "template-line-number": 354,
                    "extras": {}
                },
                {
                    "node-pos": 173,
                    "name": "TaxClassificationLineItems",
                    "replacement-node": 92,
                    "template-line-number": 361,
                    "part": "2",
                    "expression-node": 93
                },
                {
                    "node-pos": 177,
                    "name": "TaxClassificationLineItems",
                    "replacement-node": 95,
                    "template-line-number": 369,
                    "part": "3",
                    "expression-node": 96
                },
                {
                    "node-pos": 181,
                    "name": "TaxClassificationLineItems",
                    "replacement-node": 98,
                    "template-line-number": 377,
                    "part": "4",
                    "expression-node": 99
                },
                {
                    "node-pos": 185,
                    "name": "TaxClassificationLineItems",
                    "replacement-node": 101,
                    "template-line-number": 385,
                    "part": "5",
                    "expression-node": 102
                },
                {
                    "node-pos": 189,
                    "name": "TaxClassificationLineItems",
                    "replacement-node": 104,
                    "template-line-number": 393,
                    "part": "6",
                    "expression-node": 105
                },
                {
                    "node-pos": 197,
                    "name": "TaxClassificationLineItems",
                    "replacement-node": 110,
                    "template-line-number": 408,
                    "part": "6",
                    "expression-node": 111
                },
                {
                    "node-pos": 205,
                    "name": "TaxClassificationLineItems",
                    "replacement-node": 116,
                    "template-line-number": 422,
                    "part": "6",
                    "expression-node": 117
                },
                {
                    "node-pos": 209,
                    "name": "TaxClassificationLineItems",
                    "replacement-node": 119,
                    "template-line-number": 429,
                    "part": "6",
                    "expression-node": 120
                },
                {
                    "node-pos": 193,
                    "name": "TaxClassificationLineItems",
                    "replacement-node": 107,
                    "template-line-number": 401,
                    "part": "7",
                    "expression-node": 108
                },
                {
                    "node-pos": 201,
                    "name": "TaxClassificationLineItems",
                    "replacement-node": 113,
                    "template-line-number": 415,
                    "part": "7",
                    "expression-node": 114
                }
            ],
            "name": "TaxClassificationLineItems"
        },
        "rule-4": [
            {
                "node-pos": 22,
                "replacement-node": 9,
                "template-line-number": 38,
                "part": null,
                "html": true
            }
        ],
        "rule-20": {
            "subs": [
                {
                    "node-pos": 72,
                    "part": "1",
                    "name": "DeferredIncomeTaxesHeadings",
                    "replacement-node": 37,
                    "template-line-number": 128,
                    "extras": {}
                },
                {
                    "node-pos": 76,
                    "part": "2",
                    "name": "DeferredIncomeTaxesHeadings",
                    "replacement-node": 40,
                    "template-line-number": 135,
                    "extras": {}
                }
            ],
            "name": "DeferredIncomeTaxesHeadings"
        },
        "rule-15": [
            {
                "node-pos": 215,
                "replacement-node": 122,
                "template-line-number": 439,
                "part": null,
                "expression-node": 123
            }
        ],
        "rule-8": [
            {
                "node-pos": 41,
                "replacement-node": 21,
                "template-line-number": 71,
                "part": null
            }
        ],
        "rule-6": [
            {
                "node-pos": 32,
                "replacement-node": 15,
                "template-line-number": 61,
                "part": null
            }
        ],
        "rule-5": [
            {
                "node-pos": 27,
                "replacement-node": 12,
                "template-line-number": 50,
                "part": null,
                "html": true
            }
        ]
    }
}