{
    "line-numbers": {
        "GenPlants": [
            {
                "line-number-node": 31,
                "template-line-number": 185,
                "start-number": 1
            }
        ]
    },
    "showifs": {},
    "substitutions": {
        "rule-4": [
            {
                "node-pos": 26,
                "template-line-number": 47,
                "part": null,
                "replacement-node": 9
            }
        ],
        "rule-8": [
            {
                "node-pos": 119,
                "expression-node": 64,
                "part": null,
                "template-line-number": 249,
                "replacement-node": 63
            }
        ],
        "rule-1": [
            {
                "node-pos": 15,
                "expression-node": 1,
                "part": null,
                "template-line-number": 30,
                "replacement-node": 0
            }
        ],
        "rule-12": {
            "name": "GenPlantsHead",
            "subs": [
                {
                    "node-pos": 63,
                    "extras": {},
                    "name": "GenPlantsHead",
                    "template-line-number": 113,
                    "replacement-node": 24,
                    "part": "1"
                },
                {
                    "node-pos": 67,
                    "extras": {},
                    "name": "GenPlantsHead",
                    "template-line-number": 122,
                    "replacement-node": 27,
                    "part": "2"
                },
                {
                    "node-pos": 61,
                    "extras": {},
                    "name": "GenPlantsHead",
                    "template-line-number": 109,
                    "replacement-node": 22,
                    "part": "3"
                }
            ]
        },
        "rule-2": [
            {
                "node-pos": 19,
                "template-line-number": 37,
                "part": null,
                "replacement-node": 3
            }
        ],
        "rule-7": [
            {
                "node-pos": 40,
                "template-line-number": 73,
                "part": null,
                "replacement-node": 18,
                "html": true
            }
        ],
        "rule-5": [
            {
                "node-pos": 29,
                "expression-node": 13,
                "part": null,
                "template-line-number": 52,
                "replacement-node": 12
            }
        ],
        "rule-13": {
            "name": "GenPlants",
            "subs": [
                {
                    "node-pos": 76,
                    "extras": {},
                    "name": "GenPlants",
                    "template-line-number": 188,
                    "replacement-node": 33,
                    "part": "1"
                },
                {
                    "node-pos": 80,
                    "template-line-number": 193,
                    "name": "GenPlants",
                    "replacement-node": 36,
                    "expression-node": 37,
                    "part": "2"
                },
                {
                    "node-pos": 84,
                    "template-line-number": 198,
                    "name": "GenPlants",
                    "replacement-node": 39,
                    "expression-node": 40,
                    "part": "3"
                },
                {
                    "node-pos": 88,
                    "template-line-number": 203,
                    "name": "GenPlants",
                    "replacement-node": 42,
                    "expression-node": 43,
                    "part": "4"
                },
                {
                    "node-pos": 92,
                    "template-line-number": 209,
                    "name": "GenPlants",
                    "replacement-node": 45,
                    "expression-node": 46,
                    "part": "5"
                },
                {
                    "node-pos": 96,
                    "template-line-number": 214,
                    "name": "GenPlants",
                    "replacement-node": 48,
                    "expression-node": 49,
                    "part": "6"
                },
                {
                    "node-pos": 100,
                    "template-line-number": 219,
                    "name": "GenPlants",
                    "replacement-node": 51,
                    "expression-node": 52,
                    "part": "7"
                },
                {
                    "node-pos": 104,
                    "template-line-number": 224,
                    "name": "GenPlants",
                    "replacement-node": 54,
                    "expression-node": 55,
                    "part": "8"
                },
                {
                    "node-pos": 108,
                    "template-line-number": 229,
                    "name": "GenPlants",
                    "replacement-node": 57,
                    "expression-node": 58,
                    "part": "8"
                },
                {
                    "node-pos": 112,
                    "template-line-number": 234,
                    "name": "GenPlants",
                    "replacement-node": 60,
                    "expression-node": 61,
                    "part": "8"
                }
            ]
        },
        "rule-11": [
            {
                "node-pos": 139,
                "template-line-number": 284,
                "part": null,
                "replacement-node": 72
            }
        ],
        "rule-6": [
            {
                "node-pos": 35,
                "template-line-number": 62,
                "part": null,
                "replacement-node": 15
            }
        ],
        "rule-9": [
            {
                "node-pos": 123,
                "expression-node": 67,
                "part": null,
                "template-line-number": 254,
                "replacement-node": 66
            }
        ],
        "rule-10": [
            {
                "node-pos": 127,
                "expression-node": 70,
                "part": null,
                "template-line-number": 259,
                "replacement-node": 69
            }
        ],
        "rule-3": [
            {
                "node-pos": 22,
                "expression-node": 7,
                "part": null,
                "template-line-number": 42,
                "replacement-node": 6
            }
        ]
    }
}