{
    "line-numbers": {
        "OtherDeferredCredits": [
            {
                "start-number": 1,
                "line-number-node": 47,
                "template-line-number": 204
            }
        ]
    },
    "showifs": {
        "rule-1": {
            "template-line-number": 17,
            "type": "showif"
        }
    },
    "substitutions": {
        "rule-5": [
            {
                "template-line-number": 43,
                "part": null,
                "html": true,
                "node-pos": 22,
                "replacement-node": 10
            }
        ],
        "rule-12": [
            {
                "template-line-number": 94,
                "part": null,
                "node-pos": 54,
                "replacement-node": 31
            }
        ],
        "rule-19": [
            {
                "expression-node": 83,
                "part": null,
                "node-pos": 138,
                "template-line-number": 295,
                "replacement-node": 82
            }
        ],
        "rule-16": [
            {
                "expression-node": 74,
                "part": null,
                "node-pos": 124,
                "template-line-number": 264,
                "replacement-node": 73
            }
        ],
        "rule-21": [
            {
                "template-line-number": 309,
                "part": null,
                "node-pos": 146,
                "replacement-node": 88
            }
        ],
        "rule-9": [
            {
                "template-line-number": 75,
                "part": null,
                "node-pos": 40,
                "replacement-node": 22
            }
        ],
        "rule-10": [
            {
                "expression-node": 26,
                "part": null,
                "node-pos": 44,
                "template-line-number": 79,
                "replacement-node": 25
            }
        ],
        "rule-20": [
            {
                "template-line-number": 300,
                "part": null,
                "node-pos": 142,
                "replacement-node": 85
            }
        ],
        "rule-4": [
            {
                "template-line-number": 37,
                "part": null,
                "node-pos": 18,
                "replacement-node": 7
            }
        ],
        "rule-15": [
            {
                "expression-node": 71,
                "part": null,
                "node-pos": 119,
                "template-line-number": 254,
                "replacement-node": 70
            }
        ],
        "rule-18": [
            {
                "expression-node": 80,
                "part": null,
                "node-pos": 132,
                "template-line-number": 282,
                "replacement-node": 79
            }
        ],
        "rule-14": [
            {
                "template-line-number": 242,
                "part": null,
                "node-pos": 114,
                "replacement-node": 67
            }
        ],
        "rule-2": [
            {
                "template-line-number": 27,
                "part": null,
                "node-pos": 10,
                "replacement-node": 1
            }
        ],
        "rule-22": {
            "name": "ODCHead",
            "subs": [
                {
                    "name": "ODCHead",
                    "extras": {},
                    "part": "1",
                    "template-line-number": 139,
                    "node-pos": 75,
                    "replacement-node": 40
                },
                {
                    "name": "ODCHead",
                    "extras": {},
                    "part": "2",
                    "template-line-number": 148,
                    "node-pos": 79,
                    "replacement-node": 43
                },
                {
                    "name": "ODCHead",
                    "extras": {},
                    "part": "3",
                    "template-line-number": 135,
                    "node-pos": 73,
                    "replacement-node": 38
                }
            ]
        },
        "rule-11": [
            {
                "expression-node": 29,
                "part": null,
                "node-pos": 48,
                "template-line-number": 84,
                "replacement-node": 28
            }
        ],
        "rule-13": [
            {
                "template-line-number": 105,
                "part": null,
                "html": true,
                "node-pos": 59,
                "replacement-node": 34
            }
        ],
        "rule-8": [
            {
                "expression-node": 20,
                "part": null,
                "node-pos": 36,
                "template-line-number": 70,
                "replacement-node": 19
            }
        ],
        "rule-6": [
            {
                "template-line-number": 55,
                "part": null,
                "html": true,
                "node-pos": 27,
                "replacement-node": 13
            }
        ],
        "rule-3": [
            {
                "expression-node": 5,
                "part": null,
                "node-pos": 14,
                "template-line-number": 31,
                "replacement-node": 4
            }
        ],
        "rule-7": [
            {
                "template-line-number": 66,
                "part": null,
                "node-pos": 32,
                "replacement-node": 16
            }
        ],
        "rule-17": [
            {
                "expression-node": 77,
                "part": null,
                "node-pos": 128,
                "template-line-number": 273,
                "replacement-node": 76
            }
        ],
        "rule-23": {
            "name": "OtherDeferredCredits",
            "subs": [
                {
                    "name": "OtherDeferredCredits",
                    "node-pos": 88,
                    "template-line-number": 207,
                    "expression-node": 50,
                    "part": "2",
                    "replacement-node": 49
                },
                {
                    "name": "OtherDeferredCredits",
                    "node-pos": 92,
                    "template-line-number": 212,
                    "expression-node": 53,
                    "part": "3",
                    "replacement-node": 52
                },
                {
                    "name": "OtherDeferredCredits",
                    "node-pos": 96,
                    "template-line-number": 217,
                    "expression-node": 56,
                    "part": "4",
                    "replacement-node": 55
                },
                {
                    "name": "OtherDeferredCredits",
                    "node-pos": 100,
                    "template-line-number": 222,
                    "expression-node": 59,
                    "part": "5",
                    "replacement-node": 58
                },
                {
                    "name": "OtherDeferredCredits",
                    "node-pos": 104,
                    "template-line-number": 227,
                    "expression-node": 62,
                    "part": "6",
                    "replacement-node": 61
                },
                {
                    "name": "OtherDeferredCredits",
                    "node-pos": 108,
                    "template-line-number": 232,
                    "expression-node": 65,
                    "part": "7",
                    "replacement-node": 64
                }
            ]
        }
    }
}