{
    "showifs": {},
    "substitutions": {
        "rule-6": [
            {
                "replacement-node": 15,
                "node-pos": 31,
                "template-line-number": 59,
                "part": null
            }
        ],
        "rule-10": [
            {
                "replacement-node": 27,
                "expression-node": 28,
                "node-pos": 47,
                "template-line-number": 77,
                "part": null
            }
        ],
        "rule-21": [
            {
                "expression-node": 61,
                "node-pos": 119,
                "part": null,
                "html": true,
                "replacement-node": 60,
                "template-line-number": 213
            }
        ],
        "rule-18": [
            {
                "expression-node": 52,
                "node-pos": 104,
                "part": null,
                "html": true,
                "replacement-node": 51,
                "template-line-number": 180
            }
        ],
        "rule-1": [
            {
                "replacement-node": 0,
                "node-pos": 9,
                "template-line-number": 20,
                "part": null
            }
        ],
        "rule-25": [
            {
                "expression-node": 73,
                "node-pos": 139,
                "part": null,
                "html": true,
                "replacement-node": 72,
                "template-line-number": 257
            }
        ],
        "rule-17": [
            {
                "expression-node": 49,
                "node-pos": 99,
                "part": null,
                "html": true,
                "replacement-node": 48,
                "template-line-number": 169
            }
        ],
        "rule-20": [
            {
                "expression-node": 58,
                "node-pos": 114,
                "part": null,
                "html": true,
                "replacement-node": 57,
                "template-line-number": 202
            }
        ],
        "rule-3": [
            {
                "replacement-node": 6,
                "node-pos": 17,
                "template-line-number": 30,
                "part": null
            }
        ],
        "rule-28": [
            {
                "expression-node": 82,
                "node-pos": 154,
                "part": null,
                "html": true,
                "replacement-node": 81,
                "template-line-number": 290
            }
        ],
        "rule-31": [
            {
                "replacement-node": 90,
                "node-pos": 168,
                "template-line-number": 318,
                "part": null
            }
        ],
        "rule-30": [
            {
                "replacement-node": 87,
                "node-pos": 164,
                "template-line-number": 309,
                "part": null
            }
        ],
        "rule-26": [
            {
                "expression-node": 76,
                "node-pos": 144,
                "part": null,
                "html": true,
                "replacement-node": 75,
                "template-line-number": 268
            }
        ],
        "rule-23": [
            {
                "expression-node": 67,
                "node-pos": 129,
                "part": null,
                "html": true,
                "replacement-node": 66,
                "template-line-number": 235
            }
        ],
        "rule-16": [
            {
                "expression-node": 46,
                "node-pos": 94,
                "part": null,
                "html": true,
                "replacement-node": 45,
                "template-line-number": 158
            }
        ],
        "rule-15": [
            {
                "expression-node": 43,
                "node-pos": 89,
                "part": null,
                "html": true,
                "replacement-node": 42,
                "template-line-number": 147
            }
        ],
        "rule-4": [
            {
                "replacement-node": 9,
                "node-pos": 21,
                "template-line-number": 36,
                "part": null,
                "html": true
            }
        ],
        "rule-29": [
            {
                "replacement-node": 84,
                "expression-node": 85,
                "node-pos": 160,
                "template-line-number": 304,
                "part": null
            }
        ],
        "rule-22": [
            {
                "expression-node": 64,
                "node-pos": 124,
                "part": null,
                "html": true,
                "replacement-node": 63,
                "template-line-number": 224
            }
        ],
        "rule-11": [
            {
                "replacement-node": 30,
                "node-pos": 53,
                "template-line-number": 87,
                "part": null
            }
        ],
        "rule-12": [
            {
                "replacement-node": 33,
                "node-pos": 58,
                "template-line-number": 98,
                "part": null,
                "html": true
            }
        ],
        "rule-9": [
            {
                "replacement-node": 24,
                "expression-node": 25,
                "node-pos": 43,
                "template-line-number": 72,
                "part": null
            }
        ],
        "rule-7": [
            {
                "replacement-node": 18,
                "expression-node": 19,
                "node-pos": 35,
                "template-line-number": 63,
                "part": null
            }
        ],
        "rule-27": [
            {
                "expression-node": 79,
                "node-pos": 149,
                "part": null,
                "html": true,
                "replacement-node": 78,
                "template-line-number": 279
            }
        ],
        "rule-19": [
            {
                "expression-node": 55,
                "node-pos": 109,
                "part": null,
                "html": true,
                "replacement-node": 54,
                "template-line-number": 191
            }
        ],
        "rule-24": [
            {
                "expression-node": 70,
                "node-pos": 134,
                "part": null,
                "html": true,
                "replacement-node": 69,
                "template-line-number": 246
            }
        ],
        "rule-13": [
            {
                "expression-node": 37,
                "node-pos": 79,
                "part": null,
                "html": true,
                "replacement-node": 36,
                "template-line-number": 125
            }
        ],
        "rule-2": [
            {
                "replacement-node": 3,
                "expression-node": 4,
                "node-pos": 13,
                "template-line-number": 24,
                "part": null
            }
        ],
        "rule-14": [
            {
                "expression-node": 40,
                "node-pos": 84,
                "part": null,
                "html": true,
                "replacement-node": 39,
                "template-line-number": 136
            }
        ],
        "rule-8": [
            {
                "replacement-node": 21,
                "node-pos": 39,
                "template-line-number": 68,
                "part": null
            }
        ],
        "rule-5": [
            {
                "replacement-node": 12,
                "node-pos": 26,
                "template-line-number": 48,
                "part": null,
                "html": true
            }
        ]
    },
    "line-numbers": {}
}