{
    "substitutions": {
        "rule-7": [
            {
                "replacement-node": 18,
                "expression-node": 19,
                "node-pos": 35,
                "template-line-number": 67,
                "part": null
            }
        ],
        "rule-29": [
            {
                "replacement-node": 84,
                "expression-node": 85,
                "node-pos": 131,
                "template-line-number": 274,
                "part": null
            }
        ],
        "rule-14": [
            {
                "replacement-node": 39,
                "expression-node": 40,
                "node-pos": 65,
                "template-line-number": 123,
                "part": null
            }
        ],
        "rule-16": [
            {
                "replacement-node": 45,
                "expression-node": 46,
                "node-pos": 73,
                "template-line-number": 139,
                "part": null
            }
        ],
        "rule-9": [
            {
                "replacement-node": 24,
                "expression-node": 25,
                "node-pos": 43,
                "template-line-number": 78,
                "part": null
            }
        ],
        "rule-18": [
            {
                "replacement-node": 51,
                "expression-node": 52,
                "node-pos": 84,
                "template-line-number": 161,
                "part": null
            }
        ],
        "rule-12": [
            {
                "replacement-node": 33,
                "node-pos": 58,
                "template-line-number": 105,
                "part": null
            }
        ],
        "rule-25": [
            {
                "replacement-node": 72,
                "node-pos": 112,
                "template-line-number": 230,
                "part": null
            }
        ],
        "rule-8": [
            {
                "replacement-node": 21,
                "node-pos": 39,
                "template-line-number": 73,
                "part": null
            }
        ],
        "rule-13": [
            {
                "replacement-node": 36,
                "expression-node": 37,
                "node-pos": 62,
                "template-line-number": 113,
                "part": null
            }
        ],
        "rule-31": [
            {
                "replacement-node": 90,
                "expression-node": 91,
                "node-pos": 141,
                "template-line-number": 298,
                "part": null
            }
        ],
        "rule-1": [
            {
                "replacement-node": 0,
                "node-pos": 9,
                "template-line-number": 21,
                "part": null
            }
        ],
        "rule-19": [
            {
                "replacement-node": 54,
                "expression-node": 55,
                "node-pos": 87,
                "template-line-number": 170,
                "part": null
            }
        ],
        "rule-24": [
            {
                "replacement-node": 69,
                "expression-node": 70,
                "node-pos": 108,
                "template-line-number": 221,
                "part": null
            }
        ],
        "rule-2": [
            {
                "replacement-node": 3,
                "expression-node": 4,
                "node-pos": 13,
                "template-line-number": 26,
                "part": null
            }
        ],
        "rule-26": [
            {
                "replacement-node": 75,
                "node-pos": 117,
                "template-line-number": 241,
                "part": null
            }
        ],
        "rule-34": [
            {
                "replacement-node": 99,
                "node-pos": 158,
                "html": true,
                "template-line-number": 334,
                "part": null
            }
        ],
        "rule-21": [
            {
                "replacement-node": 60,
                "node-pos": 97,
                "template-line-number": 194,
                "part": null
            }
        ],
        "rule-5": [
            {
                "replacement-node": 12,
                "node-pos": 26,
                "html": true,
                "template-line-number": 50,
                "part": null
            }
        ],
        "rule-11": [
            {
                "replacement-node": 30,
                "node-pos": 53,
                "template-line-number": 94,
                "part": null
            }
        ],
        "rule-36": [
            {
                "replacement-node": 105,
                "expression-node": 106,
                "node-pos": 167,
                "template-line-number": 358,
                "part": null
            }
        ],
        "rule-40": [
            {
                "replacement-node": 117,
                "node-pos": 186,
                "template-line-number": 403,
                "part": null
            }
        ],
        "rule-3": [
            {
                "replacement-node": 6,
                "node-pos": 17,
                "template-line-number": 32,
                "part": null
            }
        ],
        "rule-35": [
            {
                "replacement-node": 102,
                "node-pos": 163,
                "html": true,
                "template-line-number": 345,
                "part": null
            }
        ],
        "rule-33": [
            {
                "replacement-node": 96,
                "expression-node": 97,
                "node-pos": 152,
                "template-line-number": 322,
                "part": null
            }
        ],
        "rule-38": [
            {
                "replacement-node": 111,
                "expression-node": 112,
                "node-pos": 178,
                "template-line-number": 389,
                "part": null
            }
        ],
        "rule-37": [
            {
                "replacement-node": 108,
                "node-pos": 172,
                "html": true,
                "template-line-number": 370,
                "part": null
            }
        ],
        "rule-17": [
            {
                "replacement-node": 48,
                "node-pos": 78,
                "template-line-number": 151,
                "part": null
            }
        ],
        "rule-22": [
            {
                "replacement-node": 63,
                "expression-node": 64,
                "node-pos": 100,
                "template-line-number": 203,
                "part": null
            }
        ],
        "rule-6": [
            {
                "replacement-node": 15,
                "node-pos": 31,
                "template-line-number": 62,
                "part": null
            }
        ],
        "rule-20": [
            {
                "replacement-node": 57,
                "expression-node": 58,
                "node-pos": 92,
                "template-line-number": 181,
                "part": null
            }
        ],
        "rule-10": [
            {
                "replacement-node": 27,
                "expression-node": 28,
                "node-pos": 47,
                "template-line-number": 83,
                "part": null
            }
        ],
        "rule-39": [
            {
                "replacement-node": 114,
                "node-pos": 182,
                "template-line-number": 394,
                "part": null
            }
        ],
        "rule-28": [
            {
                "replacement-node": 81,
                "expression-node": 82,
                "node-pos": 126,
                "template-line-number": 263,
                "part": null
            }
        ],
        "rule-4": [
            {
                "replacement-node": 9,
                "node-pos": 21,
                "html": true,
                "template-line-number": 38,
                "part": null
            }
        ],
        "rule-32": [
            {
                "replacement-node": 93,
                "node-pos": 148,
                "template-line-number": 314,
                "part": null
            }
        ],
        "rule-30": [
            {
                "replacement-node": 87,
                "expression-node": 88,
                "node-pos": 136,
                "template-line-number": 285,
                "part": null
            }
        ],
        "rule-15": [
            {
                "replacement-node": 42,
                "expression-node": 43,
                "node-pos": 69,
                "template-line-number": 131,
                "part": null
            }
        ],
        "rule-27": [
            {
                "replacement-node": 78,
                "expression-node": 79,
                "node-pos": 122,
                "template-line-number": 252,
                "part": null
            }
        ],
        "rule-23": [
            {
                "replacement-node": 66,
                "node-pos": 105,
                "template-line-number": 213,
                "part": null
            }
        ]
    },
    "line-numbers": {},
    "showifs": {}
}