{
    "line-numbers": {
        "ResearchDevelopmentOrDemonstrationExpenditures": [
            {
                "line-number-node": 55,
                "start-number": 3,
                "template-line-number": 250
            }
        ]
    },
    "showifs": {},
    "substitutions": {
        "rule-11": [
            {
                "node-pos": 54,
                "template-line-number": 93,
                "replacement-node": 30,
                "part": null
            }
        ],
        "rule-10": [
            {
                "expression-node": 28,
                "template-line-number": 83,
                "replacement-node": 27,
                "part": null,
                "node-pos": 48
            }
        ],
        "rule-2": [
            {
                "expression-node": 4,
                "template-line-number": 28,
                "replacement-node": 3,
                "part": null,
                "node-pos": 14
            }
        ],
        "rule-13": [
            {
                "node-pos": 83,
                "template-line-number": 161,
                "replacement-node": 45,
                "part": null
            }
        ],
        "rule-7": [
            {
                "expression-node": 19,
                "template-line-number": 68,
                "replacement-node": 18,
                "part": null,
                "node-pos": 36
            }
        ],
        "rule-15": [
            {
                "node-pos": 97,
                "template-line-number": 195,
                "replacement-node": 51,
                "part": null
            }
        ],
        "rule-22": {
            "name": "ResearchDevelopmentOrDemonstrationExpenditures",
            "subs": [
                {
                    "node-pos": 110,
                    "replacement-node": 58,
                    "template-line-number": 258,
                    "part": "2",
                    "name": "ResearchDevelopmentOrDemonstrationExpenditures",
                    "expression-node": 59
                },
                {
                    "node-pos": 114,
                    "replacement-node": 61,
                    "template-line-number": 266,
                    "part": "3",
                    "name": "ResearchDevelopmentOrDemonstrationExpenditures",
                    "expression-node": 62
                }
            ]
        },
        "rule-8": [
            {
                "node-pos": 40,
                "template-line-number": 73,
                "replacement-node": 21,
                "part": null
            }
        ],
        "rule-16": [
            {
                "node-pos": 120,
                "template-line-number": 278,
                "replacement-node": 64,
                "part": null
            }
        ],
        "rule-4": [
            {
                "node-pos": 22,
                "template-line-number": 40,
                "replacement-node": 9,
                "part": null,
                "html": true
            }
        ],
        "rule-9": [
            {
                "expression-node": 25,
                "template-line-number": 78,
                "replacement-node": 24,
                "part": null,
                "node-pos": 44
            }
        ],
        "rule-6": [
            {
                "node-pos": 32,
                "template-line-number": 63,
                "replacement-node": 15,
                "part": null
            }
        ],
        "rule-20": [
            {
                "node-pos": 140,
                "template-line-number": 321,
                "replacement-node": 76,
                "part": null
            }
        ],
        "rule-18": [
            {
                "expression-node": 71,
                "template-line-number": 306,
                "replacement-node": 70,
                "part": null,
                "node-pos": 132
            }
        ],
        "rule-5": [
            {
                "node-pos": 27,
                "template-line-number": 52,
                "replacement-node": 12,
                "part": null,
                "html": true
            }
        ],
        "rule-3": [
            {
                "node-pos": 18,
                "template-line-number": 34,
                "replacement-node": 6,
                "part": null
            }
        ],
        "rule-17": [
            {
                "expression-node": 68,
                "template-line-number": 293,
                "replacement-node": 67,
                "part": null,
                "node-pos": 126
            }
        ],
        "rule-21": {
            "name": "ColumnHeading",
            "subs": [
                {
                    "node-pos": 73,
                    "replacement-node": 39,
                    "template-line-number": 141,
                    "part": "1",
                    "name": "ColumnHeading",
                    "extras": {}
                },
                {
                    "node-pos": 77,
                    "replacement-node": 42,
                    "template-line-number": 150,
                    "part": "2",
                    "name": "ColumnHeading",
                    "extras": {}
                },
                {
                    "node-pos": 71,
                    "replacement-node": 37,
                    "template-line-number": 137,
                    "part": "3",
                    "name": "ColumnHeading",
                    "extras": {}
                }
            ]
        },
        "rule-1": [
            {
                "node-pos": 10,
                "template-line-number": 23,
                "replacement-node": 0,
                "part": null
            }
        ],
        "rule-14": [
            {
                "node-pos": 88,
                "template-line-number": 174,
                "replacement-node": 48,
                "part": null
            }
        ],
        "rule-19": [
            {
                "node-pos": 136,
                "template-line-number": 312,
                "replacement-node": 73,
                "part": null
            }
        ],
        "rule-12": [
            {
                "node-pos": 59,
                "template-line-number": 104,
                "replacement-node": 33,
                "part": null,
                "html": true
            }
        ]
    }
}