{
    "substitutions": {
        "rule-7": [
            {
                "node-pos": 33,
                "replacement-node": 16,
                "template-line-number": 69,
                "part": null
            }
        ],
        "rule-26": {
            "subs": [
                {
                    "replacement-node": 73,
                    "template-line-number": 281,
                    "part": "10",
                    "node-pos": 129,
                    "name": "AmortizationBaseReserve",
                    "expression-node": 74
                },
                {
                    "replacement-node": 49,
                    "template-line-number": 241,
                    "part": "2",
                    "node-pos": 97,
                    "name": "AmortizationBaseReserve",
                    "expression-node": 50
                },
                {
                    "replacement-node": 52,
                    "template-line-number": 246,
                    "part": "3",
                    "node-pos": 101,
                    "name": "AmortizationBaseReserve",
                    "expression-node": 53
                },
                {
                    "replacement-node": 55,
                    "template-line-number": 251,
                    "part": "4",
                    "node-pos": 105,
                    "name": "AmortizationBaseReserve",
                    "expression-node": 56
                },
                {
                    "replacement-node": 58,
                    "template-line-number": 256,
                    "part": "5",
                    "node-pos": 109,
                    "name": "AmortizationBaseReserve",
                    "expression-node": 59
                },
                {
                    "replacement-node": 61,
                    "template-line-number": 261,
                    "part": "6",
                    "node-pos": 113,
                    "name": "AmortizationBaseReserve",
                    "expression-node": 62
                },
                {
                    "replacement-node": 64,
                    "template-line-number": 266,
                    "part": "7",
                    "node-pos": 117,
                    "name": "AmortizationBaseReserve",
                    "expression-node": 65
                },
                {
                    "replacement-node": 67,
                    "template-line-number": 271,
                    "part": "8",
                    "node-pos": 121,
                    "name": "AmortizationBaseReserve",
                    "expression-node": 68
                },
                {
                    "replacement-node": 70,
                    "template-line-number": 276,
                    "part": "9",
                    "node-pos": 125,
                    "name": "AmortizationBaseReserve",
                    "expression-node": 71
                }
            ],
            "name": "AmortizationBaseReserve"
        },
        "rule-17": [
            {
                "node-pos": 148,
                "replacement-node": 85,
                "template-line-number": 324,
                "expression-node": 86,
                "part": null
            }
        ],
        "rule-2": [
            {
                "node-pos": 11,
                "replacement-node": 1,
                "template-line-number": 28,
                "part": null
            }
        ],
        "rule-18": [
            {
                "node-pos": 152,
                "replacement-node": 88,
                "template-line-number": 334,
                "expression-node": 89,
                "part": null
            }
        ],
        "rule-12": [
            {
                "node-pos": 55,
                "replacement-node": 31,
                "template-line-number": 99,
                "part": null
            }
        ],
        "rule-19": [
            {
                "node-pos": 156,
                "replacement-node": 91,
                "template-line-number": 344,
                "expression-node": 92,
                "part": null
            }
        ],
        "rule-6": [
            {
                "node-pos": 28,
                "replacement-node": 13,
                "html": true,
                "template-line-number": 58,
                "part": null
            }
        ],
        "rule-25": [
            {
                "node-pos": 182,
                "replacement-node": 109,
                "template-line-number": 402,
                "part": null
            }
        ],
        "rule-14": [
            {
                "node-pos": 135,
                "replacement-node": 76,
                "template-line-number": 293,
                "part": null
            }
        ],
        "rule-3": [
            {
                "node-pos": 15,
                "replacement-node": 4,
                "template-line-number": 34,
                "expression-node": 5,
                "part": null
            }
        ],
        "rule-22": [
            {
                "node-pos": 168,
                "replacement-node": 100,
                "template-line-number": 374,
                "expression-node": 101,
                "part": null
            }
        ],
        "rule-13": [
            {
                "node-pos": 60,
                "replacement-node": 34,
                "html": true,
                "template-line-number": 110,
                "part": null
            }
        ],
        "rule-10": [
            {
                "node-pos": 45,
                "replacement-node": 25,
                "template-line-number": 84,
                "expression-node": 26,
                "part": null
            }
        ],
        "rule-4": [
            {
                "node-pos": 19,
                "replacement-node": 7,
                "template-line-number": 40,
                "part": null
            }
        ],
        "rule-21": [
            {
                "node-pos": 164,
                "replacement-node": 97,
                "template-line-number": 364,
                "expression-node": 98,
                "part": null
            }
        ],
        "rule-27": {
            "subs": [
                {
                    "replacement-node": 40,
                    "template-line-number": 157,
                    "part": "1",
                    "extras": {},
                    "node-pos": 84,
                    "name": "ColumnHeadings"
                },
                {
                    "replacement-node": 43,
                    "template-line-number": 165,
                    "part": "2",
                    "extras": {},
                    "node-pos": 88,
                    "name": "ColumnHeadings"
                },
                {
                    "replacement-node": 38,
                    "template-line-number": 153,
                    "part": "3",
                    "extras": {},
                    "node-pos": 82,
                    "name": "ColumnHeadings"
                }
            ],
            "name": "ColumnHeadings"
        },
        "rule-24": [
            {
                "node-pos": 178,
                "replacement-node": 106,
                "template-line-number": 393,
                "part": null
            }
        ],
        "rule-15": [
            {
                "node-pos": 140,
                "replacement-node": 79,
                "template-line-number": 304,
                "expression-node": 80,
                "part": null
            }
        ],
        "rule-23": [
            {
                "node-pos": 174,
                "replacement-node": 103,
                "template-line-number": 388,
                "expression-node": 104,
                "part": null
            }
        ],
        "rule-8": [
            {
                "node-pos": 37,
                "replacement-node": 19,
                "template-line-number": 74,
                "expression-node": 20,
                "part": null
            }
        ],
        "rule-5": [
            {
                "node-pos": 23,
                "replacement-node": 10,
                "html": true,
                "template-line-number": 46,
                "part": null
            }
        ],
        "rule-11": [
            {
                "node-pos": 49,
                "replacement-node": 28,
                "template-line-number": 89,
                "expression-node": 29,
                "part": null
            }
        ],
        "rule-16": [
            {
                "node-pos": 144,
                "replacement-node": 82,
                "template-line-number": 314,
                "expression-node": 83,
                "part": null
            }
        ],
        "rule-20": [
            {
                "node-pos": 160,
                "replacement-node": 94,
                "template-line-number": 354,
                "expression-node": 95,
                "part": null
            }
        ],
        "rule-9": [
            {
                "node-pos": 41,
                "replacement-node": 22,
                "template-line-number": 79,
                "part": null
            }
        ]
    },
    "showifs": {
        "rule-1": {
            "type": "showif",
            "template-line-number": 18
        }
    },
    "line-numbers": {
        "AmortizationBaseReserve": [
            {
                "template-line-number": 238,
                "line-number-node": 47,
                "start-number": 1
            }
        ]
    }
}