{
    "showifs": {},
    "line-numbers": {
        "PlantInServiceItems": [
            {
                "template-line-number": 185,
                "line-number-node": 44,
                "start-number": 1
            }
        ]
    },
    "substitutions": {
        "rule-7": [
            {
                "part": null,
                "template-line-number": 68,
                "expression-node": 19,
                "replacement-node": 18,
                "node-pos": 36
            }
        ],
        "rule-10": [
            {
                "part": null,
                "template-line-number": 83,
                "expression-node": 28,
                "replacement-node": 27,
                "node-pos": 48
            }
        ],
        "rule-4": [
            {
                "part": null,
                "template-line-number": 40,
                "html": true,
                "replacement-node": 9,
                "node-pos": 22
            }
        ],
        "rule-16": {
            "subs": [
                {
                    "part": "1",
                    "replacement-node": 37,
                    "node-pos": 69,
                    "template-line-number": 136,
                    "name": "ColumnHeadings",
                    "extras": {}
                },
                {
                    "part": "2",
                    "replacement-node": 40,
                    "node-pos": 73,
                    "template-line-number": 143,
                    "name": "ColumnHeadings",
                    "extras": {}
                }
            ],
            "name": "ColumnHeadings"
        },
        "rule-8": [
            {
                "part": null,
                "template-line-number": 73,
                "replacement-node": 21,
                "node-pos": 40
            }
        ],
        "rule-9": [
            {
                "part": null,
                "template-line-number": 78,
                "expression-node": 25,
                "replacement-node": 24,
                "node-pos": 44
            }
        ],
        "rule-15": [
            {
                "part": null,
                "template-line-number": 241,
                "replacement-node": 61,
                "node-pos": 104
            }
        ],
        "rule-3": [
            {
                "part": null,
                "template-line-number": 34,
                "replacement-node": 6,
                "node-pos": 18
            }
        ],
        "rule-13": [
            {
                "part": null,
                "template-line-number": 224,
                "expression-node": 56,
                "replacement-node": 55,
                "node-pos": 96
            }
        ],
        "rule-12": [
            {
                "part": null,
                "template-line-number": 111,
                "html": true,
                "replacement-node": 33,
                "node-pos": 59
            }
        ],
        "rule-6": [
            {
                "part": null,
                "template-line-number": 63,
                "replacement-node": 15,
                "node-pos": 32
            }
        ],
        "rule-5": [
            {
                "part": null,
                "template-line-number": 52,
                "html": true,
                "replacement-node": 12,
                "node-pos": 27
            }
        ],
        "rule-17": {
            "subs": [
                {
                    "part": "1",
                    "replacement-node": 47,
                    "node-pos": 83,
                    "template-line-number": 195,
                    "name": "PlantInServiceItems",
                    "extras": {}
                },
                {
                    "part": "2",
                    "node-pos": 86,
                    "template-line-number": 202,
                    "name": "PlantInServiceItems",
                    "expression-node": 50,
                    "replacement-node": 49
                },
                {
                    "part": "3",
                    "node-pos": 90,
                    "template-line-number": 210,
                    "name": "PlantInServiceItems",
                    "expression-node": 53,
                    "replacement-node": 52
                }
            ],
            "name": "PlantInServiceItems"
        },
        "rule-1": [
            {
                "part": null,
                "template-line-number": 23,
                "replacement-node": 0,
                "node-pos": 10
            }
        ],
        "rule-2": [
            {
                "part": null,
                "template-line-number": 28,
                "expression-node": 4,
                "replacement-node": 3,
                "node-pos": 14
            }
        ],
        "rule-14": [
            {
                "part": null,
                "template-line-number": 231,
                "replacement-node": 58,
                "node-pos": 100
            }
        ],
        "rule-11": [
            {
                "part": null,
                "template-line-number": 96,
                "replacement-node": 30,
                "node-pos": 54
            }
        ]
    }
}