{
    "substitutions": {
        "rule-7": [
            {
                "template-line-number": 73,
                "part": null,
                "html": true,
                "node-pos": 40,
                "replacement-node": 18
            }
        ],
        "rule-6": [
            {
                "template-line-number": 62,
                "part": null,
                "node-pos": 35,
                "replacement-node": 15
            }
        ],
        "rule-8": [
            {
                "template-line-number": 196,
                "part": null,
                "node-pos": 86,
                "replacement-node": 45
            }
        ],
        "rule-5": [
            {
                "template-line-number": 52,
                "part": null,
                "node-pos": 29,
                "replacement-node": 12,
                "expression-node": 13
            }
        ],
        "rule-1": [
            {
                "template-line-number": 30,
                "part": null,
                "node-pos": 15,
                "replacement-node": 0,
                "expression-node": 1
            }
        ],
        "rule-4": [
            {
                "template-line-number": 47,
                "part": null,
                "node-pos": 26,
                "replacement-node": 9
            }
        ],
        "rule-3": [
            {
                "template-line-number": 42,
                "part": null,
                "node-pos": 22,
                "replacement-node": 6,
                "expression-node": 7
            }
        ],
        "rule-2": [
            {
                "template-line-number": 37,
                "part": null,
                "node-pos": 19,
                "replacement-node": 3
            }
        ],
        "rule-9": {
            "name": "GenPlantsHead",
            "subs": [
                {
                    "template-line-number": 103,
                    "part": "1",
                    "node-pos": 55,
                    "name": "GenPlantsHead",
                    "extras": {},
                    "replacement-node": 24
                },
                {
                    "template-line-number": 112,
                    "part": "2",
                    "node-pos": 59,
                    "name": "GenPlantsHead",
                    "extras": {},
                    "replacement-node": 27
                },
                {
                    "template-line-number": 99,
                    "part": "3",
                    "node-pos": 53,
                    "name": "GenPlantsHead",
                    "extras": {},
                    "replacement-node": 22
                }
            ]
        },
        "rule-10": {
            "name": "GenPlants",
            "subs": [
                {
                    "template-line-number": 167,
                    "part": "2",
                    "node-pos": 68,
                    "name": "GenPlants",
                    "replacement-node": 33,
                    "expression-node": 34
                },
                {
                    "template-line-number": 172,
                    "part": "3",
                    "node-pos": 72,
                    "name": "GenPlants",
                    "replacement-node": 36,
                    "expression-node": 37
                },
                {
                    "template-line-number": 177,
                    "part": "4",
                    "node-pos": 76,
                    "name": "GenPlants",
                    "replacement-node": 39,
                    "expression-node": 40
                },
                {
                    "template-line-number": 182,
                    "part": "4",
                    "node-pos": 80,
                    "name": "GenPlants",
                    "replacement-node": 42,
                    "expression-node": 43
                }
            ]
        }
    },
    "showifs": {},
    "line-numbers": {
        "GenPlants": [
            {
                "template-line-number": 164,
                "start-number": 1,
                "line-number-node": 31
            }
        ]
    }
}