{
    "showifs": {},
    "line-numbers": {
        "MiscellaneousDeferredDebits": [
            {
                "line-number-node": 55,
                "start-number": 3,
                "template-line-number": 254
            }
        ]
    },
    "substitutions": {
        "rule-7": [
            {
                "expression-node": 19,
                "node-pos": 36,
                "part": null,
                "template-line-number": 68,
                "replacement-node": 18
            }
        ],
        "rule-18": [
            {
                "expression-node": 74,
                "node-pos": 136,
                "part": null,
                "template-line-number": 314,
                "replacement-node": 73
            }
        ],
        "rule-12": [
            {
                "node-pos": 59,
                "part": null,
                "template-line-number": 104,
                "replacement-node": 33,
                "html": true
            }
        ],
        "rule-1": [
            {
                "node-pos": 10,
                "part": null,
                "template-line-number": 23,
                "replacement-node": 0
            }
        ],
        "rule-11": [
            {
                "node-pos": 54,
                "part": null,
                "template-line-number": 93,
                "replacement-node": 30
            }
        ],
        "rule-21": [
            {
                "node-pos": 150,
                "part": null,
                "template-line-number": 343,
                "replacement-node": 82
            }
        ],
        "rule-6": [
            {
                "node-pos": 32,
                "part": null,
                "template-line-number": 63,
                "replacement-node": 15
            }
        ],
        "rule-9": [
            {
                "expression-node": 25,
                "node-pos": 44,
                "part": null,
                "template-line-number": 78,
                "replacement-node": 24
            }
        ],
        "rule-5": [
            {
                "node-pos": 27,
                "part": null,
                "template-line-number": 52,
                "replacement-node": 12,
                "html": true
            }
        ],
        "rule-2": [
            {
                "expression-node": 4,
                "node-pos": 14,
                "part": null,
                "template-line-number": 28,
                "replacement-node": 3
            }
        ],
        "rule-15": [
            {
                "node-pos": 98,
                "part": null,
                "template-line-number": 195,
                "replacement-node": 51
            }
        ],
        "rule-10": [
            {
                "expression-node": 28,
                "node-pos": 48,
                "part": null,
                "template-line-number": 83,
                "replacement-node": 27
            }
        ],
        "rule-3": [
            {
                "node-pos": 18,
                "part": null,
                "template-line-number": 34,
                "replacement-node": 6
            }
        ],
        "rule-19": [
            {
                "expression-node": 77,
                "node-pos": 142,
                "part": null,
                "template-line-number": 328,
                "replacement-node": 76
            }
        ],
        "rule-20": [
            {
                "node-pos": 146,
                "part": null,
                "template-line-number": 334,
                "replacement-node": 79
            }
        ],
        "rule-23": {
            "name": "ColumnHeadings",
            "subs": [
                {
                    "name": "ColumnHeadings",
                    "replacement-node": 39,
                    "extras": {},
                    "node-pos": 73,
                    "part": "1",
                    "template-line-number": 141
                },
                {
                    "name": "ColumnHeadings",
                    "replacement-node": 42,
                    "extras": {},
                    "node-pos": 77,
                    "part": "2",
                    "template-line-number": 149
                },
                {
                    "name": "ColumnHeadings",
                    "replacement-node": 37,
                    "extras": {},
                    "node-pos": 71,
                    "part": "3",
                    "template-line-number": 137
                }
            ]
        },
        "rule-14": [
            {
                "node-pos": 88,
                "part": null,
                "template-line-number": 173,
                "replacement-node": 48
            }
        ],
        "rule-4": [
            {
                "node-pos": 22,
                "part": null,
                "template-line-number": 40,
                "replacement-node": 9,
                "html": true
            }
        ],
        "rule-17": [
            {
                "expression-node": 71,
                "node-pos": 132,
                "part": null,
                "template-line-number": 305,
                "replacement-node": 70
            }
        ],
        "rule-16": [
            {
                "node-pos": 126,
                "part": null,
                "template-line-number": 290,
                "replacement-node": 67
            }
        ],
        "rule-8": [
            {
                "node-pos": 40,
                "part": null,
                "template-line-number": 73,
                "replacement-node": 21
            }
        ],
        "rule-13": [
            {
                "node-pos": 83,
                "part": null,
                "template-line-number": 160,
                "replacement-node": 45
            }
        ],
        "rule-22": {
            "name": "MiscellaneousDeferredDebits",
            "subs": [
                {
                    "expression-node": 59,
                    "name": "MiscellaneousDeferredDebits",
                    "replacement-node": 58,
                    "node-pos": 112,
                    "part": "2",
                    "template-line-number": 262
                },
                {
                    "expression-node": 62,
                    "name": "MiscellaneousDeferredDebits",
                    "replacement-node": 61,
                    "node-pos": 116,
                    "part": "3",
                    "template-line-number": 270
                },
                {
                    "expression-node": 65,
                    "name": "MiscellaneousDeferredDebits",
                    "replacement-node": 64,
                    "node-pos": 120,
                    "part": "4",
                    "template-line-number": 278
                }
            ]
        }
    }
}