{
    "line-numbers": {
        "GasPlantInServiceLineItems": [
            {
                "line-number-node": 44,
                "template-line-number": 169,
                "start-number": 1
            }
        ]
    },
    "substitutions": {
        "rule-5": [
            {
                "node-pos": 26,
                "replacement-node": 12,
                "html": true,
                "template-line-number": 50,
                "part": null
            }
        ],
        "rule-14": [
            {
                "node-pos": 99,
                "replacement-node": 58,
                "template-line-number": 207,
                "part": null
            }
        ],
        "rule-17": {
            "subs": [
                {
                    "template-line-number": 127,
                    "replacement-node": 37,
                    "node-pos": 68,
                    "part": "1",
                    "extras": {},
                    "name": "GasPlantInServiceHeadings"
                },
                {
                    "template-line-number": 134,
                    "replacement-node": 40,
                    "node-pos": 72,
                    "part": "2",
                    "extras": {},
                    "name": "GasPlantInServiceHeadings"
                }
            ],
            "name": "GasPlantInServiceHeadings"
        },
        "rule-7": [
            {
                "node-pos": 35,
                "replacement-node": 18,
                "expression-node": 19,
                "template-line-number": 66,
                "part": null
            }
        ],
        "rule-10": [
            {
                "node-pos": 47,
                "replacement-node": 27,
                "expression-node": 28,
                "template-line-number": 81,
                "part": null
            }
        ],
        "rule-8": [
            {
                "node-pos": 39,
                "replacement-node": 21,
                "template-line-number": 71,
                "part": null
            }
        ],
        "rule-11": [
            {
                "node-pos": 53,
                "replacement-node": 30,
                "template-line-number": 91,
                "part": null
            }
        ],
        "rule-6": [
            {
                "node-pos": 31,
                "replacement-node": 15,
                "template-line-number": 61,
                "part": null
            }
        ],
        "rule-4": [
            {
                "node-pos": 21,
                "replacement-node": 9,
                "html": true,
                "template-line-number": 38,
                "part": null
            }
        ],
        "rule-16": {
            "subs": [
                {
                    "template-line-number": 177,
                    "replacement-node": 47,
                    "node-pos": 82,
                    "part": "1",
                    "extras": {},
                    "name": "GasPlantInServiceLineItems"
                },
                {
                    "expression-node": 50,
                    "template-line-number": 184,
                    "replacement-node": 49,
                    "node-pos": 85,
                    "part": "2",
                    "name": "GasPlantInServiceLineItems"
                },
                {
                    "expression-node": 53,
                    "template-line-number": 192,
                    "replacement-node": 52,
                    "node-pos": 89,
                    "part": "3",
                    "name": "GasPlantInServiceLineItems"
                }
            ],
            "name": "GasPlantInServiceLineItems"
        },
        "rule-12": [
            {
                "node-pos": 58,
                "replacement-node": 33,
                "html": true,
                "template-line-number": 102,
                "part": null
            }
        ],
        "rule-15": [
            {
                "node-pos": 103,
                "replacement-node": 61,
                "template-line-number": 216,
                "part": null
            }
        ],
        "rule-1": [
            {
                "node-pos": 9,
                "replacement-node": 0,
                "template-line-number": 21,
                "part": null
            }
        ],
        "rule-2": [
            {
                "node-pos": 13,
                "replacement-node": 3,
                "expression-node": 4,
                "template-line-number": 26,
                "part": null
            }
        ],
        "rule-13": [
            {
                "node-pos": 95,
                "replacement-node": 55,
                "expression-node": 56,
                "template-line-number": 202,
                "part": null
            }
        ],
        "rule-9": [
            {
                "node-pos": 43,
                "replacement-node": 24,
                "expression-node": 25,
                "template-line-number": 76,
                "part": null
            }
        ],
        "rule-3": [
            {
                "node-pos": 17,
                "replacement-node": 6,
                "template-line-number": 32,
                "part": null
            }
        ]
    },
    "showifs": {}
}