{
    "substitutions": {
        "rule-6": [
            {
                "node-pos": 31,
                "part": null,
                "replacement-node": 15,
                "template-line-number": 62
            }
        ],
        "rule-18": {
            "name": "AllowanceInventryLineItems",
            "subs": [
                {
                    "part": "1",
                    "template-line-number": 559,
                    "node-pos": 100,
                    "name": "AllowanceInventryLineItems",
                    "replacement-node": 46,
                    "extras": {}
                },
                {
                    "part": "10",
                    "template-line-number": 616,
                    "node-pos": 139,
                    "name": "AllowanceInventryLineItems",
                    "replacement-node": 77,
                    "expression-node": 78
                },
                {
                    "part": "11",
                    "template-line-number": 623,
                    "node-pos": 144,
                    "name": "AllowanceInventryLineItems",
                    "replacement-node": 81,
                    "expression-node": 82
                },
                {
                    "part": "12",
                    "template-line-number": 630,
                    "node-pos": 149,
                    "name": "AllowanceInventryLineItems",
                    "replacement-node": 85,
                    "expression-node": 86
                },
                {
                    "part": "13",
                    "template-line-number": 637,
                    "node-pos": 154,
                    "name": "AllowanceInventryLineItems",
                    "replacement-node": 89,
                    "expression-node": 90
                },
                {
                    "part": "14",
                    "template-line-number": 644,
                    "node-pos": 159,
                    "name": "AllowanceInventryLineItems",
                    "replacement-node": 93,
                    "expression-node": 94
                },
                {
                    "part": "15",
                    "template-line-number": 651,
                    "node-pos": 164,
                    "name": "AllowanceInventryLineItems",
                    "replacement-node": 97,
                    "expression-node": 98
                },
                {
                    "part": "2",
                    "template-line-number": 566,
                    "node-pos": 104,
                    "name": "AllowanceInventryLineItems",
                    "replacement-node": 49,
                    "expression-node": 50
                },
                {
                    "part": "3",
                    "template-line-number": 574,
                    "node-pos": 109,
                    "name": "AllowanceInventryLineItems",
                    "replacement-node": 53,
                    "expression-node": 54
                },
                {
                    "part": "4",
                    "template-line-number": 581,
                    "node-pos": 114,
                    "name": "AllowanceInventryLineItems",
                    "replacement-node": 57,
                    "expression-node": 58
                },
                {
                    "part": "6",
                    "template-line-number": 588,
                    "node-pos": 119,
                    "name": "AllowanceInventryLineItems",
                    "replacement-node": 61,
                    "expression-node": 62
                },
                {
                    "part": "7",
                    "template-line-number": 595,
                    "node-pos": 124,
                    "name": "AllowanceInventryLineItems",
                    "replacement-node": 65,
                    "expression-node": 66
                },
                {
                    "part": "8",
                    "template-line-number": 602,
                    "node-pos": 129,
                    "name": "AllowanceInventryLineItems",
                    "replacement-node": 69,
                    "expression-node": 70
                },
                {
                    "part": "9",
                    "template-line-number": 609,
                    "node-pos": 134,
                    "name": "AllowanceInventryLineItems",
                    "replacement-node": 73,
                    "expression-node": 74
                }
            ]
        },
        "rule-7": [
            {
                "node-pos": 35,
                "part": null,
                "replacement-node": 18,
                "expression-node": 19,
                "template-line-number": 67
            }
        ],
        "rule-9": [
            {
                "node-pos": 43,
                "part": null,
                "replacement-node": 24,
                "expression-node": 25,
                "template-line-number": 77
            }
        ],
        "rule-17": {
            "name": "ColumnHeadings",
            "subs": [
                {
                    "part": "1",
                    "template-line-number": 158,
                    "node-pos": 90,
                    "name": "ColumnHeadings",
                    "replacement-node": 39,
                    "extras": {}
                },
                {
                    "part": "2",
                    "template-line-number": 167,
                    "node-pos": 94,
                    "name": "ColumnHeadings",
                    "replacement-node": 42,
                    "extras": {}
                },
                {
                    "part": "3",
                    "template-line-number": 154,
                    "node-pos": 88,
                    "name": "ColumnHeadings",
                    "replacement-node": 37,
                    "extras": {}
                }
            ]
        },
        "rule-8": [
            {
                "node-pos": 39,
                "part": null,
                "replacement-node": 21,
                "template-line-number": 72
            }
        ],
        "rule-12": [
            {
                "node-pos": 58,
                "part": null,
                "replacement-node": 33,
                "html": true,
                "template-line-number": 103
            }
        ],
        "rule-15": [
            {
                "node-pos": 250,
                "part": null,
                "replacement-node": 163,
                "template-line-number": 890
            }
        ],
        "rule-3": [
            {
                "node-pos": 17,
                "part": null,
                "replacement-node": 6,
                "template-line-number": 33
            }
        ],
        "rule-1": [
            {
                "node-pos": 9,
                "part": null,
                "replacement-node": 0,
                "template-line-number": 22
            }
        ],
        "rule-2": [
            {
                "node-pos": 13,
                "part": null,
                "replacement-node": 3,
                "expression-node": 4,
                "template-line-number": 27
            }
        ],
        "rule-19": {
            "name": "AllowanceInventryLineItems2",
            "subs": [
                {
                    "part": "1",
                    "template-line-number": 774,
                    "node-pos": 171,
                    "name": "AllowanceInventryLineItems2",
                    "replacement-node": 102,
                    "extras": {}
                },
                {
                    "part": "10",
                    "template-line-number": 828,
                    "node-pos": 210,
                    "name": "AllowanceInventryLineItems2",
                    "replacement-node": 133,
                    "expression-node": 134
                },
                {
                    "part": "11",
                    "template-line-number": 835,
                    "node-pos": 215,
                    "name": "AllowanceInventryLineItems2",
                    "replacement-node": 137,
                    "expression-node": 138
                },
                {
                    "part": "12",
                    "template-line-number": 842,
                    "node-pos": 220,
                    "name": "AllowanceInventryLineItems2",
                    "replacement-node": 141,
                    "expression-node": 142
                },
                {
                    "part": "13",
                    "template-line-number": 849,
                    "node-pos": 225,
                    "name": "AllowanceInventryLineItems2",
                    "replacement-node": 145,
                    "expression-node": 146
                },
                {
                    "part": "14",
                    "template-line-number": 856,
                    "node-pos": 230,
                    "name": "AllowanceInventryLineItems2",
                    "replacement-node": 149,
                    "expression-node": 150
                },
                {
                    "part": "15",
                    "template-line-number": 863,
                    "node-pos": 235,
                    "name": "AllowanceInventryLineItems2",
                    "replacement-node": 153,
                    "expression-node": 154
                },
                {
                    "part": "2",
                    "template-line-number": 779,
                    "node-pos": 175,
                    "name": "AllowanceInventryLineItems2",
                    "replacement-node": 105,
                    "expression-node": 106
                },
                {
                    "part": "3",
                    "template-line-number": 786,
                    "node-pos": 180,
                    "name": "AllowanceInventryLineItems2",
                    "replacement-node": 109,
                    "expression-node": 110
                },
                {
                    "part": "4",
                    "template-line-number": 793,
                    "node-pos": 185,
                    "name": "AllowanceInventryLineItems2",
                    "replacement-node": 113,
                    "expression-node": 114
                },
                {
                    "part": "6",
                    "template-line-number": 800,
                    "node-pos": 190,
                    "name": "AllowanceInventryLineItems2",
                    "replacement-node": 117,
                    "expression-node": 118
                },
                {
                    "part": "7",
                    "template-line-number": 807,
                    "node-pos": 195,
                    "name": "AllowanceInventryLineItems2",
                    "replacement-node": 121,
                    "expression-node": 122
                },
                {
                    "part": "8",
                    "template-line-number": 814,
                    "node-pos": 200,
                    "name": "AllowanceInventryLineItems2",
                    "replacement-node": 125,
                    "expression-node": 126
                },
                {
                    "part": "9",
                    "template-line-number": 821,
                    "node-pos": 205,
                    "name": "AllowanceInventryLineItems2",
                    "replacement-node": 129,
                    "expression-node": 130
                }
            ]
        },
        "rule-5": [
            {
                "node-pos": 26,
                "part": null,
                "replacement-node": 12,
                "html": true,
                "template-line-number": 51
            }
        ],
        "rule-14": [
            {
                "node-pos": 246,
                "part": null,
                "replacement-node": 160,
                "template-line-number": 881
            }
        ],
        "rule-4": [
            {
                "node-pos": 21,
                "part": null,
                "replacement-node": 9,
                "html": true,
                "template-line-number": 39
            }
        ],
        "rule-13": [
            {
                "node-pos": 242,
                "part": null,
                "replacement-node": 157,
                "expression-node": 158,
                "template-line-number": 876
            }
        ],
        "rule-16": [
            {
                "node-pos": 253,
                "part": null,
                "replacement-node": 166,
                "template-line-number": 897
            }
        ],
        "rule-10": [
            {
                "node-pos": 47,
                "part": null,
                "replacement-node": 27,
                "expression-node": 28,
                "template-line-number": 82
            }
        ],
        "rule-11": [
            {
                "node-pos": 53,
                "part": null,
                "replacement-node": 30,
                "template-line-number": 92
            }
        ]
    },
    "line-numbers": {},
    "showifs": {}
}