{
    "showifs": {},
    "substitutions": {
        "rule-5": [
            {
                "node-pos": 26,
                "replacement-node": 12,
                "part": null,
                "template-line-number": 49,
                "html": true
            }
        ],
        "rule-19": {
            "name": "ConsultativeServices",
            "subs": [
                {
                    "node-pos": 88,
                    "part": "2",
                    "expression-node": 49,
                    "name": "ConsultativeServices",
                    "replacement-node": 48,
                    "template-line-number": 191
                },
                {
                    "node-pos": 92,
                    "part": "3",
                    "expression-node": 52,
                    "name": "ConsultativeServices",
                    "replacement-node": 51,
                    "template-line-number": 196
                }
            ]
        },
        "rule-3": [
            {
                "node-pos": 17,
                "replacement-node": 6,
                "part": null,
                "template-line-number": 31
            }
        ],
        "rule-20": {
            "name": "GasPlantInServiceHeadings",
            "subs": [
                {
                    "node-pos": 75,
                    "part": "1",
                    "name": "GasPlantInServiceHeadings",
                    "replacement-node": 39,
                    "template-line-number": 136,
                    "extras": {}
                },
                {
                    "node-pos": 79,
                    "part": "2",
                    "name": "GasPlantInServiceHeadings",
                    "replacement-node": 42,
                    "template-line-number": 145,
                    "extras": {}
                },
                {
                    "node-pos": 73,
                    "part": "3",
                    "name": "GasPlantInServiceHeadings",
                    "replacement-node": 37,
                    "template-line-number": 132,
                    "extras": {}
                }
            ]
        },
        "rule-14": [
            {
                "node-pos": 101,
                "replacement-node": 57,
                "part": null,
                "template-line-number": 215
            }
        ],
        "rule-9": [
            {
                "node-pos": 43,
                "replacement-node": 24,
                "part": null,
                "template-line-number": 73,
                "expression-node": 25
            }
        ],
        "rule-8": [
            {
                "node-pos": 39,
                "replacement-node": 21,
                "part": null,
                "template-line-number": 69
            }
        ],
        "rule-4": [
            {
                "node-pos": 21,
                "replacement-node": 9,
                "part": null,
                "template-line-number": 37,
                "html": true
            }
        ],
        "rule-12": [
            {
                "node-pos": 58,
                "replacement-node": 33,
                "part": null,
                "template-line-number": 99,
                "html": true
            }
        ],
        "rule-2": [
            {
                "node-pos": 13,
                "replacement-node": 3,
                "part": null,
                "template-line-number": 25,
                "expression-node": 4
            }
        ],
        "rule-10": [
            {
                "node-pos": 47,
                "replacement-node": 27,
                "part": null,
                "template-line-number": 78,
                "expression-node": 28
            }
        ],
        "rule-16": [
            {
                "node-pos": 112,
                "replacement-node": 63,
                "part": null,
                "template-line-number": 241,
                "expression-node": 64
            }
        ],
        "rule-1": [
            {
                "node-pos": 9,
                "replacement-node": 0,
                "part": null,
                "template-line-number": 21
            }
        ],
        "rule-11": [
            {
                "node-pos": 53,
                "replacement-node": 30,
                "part": null,
                "template-line-number": 88
            }
        ],
        "rule-18": [
            {
                "node-pos": 120,
                "replacement-node": 69,
                "part": null,
                "template-line-number": 255
            }
        ],
        "rule-15": [
            {
                "node-pos": 106,
                "replacement-node": 60,
                "part": null,
                "template-line-number": 227,
                "expression-node": 61
            }
        ],
        "rule-13": [
            {
                "node-pos": 97,
                "replacement-node": 54,
                "part": null,
                "template-line-number": 204
            }
        ],
        "rule-6": [
            {
                "node-pos": 31,
                "replacement-node": 15,
                "part": null,
                "template-line-number": 60
            }
        ],
        "rule-17": [
            {
                "node-pos": 116,
                "replacement-node": 66,
                "part": null,
                "template-line-number": 246
            }
        ],
        "rule-7": [
            {
                "node-pos": 35,
                "replacement-node": 18,
                "part": null,
                "template-line-number": 64,
                "expression-node": 19
            }
        ]
    },
    "line-numbers": {
        "ConsultativeServices": [
            {
                "line-number-node": 46,
                "start-number": 1,
                "template-line-number": 188
            }
        ]
    }
}