{
    "line-numbers": {
        "BenefitsLineItems": [
            {
                "template-line-number": 308,
                "line-number-node": 71,
                "start-number": 5
            }
        ]
    },
    "substitutions": {
        "rule-14": [
            {
                "node-pos": 83,
                "part": null,
                "template-line-number": 159,
                "replacement-node": 46
            }
        ],
        "rule-4": [
            {
                "node-pos": 18,
                "part": null,
                "template-line-number": 37,
                "replacement-node": 7
            }
        ],
        "rule-13": [
            {
                "node-pos": 59,
                "part": null,
                "template-line-number": 105,
                "html": true,
                "replacement-node": 34
            }
        ],
        "rule-25": [
            {
                "node-pos": 157,
                "part": null,
                "template-line-number": 368,
                "replacement-node": 90
            }
        ],
        "rule-15": [
            {
                "node-pos": 88,
                "part": null,
                "template-line-number": 171,
                "replacement-node": 49,
                "expression-node": 50
            }
        ],
        "rule-19": [
            {
                "node-pos": 110,
                "part": null,
                "template-line-number": 219,
                "replacement-node": 61,
                "expression-node": 62
            }
        ],
        "rule-22": [
            {
                "node-pos": 142,
                "part": null,
                "template-line-number": 337,
                "replacement-node": 81
            }
        ],
        "rule-16": [
            {
                "node-pos": 94,
                "part": null,
                "template-line-number": 183,
                "replacement-node": 52
            }
        ],
        "rule-18": [
            {
                "node-pos": 105,
                "part": null,
                "template-line-number": 207,
                "replacement-node": 58
            }
        ],
        "rule-20": [
            {
                "node-pos": 116,
                "part": null,
                "template-line-number": 231,
                "replacement-node": 64
            }
        ],
        "rule-8": [
            {
                "node-pos": 36,
                "part": null,
                "template-line-number": 70,
                "replacement-node": 19,
                "expression-node": 20
            }
        ],
        "rule-27": {
            "name": "GasPlantInServiceHeadings",
            "subs": [
                {
                    "name": "GasPlantInServiceHeadings",
                    "part": "1",
                    "template-line-number": 137,
                    "extras": {},
                    "node-pos": 73,
                    "replacement-node": 40
                },
                {
                    "name": "GasPlantInServiceHeadings",
                    "part": "2",
                    "template-line-number": 146,
                    "extras": {},
                    "node-pos": 77,
                    "replacement-node": 43
                },
                {
                    "name": "GasPlantInServiceHeadings",
                    "part": "3",
                    "template-line-number": 133,
                    "extras": {},
                    "node-pos": 71,
                    "replacement-node": 38
                }
            ]
        },
        "rule-5": [
            {
                "node-pos": 22,
                "part": null,
                "template-line-number": 43,
                "html": true,
                "replacement-node": 10
            }
        ],
        "rule-2": [
            {
                "node-pos": 10,
                "part": null,
                "template-line-number": 27,
                "replacement-node": 1
            }
        ],
        "rule-6": [
            {
                "node-pos": 27,
                "part": null,
                "template-line-number": 55,
                "html": true,
                "replacement-node": 13
            }
        ],
        "rule-26": [
            {
                "node-pos": 161,
                "part": null,
                "template-line-number": 377,
                "replacement-node": 93
            }
        ],
        "rule-24": [
            {
                "node-pos": 153,
                "part": null,
                "template-line-number": 363,
                "replacement-node": 87,
                "expression-node": 88
            }
        ],
        "rule-12": [
            {
                "node-pos": 54,
                "part": null,
                "template-line-number": 94,
                "replacement-node": 31
            }
        ],
        "rule-21": [
            {
                "node-pos": 121,
                "part": null,
                "template-line-number": 243,
                "replacement-node": 67,
                "expression-node": 68
            }
        ],
        "rule-9": [
            {
                "node-pos": 40,
                "part": null,
                "template-line-number": 75,
                "replacement-node": 22
            }
        ],
        "rule-28": {
            "name": "BenefitsLineItems",
            "subs": [
                {
                    "name": "BenefitsLineItems",
                    "template-line-number": 313,
                    "part": "2",
                    "node-pos": 131,
                    "replacement-node": 74,
                    "expression-node": 75
                },
                {
                    "name": "BenefitsLineItems",
                    "template-line-number": 326,
                    "part": "3",
                    "node-pos": 136,
                    "replacement-node": 78,
                    "expression-node": 79
                }
            ]
        },
        "rule-11": [
            {
                "node-pos": 48,
                "part": null,
                "template-line-number": 84,
                "replacement-node": 28,
                "expression-node": 29
            }
        ],
        "rule-17": [
            {
                "node-pos": 99,
                "part": null,
                "template-line-number": 195,
                "replacement-node": 55,
                "expression-node": 56
            }
        ],
        "rule-3": [
            {
                "node-pos": 14,
                "part": null,
                "template-line-number": 31,
                "replacement-node": 4,
                "expression-node": 5
            }
        ],
        "rule-10": [
            {
                "node-pos": 44,
                "part": null,
                "template-line-number": 79,
                "replacement-node": 25,
                "expression-node": 26
            }
        ],
        "rule-7": [
            {
                "node-pos": 32,
                "part": null,
                "template-line-number": 66,
                "replacement-node": 16
            }
        ],
        "rule-23": [
            {
                "node-pos": 147,
                "part": null,
                "template-line-number": 349,
                "replacement-node": 84,
                "expression-node": 85
            }
        ]
    },
    "showifs": {
        "rule-1": {
            "type": "showif",
            "template-line-number": 17
        }
    }
}