{
    "line-numbers": {
        "SalesOfElectricityByRateSchedule": [
            {
                "line-number-node": 45,
                "start-number": 1,
                "template-line-number": 234
            }
        ]
    },
    "substitutions": {
        "rule-27": [
            {
                "node-pos": 177,
                "replacement-node": 105,
                "template-line-number": 457,
                "expression-node": 106,
                "part": null
            }
        ],
        "rule-31": {
            "subs": [
                {
                    "node-pos": 88,
                    "expression-node": 49,
                    "name": "SalesOfElectricityByRateSchedule",
                    "replacement-node": 48,
                    "part": "2",
                    "template-line-number": 242
                },
                {
                    "node-pos": 92,
                    "expression-node": 52,
                    "name": "SalesOfElectricityByRateSchedule",
                    "replacement-node": 51,
                    "part": "3",
                    "template-line-number": 252
                },
                {
                    "node-pos": 96,
                    "expression-node": 55,
                    "name": "SalesOfElectricityByRateSchedule",
                    "replacement-node": 54,
                    "part": "4",
                    "template-line-number": 261
                },
                {
                    "node-pos": 100,
                    "expression-node": 58,
                    "name": "SalesOfElectricityByRateSchedule",
                    "replacement-node": 57,
                    "part": "5",
                    "template-line-number": 269
                },
                {
                    "node-pos": 104,
                    "expression-node": 61,
                    "name": "SalesOfElectricityByRateSchedule",
                    "replacement-node": 60,
                    "part": "6",
                    "template-line-number": 280
                },
                {
                    "node-pos": 108,
                    "expression-node": 64,
                    "name": "SalesOfElectricityByRateSchedule",
                    "replacement-node": 63,
                    "part": "7",
                    "template-line-number": 289
                }
            ],
            "name": "SalesOfElectricityByRateSchedule"
        },
        "rule-22": [
            {
                "node-pos": 155,
                "replacement-node": 90,
                "template-line-number": 402,
                "expression-node": 91,
                "part": null
            }
        ],
        "rule-7": [
            {
                "node-pos": 32,
                "replacement-node": 16,
                "template-line-number": 85,
                "part": null
            }
        ],
        "rule-18": [
            {
                "node-pos": 131,
                "replacement-node": 78,
                "template-line-number": 344,
                "expression-node": 79,
                "part": null
            }
        ],
        "rule-21": [
            {
                "node-pos": 148,
                "replacement-node": 87,
                "template-line-number": 386,
                "expression-node": 88,
                "part": null
            }
        ],
        "rule-13": [
            {
                "node-pos": 59,
                "replacement-node": 34,
                "template-line-number": 134,
                "html": true,
                "part": null
            }
        ],
        "rule-3": [
            {
                "node-pos": 14,
                "replacement-node": 4,
                "template-line-number": 36,
                "expression-node": 5,
                "part": null
            }
        ],
        "rule-14": [
            {
                "node-pos": 115,
                "replacement-node": 66,
                "template-line-number": 304,
                "expression-node": 67,
                "part": null
            }
        ],
        "rule-15": [
            {
                "node-pos": 119,
                "replacement-node": 69,
                "template-line-number": 314,
                "expression-node": 70,
                "part": null
            }
        ],
        "rule-4": [
            {
                "node-pos": 18,
                "replacement-node": 7,
                "template-line-number": 43,
                "part": null
            }
        ],
        "rule-6": [
            {
                "node-pos": 27,
                "replacement-node": 13,
                "template-line-number": 67,
                "html": true,
                "part": null
            }
        ],
        "rule-8": [
            {
                "node-pos": 36,
                "replacement-node": 19,
                "template-line-number": 92,
                "expression-node": 20,
                "part": null
            }
        ],
        "rule-16": [
            {
                "node-pos": 123,
                "replacement-node": 72,
                "template-line-number": 324,
                "expression-node": 73,
                "part": null
            }
        ],
        "rule-11": [
            {
                "node-pos": 48,
                "replacement-node": 28,
                "template-line-number": 112,
                "expression-node": 29,
                "part": null
            }
        ],
        "rule-5": [
            {
                "node-pos": 22,
                "replacement-node": 10,
                "template-line-number": 51,
                "html": true,
                "part": null
            }
        ],
        "rule-29": [
            {
                "node-pos": 185,
                "replacement-node": 111,
                "template-line-number": 474,
                "part": null
            }
        ],
        "rule-20": [
            {
                "node-pos": 142,
                "replacement-node": 84,
                "template-line-number": 370,
                "expression-node": 85,
                "part": null
            }
        ],
        "rule-17": [
            {
                "node-pos": 127,
                "replacement-node": 75,
                "template-line-number": 334,
                "expression-node": 76,
                "part": null
            }
        ],
        "rule-9": [
            {
                "node-pos": 40,
                "replacement-node": 22,
                "template-line-number": 99,
                "part": null
            }
        ],
        "rule-26": [
            {
                "node-pos": 171,
                "replacement-node": 102,
                "template-line-number": 442,
                "expression-node": 103,
                "part": null
            }
        ],
        "rule-12": [
            {
                "node-pos": 54,
                "replacement-node": 31,
                "template-line-number": 123,
                "part": null
            }
        ],
        "rule-2": [
            {
                "node-pos": 10,
                "replacement-node": 1,
                "template-line-number": 29,
                "part": null
            }
        ],
        "rule-28": [
            {
                "node-pos": 181,
                "replacement-node": 108,
                "template-line-number": 464,
                "part": null
            }
        ],
        "rule-25": [
            {
                "node-pos": 167,
                "replacement-node": 99,
                "template-line-number": 432,
                "expression-node": 100,
                "part": null
            }
        ],
        "rule-10": [
            {
                "node-pos": 44,
                "replacement-node": 25,
                "template-line-number": 106,
                "expression-node": 26,
                "part": null
            }
        ],
        "rule-24": [
            {
                "node-pos": 163,
                "replacement-node": 96,
                "template-line-number": 422,
                "expression-node": 97,
                "part": null
            }
        ],
        "rule-30": {
            "subs": [
                {
                    "node-pos": 74,
                    "name": "ColumnHeadings",
                    "replacement-node": 38,
                    "part": "1",
                    "extras": {},
                    "template-line-number": 165
                },
                {
                    "node-pos": 78,
                    "name": "ColumnHeadings",
                    "replacement-node": 41,
                    "part": "2",
                    "extras": {},
                    "template-line-number": 172
                }
            ],
            "name": "ColumnHeadings"
        },
        "rule-19": [
            {
                "node-pos": 138,
                "replacement-node": 81,
                "template-line-number": 360,
                "expression-node": 82,
                "part": null
            }
        ],
        "rule-23": [
            {
                "node-pos": 159,
                "replacement-node": 93,
                "template-line-number": 412,
                "expression-node": 94,
                "part": null
            }
        ]
    },
    "showifs": {
        "rule-1": {
            "type": "showif",
            "template-line-number": 15
        }
    }
}