{
    "substitutions": {
        "rule-15": [
            {
                "template-line-number": 242,
                "replacement-node": 62,
                "part": null,
                "node-pos": 107
            }
        ],
        "rule-10": [
            {
                "expression-node": 28,
                "template-line-number": 81,
                "replacement-node": 27,
                "part": null,
                "node-pos": 47
            }
        ],
        "rule-13": [
            {
                "expression-node": 57,
                "template-line-number": 228,
                "replacement-node": 56,
                "part": null,
                "node-pos": 99
            }
        ],
        "rule-11": [
            {
                "template-line-number": 91,
                "replacement-node": 30,
                "part": null,
                "node-pos": 53
            }
        ],
        "rule-7": [
            {
                "expression-node": 19,
                "template-line-number": 66,
                "replacement-node": 18,
                "part": null,
                "node-pos": 35
            }
        ],
        "rule-9": [
            {
                "expression-node": 25,
                "template-line-number": 76,
                "replacement-node": 24,
                "part": null,
                "node-pos": 43
            }
        ],
        "rule-2": [
            {
                "expression-node": 4,
                "template-line-number": 26,
                "replacement-node": 3,
                "part": null,
                "node-pos": 13
            }
        ],
        "rule-3": [
            {
                "template-line-number": 32,
                "replacement-node": 6,
                "part": null,
                "node-pos": 17
            }
        ],
        "rule-1": [
            {
                "template-line-number": 21,
                "replacement-node": 0,
                "part": null,
                "node-pos": 9
            }
        ],
        "rule-12": [
            {
                "html": true,
                "template-line-number": 102,
                "replacement-node": 33,
                "part": null,
                "node-pos": 58
            }
        ],
        "rule-5": [
            {
                "html": true,
                "template-line-number": 50,
                "replacement-node": 12,
                "part": null,
                "node-pos": 26
            }
        ],
        "rule-14": [
            {
                "template-line-number": 233,
                "replacement-node": 59,
                "part": null,
                "node-pos": 103
            }
        ],
        "rule-8": [
            {
                "template-line-number": 71,
                "replacement-node": 21,
                "part": null,
                "node-pos": 39
            }
        ],
        "rule-4": [
            {
                "html": true,
                "template-line-number": 38,
                "replacement-node": 9,
                "part": null,
                "node-pos": 21
            }
        ],
        "rule-6": [
            {
                "template-line-number": 61,
                "replacement-node": 15,
                "part": null,
                "node-pos": 31
            }
        ],
        "rule-17": {
            "subs": [
                {
                    "replacement-node": 49,
                    "part": "1",
                    "name": "NaturalGasLineItems",
                    "node-pos": 87,
                    "template-line-number": 202,
                    "extras": {}
                },
                {
                    "replacement-node": 47,
                    "part": "2",
                    "name": "NaturalGasLineItems",
                    "node-pos": 85,
                    "template-line-number": 198,
                    "extras": {}
                },
                {
                    "expression-node": 52,
                    "replacement-node": 51,
                    "part": "2",
                    "name": "NaturalGasLineItems",
                    "node-pos": 90,
                    "template-line-number": 210
                },
                {
                    "expression-node": 54,
                    "replacement-node": 53,
                    "part": "3",
                    "name": "NaturalGasLineItems",
                    "node-pos": 93,
                    "template-line-number": 217
                }
            ],
            "name": "NaturalGasLineItems"
        },
        "rule-16": {
            "subs": [
                {
                    "replacement-node": 37,
                    "part": "1",
                    "name": "NaturalGasHeadings",
                    "node-pos": 69,
                    "template-line-number": 128,
                    "extras": {}
                },
                {
                    "replacement-node": 40,
                    "part": "2",
                    "name": "NaturalGasHeadings",
                    "node-pos": 73,
                    "template-line-number": 135,
                    "extras": {}
                }
            ],
            "name": "NaturalGasHeadings"
        }
    },
    "showifs": {},
    "line-numbers": {
        "NaturalGasLineItems": [
            {
                "line-number-node": 44,
                "template-line-number": 188,
                "start-number": 1
            }
        ]
    }
}