{
    "substitutions": {
        "rule-16": {
            "name": "NaturalGasHeadings",
            "subs": [
                {
                    "name": "NaturalGasHeadings",
                    "extras": {},
                    "replacement-node": 37,
                    "template-line-number": 128,
                    "node-pos": 69,
                    "part": "1"
                },
                {
                    "name": "NaturalGasHeadings",
                    "extras": {},
                    "replacement-node": 40,
                    "template-line-number": 135,
                    "node-pos": 73,
                    "part": "2"
                }
            ]
        },
        "rule-9": [
            {
                "expression-node": 25,
                "template-line-number": 76,
                "part": null,
                "node-pos": 43,
                "replacement-node": 24
            }
        ],
        "rule-10": [
            {
                "expression-node": 28,
                "template-line-number": 81,
                "part": null,
                "node-pos": 47,
                "replacement-node": 27
            }
        ],
        "rule-13": [
            {
                "expression-node": 57,
                "template-line-number": 228,
                "part": null,
                "node-pos": 99,
                "replacement-node": 56
            }
        ],
        "rule-12": [
            {
                "html": true,
                "template-line-number": 102,
                "part": null,
                "node-pos": 58,
                "replacement-node": 33
            }
        ],
        "rule-17": {
            "name": "NaturalGasLineItems",
            "subs": [
                {
                    "name": "NaturalGasLineItems",
                    "extras": {},
                    "replacement-node": 49,
                    "template-line-number": 202,
                    "node-pos": 87,
                    "part": "1"
                },
                {
                    "name": "NaturalGasLineItems",
                    "extras": {},
                    "replacement-node": 47,
                    "template-line-number": 198,
                    "node-pos": 85,
                    "part": "2"
                },
                {
                    "name": "NaturalGasLineItems",
                    "part": "2",
                    "replacement-node": 51,
                    "template-line-number": 210,
                    "node-pos": 90,
                    "expression-node": 52
                },
                {
                    "name": "NaturalGasLineItems",
                    "part": "3",
                    "replacement-node": 53,
                    "template-line-number": 217,
                    "node-pos": 93,
                    "expression-node": 54
                }
            ]
        },
        "rule-2": [
            {
                "expression-node": 4,
                "template-line-number": 26,
                "part": null,
                "node-pos": 13,
                "replacement-node": 3
            }
        ],
        "rule-6": [
            {
                "template-line-number": 61,
                "part": null,
                "node-pos": 31,
                "replacement-node": 15
            }
        ],
        "rule-5": [
            {
                "html": true,
                "template-line-number": 50,
                "part": null,
                "node-pos": 26,
                "replacement-node": 12
            }
        ],
        "rule-8": [
            {
                "template-line-number": 71,
                "part": null,
                "node-pos": 39,
                "replacement-node": 21
            }
        ],
        "rule-1": [
            {
                "template-line-number": 21,
                "part": null,
                "node-pos": 9,
                "replacement-node": 0
            }
        ],
        "rule-15": [
            {
                "template-line-number": 242,
                "part": null,
                "node-pos": 107,
                "replacement-node": 62
            }
        ],
        "rule-4": [
            {
                "html": true,
                "template-line-number": 38,
                "part": null,
                "node-pos": 21,
                "replacement-node": 9
            }
        ],
        "rule-3": [
            {
                "template-line-number": 32,
                "part": null,
                "node-pos": 17,
                "replacement-node": 6
            }
        ],
        "rule-11": [
            {
                "template-line-number": 91,
                "part": null,
                "node-pos": 53,
                "replacement-node": 30
            }
        ],
        "rule-7": [
            {
                "expression-node": 19,
                "template-line-number": 66,
                "part": null,
                "node-pos": 35,
                "replacement-node": 18
            }
        ],
        "rule-14": [
            {
                "template-line-number": 233,
                "part": null,
                "node-pos": 103,
                "replacement-node": 59
            }
        ]
    },
    "line-numbers": {
        "NaturalGasLineItems": [
            {
                "start-number": 1,
                "template-line-number": 188,
                "line-number-node": 44
            }
        ]
    },
    "showifs": {}
}