{
    "substitutions": {
        "rule-14": [
            {
                "replacement-node": 160,
                "template-line-number": 878,
                "part": null,
                "node-pos": 246
            }
        ],
        "rule-2": [
            {
                "replacement-node": 3,
                "template-line-number": 27,
                "expression-node": 4,
                "part": null,
                "node-pos": 13
            }
        ],
        "rule-15": [
            {
                "replacement-node": 163,
                "template-line-number": 887,
                "part": null,
                "node-pos": 250
            }
        ],
        "rule-5": [
            {
                "replacement-node": 12,
                "html": true,
                "template-line-number": 51,
                "part": null,
                "node-pos": 26
            }
        ],
        "rule-17": {
            "subs": [
                {
                    "template-line-number": 158,
                    "extras": {},
                    "part": "1",
                    "name": "ColumnHeadings",
                    "replacement-node": 39,
                    "node-pos": 90
                },
                {
                    "template-line-number": 167,
                    "extras": {},
                    "part": "2",
                    "name": "ColumnHeadings",
                    "replacement-node": 42,
                    "node-pos": 94
                },
                {
                    "template-line-number": 154,
                    "extras": {},
                    "part": "3",
                    "name": "ColumnHeadings",
                    "replacement-node": 37,
                    "node-pos": 88
                }
            ],
            "name": "ColumnHeadings"
        },
        "rule-10": [
            {
                "replacement-node": 27,
                "template-line-number": 82,
                "expression-node": 28,
                "part": null,
                "node-pos": 47
            }
        ],
        "rule-13": [
            {
                "replacement-node": 157,
                "template-line-number": 873,
                "expression-node": 158,
                "part": null,
                "node-pos": 242
            }
        ],
        "rule-16": [
            {
                "replacement-node": 166,
                "template-line-number": 894,
                "part": null,
                "node-pos": 253
            }
        ],
        "rule-8": [
            {
                "replacement-node": 21,
                "template-line-number": 72,
                "part": null,
                "node-pos": 39
            }
        ],
        "rule-19": {
            "subs": [
                {
                    "template-line-number": 771,
                    "extras": {},
                    "part": "1",
                    "name": "AllowanceInventryLineItems2",
                    "replacement-node": 102,
                    "node-pos": 171
                },
                {
                    "template-line-number": 825,
                    "part": "10",
                    "name": "AllowanceInventryLineItems2",
                    "replacement-node": 133,
                    "expression-node": 134,
                    "node-pos": 210
                },
                {
                    "template-line-number": 832,
                    "part": "11",
                    "name": "AllowanceInventryLineItems2",
                    "replacement-node": 137,
                    "expression-node": 138,
                    "node-pos": 215
                },
                {
                    "template-line-number": 839,
                    "part": "12",
                    "name": "AllowanceInventryLineItems2",
                    "replacement-node": 141,
                    "expression-node": 142,
                    "node-pos": 220
                },
                {
                    "template-line-number": 846,
                    "part": "13",
                    "name": "AllowanceInventryLineItems2",
                    "replacement-node": 145,
                    "expression-node": 146,
                    "node-pos": 225
                },
                {
                    "template-line-number": 853,
                    "part": "14",
                    "name": "AllowanceInventryLineItems2",
                    "replacement-node": 149,
                    "expression-node": 150,
                    "node-pos": 230
                },
                {
                    "template-line-number": 860,
                    "part": "15",
                    "name": "AllowanceInventryLineItems2",
                    "replacement-node": 153,
                    "expression-node": 154,
                    "node-pos": 235
                },
                {
                    "template-line-number": 776,
                    "part": "2",
                    "name": "AllowanceInventryLineItems2",
                    "replacement-node": 105,
                    "expression-node": 106,
                    "node-pos": 175
                },
                {
                    "template-line-number": 783,
                    "part": "3",
                    "name": "AllowanceInventryLineItems2",
                    "replacement-node": 109,
                    "expression-node": 110,
                    "node-pos": 180
                },
                {
                    "template-line-number": 790,
                    "part": "4",
                    "name": "AllowanceInventryLineItems2",
                    "replacement-node": 113,
                    "expression-node": 114,
                    "node-pos": 185
                },
                {
                    "template-line-number": 797,
                    "part": "6",
                    "name": "AllowanceInventryLineItems2",
                    "replacement-node": 117,
                    "expression-node": 118,
                    "node-pos": 190
                },
                {
                    "template-line-number": 804,
                    "part": "7",
                    "name": "AllowanceInventryLineItems2",
                    "replacement-node": 121,
                    "expression-node": 122,
                    "node-pos": 195
                },
                {
                    "template-line-number": 811,
                    "part": "8",
                    "name": "AllowanceInventryLineItems2",
                    "replacement-node": 125,
                    "expression-node": 126,
                    "node-pos": 200
                },
                {
                    "template-line-number": 818,
                    "part": "9",
                    "name": "AllowanceInventryLineItems2",
                    "replacement-node": 129,
                    "expression-node": 130,
                    "node-pos": 205
                }
            ],
            "name": "AllowanceInventryLineItems2"
        },
        "rule-6": [
            {
                "replacement-node": 15,
                "template-line-number": 62,
                "part": null,
                "node-pos": 31
            }
        ],
        "rule-12": [
            {
                "replacement-node": 33,
                "html": true,
                "template-line-number": 103,
                "part": null,
                "node-pos": 58
            }
        ],
        "rule-1": [
            {
                "replacement-node": 0,
                "template-line-number": 22,
                "part": null,
                "node-pos": 9
            }
        ],
        "rule-4": [
            {
                "replacement-node": 9,
                "html": true,
                "template-line-number": 39,
                "part": null,
                "node-pos": 21
            }
        ],
        "rule-7": [
            {
                "replacement-node": 18,
                "template-line-number": 67,
                "expression-node": 19,
                "part": null,
                "node-pos": 35
            }
        ],
        "rule-18": {
            "subs": [
                {
                    "template-line-number": 556,
                    "extras": {},
                    "part": "1",
                    "name": "AllowanceInventryLineItems",
                    "replacement-node": 46,
                    "node-pos": 100
                },
                {
                    "template-line-number": 613,
                    "part": "10",
                    "name": "AllowanceInventryLineItems",
                    "replacement-node": 77,
                    "expression-node": 78,
                    "node-pos": 139
                },
                {
                    "template-line-number": 620,
                    "part": "11",
                    "name": "AllowanceInventryLineItems",
                    "replacement-node": 81,
                    "expression-node": 82,
                    "node-pos": 144
                },
                {
                    "template-line-number": 627,
                    "part": "12",
                    "name": "AllowanceInventryLineItems",
                    "replacement-node": 85,
                    "expression-node": 86,
                    "node-pos": 149
                },
                {
                    "template-line-number": 634,
                    "part": "13",
                    "name": "AllowanceInventryLineItems",
                    "replacement-node": 89,
                    "expression-node": 90,
                    "node-pos": 154
                },
                {
                    "template-line-number": 641,
                    "part": "14",
                    "name": "AllowanceInventryLineItems",
                    "replacement-node": 93,
                    "expression-node": 94,
                    "node-pos": 159
                },
                {
                    "template-line-number": 648,
                    "part": "15",
                    "name": "AllowanceInventryLineItems",
                    "replacement-node": 97,
                    "expression-node": 98,
                    "node-pos": 164
                },
                {
                    "template-line-number": 563,
                    "part": "2",
                    "name": "AllowanceInventryLineItems",
                    "replacement-node": 49,
                    "expression-node": 50,
                    "node-pos": 104
                },
                {
                    "template-line-number": 571,
                    "part": "3",
                    "name": "AllowanceInventryLineItems",
                    "replacement-node": 53,
                    "expression-node": 54,
                    "node-pos": 109
                },
                {
                    "template-line-number": 578,
                    "part": "4",
                    "name": "AllowanceInventryLineItems",
                    "replacement-node": 57,
                    "expression-node": 58,
                    "node-pos": 114
                },
                {
                    "template-line-number": 585,
                    "part": "6",
                    "name": "AllowanceInventryLineItems",
                    "replacement-node": 61,
                    "expression-node": 62,
                    "node-pos": 119
                },
                {
                    "template-line-number": 592,
                    "part": "7",
                    "name": "AllowanceInventryLineItems",
                    "replacement-node": 65,
                    "expression-node": 66,
                    "node-pos": 124
                },
                {
                    "template-line-number": 599,
                    "part": "8",
                    "name": "AllowanceInventryLineItems",
                    "replacement-node": 69,
                    "expression-node": 70,
                    "node-pos": 129
                },
                {
                    "template-line-number": 606,
                    "part": "9",
                    "name": "AllowanceInventryLineItems",
                    "replacement-node": 73,
                    "expression-node": 74,
                    "node-pos": 134
                }
            ],
            "name": "AllowanceInventryLineItems"
        },
        "rule-3": [
            {
                "replacement-node": 6,
                "template-line-number": 33,
                "part": null,
                "node-pos": 17
            }
        ],
        "rule-9": [
            {
                "replacement-node": 24,
                "template-line-number": 77,
                "expression-node": 25,
                "part": null,
                "node-pos": 43
            }
        ],
        "rule-11": [
            {
                "replacement-node": 30,
                "template-line-number": 92,
                "part": null,
                "node-pos": 53
            }
        ]
    },
    "line-numbers": {},
    "showifs": {}
}