{
    "line-numbers": {},
    "substitutions": {
        "rule-19": {
            "name": "ColumnHeadings",
            "subs": [
                {
                    "replacement-node": 39,
                    "template-line-number": 158,
                    "node-pos": 90,
                    "part": "1",
                    "name": "ColumnHeadings",
                    "extras": {}
                },
                {
                    "replacement-node": 42,
                    "template-line-number": 167,
                    "node-pos": 94,
                    "part": "2",
                    "name": "ColumnHeadings",
                    "extras": {}
                },
                {
                    "replacement-node": 37,
                    "template-line-number": 154,
                    "node-pos": 88,
                    "part": "3",
                    "name": "ColumnHeadings",
                    "extras": {}
                }
            ]
        },
        "rule-4": [
            {
                "replacement-node": 9,
                "template-line-number": 39,
                "node-pos": 21,
                "html": true,
                "part": null
            }
        ],
        "rule-7": [
            {
                "replacement-node": 18,
                "expression-node": 19,
                "node-pos": 35,
                "template-line-number": 67,
                "part": null
            }
        ],
        "rule-15": [
            {
                "replacement-node": 161,
                "template-line-number": 884,
                "node-pos": 248,
                "part": null
            }
        ],
        "rule-9": [
            {
                "replacement-node": 24,
                "expression-node": 25,
                "node-pos": 43,
                "template-line-number": 77,
                "part": null
            }
        ],
        "rule-13": [
            {
                "replacement-node": 155,
                "expression-node": 156,
                "node-pos": 240,
                "template-line-number": 870,
                "part": null
            }
        ],
        "rule-2": [
            {
                "replacement-node": 3,
                "expression-node": 4,
                "node-pos": 13,
                "template-line-number": 27,
                "part": null
            }
        ],
        "rule-12": [
            {
                "replacement-node": 33,
                "template-line-number": 103,
                "node-pos": 58,
                "html": true,
                "part": null
            }
        ],
        "rule-16": [
            {
                "replacement-node": 164,
                "template-line-number": 891,
                "node-pos": 251,
                "part": null
            }
        ],
        "rule-14": [
            {
                "replacement-node": 158,
                "template-line-number": 875,
                "node-pos": 244,
                "part": null
            }
        ],
        "rule-6": [
            {
                "replacement-node": 15,
                "template-line-number": 62,
                "node-pos": 31,
                "part": null
            }
        ],
        "rule-17": {
            "name": "AllowanceInventryLineItems2",
            "subs": [
                {
                    "replacement-node": 101,
                    "template-line-number": 769,
                    "node-pos": 170,
                    "part": "1",
                    "name": "AllowanceInventryLineItems2",
                    "extras": {}
                },
                {
                    "replacement-node": 131,
                    "template-line-number": 822,
                    "node-pos": 208,
                    "part": "10",
                    "name": "AllowanceInventryLineItems2",
                    "expression-node": 132
                },
                {
                    "replacement-node": 135,
                    "template-line-number": 829,
                    "node-pos": 213,
                    "part": "11",
                    "name": "AllowanceInventryLineItems2",
                    "expression-node": 136
                },
                {
                    "replacement-node": 139,
                    "template-line-number": 836,
                    "node-pos": 218,
                    "part": "12",
                    "name": "AllowanceInventryLineItems2",
                    "expression-node": 140
                },
                {
                    "replacement-node": 143,
                    "template-line-number": 843,
                    "node-pos": 223,
                    "part": "13",
                    "name": "AllowanceInventryLineItems2",
                    "expression-node": 144
                },
                {
                    "replacement-node": 147,
                    "template-line-number": 850,
                    "node-pos": 228,
                    "part": "14",
                    "name": "AllowanceInventryLineItems2",
                    "expression-node": 148
                },
                {
                    "replacement-node": 151,
                    "template-line-number": 857,
                    "node-pos": 233,
                    "part": "15",
                    "name": "AllowanceInventryLineItems2",
                    "expression-node": 152
                },
                {
                    "replacement-node": 104,
                    "template-line-number": 774,
                    "node-pos": 174,
                    "part": "2",
                    "name": "AllowanceInventryLineItems2",
                    "extras": {}
                },
                {
                    "replacement-node": 107,
                    "template-line-number": 780,
                    "node-pos": 178,
                    "part": "3",
                    "name": "AllowanceInventryLineItems2",
                    "expression-node": 108
                },
                {
                    "replacement-node": 111,
                    "template-line-number": 787,
                    "node-pos": 183,
                    "part": "4",
                    "name": "AllowanceInventryLineItems2",
                    "expression-node": 112
                },
                {
                    "replacement-node": 115,
                    "template-line-number": 794,
                    "node-pos": 188,
                    "part": "6",
                    "name": "AllowanceInventryLineItems2",
                    "expression-node": 116
                },
                {
                    "replacement-node": 119,
                    "template-line-number": 801,
                    "node-pos": 193,
                    "part": "7",
                    "name": "AllowanceInventryLineItems2",
                    "expression-node": 120
                },
                {
                    "replacement-node": 123,
                    "template-line-number": 808,
                    "node-pos": 198,
                    "part": "8",
                    "name": "AllowanceInventryLineItems2",
                    "expression-node": 124
                },
                {
                    "replacement-node": 127,
                    "template-line-number": 815,
                    "node-pos": 203,
                    "part": "9",
                    "name": "AllowanceInventryLineItems2",
                    "expression-node": 128
                }
            ]
        },
        "rule-11": [
            {
                "replacement-node": 30,
                "template-line-number": 92,
                "node-pos": 53,
                "part": null
            }
        ],
        "rule-1": [
            {
                "replacement-node": 0,
                "template-line-number": 22,
                "node-pos": 9,
                "part": null
            }
        ],
        "rule-3": [
            {
                "replacement-node": 6,
                "template-line-number": 33,
                "node-pos": 17,
                "part": null
            }
        ],
        "rule-10": [
            {
                "replacement-node": 27,
                "expression-node": 28,
                "node-pos": 47,
                "template-line-number": 82,
                "part": null
            }
        ],
        "rule-8": [
            {
                "replacement-node": 21,
                "template-line-number": 72,
                "node-pos": 39,
                "part": null
            }
        ],
        "rule-18": {
            "name": "AllowanceInventryLineItems",
            "subs": [
                {
                    "replacement-node": 46,
                    "template-line-number": 556,
                    "node-pos": 100,
                    "part": "1",
                    "name": "AllowanceInventryLineItems",
                    "extras": {}
                },
                {
                    "replacement-node": 76,
                    "template-line-number": 611,
                    "node-pos": 138,
                    "part": "10",
                    "name": "AllowanceInventryLineItems",
                    "expression-node": 77
                },
                {
                    "replacement-node": 80,
                    "template-line-number": 618,
                    "node-pos": 143,
                    "part": "11",
                    "name": "AllowanceInventryLineItems",
                    "expression-node": 81
                },
                {
                    "replacement-node": 84,
                    "template-line-number": 625,
                    "node-pos": 148,
                    "part": "12",
                    "name": "AllowanceInventryLineItems",
                    "expression-node": 85
                },
                {
                    "replacement-node": 88,
                    "template-line-number": 632,
                    "node-pos": 153,
                    "part": "13",
                    "name": "AllowanceInventryLineItems",
                    "expression-node": 89
                },
                {
                    "replacement-node": 92,
                    "template-line-number": 639,
                    "node-pos": 158,
                    "part": "14",
                    "name": "AllowanceInventryLineItems",
                    "expression-node": 93
                },
                {
                    "replacement-node": 96,
                    "template-line-number": 646,
                    "node-pos": 163,
                    "part": "15",
                    "name": "AllowanceInventryLineItems",
                    "expression-node": 97
                },
                {
                    "replacement-node": 49,
                    "template-line-number": 563,
                    "node-pos": 104,
                    "part": "2",
                    "name": "AllowanceInventryLineItems",
                    "extras": {}
                },
                {
                    "replacement-node": 52,
                    "template-line-number": 569,
                    "node-pos": 108,
                    "part": "3",
                    "name": "AllowanceInventryLineItems",
                    "expression-node": 53
                },
                {
                    "replacement-node": 56,
                    "template-line-number": 576,
                    "node-pos": 113,
                    "part": "4",
                    "name": "AllowanceInventryLineItems",
                    "expression-node": 57
                },
                {
                    "replacement-node": 60,
                    "template-line-number": 583,
                    "node-pos": 118,
                    "part": "6",
                    "name": "AllowanceInventryLineItems",
                    "expression-node": 61
                },
                {
                    "replacement-node": 64,
                    "template-line-number": 590,
                    "node-pos": 123,
                    "part": "7",
                    "name": "AllowanceInventryLineItems",
                    "expression-node": 65
                },
                {
                    "replacement-node": 68,
                    "template-line-number": 597,
                    "node-pos": 128,
                    "part": "8",
                    "name": "AllowanceInventryLineItems",
                    "expression-node": 69
                },
                {
                    "replacement-node": 72,
                    "template-line-number": 604,
                    "node-pos": 133,
                    "part": "9",
                    "name": "AllowanceInventryLineItems",
                    "expression-node": 73
                }
            ]
        },
        "rule-5": [
            {
                "replacement-node": 12,
                "template-line-number": 51,
                "node-pos": 26,
                "html": true,
                "part": null
            }
        ]
    },
    "showifs": {}
}