{
    "substitutions": {
        "rule-7": [
            {
                "template-line-number": 67,
                "part": null,
                "node-pos": 36,
                "expression-node": 19,
                "replacement-node": 18
            }
        ],
        "rule-14": [
            {
                "template-line-number": 224,
                "part": null,
                "node-pos": 109,
                "replacement-node": 65
            }
        ],
        "rule-11": [
            {
                "template-line-number": 92,
                "part": null,
                "node-pos": 54,
                "replacement-node": 30
            }
        ],
        "rule-12": [
            {
                "template-line-number": 103,
                "html": true,
                "part": null,
                "node-pos": 59,
                "replacement-node": 33
            }
        ],
        "rule-5": [
            {
                "template-line-number": 51,
                "html": true,
                "part": null,
                "node-pos": 27,
                "replacement-node": 12
            }
        ],
        "rule-4": [
            {
                "template-line-number": 39,
                "html": true,
                "part": null,
                "node-pos": 22,
                "replacement-node": 9
            }
        ],
        "rule-6": [
            {
                "template-line-number": 62,
                "part": null,
                "node-pos": 32,
                "replacement-node": 15
            }
        ],
        "rule-1": [
            {
                "template-line-number": 22,
                "part": null,
                "node-pos": 10,
                "replacement-node": 0
            }
        ],
        "rule-16": {
            "name": "OperatingRevenuesLineItems",
            "subs": [
                {
                    "name": "OperatingRevenuesLineItems",
                    "node-pos": 78,
                    "extras": {},
                    "template-line-number": 177,
                    "part": "1",
                    "replacement-node": 44
                },
                {
                    "name": "OperatingRevenuesLineItems",
                    "node-pos": 86,
                    "extras": {},
                    "template-line-number": 188,
                    "part": "2",
                    "replacement-node": 49
                },
                {
                    "part": "4",
                    "name": "OperatingRevenuesLineItems",
                    "node-pos": 91,
                    "template-line-number": 197,
                    "expression-node": 54,
                    "replacement-node": 53
                },
                {
                    "part": "5",
                    "name": "OperatingRevenuesLineItems",
                    "node-pos": 95,
                    "template-line-number": 203,
                    "expression-node": 57,
                    "replacement-node": 56
                },
                {
                    "name": "OperatingRevenuesLineItems",
                    "node-pos": 84,
                    "extras": {},
                    "template-line-number": 184,
                    "part": "6",
                    "replacement-node": 47
                },
                {
                    "part": "6",
                    "name": "OperatingRevenuesLineItems",
                    "node-pos": 99,
                    "template-line-number": 209,
                    "expression-node": 60,
                    "replacement-node": 59
                }
            ]
        },
        "rule-17": {
            "name": "OperatingRevenuesHeadings",
            "subs": [
                {
                    "name": "OperatingRevenuesHeadings",
                    "node-pos": 68,
                    "extras": {},
                    "template-line-number": 126,
                    "part": "1",
                    "replacement-node": 37
                },
                {
                    "name": "OperatingRevenuesHeadings",
                    "node-pos": 72,
                    "extras": {},
                    "template-line-number": 133,
                    "part": "2",
                    "replacement-node": 40
                }
            ]
        },
        "rule-3": [
            {
                "template-line-number": 33,
                "part": null,
                "node-pos": 18,
                "replacement-node": 6
            }
        ],
        "rule-8": [
            {
                "template-line-number": 72,
                "part": null,
                "node-pos": 40,
                "replacement-node": 21
            }
        ],
        "rule-13": [
            {
                "template-line-number": 219,
                "part": null,
                "node-pos": 105,
                "expression-node": 63,
                "replacement-node": 62
            }
        ],
        "rule-15": [
            {
                "template-line-number": 233,
                "part": null,
                "node-pos": 113,
                "replacement-node": 68
            }
        ],
        "rule-10": [
            {
                "template-line-number": 82,
                "part": null,
                "node-pos": 48,
                "expression-node": 28,
                "replacement-node": 27
            }
        ],
        "rule-9": [
            {
                "template-line-number": 77,
                "part": null,
                "node-pos": 44,
                "expression-node": 25,
                "replacement-node": 24
            }
        ],
        "rule-2": [
            {
                "template-line-number": 27,
                "part": null,
                "node-pos": 14,
                "expression-node": 4,
                "replacement-node": 3
            }
        ]
    },
    "showifs": {},
    "line-numbers": {}
}