{
    "line-numbers": {},
    "showifs": {
        "rule-1": {
            "type": "showif",
            "template-line-number": 17
        }
    },
    "substitutions": {
        "rule-2": [
            {
                "node-pos": 10,
                "part": null,
                "replacement-node": 1,
                "template-line-number": 27
            }
        ],
        "rule-9": [
            {
                "node-pos": 40,
                "part": null,
                "replacement-node": 22,
                "template-line-number": 77
            }
        ],
        "rule-18": {
            "name": "ISHeadings",
            "subs": [
                {
                    "name": "ISHeadings",
                    "part": "1",
                    "node-pos": 85,
                    "template-line-number": 155,
                    "replacement-node": 38,
                    "extras": {}
                },
                {
                    "name": "ISHeadings",
                    "part": "2",
                    "node-pos": 89,
                    "template-line-number": 162,
                    "replacement-node": 41,
                    "extras": {}
                }
            ]
        },
        "rule-10": [
            {
                "node-pos": 44,
                "part": null,
                "replacement-node": 25,
                "template-line-number": 82,
                "expression-node": 26
            }
        ],
        "rule-17": {
            "name": "ISLineItems",
            "subs": [
                {
                    "name": "ISLineItems",
                    "part": "1",
                    "node-pos": 95,
                    "template-line-number": 241,
                    "replacement-node": 45,
                    "extras": {}
                },
                {
                    "name": "ISLineItems",
                    "part": "10",
                    "expression-node": 84,
                    "node-pos": 144,
                    "template-line-number": 338,
                    "replacement-node": 83
                },
                {
                    "name": "ISLineItems",
                    "part": "11",
                    "expression-node": 89,
                    "node-pos": 150,
                    "template-line-number": 354,
                    "replacement-node": 88
                },
                {
                    "name": "ISLineItems",
                    "part": "12",
                    "expression-node": 94,
                    "node-pos": 156,
                    "template-line-number": 370,
                    "replacement-node": 93
                },
                {
                    "name": "ISLineItems",
                    "part": "13",
                    "expression-node": 99,
                    "node-pos": 162,
                    "template-line-number": 386,
                    "replacement-node": 98
                },
                {
                    "name": "ISLineItems",
                    "part": "2",
                    "node-pos": 103,
                    "template-line-number": 252,
                    "replacement-node": 50,
                    "extras": {}
                },
                {
                    "name": "ISLineItems",
                    "part": "3",
                    "node-pos": 108,
                    "template-line-number": 259,
                    "replacement-node": 54,
                    "extras": {}
                },
                {
                    "name": "ISLineItems",
                    "part": "4",
                    "expression-node": 58,
                    "node-pos": 112,
                    "template-line-number": 269,
                    "replacement-node": 57
                },
                {
                    "name": "ISLineItems",
                    "part": "5",
                    "expression-node": 62,
                    "node-pos": 117,
                    "template-line-number": 278,
                    "replacement-node": 61
                },
                {
                    "name": "ISLineItems",
                    "part": "6",
                    "node-pos": 101,
                    "template-line-number": 248,
                    "replacement-node": 48,
                    "extras": {}
                },
                {
                    "name": "ISLineItems",
                    "part": "6",
                    "expression-node": 66,
                    "node-pos": 122,
                    "template-line-number": 287,
                    "replacement-node": 65
                },
                {
                    "name": "ISLineItems",
                    "part": "7",
                    "expression-node": 70,
                    "node-pos": 127,
                    "template-line-number": 296,
                    "replacement-node": 69
                },
                {
                    "name": "ISLineItems",
                    "part": "8",
                    "expression-node": 74,
                    "node-pos": 132,
                    "template-line-number": 305,
                    "replacement-node": 73
                },
                {
                    "name": "ISLineItems",
                    "part": "9",
                    "expression-node": 79,
                    "node-pos": 138,
                    "template-line-number": 321,
                    "replacement-node": 78
                }
            ]
        },
        "rule-13": [
            {
                "node-pos": 59,
                "html": true,
                "part": null,
                "replacement-node": 34,
                "template-line-number": 108
            }
        ],
        "rule-6": [
            {
                "node-pos": 27,
                "html": true,
                "part": null,
                "replacement-node": 13,
                "template-line-number": 56
            }
        ],
        "rule-16": [
            {
                "node-pos": 178,
                "part": null,
                "replacement-node": 109,
                "template-line-number": 421
            }
        ],
        "rule-11": [
            {
                "node-pos": 48,
                "part": null,
                "replacement-node": 28,
                "template-line-number": 87,
                "expression-node": 29
            }
        ],
        "rule-14": [
            {
                "node-pos": 170,
                "part": null,
                "replacement-node": 103,
                "template-line-number": 407,
                "expression-node": 104
            }
        ],
        "rule-3": [
            {
                "node-pos": 14,
                "part": null,
                "replacement-node": 4,
                "template-line-number": 32,
                "expression-node": 5
            }
        ],
        "rule-4": [
            {
                "node-pos": 18,
                "part": null,
                "replacement-node": 7,
                "template-line-number": 38
            }
        ],
        "rule-15": [
            {
                "node-pos": 174,
                "part": null,
                "replacement-node": 106,
                "template-line-number": 412
            }
        ],
        "rule-5": [
            {
                "node-pos": 22,
                "html": true,
                "part": null,
                "replacement-node": 10,
                "template-line-number": 44
            }
        ],
        "rule-12": [
            {
                "node-pos": 54,
                "part": null,
                "replacement-node": 31,
                "template-line-number": 97
            }
        ],
        "rule-7": [
            {
                "node-pos": 32,
                "part": null,
                "replacement-node": 16,
                "template-line-number": 67
            }
        ],
        "rule-8": [
            {
                "node-pos": 36,
                "part": null,
                "replacement-node": 19,
                "template-line-number": 72,
                "expression-node": 20
            }
        ]
    }
}