{
    "substitutions": {
        "rule-6": [
            {
                "part": null,
                "node-pos": 31,
                "template-line-number": 61,
                "replacement-node": 15
            }
        ],
        "rule-20": [
            {
                "part": null,
                "node-pos": 200,
                "expression-node": 117,
                "template-line-number": 499,
                "replacement-node": 116
            }
        ],
        "rule-19": [
            {
                "part": null,
                "node-pos": 196,
                "expression-node": 114,
                "template-line-number": 490,
                "replacement-node": 113
            }
        ],
        "rule-9": [
            {
                "part": null,
                "node-pos": 43,
                "expression-node": 25,
                "template-line-number": 76,
                "replacement-node": 24
            }
        ],
        "rule-3": [
            {
                "part": null,
                "node-pos": 17,
                "template-line-number": 32,
                "replacement-node": 6
            }
        ],
        "rule-18": [
            {
                "part": null,
                "node-pos": 192,
                "expression-node": 111,
                "template-line-number": 481,
                "replacement-node": 110
            }
        ],
        "rule-2": [
            {
                "part": null,
                "node-pos": 13,
                "expression-node": 4,
                "template-line-number": 26,
                "replacement-node": 3
            }
        ],
        "rule-12": [
            {
                "html": true,
                "part": null,
                "node-pos": 58,
                "template-line-number": 104,
                "replacement-node": 33
            }
        ],
        "rule-16": [
            {
                "part": null,
                "node-pos": 184,
                "expression-node": 105,
                "template-line-number": 463,
                "replacement-node": 104
            }
        ],
        "rule-10": [
            {
                "part": null,
                "node-pos": 47,
                "expression-node": 28,
                "template-line-number": 81,
                "replacement-node": 27
            }
        ],
        "rule-21": [
            {
                "part": null,
                "node-pos": 204,
                "expression-node": 120,
                "template-line-number": 508,
                "replacement-node": 119
            }
        ],
        "rule-1": [
            {
                "part": null,
                "node-pos": 9,
                "template-line-number": 21,
                "replacement-node": 0
            }
        ],
        "rule-14": [
            {
                "part": null,
                "node-pos": 176,
                "expression-node": 99,
                "template-line-number": 445,
                "replacement-node": 98
            }
        ],
        "rule-26": [
            {
                "part": null,
                "node-pos": 226,
                "template-line-number": 558,
                "replacement-node": 134
            }
        ],
        "rule-23": [
            {
                "part": null,
                "node-pos": 212,
                "expression-node": 126,
                "template-line-number": 527,
                "replacement-node": 125
            }
        ],
        "rule-5": [
            {
                "html": true,
                "part": null,
                "node-pos": 26,
                "template-line-number": 50,
                "replacement-node": 12
            }
        ],
        "rule-25": [
            {
                "part": null,
                "node-pos": 222,
                "expression-node": 132,
                "template-line-number": 551,
                "replacement-node": 131
            }
        ],
        "rule-7": [
            {
                "part": null,
                "node-pos": 35,
                "expression-node": 19,
                "template-line-number": 66,
                "replacement-node": 18
            }
        ],
        "rule-11": [
            {
                "part": null,
                "node-pos": 53,
                "template-line-number": 93,
                "replacement-node": 30
            }
        ],
        "rule-8": [
            {
                "part": null,
                "node-pos": 39,
                "template-line-number": 71,
                "replacement-node": 21
            }
        ],
        "rule-28": {
            "name": "ColumnHeadings",
            "subs": [
                {
                    "name": "ColumnHeadings",
                    "node-pos": 91,
                    "template-line-number": 157,
                    "html": true,
                    "extras": {},
                    "part": "1",
                    "replacement-node": 39
                },
                {
                    "name": "ColumnHeadings",
                    "node-pos": 95,
                    "template-line-number": 164,
                    "extras": {},
                    "part": "2",
                    "replacement-node": 42
                },
                {
                    "name": "ColumnHeadings",
                    "node-pos": 89,
                    "template-line-number": 153,
                    "extras": {},
                    "part": "3",
                    "replacement-node": 37
                }
            ]
        },
        "rule-17": [
            {
                "part": null,
                "node-pos": 188,
                "expression-node": 108,
                "template-line-number": 472,
                "replacement-node": 107
            }
        ],
        "rule-22": [
            {
                "part": null,
                "node-pos": 208,
                "expression-node": 123,
                "template-line-number": 518,
                "replacement-node": 122
            }
        ],
        "rule-24": [
            {
                "part": null,
                "node-pos": 216,
                "expression-node": 129,
                "template-line-number": 536,
                "replacement-node": 128
            }
        ],
        "rule-4": [
            {
                "html": true,
                "part": null,
                "node-pos": 21,
                "template-line-number": 38,
                "replacement-node": 9
            }
        ],
        "rule-29": {
            "name": "TaxesAccrued",
            "subs": [
                {
                    "name": "TaxesAccrued",
                    "node-pos": 150,
                    "expression-node": 84,
                    "part": "10",
                    "template-line-number": 404,
                    "replacement-node": 83
                },
                {
                    "name": "TaxesAccrued",
                    "node-pos": 154,
                    "expression-node": 87,
                    "part": "13",
                    "template-line-number": 410,
                    "replacement-node": 86
                },
                {
                    "name": "TaxesAccrued",
                    "node-pos": 158,
                    "expression-node": 90,
                    "part": "14",
                    "template-line-number": 415,
                    "replacement-node": 89
                },
                {
                    "name": "TaxesAccrued",
                    "node-pos": 162,
                    "expression-node": 93,
                    "part": "15",
                    "template-line-number": 420,
                    "replacement-node": 92
                },
                {
                    "name": "TaxesAccrued",
                    "node-pos": 104,
                    "expression-node": 49,
                    "part": "2",
                    "template-line-number": 344,
                    "replacement-node": 48
                },
                {
                    "name": "TaxesAccrued",
                    "node-pos": 110,
                    "expression-node": 54,
                    "part": "2",
                    "template-line-number": 352,
                    "replacement-node": 53
                },
                {
                    "name": "TaxesAccrued",
                    "node-pos": 114,
                    "expression-node": 57,
                    "part": "3",
                    "template-line-number": 357,
                    "replacement-node": 56
                },
                {
                    "name": "TaxesAccrued",
                    "node-pos": 118,
                    "expression-node": 60,
                    "part": "4",
                    "template-line-number": 362,
                    "replacement-node": 59
                },
                {
                    "name": "TaxesAccrued",
                    "node-pos": 126,
                    "expression-node": 66,
                    "part": "4",
                    "template-line-number": 372,
                    "replacement-node": 65
                },
                {
                    "name": "TaxesAccrued",
                    "node-pos": 122,
                    "expression-node": 63,
                    "part": "5",
                    "template-line-number": 367,
                    "replacement-node": 62
                },
                {
                    "name": "TaxesAccrued",
                    "node-pos": 130,
                    "expression-node": 69,
                    "part": "5",
                    "template-line-number": 377,
                    "replacement-node": 68
                },
                {
                    "name": "TaxesAccrued",
                    "node-pos": 134,
                    "expression-node": 72,
                    "part": "6",
                    "template-line-number": 382,
                    "replacement-node": 71
                },
                {
                    "name": "TaxesAccrued",
                    "node-pos": 138,
                    "expression-node": 75,
                    "part": "7",
                    "template-line-number": 388,
                    "replacement-node": 74
                },
                {
                    "name": "TaxesAccrued",
                    "node-pos": 142,
                    "expression-node": 78,
                    "part": "8",
                    "template-line-number": 393,
                    "replacement-node": 77
                },
                {
                    "name": "TaxesAccrued",
                    "node-pos": 146,
                    "expression-node": 81,
                    "part": "9",
                    "template-line-number": 399,
                    "replacement-node": 80
                }
            ]
        },
        "rule-13": [
            {
                "part": null,
                "node-pos": 168,
                "template-line-number": 430,
                "replacement-node": 95
            }
        ],
        "rule-27": [
            {
                "part": null,
                "node-pos": 230,
                "template-line-number": 568,
                "replacement-node": 137
            }
        ],
        "rule-15": [
            {
                "part": null,
                "node-pos": 180,
                "expression-node": 102,
                "template-line-number": 454,
                "replacement-node": 101
            }
        ]
    },
    "showifs": {},
    "line-numbers": {
        "TaxesAccrued": [
            {
                "line-number-node": 46,
                "start-number": 1,
                "template-line-number": 341
            }
        ]
    }
}