{
    "substitutions": {
        "rule-13": [
            {
                "template-line-number": 105,
                "html": true,
                "node-pos": 59,
                "replacement-node": 34,
                "part": null
            }
        ],
        "rule-7": [
            {
                "template-line-number": 66,
                "node-pos": 32,
                "replacement-node": 16,
                "part": null
            }
        ],
        "rule-2": [
            {
                "template-line-number": 27,
                "node-pos": 10,
                "replacement-node": 1,
                "part": null
            }
        ],
        "rule-16": [
            {
                "template-line-number": 313,
                "node-pos": 144,
                "replacement-node": 88,
                "part": null
            }
        ],
        "rule-11": [
            {
                "expression-node": 29,
                "template-line-number": 84,
                "node-pos": 48,
                "replacement-node": 28,
                "part": null
            }
        ],
        "rule-12": [
            {
                "template-line-number": 94,
                "node-pos": 54,
                "replacement-node": 31,
                "part": null
            }
        ],
        "rule-14": [
            {
                "expression-node": 83,
                "template-line-number": 299,
                "node-pos": 136,
                "replacement-node": 82,
                "part": null
            }
        ],
        "rule-3": [
            {
                "expression-node": 5,
                "template-line-number": 31,
                "node-pos": 14,
                "replacement-node": 4,
                "part": null
            }
        ],
        "rule-10": [
            {
                "expression-node": 26,
                "template-line-number": 79,
                "node-pos": 44,
                "replacement-node": 25,
                "part": null
            }
        ],
        "rule-5": [
            {
                "template-line-number": 43,
                "html": true,
                "node-pos": 22,
                "replacement-node": 10,
                "part": null
            }
        ],
        "rule-18": {
            "name": "RateSchedule LineItems",
            "subs": [
                {
                    "template-line-number": 236,
                    "expression-node": 50,
                    "name": "RateSchedule LineItems",
                    "node-pos": 90,
                    "replacement-node": 49,
                    "part": "2"
                },
                {
                    "template-line-number": 241,
                    "expression-node": 53,
                    "name": "RateSchedule LineItems",
                    "node-pos": 94,
                    "replacement-node": 52,
                    "part": "3"
                },
                {
                    "template-line-number": 246,
                    "expression-node": 56,
                    "name": "RateSchedule LineItems",
                    "node-pos": 98,
                    "replacement-node": 55,
                    "part": "4"
                },
                {
                    "template-line-number": 251,
                    "expression-node": 59,
                    "name": "RateSchedule LineItems",
                    "node-pos": 102,
                    "replacement-node": 58,
                    "part": "5"
                },
                {
                    "template-line-number": 256,
                    "expression-node": 62,
                    "name": "RateSchedule LineItems",
                    "node-pos": 106,
                    "replacement-node": 61,
                    "part": "5"
                },
                {
                    "template-line-number": 261,
                    "expression-node": 65,
                    "name": "RateSchedule LineItems",
                    "node-pos": 110,
                    "replacement-node": 64,
                    "part": "5"
                },
                {
                    "template-line-number": 266,
                    "expression-node": 68,
                    "name": "RateSchedule LineItems",
                    "node-pos": 114,
                    "replacement-node": 67,
                    "part": "5"
                },
                {
                    "template-line-number": 271,
                    "expression-node": 71,
                    "name": "RateSchedule LineItems",
                    "node-pos": 118,
                    "replacement-node": 70,
                    "part": "5"
                },
                {
                    "template-line-number": 276,
                    "expression-node": 74,
                    "name": "RateSchedule LineItems",
                    "node-pos": 122,
                    "replacement-node": 73,
                    "part": "5"
                },
                {
                    "template-line-number": 282,
                    "expression-node": 77,
                    "name": "RateSchedule LineItems",
                    "node-pos": 126,
                    "replacement-node": 76,
                    "part": "5"
                },
                {
                    "template-line-number": 288,
                    "expression-node": 80,
                    "name": "RateSchedule LineItems",
                    "node-pos": 130,
                    "replacement-node": 79,
                    "part": "5"
                }
            ]
        },
        "rule-15": [
            {
                "template-line-number": 304,
                "node-pos": 140,
                "replacement-node": 85,
                "part": null
            }
        ],
        "rule-9": [
            {
                "template-line-number": 75,
                "node-pos": 40,
                "replacement-node": 22,
                "part": null
            }
        ],
        "rule-4": [
            {
                "template-line-number": 37,
                "node-pos": 18,
                "replacement-node": 7,
                "part": null
            }
        ],
        "rule-17": {
            "name": "RevenueHeadings",
            "subs": [
                {
                    "extras": {},
                    "template-line-number": 142,
                    "name": "RevenueHeadings",
                    "node-pos": 77,
                    "replacement-node": 40,
                    "part": "1"
                },
                {
                    "extras": {},
                    "template-line-number": 151,
                    "name": "RevenueHeadings",
                    "node-pos": 81,
                    "replacement-node": 43,
                    "part": "2"
                },
                {
                    "extras": {},
                    "template-line-number": 138,
                    "name": "RevenueHeadings",
                    "node-pos": 75,
                    "replacement-node": 38,
                    "part": "3"
                }
            ]
        },
        "rule-6": [
            {
                "template-line-number": 55,
                "html": true,
                "node-pos": 27,
                "replacement-node": 13,
                "part": null
            }
        ],
        "rule-8": [
            {
                "expression-node": 20,
                "template-line-number": 70,
                "node-pos": 36,
                "replacement-node": 19,
                "part": null
            }
        ]
    },
    "line-numbers": {
        "RateSchedule LineItems": [
            {
                "template-line-number": 233,
                "line-number-node": 47,
                "start-number": 1
            }
        ]
    },
    "showifs": {
        "rule-1": {
            "template-line-number": 17,
            "type": "showif"
        }
    }
}