{
    "line-numbers": {
        "OtherAccountLineItems": [
            {
                "line-number-node": 68,
                "template-line-number": 281,
                "start-number": 75,
                "sub-number": true
            }
        ]
    },
    "showifs": {
        "rule-1": {
            "type": "showif",
            "template-line-number": 17
        }
    },
    "substitutions": {
        "rule-4": [
            {
                "replacement-node": 7,
                "node-pos": 19,
                "template-line-number": 38,
                "part": null
            }
        ],
        "rule-19": [
            {
                "replacement-node": 101,
                "node-pos": 164,
                "template-line-number": 367,
                "part": null
            }
        ],
        "rule-7": [
            {
                "replacement-node": 16,
                "node-pos": 33,
                "template-line-number": 67,
                "part": null
            }
        ],
        "rule-5": [
            {
                "replacement-node": 10,
                "node-pos": 23,
                "template-line-number": 44,
                "part": null,
                "html": true
            }
        ],
        "rule-25": [
            {
                "replacement-node": 119,
                "node-pos": 191,
                "template-line-number": 424,
                "part": null
            }
        ],
        "rule-8": [
            {
                "replacement-node": 19,
                "node-pos": 37,
                "expression-node": 20,
                "part": null,
                "template-line-number": 71
            }
        ],
        "rule-6": [
            {
                "replacement-node": 13,
                "node-pos": 28,
                "template-line-number": 56,
                "part": null,
                "html": true
            }
        ],
        "rule-17": [
            {
                "replacement-node": 95,
                "node-pos": 154,
                "expression-node": 96,
                "part": null,
                "template-line-number": 345
            }
        ],
        "rule-18": [
            {
                "replacement-node": 98,
                "node-pos": 158,
                "expression-node": 99,
                "part": null,
                "template-line-number": 354
            }
        ],
        "rule-3": [
            {
                "replacement-node": 4,
                "node-pos": 15,
                "expression-node": 5,
                "part": null,
                "template-line-number": 32
            }
        ],
        "rule-14": [
            {
                "replacement-node": 86,
                "node-pos": 141,
                "template-line-number": 315,
                "part": null
            }
        ],
        "rule-27": {
            "subs": [
                {
                    "part": "1",
                    "extras": {},
                    "node-pos": 73,
                    "template-line-number": 134,
                    "replacement-node": 38,
                    "name": "DistributionHeadings"
                },
                {
                    "part": "2",
                    "extras": {},
                    "node-pos": 77,
                    "template-line-number": 141,
                    "replacement-node": 41,
                    "name": "DistributionHeadings"
                }
            ],
            "name": "DistributionHeadings"
        },
        "rule-9": [
            {
                "replacement-node": 22,
                "node-pos": 41,
                "template-line-number": 76,
                "part": null
            }
        ],
        "rule-29": {
            "subs": [
                {
                    "expression-node": 72,
                    "part": "2",
                    "node-pos": 119,
                    "template-line-number": 284,
                    "replacement-node": 71,
                    "name": "OtherAccountLineItems"
                },
                {
                    "expression-node": 75,
                    "part": "3",
                    "node-pos": 123,
                    "template-line-number": 289,
                    "replacement-node": 74,
                    "name": "OtherAccountLineItems"
                },
                {
                    "expression-node": 78,
                    "part": "4",
                    "node-pos": 127,
                    "template-line-number": 294,
                    "replacement-node": 77,
                    "name": "OtherAccountLineItems"
                },
                {
                    "expression-node": 81,
                    "part": "5",
                    "node-pos": 131,
                    "template-line-number": 299,
                    "replacement-node": 80,
                    "name": "OtherAccountLineItems"
                },
                {
                    "expression-node": 84,
                    "part": "6",
                    "node-pos": 135,
                    "template-line-number": 304,
                    "replacement-node": 83,
                    "name": "OtherAccountLineItems"
                }
            ],
            "name": "OtherAccountLineItems"
        },
        "rule-24": [
            {
                "replacement-node": 116,
                "node-pos": 187,
                "expression-node": 117,
                "part": null,
                "template-line-number": 419
            }
        ],
        "rule-15": [
            {
                "replacement-node": 89,
                "node-pos": 146,
                "expression-node": 90,
                "part": null,
                "template-line-number": 327
            }
        ],
        "rule-11": [
            {
                "replacement-node": 28,
                "node-pos": 49,
                "expression-node": 29,
                "part": null,
                "template-line-number": 85
            }
        ],
        "rule-28": {
            "subs": [
                {
                    "part": "1",
                    "extras": {},
                    "node-pos": 83,
                    "template-line-number": 191,
                    "replacement-node": 45,
                    "name": "DistributionLineItems"
                },
                {
                    "part": "2",
                    "extras": {},
                    "node-pos": 91,
                    "template-line-number": 202,
                    "replacement-node": 50,
                    "name": "DistributionLineItems"
                },
                {
                    "expression-node": 56,
                    "part": "5",
                    "node-pos": 97,
                    "template-line-number": 212,
                    "replacement-node": 55,
                    "name": "DistributionLineItems"
                },
                {
                    "part": "6",
                    "extras": {},
                    "node-pos": 89,
                    "template-line-number": 198,
                    "replacement-node": 48,
                    "name": "DistributionLineItems"
                },
                {
                    "expression-node": 59,
                    "part": "6",
                    "node-pos": 101,
                    "template-line-number": 219,
                    "replacement-node": 58,
                    "name": "DistributionLineItems"
                },
                {
                    "expression-node": 62,
                    "part": "7",
                    "node-pos": 105,
                    "template-line-number": 225,
                    "replacement-node": 61,
                    "name": "DistributionLineItems"
                },
                {
                    "expression-node": 65,
                    "part": "8",
                    "node-pos": 109,
                    "template-line-number": 232,
                    "replacement-node": 64,
                    "name": "DistributionLineItems"
                }
            ],
            "name": "DistributionLineItems"
        },
        "rule-16": [
            {
                "replacement-node": 92,
                "node-pos": 150,
                "expression-node": 93,
                "part": null,
                "template-line-number": 336
            }
        ],
        "rule-26": [
            {
                "replacement-node": 122,
                "node-pos": 195,
                "template-line-number": 433,
                "part": null
            }
        ],
        "rule-2": [
            {
                "replacement-node": 1,
                "node-pos": 10,
                "template-line-number": 27,
                "part": null
            }
        ],
        "rule-13": [
            {
                "replacement-node": 34,
                "node-pos": 60,
                "template-line-number": 106,
                "part": null,
                "html": true
            }
        ],
        "rule-23": [
            {
                "replacement-node": 113,
                "node-pos": 181,
                "expression-node": 114,
                "part": null,
                "template-line-number": 406
            }
        ],
        "rule-21": [
            {
                "replacement-node": 107,
                "node-pos": 173,
                "expression-node": 108,
                "part": null,
                "template-line-number": 388
            }
        ],
        "rule-12": [
            {
                "replacement-node": 31,
                "node-pos": 55,
                "template-line-number": 95,
                "part": null
            }
        ],
        "rule-22": [
            {
                "replacement-node": 110,
                "node-pos": 177,
                "expression-node": 111,
                "part": null,
                "template-line-number": 397
            }
        ],
        "rule-10": [
            {
                "replacement-node": 25,
                "node-pos": 45,
                "expression-node": 26,
                "part": null,
                "template-line-number": 80
            }
        ],
        "rule-20": [
            {
                "replacement-node": 104,
                "node-pos": 169,
                "expression-node": 105,
                "part": null,
                "template-line-number": 379
            }
        ]
    }
}