{
    "line-numbers": {},
    "substitutions": {
        "rule-14": [
            {
                "template-line-number": 124,
                "node-pos": 72,
                "part": null,
                "html": true,
                "replacement-node": 39
            }
        ],
        "rule-34": [
            {
                "template-line-number": 384,
                "node-pos": 196,
                "part": null,
                "replacement-node": 105
            }
        ],
        "rule-20": [
            {
                "template-line-number": 240,
                "node-pos": 128,
                "part": null,
                "replacement-node": 63,
                "expression-node": 64
            }
        ],
        "rule-47": [
            {
                "template-line-number": 530,
                "node-pos": 266,
                "part": null,
                "replacement-node": 144,
                "expression-node": 145
            }
        ],
        "rule-22": [
            {
                "template-line-number": 262,
                "node-pos": 138,
                "part": null,
                "replacement-node": 69
            }
        ],
        "rule-19": [
            {
                "template-line-number": 225,
                "node-pos": 119,
                "part": null,
                "replacement-node": 60
            }
        ],
        "rule-27": [
            {
                "template-line-number": 310,
                "node-pos": 161,
                "part": null,
                "replacement-node": 84,
                "expression-node": 85
            }
        ],
        "rule-40": [
            {
                "template-line-number": 445,
                "node-pos": 225,
                "part": null,
                "replacement-node": 123
            }
        ],
        "rule-58": {
            "subs": [
                {
                    "template-line-number": 169,
                    "node-pos": 91,
                    "name": "GDHeadings",
                    "part": "1",
                    "extras": {},
                    "replacement-node": 46
                },
                {
                    "template-line-number": 176,
                    "node-pos": 94,
                    "name": "GDHeadings",
                    "part": "2",
                    "extras": {},
                    "replacement-node": 48
                }
            ],
            "name": "GDHeadings"
        },
        "rule-10": [
            {
                "template-line-number": 77,
                "node-pos": 47,
                "part": null,
                "replacement-node": 27,
                "expression-node": 28
            }
        ],
        "rule-12": [
            {
                "template-line-number": 98,
                "node-pos": 58,
                "part": null,
                "html": true,
                "replacement-node": 33
            }
        ],
        "rule-32": [
            {
                "template-line-number": 362,
                "node-pos": 186,
                "part": null,
                "replacement-node": 99,
                "expression-node": 100
            }
        ],
        "rule-25": [
            {
                "template-line-number": 292,
                "node-pos": 152,
                "part": null,
                "replacement-node": 78,
                "expression-node": 79
            }
        ],
        "rule-42": [
            {
                "template-line-number": 467,
                "node-pos": 235,
                "part": null,
                "replacement-node": 129,
                "expression-node": 130
            }
        ],
        "rule-57": [
            {
                "template-line-number": 648,
                "node-pos": 322,
                "part": null,
                "replacement-node": 174
            }
        ],
        "rule-4": [
            {
                "template-line-number": 36,
                "node-pos": 21,
                "part": null,
                "html": true,
                "replacement-node": 9
            }
        ],
        "rule-31": [
            {
                "template-line-number": 353,
                "node-pos": 181,
                "part": null,
                "replacement-node": 96,
                "expression-node": 97
            }
        ],
        "rule-2": [
            {
                "template-line-number": 24,
                "node-pos": 13,
                "part": null,
                "replacement-node": 3,
                "expression-node": 4
            }
        ],
        "rule-38": [
            {
                "template-line-number": 423,
                "node-pos": 215,
                "part": null,
                "replacement-node": 117,
                "expression-node": 118
            }
        ],
        "rule-54": [
            {
                "template-line-number": 621,
                "node-pos": 308,
                "part": null,
                "replacement-node": 165,
                "expression-node": 166
            }
        ],
        "rule-36": [
            {
                "template-line-number": 405,
                "node-pos": 206,
                "part": null,
                "replacement-node": 111,
                "expression-node": 112
            }
        ],
        "rule-41": [
            {
                "template-line-number": 457,
                "node-pos": 230,
                "part": null,
                "replacement-node": 126,
                "expression-node": 127
            }
        ],
        "rule-46": [
            {
                "template-line-number": 518,
                "node-pos": 261,
                "part": null,
                "replacement-node": 141
            }
        ],
        "rule-5": [
            {
                "template-line-number": 48,
                "node-pos": 26,
                "part": null,
                "html": true,
                "replacement-node": 12
            }
        ],
        "rule-55": [
            {
                "template-line-number": 634,
                "node-pos": 314,
                "part": null,
                "replacement-node": 168,
                "expression-node": 169
            }
        ],
        "rule-6": [
            {
                "template-line-number": 59,
                "node-pos": 31,
                "part": null,
                "replacement-node": 15
            }
        ],
        "rule-35": [
            {
                "template-line-number": 396,
                "node-pos": 202,
                "part": null,
                "replacement-node": 108,
                "expression-node": 109
            }
        ],
        "rule-11": [
            {
                "template-line-number": 87,
                "node-pos": 53,
                "part": null,
                "replacement-node": 30
            }
        ],
        "rule-18": [
            {
                "template-line-number": 209,
                "node-pos": 110,
                "part": null,
                "replacement-node": 57,
                "expression-node": 58
            }
        ],
        "rule-53": [
            {
                "template-line-number": 609,
                "node-pos": 303,
                "part": null,
                "replacement-node": 162
            }
        ],
        "rule-45": [
            {
                "template-line-number": 503,
                "node-pos": 253,
                "part": null,
                "replacement-node": 138,
                "expression-node": 139
            }
        ],
        "rule-1": [
            {
                "template-line-number": 20,
                "node-pos": 9,
                "part": null,
                "replacement-node": 0
            }
        ],
        "rule-13": [
            {
                "template-line-number": 113,
                "html": true,
                "node-pos": 67,
                "part": null,
                "replacement-node": 36,
                "expression-node": 37
            }
        ],
        "rule-3": [
            {
                "template-line-number": 30,
                "node-pos": 17,
                "part": null,
                "replacement-node": 6
            }
        ],
        "rule-51": [
            {
                "template-line-number": 584,
                "node-pos": 291,
                "part": null,
                "replacement-node": 156
            }
        ],
        "rule-9": [
            {
                "template-line-number": 72,
                "node-pos": 43,
                "part": null,
                "replacement-node": 24,
                "expression-node": 25
            }
        ],
        "rule-30": [
            {
                "template-line-number": 344,
                "node-pos": 177,
                "part": null,
                "replacement-node": 93,
                "expression-node": 94
            }
        ],
        "rule-8": [
            {
                "template-line-number": 68,
                "node-pos": 39,
                "part": null,
                "replacement-node": 21
            }
        ],
        "rule-44": [
            {
                "template-line-number": 494,
                "node-pos": 249,
                "part": null,
                "replacement-node": 135,
                "expression-node": 136
            }
        ],
        "rule-37": [
            {
                "template-line-number": 414,
                "node-pos": 210,
                "part": null,
                "replacement-node": 114,
                "expression-node": 115
            }
        ],
        "rule-21": [
            {
                "template-line-number": 249,
                "node-pos": 132,
                "part": null,
                "replacement-node": 66,
                "expression-node": 67
            }
        ],
        "rule-26": [
            {
                "template-line-number": 301,
                "node-pos": 157,
                "part": null,
                "replacement-node": 81,
                "expression-node": 82
            }
        ],
        "rule-39": [
            {
                "template-line-number": 432,
                "node-pos": 219,
                "part": null,
                "replacement-node": 120,
                "expression-node": 121
            }
        ],
        "rule-24": [
            {
                "template-line-number": 283,
                "node-pos": 148,
                "part": null,
                "replacement-node": 75,
                "expression-node": 76
            }
        ],
        "rule-17": [
            {
                "template-line-number": 200,
                "node-pos": 106,
                "part": null,
                "replacement-node": 54,
                "expression-node": 55
            }
        ],
        "rule-23": [
            {
                "template-line-number": 274,
                "node-pos": 144,
                "part": null,
                "replacement-node": 72,
                "expression-node": 73
            }
        ],
        "rule-7": [
            {
                "template-line-number": 63,
                "node-pos": 35,
                "part": null,
                "replacement-node": 18,
                "expression-node": 19
            }
        ],
        "rule-49": [
            {
                "template-line-number": 555,
                "node-pos": 277,
                "part": null,
                "replacement-node": 150,
                "expression-node": 151
            }
        ],
        "rule-15": [
            {
                "template-line-number": 140,
                "node-pos": 82,
                "part": null,
                "replacement-node": 42
            }
        ],
        "rule-56": [
            {
                "template-line-number": 639,
                "node-pos": 318,
                "part": null,
                "replacement-node": 171
            }
        ],
        "rule-33": [
            {
                "template-line-number": 371,
                "node-pos": 190,
                "part": null,
                "replacement-node": 102,
                "expression-node": 103
            }
        ],
        "rule-50": [
            {
                "template-line-number": 568,
                "node-pos": 283,
                "part": null,
                "replacement-node": 153
            }
        ],
        "rule-52": [
            {
                "template-line-number": 596,
                "node-pos": 296,
                "part": null,
                "replacement-node": 159,
                "expression-node": 160
            }
        ],
        "rule-29": [
            {
                "template-line-number": 335,
                "node-pos": 173,
                "part": null,
                "replacement-node": 90,
                "expression-node": 91
            }
        ],
        "rule-43": [
            {
                "template-line-number": 482,
                "node-pos": 243,
                "part": null,
                "replacement-node": 132
            }
        ],
        "rule-28": [
            {
                "template-line-number": 323,
                "node-pos": 167,
                "part": null,
                "replacement-node": 87
            }
        ],
        "rule-48": [
            {
                "template-line-number": 543,
                "node-pos": 272,
                "part": null,
                "replacement-node": 147
            }
        ],
        "rule-16": [
            {
                "template-line-number": 188,
                "node-pos": 100,
                "part": null,
                "replacement-node": 51
            }
        ]
    },
    "showifs": {}
}