{
    "line-numbers": {},
    "substitutions": {
        "rule-54": [
            {
                "replacement-node": 165,
                "node-pos": 308,
                "template-line-number": 621,
                "expression-node": 166,
                "part": null
            }
        ],
        "rule-9": [
            {
                "replacement-node": 24,
                "node-pos": 43,
                "template-line-number": 72,
                "expression-node": 25,
                "part": null
            }
        ],
        "rule-28": [
            {
                "replacement-node": 87,
                "node-pos": 167,
                "template-line-number": 323,
                "part": null
            }
        ],
        "rule-10": [
            {
                "replacement-node": 27,
                "node-pos": 47,
                "template-line-number": 77,
                "expression-node": 28,
                "part": null
            }
        ],
        "rule-58": {
            "subs": [
                {
                    "replacement-node": 46,
                    "node-pos": 91,
                    "name": "GDHeadings",
                    "extras": {},
                    "part": "1",
                    "template-line-number": 169
                },
                {
                    "replacement-node": 48,
                    "node-pos": 94,
                    "name": "GDHeadings",
                    "extras": {},
                    "part": "2",
                    "template-line-number": 176
                }
            ],
            "name": "GDHeadings"
        },
        "rule-4": [
            {
                "html": true,
                "replacement-node": 9,
                "node-pos": 21,
                "template-line-number": 36,
                "part": null
            }
        ],
        "rule-11": [
            {
                "replacement-node": 30,
                "node-pos": 53,
                "template-line-number": 87,
                "part": null
            }
        ],
        "rule-44": [
            {
                "replacement-node": 135,
                "node-pos": 249,
                "template-line-number": 494,
                "expression-node": 136,
                "part": null
            }
        ],
        "rule-53": [
            {
                "replacement-node": 162,
                "node-pos": 303,
                "template-line-number": 609,
                "part": null
            }
        ],
        "rule-50": [
            {
                "replacement-node": 153,
                "node-pos": 283,
                "template-line-number": 568,
                "part": null
            }
        ],
        "rule-32": [
            {
                "replacement-node": 99,
                "node-pos": 186,
                "template-line-number": 362,
                "expression-node": 100,
                "part": null
            }
        ],
        "rule-26": [
            {
                "replacement-node": 81,
                "node-pos": 157,
                "template-line-number": 301,
                "expression-node": 82,
                "part": null
            }
        ],
        "rule-24": [
            {
                "replacement-node": 75,
                "node-pos": 148,
                "template-line-number": 283,
                "expression-node": 76,
                "part": null
            }
        ],
        "rule-42": [
            {
                "replacement-node": 129,
                "node-pos": 235,
                "template-line-number": 467,
                "expression-node": 130,
                "part": null
            }
        ],
        "rule-30": [
            {
                "replacement-node": 93,
                "node-pos": 177,
                "template-line-number": 344,
                "expression-node": 94,
                "part": null
            }
        ],
        "rule-56": [
            {
                "replacement-node": 171,
                "node-pos": 318,
                "template-line-number": 639,
                "part": null
            }
        ],
        "rule-27": [
            {
                "replacement-node": 84,
                "node-pos": 161,
                "template-line-number": 310,
                "expression-node": 85,
                "part": null
            }
        ],
        "rule-41": [
            {
                "replacement-node": 126,
                "node-pos": 230,
                "template-line-number": 457,
                "expression-node": 127,
                "part": null
            }
        ],
        "rule-51": [
            {
                "replacement-node": 156,
                "node-pos": 291,
                "template-line-number": 584,
                "part": null
            }
        ],
        "rule-25": [
            {
                "replacement-node": 78,
                "node-pos": 152,
                "template-line-number": 292,
                "expression-node": 79,
                "part": null
            }
        ],
        "rule-29": [
            {
                "replacement-node": 90,
                "node-pos": 173,
                "template-line-number": 335,
                "expression-node": 91,
                "part": null
            }
        ],
        "rule-16": [
            {
                "replacement-node": 51,
                "node-pos": 100,
                "template-line-number": 188,
                "part": null
            }
        ],
        "rule-31": [
            {
                "replacement-node": 96,
                "node-pos": 181,
                "template-line-number": 353,
                "expression-node": 97,
                "part": null
            }
        ],
        "rule-45": [
            {
                "replacement-node": 138,
                "node-pos": 253,
                "template-line-number": 503,
                "expression-node": 139,
                "part": null
            }
        ],
        "rule-12": [
            {
                "html": true,
                "replacement-node": 33,
                "node-pos": 58,
                "template-line-number": 98,
                "part": null
            }
        ],
        "rule-40": [
            {
                "replacement-node": 123,
                "node-pos": 225,
                "template-line-number": 445,
                "part": null
            }
        ],
        "rule-34": [
            {
                "replacement-node": 105,
                "node-pos": 196,
                "template-line-number": 384,
                "part": null
            }
        ],
        "rule-52": [
            {
                "replacement-node": 159,
                "node-pos": 296,
                "template-line-number": 596,
                "expression-node": 160,
                "part": null
            }
        ],
        "rule-21": [
            {
                "replacement-node": 66,
                "node-pos": 132,
                "template-line-number": 249,
                "expression-node": 67,
                "part": null
            }
        ],
        "rule-13": [
            {
                "html": true,
                "replacement-node": 36,
                "node-pos": 67,
                "part": null,
                "template-line-number": 113,
                "expression-node": 37
            }
        ],
        "rule-38": [
            {
                "replacement-node": 117,
                "node-pos": 215,
                "template-line-number": 423,
                "expression-node": 118,
                "part": null
            }
        ],
        "rule-20": [
            {
                "replacement-node": 63,
                "node-pos": 128,
                "template-line-number": 240,
                "expression-node": 64,
                "part": null
            }
        ],
        "rule-22": [
            {
                "replacement-node": 69,
                "node-pos": 138,
                "template-line-number": 262,
                "part": null
            }
        ],
        "rule-46": [
            {
                "replacement-node": 141,
                "node-pos": 261,
                "template-line-number": 518,
                "part": null
            }
        ],
        "rule-8": [
            {
                "replacement-node": 21,
                "node-pos": 39,
                "template-line-number": 68,
                "part": null
            }
        ],
        "rule-23": [
            {
                "replacement-node": 72,
                "node-pos": 144,
                "template-line-number": 274,
                "expression-node": 73,
                "part": null
            }
        ],
        "rule-6": [
            {
                "replacement-node": 15,
                "node-pos": 31,
                "template-line-number": 59,
                "part": null
            }
        ],
        "rule-37": [
            {
                "replacement-node": 114,
                "node-pos": 210,
                "template-line-number": 414,
                "expression-node": 115,
                "part": null
            }
        ],
        "rule-36": [
            {
                "replacement-node": 111,
                "node-pos": 206,
                "template-line-number": 405,
                "expression-node": 112,
                "part": null
            }
        ],
        "rule-19": [
            {
                "replacement-node": 60,
                "node-pos": 119,
                "template-line-number": 225,
                "part": null
            }
        ],
        "rule-48": [
            {
                "replacement-node": 147,
                "node-pos": 272,
                "template-line-number": 543,
                "part": null
            }
        ],
        "rule-33": [
            {
                "replacement-node": 102,
                "node-pos": 190,
                "template-line-number": 371,
                "expression-node": 103,
                "part": null
            }
        ],
        "rule-39": [
            {
                "replacement-node": 120,
                "node-pos": 219,
                "template-line-number": 432,
                "expression-node": 121,
                "part": null
            }
        ],
        "rule-3": [
            {
                "replacement-node": 6,
                "node-pos": 17,
                "template-line-number": 30,
                "part": null
            }
        ],
        "rule-7": [
            {
                "replacement-node": 18,
                "node-pos": 35,
                "template-line-number": 63,
                "expression-node": 19,
                "part": null
            }
        ],
        "rule-57": [
            {
                "replacement-node": 174,
                "node-pos": 322,
                "template-line-number": 648,
                "part": null
            }
        ],
        "rule-47": [
            {
                "replacement-node": 144,
                "node-pos": 266,
                "template-line-number": 530,
                "expression-node": 145,
                "part": null
            }
        ],
        "rule-2": [
            {
                "replacement-node": 3,
                "node-pos": 13,
                "template-line-number": 24,
                "expression-node": 4,
                "part": null
            }
        ],
        "rule-43": [
            {
                "replacement-node": 132,
                "node-pos": 243,
                "template-line-number": 482,
                "part": null
            }
        ],
        "rule-14": [
            {
                "html": true,
                "replacement-node": 39,
                "node-pos": 72,
                "template-line-number": 124,
                "part": null
            }
        ],
        "rule-55": [
            {
                "replacement-node": 168,
                "node-pos": 314,
                "template-line-number": 634,
                "expression-node": 169,
                "part": null
            }
        ],
        "rule-17": [
            {
                "replacement-node": 54,
                "node-pos": 106,
                "template-line-number": 200,
                "expression-node": 55,
                "part": null
            }
        ],
        "rule-18": [
            {
                "replacement-node": 57,
                "node-pos": 110,
                "template-line-number": 209,
                "expression-node": 58,
                "part": null
            }
        ],
        "rule-49": [
            {
                "replacement-node": 150,
                "node-pos": 277,
                "template-line-number": 555,
                "expression-node": 151,
                "part": null
            }
        ],
        "rule-5": [
            {
                "html": true,
                "replacement-node": 12,
                "node-pos": 26,
                "template-line-number": 48,
                "part": null
            }
        ],
        "rule-35": [
            {
                "replacement-node": 108,
                "node-pos": 202,
                "template-line-number": 396,
                "expression-node": 109,
                "part": null
            }
        ],
        "rule-1": [
            {
                "replacement-node": 0,
                "node-pos": 9,
                "template-line-number": 20,
                "part": null
            }
        ],
        "rule-15": [
            {
                "replacement-node": 42,
                "node-pos": 82,
                "template-line-number": 140,
                "part": null
            }
        ]
    },
    "showifs": {}
}