{
    "css": [
        "form-template.css"
    ],
    "templates": [
        {
            "xule-text": "templates/t0/t0-xule-text.xule",
            "name": "Form 1 - 000 - 1F - Cover",
            "xule-rule-set": "templates/t0/t0-xule-rule-set.zip",
            "template": "templates/t0/t0-template.html",
            "rule-meta-data": "templates/t0/t0-rule-meta-data.json"
        },
        {
            "xule-text": "templates/t1/t1-xule-text.xule",
            "name": "Form 1 - 000 - 1F - Instructions",
            "xule-rule-set": "templates/t1/t1-xule-rule-set.zip",
            "template": "templates/t1/t1-template.html",
            "rule-meta-data": "templates/t1/t1-rule-meta-data.json"
        },
        {
            "xule-text": "templates/t2/t2-xule-text.xule",
            "name": "Form 1 - 000 - 1F - List of Schedules",
            "xule-rule-set": "templates/t2/t2-xule-rule-set.zip",
            "template": "templates/t2/t2-template.html",
            "rule-meta-data": "templates/t2/t2-rule-meta-data.json"
        },
        {
            "xule-text": "templates/t3/t3-xule-text.xule",
            "name": "Form 1 - 001 - 1F - Identification",
            "xule-rule-set": "templates/t3/t3-xule-rule-set.zip",
            "template": "templates/t3/t3-template.html",
            "rule-meta-data": "templates/t3/t3-rule-meta-data.json"
        },
        {
            "xule-text": "templates/t4/t4-xule-text.xule",
            "name": "Form 1 - 002 - 1F - Annual Corporate Officer Certification",
            "xule-rule-set": "templates/t4/t4-xule-rule-set.zip",
            "template": "templates/t4/t4-template.html",
            "rule-meta-data": "templates/t4/t4-rule-meta-data.json"
        },
        {
            "xule-text": "templates/t5/t5-xule-text.xule",
            "name": "Form 1 - 003 - 1F - Comparative Balance Sheet - Assets And Other Debits",
            "xule-rule-set": "templates/t5/t5-xule-rule-set.zip",
            "template": "templates/t5/t5-template.html",
            "rule-meta-data": "templates/t5/t5-rule-meta-data.json"
        },
        {
            "xule-text": "templates/t6/t6-xule-text.xule",
            "name": "Form 1 - 003 - 1F - Comparative Balance Sheet - Liabilities and Other Credits",
            "xule-rule-set": "templates/t6/t6-xule-rule-set.zip",
            "template": "templates/t6/t6-template.html",
            "rule-meta-data": "templates/t6/t6-rule-meta-data.json"
        },
        {
            "xule-text": "templates/t7/t7-xule-text.xule",
            "name": "Form 1 - 110 - Comparative Balance Sheet - Assets And Other Debits",
            "xule-rule-set": "templates/t7/t7-xule-rule-set.zip",
            "template": "templates/t7/t7-template.html",
            "rule-meta-data": "templates/t7/t7-rule-meta-data.json"
        },
        {
            "xule-text": "templates/t8/t8-xule-text.xule",
            "name": "Form 1 - 110 - Comparative Balance Sheet - Liabilities and Other Credits",
            "xule-rule-set": "templates/t8/t8-xule-rule-set.zip",
            "template": "templates/t8/t8-template.html",
            "rule-meta-data": "templates/t8/t8-rule-meta-data.json"
        },
        {
            "xule-text": "templates/t9/t9-xule-text.xule",
            "name": "Form 1 - 004 - 1F - Statement of Income",
            "xule-rule-set": "templates/t9/t9-xule-rule-set.zip",
            "template": "templates/t9/t9-template.html",
            "rule-meta-data": "templates/t9/t9-rule-meta-data.json"
        },
        {
            "xule-text": "templates/t10/t10-xule-text.xule",
            "name": "Form 1 - 114 - Statement of Income",
            "xule-rule-set": "templates/t10/t10-xule-rule-set.zip",
            "template": "templates/t10/t10-template.html",
            "rule-meta-data": "templates/t10/t10-rule-meta-data.json"
        },
        {
            "xule-text": "templates/t11/t11-xule-text.xule",
            "name": "Form 1 - 005 - 1F - Statement of Retained Earnings",
            "xule-rule-set": "templates/t11/t11-xule-rule-set.zip",
            "template": "templates/t11/t11-template.html",
            "rule-meta-data": "templates/t11/t11-rule-meta-data.json"
        },
        {
            "xule-text": "templates/t12/t12-xule-text.xule",
            "name": "Form 1 - 118 - Statement of Retained Earnings",
            "xule-rule-set": "templates/t12/t12-xule-rule-set.zip",
            "template": "templates/t12/t12-template.html",
            "rule-meta-data": "templates/t12/t12-rule-meta-data.json"
        },
        {
            "xule-text": "templates/t13/t13-xule-text.xule",
            "name": "Form 1 - 006 - 1F - Statement of Cash Flows",
            "xule-rule-set": "templates/t13/t13-xule-rule-set.zip",
            "template": "templates/t13/t13-template.html",
            "rule-meta-data": "templates/t13/t13-rule-meta-data.json"
        },
        {
            "xule-text": "templates/t14/t14-xule-text.xule",
            "name": "Form 1 - 007 - 1F - Statement of Accumulated Other Comprehensive Income and Hedging Activities",
            "xule-rule-set": "templates/t14/t14-xule-rule-set.zip",
            "template": "templates/t14/t14-template.html",
            "rule-meta-data": "templates/t14/t14-rule-meta-data.json"
        },
        {
            "xule-text": "templates/t15/t15-xule-text.xule",
            "name": "Form 1 - 008 - 1F - Notes to Financials",
            "xule-rule-set": "templates/t15/t15-xule-rule-set.zip",
            "template": "templates/t15/t15-template.html",
            "rule-meta-data": "templates/t15/t15-rule-meta-data.json"
        },
        {
            "xule-text": "templates/t16/t16-xule-text.xule",
            "name": "Form 1 - 009 - 1F - Allowances (Accounts 158.1 and 158.2)",
            "xule-rule-set": "templates/t16/t16-xule-rule-set.zip",
            "template": "templates/t16/t16-template.html",
            "rule-meta-data": "templates/t16/t16-rule-meta-data.json"
        },
        {
            "xule-text": "templates/t17/t17-xule-text.xule",
            "name": "Form 1 - 010 - 1F - Other Regulatory Assets",
            "xule-rule-set": "templates/t17/t17-xule-rule-set.zip",
            "template": "templates/t17/t17-template.html",
            "rule-meta-data": "templates/t17/t17-rule-meta-data.json"
        },
        {
            "xule-text": "templates/t18/t18-xule-text.xule",
            "name": "Form 1 - 011 - 1F - Data on Officers and Directors",
            "xule-rule-set": "templates/t18/t18-xule-rule-set.zip",
            "template": "templates/t18/t18-template.html",
            "rule-meta-data": "templates/t18/t18-rule-meta-data.json"
        },
        {
            "xule-text": "templates/t19/t19-xule-text.xule",
            "name": "Form 1 - 012 - 1F - Accumulated Provision for Depreciation and Amortization of Utility Plant",
            "xule-rule-set": "templates/t19/t19-xule-rule-set.zip",
            "template": "templates/t19/t19-template.html",
            "rule-meta-data": "templates/t19/t19-rule-meta-data.json"
        },
        {
            "xule-text": "templates/t20/t20-xule-text.xule",
            "name": "Form 1 - 219 - Accumulated Provision for Depreciation of Electric Utility Plant",
            "xule-rule-set": "templates/t20/t20-xule-rule-set.zip",
            "template": "templates/t20/t20-template.html",
            "rule-meta-data": "templates/t20/t20-rule-meta-data.json"
        },
        {
            "xule-text": "templates/t21/t21-xule-text.xule",
            "name": "Form 1 - 013 - 1F - Capital Stock",
            "xule-rule-set": "templates/t21/t21-xule-rule-set.zip",
            "template": "templates/t21/t21-template.html",
            "rule-meta-data": "templates/t21/t21-rule-meta-data.json"
        },
        {
            "xule-text": "templates/t22/t22-xule-text.xule",
            "name": "Form 1 - 014 - 1F - Long-Term Debt",
            "xule-rule-set": "templates/t22/t22-xule-rule-set.zip",
            "template": "templates/t22/t22-template.html",
            "rule-meta-data": "templates/t22/t22-rule-meta-data.json"
        },
        {
            "xule-text": "templates/t23/t23-xule-text.xule",
            "name": "Form 1 - 015 - 1F - Other Regulatory Liabilities (Account 254)",
            "xule-rule-set": "templates/t23/t23-xule-rule-set.zip",
            "template": "templates/t23/t23-template.html",
            "rule-meta-data": "templates/t23/t23-rule-meta-data.json"
        },
        {
            "xule-text": "templates/t24/t24-xule-text.xule",
            "name": "Form 1 - 016 - 1F - Electric Operating Revenues",
            "xule-rule-set": "templates/t24/t24-xule-rule-set.zip",
            "template": "templates/t24/t24-template.html",
            "rule-meta-data": "templates/t24/t24-rule-meta-data.json"
        },
        {
            "xule-text": "templates/t25/t25-xule-text.xule",
            "name": "Form 1 - 300 - Electric Operating Revenues",
            "xule-rule-set": "templates/t25/t25-xule-rule-set.zip",
            "template": "templates/t25/t25-template.html",
            "rule-meta-data": "templates/t25/t25-rule-meta-data.json"
        },
        {
            "xule-text": "templates/t26/t26-xule-text.xule",
            "name": "Form 1 - 017 - 1F - Electric Operations And Maintenance Expenses",
            "xule-rule-set": "templates/t26/t26-xule-rule-set.zip",
            "template": "templates/t26/t26-template.html",
            "rule-meta-data": "templates/t26/t26-rule-meta-data.json"
        },
        {
            "xule-text": "templates/t27/t27-xule-text.xule",
            "name": "Form 1 - 320 - Electric Operations And Maintenance Expenses",
            "xule-rule-set": "templates/t27/t27-xule-rule-set.zip",
            "template": "templates/t27/t27-template.html",
            "rule-meta-data": "templates/t27/t27-rule-meta-data.json"
        },
        {
            "xule-text": "templates/t28/t28-xule-text.xule",
            "name": "Form 1 - 018 - 1F - Sales for Resale",
            "xule-rule-set": "templates/t28/t28-xule-rule-set.zip",
            "template": "templates/t28/t28-template.html",
            "rule-meta-data": "templates/t28/t28-rule-meta-data.json"
        },
        {
            "xule-text": "templates/t29/t29-xule-text.xule",
            "name": "Form 1 - 310 - Sales for Resale",
            "xule-rule-set": "templates/t29/t29-xule-rule-set.zip",
            "template": "templates/t29/t29-template.html",
            "rule-meta-data": "templates/t29/t29-rule-meta-data.json"
        },
        {
            "xule-text": "templates/t30/t30-xule-text.xule",
            "name": "Form 1 - 019 - 1F - Purchased Power",
            "xule-rule-set": "templates/t30/t30-xule-rule-set.zip",
            "template": "templates/t30/t30-template.html",
            "rule-meta-data": "templates/t30/t30-rule-meta-data.json"
        },
        {
            "xule-text": "templates/t31/t31-xule-text.xule",
            "name": "Form 1 - 326 - Purchased Power",
            "xule-rule-set": "templates/t31/t31-xule-rule-set.zip",
            "template": "templates/t31/t31-template.html",
            "rule-meta-data": "templates/t31/t31-rule-meta-data.json"
        },
        {
            "xule-text": "templates/t32/t32-xule-text.xule",
            "name": "Form 1 - 020 - 1F - Utility Plant Data",
            "xule-rule-set": "templates/t32/t32-xule-rule-set.zip",
            "template": "templates/t32/t32-template.html",
            "rule-meta-data": "templates/t32/t32-rule-meta-data.json"
        },
        {
            "xule-text": "templates/t33/t33-xule-text.xule",
            "name": "Form 1 - 200 - Summary of Utility Plant and Accumulated Provisions for Depreciation, Amortization and Depletion",
            "xule-rule-set": "templates/t33/t33-xule-rule-set.zip",
            "template": "templates/t33/t33-template.html",
            "rule-meta-data": "templates/t33/t33-rule-meta-data.json"
        },
        {
            "xule-text": "templates/t34/t34-xule-text.xule",
            "name": "Form 1 - 021 - 1F - Footnote Data",
            "xule-rule-set": "templates/t34/t34-xule-rule-set.zip",
            "template": "templates/t34/t34-template.html",
            "rule-meta-data": "templates/t34/t34-rule-meta-data.json"
        },
        {
            "xule-text": "templates/t35/t35-xule-text.xule",
            "name": "Form 1 - 022 - 1F - Purchases and Sales of Ancillary Services",
            "xule-rule-set": "templates/t35/t35-xule-rule-set.zip",
            "template": "templates/t35/t35-template.html",
            "rule-meta-data": "templates/t35/t35-rule-meta-data.json"
        },
        {
            "xule-text": "templates/t36/t36-xule-text.xule",
            "name": "Form 1 - 023 - 1F - Monthly Trans Peak Load",
            "xule-rule-set": "templates/t36/t36-xule-rule-set.zip",
            "template": "templates/t36/t36-template.html",
            "rule-meta-data": "templates/t36/t36-rule-meta-data.json"
        },
        {
            "xule-text": "templates/t37/t37-xule-text.xule",
            "name": "Form 1 - 024 - 1F - Transmission Service and Generation Interconnection Study Cost",
            "xule-rule-set": "templates/t37/t37-xule-rule-set.zip",
            "template": "templates/t37/t37-template.html",
            "rule-meta-data": "templates/t37/t37-rule-meta-data.json"
        },
        {
            "xule-text": "templates/t38/t38-xule-text.xule",
            "name": "Form 1 - 025 - 1F - Amounts Included in ISO RTO Settlement Statments",
            "xule-rule-set": "templates/t38/t38-xule-rule-set.zip",
            "template": "templates/t38/t38-template.html",
            "rule-meta-data": "templates/t38/t38-rule-meta-data.json"
        },
        {
            "xule-text": "templates/t39/t39-xule-text.xule",
            "name": "Form 1 - 419 - ENERGY STORAGE OPERATIONS (Small Plants)",
            "xule-rule-set": "templates/t39/t39-xule-rule-set.zip",
            "template": "templates/t39/t39-template.html",
            "rule-meta-data": "templates/t39/t39-rule-meta-data.json"
        }
    ]
}