{
    "substitutions": {
        "rule-11": [
            {
                "template-line-number": 89,
                "part": null,
                "replacement-node": 30,
                "node-pos": 53
            }
        ],
        "rule-17": [
            {
                "template-line-number": 373,
                "part": null,
                "replacement-node": 88,
                "expression-node": 89,
                "node-pos": 158
            }
        ],
        "rule-31": [
            {
                "template-line-number": 908,
                "part": null,
                "replacement-node": 197,
                "expression-node": 198,
                "node-pos": 344
            }
        ],
        "rule-5": [
            {
                "template-line-number": 49,
                "part": null,
                "replacement-node": 12,
                "html": true,
                "node-pos": 26
            }
        ],
        "rule-37": {
            "name": "PreferredStockLineItems",
            "subs": [
                {
                    "node-pos": 227,
                    "part": "10",
                    "name": "PreferredStockLineItems",
                    "template-line-number": 581,
                    "replacement-node": 128,
                    "expression-node": 129
                },
                {
                    "node-pos": 231,
                    "part": "11",
                    "name": "PreferredStockLineItems",
                    "template-line-number": 588,
                    "replacement-node": 131,
                    "expression-node": 132
                },
                {
                    "node-pos": 195,
                    "part": "2",
                    "name": "PreferredStockLineItems",
                    "template-line-number": 525,
                    "replacement-node": 104,
                    "expression-node": 105
                },
                {
                    "node-pos": 199,
                    "part": "3",
                    "name": "PreferredStockLineItems",
                    "template-line-number": 531,
                    "replacement-node": 107,
                    "expression-node": 108
                },
                {
                    "node-pos": 203,
                    "part": "4",
                    "name": "PreferredStockLineItems",
                    "template-line-number": 539,
                    "replacement-node": 110,
                    "expression-node": 111
                },
                {
                    "node-pos": 207,
                    "part": "5",
                    "name": "PreferredStockLineItems",
                    "template-line-number": 546,
                    "replacement-node": 113,
                    "expression-node": 114
                },
                {
                    "node-pos": 211,
                    "part": "6",
                    "name": "PreferredStockLineItems",
                    "template-line-number": 553,
                    "replacement-node": 116,
                    "expression-node": 117
                },
                {
                    "node-pos": 215,
                    "part": "7",
                    "name": "PreferredStockLineItems",
                    "template-line-number": 560,
                    "replacement-node": 119,
                    "expression-node": 120
                },
                {
                    "node-pos": 219,
                    "part": "8",
                    "name": "PreferredStockLineItems",
                    "template-line-number": 567,
                    "replacement-node": 122,
                    "expression-node": 123
                },
                {
                    "node-pos": 223,
                    "part": "9",
                    "name": "PreferredStockLineItems",
                    "template-line-number": 574,
                    "replacement-node": 125,
                    "expression-node": 126
                }
            ]
        },
        "rule-27": [
            {
                "template-line-number": 859,
                "part": null,
                "replacement-node": 185,
                "node-pos": 325
            }
        ],
        "rule-18": [
            {
                "template-line-number": 382,
                "part": null,
                "replacement-node": 91,
                "expression-node": 92,
                "node-pos": 162
            }
        ],
        "rule-23": [
            {
                "template-line-number": 632,
                "part": null,
                "replacement-node": 140,
                "expression-node": 141,
                "node-pos": 245
            }
        ],
        "rule-25": [
            {
                "template-line-number": 652,
                "part": null,
                "replacement-node": 146,
                "expression-node": 147,
                "node-pos": 255
            }
        ],
        "rule-6": [
            {
                "template-line-number": 60,
                "part": null,
                "replacement-node": 15,
                "node-pos": 31
            }
        ],
        "rule-21": [
            {
                "template-line-number": 597,
                "part": null,
                "replacement-node": 134,
                "node-pos": 236
            }
        ],
        "rule-20": [
            {
                "template-line-number": 411,
                "part": null,
                "replacement-node": 97,
                "node-pos": 175
            }
        ],
        "rule-33": [
            {
                "template-line-number": 933,
                "part": null,
                "replacement-node": 203,
                "node-pos": 358
            }
        ],
        "rule-16": [
            {
                "template-line-number": 362,
                "part": null,
                "replacement-node": 85,
                "expression-node": 86,
                "node-pos": 152
            }
        ],
        "rule-30": [
            {
                "template-line-number": 899,
                "part": null,
                "replacement-node": 194,
                "expression-node": 195,
                "node-pos": 340
            }
        ],
        "rule-7": [
            {
                "template-line-number": 64,
                "part": null,
                "replacement-node": 18,
                "expression-node": 19,
                "node-pos": 35
            }
        ],
        "rule-32": [
            {
                "template-line-number": 926,
                "part": null,
                "replacement-node": 200,
                "expression-node": 201,
                "node-pos": 354
            }
        ],
        "rule-9": [
            {
                "template-line-number": 73,
                "part": null,
                "replacement-node": 24,
                "expression-node": 25,
                "node-pos": 43
            }
        ],
        "rule-12": [
            {
                "template-line-number": 100,
                "part": null,
                "replacement-node": 33,
                "html": true,
                "node-pos": 58
            }
        ],
        "rule-10": [
            {
                "template-line-number": 78,
                "part": null,
                "replacement-node": 27,
                "expression-node": 28,
                "node-pos": 47
            }
        ],
        "rule-1": [
            {
                "template-line-number": 21,
                "part": null,
                "replacement-node": 0,
                "node-pos": 9
            }
        ],
        "rule-36": {
            "name": "CapitalStockLineItems",
            "subs": [
                {
                    "node-pos": 316,
                    "part": "10",
                    "name": "CapitalStockLineItems",
                    "template-line-number": 841,
                    "replacement-node": 179,
                    "expression-node": 180
                },
                {
                    "node-pos": 320,
                    "part": "11",
                    "name": "CapitalStockLineItems",
                    "template-line-number": 850,
                    "replacement-node": 182,
                    "expression-node": 183
                },
                {
                    "node-pos": 284,
                    "part": "2",
                    "name": "CapitalStockLineItems",
                    "template-line-number": 770,
                    "replacement-node": 155,
                    "expression-node": 156
                },
                {
                    "node-pos": 288,
                    "part": "3",
                    "name": "CapitalStockLineItems",
                    "template-line-number": 780,
                    "replacement-node": 158,
                    "expression-node": 159
                },
                {
                    "node-pos": 292,
                    "part": "4",
                    "name": "CapitalStockLineItems",
                    "template-line-number": 787,
                    "replacement-node": 161,
                    "expression-node": 162
                },
                {
                    "node-pos": 296,
                    "part": "5",
                    "name": "CapitalStockLineItems",
                    "template-line-number": 796,
                    "replacement-node": 164,
                    "expression-node": 165
                },
                {
                    "node-pos": 300,
                    "part": "6",
                    "name": "CapitalStockLineItems",
                    "template-line-number": 805,
                    "replacement-node": 167,
                    "expression-node": 168
                },
                {
                    "node-pos": 304,
                    "part": "7",
                    "name": "CapitalStockLineItems",
                    "template-line-number": 814,
                    "replacement-node": 170,
                    "expression-node": 171
                },
                {
                    "node-pos": 308,
                    "part": "8",
                    "name": "CapitalStockLineItems",
                    "template-line-number": 823,
                    "replacement-node": 173,
                    "expression-node": 174
                },
                {
                    "node-pos": 312,
                    "part": "9",
                    "name": "CapitalStockLineItems",
                    "template-line-number": 832,
                    "replacement-node": 176,
                    "expression-node": 177
                }
            ]
        },
        "rule-38": {
            "name": "CommonStockLineItems",
            "subs": [
                {
                    "node-pos": 134,
                    "part": "10",
                    "name": "CommonStockLineItems",
                    "template-line-number": 316,
                    "replacement-node": 73,
                    "expression-node": 74
                },
                {
                    "node-pos": 138,
                    "part": "11",
                    "name": "CommonStockLineItems",
                    "template-line-number": 323,
                    "replacement-node": 76,
                    "expression-node": 77
                },
                {
                    "node-pos": 102,
                    "part": "2",
                    "name": "CommonStockLineItems",
                    "template-line-number": 258,
                    "replacement-node": 49,
                    "expression-node": 50
                },
                {
                    "node-pos": 106,
                    "part": "3",
                    "name": "CommonStockLineItems",
                    "template-line-number": 266,
                    "replacement-node": 52,
                    "expression-node": 53
                },
                {
                    "node-pos": 110,
                    "part": "4",
                    "name": "CommonStockLineItems",
                    "template-line-number": 274,
                    "replacement-node": 55,
                    "expression-node": 56
                },
                {
                    "node-pos": 114,
                    "part": "5",
                    "name": "CommonStockLineItems",
                    "template-line-number": 281,
                    "replacement-node": 58,
                    "expression-node": 59
                },
                {
                    "node-pos": 118,
                    "part": "6",
                    "name": "CommonStockLineItems",
                    "template-line-number": 288,
                    "replacement-node": 61,
                    "expression-node": 62
                },
                {
                    "node-pos": 122,
                    "part": "7",
                    "name": "CommonStockLineItems",
                    "template-line-number": 295,
                    "replacement-node": 64,
                    "expression-node": 65
                },
                {
                    "node-pos": 126,
                    "part": "8",
                    "name": "CommonStockLineItems",
                    "template-line-number": 302,
                    "replacement-node": 67,
                    "expression-node": 68
                },
                {
                    "node-pos": 130,
                    "part": "9",
                    "name": "CommonStockLineItems",
                    "template-line-number": 309,
                    "replacement-node": 70,
                    "expression-node": 71
                }
            ]
        },
        "rule-34": [
            {
                "template-line-number": 943,
                "part": null,
                "replacement-node": 206,
                "node-pos": 362
            }
        ],
        "rule-3": [
            {
                "template-line-number": 31,
                "part": null,
                "replacement-node": 6,
                "node-pos": 17
            }
        ],
        "rule-28": [
            {
                "template-line-number": 875,
                "part": null,
                "replacement-node": 188,
                "node-pos": 329
            }
        ],
        "rule-24": [
            {
                "template-line-number": 643,
                "part": null,
                "replacement-node": 143,
                "expression-node": 144,
                "node-pos": 251
            }
        ],
        "rule-26": [
            {
                "template-line-number": 669,
                "part": null,
                "replacement-node": 149,
                "node-pos": 265
            }
        ],
        "rule-19": [
            {
                "template-line-number": 397,
                "part": null,
                "replacement-node": 94,
                "node-pos": 171
            }
        ],
        "rule-4": [
            {
                "template-line-number": 37,
                "part": null,
                "replacement-node": 9,
                "html": true,
                "node-pos": 21
            }
        ],
        "rule-15": [
            {
                "template-line-number": 349,
                "part": null,
                "replacement-node": 82,
                "node-pos": 147
            }
        ],
        "rule-35": {
            "name": "ISHeadings",
            "subs": [
                {
                    "node-pos": 73,
                    "part": "1",
                    "name": "ISHeadings",
                    "template-line-number": 134,
                    "replacement-node": 37,
                    "extras": {}
                },
                {
                    "node-pos": 77,
                    "part": "2",
                    "name": "ISHeadings",
                    "template-line-number": 141,
                    "replacement-node": 40,
                    "extras": {}
                }
            ]
        },
        "rule-13": [
            {
                "template-line-number": 153,
                "part": null,
                "replacement-node": 43,
                "node-pos": 83
            }
        ],
        "rule-14": [
            {
                "template-line-number": 332,
                "part": null,
                "replacement-node": 79,
                "node-pos": 143
            }
        ],
        "rule-2": [
            {
                "template-line-number": 25,
                "part": null,
                "replacement-node": 3,
                "expression-node": 4,
                "node-pos": 13
            }
        ],
        "rule-29": [
            {
                "template-line-number": 888,
                "part": null,
                "replacement-node": 191,
                "expression-node": 192,
                "node-pos": 334
            }
        ],
        "rule-22": [
            {
                "template-line-number": 619,
                "part": null,
                "replacement-node": 137,
                "node-pos": 240
            }
        ],
        "rule-8": [
            {
                "template-line-number": 69,
                "part": null,
                "replacement-node": 21,
                "node-pos": 39
            }
        ]
    },
    "showifs": {},
    "line-numbers": {
        "CapitalStockLineItems": [
            {
                "template-line-number": 764,
                "line-number-node": 153,
                "start-number": 2
            }
        ],
        "CommonStockLineItems": [
            {
                "template-line-number": 251,
                "line-number-node": 47,
                "start-number": 2
            }
        ],
        "PreferredStockLineItems": [
            {
                "template-line-number": 509,
                "line-number-node": 101,
                "start-rule": "rule-39"
            }
        ]
    }
}