{
    "line-numbers": {
        "CommonStockLineItems": [
            {
                "template-line-number": 251,
                "start-number": 2,
                "line-number-node": 47
            }
        ],
        "PreferredStockLineItems": [
            {
                "template-line-number": 509,
                "line-number-node": 101,
                "start-rule": "rule-39"
            }
        ],
        "CapitalStockLineItems": [
            {
                "template-line-number": 764,
                "start-number": 2,
                "line-number-node": 153
            }
        ]
    },
    "showifs": {},
    "substitutions": {
        "rule-37": {
            "name": "PreferredStockLineItems",
            "subs": [
                {
                    "node-pos": 227,
                    "part": "10",
                    "template-line-number": 581,
                    "name": "PreferredStockLineItems",
                    "expression-node": 129,
                    "replacement-node": 128
                },
                {
                    "node-pos": 231,
                    "part": "11",
                    "template-line-number": 588,
                    "name": "PreferredStockLineItems",
                    "expression-node": 132,
                    "replacement-node": 131
                },
                {
                    "node-pos": 195,
                    "part": "2",
                    "template-line-number": 525,
                    "name": "PreferredStockLineItems",
                    "expression-node": 105,
                    "replacement-node": 104
                },
                {
                    "node-pos": 199,
                    "part": "3",
                    "template-line-number": 531,
                    "name": "PreferredStockLineItems",
                    "expression-node": 108,
                    "replacement-node": 107
                },
                {
                    "node-pos": 203,
                    "part": "4",
                    "template-line-number": 539,
                    "name": "PreferredStockLineItems",
                    "expression-node": 111,
                    "replacement-node": 110
                },
                {
                    "node-pos": 207,
                    "part": "5",
                    "template-line-number": 546,
                    "name": "PreferredStockLineItems",
                    "expression-node": 114,
                    "replacement-node": 113
                },
                {
                    "node-pos": 211,
                    "part": "6",
                    "template-line-number": 553,
                    "name": "PreferredStockLineItems",
                    "expression-node": 117,
                    "replacement-node": 116
                },
                {
                    "node-pos": 215,
                    "part": "7",
                    "template-line-number": 560,
                    "name": "PreferredStockLineItems",
                    "expression-node": 120,
                    "replacement-node": 119
                },
                {
                    "node-pos": 219,
                    "part": "8",
                    "template-line-number": 567,
                    "name": "PreferredStockLineItems",
                    "expression-node": 123,
                    "replacement-node": 122
                },
                {
                    "node-pos": 223,
                    "part": "9",
                    "template-line-number": 574,
                    "name": "PreferredStockLineItems",
                    "expression-node": 126,
                    "replacement-node": 125
                }
            ]
        },
        "rule-6": [
            {
                "node-pos": 31,
                "part": null,
                "template-line-number": 60,
                "replacement-node": 15
            }
        ],
        "rule-21": [
            {
                "node-pos": 236,
                "part": null,
                "template-line-number": 597,
                "replacement-node": 134
            }
        ],
        "rule-30": [
            {
                "node-pos": 340,
                "part": null,
                "template-line-number": 899,
                "expression-node": 195,
                "replacement-node": 194
            }
        ],
        "rule-35": {
            "name": "ISHeadings",
            "subs": [
                {
                    "node-pos": 73,
                    "part": "1",
                    "template-line-number": 134,
                    "replacement-node": 37,
                    "name": "ISHeadings",
                    "extras": {}
                },
                {
                    "node-pos": 77,
                    "part": "2",
                    "template-line-number": 141,
                    "replacement-node": 40,
                    "name": "ISHeadings",
                    "extras": {}
                }
            ]
        },
        "rule-32": [
            {
                "node-pos": 354,
                "part": null,
                "template-line-number": 926,
                "expression-node": 201,
                "replacement-node": 200
            }
        ],
        "rule-22": [
            {
                "node-pos": 240,
                "part": null,
                "template-line-number": 619,
                "replacement-node": 137
            }
        ],
        "rule-34": [
            {
                "node-pos": 362,
                "part": null,
                "template-line-number": 943,
                "replacement-node": 206
            }
        ],
        "rule-5": [
            {
                "node-pos": 26,
                "part": null,
                "template-line-number": 49,
                "html": true,
                "replacement-node": 12
            }
        ],
        "rule-16": [
            {
                "node-pos": 152,
                "part": null,
                "template-line-number": 362,
                "expression-node": 86,
                "replacement-node": 85
            }
        ],
        "rule-13": [
            {
                "node-pos": 83,
                "part": null,
                "template-line-number": 153,
                "replacement-node": 43
            }
        ],
        "rule-25": [
            {
                "node-pos": 255,
                "part": null,
                "template-line-number": 652,
                "expression-node": 147,
                "replacement-node": 146
            }
        ],
        "rule-10": [
            {
                "node-pos": 47,
                "part": null,
                "template-line-number": 78,
                "expression-node": 28,
                "replacement-node": 27
            }
        ],
        "rule-38": {
            "name": "CapitalStockLineItems",
            "subs": [
                {
                    "node-pos": 316,
                    "part": "10",
                    "template-line-number": 841,
                    "name": "CapitalStockLineItems",
                    "expression-node": 180,
                    "replacement-node": 179
                },
                {
                    "node-pos": 320,
                    "part": "11",
                    "template-line-number": 850,
                    "name": "CapitalStockLineItems",
                    "expression-node": 183,
                    "replacement-node": 182
                },
                {
                    "node-pos": 284,
                    "part": "2",
                    "template-line-number": 770,
                    "name": "CapitalStockLineItems",
                    "expression-node": 156,
                    "replacement-node": 155
                },
                {
                    "node-pos": 288,
                    "part": "3",
                    "template-line-number": 780,
                    "name": "CapitalStockLineItems",
                    "expression-node": 159,
                    "replacement-node": 158
                },
                {
                    "node-pos": 292,
                    "part": "4",
                    "template-line-number": 787,
                    "name": "CapitalStockLineItems",
                    "expression-node": 162,
                    "replacement-node": 161
                },
                {
                    "node-pos": 296,
                    "part": "5",
                    "template-line-number": 796,
                    "name": "CapitalStockLineItems",
                    "expression-node": 165,
                    "replacement-node": 164
                },
                {
                    "node-pos": 300,
                    "part": "6",
                    "template-line-number": 805,
                    "name": "CapitalStockLineItems",
                    "expression-node": 168,
                    "replacement-node": 167
                },
                {
                    "node-pos": 304,
                    "part": "7",
                    "template-line-number": 814,
                    "name": "CapitalStockLineItems",
                    "expression-node": 171,
                    "replacement-node": 170
                },
                {
                    "node-pos": 308,
                    "part": "8",
                    "template-line-number": 823,
                    "name": "CapitalStockLineItems",
                    "expression-node": 174,
                    "replacement-node": 173
                },
                {
                    "node-pos": 312,
                    "part": "9",
                    "template-line-number": 832,
                    "name": "CapitalStockLineItems",
                    "expression-node": 177,
                    "replacement-node": 176
                }
            ]
        },
        "rule-9": [
            {
                "node-pos": 43,
                "part": null,
                "template-line-number": 73,
                "expression-node": 25,
                "replacement-node": 24
            }
        ],
        "rule-18": [
            {
                "node-pos": 162,
                "part": null,
                "template-line-number": 382,
                "expression-node": 92,
                "replacement-node": 91
            }
        ],
        "rule-14": [
            {
                "node-pos": 143,
                "part": null,
                "template-line-number": 332,
                "replacement-node": 79
            }
        ],
        "rule-2": [
            {
                "node-pos": 13,
                "part": null,
                "template-line-number": 25,
                "expression-node": 4,
                "replacement-node": 3
            }
        ],
        "rule-28": [
            {
                "node-pos": 329,
                "part": null,
                "template-line-number": 875,
                "replacement-node": 188
            }
        ],
        "rule-17": [
            {
                "node-pos": 158,
                "part": null,
                "template-line-number": 373,
                "expression-node": 89,
                "replacement-node": 88
            }
        ],
        "rule-8": [
            {
                "node-pos": 39,
                "part": null,
                "template-line-number": 69,
                "replacement-node": 21
            }
        ],
        "rule-11": [
            {
                "node-pos": 53,
                "part": null,
                "template-line-number": 89,
                "replacement-node": 30
            }
        ],
        "rule-15": [
            {
                "node-pos": 147,
                "part": null,
                "template-line-number": 349,
                "replacement-node": 82
            }
        ],
        "rule-4": [
            {
                "node-pos": 21,
                "part": null,
                "template-line-number": 37,
                "html": true,
                "replacement-node": 9
            }
        ],
        "rule-36": {
            "name": "CommonStockLineItems",
            "subs": [
                {
                    "node-pos": 134,
                    "part": "10",
                    "template-line-number": 316,
                    "name": "CommonStockLineItems",
                    "expression-node": 74,
                    "replacement-node": 73
                },
                {
                    "node-pos": 138,
                    "part": "11",
                    "template-line-number": 323,
                    "name": "CommonStockLineItems",
                    "expression-node": 77,
                    "replacement-node": 76
                },
                {
                    "node-pos": 102,
                    "part": "2",
                    "template-line-number": 258,
                    "name": "CommonStockLineItems",
                    "expression-node": 50,
                    "replacement-node": 49
                },
                {
                    "node-pos": 106,
                    "part": "3",
                    "template-line-number": 266,
                    "name": "CommonStockLineItems",
                    "expression-node": 53,
                    "replacement-node": 52
                },
                {
                    "node-pos": 110,
                    "part": "4",
                    "template-line-number": 274,
                    "name": "CommonStockLineItems",
                    "expression-node": 56,
                    "replacement-node": 55
                },
                {
                    "node-pos": 114,
                    "part": "5",
                    "template-line-number": 281,
                    "name": "CommonStockLineItems",
                    "expression-node": 59,
                    "replacement-node": 58
                },
                {
                    "node-pos": 118,
                    "part": "6",
                    "template-line-number": 288,
                    "name": "CommonStockLineItems",
                    "expression-node": 62,
                    "replacement-node": 61
                },
                {
                    "node-pos": 122,
                    "part": "7",
                    "template-line-number": 295,
                    "name": "CommonStockLineItems",
                    "expression-node": 65,
                    "replacement-node": 64
                },
                {
                    "node-pos": 126,
                    "part": "8",
                    "template-line-number": 302,
                    "name": "CommonStockLineItems",
                    "expression-node": 68,
                    "replacement-node": 67
                },
                {
                    "node-pos": 130,
                    "part": "9",
                    "template-line-number": 309,
                    "name": "CommonStockLineItems",
                    "expression-node": 71,
                    "replacement-node": 70
                }
            ]
        },
        "rule-20": [
            {
                "node-pos": 175,
                "part": null,
                "template-line-number": 411,
                "replacement-node": 97
            }
        ],
        "rule-3": [
            {
                "node-pos": 17,
                "part": null,
                "template-line-number": 31,
                "replacement-node": 6
            }
        ],
        "rule-31": [
            {
                "node-pos": 344,
                "part": null,
                "template-line-number": 908,
                "expression-node": 198,
                "replacement-node": 197
            }
        ],
        "rule-19": [
            {
                "node-pos": 171,
                "part": null,
                "template-line-number": 397,
                "replacement-node": 94
            }
        ],
        "rule-24": [
            {
                "node-pos": 251,
                "part": null,
                "template-line-number": 643,
                "expression-node": 144,
                "replacement-node": 143
            }
        ],
        "rule-29": [
            {
                "node-pos": 334,
                "part": null,
                "template-line-number": 888,
                "expression-node": 192,
                "replacement-node": 191
            }
        ],
        "rule-26": [
            {
                "node-pos": 265,
                "part": null,
                "template-line-number": 669,
                "replacement-node": 149
            }
        ],
        "rule-33": [
            {
                "node-pos": 358,
                "part": null,
                "template-line-number": 933,
                "replacement-node": 203
            }
        ],
        "rule-12": [
            {
                "node-pos": 58,
                "part": null,
                "template-line-number": 100,
                "html": true,
                "replacement-node": 33
            }
        ],
        "rule-1": [
            {
                "node-pos": 9,
                "part": null,
                "template-line-number": 21,
                "replacement-node": 0
            }
        ],
        "rule-23": [
            {
                "node-pos": 245,
                "part": null,
                "template-line-number": 632,
                "expression-node": 141,
                "replacement-node": 140
            }
        ],
        "rule-7": [
            {
                "node-pos": 35,
                "part": null,
                "template-line-number": 64,
                "expression-node": 19,
                "replacement-node": 18
            }
        ],
        "rule-27": [
            {
                "node-pos": 325,
                "part": null,
                "template-line-number": 859,
                "replacement-node": 185
            }
        ]
    }
}