{
    "substitutions": {
        "rule-17": {
            "name": "ElectricOperationsAndMaintenanceExpensesLineItems",
            "subs": [
                {
                    "name": "ElectricOperationsAndMaintenanceExpensesLineItems",
                    "node-pos": 78,
                    "extras": {},
                    "replacement-node": 45,
                    "part": "1",
                    "template-line-number": 179
                },
                {
                    "name": "ElectricOperationsAndMaintenanceExpensesLineItems",
                    "node-pos": 84,
                    "extras": {},
                    "replacement-node": 48,
                    "part": "2",
                    "template-line-number": 186
                },
                {
                    "name": "ElectricOperationsAndMaintenanceExpensesLineItems",
                    "node-pos": 86,
                    "extras": {},
                    "replacement-node": 50,
                    "part": "3",
                    "template-line-number": 190
                },
                {
                    "name": "ElectricOperationsAndMaintenanceExpensesLineItems",
                    "node-pos": 91,
                    "replacement-node": 54,
                    "expression-node": 55,
                    "part": "4",
                    "template-line-number": 199
                },
                {
                    "name": "ElectricOperationsAndMaintenanceExpensesLineItems",
                    "node-pos": 95,
                    "replacement-node": 57,
                    "expression-node": 58,
                    "part": "5",
                    "template-line-number": 205
                }
            ]
        },
        "rule-7": [
            {
                "replacement-node": 16,
                "part": null,
                "node-pos": 32,
                "template-line-number": 70
            }
        ],
        "rule-11": [
            {
                "replacement-node": 28,
                "expression-node": 29,
                "part": null,
                "node-pos": 48,
                "template-line-number": 90
            }
        ],
        "rule-18": {
            "name": "ElectricOperationsAndMaintenanceExpensesHeadings",
            "subs": [
                {
                    "name": "ElectricOperationsAndMaintenanceExpensesHeadings",
                    "node-pos": 68,
                    "extras": {},
                    "replacement-node": 38,
                    "part": "1",
                    "template-line-number": 135
                },
                {
                    "name": "ElectricOperationsAndMaintenanceExpensesHeadings",
                    "node-pos": 72,
                    "extras": {},
                    "replacement-node": 41,
                    "part": "2",
                    "template-line-number": 142
                }
            ]
        },
        "rule-5": [
            {
                "replacement-node": 10,
                "part": null,
                "html": true,
                "node-pos": 22,
                "template-line-number": 47
            }
        ],
        "rule-8": [
            {
                "replacement-node": 19,
                "expression-node": 20,
                "part": null,
                "node-pos": 36,
                "template-line-number": 75
            }
        ],
        "rule-6": [
            {
                "replacement-node": 13,
                "part": null,
                "html": true,
                "node-pos": 27,
                "template-line-number": 59
            }
        ],
        "rule-2": [
            {
                "replacement-node": 1,
                "part": null,
                "node-pos": 10,
                "template-line-number": 30
            }
        ],
        "rule-13": [
            {
                "replacement-node": 34,
                "part": null,
                "html": true,
                "node-pos": 59,
                "template-line-number": 111
            }
        ],
        "rule-4": [
            {
                "replacement-node": 7,
                "part": null,
                "node-pos": 18,
                "template-line-number": 41
            }
        ],
        "rule-12": [
            {
                "replacement-node": 31,
                "part": null,
                "node-pos": 54,
                "template-line-number": 100
            }
        ],
        "rule-14": [
            {
                "replacement-node": 60,
                "expression-node": 61,
                "part": null,
                "node-pos": 101,
                "template-line-number": 216
            }
        ],
        "rule-9": [
            {
                "replacement-node": 22,
                "part": null,
                "node-pos": 40,
                "template-line-number": 80
            }
        ],
        "rule-10": [
            {
                "replacement-node": 25,
                "expression-node": 26,
                "part": null,
                "node-pos": 44,
                "template-line-number": 85
            }
        ],
        "rule-16": [
            {
                "replacement-node": 66,
                "part": null,
                "node-pos": 109,
                "template-line-number": 233
            }
        ],
        "rule-15": [
            {
                "replacement-node": 63,
                "part": null,
                "node-pos": 105,
                "template-line-number": 223
            }
        ],
        "rule-3": [
            {
                "replacement-node": 4,
                "expression-node": 5,
                "part": null,
                "node-pos": 14,
                "template-line-number": 35
            }
        ]
    },
    "showifs": {
        "rule-1": {
            "type": "showif",
            "template-line-number": 18
        }
    },
    "line-numbers": {}
}