{
    "line-numbers": {},
    "showifs": {
        "rule-1": {
            "type": "showif",
            "template-line-number": 18
        }
    },
    "substitutions": {
        "rule-3": [
            {
                "part": null,
                "expression-node": 5,
                "template-line-number": 35,
                "replacement-node": 4,
                "node-pos": 14
            }
        ],
        "rule-5": [
            {
                "part": null,
                "html": true,
                "template-line-number": 47,
                "replacement-node": 10,
                "node-pos": 22
            }
        ],
        "rule-11": [
            {
                "part": null,
                "expression-node": 29,
                "template-line-number": 90,
                "replacement-node": 28,
                "node-pos": 48
            }
        ],
        "rule-9": [
            {
                "part": null,
                "template-line-number": 80,
                "replacement-node": 22,
                "node-pos": 40
            }
        ],
        "rule-4": [
            {
                "part": null,
                "template-line-number": 41,
                "replacement-node": 7,
                "node-pos": 18
            }
        ],
        "rule-7": [
            {
                "part": null,
                "template-line-number": 70,
                "replacement-node": 16,
                "node-pos": 32
            }
        ],
        "rule-12": [
            {
                "part": null,
                "template-line-number": 100,
                "replacement-node": 31,
                "node-pos": 54
            }
        ],
        "rule-14": [
            {
                "part": null,
                "expression-node": 61,
                "template-line-number": 216,
                "replacement-node": 60,
                "node-pos": 101
            }
        ],
        "rule-8": [
            {
                "part": null,
                "expression-node": 20,
                "template-line-number": 75,
                "replacement-node": 19,
                "node-pos": 36
            }
        ],
        "rule-10": [
            {
                "part": null,
                "expression-node": 26,
                "template-line-number": 85,
                "replacement-node": 25,
                "node-pos": 44
            }
        ],
        "rule-6": [
            {
                "part": null,
                "html": true,
                "template-line-number": 59,
                "replacement-node": 13,
                "node-pos": 27
            }
        ],
        "rule-17": {
            "subs": [
                {
                    "part": "1",
                    "name": "ElectricOperationsAndMaintenanceExpensesHeadings",
                    "extras": {},
                    "template-line-number": 135,
                    "replacement-node": 38,
                    "node-pos": 68
                },
                {
                    "part": "2",
                    "name": "ElectricOperationsAndMaintenanceExpensesHeadings",
                    "extras": {},
                    "template-line-number": 142,
                    "replacement-node": 41,
                    "node-pos": 72
                }
            ],
            "name": "ElectricOperationsAndMaintenanceExpensesHeadings"
        },
        "rule-15": [
            {
                "part": null,
                "template-line-number": 223,
                "replacement-node": 63,
                "node-pos": 105
            }
        ],
        "rule-2": [
            {
                "part": null,
                "template-line-number": 30,
                "replacement-node": 1,
                "node-pos": 10
            }
        ],
        "rule-18": {
            "subs": [
                {
                    "part": "1",
                    "name": "ElectricOperationsAndMaintenanceExpensesLineItems",
                    "extras": {},
                    "template-line-number": 179,
                    "replacement-node": 45,
                    "node-pos": 78
                },
                {
                    "part": "2",
                    "name": "ElectricOperationsAndMaintenanceExpensesLineItems",
                    "extras": {},
                    "template-line-number": 186,
                    "replacement-node": 48,
                    "node-pos": 84
                },
                {
                    "part": "3",
                    "name": "ElectricOperationsAndMaintenanceExpensesLineItems",
                    "extras": {},
                    "template-line-number": 190,
                    "replacement-node": 50,
                    "node-pos": 86
                },
                {
                    "part": "4",
                    "expression-node": 55,
                    "name": "ElectricOperationsAndMaintenanceExpensesLineItems",
                    "template-line-number": 199,
                    "replacement-node": 54,
                    "node-pos": 91
                },
                {
                    "part": "5",
                    "expression-node": 58,
                    "name": "ElectricOperationsAndMaintenanceExpensesLineItems",
                    "template-line-number": 205,
                    "replacement-node": 57,
                    "node-pos": 95
                }
            ],
            "name": "ElectricOperationsAndMaintenanceExpensesLineItems"
        },
        "rule-13": [
            {
                "part": null,
                "html": true,
                "template-line-number": 111,
                "replacement-node": 34,
                "node-pos": 59
            }
        ],
        "rule-16": [
            {
                "part": null,
                "template-line-number": 233,
                "replacement-node": 66,
                "node-pos": 109
            }
        ]
    }
}