{
    "line-numbers": {
        "GasOperatingRevenuesLineItems": [
            {
                "line-number-node": 45,
                "start-number": 1,
                "template-line-number": 203
            }
        ]
    },
    "substitutions": {
        "rule-17": {
            "subs": [
                {
                    "replacement-node": 38,
                    "template-line-number": 138,
                    "name": "GasOperatingRevenuesHeadings",
                    "extras": {},
                    "node-pos": 74,
                    "part": "1"
                },
                {
                    "replacement-node": 41,
                    "template-line-number": 145,
                    "name": "GasOperatingRevenuesHeadings",
                    "extras": {},
                    "node-pos": 78,
                    "part": "2"
                }
            ],
            "name": "GasOperatingRevenuesHeadings"
        },
        "rule-6": [
            {
                "template-line-number": 56,
                "html": true,
                "replacement-node": 13,
                "node-pos": 27,
                "part": null
            }
        ],
        "rule-8": [
            {
                "expression-node": 20,
                "template-line-number": 72,
                "replacement-node": 19,
                "node-pos": 36,
                "part": null
            }
        ],
        "rule-12": [
            {
                "template-line-number": 97,
                "replacement-node": 31,
                "node-pos": 54,
                "part": null
            }
        ],
        "rule-18": {
            "subs": [
                {
                    "replacement-node": 50,
                    "template-line-number": 219,
                    "name": "GasOperatingRevenuesLineItems",
                    "extras": {},
                    "node-pos": 92,
                    "part": "1"
                },
                {
                    "replacement-node": 68,
                    "expression-node": 69,
                    "name": "GasOperatingRevenuesLineItems",
                    "template-line-number": 291,
                    "node-pos": 119,
                    "part": "10"
                },
                {
                    "replacement-node": 71,
                    "expression-node": 72,
                    "name": "GasOperatingRevenuesLineItems",
                    "template-line-number": 299,
                    "node-pos": 123,
                    "part": "11"
                },
                {
                    "replacement-node": 52,
                    "expression-node": 53,
                    "name": "GasOperatingRevenuesLineItems",
                    "template-line-number": 227,
                    "node-pos": 95,
                    "part": "2"
                },
                {
                    "replacement-node": 54,
                    "expression-node": 55,
                    "name": "GasOperatingRevenuesLineItems",
                    "template-line-number": 235,
                    "node-pos": 98,
                    "part": "3"
                },
                {
                    "replacement-node": 56,
                    "expression-node": 57,
                    "name": "GasOperatingRevenuesLineItems",
                    "template-line-number": 243,
                    "node-pos": 101,
                    "part": "4"
                },
                {
                    "replacement-node": 58,
                    "expression-node": 59,
                    "name": "GasOperatingRevenuesLineItems",
                    "template-line-number": 251,
                    "node-pos": 104,
                    "part": "5"
                },
                {
                    "replacement-node": 48,
                    "template-line-number": 214,
                    "name": "GasOperatingRevenuesLineItems",
                    "extras": {},
                    "node-pos": 90,
                    "part": "6"
                },
                {
                    "replacement-node": 60,
                    "expression-node": 61,
                    "name": "GasOperatingRevenuesLineItems",
                    "template-line-number": 259,
                    "node-pos": 107,
                    "part": "6"
                },
                {
                    "replacement-node": 62,
                    "expression-node": 63,
                    "name": "GasOperatingRevenuesLineItems",
                    "template-line-number": 267,
                    "node-pos": 110,
                    "part": "7"
                },
                {
                    "replacement-node": 64,
                    "expression-node": 65,
                    "name": "GasOperatingRevenuesLineItems",
                    "template-line-number": 275,
                    "node-pos": 113,
                    "part": "8"
                },
                {
                    "replacement-node": 66,
                    "expression-node": 67,
                    "name": "GasOperatingRevenuesLineItems",
                    "template-line-number": 283,
                    "node-pos": 116,
                    "part": "9"
                }
            ],
            "name": "GasOperatingRevenuesLineItems"
        },
        "rule-2": [
            {
                "template-line-number": 27,
                "replacement-node": 1,
                "node-pos": 10,
                "part": null
            }
        ],
        "rule-10": [
            {
                "expression-node": 26,
                "template-line-number": 82,
                "replacement-node": 25,
                "node-pos": 44,
                "part": null
            }
        ],
        "rule-4": [
            {
                "template-line-number": 38,
                "replacement-node": 7,
                "node-pos": 18,
                "part": null
            }
        ],
        "rule-11": [
            {
                "expression-node": 29,
                "template-line-number": 87,
                "replacement-node": 28,
                "node-pos": 48,
                "part": null
            }
        ],
        "rule-14": [
            {
                "expression-node": 75,
                "template-line-number": 311,
                "replacement-node": 74,
                "node-pos": 129,
                "part": null
            }
        ],
        "rule-3": [
            {
                "expression-node": 5,
                "template-line-number": 32,
                "replacement-node": 4,
                "node-pos": 14,
                "part": null
            }
        ],
        "rule-16": [
            {
                "template-line-number": 325,
                "replacement-node": 80,
                "node-pos": 137,
                "part": null
            }
        ],
        "rule-9": [
            {
                "template-line-number": 77,
                "replacement-node": 22,
                "node-pos": 40,
                "part": null
            }
        ],
        "rule-5": [
            {
                "template-line-number": 44,
                "html": true,
                "replacement-node": 10,
                "node-pos": 22,
                "part": null
            }
        ],
        "rule-13": [
            {
                "template-line-number": 108,
                "html": true,
                "replacement-node": 34,
                "node-pos": 59,
                "part": null
            }
        ],
        "rule-15": [
            {
                "template-line-number": 316,
                "replacement-node": 77,
                "node-pos": 133,
                "part": null
            }
        ],
        "rule-7": [
            {
                "template-line-number": 67,
                "replacement-node": 16,
                "node-pos": 32,
                "part": null
            }
        ]
    },
    "showifs": {
        "rule-1": {
            "template-line-number": 17,
            "type": "showif"
        }
    }
}