{
    "showifs": {},
    "line-numbers": {
        "MiscellaneousGeneralExpenses": [
            {
                "line-number-node": 46,
                "start-number": 1,
                "template-line-number": 224
            }
        ]
    },
    "substitutions": {
        "rule-2": [
            {
                "node-pos": 14,
                "expression-node": 4,
                "replacement-node": 3,
                "template-line-number": 29,
                "part": null
            }
        ],
        "rule-17": [
            {
                "node-pos": 116,
                "replacement-node": 66,
                "template-line-number": 292,
                "part": null
            }
        ],
        "rule-1": [
            {
                "node-pos": 10,
                "replacement-node": 0,
                "template-line-number": 22,
                "part": null
            }
        ],
        "rule-7": [
            {
                "node-pos": 36,
                "expression-node": 19,
                "replacement-node": 18,
                "template-line-number": 86,
                "part": null
            }
        ],
        "rule-16": [
            {
                "node-pos": 112,
                "replacement-node": 63,
                "template-line-number": 283,
                "part": null
            }
        ],
        "rule-6": [
            {
                "node-pos": 32,
                "replacement-node": 15,
                "template-line-number": 79,
                "part": null
            }
        ],
        "rule-19": {
            "name": "MiscellaneousGeneralExpenses",
            "subs": [
                {
                    "name": "MiscellaneousGeneralExpenses",
                    "part": "2",
                    "node-pos": 87,
                    "expression-node": 49,
                    "replacement-node": 48,
                    "template-line-number": 229
                },
                {
                    "name": "MiscellaneousGeneralExpenses",
                    "part": "3",
                    "node-pos": 91,
                    "expression-node": 52,
                    "replacement-node": 51,
                    "template-line-number": 237
                }
            ]
        },
        "rule-4": [
            {
                "html": true,
                "node-pos": 22,
                "replacement-node": 9,
                "template-line-number": 44,
                "part": null
            }
        ],
        "rule-12": [
            {
                "html": true,
                "node-pos": 59,
                "replacement-node": 33,
                "template-line-number": 128,
                "part": null
            }
        ],
        "rule-18": {
            "name": "ColumnHeading",
            "subs": [
                {
                    "extras": {},
                    "name": "ColumnHeading",
                    "part": "1",
                    "node-pos": 74,
                    "replacement-node": 39,
                    "template-line-number": 167
                },
                {
                    "extras": {},
                    "name": "ColumnHeading",
                    "part": "2",
                    "node-pos": 78,
                    "replacement-node": 42,
                    "template-line-number": 176
                },
                {
                    "extras": {},
                    "name": "ColumnHeading",
                    "part": "3",
                    "node-pos": 72,
                    "replacement-node": 37,
                    "template-line-number": 163
                }
            ]
        },
        "rule-8": [
            {
                "node-pos": 40,
                "replacement-node": 21,
                "template-line-number": 93,
                "part": null
            }
        ],
        "rule-5": [
            {
                "html": true,
                "node-pos": 27,
                "replacement-node": 12,
                "template-line-number": 61,
                "part": null
            }
        ],
        "rule-14": [
            {
                "node-pos": 102,
                "expression-node": 58,
                "replacement-node": 57,
                "template-line-number": 262,
                "part": null
            }
        ],
        "rule-3": [
            {
                "node-pos": 18,
                "replacement-node": 6,
                "template-line-number": 36,
                "part": null
            }
        ],
        "rule-9": [
            {
                "node-pos": 44,
                "expression-node": 25,
                "replacement-node": 24,
                "template-line-number": 100,
                "part": null
            }
        ],
        "rule-15": [
            {
                "node-pos": 108,
                "expression-node": 61,
                "replacement-node": 60,
                "template-line-number": 277,
                "part": null
            }
        ],
        "rule-11": [
            {
                "node-pos": 54,
                "replacement-node": 30,
                "template-line-number": 117,
                "part": null
            }
        ],
        "rule-10": [
            {
                "node-pos": 48,
                "expression-node": 28,
                "replacement-node": 27,
                "template-line-number": 106,
                "part": null
            }
        ],
        "rule-13": [
            {
                "node-pos": 97,
                "replacement-node": 54,
                "template-line-number": 250,
                "part": null
            }
        ]
    }
}