{
    "line-numbers": {
        "MiscellaneousGeneralExpenses": [
            {
                "start-number": 1,
                "line-number-node": 46,
                "template-line-number": 224
            }
        ]
    },
    "substitutions": {
        "rule-17": [
            {
                "part": null,
                "template-line-number": 292,
                "node-pos": 116,
                "replacement-node": 66
            }
        ],
        "rule-8": [
            {
                "part": null,
                "template-line-number": 93,
                "node-pos": 40,
                "replacement-node": 21
            }
        ],
        "rule-19": {
            "name": "ColumnHeading",
            "subs": [
                {
                    "extras": {},
                    "part": "1",
                    "template-line-number": 167,
                    "node-pos": 74,
                    "replacement-node": 39,
                    "name": "ColumnHeading"
                },
                {
                    "extras": {},
                    "part": "2",
                    "template-line-number": 176,
                    "node-pos": 78,
                    "replacement-node": 42,
                    "name": "ColumnHeading"
                },
                {
                    "extras": {},
                    "part": "3",
                    "template-line-number": 163,
                    "node-pos": 72,
                    "replacement-node": 37,
                    "name": "ColumnHeading"
                }
            ]
        },
        "rule-15": [
            {
                "part": null,
                "template-line-number": 277,
                "expression-node": 61,
                "node-pos": 108,
                "replacement-node": 60
            }
        ],
        "rule-12": [
            {
                "part": null,
                "template-line-number": 128,
                "node-pos": 59,
                "html": true,
                "replacement-node": 33
            }
        ],
        "rule-6": [
            {
                "part": null,
                "template-line-number": 79,
                "node-pos": 32,
                "replacement-node": 15
            }
        ],
        "rule-1": [
            {
                "part": null,
                "template-line-number": 22,
                "node-pos": 10,
                "replacement-node": 0
            }
        ],
        "rule-4": [
            {
                "part": null,
                "template-line-number": 44,
                "node-pos": 22,
                "html": true,
                "replacement-node": 9
            }
        ],
        "rule-5": [
            {
                "part": null,
                "template-line-number": 61,
                "node-pos": 27,
                "html": true,
                "replacement-node": 12
            }
        ],
        "rule-7": [
            {
                "part": null,
                "template-line-number": 86,
                "expression-node": 19,
                "node-pos": 36,
                "replacement-node": 18
            }
        ],
        "rule-2": [
            {
                "part": null,
                "template-line-number": 29,
                "expression-node": 4,
                "node-pos": 14,
                "replacement-node": 3
            }
        ],
        "rule-10": [
            {
                "part": null,
                "template-line-number": 106,
                "expression-node": 28,
                "node-pos": 48,
                "replacement-node": 27
            }
        ],
        "rule-16": [
            {
                "part": null,
                "template-line-number": 283,
                "node-pos": 112,
                "replacement-node": 63
            }
        ],
        "rule-13": [
            {
                "part": null,
                "template-line-number": 250,
                "node-pos": 97,
                "replacement-node": 54
            }
        ],
        "rule-3": [
            {
                "part": null,
                "template-line-number": 36,
                "node-pos": 18,
                "replacement-node": 6
            }
        ],
        "rule-11": [
            {
                "part": null,
                "template-line-number": 117,
                "node-pos": 54,
                "replacement-node": 30
            }
        ],
        "rule-9": [
            {
                "part": null,
                "template-line-number": 100,
                "expression-node": 25,
                "node-pos": 44,
                "replacement-node": 24
            }
        ],
        "rule-18": {
            "name": "MiscellaneousGeneralExpenses",
            "subs": [
                {
                    "node-pos": 87,
                    "part": "2",
                    "template-line-number": 229,
                    "expression-node": 49,
                    "replacement-node": 48,
                    "name": "MiscellaneousGeneralExpenses"
                },
                {
                    "node-pos": 91,
                    "part": "3",
                    "template-line-number": 237,
                    "expression-node": 52,
                    "replacement-node": 51,
                    "name": "MiscellaneousGeneralExpenses"
                }
            ]
        },
        "rule-14": [
            {
                "part": null,
                "template-line-number": 262,
                "expression-node": 58,
                "node-pos": 102,
                "replacement-node": 57
            }
        ]
    },
    "showifs": {}
}