{
    "templates": [
        {
            "template": "templates/t0/t0-template.html",
            "xule-rule-set": "templates/t0/t0-xule-rule-set.zip",
            "name": "Form 60 - 000 - Cover",
            "rule-meta-data": "templates/t0/t0-rule-meta-data.json",
            "xule-text": "templates/t0/t0-xule-text.xule"
        },
        {
            "template": "templates/t1/t1-template.html",
            "xule-rule-set": "templates/t1/t1-xule-rule-set.zip",
            "name": "Form 60 - 000 - Instructions",
            "rule-meta-data": "templates/t1/t1-rule-meta-data.json",
            "xule-text": "templates/t1/t1-xule-text.xule"
        },
        {
            "template": "templates/t2/t2-template.html",
            "xule-rule-set": "templates/t2/t2-xule-rule-set.zip",
            "name": "Form 60 - 000 - Identification",
            "rule-meta-data": "templates/t2/t2-rule-meta-data.json",
            "xule-text": "templates/t2/t2-xule-text.xule"
        },
        {
            "template": "templates/t3/t3-template.html",
            "xule-rule-set": "templates/t3/t3-xule-rule-set.zip",
            "name": "Form 60 - 000 - List of Schedules",
            "rule-meta-data": "templates/t3/t3-rule-meta-data.json",
            "xule-text": "templates/t3/t3-xule-text.xule"
        },
        {
            "template": "templates/t4/t4-template.html",
            "xule-rule-set": "templates/t4/t4-xule-rule-set.zip",
            "name": "Form 60 - 001 - Comparative Balance Sheet",
            "rule-meta-data": "templates/t4/t4-rule-meta-data.json",
            "xule-text": "templates/t4/t4-xule-text.xule"
        },
        {
            "template": "templates/t5/t5-template.html",
            "xule-rule-set": "templates/t5/t5-xule-rule-set.zip",
            "name": "Form 60 - 002 - Service Company Property",
            "rule-meta-data": "templates/t5/t5-rule-meta-data.json",
            "xule-text": "templates/t5/t5-xule-text.xule"
        },
        {
            "template": "templates/t6/t6-template.html",
            "xule-rule-set": "templates/t6/t6-xule-rule-set.zip",
            "name": "Form 60 - 003 - Accumulated Provision for Depreciation and Amortization of Service Company Property",
            "rule-meta-data": "templates/t6/t6-rule-meta-data.json",
            "xule-text": "templates/t6/t6-xule-text.xule"
        },
        {
            "template": "templates/t7/t7-template.html",
            "xule-rule-set": "templates/t7/t7-xule-rule-set.zip",
            "name": "Form 60 - 004 - Investment",
            "rule-meta-data": "templates/t7/t7-rule-meta-data.json",
            "xule-text": "templates/t7/t7-xule-text.xule"
        },
        {
            "template": "templates/t8/t8-template.html",
            "xule-rule-set": "templates/t8/t8-xule-rule-set.zip",
            "name": "Form 60 - 004.1 - Other Investments",
            "rule-meta-data": "templates/t8/t8-rule-meta-data.json",
            "xule-text": "templates/t8/t8-xule-text.xule"
        },
        {
            "template": "templates/t9/t9-template.html",
            "xule-rule-set": "templates/t9/t9-xule-rule-set.zip",
            "name": "Form 60 - 004.2 - Other Special Funds",
            "rule-meta-data": "templates/t9/t9-rule-meta-data.json",
            "xule-text": "templates/t9/t9-xule-text.xule"
        },
        {
            "template": "templates/t10/t10-template.html",
            "xule-rule-set": "templates/t10/t10-xule-rule-set.zip",
            "name": "Form 60 - 004.3 - Temporary Cash Investments",
            "rule-meta-data": "templates/t10/t10-rule-meta-data.json",
            "xule-text": "templates/t10/t10-xule-text.xule"
        },
        {
            "template": "templates/t11/t11-template.html",
            "xule-rule-set": "templates/t11/t11-xule-rule-set.zip",
            "name": "Form 60 - 005 - Accounts Receivable from Associate Companies",
            "rule-meta-data": "templates/t11/t11-rule-meta-data.json",
            "xule-text": "templates/t11/t11-xule-text.xule"
        },
        {
            "template": "templates/t12/t12-template.html",
            "xule-rule-set": "templates/t12/t12-xule-rule-set.zip",
            "name": "Form 60 - 006 - Fuel Stock Expenses Undistributed1",
            "rule-meta-data": "templates/t12/t12-rule-meta-data.json",
            "xule-text": "templates/t12/t12-xule-text.xule"
        },
        {
            "template": "templates/t13/t13-template.html",
            "xule-rule-set": "templates/t13/t13-xule-rule-set.zip",
            "name": "Form 60 - 007 - Stores Expenses Undistributed",
            "rule-meta-data": "templates/t13/t13-rule-meta-data.json",
            "xule-text": "templates/t13/t13-xule-text.xule"
        },
        {
            "template": "templates/t14/t14-template.html",
            "xule-rule-set": "templates/t14/t14-xule-rule-set.zip",
            "name": "Form 60 - 008 - Miscellaneous Current and Accrued Assets",
            "rule-meta-data": "templates/t14/t14-rule-meta-data.json",
            "xule-text": "templates/t14/t14-xule-text.xule"
        },
        {
            "template": "templates/t15/t15-template.html",
            "xule-rule-set": "templates/t15/t15-xule-rule-set.zip",
            "name": "Form 60 - 009 - Miscellaneous Deferred Debits",
            "rule-meta-data": "templates/t15/t15-rule-meta-data.json",
            "xule-text": "templates/t15/t15-xule-text.xule"
        },
        {
            "template": "templates/t16/t16-template.html",
            "xule-rule-set": "templates/t16/t16-xule-rule-set.zip",
            "name": "Form 60 - 010 - Research",
            "rule-meta-data": "templates/t16/t16-rule-meta-data.json",
            "xule-text": "templates/t16/t16-xule-text.xule"
        },
        {
            "template": "templates/t17/t17-template.html",
            "xule-rule-set": "templates/t17/t17-xule-rule-set.zip",
            "name": "Form 60 - 011 - Proprietary Capital",
            "rule-meta-data": "templates/t17/t17-rule-meta-data.json",
            "xule-text": "templates/t17/t17-xule-text.xule"
        },
        {
            "template": "templates/t18/t18-template.html",
            "xule-rule-set": "templates/t18/t18-xule-rule-set.zip",
            "name": "Form 60 - 012 - Long term debt",
            "rule-meta-data": "templates/t18/t18-rule-meta-data.json",
            "xule-text": "templates/t18/t18-xule-text.xule"
        },
        {
            "template": "templates/t19/t19-template.html",
            "xule-rule-set": "templates/t19/t19-xule-rule-set.zip",
            "name": "Form 60 - 013 - Current and Accrued Liabilities",
            "rule-meta-data": "templates/t19/t19-rule-meta-data.json",
            "xule-text": "templates/t19/t19-xule-text.xule"
        },
        {
            "template": "templates/t20/t20-template.html",
            "xule-rule-set": "templates/t20/t20-xule-rule-set.zip",
            "name": "Form 60 - 014 - Notes to Financials",
            "rule-meta-data": "templates/t20/t20-rule-meta-data.json",
            "xule-text": "templates/t20/t20-xule-text.xule"
        },
        {
            "template": "templates/t21/t21-template.html",
            "xule-rule-set": "templates/t21/t21-xule-rule-set.zip",
            "name": "Form 60 - 015 - Statement of Income",
            "rule-meta-data": "templates/t21/t21-rule-meta-data.json",
            "xule-text": "templates/t21/t21-xule-text.xule"
        },
        {
            "template": "templates/t22/t22-template.html",
            "xule-rule-set": "templates/t22/t22-xule-rule-set.zip",
            "name": "Form 60 - 016 - Analysis of Charges for Service",
            "rule-meta-data": "templates/t22/t22-rule-meta-data.json",
            "xule-text": "templates/t22/t22-xule-text.xule"
        },
        {
            "template": "templates/t23/t23-template.html",
            "xule-rule-set": "templates/t23/t23-xule-rule-set.zip",
            "name": "Form 60 - 017 - Analysis of Billing - Associate Companies",
            "rule-meta-data": "templates/t23/t23-rule-meta-data.json",
            "xule-text": "templates/t23/t23-xule-text.xule"
        },
        {
            "template": "templates/t24/t24-template.html",
            "xule-rule-set": "templates/t24/t24-xule-rule-set.zip",
            "name": "Form 60 - 018 - Analysis of Billing Non Associate Companies",
            "rule-meta-data": "templates/t24/t24-rule-meta-data.json",
            "xule-text": "templates/t24/t24-xule-text.xule"
        },
        {
            "template": "templates/t25/t25-template.html",
            "xule-rule-set": "templates/t25/t25-xule-rule-set.zip",
            "name": "Form 60 - 019 - Miscellaneous General Expenses",
            "rule-meta-data": "templates/t25/t25-rule-meta-data.json",
            "xule-text": "templates/t25/t25-xule-text.xule"
        },
        {
            "template": "templates/t26/t26-template.html",
            "xule-rule-set": "templates/t26/t26-xule-rule-set.zip",
            "name": "Form 60 - 020 - Organization Chart",
            "rule-meta-data": "templates/t26/t26-rule-meta-data.json",
            "xule-text": "templates/t26/t26-xule-text.xule"
        },
        {
            "template": "templates/t27/t27-template.html",
            "xule-rule-set": "templates/t27/t27-xule-rule-set.zip",
            "name": "Form 60 - 021 - Methods of Allocation",
            "rule-meta-data": "templates/t27/t27-rule-meta-data.json",
            "xule-text": "templates/t27/t27-xule-text.xule"
        }
    ],
    "css": [
        "form-template.css"
    ]
}