{
    "showifs": {
        "rule-1": {
            "type": "showif",
            "template-line-number": 17
        }
    },
    "line-numbers": {
        "NonTraditionalRate": [
            {
                "start-number": 1,
                "line-number-node": 47,
                "template-line-number": 237
            }
        ]
    },
    "substitutions": {
        "rule-27": {
            "name": "NonTraditionalRate",
            "subs": [
                {
                    "expression-node": 74,
                    "name": "NonTraditionalRate",
                    "node-pos": 130,
                    "replacement-node": 73,
                    "part": "10",
                    "template-line-number": 289
                },
                {
                    "expression-node": 77,
                    "name": "NonTraditionalRate",
                    "node-pos": 134,
                    "replacement-node": 76,
                    "part": "11",
                    "template-line-number": 295
                },
                {
                    "expression-node": 80,
                    "name": "NonTraditionalRate",
                    "node-pos": 138,
                    "replacement-node": 79,
                    "part": "12",
                    "template-line-number": 301
                },
                {
                    "expression-node": 50,
                    "name": "NonTraditionalRate",
                    "node-pos": 98,
                    "replacement-node": 49,
                    "part": "2",
                    "template-line-number": 241
                },
                {
                    "expression-node": 53,
                    "name": "NonTraditionalRate",
                    "node-pos": 102,
                    "replacement-node": 52,
                    "part": "3",
                    "template-line-number": 247
                },
                {
                    "expression-node": 56,
                    "name": "NonTraditionalRate",
                    "node-pos": 106,
                    "replacement-node": 55,
                    "part": "4",
                    "template-line-number": 253
                },
                {
                    "expression-node": 59,
                    "name": "NonTraditionalRate",
                    "node-pos": 110,
                    "replacement-node": 58,
                    "part": "5",
                    "template-line-number": 259
                },
                {
                    "expression-node": 62,
                    "name": "NonTraditionalRate",
                    "node-pos": 114,
                    "replacement-node": 61,
                    "part": "6",
                    "template-line-number": 265
                },
                {
                    "expression-node": 65,
                    "name": "NonTraditionalRate",
                    "node-pos": 118,
                    "replacement-node": 64,
                    "part": "7",
                    "template-line-number": 271
                },
                {
                    "expression-node": 68,
                    "name": "NonTraditionalRate",
                    "node-pos": 122,
                    "replacement-node": 67,
                    "part": "8",
                    "template-line-number": 277
                },
                {
                    "expression-node": 71,
                    "name": "NonTraditionalRate",
                    "node-pos": 126,
                    "replacement-node": 70,
                    "part": "9",
                    "template-line-number": 283
                }
            ]
        },
        "rule-4": [
            {
                "replacement-node": 7,
                "part": null,
                "node-pos": 18,
                "template-line-number": 37
            }
        ],
        "rule-2": [
            {
                "replacement-node": 1,
                "part": null,
                "node-pos": 10,
                "template-line-number": 27
            }
        ],
        "rule-18": [
            {
                "replacement-node": 94,
                "part": null,
                "node-pos": 163,
                "template-line-number": 353,
                "expression-node": 95
            }
        ],
        "rule-12": [
            {
                "replacement-node": 31,
                "part": null,
                "node-pos": 54,
                "template-line-number": 94
            }
        ],
        "rule-15": [
            {
                "replacement-node": 85,
                "part": null,
                "node-pos": 151,
                "template-line-number": 326,
                "expression-node": 86
            }
        ],
        "rule-6": [
            {
                "html": true,
                "replacement-node": 13,
                "part": null,
                "node-pos": 27,
                "template-line-number": 55
            }
        ],
        "rule-23": [
            {
                "replacement-node": 109,
                "part": null,
                "node-pos": 185,
                "template-line-number": 403,
                "expression-node": 110
            }
        ],
        "rule-16": [
            {
                "replacement-node": 88,
                "part": null,
                "node-pos": 155,
                "template-line-number": 335,
                "expression-node": 89
            }
        ],
        "rule-9": [
            {
                "replacement-node": 22,
                "part": null,
                "node-pos": 40,
                "template-line-number": 75
            }
        ],
        "rule-21": [
            {
                "replacement-node": 103,
                "part": null,
                "node-pos": 175,
                "template-line-number": 380,
                "expression-node": 104
            }
        ],
        "rule-24": [
            {
                "replacement-node": 112,
                "part": null,
                "node-pos": 189,
                "template-line-number": 408
            }
        ],
        "rule-25": [
            {
                "replacement-node": 115,
                "part": null,
                "node-pos": 193,
                "template-line-number": 417
            }
        ],
        "rule-14": [
            {
                "replacement-node": 82,
                "part": null,
                "node-pos": 144,
                "template-line-number": 312
            }
        ],
        "rule-10": [
            {
                "replacement-node": 25,
                "part": null,
                "node-pos": 44,
                "template-line-number": 79,
                "expression-node": 26
            }
        ],
        "rule-5": [
            {
                "html": true,
                "replacement-node": 10,
                "part": null,
                "node-pos": 22,
                "template-line-number": 43
            }
        ],
        "rule-11": [
            {
                "replacement-node": 28,
                "part": null,
                "node-pos": 48,
                "template-line-number": 84,
                "expression-node": 29
            }
        ],
        "rule-26": {
            "name": "NTRTANOHeadings",
            "subs": [
                {
                    "node-pos": 85,
                    "name": "NTRTANOHeadings",
                    "extras": {},
                    "replacement-node": 40,
                    "part": "1",
                    "template-line-number": 150
                },
                {
                    "node-pos": 89,
                    "name": "NTRTANOHeadings",
                    "extras": {},
                    "replacement-node": 43,
                    "part": "2",
                    "template-line-number": 159
                },
                {
                    "node-pos": 83,
                    "name": "NTRTANOHeadings",
                    "extras": {},
                    "replacement-node": 38,
                    "part": "3",
                    "template-line-number": 146
                }
            ]
        },
        "rule-7": [
            {
                "replacement-node": 16,
                "part": null,
                "node-pos": 32,
                "template-line-number": 66
            }
        ],
        "rule-8": [
            {
                "replacement-node": 19,
                "part": null,
                "node-pos": 36,
                "template-line-number": 70,
                "expression-node": 20
            }
        ],
        "rule-17": [
            {
                "replacement-node": 91,
                "part": null,
                "node-pos": 159,
                "template-line-number": 344,
                "expression-node": 92
            }
        ],
        "rule-3": [
            {
                "replacement-node": 4,
                "part": null,
                "node-pos": 14,
                "template-line-number": 31,
                "expression-node": 5
            }
        ],
        "rule-13": [
            {
                "html": true,
                "replacement-node": 34,
                "part": null,
                "node-pos": 59,
                "template-line-number": 105
            }
        ],
        "rule-22": [
            {
                "replacement-node": 106,
                "part": null,
                "node-pos": 179,
                "template-line-number": 389,
                "expression-node": 107
            }
        ],
        "rule-20": [
            {
                "replacement-node": 100,
                "part": null,
                "node-pos": 171,
                "template-line-number": 371,
                "expression-node": 101
            }
        ],
        "rule-19": [
            {
                "replacement-node": 97,
                "part": null,
                "node-pos": 167,
                "template-line-number": 362,
                "expression-node": 98
            }
        ]
    }
}