{
    "line-numbers": {
        "OtherSpecialFunds": [
            {
                "start-number": 1,
                "template-line-number": 186,
                "line-number-node": 44
            }
        ]
    },
    "showifs": {},
    "substitutions": {
        "rule-1": [
            {
                "part": null,
                "replacement-node": 0,
                "node-pos": 9,
                "template-line-number": 22
            }
        ],
        "rule-14": [
            {
                "part": null,
                "replacement-node": 56,
                "node-pos": 98,
                "template-line-number": 220
            }
        ],
        "rule-10": [
            {
                "part": null,
                "replacement-node": 27,
                "template-line-number": 82,
                "node-pos": 47,
                "expression-node": 28
            }
        ],
        "rule-11": [
            {
                "part": null,
                "replacement-node": 30,
                "node-pos": 53,
                "template-line-number": 92
            }
        ],
        "rule-5": [
            {
                "part": null,
                "replacement-node": 12,
                "node-pos": 26,
                "html": true,
                "template-line-number": 51
            }
        ],
        "rule-6": [
            {
                "part": null,
                "replacement-node": 15,
                "node-pos": 31,
                "template-line-number": 62
            }
        ],
        "rule-17": {
            "name": "ColumnHeadings",
            "subs": [
                {
                    "extras": {},
                    "name": "ColumnHeadings",
                    "node-pos": 70,
                    "template-line-number": 130,
                    "part": "1",
                    "replacement-node": 37
                },
                {
                    "extras": {},
                    "name": "ColumnHeadings",
                    "node-pos": 74,
                    "template-line-number": 137,
                    "part": "2",
                    "replacement-node": 40
                }
            ]
        },
        "rule-12": [
            {
                "part": null,
                "replacement-node": 33,
                "node-pos": 58,
                "html": true,
                "template-line-number": 103
            }
        ],
        "rule-8": [
            {
                "part": null,
                "replacement-node": 21,
                "node-pos": 39,
                "template-line-number": 72
            }
        ],
        "rule-2": [
            {
                "part": null,
                "replacement-node": 3,
                "template-line-number": 27,
                "node-pos": 13,
                "expression-node": 4
            }
        ],
        "rule-15": [
            {
                "part": null,
                "replacement-node": 59,
                "node-pos": 102,
                "template-line-number": 229
            }
        ],
        "rule-4": [
            {
                "part": null,
                "replacement-node": 9,
                "node-pos": 21,
                "html": true,
                "template-line-number": 39
            }
        ],
        "rule-9": [
            {
                "part": null,
                "replacement-node": 24,
                "template-line-number": 77,
                "node-pos": 43,
                "expression-node": 25
            }
        ],
        "rule-13": [
            {
                "part": null,
                "replacement-node": 53,
                "template-line-number": 214,
                "node-pos": 94,
                "expression-node": 54
            }
        ],
        "rule-3": [
            {
                "part": null,
                "replacement-node": 6,
                "node-pos": 17,
                "template-line-number": 33
            }
        ],
        "rule-7": [
            {
                "part": null,
                "replacement-node": 18,
                "template-line-number": 67,
                "node-pos": 35,
                "expression-node": 19
            }
        ],
        "rule-16": {
            "name": "OtherSpecialFunds",
            "subs": [
                {
                    "name": "OtherSpecialFunds",
                    "expression-node": 48,
                    "node-pos": 84,
                    "template-line-number": 193,
                    "part": "2",
                    "replacement-node": 47
                },
                {
                    "name": "OtherSpecialFunds",
                    "expression-node": 51,
                    "node-pos": 88,
                    "template-line-number": 201,
                    "part": "3",
                    "replacement-node": 50
                }
            ]
        }
    }
}