{
    "showifs": {
        "rule-1": {
            "type": "showif",
            "template-line-number": 17
        }
    },
    "line-numbers": {},
    "substitutions": {
        "rule-16": [
            {
                "replacement-node": 100,
                "part": null,
                "node-pos": 180,
                "template-line-number": 669
            }
        ],
        "rule-11": [
            {
                "replacement-node": 28,
                "part": null,
                "node-pos": 48,
                "template-line-number": 87,
                "expression-node": 29
            }
        ],
        "rule-17": {
            "name": "ShipperLineItems",
            "subs": [
                {
                    "replacement-node": 47,
                    "part": "1",
                    "name": "ShipperLineItems",
                    "node-pos": 107,
                    "template-line-number": 541,
                    "extras": {}
                },
                {
                    "replacement-node": 49,
                    "part": "1",
                    "name": "ShipperLineItems",
                    "node-pos": 110,
                    "expression-node": 50,
                    "template-line-number": 547
                },
                {
                    "replacement-node": 76,
                    "part": "10",
                    "name": "ShipperLineItems",
                    "node-pos": 146,
                    "expression-node": 77,
                    "template-line-number": 604
                },
                {
                    "replacement-node": 79,
                    "part": "11",
                    "name": "ShipperLineItems",
                    "node-pos": 150,
                    "expression-node": 80,
                    "template-line-number": 610
                },
                {
                    "replacement-node": 82,
                    "part": "12",
                    "name": "ShipperLineItems",
                    "node-pos": 154,
                    "expression-node": 83,
                    "template-line-number": 616
                },
                {
                    "replacement-node": 85,
                    "part": "13",
                    "name": "ShipperLineItems",
                    "node-pos": 158,
                    "expression-node": 86,
                    "template-line-number": 623
                },
                {
                    "replacement-node": 88,
                    "part": "14",
                    "name": "ShipperLineItems",
                    "node-pos": 162,
                    "expression-node": 89,
                    "template-line-number": 629
                },
                {
                    "replacement-node": 91,
                    "part": "15",
                    "name": "ShipperLineItems",
                    "node-pos": 166,
                    "expression-node": 92,
                    "template-line-number": 635
                },
                {
                    "replacement-node": 52,
                    "part": "2",
                    "name": "ShipperLineItems",
                    "node-pos": 114,
                    "expression-node": 53,
                    "template-line-number": 554
                },
                {
                    "replacement-node": 55,
                    "part": "3",
                    "name": "ShipperLineItems",
                    "node-pos": 118,
                    "expression-node": 56,
                    "template-line-number": 560
                },
                {
                    "replacement-node": 58,
                    "part": "4",
                    "name": "ShipperLineItems",
                    "node-pos": 122,
                    "expression-node": 59,
                    "template-line-number": 566
                },
                {
                    "replacement-node": 61,
                    "part": "5",
                    "name": "ShipperLineItems",
                    "node-pos": 126,
                    "expression-node": 62,
                    "template-line-number": 572
                },
                {
                    "replacement-node": 64,
                    "part": "6",
                    "name": "ShipperLineItems",
                    "node-pos": 130,
                    "expression-node": 65,
                    "template-line-number": 580
                },
                {
                    "replacement-node": 67,
                    "part": "7",
                    "name": "ShipperLineItems",
                    "node-pos": 134,
                    "expression-node": 68,
                    "template-line-number": 586
                },
                {
                    "replacement-node": 70,
                    "part": "8",
                    "name": "ShipperLineItems",
                    "node-pos": 138,
                    "expression-node": 71,
                    "template-line-number": 592
                },
                {
                    "replacement-node": 73,
                    "part": "9",
                    "name": "ShipperLineItems",
                    "node-pos": 142,
                    "expression-node": 74,
                    "template-line-number": 598
                }
            ]
        },
        "rule-13": [
            {
                "replacement-node": 34,
                "part": null,
                "node-pos": 59,
                "html": true,
                "template-line-number": 108
            }
        ],
        "rule-2": [
            {
                "replacement-node": 1,
                "part": null,
                "node-pos": 10,
                "template-line-number": 27
            }
        ],
        "rule-9": [
            {
                "replacement-node": 22,
                "part": null,
                "node-pos": 40,
                "template-line-number": 77
            }
        ],
        "rule-5": [
            {
                "replacement-node": 10,
                "part": null,
                "node-pos": 22,
                "html": true,
                "template-line-number": 44
            }
        ],
        "rule-18": {
            "name": "ShipperSuppliedHeadings",
            "subs": [
                {
                    "replacement-node": 40,
                    "part": "1",
                    "name": "ShipperSuppliedHeadings",
                    "node-pos": 97,
                    "template-line-number": 166,
                    "extras": {}
                },
                {
                    "replacement-node": 43,
                    "part": "2",
                    "name": "ShipperSuppliedHeadings",
                    "node-pos": 101,
                    "template-line-number": 175,
                    "extras": {}
                },
                {
                    "replacement-node": 38,
                    "part": "3",
                    "name": "ShipperSuppliedHeadings",
                    "node-pos": 95,
                    "template-line-number": 162,
                    "extras": {}
                }
            ]
        },
        "rule-6": [
            {
                "replacement-node": 13,
                "part": null,
                "node-pos": 27,
                "html": true,
                "template-line-number": 56
            }
        ],
        "rule-10": [
            {
                "replacement-node": 25,
                "part": null,
                "node-pos": 44,
                "template-line-number": 82,
                "expression-node": 26
            }
        ],
        "rule-14": [
            {
                "replacement-node": 94,
                "part": null,
                "node-pos": 172,
                "template-line-number": 655,
                "expression-node": 95
            }
        ],
        "rule-4": [
            {
                "replacement-node": 7,
                "part": null,
                "node-pos": 18,
                "template-line-number": 38
            }
        ],
        "rule-15": [
            {
                "replacement-node": 97,
                "part": null,
                "node-pos": 176,
                "template-line-number": 660
            }
        ],
        "rule-3": [
            {
                "replacement-node": 4,
                "part": null,
                "node-pos": 14,
                "template-line-number": 32,
                "expression-node": 5
            }
        ],
        "rule-8": [
            {
                "replacement-node": 19,
                "part": null,
                "node-pos": 36,
                "template-line-number": 72,
                "expression-node": 20
            }
        ],
        "rule-7": [
            {
                "replacement-node": 16,
                "part": null,
                "node-pos": 32,
                "template-line-number": 67
            }
        ],
        "rule-12": [
            {
                "replacement-node": 31,
                "part": null,
                "node-pos": 54,
                "template-line-number": 97
            }
        ]
    }
}