{
    "substitutions": {
        "rule-12": [
            {
                "node-pos": 58,
                "replacement-node": 33,
                "part": null,
                "template-line-number": 105,
                "html": true
            }
        ],
        "rule-13": [
            {
                "node-pos": 88,
                "replacement-node": 45,
                "part": null,
                "template-line-number": 168
            }
        ],
        "rule-19": [
            {
                "node-pos": 182,
                "expression-node": 100,
                "replacement-node": 99,
                "part": null,
                "template-line-number": 428
            }
        ],
        "rule-3": [
            {
                "node-pos": 17,
                "replacement-node": 6,
                "part": null,
                "template-line-number": 32
            }
        ],
        "rule-1": [
            {
                "node-pos": 9,
                "replacement-node": 0,
                "part": null,
                "template-line-number": 21
            }
        ],
        "rule-5": [
            {
                "node-pos": 26,
                "replacement-node": 12,
                "part": null,
                "template-line-number": 50,
                "html": true
            }
        ],
        "rule-2": [
            {
                "node-pos": 13,
                "expression-node": 4,
                "replacement-node": 3,
                "part": null,
                "template-line-number": 26
            }
        ],
        "rule-25": [
            {
                "node-pos": 215,
                "replacement-node": 117,
                "part": null,
                "template-line-number": 493
            }
        ],
        "rule-28": {
            "name": "StudyCostsIncurred",
            "subs": [
                {
                    "name": "StudyCostsIncurred",
                    "template-line-number": 245,
                    "node-pos": 102,
                    "expression-node": 52,
                    "replacement-node": 51,
                    "part": "2"
                },
                {
                    "name": "StudyCostsIncurred",
                    "template-line-number": 250,
                    "node-pos": 106,
                    "expression-node": 55,
                    "replacement-node": 54,
                    "part": "3"
                },
                {
                    "name": "StudyCostsIncurred",
                    "template-line-number": 255,
                    "node-pos": 110,
                    "expression-node": 58,
                    "replacement-node": 57,
                    "part": "4"
                },
                {
                    "name": "StudyCostsIncurred",
                    "template-line-number": 260,
                    "node-pos": 114,
                    "expression-node": 61,
                    "replacement-node": 60,
                    "part": "5"
                },
                {
                    "name": "StudyCostsIncurred",
                    "template-line-number": 265,
                    "node-pos": 118,
                    "expression-node": 64,
                    "replacement-node": 63,
                    "part": "6"
                }
            ]
        },
        "rule-24": [
            {
                "node-pos": 211,
                "replacement-node": 114,
                "part": null,
                "template-line-number": 484
            }
        ],
        "rule-20": [
            {
                "node-pos": 187,
                "expression-node": 103,
                "replacement-node": 102,
                "part": null,
                "template-line-number": 438
            }
        ],
        "rule-15": [
            {
                "node-pos": 129,
                "expression-node": 70,
                "replacement-node": 69,
                "part": null,
                "template-line-number": 288
            }
        ],
        "rule-27": {
            "name": "ColumnHeadings",
            "subs": [
                {
                    "name": "ColumnHeadings",
                    "template-line-number": 148,
                    "node-pos": 78,
                    "replacement-node": 39,
                    "extras": {},
                    "part": "1"
                },
                {
                    "name": "ColumnHeadings",
                    "template-line-number": 156,
                    "node-pos": 82,
                    "replacement-node": 42,
                    "extras": {},
                    "part": "2"
                },
                {
                    "name": "ColumnHeadings",
                    "template-line-number": 144,
                    "node-pos": 76,
                    "replacement-node": 37,
                    "extras": {},
                    "part": "3"
                }
            ]
        },
        "rule-11": [
            {
                "node-pos": 53,
                "replacement-node": 30,
                "part": null,
                "template-line-number": 93
            }
        ],
        "rule-9": [
            {
                "node-pos": 43,
                "expression-node": 25,
                "replacement-node": 24,
                "part": null,
                "template-line-number": 76
            }
        ],
        "rule-23": [
            {
                "node-pos": 207,
                "expression-node": 112,
                "replacement-node": 111,
                "part": null,
                "template-line-number": 479
            }
        ],
        "rule-8": [
            {
                "node-pos": 39,
                "replacement-node": 21,
                "part": null,
                "template-line-number": 71
            }
        ],
        "rule-14": [
            {
                "node-pos": 124,
                "replacement-node": 66,
                "part": null,
                "template-line-number": 276
            }
        ],
        "rule-22": [
            {
                "node-pos": 200,
                "expression-node": 109,
                "replacement-node": 108,
                "part": null,
                "template-line-number": 465
            }
        ],
        "rule-6": [
            {
                "node-pos": 31,
                "replacement-node": 15,
                "part": null,
                "template-line-number": 61
            }
        ],
        "rule-16": [
            {
                "node-pos": 134,
                "expression-node": 73,
                "replacement-node": 72,
                "part": null,
                "template-line-number": 298
            }
        ],
        "rule-7": [
            {
                "node-pos": 35,
                "expression-node": 19,
                "replacement-node": 18,
                "part": null,
                "template-line-number": 66
            }
        ],
        "rule-21": [
            {
                "node-pos": 195,
                "expression-node": 106,
                "replacement-node": 105,
                "part": null,
                "template-line-number": 455
            }
        ],
        "rule-26": {
            "name": "StudyCostsIncurred2",
            "subs": [
                {
                    "name": "StudyCostsIncurred2",
                    "template-line-number": 385,
                    "node-pos": 155,
                    "expression-node": 82,
                    "replacement-node": 81,
                    "part": "2"
                },
                {
                    "name": "StudyCostsIncurred2",
                    "template-line-number": 390,
                    "node-pos": 159,
                    "expression-node": 85,
                    "replacement-node": 84,
                    "part": "3"
                },
                {
                    "name": "StudyCostsIncurred2",
                    "template-line-number": 395,
                    "node-pos": 163,
                    "expression-node": 88,
                    "replacement-node": 87,
                    "part": "4"
                },
                {
                    "name": "StudyCostsIncurred2",
                    "template-line-number": 400,
                    "node-pos": 167,
                    "expression-node": 91,
                    "replacement-node": 90,
                    "part": "5"
                },
                {
                    "name": "StudyCostsIncurred2",
                    "template-line-number": 405,
                    "node-pos": 171,
                    "expression-node": 94,
                    "replacement-node": 93,
                    "part": "6"
                }
            ]
        },
        "rule-17": [
            {
                "node-pos": 141,
                "replacement-node": 75,
                "part": null,
                "template-line-number": 313
            }
        ],
        "rule-4": [
            {
                "node-pos": 21,
                "replacement-node": 9,
                "part": null,
                "template-line-number": 38,
                "html": true
            }
        ],
        "rule-10": [
            {
                "node-pos": 47,
                "expression-node": 28,
                "replacement-node": 27,
                "part": null,
                "template-line-number": 81
            }
        ],
        "rule-18": [
            {
                "node-pos": 177,
                "replacement-node": 96,
                "part": null,
                "template-line-number": 416
            }
        ]
    },
    "showifs": {},
    "line-numbers": {
        "StudyCostsIncurred2": [
            {
                "start-number": 22,
                "line-number-node": 79,
                "template-line-number": 380
            }
        ],
        "StudyCostsIncurred": [
            {
                "start-number": 2,
                "line-number-node": 49,
                "template-line-number": 240
            }
        ]
    }
}