{
    "substitutions": {
        "rule-6": [
            {
                "template-line-number": 56,
                "html": true,
                "part": null,
                "replacement-node": 13,
                "node-pos": 27
            }
        ],
        "rule-10": [
            {
                "expression-node": 26,
                "template-line-number": 82,
                "part": null,
                "replacement-node": 25,
                "node-pos": 44
            }
        ],
        "rule-4": [
            {
                "template-line-number": 38,
                "part": null,
                "replacement-node": 7,
                "node-pos": 18
            }
        ],
        "rule-16": [
            {
                "template-line-number": 325,
                "part": null,
                "replacement-node": 80,
                "node-pos": 137
            }
        ],
        "rule-13": [
            {
                "template-line-number": 108,
                "html": true,
                "part": null,
                "replacement-node": 34,
                "node-pos": 59
            }
        ],
        "rule-5": [
            {
                "template-line-number": 44,
                "html": true,
                "part": null,
                "replacement-node": 10,
                "node-pos": 22
            }
        ],
        "rule-2": [
            {
                "template-line-number": 27,
                "part": null,
                "replacement-node": 1,
                "node-pos": 10
            }
        ],
        "rule-12": [
            {
                "template-line-number": 97,
                "part": null,
                "replacement-node": 31,
                "node-pos": 54
            }
        ],
        "rule-18": {
            "subs": [
                {
                    "template-line-number": 138,
                    "part": "1",
                    "name": "GasOperatingRevenuesHeadings",
                    "node-pos": 74,
                    "replacement-node": 38,
                    "extras": {}
                },
                {
                    "template-line-number": 145,
                    "part": "2",
                    "name": "GasOperatingRevenuesHeadings",
                    "node-pos": 78,
                    "replacement-node": 41,
                    "extras": {}
                }
            ],
            "name": "GasOperatingRevenuesHeadings"
        },
        "rule-8": [
            {
                "expression-node": 20,
                "template-line-number": 72,
                "part": null,
                "replacement-node": 19,
                "node-pos": 36
            }
        ],
        "rule-9": [
            {
                "template-line-number": 77,
                "part": null,
                "replacement-node": 22,
                "node-pos": 40
            }
        ],
        "rule-17": {
            "subs": [
                {
                    "template-line-number": 219,
                    "part": "1",
                    "name": "GasOperatingRevenuesLineItems",
                    "node-pos": 92,
                    "replacement-node": 50,
                    "extras": {}
                },
                {
                    "expression-node": 69,
                    "template-line-number": 291,
                    "part": "10",
                    "name": "GasOperatingRevenuesLineItems",
                    "node-pos": 119,
                    "replacement-node": 68
                },
                {
                    "expression-node": 72,
                    "template-line-number": 299,
                    "part": "11",
                    "name": "GasOperatingRevenuesLineItems",
                    "node-pos": 123,
                    "replacement-node": 71
                },
                {
                    "expression-node": 53,
                    "template-line-number": 227,
                    "part": "2",
                    "name": "GasOperatingRevenuesLineItems",
                    "node-pos": 95,
                    "replacement-node": 52
                },
                {
                    "expression-node": 55,
                    "template-line-number": 235,
                    "part": "3",
                    "name": "GasOperatingRevenuesLineItems",
                    "node-pos": 98,
                    "replacement-node": 54
                },
                {
                    "expression-node": 57,
                    "template-line-number": 243,
                    "part": "4",
                    "name": "GasOperatingRevenuesLineItems",
                    "node-pos": 101,
                    "replacement-node": 56
                },
                {
                    "expression-node": 59,
                    "template-line-number": 251,
                    "part": "5",
                    "name": "GasOperatingRevenuesLineItems",
                    "node-pos": 104,
                    "replacement-node": 58
                },
                {
                    "template-line-number": 214,
                    "part": "6",
                    "name": "GasOperatingRevenuesLineItems",
                    "node-pos": 90,
                    "replacement-node": 48,
                    "extras": {}
                },
                {
                    "expression-node": 61,
                    "template-line-number": 259,
                    "part": "6",
                    "name": "GasOperatingRevenuesLineItems",
                    "node-pos": 107,
                    "replacement-node": 60
                },
                {
                    "expression-node": 63,
                    "template-line-number": 267,
                    "part": "7",
                    "name": "GasOperatingRevenuesLineItems",
                    "node-pos": 110,
                    "replacement-node": 62
                },
                {
                    "expression-node": 65,
                    "template-line-number": 275,
                    "part": "8",
                    "name": "GasOperatingRevenuesLineItems",
                    "node-pos": 113,
                    "replacement-node": 64
                },
                {
                    "expression-node": 67,
                    "template-line-number": 283,
                    "part": "9",
                    "name": "GasOperatingRevenuesLineItems",
                    "node-pos": 116,
                    "replacement-node": 66
                }
            ],
            "name": "GasOperatingRevenuesLineItems"
        },
        "rule-11": [
            {
                "expression-node": 29,
                "template-line-number": 87,
                "part": null,
                "replacement-node": 28,
                "node-pos": 48
            }
        ],
        "rule-7": [
            {
                "template-line-number": 67,
                "part": null,
                "replacement-node": 16,
                "node-pos": 32
            }
        ],
        "rule-14": [
            {
                "expression-node": 75,
                "template-line-number": 311,
                "part": null,
                "replacement-node": 74,
                "node-pos": 129
            }
        ],
        "rule-15": [
            {
                "template-line-number": 316,
                "part": null,
                "replacement-node": 77,
                "node-pos": 133
            }
        ],
        "rule-3": [
            {
                "expression-node": 5,
                "template-line-number": 32,
                "part": null,
                "replacement-node": 4,
                "node-pos": 14
            }
        ]
    },
    "showifs": {
        "rule-1": {
            "template-line-number": 17,
            "type": "showif"
        }
    },
    "line-numbers": {
        "GasOperatingRevenuesLineItems": [
            {
                "template-line-number": 203,
                "start-number": 1,
                "line-number-node": 45
            }
        ]
    }
}