{
    "line-numbers": {},
    "substitutions": {
        "rule-16": [
            {
                "replacement-node": 45,
                "part": null,
                "node-pos": 85,
                "template-line-number": 144
            }
        ],
        "rule-9": [
            {
                "replacement-node": 24,
                "part": null,
                "node-pos": 44,
                "template-line-number": 73,
                "expression-node": 25
            }
        ],
        "rule-5": [
            {
                "replacement-node": 12,
                "part": null,
                "node-pos": 27,
                "template-line-number": 49,
                "html": true
            }
        ],
        "rule-8": [
            {
                "replacement-node": 21,
                "part": null,
                "node-pos": 40,
                "template-line-number": 69
            }
        ],
        "rule-4": [
            {
                "replacement-node": 9,
                "part": null,
                "node-pos": 22,
                "template-line-number": 37,
                "html": true
            }
        ],
        "rule-10": [
            {
                "replacement-node": 27,
                "part": null,
                "node-pos": 48,
                "template-line-number": 78,
                "expression-node": 28
            }
        ],
        "rule-12": [
            {
                "replacement-node": 33,
                "part": null,
                "node-pos": 59,
                "template-line-number": 99,
                "html": true
            }
        ],
        "rule-14": [
            {
                "replacement-node": 39,
                "part": null,
                "node-pos": 77,
                "template-line-number": 130,
                "expression-node": 40
            }
        ],
        "rule-13": [
            {
                "expression-node": 37,
                "part": null,
                "template-line-number": 117,
                "html": true,
                "replacement-node": 36,
                "node-pos": 71
            }
        ],
        "rule-2": [
            {
                "replacement-node": 3,
                "part": null,
                "node-pos": 14,
                "template-line-number": 25,
                "expression-node": 4
            }
        ],
        "rule-15": [
            {
                "replacement-node": 42,
                "part": null,
                "node-pos": 81,
                "template-line-number": 135
            }
        ],
        "rule-6": [
            {
                "replacement-node": 15,
                "part": null,
                "node-pos": 32,
                "template-line-number": 60
            }
        ],
        "rule-7": [
            {
                "replacement-node": 18,
                "part": null,
                "node-pos": 36,
                "template-line-number": 64,
                "expression-node": 19
            }
        ],
        "rule-3": [
            {
                "replacement-node": 6,
                "part": null,
                "node-pos": 18,
                "template-line-number": 31
            }
        ],
        "rule-1": [
            {
                "replacement-node": 0,
                "part": null,
                "node-pos": 10,
                "template-line-number": 21
            }
        ],
        "rule-11": [
            {
                "replacement-node": 30,
                "part": null,
                "node-pos": 54,
                "template-line-number": 88
            }
        ]
    },
    "showifs": {}
}