{
    "showifs": {},
    "substitutions": {
        "rule-43": [
            {
                "replacement-node": 110,
                "part": null,
                "node-pos": 196,
                "template-line-number": 455
            }
        ],
        "rule-60": [
            {
                "replacement-node": 147,
                "part": null,
                "expression-node": 148,
                "node-pos": 254,
                "template-line-number": 603
            }
        ],
        "rule-69": [
            {
                "replacement-node": 167,
                "part": null,
                "expression-node": 168,
                "node-pos": 287,
                "template-line-number": 685
            }
        ],
        "rule-61": [
            {
                "replacement-node": 149,
                "part": null,
                "node-pos": 259,
                "template-line-number": 614
            }
        ],
        "rule-46": [
            {
                "replacement-node": 117,
                "part": null,
                "expression-node": 118,
                "node-pos": 206,
                "template-line-number": 481
            }
        ],
        "rule-76": [
            {
                "replacement-node": 182,
                "part": null,
                "expression-node": 183,
                "node-pos": 311,
                "template-line-number": 746
            }
        ],
        "rule-91": {
            "name": "ColumnHeadings2",
            "subs": [
                {
                    "part": "1",
                    "node-pos": 366,
                    "extras": {},
                    "replacement-node": 212,
                    "name": "ColumnHeadings2",
                    "template-line-number": 887
                },
                {
                    "part": "2",
                    "node-pos": 370,
                    "extras": {},
                    "replacement-node": 215,
                    "name": "ColumnHeadings2",
                    "template-line-number": 895
                },
                {
                    "part": "3",
                    "node-pos": 364,
                    "extras": {},
                    "replacement-node": 210,
                    "name": "ColumnHeadings2",
                    "template-line-number": 883
                }
            ]
        },
        "rule-50": [
            {
                "replacement-node": 126,
                "part": null,
                "expression-node": 127,
                "node-pos": 221,
                "template-line-number": 518
            }
        ],
        "rule-26": [
            {
                "replacement-node": 74,
                "part": null,
                "expression-node": 75,
                "node-pos": 137,
                "template-line-number": 306
            }
        ],
        "rule-56": [
            {
                "replacement-node": 139,
                "part": null,
                "expression-node": 140,
                "node-pos": 242,
                "template-line-number": 571
            }
        ],
        "rule-58": [
            {
                "replacement-node": 143,
                "part": null,
                "expression-node": 144,
                "node-pos": 248,
                "template-line-number": 587
            }
        ],
        "rule-44": [
            {
                "replacement-node": 113,
                "part": null,
                "expression-node": 114,
                "node-pos": 200,
                "template-line-number": 465
            }
        ],
        "rule-47": [
            {
                "replacement-node": 119,
                "part": null,
                "expression-node": 120,
                "node-pos": 209,
                "template-line-number": 489
            }
        ],
        "rule-89": {
            "name": "DepreciationAndAmortizationOfElectricPlant",
            "subs": [
                {
                    "part": "2",
                    "expression-node": 222,
                    "node-pos": 379,
                    "replacement-node": 221,
                    "name": "DepreciationAndAmortizationOfElectricPlant",
                    "template-line-number": 966
                },
                {
                    "part": "3",
                    "expression-node": 225,
                    "node-pos": 383,
                    "replacement-node": 224,
                    "name": "DepreciationAndAmortizationOfElectricPlant",
                    "template-line-number": 971
                },
                {
                    "part": "4",
                    "expression-node": 228,
                    "node-pos": 387,
                    "replacement-node": 227,
                    "name": "DepreciationAndAmortizationOfElectricPlant",
                    "template-line-number": 976
                },
                {
                    "part": "5",
                    "expression-node": 231,
                    "node-pos": 391,
                    "replacement-node": 230,
                    "name": "DepreciationAndAmortizationOfElectricPlant",
                    "template-line-number": 981
                },
                {
                    "part": "6",
                    "expression-node": 234,
                    "node-pos": 395,
                    "replacement-node": 233,
                    "name": "DepreciationAndAmortizationOfElectricPlant",
                    "template-line-number": 986
                },
                {
                    "part": "7",
                    "expression-node": 237,
                    "node-pos": 399,
                    "replacement-node": 236,
                    "name": "DepreciationAndAmortizationOfElectricPlant",
                    "template-line-number": 991
                },
                {
                    "part": "8",
                    "expression-node": 240,
                    "node-pos": 403,
                    "replacement-node": 239,
                    "name": "DepreciationAndAmortizationOfElectricPlant",
                    "template-line-number": 996
                }
            ]
        },
        "rule-83": [
            {
                "replacement-node": 200,
                "part": null,
                "expression-node": 201,
                "node-pos": 338,
                "template-line-number": 814
            }
        ],
        "rule-55": [
            {
                "replacement-node": 136,
                "part": null,
                "node-pos": 238,
                "template-line-number": 561
            }
        ],
        "rule-21": [
            {
                "replacement-node": 63,
                "part": null,
                "expression-node": 64,
                "node-pos": 119,
                "template-line-number": 261
            }
        ],
        "rule-49": [
            {
                "replacement-node": 123,
                "part": null,
                "node-pos": 217,
                "template-line-number": 508
            }
        ],
        "rule-36": [
            {
                "replacement-node": 95,
                "part": null,
                "expression-node": 96,
                "node-pos": 170,
                "template-line-number": 391
            }
        ],
        "rule-48": [
            {
                "replacement-node": 121,
                "part": null,
                "expression-node": 122,
                "node-pos": 212,
                "template-line-number": 497
            }
        ],
        "rule-22": [
            {
                "replacement-node": 65,
                "part": null,
                "expression-node": 66,
                "node-pos": 122,
                "template-line-number": 269
            }
        ],
        "rule-5": [
            {
                "html": true,
                "replacement-node": 12,
                "part": null,
                "node-pos": 26,
                "template-line-number": 58
            }
        ],
        "rule-8": [
            {
                "replacement-node": 21,
                "part": null,
                "node-pos": 39,
                "template-line-number": 90
            }
        ],
        "rule-79": [
            {
                "replacement-node": 188,
                "part": null,
                "node-pos": 322,
                "template-line-number": 774
            }
        ],
        "rule-67": [
            {
                "replacement-node": 162,
                "part": null,
                "node-pos": 280,
                "template-line-number": 667
            }
        ],
        "rule-13": [
            {
                "replacement-node": 45,
                "part": null,
                "node-pos": 91,
                "template-line-number": 190
            }
        ],
        "rule-45": [
            {
                "replacement-node": 115,
                "part": null,
                "expression-node": 116,
                "node-pos": 203,
                "template-line-number": 473
            }
        ],
        "rule-28": [
            {
                "replacement-node": 78,
                "part": null,
                "expression-node": 79,
                "node-pos": 143,
                "template-line-number": 322
            }
        ],
        "rule-52": [
            {
                "replacement-node": 130,
                "part": null,
                "expression-node": 131,
                "node-pos": 227,
                "template-line-number": 534
            }
        ],
        "rule-37": [
            {
                "replacement-node": 97,
                "part": null,
                "node-pos": 175,
                "template-line-number": 402
            }
        ],
        "rule-85": [
            {
                "replacement-node": 206,
                "part": null,
                "expression-node": 207,
                "node-pos": 350,
                "template-line-number": 845
            }
        ],
        "rule-11": [
            {
                "replacement-node": 30,
                "part": null,
                "node-pos": 53,
                "template-line-number": 114
            }
        ],
        "rule-31": [
            {
                "replacement-node": 84,
                "part": null,
                "node-pos": 154,
                "template-line-number": 349
            }
        ],
        "rule-71": [
            {
                "replacement-node": 171,
                "part": null,
                "expression-node": 172,
                "node-pos": 293,
                "template-line-number": 701
            }
        ],
        "rule-82": [
            {
                "replacement-node": 197,
                "part": null,
                "expression-node": 198,
                "node-pos": 334,
                "template-line-number": 804
            }
        ],
        "rule-38": [
            {
                "replacement-node": 100,
                "part": null,
                "expression-node": 101,
                "node-pos": 179,
                "template-line-number": 412
            }
        ],
        "rule-53": [
            {
                "replacement-node": 132,
                "part": null,
                "expression-node": 133,
                "node-pos": 230,
                "template-line-number": 542
            }
        ],
        "rule-9": [
            {
                "replacement-node": 24,
                "part": null,
                "expression-node": 25,
                "node-pos": 43,
                "template-line-number": 97
            }
        ],
        "rule-65": [
            {
                "replacement-node": 158,
                "part": null,
                "expression-node": 159,
                "node-pos": 272,
                "template-line-number": 648
            }
        ],
        "rule-59": [
            {
                "replacement-node": 145,
                "part": null,
                "expression-node": 146,
                "node-pos": 251,
                "template-line-number": 595
            }
        ],
        "rule-12": [
            {
                "html": true,
                "replacement-node": 33,
                "part": null,
                "node-pos": 58,
                "template-line-number": 125
            }
        ],
        "rule-81": [
            {
                "replacement-node": 194,
                "part": null,
                "expression-node": 195,
                "node-pos": 330,
                "template-line-number": 794
            }
        ],
        "rule-20": [
            {
                "replacement-node": 61,
                "part": null,
                "expression-node": 62,
                "node-pos": 116,
                "template-line-number": 253
            }
        ],
        "rule-34": [
            {
                "replacement-node": 91,
                "part": null,
                "expression-node": 92,
                "node-pos": 164,
                "template-line-number": 375
            }
        ],
        "rule-72": [
            {
                "replacement-node": 173,
                "part": null,
                "expression-node": 174,
                "node-pos": 296,
                "template-line-number": 709
            }
        ],
        "rule-64": [
            {
                "replacement-node": 156,
                "part": null,
                "expression-node": 157,
                "node-pos": 269,
                "template-line-number": 640
            }
        ],
        "rule-63": [
            {
                "replacement-node": 154,
                "part": null,
                "expression-node": 155,
                "node-pos": 266,
                "template-line-number": 632
            }
        ],
        "rule-10": [
            {
                "replacement-node": 27,
                "part": null,
                "expression-node": 28,
                "node-pos": 47,
                "template-line-number": 103
            }
        ],
        "rule-62": [
            {
                "replacement-node": 152,
                "part": null,
                "expression-node": 153,
                "node-pos": 263,
                "template-line-number": 624
            }
        ],
        "rule-87": [
            {
                "replacement-node": 245,
                "part": null,
                "node-pos": 413,
                "template-line-number": 1016
            }
        ],
        "rule-54": [
            {
                "replacement-node": 134,
                "part": null,
                "expression-node": 135,
                "node-pos": 233,
                "template-line-number": 550
            }
        ],
        "rule-86": [
            {
                "replacement-node": 242,
                "part": null,
                "expression-node": 243,
                "node-pos": 409,
                "template-line-number": 1009
            }
        ],
        "rule-84": [
            {
                "replacement-node": 203,
                "part": null,
                "expression-node": 204,
                "node-pos": 342,
                "template-line-number": 824
            }
        ],
        "rule-73": [
            {
                "replacement-node": 175,
                "part": null,
                "node-pos": 301,
                "template-line-number": 720
            }
        ],
        "rule-90": {
            "name": "ColumnHeadings",
            "subs": [
                {
                    "part": "1",
                    "node-pos": 81,
                    "extras": {},
                    "replacement-node": 39,
                    "name": "ColumnHeadings",
                    "template-line-number": 170
                },
                {
                    "part": "2",
                    "node-pos": 85,
                    "extras": {},
                    "replacement-node": 42,
                    "name": "ColumnHeadings",
                    "template-line-number": 178
                },
                {
                    "part": "3",
                    "node-pos": 79,
                    "extras": {},
                    "replacement-node": 37,
                    "name": "ColumnHeadings",
                    "template-line-number": 166
                }
            ]
        },
        "rule-1": [
            {
                "replacement-node": 0,
                "part": null,
                "node-pos": 9,
                "template-line-number": 20
            }
        ],
        "rule-66": [
            {
                "replacement-node": 160,
                "part": null,
                "expression-node": 161,
                "node-pos": 275,
                "template-line-number": 656
            }
        ],
        "rule-42": [
            {
                "replacement-node": 108,
                "part": null,
                "expression-node": 109,
                "node-pos": 191,
                "template-line-number": 444
            }
        ],
        "rule-29": [
            {
                "replacement-node": 80,
                "part": null,
                "expression-node": 81,
                "node-pos": 146,
                "template-line-number": 330
            }
        ],
        "rule-2": [
            {
                "replacement-node": 3,
                "part": null,
                "expression-node": 4,
                "node-pos": 13,
                "template-line-number": 27
            }
        ],
        "rule-70": [
            {
                "replacement-node": 169,
                "part": null,
                "expression-node": 170,
                "node-pos": 290,
                "template-line-number": 693
            }
        ],
        "rule-78": [
            {
                "replacement-node": 186,
                "part": null,
                "expression-node": 187,
                "node-pos": 317,
                "template-line-number": 762
            }
        ],
        "rule-39": [
            {
                "replacement-node": 102,
                "part": null,
                "expression-node": 103,
                "node-pos": 182,
                "template-line-number": 420
            }
        ],
        "rule-75": [
            {
                "replacement-node": 180,
                "part": null,
                "expression-node": 181,
                "node-pos": 308,
                "template-line-number": 738
            }
        ],
        "rule-68": [
            {
                "replacement-node": 165,
                "part": null,
                "expression-node": 166,
                "node-pos": 284,
                "template-line-number": 677
            }
        ],
        "rule-25": [
            {
                "replacement-node": 71,
                "part": null,
                "node-pos": 133,
                "template-line-number": 296
            }
        ],
        "rule-16": [
            {
                "replacement-node": 52,
                "part": null,
                "expression-node": 53,
                "node-pos": 101,
                "template-line-number": 216
            }
        ],
        "rule-7": [
            {
                "replacement-node": 18,
                "part": null,
                "expression-node": 19,
                "node-pos": 35,
                "template-line-number": 83
            }
        ],
        "rule-41": [
            {
                "replacement-node": 106,
                "part": null,
                "expression-node": 107,
                "node-pos": 188,
                "template-line-number": 436
            }
        ],
        "rule-6": [
            {
                "replacement-node": 15,
                "part": null,
                "node-pos": 31,
                "template-line-number": 76
            }
        ],
        "rule-27": [
            {
                "replacement-node": 76,
                "part": null,
                "expression-node": 77,
                "node-pos": 140,
                "template-line-number": 314
            }
        ],
        "rule-33": [
            {
                "replacement-node": 89,
                "part": null,
                "expression-node": 90,
                "node-pos": 161,
                "template-line-number": 367
            }
        ],
        "rule-23": [
            {
                "replacement-node": 67,
                "part": null,
                "expression-node": 68,
                "node-pos": 125,
                "template-line-number": 277
            }
        ],
        "rule-32": [
            {
                "replacement-node": 87,
                "part": null,
                "expression-node": 88,
                "node-pos": 158,
                "template-line-number": 359
            }
        ],
        "rule-40": [
            {
                "replacement-node": 104,
                "part": null,
                "expression-node": 105,
                "node-pos": 185,
                "template-line-number": 428
            }
        ],
        "rule-17": [
            {
                "replacement-node": 54,
                "part": null,
                "expression-node": 55,
                "node-pos": 104,
                "template-line-number": 224
            }
        ],
        "rule-14": [
            {
                "replacement-node": 48,
                "part": null,
                "expression-node": 49,
                "node-pos": 95,
                "template-line-number": 200
            }
        ],
        "rule-80": [
            {
                "replacement-node": 191,
                "part": null,
                "expression-node": 192,
                "node-pos": 326,
                "template-line-number": 784
            }
        ],
        "rule-88": [
            {
                "replacement-node": 248,
                "part": null,
                "node-pos": 417,
                "template-line-number": 1026
            }
        ],
        "rule-19": [
            {
                "replacement-node": 58,
                "part": null,
                "node-pos": 112,
                "template-line-number": 243
            }
        ],
        "rule-57": [
            {
                "replacement-node": 141,
                "part": null,
                "expression-node": 142,
                "node-pos": 245,
                "template-line-number": 579
            }
        ],
        "rule-24": [
            {
                "replacement-node": 69,
                "part": null,
                "expression-node": 70,
                "node-pos": 128,
                "template-line-number": 285
            }
        ],
        "rule-15": [
            {
                "replacement-node": 50,
                "part": null,
                "expression-node": 51,
                "node-pos": 98,
                "template-line-number": 208
            }
        ],
        "rule-35": [
            {
                "replacement-node": 93,
                "part": null,
                "expression-node": 94,
                "node-pos": 167,
                "template-line-number": 383
            }
        ],
        "rule-30": [
            {
                "replacement-node": 82,
                "part": null,
                "expression-node": 83,
                "node-pos": 149,
                "template-line-number": 338
            }
        ],
        "rule-74": [
            {
                "replacement-node": 178,
                "part": null,
                "expression-node": 179,
                "node-pos": 305,
                "template-line-number": 730
            }
        ],
        "rule-4": [
            {
                "html": true,
                "replacement-node": 9,
                "part": null,
                "node-pos": 21,
                "template-line-number": 42
            }
        ],
        "rule-51": [
            {
                "replacement-node": 128,
                "part": null,
                "expression-node": 129,
                "node-pos": 224,
                "template-line-number": 526
            }
        ],
        "rule-3": [
            {
                "replacement-node": 6,
                "part": null,
                "node-pos": 17,
                "template-line-number": 34
            }
        ],
        "rule-18": [
            {
                "replacement-node": 56,
                "part": null,
                "expression-node": 57,
                "node-pos": 107,
                "template-line-number": 232
            }
        ],
        "rule-77": [
            {
                "replacement-node": 184,
                "part": null,
                "expression-node": 185,
                "node-pos": 314,
                "template-line-number": 754
            }
        ]
    },
    "line-numbers": {
        "DepreciationAndAmortizationOfElectricPlant": [
            {
                "line-number-node": 219,
                "start-number": 12,
                "template-line-number": 962
            }
        ]
    }
}