{
    "line-numbers": {},
    "showifs": {
        "rule-1": {
            "template-line-number": 19,
            "type": "showif"
        }
    },
    "substitutions": {
        "rule-12": [
            {
                "template-line-number": 99,
                "node-pos": 57,
                "replacement-node": 31,
                "part": null
            }
        ],
        "rule-8": [
            {
                "template-line-number": 74,
                "node-pos": 38,
                "replacement-node": 19,
                "part": null,
                "expression-node": 20
            }
        ],
        "rule-13": [
            {
                "template-line-number": 110,
                "node-pos": 62,
                "replacement-node": 34,
                "part": null,
                "html": true
            }
        ],
        "rule-10": [
            {
                "template-line-number": 84,
                "node-pos": 47,
                "replacement-node": 25,
                "part": null,
                "expression-node": 26
            }
        ],
        "rule-9": [
            {
                "template-line-number": 79,
                "node-pos": 42,
                "replacement-node": 22,
                "part": null
            }
        ],
        "rule-7": [
            {
                "template-line-number": 69,
                "node-pos": 33,
                "replacement-node": 16,
                "part": null
            }
        ],
        "rule-2": [
            {
                "template-line-number": 29,
                "node-pos": 11,
                "replacement-node": 1,
                "part": null
            }
        ],
        "rule-6": [
            {
                "template-line-number": 58,
                "node-pos": 28,
                "replacement-node": 13,
                "part": null,
                "html": true
            }
        ],
        "rule-16": [
            {
                "template-line-number": 272,
                "node-pos": 134,
                "replacement-node": 75,
                "part": null
            }
        ],
        "rule-17": {
            "subs": [
                {
                    "node-pos": 73,
                    "replacement-node": 38,
                    "template-line-number": 136,
                    "extras": {},
                    "part": "1",
                    "name": "ISHeadings"
                },
                {
                    "node-pos": 77,
                    "replacement-node": 41,
                    "template-line-number": 143,
                    "extras": {},
                    "part": "2",
                    "name": "ISHeadings"
                }
            ],
            "name": "ISHeadings"
        },
        "rule-18": {
            "subs": [
                {
                    "node-pos": 83,
                    "replacement-node": 45,
                    "template-line-number": 195,
                    "extras": {},
                    "part": "1",
                    "name": "ISLineItems"
                },
                {
                    "node-pos": 91,
                    "replacement-node": 50,
                    "template-line-number": 206,
                    "extras": {},
                    "part": "2",
                    "name": "ISLineItems"
                },
                {
                    "node-pos": 97,
                    "replacement-node": 55,
                    "template-line-number": 214,
                    "extras": {},
                    "part": "3",
                    "name": "ISLineItems"
                },
                {
                    "node-pos": 100,
                    "replacement-node": 57,
                    "expression-node": 58,
                    "template-line-number": 220,
                    "part": "4",
                    "name": "ISLineItems"
                },
                {
                    "node-pos": 104,
                    "replacement-node": 60,
                    "expression-node": 61,
                    "template-line-number": 226,
                    "part": "5",
                    "name": "ISLineItems"
                },
                {
                    "node-pos": 89,
                    "replacement-node": 48,
                    "template-line-number": 202,
                    "extras": {},
                    "part": "6",
                    "name": "ISLineItems"
                },
                {
                    "node-pos": 108,
                    "replacement-node": 63,
                    "expression-node": 64,
                    "template-line-number": 232,
                    "part": "6",
                    "name": "ISLineItems"
                },
                {
                    "node-pos": 112,
                    "replacement-node": 66,
                    "expression-node": 67,
                    "template-line-number": 238,
                    "part": "7",
                    "name": "ISLineItems"
                }
            ],
            "name": "ISLineItems"
        },
        "rule-4": [
            {
                "template-line-number": 40,
                "node-pos": 19,
                "replacement-node": 7,
                "part": null
            }
        ],
        "rule-3": [
            {
                "template-line-number": 34,
                "node-pos": 15,
                "replacement-node": 4,
                "part": null,
                "expression-node": 5
            }
        ],
        "rule-15": [
            {
                "template-line-number": 263,
                "node-pos": 130,
                "replacement-node": 72,
                "part": null
            }
        ],
        "rule-5": [
            {
                "template-line-number": 46,
                "node-pos": 23,
                "replacement-node": 10,
                "part": null,
                "html": true
            }
        ],
        "rule-14": [
            {
                "template-line-number": 258,
                "node-pos": 126,
                "replacement-node": 69,
                "part": null,
                "expression-node": 70
            }
        ],
        "rule-11": [
            {
                "template-line-number": 89,
                "node-pos": 51,
                "replacement-node": 28,
                "part": null,
                "expression-node": 29
            }
        ]
    }
}