{
    "substitutions": {
        "rule-23": [
            {
                "node-pos": 121,
                "template-line-number": 246,
                "expression-node": 73,
                "part": null,
                "replacement-node": 72
            }
        ],
        "rule-6": [
            {
                "node-pos": 37,
                "template-line-number": 74,
                "expression-node": 19,
                "part": null,
                "replacement-node": 18
            }
        ],
        "rule-31": [
            {
                "node-pos": 168,
                "template-line-number": 349,
                "part": null,
                "replacement-node": 96
            }
        ],
        "rule-3": [
            {
                "node-pos": 20,
                "template-line-number": 41,
                "part": null,
                "replacement-node": 6
            }
        ],
        "rule-2": [
            {
                "node-pos": 15,
                "template-line-number": 30,
                "part": null,
                "replacement-node": 3
            }
        ],
        "rule-25": [
            {
                "node-pos": 142,
                "template-line-number": 293,
                "part": null,
                "replacement-node": 78
            }
        ],
        "rule-19": [
            {
                "node-pos": 102,
                "template-line-number": 204,
                "part": null,
                "replacement-node": 60
            }
        ],
        "rule-20": [
            {
                "node-pos": 106,
                "template-line-number": 214,
                "html": true,
                "part": null,
                "replacement-node": 63
            }
        ],
        "rule-18": [
            {
                "node-pos": 98,
                "template-line-number": 194,
                "expression-node": 58,
                "part": null,
                "replacement-node": 57
            }
        ],
        "rule-28": [
            {
                "node-pos": 154,
                "template-line-number": 319,
                "expression-node": 88,
                "part": null,
                "replacement-node": 87
            }
        ],
        "rule-8": [
            {
                "node-pos": 51,
                "template-line-number": 99,
                "expression-node": 28,
                "part": null,
                "replacement-node": 27
            }
        ],
        "rule-37": {
            "subs": [
                {
                    "node-pos": 24,
                    "part": "1",
                    "expression-node": 10,
                    "template-line-number": 49,
                    "name": "RespondentLegalName",
                    "replacement-node": 9
                }
            ],
            "name": "RespondentLegalName"
        },
        "rule-17": [
            {
                "node-pos": 93,
                "template-line-number": 186,
                "part": null,
                "replacement-node": 54
            }
        ],
        "rule-27": [
            {
                "node-pos": 150,
                "template-line-number": 311,
                "part": null,
                "replacement-node": 84
            }
        ],
        "rule-14": [
            {
                "node-pos": 78,
                "template-line-number": 154,
                "expression-node": 46,
                "part": null,
                "replacement-node": 45
            }
        ],
        "rule-32": [
            {
                "node-pos": 172,
                "template-line-number": 357,
                "expression-node": 100,
                "part": null,
                "replacement-node": 99
            }
        ],
        "rule-16": [
            {
                "node-pos": 88,
                "template-line-number": 174,
                "expression-node": 52,
                "part": null,
                "replacement-node": 51
            }
        ],
        "rule-10": [
            {
                "node-pos": 61,
                "template-line-number": 116,
                "expression-node": 34,
                "part": null,
                "replacement-node": 33
            }
        ],
        "rule-4": [
            {
                "node-pos": 28,
                "template-line-number": 59,
                "part": null,
                "replacement-node": 12
            }
        ],
        "rule-15": [
            {
                "node-pos": 83,
                "template-line-number": 166,
                "part": null,
                "replacement-node": 48
            }
        ],
        "rule-36": {
            "subs": [
                {
                    "node-pos": 47,
                    "part": "1",
                    "expression-node": 25,
                    "template-line-number": 91,
                    "name": "PreviousName",
                    "replacement-node": 24
                }
            ],
            "name": "PreviousName"
        },
        "rule-5": [
            {
                "node-pos": 33,
                "template-line-number": 69,
                "expression-node": 16,
                "part": null,
                "replacement-node": 15
            }
        ],
        "rule-34": [
            {
                "node-pos": 186,
                "template-line-number": 387,
                "part": null,
                "replacement-node": 105
            }
        ],
        "rule-9": [
            {
                "node-pos": 56,
                "template-line-number": 108,
                "part": null,
                "replacement-node": 30
            }
        ],
        "rule-33": [
            {
                "node-pos": 182,
                "template-line-number": 381,
                "expression-node": 103,
                "part": null,
                "replacement-node": 102
            }
        ],
        "rule-12": [
            {
                "node-pos": 70,
                "template-line-number": 136,
                "expression-node": 40,
                "part": null,
                "replacement-node": 39
            }
        ],
        "rule-30": [
            {
                "node-pos": 163,
                "template-line-number": 339,
                "expression-node": 94,
                "part": null,
                "replacement-node": 93
            }
        ],
        "rule-1": [
            {
                "node-pos": 9,
                "template-line-number": 21,
                "expression-node": 1,
                "part": null,
                "replacement-node": 0
            }
        ],
        "rule-13": [
            {
                "node-pos": 74,
                "template-line-number": 146,
                "part": null,
                "replacement-node": 42
            }
        ],
        "rule-29": [
            {
                "node-pos": 159,
                "template-line-number": 331,
                "part": null,
                "replacement-node": 90
            }
        ],
        "rule-21": [
            {
                "node-pos": 111,
                "template-line-number": 226,
                "html": true,
                "part": null,
                "replacement-node": 66
            }
        ],
        "rule-7": [
            {
                "node-pos": 42,
                "template-line-number": 83,
                "part": null,
                "replacement-node": 21
            }
        ],
        "rule-26": [
            {
                "node-pos": 146,
                "template-line-number": 301,
                "expression-node": 82,
                "part": null,
                "replacement-node": 81
            }
        ],
        "rule-11": [
            {
                "node-pos": 66,
                "template-line-number": 128,
                "part": null,
                "replacement-node": 36
            }
        ],
        "rule-35": [
            {
                "node-pos": 190,
                "template-line-number": 396,
                "part": null,
                "replacement-node": 108
            }
        ],
        "rule-22": [
            {
                "node-pos": 116,
                "template-line-number": 238,
                "part": null,
                "replacement-node": 69
            }
        ],
        "rule-24": [
            {
                "node-pos": 130,
                "template-line-number": 264,
                "part": null,
                "replacement-node": 75
            }
        ]
    },
    "showifs": {},
    "line-numbers": {}
}