{
    "line-numbers": {},
    "showifs": {},
    "substitutions": {
        "rule-4": [
            {
                "part": null,
                "node-pos": 58,
                "template-line-number": 114,
                "replacement-node": 9
            }
        ],
        "rule-2": [
            {
                "html": true,
                "part": null,
                "node-pos": 20,
                "template-line-number": 44,
                "replacement-node": 3
            }
        ],
        "rule-6": [
            {
                "expression-node": 16,
                "part": null,
                "node-pos": 66,
                "template-line-number": 127,
                "replacement-node": 15
            }
        ],
        "rule-5": [
            {
                "expression-node": 13,
                "part": null,
                "node-pos": 62,
                "template-line-number": 121,
                "replacement-node": 12
            }
        ],
        "rule-1": [
            {
                "html": true,
                "part": null,
                "node-pos": 15,
                "template-line-number": 32,
                "replacement-node": 0
            }
        ],
        "rule-3": [
            {
                "expression-node": 7,
                "part": null,
                "node-pos": 54,
                "template-line-number": 106,
                "replacement-node": 6
            }
        ],
        "rule-7": [
            {
                "expression-node": 19,
                "part": null,
                "node-pos": 72,
                "template-line-number": 139,
                "replacement-node": 18
            }
        ],
        "rule-8": [
            {
                "part": null,
                "node-pos": 76,
                "template-line-number": 146,
                "replacement-node": 21
            }
        ]
    }
}