{
    "line-numbers": {
        "GasStoredLineItems": [
            {
                "line-number-node": 44,
                "template-line-number": 181,
                "start-number": 1
            }
        ]
    },
    "showifs": {},
    "substitutions": {
        "rule-5": [
            {
                "replacement-node": 12,
                "node-pos": 26,
                "part": null,
                "html": true,
                "template-line-number": 50
            }
        ],
        "rule-13": [
            {
                "replacement-node": 65,
                "node-pos": 113,
                "expression-node": 66,
                "part": null,
                "template-line-number": 246
            }
        ],
        "rule-3": [
            {
                "replacement-node": 6,
                "node-pos": 17,
                "part": null,
                "template-line-number": 32
            }
        ],
        "rule-6": [
            {
                "replacement-node": 15,
                "node-pos": 31,
                "part": null,
                "template-line-number": 61
            }
        ],
        "rule-9": [
            {
                "replacement-node": 24,
                "node-pos": 43,
                "expression-node": 25,
                "part": null,
                "template-line-number": 76
            }
        ],
        "rule-12": [
            {
                "replacement-node": 33,
                "node-pos": 58,
                "part": null,
                "html": true,
                "template-line-number": 102
            }
        ],
        "rule-2": [
            {
                "replacement-node": 3,
                "node-pos": 13,
                "expression-node": 4,
                "part": null,
                "template-line-number": 26
            }
        ],
        "rule-11": [
            {
                "replacement-node": 30,
                "node-pos": 53,
                "part": null,
                "template-line-number": 91
            }
        ],
        "rule-4": [
            {
                "replacement-node": 9,
                "node-pos": 21,
                "part": null,
                "html": true,
                "template-line-number": 38
            }
        ],
        "rule-10": [
            {
                "replacement-node": 27,
                "node-pos": 47,
                "expression-node": 28,
                "part": null,
                "template-line-number": 81
            }
        ],
        "rule-1": [
            {
                "replacement-node": 0,
                "node-pos": 9,
                "part": null,
                "template-line-number": 21
            }
        ],
        "rule-17": {
            "subs": [
                {
                    "part": "1",
                    "extras": {},
                    "template-line-number": 189,
                    "replacement-node": 47,
                    "node-pos": 84,
                    "name": "GasStoredLineItems"
                },
                {
                    "part": "2",
                    "name": "GasStoredLineItems",
                    "template-line-number": 195,
                    "replacement-node": 49,
                    "node-pos": 87,
                    "expression-node": 50
                },
                {
                    "part": "3",
                    "name": "GasStoredLineItems",
                    "template-line-number": 201,
                    "replacement-node": 51,
                    "node-pos": 90,
                    "expression-node": 52
                },
                {
                    "part": "4",
                    "name": "GasStoredLineItems",
                    "template-line-number": 207,
                    "replacement-node": 53,
                    "node-pos": 93,
                    "expression-node": 54
                },
                {
                    "part": "5",
                    "name": "GasStoredLineItems",
                    "template-line-number": 213,
                    "replacement-node": 55,
                    "node-pos": 96,
                    "expression-node": 56
                },
                {
                    "part": "6",
                    "name": "GasStoredLineItems",
                    "template-line-number": 219,
                    "replacement-node": 57,
                    "node-pos": 99,
                    "expression-node": 58
                },
                {
                    "part": "7",
                    "name": "GasStoredLineItems",
                    "template-line-number": 225,
                    "replacement-node": 59,
                    "node-pos": 102,
                    "expression-node": 60
                },
                {
                    "part": "8",
                    "name": "GasStoredLineItems",
                    "template-line-number": 231,
                    "replacement-node": 61,
                    "node-pos": 105,
                    "expression-node": 62
                },
                {
                    "part": "9",
                    "name": "GasStoredLineItems",
                    "template-line-number": 237,
                    "replacement-node": 63,
                    "node-pos": 108,
                    "expression-node": 64
                }
            ],
            "name": "GasStoredLineItems"
        },
        "rule-14": [
            {
                "replacement-node": 68,
                "node-pos": 117,
                "part": null,
                "template-line-number": 251
            }
        ],
        "rule-7": [
            {
                "replacement-node": 18,
                "node-pos": 35,
                "expression-node": 19,
                "part": null,
                "template-line-number": 66
            }
        ],
        "rule-8": [
            {
                "replacement-node": 21,
                "node-pos": 39,
                "part": null,
                "template-line-number": 71
            }
        ],
        "rule-16": {
            "subs": [
                {
                    "part": "1",
                    "extras": {},
                    "template-line-number": 129,
                    "replacement-node": 37,
                    "node-pos": 70,
                    "name": "GasStoredHeadings"
                },
                {
                    "part": "2",
                    "extras": {},
                    "template-line-number": 136,
                    "replacement-node": 40,
                    "node-pos": 74,
                    "name": "GasStoredHeadings"
                }
            ],
            "name": "GasStoredHeadings"
        },
        "rule-15": [
            {
                "replacement-node": 71,
                "node-pos": 121,
                "part": null,
                "template-line-number": 260
            }
        ]
    }
}