{
    "line-numbers": {
        "GasStoredLineItems": [
            {
                "start-number": 1,
                "line-number-node": 44,
                "template-line-number": 181
            }
        ]
    },
    "showifs": {},
    "substitutions": {
        "rule-15": [
            {
                "node-pos": 121,
                "replacement-node": 71,
                "template-line-number": 260,
                "part": null
            }
        ],
        "rule-9": [
            {
                "node-pos": 43,
                "replacement-node": 24,
                "expression-node": 25,
                "template-line-number": 76,
                "part": null
            }
        ],
        "rule-5": [
            {
                "html": true,
                "node-pos": 26,
                "replacement-node": 12,
                "template-line-number": 50,
                "part": null
            }
        ],
        "rule-2": [
            {
                "node-pos": 13,
                "replacement-node": 3,
                "expression-node": 4,
                "template-line-number": 26,
                "part": null
            }
        ],
        "rule-17": {
            "subs": [
                {
                    "node-pos": 84,
                    "replacement-node": 47,
                    "template-line-number": 189,
                    "extras": {},
                    "name": "GasStoredLineItems",
                    "part": "1"
                },
                {
                    "node-pos": 87,
                    "replacement-node": 49,
                    "template-line-number": 195,
                    "part": "2",
                    "name": "GasStoredLineItems",
                    "expression-node": 50
                },
                {
                    "node-pos": 90,
                    "replacement-node": 51,
                    "template-line-number": 201,
                    "part": "3",
                    "name": "GasStoredLineItems",
                    "expression-node": 52
                },
                {
                    "node-pos": 93,
                    "replacement-node": 53,
                    "template-line-number": 207,
                    "part": "4",
                    "name": "GasStoredLineItems",
                    "expression-node": 54
                },
                {
                    "node-pos": 96,
                    "replacement-node": 55,
                    "template-line-number": 213,
                    "part": "5",
                    "name": "GasStoredLineItems",
                    "expression-node": 56
                },
                {
                    "node-pos": 99,
                    "replacement-node": 57,
                    "template-line-number": 219,
                    "part": "6",
                    "name": "GasStoredLineItems",
                    "expression-node": 58
                },
                {
                    "node-pos": 102,
                    "replacement-node": 59,
                    "template-line-number": 225,
                    "part": "7",
                    "name": "GasStoredLineItems",
                    "expression-node": 60
                },
                {
                    "node-pos": 105,
                    "replacement-node": 61,
                    "template-line-number": 231,
                    "part": "8",
                    "name": "GasStoredLineItems",
                    "expression-node": 62
                },
                {
                    "node-pos": 108,
                    "replacement-node": 63,
                    "template-line-number": 237,
                    "part": "9",
                    "name": "GasStoredLineItems",
                    "expression-node": 64
                }
            ],
            "name": "GasStoredLineItems"
        },
        "rule-11": [
            {
                "node-pos": 53,
                "replacement-node": 30,
                "template-line-number": 91,
                "part": null
            }
        ],
        "rule-13": [
            {
                "node-pos": 113,
                "replacement-node": 65,
                "expression-node": 66,
                "template-line-number": 246,
                "part": null
            }
        ],
        "rule-10": [
            {
                "node-pos": 47,
                "replacement-node": 27,
                "expression-node": 28,
                "template-line-number": 81,
                "part": null
            }
        ],
        "rule-7": [
            {
                "node-pos": 35,
                "replacement-node": 18,
                "expression-node": 19,
                "template-line-number": 66,
                "part": null
            }
        ],
        "rule-8": [
            {
                "node-pos": 39,
                "replacement-node": 21,
                "template-line-number": 71,
                "part": null
            }
        ],
        "rule-1": [
            {
                "node-pos": 9,
                "replacement-node": 0,
                "template-line-number": 21,
                "part": null
            }
        ],
        "rule-6": [
            {
                "node-pos": 31,
                "replacement-node": 15,
                "template-line-number": 61,
                "part": null
            }
        ],
        "rule-16": {
            "subs": [
                {
                    "node-pos": 70,
                    "replacement-node": 37,
                    "template-line-number": 129,
                    "extras": {},
                    "name": "GasStoredHeadings",
                    "part": "1"
                },
                {
                    "node-pos": 74,
                    "replacement-node": 40,
                    "template-line-number": 136,
                    "extras": {},
                    "name": "GasStoredHeadings",
                    "part": "2"
                }
            ],
            "name": "GasStoredHeadings"
        },
        "rule-12": [
            {
                "html": true,
                "node-pos": 58,
                "replacement-node": 33,
                "template-line-number": 102,
                "part": null
            }
        ],
        "rule-3": [
            {
                "node-pos": 17,
                "replacement-node": 6,
                "template-line-number": 32,
                "part": null
            }
        ],
        "rule-14": [
            {
                "node-pos": 117,
                "replacement-node": 68,
                "template-line-number": 251,
                "part": null
            }
        ],
        "rule-4": [
            {
                "html": true,
                "node-pos": 21,
                "replacement-node": 9,
                "template-line-number": 38,
                "part": null
            }
        ]
    }
}