{
    "line-numbers": {
        "GasStoredLineItems": [
            {
                "template-line-number": 181,
                "start-number": 1,
                "line-number-node": 44
            }
        ]
    },
    "showifs": {},
    "substitutions": {
        "rule-5": [
            {
                "replacement-node": 12,
                "part": null,
                "html": true,
                "template-line-number": 50,
                "node-pos": 26
            }
        ],
        "rule-8": [
            {
                "replacement-node": 21,
                "part": null,
                "template-line-number": 71,
                "node-pos": 39
            }
        ],
        "rule-7": [
            {
                "replacement-node": 18,
                "part": null,
                "node-pos": 35,
                "template-line-number": 66,
                "expression-node": 19
            }
        ],
        "rule-6": [
            {
                "replacement-node": 15,
                "part": null,
                "template-line-number": 61,
                "node-pos": 31
            }
        ],
        "rule-15": [
            {
                "replacement-node": 71,
                "part": null,
                "template-line-number": 260,
                "node-pos": 121
            }
        ],
        "rule-9": [
            {
                "replacement-node": 24,
                "part": null,
                "node-pos": 43,
                "template-line-number": 76,
                "expression-node": 25
            }
        ],
        "rule-10": [
            {
                "replacement-node": 27,
                "part": null,
                "node-pos": 47,
                "template-line-number": 81,
                "expression-node": 28
            }
        ],
        "rule-11": [
            {
                "replacement-node": 30,
                "part": null,
                "template-line-number": 91,
                "node-pos": 53
            }
        ],
        "rule-14": [
            {
                "replacement-node": 68,
                "part": null,
                "template-line-number": 251,
                "node-pos": 117
            }
        ],
        "rule-2": [
            {
                "replacement-node": 3,
                "part": null,
                "node-pos": 13,
                "template-line-number": 26,
                "expression-node": 4
            }
        ],
        "rule-16": {
            "subs": [
                {
                    "part": "1",
                    "extras": {},
                    "replacement-node": 47,
                    "node-pos": 84,
                    "name": "GasStoredLineItems",
                    "template-line-number": 189
                },
                {
                    "part": "2",
                    "expression-node": 50,
                    "replacement-node": 49,
                    "node-pos": 87,
                    "name": "GasStoredLineItems",
                    "template-line-number": 195
                },
                {
                    "part": "3",
                    "expression-node": 52,
                    "replacement-node": 51,
                    "node-pos": 90,
                    "name": "GasStoredLineItems",
                    "template-line-number": 201
                },
                {
                    "part": "4",
                    "expression-node": 54,
                    "replacement-node": 53,
                    "node-pos": 93,
                    "name": "GasStoredLineItems",
                    "template-line-number": 207
                },
                {
                    "part": "5",
                    "expression-node": 56,
                    "replacement-node": 55,
                    "node-pos": 96,
                    "name": "GasStoredLineItems",
                    "template-line-number": 213
                },
                {
                    "part": "6",
                    "expression-node": 58,
                    "replacement-node": 57,
                    "node-pos": 99,
                    "name": "GasStoredLineItems",
                    "template-line-number": 219
                },
                {
                    "part": "7",
                    "expression-node": 60,
                    "replacement-node": 59,
                    "node-pos": 102,
                    "name": "GasStoredLineItems",
                    "template-line-number": 225
                },
                {
                    "part": "8",
                    "expression-node": 62,
                    "replacement-node": 61,
                    "node-pos": 105,
                    "name": "GasStoredLineItems",
                    "template-line-number": 231
                },
                {
                    "part": "9",
                    "expression-node": 64,
                    "replacement-node": 63,
                    "node-pos": 108,
                    "name": "GasStoredLineItems",
                    "template-line-number": 237
                }
            ],
            "name": "GasStoredLineItems"
        },
        "rule-4": [
            {
                "replacement-node": 9,
                "part": null,
                "html": true,
                "template-line-number": 38,
                "node-pos": 21
            }
        ],
        "rule-17": {
            "subs": [
                {
                    "part": "1",
                    "extras": {},
                    "replacement-node": 37,
                    "node-pos": 70,
                    "name": "GasStoredHeadings",
                    "template-line-number": 129
                },
                {
                    "part": "2",
                    "extras": {},
                    "replacement-node": 40,
                    "node-pos": 74,
                    "name": "GasStoredHeadings",
                    "template-line-number": 136
                }
            ],
            "name": "GasStoredHeadings"
        },
        "rule-3": [
            {
                "replacement-node": 6,
                "part": null,
                "template-line-number": 32,
                "node-pos": 17
            }
        ],
        "rule-12": [
            {
                "replacement-node": 33,
                "part": null,
                "html": true,
                "template-line-number": 102,
                "node-pos": 58
            }
        ],
        "rule-13": [
            {
                "replacement-node": 65,
                "part": null,
                "node-pos": 113,
                "template-line-number": 246,
                "expression-node": 66
            }
        ],
        "rule-1": [
            {
                "replacement-node": 0,
                "part": null,
                "template-line-number": 21,
                "node-pos": 9
            }
        ]
    }
}