{
    "showifs": {
        "rule-1": {
            "template-line-number": 17,
            "type": "showif"
        }
    },
    "line-numbers": {
        "GasStoredLineItems": [
            {
                "start-number": 1,
                "line-number-node": 45,
                "template-line-number": 187
            }
        ]
    },
    "substitutions": {
        "rule-3": [
            {
                "replacement-node": 4,
                "template-line-number": 32,
                "expression-node": 5,
                "part": null,
                "node-pos": 14
            }
        ],
        "rule-4": [
            {
                "replacement-node": 7,
                "template-line-number": 38,
                "node-pos": 18,
                "part": null
            }
        ],
        "rule-9": [
            {
                "replacement-node": 22,
                "template-line-number": 77,
                "node-pos": 40,
                "part": null
            }
        ],
        "rule-7": [
            {
                "replacement-node": 16,
                "template-line-number": 67,
                "node-pos": 32,
                "part": null
            }
        ],
        "rule-15": [
            {
                "replacement-node": 69,
                "template-line-number": 257,
                "node-pos": 118,
                "part": null
            }
        ],
        "rule-17": {
            "name": "GasStoredHeadings",
            "subs": [
                {
                    "name": "GasStoredHeadings",
                    "extras": {},
                    "replacement-node": 38,
                    "template-line-number": 135,
                    "node-pos": 71,
                    "part": "1"
                },
                {
                    "name": "GasStoredHeadings",
                    "extras": {},
                    "replacement-node": 41,
                    "template-line-number": 142,
                    "node-pos": 75,
                    "part": "2"
                }
            ]
        },
        "rule-5": [
            {
                "html": true,
                "replacement-node": 10,
                "template-line-number": 44,
                "node-pos": 22,
                "part": null
            }
        ],
        "rule-6": [
            {
                "html": true,
                "replacement-node": 13,
                "template-line-number": 56,
                "node-pos": 27,
                "part": null
            }
        ],
        "rule-16": [
            {
                "replacement-node": 72,
                "template-line-number": 266,
                "node-pos": 122,
                "part": null
            }
        ],
        "rule-18": {
            "name": "GasStoredLineItems",
            "subs": [
                {
                    "name": "GasStoredLineItems",
                    "extras": {},
                    "replacement-node": 48,
                    "template-line-number": 195,
                    "node-pos": 85,
                    "part": "1"
                },
                {
                    "name": "GasStoredLineItems",
                    "replacement-node": 50,
                    "template-line-number": 201,
                    "node-pos": 88,
                    "expression-node": 51,
                    "part": "2"
                },
                {
                    "name": "GasStoredLineItems",
                    "replacement-node": 52,
                    "template-line-number": 207,
                    "node-pos": 91,
                    "expression-node": 53,
                    "part": "3"
                },
                {
                    "name": "GasStoredLineItems",
                    "replacement-node": 54,
                    "template-line-number": 213,
                    "node-pos": 94,
                    "expression-node": 55,
                    "part": "4"
                },
                {
                    "name": "GasStoredLineItems",
                    "replacement-node": 56,
                    "template-line-number": 219,
                    "node-pos": 97,
                    "expression-node": 57,
                    "part": "5"
                },
                {
                    "name": "GasStoredLineItems",
                    "replacement-node": 58,
                    "template-line-number": 225,
                    "node-pos": 100,
                    "expression-node": 59,
                    "part": "6"
                },
                {
                    "name": "GasStoredLineItems",
                    "replacement-node": 60,
                    "template-line-number": 231,
                    "node-pos": 103,
                    "expression-node": 61,
                    "part": "7"
                },
                {
                    "name": "GasStoredLineItems",
                    "replacement-node": 62,
                    "template-line-number": 237,
                    "node-pos": 106,
                    "expression-node": 63,
                    "part": "8"
                },
                {
                    "name": "GasStoredLineItems",
                    "replacement-node": 64,
                    "template-line-number": 243,
                    "node-pos": 109,
                    "expression-node": 65,
                    "part": "9"
                }
            ]
        },
        "rule-11": [
            {
                "replacement-node": 28,
                "template-line-number": 87,
                "expression-node": 29,
                "part": null,
                "node-pos": 48
            }
        ],
        "rule-8": [
            {
                "replacement-node": 19,
                "template-line-number": 72,
                "expression-node": 20,
                "part": null,
                "node-pos": 36
            }
        ],
        "rule-14": [
            {
                "replacement-node": 66,
                "template-line-number": 252,
                "expression-node": 67,
                "part": null,
                "node-pos": 114
            }
        ],
        "rule-10": [
            {
                "replacement-node": 25,
                "template-line-number": 82,
                "expression-node": 26,
                "part": null,
                "node-pos": 44
            }
        ],
        "rule-13": [
            {
                "html": true,
                "replacement-node": 34,
                "template-line-number": 108,
                "node-pos": 59,
                "part": null
            }
        ],
        "rule-12": [
            {
                "replacement-node": 31,
                "template-line-number": 97,
                "node-pos": 54,
                "part": null
            }
        ],
        "rule-2": [
            {
                "replacement-node": 1,
                "template-line-number": 27,
                "node-pos": 10,
                "part": null
            }
        ]
    }
}