{
    "substitutions": {
        "rule-8": [
            {
                "template-line-number": 72,
                "replacement-node": 21,
                "part": null,
                "node-pos": 39
            }
        ],
        "rule-20": [
            {
                "template-line-number": 332,
                "replacement-node": 87,
                "part": null,
                "node-pos": 152
            }
        ],
        "rule-22": {
            "name": "ColumnHeadings",
            "subs": [
                {
                    "extras": {},
                    "name": "ColumnHeadings",
                    "template-line-number": 153,
                    "replacement-node": 39,
                    "part": "1",
                    "node-pos": 81
                },
                {
                    "extras": {},
                    "name": "ColumnHeadings",
                    "template-line-number": 161,
                    "replacement-node": 42,
                    "part": "2",
                    "node-pos": 85
                },
                {
                    "extras": {},
                    "name": "ColumnHeadings",
                    "template-line-number": 149,
                    "replacement-node": 37,
                    "part": "3",
                    "node-pos": 79
                }
            ]
        },
        "rule-17": [
            {
                "expression-node": 79,
                "template-line-number": 305,
                "replacement-node": 78,
                "part": null,
                "node-pos": 138
            }
        ],
        "rule-5": [
            {
                "template-line-number": 51,
                "html": true,
                "replacement-node": 12,
                "part": null,
                "node-pos": 26
            }
        ],
        "rule-18": [
            {
                "expression-node": 82,
                "template-line-number": 318,
                "replacement-node": 81,
                "part": null,
                "node-pos": 144
            }
        ],
        "rule-10": [
            {
                "expression-node": 28,
                "template-line-number": 82,
                "replacement-node": 27,
                "part": null,
                "node-pos": 47
            }
        ],
        "rule-4": [
            {
                "template-line-number": 39,
                "html": true,
                "replacement-node": 9,
                "part": null,
                "node-pos": 21
            }
        ],
        "rule-7": [
            {
                "expression-node": 19,
                "template-line-number": 67,
                "replacement-node": 18,
                "part": null,
                "node-pos": 35
            }
        ],
        "rule-16": [
            {
                "expression-node": 76,
                "template-line-number": 295,
                "replacement-node": 75,
                "part": null,
                "node-pos": 134
            }
        ],
        "rule-9": [
            {
                "expression-node": 25,
                "template-line-number": 77,
                "replacement-node": 24,
                "part": null,
                "node-pos": 43
            }
        ],
        "rule-19": [
            {
                "template-line-number": 323,
                "replacement-node": 84,
                "part": null,
                "node-pos": 148
            }
        ],
        "rule-15": [
            {
                "expression-node": 73,
                "template-line-number": 283,
                "replacement-node": 72,
                "part": null,
                "node-pos": 129
            }
        ],
        "rule-1": [
            {
                "template-line-number": 22,
                "replacement-node": 0,
                "part": null,
                "node-pos": 9
            }
        ],
        "rule-6": [
            {
                "template-line-number": 62,
                "replacement-node": 15,
                "part": null,
                "node-pos": 31
            }
        ],
        "rule-11": [
            {
                "template-line-number": 93,
                "replacement-node": 30,
                "part": null,
                "node-pos": 53
            }
        ],
        "rule-12": [
            {
                "template-line-number": 104,
                "html": true,
                "replacement-node": 33,
                "part": null,
                "node-pos": 58
            }
        ],
        "rule-13": [
            {
                "template-line-number": 262,
                "replacement-node": 66,
                "part": null,
                "node-pos": 120
            }
        ],
        "rule-14": [
            {
                "expression-node": 70,
                "template-line-number": 274,
                "replacement-node": 69,
                "part": null,
                "node-pos": 125
            }
        ],
        "rule-21": {
            "name": "OtherRegulatoryAssets",
            "subs": [
                {
                    "part": "2",
                    "name": "OtherRegulatoryAssets",
                    "template-line-number": 225,
                    "replacement-node": 48,
                    "expression-node": 49,
                    "node-pos": 94
                },
                {
                    "part": "3",
                    "name": "OtherRegulatoryAssets",
                    "template-line-number": 230,
                    "replacement-node": 51,
                    "expression-node": 52,
                    "node-pos": 98
                },
                {
                    "part": "4",
                    "name": "OtherRegulatoryAssets",
                    "template-line-number": 235,
                    "replacement-node": 54,
                    "expression-node": 55,
                    "node-pos": 102
                },
                {
                    "part": "5",
                    "name": "OtherRegulatoryAssets",
                    "template-line-number": 240,
                    "replacement-node": 57,
                    "expression-node": 58,
                    "node-pos": 106
                },
                {
                    "part": "6",
                    "name": "OtherRegulatoryAssets",
                    "template-line-number": 245,
                    "replacement-node": 60,
                    "expression-node": 61,
                    "node-pos": 110
                },
                {
                    "part": "7",
                    "name": "OtherRegulatoryAssets",
                    "template-line-number": 250,
                    "replacement-node": 63,
                    "expression-node": 64,
                    "node-pos": 114
                }
            ]
        },
        "rule-2": [
            {
                "expression-node": 4,
                "template-line-number": 27,
                "replacement-node": 3,
                "part": null,
                "node-pos": 13
            }
        ],
        "rule-3": [
            {
                "template-line-number": 33,
                "replacement-node": 6,
                "part": null,
                "node-pos": 17
            }
        ]
    },
    "showifs": {},
    "line-numbers": {
        "OtherRegulatoryAssets": [
            {
                "template-line-number": 222,
                "start-number": 1,
                "line-number-node": 46
            }
        ]
    }
}