{
    "substitutions": {
        "rule-7": [
            {
                "template-line-number": 66,
                "replacement-node": 18,
                "expression-node": 19,
                "node-pos": 35,
                "part": null
            }
        ],
        "rule-10": [
            {
                "template-line-number": 81,
                "replacement-node": 27,
                "expression-node": 28,
                "node-pos": 47,
                "part": null
            }
        ],
        "rule-1": [
            {
                "replacement-node": 0,
                "template-line-number": 21,
                "node-pos": 9,
                "part": null
            }
        ],
        "rule-14": [
            {
                "replacement-node": 96,
                "template-line-number": 653,
                "node-pos": 175,
                "part": null
            }
        ],
        "rule-4": [
            {
                "html": true,
                "replacement-node": 9,
                "template-line-number": 38,
                "node-pos": 21,
                "part": null
            }
        ],
        "rule-17": {
            "subs": [
                {
                    "name": "ShipperSuppliedHeadings",
                    "extras": {},
                    "replacement-node": 39,
                    "part": "1",
                    "template-line-number": 160,
                    "node-pos": 96
                },
                {
                    "name": "ShipperSuppliedHeadings",
                    "extras": {},
                    "replacement-node": 42,
                    "part": "2",
                    "template-line-number": 169,
                    "node-pos": 100
                },
                {
                    "name": "ShipperSuppliedHeadings",
                    "extras": {},
                    "replacement-node": 37,
                    "part": "3",
                    "template-line-number": 156,
                    "node-pos": 94
                }
            ],
            "name": "ShipperSuppliedHeadings"
        },
        "rule-15": [
            {
                "replacement-node": 99,
                "template-line-number": 662,
                "node-pos": 179,
                "part": null
            }
        ],
        "rule-16": {
            "subs": [
                {
                    "name": "ShipperLineItems",
                    "extras": {},
                    "replacement-node": 46,
                    "part": "1",
                    "template-line-number": 534,
                    "node-pos": 106
                },
                {
                    "name": "ShipperLineItems",
                    "replacement-node": 48,
                    "expression-node": 49,
                    "part": "1",
                    "template-line-number": 540,
                    "node-pos": 109
                },
                {
                    "name": "ShipperLineItems",
                    "replacement-node": 75,
                    "expression-node": 76,
                    "part": "10",
                    "template-line-number": 597,
                    "node-pos": 145
                },
                {
                    "name": "ShipperLineItems",
                    "replacement-node": 78,
                    "expression-node": 79,
                    "part": "11",
                    "template-line-number": 603,
                    "node-pos": 149
                },
                {
                    "name": "ShipperLineItems",
                    "replacement-node": 81,
                    "expression-node": 82,
                    "part": "12",
                    "template-line-number": 609,
                    "node-pos": 153
                },
                {
                    "name": "ShipperLineItems",
                    "replacement-node": 84,
                    "expression-node": 85,
                    "part": "13",
                    "template-line-number": 616,
                    "node-pos": 157
                },
                {
                    "name": "ShipperLineItems",
                    "replacement-node": 87,
                    "expression-node": 88,
                    "part": "14",
                    "template-line-number": 622,
                    "node-pos": 161
                },
                {
                    "name": "ShipperLineItems",
                    "replacement-node": 90,
                    "expression-node": 91,
                    "part": "15",
                    "template-line-number": 628,
                    "node-pos": 165
                },
                {
                    "name": "ShipperLineItems",
                    "replacement-node": 51,
                    "expression-node": 52,
                    "part": "2",
                    "template-line-number": 547,
                    "node-pos": 113
                },
                {
                    "name": "ShipperLineItems",
                    "replacement-node": 54,
                    "expression-node": 55,
                    "part": "3",
                    "template-line-number": 553,
                    "node-pos": 117
                },
                {
                    "name": "ShipperLineItems",
                    "replacement-node": 57,
                    "expression-node": 58,
                    "part": "4",
                    "template-line-number": 559,
                    "node-pos": 121
                },
                {
                    "name": "ShipperLineItems",
                    "replacement-node": 60,
                    "expression-node": 61,
                    "part": "5",
                    "template-line-number": 565,
                    "node-pos": 125
                },
                {
                    "name": "ShipperLineItems",
                    "replacement-node": 63,
                    "expression-node": 64,
                    "part": "6",
                    "template-line-number": 573,
                    "node-pos": 129
                },
                {
                    "name": "ShipperLineItems",
                    "replacement-node": 66,
                    "expression-node": 67,
                    "part": "7",
                    "template-line-number": 579,
                    "node-pos": 133
                },
                {
                    "name": "ShipperLineItems",
                    "replacement-node": 69,
                    "expression-node": 70,
                    "part": "8",
                    "template-line-number": 585,
                    "node-pos": 137
                },
                {
                    "name": "ShipperLineItems",
                    "replacement-node": 72,
                    "expression-node": 73,
                    "part": "9",
                    "template-line-number": 591,
                    "node-pos": 141
                }
            ],
            "name": "ShipperLineItems"
        },
        "rule-12": [
            {
                "html": true,
                "replacement-node": 33,
                "template-line-number": 102,
                "node-pos": 58,
                "part": null
            }
        ],
        "rule-9": [
            {
                "template-line-number": 76,
                "replacement-node": 24,
                "expression-node": 25,
                "node-pos": 43,
                "part": null
            }
        ],
        "rule-2": [
            {
                "template-line-number": 26,
                "replacement-node": 3,
                "expression-node": 4,
                "node-pos": 13,
                "part": null
            }
        ],
        "rule-8": [
            {
                "replacement-node": 21,
                "template-line-number": 71,
                "node-pos": 39,
                "part": null
            }
        ],
        "rule-3": [
            {
                "replacement-node": 6,
                "template-line-number": 32,
                "node-pos": 17,
                "part": null
            }
        ],
        "rule-6": [
            {
                "replacement-node": 15,
                "template-line-number": 61,
                "node-pos": 31,
                "part": null
            }
        ],
        "rule-5": [
            {
                "html": true,
                "replacement-node": 12,
                "template-line-number": 50,
                "node-pos": 26,
                "part": null
            }
        ],
        "rule-11": [
            {
                "replacement-node": 30,
                "template-line-number": 91,
                "node-pos": 53,
                "part": null
            }
        ],
        "rule-13": [
            {
                "template-line-number": 648,
                "replacement-node": 93,
                "expression-node": 94,
                "node-pos": 171,
                "part": null
            }
        ]
    },
    "showifs": {},
    "line-numbers": {}
}