{
    "line-numbers": {},
    "showifs": {},
    "substitutions": {
        "rule-12": [
            {
                "replacement-node": 33,
                "template-line-number": 103,
                "node-pos": 58,
                "part": null,
                "html": true
            }
        ],
        "rule-3": [
            {
                "replacement-node": 6,
                "template-line-number": 33,
                "node-pos": 17,
                "part": null
            }
        ],
        "rule-5": [
            {
                "replacement-node": 12,
                "template-line-number": 51,
                "node-pos": 26,
                "part": null,
                "html": true
            }
        ],
        "rule-10": [
            {
                "replacement-node": 27,
                "template-line-number": 82,
                "node-pos": 47,
                "part": null,
                "expression-node": 28
            }
        ],
        "rule-16": {
            "name": "CFLineItems",
            "subs": [
                {
                    "replacement-node": 44,
                    "extras": {},
                    "name": "CFLineItems",
                    "template-line-number": 306,
                    "part": "1",
                    "node-pos": 81
                },
                {
                    "expression-node": 50,
                    "node-pos": 89,
                    "replacement-node": 49,
                    "name": "CFLineItems",
                    "template-line-number": 317,
                    "part": "2"
                },
                {
                    "expression-node": 55,
                    "node-pos": 95,
                    "replacement-node": 54,
                    "name": "CFLineItems",
                    "template-line-number": 329,
                    "part": "4"
                },
                {
                    "expression-node": 60,
                    "node-pos": 101,
                    "replacement-node": 59,
                    "name": "CFLineItems",
                    "template-line-number": 339,
                    "part": "5"
                },
                {
                    "replacement-node": 47,
                    "extras": {},
                    "name": "CFLineItems",
                    "template-line-number": 313,
                    "part": "6",
                    "node-pos": 87
                }
            ]
        },
        "rule-17": {
            "name": "ISHeadings",
            "subs": [
                {
                    "replacement-node": 37,
                    "extras": {},
                    "name": "ISHeadings",
                    "template-line-number": 131,
                    "part": "1",
                    "node-pos": 71
                },
                {
                    "replacement-node": 40,
                    "extras": {},
                    "name": "ISHeadings",
                    "template-line-number": 138,
                    "part": "2",
                    "node-pos": 75
                }
            ]
        },
        "rule-9": [
            {
                "replacement-node": 24,
                "template-line-number": 77,
                "node-pos": 43,
                "part": null,
                "expression-node": 25
            }
        ],
        "rule-4": [
            {
                "replacement-node": 9,
                "template-line-number": 39,
                "node-pos": 21,
                "part": null,
                "html": true
            }
        ],
        "rule-13": [
            {
                "replacement-node": 64,
                "template-line-number": 359,
                "node-pos": 109,
                "part": null,
                "expression-node": 65
            }
        ],
        "rule-15": [
            {
                "replacement-node": 70,
                "template-line-number": 376,
                "node-pos": 117,
                "part": null
            }
        ],
        "rule-11": [
            {
                "replacement-node": 30,
                "template-line-number": 92,
                "node-pos": 53,
                "part": null
            }
        ],
        "rule-8": [
            {
                "replacement-node": 21,
                "template-line-number": 72,
                "node-pos": 39,
                "part": null
            }
        ],
        "rule-1": [
            {
                "replacement-node": 0,
                "template-line-number": 22,
                "node-pos": 9,
                "part": null
            }
        ],
        "rule-7": [
            {
                "replacement-node": 18,
                "template-line-number": 67,
                "node-pos": 35,
                "part": null,
                "expression-node": 19
            }
        ],
        "rule-14": [
            {
                "replacement-node": 67,
                "template-line-number": 366,
                "node-pos": 113,
                "part": null
            }
        ],
        "rule-2": [
            {
                "replacement-node": 3,
                "template-line-number": 27,
                "node-pos": 13,
                "part": null,
                "expression-node": 4
            }
        ],
        "rule-6": [
            {
                "replacement-node": 15,
                "template-line-number": 62,
                "node-pos": 31,
                "part": null
            }
        ]
    }
}