{
    "showifs": {},
    "substitutions": {
        "rule-10": [
            {
                "expression-node": 28,
                "part": null,
                "template-line-number": 81,
                "node-pos": 47,
                "replacement-node": 27
            }
        ],
        "rule-14": [
            {
                "node-pos": 100,
                "part": null,
                "template-line-number": 203,
                "replacement-node": 59
            }
        ],
        "rule-1": [
            {
                "node-pos": 9,
                "part": null,
                "template-line-number": 21,
                "replacement-node": 0
            }
        ],
        "rule-16": {
            "name": "GPLineItems",
            "subs": [
                {
                    "name": "GPLineItems",
                    "replacement-node": 44,
                    "node-pos": 77,
                    "part": "1",
                    "extras": {},
                    "template-line-number": 165
                },
                {
                    "name": "GPLineItems",
                    "replacement-node": 49,
                    "node-pos": 85,
                    "part": "2",
                    "extras": {},
                    "template-line-number": 176
                },
                {
                    "node-pos": 90,
                    "name": "GPLineItems",
                    "replacement-node": 53,
                    "expression-node": 54,
                    "part": "4",
                    "template-line-number": 186
                },
                {
                    "name": "GPLineItems",
                    "replacement-node": 47,
                    "node-pos": 83,
                    "part": "6",
                    "extras": {},
                    "template-line-number": 172
                }
            ]
        },
        "rule-7": [
            {
                "expression-node": 19,
                "part": null,
                "template-line-number": 66,
                "node-pos": 35,
                "replacement-node": 18
            }
        ],
        "rule-11": [
            {
                "node-pos": 53,
                "part": null,
                "template-line-number": 91,
                "replacement-node": 30
            }
        ],
        "rule-4": [
            {
                "node-pos": 21,
                "part": null,
                "template-line-number": 38,
                "html": true,
                "replacement-node": 9
            }
        ],
        "rule-8": [
            {
                "node-pos": 39,
                "part": null,
                "template-line-number": 71,
                "replacement-node": 21
            }
        ],
        "rule-3": [
            {
                "node-pos": 17,
                "part": null,
                "template-line-number": 32,
                "replacement-node": 6
            }
        ],
        "rule-13": [
            {
                "expression-node": 57,
                "part": null,
                "template-line-number": 198,
                "node-pos": 96,
                "replacement-node": 56
            }
        ],
        "rule-5": [
            {
                "node-pos": 26,
                "part": null,
                "template-line-number": 50,
                "html": true,
                "replacement-node": 12
            }
        ],
        "rule-12": [
            {
                "node-pos": 58,
                "part": null,
                "template-line-number": 102,
                "html": true,
                "replacement-node": 33
            }
        ],
        "rule-6": [
            {
                "node-pos": 31,
                "part": null,
                "template-line-number": 61,
                "replacement-node": 15
            }
        ],
        "rule-9": [
            {
                "expression-node": 25,
                "part": null,
                "template-line-number": 76,
                "node-pos": 43,
                "replacement-node": 24
            }
        ],
        "rule-15": [
            {
                "node-pos": 104,
                "part": null,
                "template-line-number": 212,
                "replacement-node": 62
            }
        ],
        "rule-17": {
            "name": "GPHeadings",
            "subs": [
                {
                    "name": "GPHeadings",
                    "replacement-node": 37,
                    "node-pos": 67,
                    "part": "1",
                    "extras": {},
                    "template-line-number": 125
                },
                {
                    "name": "GPHeadings",
                    "replacement-node": 40,
                    "node-pos": 71,
                    "part": "2",
                    "extras": {},
                    "template-line-number": 132
                }
            ]
        },
        "rule-2": [
            {
                "expression-node": 4,
                "part": null,
                "template-line-number": 26,
                "node-pos": 13,
                "replacement-node": 3
            }
        ]
    },
    "line-numbers": {}
}