{
    "line-numbers": {},
    "showifs": {},
    "substitutions": {
        "rule-5": [
            {
                "node-pos": 26,
                "html": true,
                "template-line-number": 50,
                "replacement-node": 12,
                "part": null
            }
        ],
        "rule-2": [
            {
                "node-pos": 13,
                "expression-node": 4,
                "template-line-number": 26,
                "replacement-node": 3,
                "part": null
            }
        ],
        "rule-15": [
            {
                "node-pos": 104,
                "template-line-number": 212,
                "replacement-node": 62,
                "part": null
            }
        ],
        "rule-16": {
            "subs": [
                {
                    "template-line-number": 125,
                    "name": "GPHeadings",
                    "part": "1",
                    "node-pos": 67,
                    "extras": {},
                    "replacement-node": 37
                },
                {
                    "template-line-number": 132,
                    "name": "GPHeadings",
                    "part": "2",
                    "node-pos": 71,
                    "extras": {},
                    "replacement-node": 40
                }
            ],
            "name": "GPHeadings"
        },
        "rule-4": [
            {
                "node-pos": 21,
                "html": true,
                "template-line-number": 38,
                "replacement-node": 9,
                "part": null
            }
        ],
        "rule-3": [
            {
                "node-pos": 17,
                "template-line-number": 32,
                "replacement-node": 6,
                "part": null
            }
        ],
        "rule-9": [
            {
                "node-pos": 43,
                "expression-node": 25,
                "template-line-number": 76,
                "replacement-node": 24,
                "part": null
            }
        ],
        "rule-6": [
            {
                "node-pos": 31,
                "template-line-number": 61,
                "replacement-node": 15,
                "part": null
            }
        ],
        "rule-13": [
            {
                "node-pos": 96,
                "expression-node": 57,
                "template-line-number": 198,
                "replacement-node": 56,
                "part": null
            }
        ],
        "rule-17": {
            "subs": [
                {
                    "template-line-number": 165,
                    "name": "GPLineItems",
                    "part": "1",
                    "node-pos": 77,
                    "extras": {},
                    "replacement-node": 44
                },
                {
                    "template-line-number": 176,
                    "name": "GPLineItems",
                    "part": "2",
                    "node-pos": 85,
                    "extras": {},
                    "replacement-node": 49
                },
                {
                    "expression-node": 54,
                    "name": "GPLineItems",
                    "part": "4",
                    "node-pos": 90,
                    "template-line-number": 186,
                    "replacement-node": 53
                },
                {
                    "template-line-number": 172,
                    "name": "GPLineItems",
                    "part": "6",
                    "node-pos": 83,
                    "extras": {},
                    "replacement-node": 47
                }
            ],
            "name": "GPLineItems"
        },
        "rule-14": [
            {
                "node-pos": 100,
                "template-line-number": 203,
                "replacement-node": 59,
                "part": null
            }
        ],
        "rule-1": [
            {
                "node-pos": 9,
                "template-line-number": 21,
                "replacement-node": 0,
                "part": null
            }
        ],
        "rule-7": [
            {
                "node-pos": 35,
                "expression-node": 19,
                "template-line-number": 66,
                "replacement-node": 18,
                "part": null
            }
        ],
        "rule-10": [
            {
                "node-pos": 47,
                "expression-node": 28,
                "template-line-number": 81,
                "replacement-node": 27,
                "part": null
            }
        ],
        "rule-11": [
            {
                "node-pos": 53,
                "template-line-number": 91,
                "replacement-node": 30,
                "part": null
            }
        ],
        "rule-8": [
            {
                "node-pos": 39,
                "template-line-number": 71,
                "replacement-node": 21,
                "part": null
            }
        ],
        "rule-12": [
            {
                "node-pos": 58,
                "html": true,
                "template-line-number": 102,
                "replacement-node": 33,
                "part": null
            }
        ]
    }
}