{
    "substitutions": {
        "rule-13": [
            {
                "node-pos": 61,
                "template-line-number": 111,
                "html": true,
                "replacement-node": 34,
                "part": null
            }
        ],
        "rule-17": [
            {
                "node-pos": 133,
                "expression-node": 81,
                "template-line-number": 340,
                "replacement-node": 80,
                "part": null
            }
        ],
        "rule-9": [
            {
                "node-pos": 40,
                "template-line-number": 75,
                "replacement-node": 22,
                "part": null
            }
        ],
        "rule-22": [
            {
                "node-pos": 156,
                "template-line-number": 386,
                "replacement-node": 95,
                "part": null
            }
        ],
        "rule-19": [
            {
                "node-pos": 142,
                "expression-node": 87,
                "template-line-number": 359,
                "replacement-node": 86,
                "part": null
            }
        ],
        "rule-14": [
            {
                "node-pos": 120,
                "template-line-number": 310,
                "replacement-node": 71,
                "part": null
            }
        ],
        "rule-11": [
            {
                "node-pos": 48,
                "expression-node": 29,
                "template-line-number": 84,
                "replacement-node": 28,
                "part": null
            }
        ],
        "rule-7": [
            {
                "node-pos": 32,
                "template-line-number": 66,
                "replacement-node": 16,
                "part": null
            }
        ],
        "rule-8": [
            {
                "node-pos": 36,
                "expression-node": 20,
                "template-line-number": 70,
                "replacement-node": 19,
                "part": null
            }
        ],
        "rule-21": [
            {
                "node-pos": 152,
                "template-line-number": 377,
                "replacement-node": 92,
                "part": null
            }
        ],
        "rule-3": [
            {
                "node-pos": 14,
                "expression-node": 5,
                "template-line-number": 31,
                "replacement-node": 4,
                "part": null
            }
        ],
        "rule-18": [
            {
                "node-pos": 138,
                "expression-node": 84,
                "template-line-number": 350,
                "replacement-node": 83,
                "part": null
            }
        ],
        "rule-5": [
            {
                "node-pos": 22,
                "template-line-number": 43,
                "html": true,
                "replacement-node": 10,
                "part": null
            }
        ],
        "rule-10": [
            {
                "node-pos": 44,
                "expression-node": 26,
                "template-line-number": 79,
                "replacement-node": 25,
                "part": null
            }
        ],
        "rule-15": [
            {
                "node-pos": 125,
                "expression-node": 75,
                "template-line-number": 322,
                "replacement-node": 74,
                "part": null
            }
        ],
        "rule-20": [
            {
                "node-pos": 148,
                "expression-node": 90,
                "template-line-number": 372,
                "replacement-node": 89,
                "part": null
            }
        ],
        "rule-2": [
            {
                "node-pos": 10,
                "template-line-number": 27,
                "replacement-node": 1,
                "part": null
            }
        ],
        "rule-24": {
            "name": "ExtraOrdHeadings",
            "subs": [
                {
                    "name": "ExtraOrdHeadings",
                    "replacement-node": 40,
                    "extras": {},
                    "part": "1",
                    "node-pos": 76,
                    "template-line-number": 144
                },
                {
                    "name": "ExtraOrdHeadings",
                    "replacement-node": 43,
                    "extras": {},
                    "part": "2",
                    "node-pos": 80,
                    "template-line-number": 153
                },
                {
                    "name": "ExtraOrdHeadings",
                    "replacement-node": 38,
                    "extras": {},
                    "part": "3",
                    "node-pos": 74,
                    "template-line-number": 140
                }
            ]
        },
        "rule-23": {
            "name": "ExtraordinaryPropertyLosses",
            "subs": [
                {
                    "expression-node": 51,
                    "name": "ExtraordinaryPropertyLosses",
                    "replacement-node": 50,
                    "part": "2",
                    "node-pos": 90,
                    "template-line-number": 249
                },
                {
                    "expression-node": 54,
                    "name": "ExtraordinaryPropertyLosses",
                    "replacement-node": 53,
                    "part": "3",
                    "node-pos": 94,
                    "template-line-number": 257
                },
                {
                    "expression-node": 57,
                    "name": "ExtraordinaryPropertyLosses",
                    "replacement-node": 56,
                    "part": "4",
                    "node-pos": 98,
                    "template-line-number": 265
                },
                {
                    "expression-node": 60,
                    "name": "ExtraordinaryPropertyLosses",
                    "replacement-node": 59,
                    "part": "5",
                    "node-pos": 102,
                    "template-line-number": 273
                },
                {
                    "expression-node": 63,
                    "name": "ExtraordinaryPropertyLosses",
                    "replacement-node": 62,
                    "part": "6",
                    "node-pos": 106,
                    "template-line-number": 281
                },
                {
                    "expression-node": 66,
                    "name": "ExtraordinaryPropertyLosses",
                    "replacement-node": 65,
                    "part": "7",
                    "node-pos": 110,
                    "template-line-number": 289
                },
                {
                    "expression-node": 69,
                    "name": "ExtraordinaryPropertyLosses",
                    "replacement-node": 68,
                    "part": "8",
                    "node-pos": 114,
                    "template-line-number": 297
                }
            ]
        },
        "rule-6": [
            {
                "node-pos": 27,
                "template-line-number": 55,
                "html": true,
                "replacement-node": 13,
                "part": null
            }
        ],
        "rule-16": [
            {
                "node-pos": 129,
                "expression-node": 78,
                "template-line-number": 331,
                "replacement-node": 77,
                "part": null
            }
        ],
        "rule-4": [
            {
                "node-pos": 18,
                "template-line-number": 37,
                "replacement-node": 7,
                "part": null
            }
        ],
        "rule-12": [
            {
                "node-pos": 56,
                "template-line-number": 100,
                "replacement-node": 31,
                "part": null
            }
        ]
    },
    "showifs": {
        "rule-1": {
            "template-line-number": 17,
            "type": "showif"
        }
    },
    "line-numbers": {
        "ExtraordinaryPropertyLosses": [
            {
                "line-number-node": 47,
                "template-line-number": 244,
                "start-number": 7
            }
        ]
    }
}