{
    "substitutions": {
        "rule-17": [
            {
                "node-pos": 156,
                "template-line-number": 336,
                "part": null,
                "replacement-node": 83,
                "expression-node": 84
            }
        ],
        "rule-3": [
            {
                "node-pos": 14,
                "template-line-number": 31,
                "part": null,
                "replacement-node": 4,
                "expression-node": 5
            }
        ],
        "rule-47": {
            "subs": [
                {
                    "extras": {},
                    "template-line-number": 1100,
                    "node-pos": 411,
                    "replacement-node": 231,
                    "part": "1",
                    "name": "LongTermDebtHeader"
                }
            ],
            "name": "LongTermDebtHeader"
        },
        "rule-27": [
            {
                "template-line-number": 612,
                "part": null,
                "replacement-node": 142,
                "node-pos": 255
            }
        ],
        "rule-16": [
            {
                "node-pos": 151,
                "template-line-number": 324,
                "part": null,
                "replacement-node": 80,
                "expression-node": 81
            }
        ],
        "rule-7": [
            {
                "template-line-number": 66,
                "part": null,
                "replacement-node": 16,
                "node-pos": 32
            }
        ],
        "rule-26": [
            {
                "template-line-number": 596,
                "part": null,
                "replacement-node": 140,
                "node-pos": 252
            }
        ],
        "rule-14": [
            {
                "template-line-number": 166,
                "part": null,
                "replacement-node": 46,
                "node-pos": 91
            }
        ],
        "rule-25": [
            {
                "node-pos": 246,
                "template-line-number": 585,
                "part": null,
                "replacement-node": 137,
                "expression-node": 138
            }
        ],
        "rule-18": [
            {
                "node-pos": 161,
                "template-line-number": 357,
                "part": null,
                "replacement-node": 86,
                "expression-node": 87
            }
        ],
        "rule-39": [
            {
                "node-pos": 466,
                "template-line-number": 1238,
                "part": null,
                "replacement-node": 267,
                "expression-node": 268
            }
        ],
        "rule-31": [
            {
                "node-pos": 325,
                "template-line-number": 827,
                "part": null,
                "replacement-node": 182,
                "expression-node": 183
            }
        ],
        "rule-49": {
            "subs": [
                {
                    "extras": {},
                    "template-line-number": 145,
                    "node-pos": 81,
                    "replacement-node": 40,
                    "html": true,
                    "part": "1",
                    "name": "LongTermDebtHeadings"
                },
                {
                    "extras": {},
                    "template-line-number": 154,
                    "node-pos": 85,
                    "replacement-node": 43,
                    "part": "2",
                    "name": "LongTermDebtHeadings"
                },
                {
                    "extras": {},
                    "template-line-number": 141,
                    "node-pos": 79,
                    "replacement-node": 38,
                    "part": "3",
                    "name": "LongTermDebtHeadings"
                }
            ],
            "name": "LongTermDebtHeadings"
        },
        "rule-24": [
            {
                "node-pos": 242,
                "template-line-number": 575,
                "part": null,
                "replacement-node": 134,
                "expression-node": 135
            }
        ],
        "rule-28": [
            {
                "template-line-number": 767,
                "part": null,
                "replacement-node": 173,
                "node-pos": 308
            }
        ],
        "rule-41": [
            {
                "node-pos": 474,
                "template-line-number": 1258,
                "part": null,
                "replacement-node": 273,
                "expression-node": 274
            }
        ],
        "rule-38": [
            {
                "node-pos": 461,
                "template-line-number": 1227,
                "part": null,
                "replacement-node": 264,
                "expression-node": 265
            }
        ],
        "rule-29": [
            {
                "node-pos": 315,
                "template-line-number": 796,
                "part": null,
                "replacement-node": 176,
                "expression-node": 177
            }
        ],
        "rule-40": [
            {
                "node-pos": 470,
                "template-line-number": 1248,
                "part": null,
                "replacement-node": 270,
                "expression-node": 271
            }
        ],
        "rule-30": [
            {
                "node-pos": 320,
                "template-line-number": 807,
                "part": null,
                "replacement-node": 179,
                "expression-node": 180
            }
        ],
        "rule-43": [
            {
                "template-line-number": 1277,
                "part": null,
                "replacement-node": 279,
                "node-pos": 485
            }
        ],
        "rule-32": [
            {
                "template-line-number": 838,
                "part": null,
                "replacement-node": 185,
                "node-pos": 331
            }
        ],
        "rule-48": {
            "subs": [
                {
                    "template-line-number": 295,
                    "expression-node": 75,
                    "replacement-node": 74,
                    "part": "10",
                    "name": "BondsLineItems",
                    "node-pos": 139
                },
                {
                    "template-line-number": 247,
                    "expression-node": 54,
                    "replacement-node": 53,
                    "part": "2",
                    "name": "BondsLineItems",
                    "node-pos": 110
                },
                {
                    "template-line-number": 253,
                    "expression-node": 57,
                    "replacement-node": 56,
                    "part": "3",
                    "name": "BondsLineItems",
                    "node-pos": 114
                },
                {
                    "template-line-number": 259,
                    "expression-node": 60,
                    "replacement-node": 59,
                    "part": "4",
                    "name": "BondsLineItems",
                    "node-pos": 118
                },
                {
                    "template-line-number": 265,
                    "expression-node": 63,
                    "replacement-node": 62,
                    "part": "5",
                    "name": "BondsLineItems",
                    "node-pos": 122
                },
                {
                    "template-line-number": 271,
                    "expression-node": 66,
                    "replacement-node": 65,
                    "part": "6",
                    "name": "BondsLineItems",
                    "node-pos": 126
                },
                {
                    "template-line-number": 277,
                    "expression-node": 69,
                    "replacement-node": 68,
                    "part": "7",
                    "name": "BondsLineItems",
                    "node-pos": 130
                },
                {
                    "template-line-number": 289,
                    "expression-node": 72,
                    "replacement-node": 71,
                    "part": "9",
                    "name": "BondsLineItems",
                    "node-pos": 135
                }
            ],
            "name": "BondsLineItems"
        },
        "rule-4": [
            {
                "template-line-number": 37,
                "part": null,
                "replacement-node": 7,
                "node-pos": 18
            }
        ],
        "rule-23": [
            {
                "node-pos": 238,
                "template-line-number": 565,
                "part": null,
                "replacement-node": 131,
                "expression-node": 132
            }
        ],
        "rule-15": [
            {
                "template-line-number": 304,
                "part": null,
                "replacement-node": 77,
                "node-pos": 144
            }
        ],
        "rule-33": [
            {
                "template-line-number": 858,
                "part": null,
                "replacement-node": 187,
                "node-pos": 334
            }
        ],
        "rule-34": [
            {
                "template-line-number": 1017,
                "part": null,
                "replacement-node": 218,
                "node-pos": 387
            }
        ],
        "rule-9": [
            {
                "template-line-number": 75,
                "part": null,
                "replacement-node": 22,
                "node-pos": 40
            }
        ],
        "rule-37": [
            {
                "node-pos": 404,
                "template-line-number": 1080,
                "part": null,
                "replacement-node": 227,
                "expression-node": 228
            }
        ],
        "rule-11": [
            {
                "node-pos": 48,
                "template-line-number": 84,
                "part": null,
                "replacement-node": 28,
                "expression-node": 29
            }
        ],
        "rule-5": [
            {
                "html": true,
                "template-line-number": 43,
                "part": null,
                "replacement-node": 10,
                "node-pos": 22
            }
        ],
        "rule-50": {
            "subs": [
                {
                    "template-line-number": 1212,
                    "expression-node": 262,
                    "replacement-node": 261,
                    "part": "10",
                    "name": "LongTermDebtLineItems",
                    "node-pos": 452
                },
                {
                    "template-line-number": 1164,
                    "expression-node": 238,
                    "replacement-node": 237,
                    "part": "2",
                    "name": "LongTermDebtLineItems",
                    "node-pos": 420
                },
                {
                    "template-line-number": 1170,
                    "expression-node": 241,
                    "replacement-node": 240,
                    "part": "3",
                    "name": "LongTermDebtLineItems",
                    "node-pos": 424
                },
                {
                    "template-line-number": 1176,
                    "expression-node": 244,
                    "replacement-node": 243,
                    "part": "4",
                    "name": "LongTermDebtLineItems",
                    "node-pos": 428
                },
                {
                    "template-line-number": 1182,
                    "expression-node": 247,
                    "replacement-node": 246,
                    "part": "5",
                    "name": "LongTermDebtLineItems",
                    "node-pos": 432
                },
                {
                    "template-line-number": 1188,
                    "expression-node": 250,
                    "replacement-node": 249,
                    "part": "6",
                    "name": "LongTermDebtLineItems",
                    "node-pos": 436
                },
                {
                    "template-line-number": 1194,
                    "expression-node": 253,
                    "replacement-node": 252,
                    "part": "7",
                    "name": "LongTermDebtLineItems",
                    "node-pos": 440
                },
                {
                    "template-line-number": 1200,
                    "expression-node": 256,
                    "replacement-node": 255,
                    "part": "8",
                    "name": "LongTermDebtLineItems",
                    "node-pos": 444
                },
                {
                    "template-line-number": 1206,
                    "expression-node": 259,
                    "replacement-node": 258,
                    "part": "9",
                    "name": "LongTermDebtLineItems",
                    "node-pos": 448
                }
            ],
            "name": "LongTermDebtLineItems"
        },
        "rule-44": [
            {
                "template-line-number": 1286,
                "part": null,
                "replacement-node": 282,
                "node-pos": 489
            }
        ],
        "rule-35": [
            {
                "node-pos": 394,
                "template-line-number": 1049,
                "part": null,
                "replacement-node": 221,
                "expression-node": 222
            }
        ],
        "rule-19": [
            {
                "template-line-number": 368,
                "part": null,
                "replacement-node": 89,
                "node-pos": 167
            }
        ],
        "rule-10": [
            {
                "node-pos": 44,
                "template-line-number": 79,
                "part": null,
                "replacement-node": 25,
                "expression-node": 26
            }
        ],
        "rule-2": [
            {
                "template-line-number": 27,
                "part": null,
                "replacement-node": 1,
                "node-pos": 10
            }
        ],
        "rule-8": [
            {
                "node-pos": 36,
                "template-line-number": 70,
                "part": null,
                "replacement-node": 19,
                "expression-node": 20
            }
        ],
        "rule-21": [
            {
                "template-line-number": 530,
                "part": null,
                "replacement-node": 125,
                "node-pos": 226
            }
        ],
        "rule-20": [
            {
                "template-line-number": 380,
                "part": null,
                "replacement-node": 91,
                "node-pos": 170
            }
        ],
        "rule-13": [
            {
                "html": true,
                "template-line-number": 105,
                "part": null,
                "replacement-node": 34,
                "node-pos": 59
            }
        ],
        "rule-51": {
            "subs": [
                {
                    "template-line-number": 521,
                    "expression-node": 123,
                    "replacement-node": 122,
                    "part": "10",
                    "name": "ReacquiredBondsLineItems",
                    "node-pos": 221
                },
                {
                    "template-line-number": 473,
                    "expression-node": 99,
                    "replacement-node": 98,
                    "part": "2",
                    "name": "ReacquiredBondsLineItems",
                    "node-pos": 189
                },
                {
                    "template-line-number": 479,
                    "expression-node": 102,
                    "replacement-node": 101,
                    "part": "3",
                    "name": "ReacquiredBondsLineItems",
                    "node-pos": 193
                },
                {
                    "template-line-number": 485,
                    "expression-node": 105,
                    "replacement-node": 104,
                    "part": "4",
                    "name": "ReacquiredBondsLineItems",
                    "node-pos": 197
                },
                {
                    "template-line-number": 491,
                    "expression-node": 108,
                    "replacement-node": 107,
                    "part": "5",
                    "name": "ReacquiredBondsLineItems",
                    "node-pos": 201
                },
                {
                    "template-line-number": 497,
                    "expression-node": 111,
                    "replacement-node": 110,
                    "part": "6",
                    "name": "ReacquiredBondsLineItems",
                    "node-pos": 205
                },
                {
                    "template-line-number": 503,
                    "expression-node": 114,
                    "replacement-node": 113,
                    "part": "7",
                    "name": "ReacquiredBondsLineItems",
                    "node-pos": 209
                },
                {
                    "template-line-number": 509,
                    "expression-node": 117,
                    "replacement-node": 116,
                    "part": "8",
                    "name": "ReacquiredBondsLineItems",
                    "node-pos": 213
                },
                {
                    "template-line-number": 515,
                    "expression-node": 120,
                    "replacement-node": 119,
                    "part": "9",
                    "name": "ReacquiredBondsLineItems",
                    "node-pos": 217
                }
            ],
            "name": "ReacquiredBondsLineItems"
        },
        "rule-12": [
            {
                "template-line-number": 94,
                "part": null,
                "replacement-node": 31,
                "node-pos": 54
            }
        ],
        "rule-45": {
            "subs": [
                {
                    "template-line-number": 1008,
                    "expression-node": 216,
                    "replacement-node": 215,
                    "part": "10",
                    "name": "OtherLongTermDebtLineItems",
                    "node-pos": 382
                },
                {
                    "template-line-number": 960,
                    "expression-node": 195,
                    "replacement-node": 194,
                    "part": "2",
                    "name": "OtherLongTermDebtLineItems",
                    "node-pos": 353
                },
                {
                    "template-line-number": 966,
                    "expression-node": 198,
                    "replacement-node": 197,
                    "part": "3",
                    "name": "OtherLongTermDebtLineItems",
                    "node-pos": 357
                },
                {
                    "template-line-number": 972,
                    "expression-node": 201,
                    "replacement-node": 200,
                    "part": "4",
                    "name": "OtherLongTermDebtLineItems",
                    "node-pos": 361
                },
                {
                    "template-line-number": 978,
                    "expression-node": 204,
                    "replacement-node": 203,
                    "part": "5",
                    "name": "OtherLongTermDebtLineItems",
                    "node-pos": 365
                },
                {
                    "template-line-number": 984,
                    "expression-node": 207,
                    "replacement-node": 206,
                    "part": "6",
                    "name": "OtherLongTermDebtLineItems",
                    "node-pos": 369
                },
                {
                    "template-line-number": 990,
                    "expression-node": 210,
                    "replacement-node": 209,
                    "part": "7",
                    "name": "OtherLongTermDebtLineItems",
                    "node-pos": 373
                },
                {
                    "template-line-number": 1002,
                    "expression-node": 213,
                    "replacement-node": 212,
                    "part": "9",
                    "name": "OtherLongTermDebtLineItems",
                    "node-pos": 378
                }
            ],
            "name": "OtherLongTermDebtLineItems"
        },
        "rule-22": [
            {
                "node-pos": 233,
                "template-line-number": 554,
                "part": null,
                "replacement-node": 128,
                "expression-node": 129
            }
        ],
        "rule-36": [
            {
                "node-pos": 399,
                "template-line-number": 1060,
                "part": null,
                "replacement-node": 224,
                "expression-node": 225
            }
        ],
        "rule-6": [
            {
                "html": true,
                "template-line-number": 55,
                "part": null,
                "replacement-node": 13,
                "node-pos": 27
            }
        ],
        "rule-46": {
            "subs": [
                {
                    "template-line-number": 758,
                    "expression-node": 171,
                    "replacement-node": 170,
                    "part": "10",
                    "name": "AdvancesLineItems",
                    "node-pos": 303
                },
                {
                    "template-line-number": 710,
                    "expression-node": 150,
                    "replacement-node": 149,
                    "part": "2",
                    "name": "AdvancesLineItems",
                    "node-pos": 274
                },
                {
                    "template-line-number": 716,
                    "expression-node": 153,
                    "replacement-node": 152,
                    "part": "3",
                    "name": "AdvancesLineItems",
                    "node-pos": 278
                },
                {
                    "template-line-number": 722,
                    "expression-node": 156,
                    "replacement-node": 155,
                    "part": "4",
                    "name": "AdvancesLineItems",
                    "node-pos": 282
                },
                {
                    "template-line-number": 728,
                    "expression-node": 159,
                    "replacement-node": 158,
                    "part": "5",
                    "name": "AdvancesLineItems",
                    "node-pos": 286
                },
                {
                    "template-line-number": 734,
                    "expression-node": 162,
                    "replacement-node": 161,
                    "part": "6",
                    "name": "AdvancesLineItems",
                    "node-pos": 290
                },
                {
                    "template-line-number": 740,
                    "expression-node": 165,
                    "replacement-node": 164,
                    "part": "7",
                    "name": "AdvancesLineItems",
                    "node-pos": 294
                },
                {
                    "template-line-number": 752,
                    "expression-node": 168,
                    "replacement-node": 167,
                    "part": "9",
                    "name": "AdvancesLineItems",
                    "node-pos": 299
                }
            ],
            "name": "AdvancesLineItems"
        },
        "rule-42": [
            {
                "node-pos": 481,
                "template-line-number": 1272,
                "part": null,
                "replacement-node": 276,
                "expression-node": 277
            }
        ]
    },
    "showifs": {
        "rule-1": {
            "type": "showif",
            "template-line-number": 17
        }
    },
    "line-numbers": {
        "BondsLineItems": [
            {
                "template-line-number": 243,
                "line-number-node": 50,
                "start-number": 2
            }
        ],
        "ReacquiredBondsLineItems": [
            {
                "template-line-number": 459,
                "start-rule": "rule-52",
                "line-number-node": 95
            }
        ],
        "AdvancesLineItems": [
            {
                "template-line-number": 694,
                "start-rule": "rule-53",
                "line-number-node": 146
            }
        ],
        "OtherLongTermDebtLineItems": [
            {
                "template-line-number": 940,
                "start-rule": "rule-54",
                "line-number-node": 191
            }
        ],
        "LongTermDebtLineItems": [
            {
                "template-line-number": 1160,
                "line-number-node": 234,
                "start-number": 1
            }
        ]
    }
}