{
    "showifs": {
        "rule-1": {
            "template-line-number": 18,
            "type": "showif"
        }
    },
    "line-numbers": {},
    "substitutions": {
        "rule-11": [
            {
                "node-pos": 49,
                "part": null,
                "replacement-node": 28,
                "expression-node": 29,
                "template-line-number": 88
            }
        ],
        "rule-4": [
            {
                "node-pos": 19,
                "part": null,
                "replacement-node": 7,
                "template-line-number": 39
            }
        ],
        "rule-17": {
            "subs": [
                {
                    "part": "1",
                    "replacement-node": 38,
                    "name": "ColumnHeadings",
                    "node-pos": 76,
                    "extras": {},
                    "template-line-number": 140
                },
                {
                    "part": "2",
                    "replacement-node": 41,
                    "name": "ColumnHeadings",
                    "node-pos": 80,
                    "extras": {},
                    "template-line-number": 147
                }
            ],
            "name": "ColumnHeadings"
        },
        "rule-8": [
            {
                "node-pos": 37,
                "part": null,
                "replacement-node": 19,
                "expression-node": 20,
                "template-line-number": 73
            }
        ],
        "rule-12": [
            {
                "node-pos": 55,
                "part": null,
                "replacement-node": 31,
                "template-line-number": 98
            }
        ],
        "rule-13": [
            {
                "node-pos": 60,
                "html": true,
                "part": null,
                "replacement-node": 34,
                "template-line-number": 109
            }
        ],
        "rule-18": {
            "subs": [
                {
                    "part": "1",
                    "replacement-node": 45,
                    "name": "CostOfServiceAnalysisLineItems",
                    "node-pos": 86,
                    "extras": {},
                    "template-line-number": 193
                },
                {
                    "part": "2",
                    "replacement-node": 50,
                    "name": "CostOfServiceAnalysisLineItems",
                    "node-pos": 94,
                    "extras": {},
                    "template-line-number": 204
                },
                {
                    "part": "4",
                    "replacement-node": 54,
                    "name": "CostOfServiceAnalysisLineItems",
                    "node-pos": 99,
                    "expression-node": 55,
                    "template-line-number": 213
                },
                {
                    "part": "5",
                    "replacement-node": 59,
                    "name": "CostOfServiceAnalysisLineItems",
                    "node-pos": 105,
                    "expression-node": 60,
                    "template-line-number": 228
                },
                {
                    "part": "6",
                    "replacement-node": 48,
                    "name": "CostOfServiceAnalysisLineItems",
                    "node-pos": 92,
                    "extras": {},
                    "template-line-number": 200
                }
            ],
            "name": "CostOfServiceAnalysisLineItems"
        },
        "rule-9": [
            {
                "node-pos": 41,
                "part": null,
                "replacement-node": 22,
                "template-line-number": 78
            }
        ],
        "rule-3": [
            {
                "node-pos": 15,
                "part": null,
                "replacement-node": 4,
                "expression-node": 5,
                "template-line-number": 33
            }
        ],
        "rule-6": [
            {
                "node-pos": 28,
                "html": true,
                "part": null,
                "replacement-node": 13,
                "template-line-number": 57
            }
        ],
        "rule-7": [
            {
                "node-pos": 33,
                "part": null,
                "replacement-node": 16,
                "template-line-number": 68
            }
        ],
        "rule-15": [
            {
                "node-pos": 117,
                "part": null,
                "replacement-node": 67,
                "template-line-number": 252
            }
        ],
        "rule-2": [
            {
                "node-pos": 11,
                "part": null,
                "replacement-node": 1,
                "template-line-number": 28
            }
        ],
        "rule-14": [
            {
                "node-pos": 113,
                "part": null,
                "replacement-node": 64,
                "expression-node": 65,
                "template-line-number": 247
            }
        ],
        "rule-5": [
            {
                "node-pos": 23,
                "html": true,
                "part": null,
                "replacement-node": 10,
                "template-line-number": 45
            }
        ],
        "rule-16": [
            {
                "node-pos": 121,
                "part": null,
                "replacement-node": 70,
                "template-line-number": 261
            }
        ],
        "rule-10": [
            {
                "node-pos": 45,
                "part": null,
                "replacement-node": 25,
                "expression-node": 26,
                "template-line-number": 83
            }
        ]
    }
}