{
    "substitutions": {
        "rule-8": [
            {
                "template-line-number": 70,
                "replacement-node": 19,
                "part": null,
                "node-pos": 36,
                "expression-node": 20
            }
        ],
        "rule-19": [
            {
                "template-line-number": 374,
                "replacement-node": 90,
                "part": null,
                "node-pos": 161,
                "expression-node": 91
            }
        ],
        "rule-4": [
            {
                "template-line-number": 37,
                "replacement-node": 7,
                "part": null,
                "node-pos": 18
            }
        ],
        "rule-10": [
            {
                "template-line-number": 79,
                "replacement-node": 25,
                "part": null,
                "node-pos": 44,
                "expression-node": 26
            }
        ],
        "rule-21": [
            {
                "template-line-number": 388,
                "replacement-node": 96,
                "part": null,
                "node-pos": 169
            }
        ],
        "rule-25": {
            "subs": [
                {
                    "part": "2",
                    "node-pos": 87,
                    "template-line-number": 197,
                    "replacement-node": 49,
                    "name": "CapitalStock",
                    "expression-node": 50
                },
                {
                    "part": "3",
                    "node-pos": 91,
                    "template-line-number": 202,
                    "replacement-node": 52,
                    "name": "CapitalStock",
                    "expression-node": 53
                }
            ],
            "name": "CapitalStock"
        },
        "rule-7": [
            {
                "template-line-number": 66,
                "replacement-node": 16,
                "part": null,
                "node-pos": 32
            }
        ],
        "rule-2": [
            {
                "template-line-number": 27,
                "replacement-node": 1,
                "part": null,
                "node-pos": 10
            }
        ],
        "rule-12": [
            {
                "template-line-number": 96,
                "replacement-node": 31,
                "part": null,
                "node-pos": 54
            }
        ],
        "rule-24": {
            "subs": [
                {
                    "part": "2",
                    "node-pos": 140,
                    "template-line-number": 333,
                    "replacement-node": 78,
                    "name": "CapitalStockExpense",
                    "expression-node": 79
                },
                {
                    "part": "3",
                    "node-pos": 144,
                    "template-line-number": 338,
                    "replacement-node": 81,
                    "name": "CapitalStockExpense",
                    "expression-node": 82
                }
            ],
            "name": "CapitalStockExpense"
        },
        "rule-13": [
            {
                "template-line-number": 107,
                "replacement-node": 34,
                "part": null,
                "html": true,
                "node-pos": 59
            }
        ],
        "rule-16": [
            {
                "template-line-number": 243,
                "replacement-node": 61,
                "part": null,
                "html": true,
                "node-pos": 110
            }
        ],
        "rule-22": {
            "subs": [
                {
                    "part": "1",
                    "node-pos": 125,
                    "template-line-number": 276,
                    "replacement-node": 67,
                    "name": "ExpcCapHeadings",
                    "extras": {}
                },
                {
                    "part": "2",
                    "node-pos": 129,
                    "template-line-number": 285,
                    "replacement-node": 70,
                    "name": "ExpcCapHeadings",
                    "extras": {}
                },
                {
                    "part": "3",
                    "node-pos": 123,
                    "template-line-number": 272,
                    "replacement-node": 65,
                    "name": "ExpcCapHeadings",
                    "extras": {}
                }
            ],
            "name": "ExpcCapHeadings"
        },
        "rule-3": [
            {
                "template-line-number": 31,
                "replacement-node": 4,
                "part": null,
                "node-pos": 14,
                "expression-node": 5
            }
        ],
        "rule-18": [
            {
                "template-line-number": 361,
                "replacement-node": 87,
                "part": null,
                "node-pos": 155,
                "expression-node": 88
            }
        ],
        "rule-20": [
            {
                "template-line-number": 379,
                "replacement-node": 93,
                "part": null,
                "node-pos": 165
            }
        ],
        "rule-11": [
            {
                "template-line-number": 84,
                "replacement-node": 28,
                "part": null,
                "node-pos": 48,
                "expression-node": 29
            }
        ],
        "rule-15": [
            {
                "template-line-number": 225,
                "replacement-node": 58,
                "part": null,
                "node-pos": 102,
                "expression-node": 59
            }
        ],
        "rule-23": {
            "subs": [
                {
                    "part": "1",
                    "node-pos": 74,
                    "template-line-number": 141,
                    "replacement-node": 40,
                    "name": "DiscCapHeadings",
                    "extras": {}
                },
                {
                    "part": "2",
                    "node-pos": 78,
                    "template-line-number": 150,
                    "replacement-node": 43,
                    "name": "DiscCapHeadings",
                    "extras": {}
                },
                {
                    "part": "3",
                    "node-pos": 72,
                    "template-line-number": 137,
                    "replacement-node": 38,
                    "name": "DiscCapHeadings",
                    "extras": {}
                }
            ],
            "name": "DiscCapHeadings"
        },
        "rule-6": [
            {
                "template-line-number": 55,
                "replacement-node": 13,
                "part": null,
                "html": true,
                "node-pos": 27
            }
        ],
        "rule-5": [
            {
                "template-line-number": 43,
                "replacement-node": 10,
                "part": null,
                "html": true,
                "node-pos": 22
            }
        ],
        "rule-17": [
            {
                "template-line-number": 349,
                "replacement-node": 84,
                "part": null,
                "node-pos": 150
            }
        ],
        "rule-14": [
            {
                "template-line-number": 213,
                "replacement-node": 55,
                "part": null,
                "node-pos": 97
            }
        ],
        "rule-9": [
            {
                "template-line-number": 75,
                "replacement-node": 22,
                "part": null,
                "node-pos": 40
            }
        ]
    },
    "line-numbers": {
        "CapitalStock": [
            {
                "template-line-number": 194,
                "line-number-node": 47,
                "start-number": 1
            }
        ],
        "CapitalStockExpense": [
            {
                "template-line-number": 329,
                "line-number-node": 74,
                "start-number": 16
            }
        ]
    },
    "showifs": {
        "rule-1": {
            "template-line-number": 17,
            "type": "showif"
        }
    }
}