{
    "showifs": {
        "rule-1": {
            "type": "showif",
            "template-line-number": 18
        }
    },
    "substitutions": {
        "rule-12": [
            {
                "node-pos": 55,
                "replacement-node": 31,
                "part": null,
                "template-line-number": 98
            }
        ],
        "rule-4": [
            {
                "node-pos": 19,
                "replacement-node": 7,
                "part": null,
                "template-line-number": 39
            }
        ],
        "rule-17": {
            "subs": [
                {
                    "name": "ExpenseAccountsHeadings",
                    "extras": {},
                    "template-line-number": 139,
                    "node-pos": 75,
                    "replacement-node": 38,
                    "part": "1"
                },
                {
                    "name": "ExpenseAccountsHeadings",
                    "extras": {},
                    "template-line-number": 146,
                    "node-pos": 79,
                    "replacement-node": 41,
                    "part": "2"
                }
            ],
            "name": "ExpenseAccountsHeadings"
        },
        "rule-14": [
            {
                "node-pos": 132,
                "replacement-node": 78,
                "expression-node": 79,
                "part": null,
                "template-line-number": 287
            }
        ],
        "rule-3": [
            {
                "node-pos": 15,
                "replacement-node": 4,
                "expression-node": 5,
                "part": null,
                "template-line-number": 33
            }
        ],
        "rule-10": [
            {
                "node-pos": 45,
                "replacement-node": 25,
                "expression-node": 26,
                "part": null,
                "template-line-number": 83
            }
        ],
        "rule-2": [
            {
                "node-pos": 11,
                "replacement-node": 1,
                "part": null,
                "template-line-number": 28
            }
        ],
        "rule-6": [
            {
                "node-pos": 28,
                "replacement-node": 13,
                "html": true,
                "part": null,
                "template-line-number": 57
            }
        ],
        "rule-18": {
            "subs": [
                {
                    "name": "ExpenseAccountsLineItems",
                    "extras": {},
                    "template-line-number": 213,
                    "node-pos": 85,
                    "replacement-node": 45,
                    "part": "1"
                },
                {
                    "name": "ExpenseAccountsLineItems",
                    "expression-node": 73,
                    "template-line-number": 270,
                    "node-pos": 122,
                    "replacement-node": 72,
                    "part": "10"
                },
                {
                    "name": "ExpenseAccountsLineItems",
                    "expression-node": 76,
                    "template-line-number": 276,
                    "node-pos": 126,
                    "replacement-node": 75,
                    "part": "11"
                },
                {
                    "name": "ExpenseAccountsLineItems",
                    "extras": {},
                    "template-line-number": 224,
                    "node-pos": 93,
                    "replacement-node": 50,
                    "part": "2"
                },
                {
                    "name": "ExpenseAccountsLineItems",
                    "expression-node": 55,
                    "template-line-number": 234,
                    "node-pos": 98,
                    "replacement-node": 54,
                    "part": "4"
                },
                {
                    "name": "ExpenseAccountsLineItems",
                    "expression-node": 58,
                    "template-line-number": 240,
                    "node-pos": 102,
                    "replacement-node": 57,
                    "part": "5"
                },
                {
                    "name": "ExpenseAccountsLineItems",
                    "extras": {},
                    "template-line-number": 220,
                    "node-pos": 91,
                    "replacement-node": 48,
                    "part": "6"
                },
                {
                    "name": "ExpenseAccountsLineItems",
                    "expression-node": 61,
                    "template-line-number": 246,
                    "node-pos": 106,
                    "replacement-node": 60,
                    "part": "6"
                },
                {
                    "name": "ExpenseAccountsLineItems",
                    "expression-node": 64,
                    "template-line-number": 252,
                    "node-pos": 110,
                    "replacement-node": 63,
                    "part": "7"
                },
                {
                    "name": "ExpenseAccountsLineItems",
                    "expression-node": 67,
                    "template-line-number": 258,
                    "node-pos": 114,
                    "replacement-node": 66,
                    "part": "8"
                },
                {
                    "name": "ExpenseAccountsLineItems",
                    "expression-node": 70,
                    "template-line-number": 264,
                    "node-pos": 118,
                    "replacement-node": 69,
                    "part": "9"
                }
            ],
            "name": "ExpenseAccountsLineItems"
        },
        "rule-9": [
            {
                "node-pos": 41,
                "replacement-node": 22,
                "part": null,
                "template-line-number": 78
            }
        ],
        "rule-11": [
            {
                "node-pos": 49,
                "replacement-node": 28,
                "expression-node": 29,
                "part": null,
                "template-line-number": 88
            }
        ],
        "rule-13": [
            {
                "node-pos": 60,
                "replacement-node": 34,
                "html": true,
                "part": null,
                "template-line-number": 109
            }
        ],
        "rule-8": [
            {
                "node-pos": 37,
                "replacement-node": 19,
                "expression-node": 20,
                "part": null,
                "template-line-number": 73
            }
        ],
        "rule-16": [
            {
                "node-pos": 140,
                "replacement-node": 84,
                "part": null,
                "template-line-number": 301
            }
        ],
        "rule-15": [
            {
                "node-pos": 136,
                "replacement-node": 81,
                "part": null,
                "template-line-number": 292
            }
        ],
        "rule-5": [
            {
                "node-pos": 23,
                "replacement-node": 10,
                "html": true,
                "part": null,
                "template-line-number": 45
            }
        ],
        "rule-7": [
            {
                "node-pos": 33,
                "replacement-node": 16,
                "part": null,
                "template-line-number": 68
            }
        ]
    },
    "line-numbers": {}
}