{
    "showifs": {},
    "line-numbers": {
        "Compressor": [
            {
                "line-number-node": 46,
                "start-number": 1,
                "template-line-number": 302
            }
        ]
    },
    "substitutions": {
        "rule-6": [
            {
                "node-pos": 31,
                "replacement-node": 15,
                "part": null,
                "template-line-number": 61
            }
        ],
        "rule-19": [
            {
                "node-pos": 168,
                "expression-node": 108,
                "replacement-node": 107,
                "part": null,
                "template-line-number": 458
            }
        ],
        "rule-14": [
            {
                "node-pos": 148,
                "expression-node": 93,
                "replacement-node": 92,
                "part": null,
                "template-line-number": 408
            }
        ],
        "rule-4": [
            {
                "node-pos": 21,
                "html": true,
                "replacement-node": 9,
                "part": null,
                "template-line-number": 38
            }
        ],
        "rule-16": [
            {
                "node-pos": 156,
                "expression-node": 99,
                "replacement-node": 98,
                "part": null,
                "template-line-number": 428
            }
        ],
        "rule-25": [
            {
                "node-pos": 195,
                "replacement-node": 125,
                "part": null,
                "template-line-number": 519
            }
        ],
        "rule-15": [
            {
                "node-pos": 152,
                "expression-node": 96,
                "replacement-node": 95,
                "part": null,
                "template-line-number": 418
            }
        ],
        "rule-27": {
            "name": "CompressorStationHeadings",
            "subs": [
                {
                    "node-pos": 73,
                    "replacement-node": 39,
                    "part": "1",
                    "extras": {},
                    "name": "CompressorStationHeadings",
                    "template-line-number": 133
                },
                {
                    "node-pos": 77,
                    "replacement-node": 42,
                    "part": "2",
                    "extras": {},
                    "name": "CompressorStationHeadings",
                    "template-line-number": 142
                },
                {
                    "node-pos": 71,
                    "replacement-node": 37,
                    "part": "3",
                    "extras": {},
                    "name": "CompressorStationHeadings",
                    "template-line-number": 129
                }
            ]
        },
        "rule-5": [
            {
                "node-pos": 26,
                "html": true,
                "replacement-node": 12,
                "part": null,
                "template-line-number": 50
            }
        ],
        "rule-18": [
            {
                "node-pos": 164,
                "expression-node": 105,
                "replacement-node": 104,
                "part": null,
                "template-line-number": 448
            }
        ],
        "rule-8": [
            {
                "node-pos": 39,
                "replacement-node": 21,
                "part": null,
                "template-line-number": 70
            }
        ],
        "rule-22": [
            {
                "node-pos": 180,
                "expression-node": 117,
                "replacement-node": 116,
                "part": null,
                "template-line-number": 488
            }
        ],
        "rule-21": [
            {
                "node-pos": 176,
                "expression-node": 114,
                "replacement-node": 113,
                "part": null,
                "template-line-number": 478
            }
        ],
        "rule-10": [
            {
                "node-pos": 47,
                "expression-node": 28,
                "replacement-node": 27,
                "part": null,
                "template-line-number": 79
            }
        ],
        "rule-7": [
            {
                "node-pos": 35,
                "expression-node": 19,
                "replacement-node": 18,
                "part": null,
                "template-line-number": 65
            }
        ],
        "rule-3": [
            {
                "node-pos": 17,
                "replacement-node": 6,
                "part": null,
                "template-line-number": 32
            }
        ],
        "rule-17": [
            {
                "node-pos": 160,
                "expression-node": 102,
                "replacement-node": 101,
                "part": null,
                "template-line-number": 438
            }
        ],
        "rule-24": [
            {
                "node-pos": 191,
                "expression-node": 123,
                "replacement-node": 122,
                "part": null,
                "template-line-number": 514
            }
        ],
        "rule-2": [
            {
                "node-pos": 13,
                "expression-node": 4,
                "replacement-node": 3,
                "part": null,
                "template-line-number": 26
            }
        ],
        "rule-20": [
            {
                "node-pos": 172,
                "expression-node": 111,
                "replacement-node": 110,
                "part": null,
                "template-line-number": 468
            }
        ],
        "rule-13": [
            {
                "node-pos": 142,
                "replacement-node": 89,
                "part": null,
                "template-line-number": 393
            }
        ],
        "rule-1": [
            {
                "node-pos": 9,
                "replacement-node": 0,
                "part": null,
                "template-line-number": 22
            }
        ],
        "rule-9": [
            {
                "node-pos": 43,
                "expression-node": 25,
                "replacement-node": 24,
                "part": null,
                "template-line-number": 74
            }
        ],
        "rule-12": [
            {
                "node-pos": 58,
                "html": true,
                "replacement-node": 33,
                "part": null,
                "template-line-number": 100
            }
        ],
        "rule-11": [
            {
                "node-pos": 53,
                "replacement-node": 30,
                "part": null,
                "template-line-number": 89
            }
        ],
        "rule-28": {
            "name": "Compressor",
            "subs": [
                {
                    "node-pos": 124,
                    "replacement-node": 77,
                    "part": "10",
                    "expression-node": 78,
                    "name": "Compressor",
                    "template-line-number": 363
                },
                {
                    "node-pos": 128,
                    "replacement-node": 80,
                    "part": "11",
                    "expression-node": 81,
                    "name": "Compressor",
                    "template-line-number": 369
                },
                {
                    "node-pos": 132,
                    "replacement-node": 83,
                    "part": "12",
                    "expression-node": 84,
                    "name": "Compressor",
                    "template-line-number": 375
                },
                {
                    "node-pos": 136,
                    "replacement-node": 86,
                    "part": "13",
                    "expression-node": 87,
                    "name": "Compressor",
                    "template-line-number": 381
                },
                {
                    "node-pos": 92,
                    "replacement-node": 53,
                    "part": "14",
                    "expression-node": 54,
                    "name": "Compressor",
                    "template-line-number": 315
                },
                {
                    "node-pos": 86,
                    "replacement-node": 48,
                    "part": "2",
                    "expression-node": 49,
                    "name": "Compressor",
                    "template-line-number": 306
                },
                {
                    "node-pos": 96,
                    "replacement-node": 56,
                    "part": "3",
                    "expression-node": 57,
                    "name": "Compressor",
                    "template-line-number": 321
                },
                {
                    "node-pos": 100,
                    "replacement-node": 59,
                    "part": "4",
                    "expression-node": 60,
                    "name": "Compressor",
                    "template-line-number": 327
                },
                {
                    "node-pos": 104,
                    "replacement-node": 62,
                    "part": "5",
                    "expression-node": 63,
                    "name": "Compressor",
                    "template-line-number": 333
                },
                {
                    "node-pos": 108,
                    "replacement-node": 65,
                    "part": "6",
                    "expression-node": 66,
                    "name": "Compressor",
                    "template-line-number": 339
                },
                {
                    "node-pos": 112,
                    "replacement-node": 68,
                    "part": "7",
                    "expression-node": 69,
                    "name": "Compressor",
                    "template-line-number": 345
                },
                {
                    "node-pos": 116,
                    "replacement-node": 71,
                    "part": "8",
                    "expression-node": 72,
                    "name": "Compressor",
                    "template-line-number": 351
                },
                {
                    "node-pos": 120,
                    "replacement-node": 74,
                    "part": "9",
                    "expression-node": 75,
                    "name": "Compressor",
                    "template-line-number": 357
                }
            ]
        },
        "rule-26": [
            {
                "node-pos": 199,
                "replacement-node": 128,
                "part": null,
                "template-line-number": 528
            }
        ],
        "rule-23": [
            {
                "node-pos": 184,
                "expression-node": 120,
                "replacement-node": 119,
                "part": null,
                "template-line-number": 498
            }
        ]
    }
}