{
    "line-numbers": {
        "Compressor": [
            {
                "line-number-node": 47,
                "template-line-number": 308,
                "start-number": 1
            }
        ]
    },
    "showifs": {
        "rule-1": {
            "template-line-number": 18,
            "type": "showif"
        }
    },
    "substitutions": {
        "rule-20": [
            {
                "template-line-number": 464,
                "expression-node": 109,
                "replacement-node": 108,
                "node-pos": 169,
                "part": null
            }
        ],
        "rule-19": [
            {
                "template-line-number": 454,
                "expression-node": 106,
                "replacement-node": 105,
                "node-pos": 165,
                "part": null
            }
        ],
        "rule-18": [
            {
                "template-line-number": 444,
                "expression-node": 103,
                "replacement-node": 102,
                "node-pos": 161,
                "part": null
            }
        ],
        "rule-7": [
            {
                "template-line-number": 67,
                "replacement-node": 16,
                "node-pos": 32,
                "part": null
            }
        ],
        "rule-28": {
            "subs": [
                {
                    "node-pos": 125,
                    "expression-node": 79,
                    "template-line-number": 369,
                    "part": "10",
                    "replacement-node": 78,
                    "name": "Compressor"
                },
                {
                    "node-pos": 129,
                    "expression-node": 82,
                    "template-line-number": 375,
                    "part": "11",
                    "replacement-node": 81,
                    "name": "Compressor"
                },
                {
                    "node-pos": 133,
                    "expression-node": 85,
                    "template-line-number": 381,
                    "part": "12",
                    "replacement-node": 84,
                    "name": "Compressor"
                },
                {
                    "node-pos": 137,
                    "expression-node": 88,
                    "template-line-number": 387,
                    "part": "13",
                    "replacement-node": 87,
                    "name": "Compressor"
                },
                {
                    "node-pos": 93,
                    "expression-node": 55,
                    "template-line-number": 321,
                    "part": "14",
                    "replacement-node": 54,
                    "name": "Compressor"
                },
                {
                    "node-pos": 87,
                    "expression-node": 50,
                    "template-line-number": 312,
                    "part": "2",
                    "replacement-node": 49,
                    "name": "Compressor"
                },
                {
                    "node-pos": 97,
                    "expression-node": 58,
                    "template-line-number": 327,
                    "part": "3",
                    "replacement-node": 57,
                    "name": "Compressor"
                },
                {
                    "node-pos": 101,
                    "expression-node": 61,
                    "template-line-number": 333,
                    "part": "4",
                    "replacement-node": 60,
                    "name": "Compressor"
                },
                {
                    "node-pos": 105,
                    "expression-node": 64,
                    "template-line-number": 339,
                    "part": "5",
                    "replacement-node": 63,
                    "name": "Compressor"
                },
                {
                    "node-pos": 109,
                    "expression-node": 67,
                    "template-line-number": 345,
                    "part": "6",
                    "replacement-node": 66,
                    "name": "Compressor"
                },
                {
                    "node-pos": 113,
                    "expression-node": 70,
                    "template-line-number": 351,
                    "part": "7",
                    "replacement-node": 69,
                    "name": "Compressor"
                },
                {
                    "node-pos": 117,
                    "expression-node": 73,
                    "template-line-number": 357,
                    "part": "8",
                    "replacement-node": 72,
                    "name": "Compressor"
                },
                {
                    "node-pos": 121,
                    "expression-node": 76,
                    "template-line-number": 363,
                    "part": "9",
                    "replacement-node": 75,
                    "name": "Compressor"
                }
            ],
            "name": "Compressor"
        },
        "rule-14": [
            {
                "template-line-number": 399,
                "replacement-node": 90,
                "node-pos": 143,
                "part": null
            }
        ],
        "rule-8": [
            {
                "template-line-number": 71,
                "expression-node": 20,
                "replacement-node": 19,
                "node-pos": 36,
                "part": null
            }
        ],
        "rule-17": [
            {
                "template-line-number": 434,
                "expression-node": 100,
                "replacement-node": 99,
                "node-pos": 157,
                "part": null
            }
        ],
        "rule-15": [
            {
                "template-line-number": 414,
                "expression-node": 94,
                "replacement-node": 93,
                "node-pos": 149,
                "part": null
            }
        ],
        "rule-9": [
            {
                "template-line-number": 76,
                "replacement-node": 22,
                "node-pos": 40,
                "part": null
            }
        ],
        "rule-21": [
            {
                "template-line-number": 474,
                "expression-node": 112,
                "replacement-node": 111,
                "node-pos": 173,
                "part": null
            }
        ],
        "rule-2": [
            {
                "template-line-number": 28,
                "replacement-node": 1,
                "node-pos": 10,
                "part": null
            }
        ],
        "rule-29": {
            "subs": [
                {
                    "extras": {},
                    "node-pos": 74,
                    "part": "1",
                    "template-line-number": 139,
                    "replacement-node": 40,
                    "name": "CompressorStationHeadings"
                },
                {
                    "extras": {},
                    "node-pos": 78,
                    "part": "2",
                    "template-line-number": 148,
                    "replacement-node": 43,
                    "name": "CompressorStationHeadings"
                },
                {
                    "extras": {},
                    "node-pos": 72,
                    "part": "3",
                    "template-line-number": 135,
                    "replacement-node": 38,
                    "name": "CompressorStationHeadings"
                }
            ],
            "name": "CompressorStationHeadings"
        },
        "rule-27": [
            {
                "template-line-number": 534,
                "replacement-node": 129,
                "node-pos": 200,
                "part": null
            }
        ],
        "rule-16": [
            {
                "template-line-number": 424,
                "expression-node": 97,
                "replacement-node": 96,
                "node-pos": 153,
                "part": null
            }
        ],
        "rule-26": [
            {
                "template-line-number": 525,
                "replacement-node": 126,
                "node-pos": 196,
                "part": null
            }
        ],
        "rule-10": [
            {
                "template-line-number": 80,
                "expression-node": 26,
                "replacement-node": 25,
                "node-pos": 44,
                "part": null
            }
        ],
        "rule-22": [
            {
                "template-line-number": 484,
                "expression-node": 115,
                "replacement-node": 114,
                "node-pos": 177,
                "part": null
            }
        ],
        "rule-4": [
            {
                "template-line-number": 38,
                "replacement-node": 7,
                "node-pos": 18,
                "part": null
            }
        ],
        "rule-3": [
            {
                "template-line-number": 32,
                "expression-node": 5,
                "replacement-node": 4,
                "node-pos": 14,
                "part": null
            }
        ],
        "rule-24": [
            {
                "template-line-number": 504,
                "expression-node": 121,
                "replacement-node": 120,
                "node-pos": 185,
                "part": null
            }
        ],
        "rule-6": [
            {
                "template-line-number": 56,
                "html": true,
                "replacement-node": 13,
                "node-pos": 27,
                "part": null
            }
        ],
        "rule-25": [
            {
                "template-line-number": 520,
                "expression-node": 124,
                "replacement-node": 123,
                "node-pos": 192,
                "part": null
            }
        ],
        "rule-11": [
            {
                "template-line-number": 85,
                "expression-node": 29,
                "replacement-node": 28,
                "node-pos": 48,
                "part": null
            }
        ],
        "rule-23": [
            {
                "template-line-number": 494,
                "expression-node": 118,
                "replacement-node": 117,
                "node-pos": 181,
                "part": null
            }
        ],
        "rule-5": [
            {
                "template-line-number": 44,
                "html": true,
                "replacement-node": 10,
                "node-pos": 22,
                "part": null
            }
        ],
        "rule-12": [
            {
                "template-line-number": 95,
                "replacement-node": 31,
                "node-pos": 54,
                "part": null
            }
        ],
        "rule-13": [
            {
                "template-line-number": 106,
                "html": true,
                "replacement-node": 34,
                "node-pos": 59,
                "part": null
            }
        ]
    }
}