{
    "substitutions": {
        "rule-13": [
            {
                "html": true,
                "part": null,
                "replacement-node": 34,
                "template-line-number": 105,
                "node-pos": 59
            }
        ],
        "rule-6": [
            {
                "html": true,
                "part": null,
                "replacement-node": 13,
                "template-line-number": 55,
                "node-pos": 27
            }
        ],
        "rule-5": [
            {
                "html": true,
                "part": null,
                "replacement-node": 10,
                "template-line-number": 43,
                "node-pos": 22
            }
        ],
        "rule-15": [
            {
                "part": null,
                "replacement-node": 85,
                "template-line-number": 304,
                "node-pos": 140
            }
        ],
        "rule-9": [
            {
                "part": null,
                "replacement-node": 22,
                "template-line-number": 75,
                "node-pos": 40
            }
        ],
        "rule-10": [
            {
                "part": null,
                "replacement-node": 25,
                "node-pos": 44,
                "template-line-number": 79,
                "expression-node": 26
            }
        ],
        "rule-18": {
            "subs": [
                {
                    "part": "2",
                    "name": "RateSchedule LineItems",
                    "node-pos": 90,
                    "template-line-number": 236,
                    "replacement-node": 49,
                    "expression-node": 50
                },
                {
                    "part": "3",
                    "name": "RateSchedule LineItems",
                    "node-pos": 94,
                    "template-line-number": 241,
                    "replacement-node": 52,
                    "expression-node": 53
                },
                {
                    "part": "4",
                    "name": "RateSchedule LineItems",
                    "node-pos": 98,
                    "template-line-number": 246,
                    "replacement-node": 55,
                    "expression-node": 56
                },
                {
                    "part": "5",
                    "name": "RateSchedule LineItems",
                    "node-pos": 102,
                    "template-line-number": 251,
                    "replacement-node": 58,
                    "expression-node": 59
                },
                {
                    "part": "5",
                    "name": "RateSchedule LineItems",
                    "node-pos": 106,
                    "template-line-number": 256,
                    "replacement-node": 61,
                    "expression-node": 62
                },
                {
                    "part": "5",
                    "name": "RateSchedule LineItems",
                    "node-pos": 110,
                    "template-line-number": 261,
                    "replacement-node": 64,
                    "expression-node": 65
                },
                {
                    "part": "5",
                    "name": "RateSchedule LineItems",
                    "node-pos": 114,
                    "template-line-number": 266,
                    "replacement-node": 67,
                    "expression-node": 68
                },
                {
                    "part": "5",
                    "name": "RateSchedule LineItems",
                    "node-pos": 118,
                    "template-line-number": 271,
                    "replacement-node": 70,
                    "expression-node": 71
                },
                {
                    "part": "5",
                    "name": "RateSchedule LineItems",
                    "node-pos": 122,
                    "template-line-number": 276,
                    "replacement-node": 73,
                    "expression-node": 74
                },
                {
                    "part": "5",
                    "name": "RateSchedule LineItems",
                    "node-pos": 126,
                    "template-line-number": 282,
                    "replacement-node": 76,
                    "expression-node": 77
                },
                {
                    "part": "5",
                    "name": "RateSchedule LineItems",
                    "node-pos": 130,
                    "template-line-number": 288,
                    "replacement-node": 79,
                    "expression-node": 80
                }
            ],
            "name": "RateSchedule LineItems"
        },
        "rule-2": [
            {
                "part": null,
                "replacement-node": 1,
                "template-line-number": 27,
                "node-pos": 10
            }
        ],
        "rule-8": [
            {
                "part": null,
                "replacement-node": 19,
                "node-pos": 36,
                "template-line-number": 70,
                "expression-node": 20
            }
        ],
        "rule-14": [
            {
                "part": null,
                "replacement-node": 82,
                "node-pos": 136,
                "template-line-number": 299,
                "expression-node": 83
            }
        ],
        "rule-17": {
            "subs": [
                {
                    "part": "1",
                    "name": "RevenueHeadings",
                    "node-pos": 77,
                    "extras": {},
                    "template-line-number": 142,
                    "replacement-node": 40
                },
                {
                    "part": "2",
                    "name": "RevenueHeadings",
                    "node-pos": 81,
                    "extras": {},
                    "template-line-number": 151,
                    "replacement-node": 43
                },
                {
                    "part": "3",
                    "name": "RevenueHeadings",
                    "node-pos": 75,
                    "extras": {},
                    "template-line-number": 138,
                    "replacement-node": 38
                }
            ],
            "name": "RevenueHeadings"
        },
        "rule-3": [
            {
                "part": null,
                "replacement-node": 4,
                "node-pos": 14,
                "template-line-number": 31,
                "expression-node": 5
            }
        ],
        "rule-12": [
            {
                "part": null,
                "replacement-node": 31,
                "template-line-number": 94,
                "node-pos": 54
            }
        ],
        "rule-11": [
            {
                "part": null,
                "replacement-node": 28,
                "node-pos": 48,
                "template-line-number": 84,
                "expression-node": 29
            }
        ],
        "rule-4": [
            {
                "part": null,
                "replacement-node": 7,
                "template-line-number": 37,
                "node-pos": 18
            }
        ],
        "rule-16": [
            {
                "part": null,
                "replacement-node": 88,
                "template-line-number": 313,
                "node-pos": 144
            }
        ],
        "rule-7": [
            {
                "part": null,
                "replacement-node": 16,
                "template-line-number": 66,
                "node-pos": 32
            }
        ]
    },
    "showifs": {
        "rule-1": {
            "type": "showif",
            "template-line-number": 17
        }
    },
    "line-numbers": {
        "RateSchedule LineItems": [
            {
                "line-number-node": 47,
                "start-number": 1,
                "template-line-number": 233
            }
        ]
    }
}