{
    "line-numbers": {},
    "showifs": {},
    "substitutions": {
        "rule-2": [
            {
                "part": null,
                "replacement-node": 3,
                "template-line-number": 26,
                "expression-node": 4,
                "node-pos": 13
            }
        ],
        "rule-3": [
            {
                "part": null,
                "replacement-node": 6,
                "template-line-number": 32,
                "node-pos": 17
            }
        ],
        "rule-9": [
            {
                "part": null,
                "replacement-node": 24,
                "template-line-number": 76,
                "expression-node": 25,
                "node-pos": 43
            }
        ],
        "rule-4": [
            {
                "part": null,
                "replacement-node": 9,
                "template-line-number": 38,
                "node-pos": 21,
                "html": true
            }
        ],
        "rule-7": [
            {
                "part": null,
                "replacement-node": 18,
                "template-line-number": 66,
                "expression-node": 19,
                "node-pos": 35
            }
        ],
        "rule-15": [
            {
                "part": null,
                "replacement-node": 99,
                "template-line-number": 663,
                "node-pos": 179
            }
        ],
        "rule-11": [
            {
                "part": null,
                "replacement-node": 30,
                "template-line-number": 91,
                "node-pos": 53
            }
        ],
        "rule-1": [
            {
                "part": null,
                "replacement-node": 0,
                "template-line-number": 21,
                "node-pos": 9
            }
        ],
        "rule-10": [
            {
                "part": null,
                "replacement-node": 27,
                "template-line-number": 81,
                "expression-node": 28,
                "node-pos": 47
            }
        ],
        "rule-8": [
            {
                "part": null,
                "replacement-node": 21,
                "template-line-number": 71,
                "node-pos": 39
            }
        ],
        "rule-12": [
            {
                "part": null,
                "replacement-node": 33,
                "template-line-number": 102,
                "node-pos": 58,
                "html": true
            }
        ],
        "rule-5": [
            {
                "part": null,
                "replacement-node": 12,
                "template-line-number": 50,
                "node-pos": 26,
                "html": true
            }
        ],
        "rule-16": {
            "name": "ShipperLineItems",
            "subs": [
                {
                    "replacement-node": 46,
                    "template-line-number": 535,
                    "node-pos": 106,
                    "part": "1",
                    "name": "ShipperLineItems",
                    "extras": {}
                },
                {
                    "replacement-node": 48,
                    "node-pos": 109,
                    "part": "1",
                    "name": "ShipperLineItems",
                    "template-line-number": 541,
                    "expression-node": 49
                },
                {
                    "replacement-node": 75,
                    "node-pos": 145,
                    "part": "10",
                    "name": "ShipperLineItems",
                    "template-line-number": 598,
                    "expression-node": 76
                },
                {
                    "replacement-node": 78,
                    "node-pos": 149,
                    "part": "11",
                    "name": "ShipperLineItems",
                    "template-line-number": 604,
                    "expression-node": 79
                },
                {
                    "replacement-node": 81,
                    "node-pos": 153,
                    "part": "12",
                    "name": "ShipperLineItems",
                    "template-line-number": 610,
                    "expression-node": 82
                },
                {
                    "replacement-node": 84,
                    "node-pos": 157,
                    "part": "13",
                    "name": "ShipperLineItems",
                    "template-line-number": 617,
                    "expression-node": 85
                },
                {
                    "replacement-node": 87,
                    "node-pos": 161,
                    "part": "14",
                    "name": "ShipperLineItems",
                    "template-line-number": 623,
                    "expression-node": 88
                },
                {
                    "replacement-node": 90,
                    "node-pos": 165,
                    "part": "15",
                    "name": "ShipperLineItems",
                    "template-line-number": 629,
                    "expression-node": 91
                },
                {
                    "replacement-node": 51,
                    "node-pos": 113,
                    "part": "2",
                    "name": "ShipperLineItems",
                    "template-line-number": 548,
                    "expression-node": 52
                },
                {
                    "replacement-node": 54,
                    "node-pos": 117,
                    "part": "3",
                    "name": "ShipperLineItems",
                    "template-line-number": 554,
                    "expression-node": 55
                },
                {
                    "replacement-node": 57,
                    "node-pos": 121,
                    "part": "4",
                    "name": "ShipperLineItems",
                    "template-line-number": 560,
                    "expression-node": 58
                },
                {
                    "replacement-node": 60,
                    "node-pos": 125,
                    "part": "5",
                    "name": "ShipperLineItems",
                    "template-line-number": 566,
                    "expression-node": 61
                },
                {
                    "replacement-node": 63,
                    "node-pos": 129,
                    "part": "6",
                    "name": "ShipperLineItems",
                    "template-line-number": 574,
                    "expression-node": 64
                },
                {
                    "replacement-node": 66,
                    "node-pos": 133,
                    "part": "7",
                    "name": "ShipperLineItems",
                    "template-line-number": 580,
                    "expression-node": 67
                },
                {
                    "replacement-node": 69,
                    "node-pos": 137,
                    "part": "8",
                    "name": "ShipperLineItems",
                    "template-line-number": 586,
                    "expression-node": 70
                },
                {
                    "replacement-node": 72,
                    "node-pos": 141,
                    "part": "9",
                    "name": "ShipperLineItems",
                    "template-line-number": 592,
                    "expression-node": 73
                }
            ]
        },
        "rule-13": [
            {
                "part": null,
                "replacement-node": 93,
                "template-line-number": 649,
                "expression-node": 94,
                "node-pos": 171
            }
        ],
        "rule-14": [
            {
                "part": null,
                "replacement-node": 96,
                "template-line-number": 654,
                "node-pos": 175
            }
        ],
        "rule-6": [
            {
                "part": null,
                "replacement-node": 15,
                "template-line-number": 61,
                "node-pos": 31
            }
        ],
        "rule-17": {
            "name": "ShipperSuppliedHeadings",
            "subs": [
                {
                    "replacement-node": 39,
                    "template-line-number": 160,
                    "node-pos": 96,
                    "part": "1",
                    "name": "ShipperSuppliedHeadings",
                    "extras": {}
                },
                {
                    "replacement-node": 42,
                    "template-line-number": 169,
                    "node-pos": 100,
                    "part": "2",
                    "name": "ShipperSuppliedHeadings",
                    "extras": {}
                },
                {
                    "replacement-node": 37,
                    "template-line-number": 156,
                    "node-pos": 94,
                    "part": "3",
                    "name": "ShipperSuppliedHeadings",
                    "extras": {}
                }
            ]
        }
    }
}