{
    "substitutions": {
        "rule-3": [
            {
                "node-pos": 14,
                "replacement-node": 4,
                "expression-node": 5,
                "part": null,
                "template-line-number": 36
            }
        ],
        "rule-10": [
            {
                "node-pos": 44,
                "replacement-node": 25,
                "expression-node": 26,
                "part": null,
                "template-line-number": 86
            }
        ],
        "rule-8": [
            {
                "node-pos": 36,
                "replacement-node": 19,
                "expression-node": 20,
                "part": null,
                "template-line-number": 76
            }
        ],
        "rule-7": [
            {
                "node-pos": 32,
                "replacement-node": 16,
                "part": null,
                "template-line-number": 71
            }
        ],
        "rule-17": {
            "subs": [
                {
                    "replacement-node": 38,
                    "part": "1",
                    "node-pos": 76,
                    "extras": {},
                    "name": "ColumnHeadings",
                    "template-line-number": 151
                },
                {
                    "replacement-node": 41,
                    "part": "2",
                    "node-pos": 80,
                    "extras": {},
                    "name": "ColumnHeadings",
                    "template-line-number": 158
                }
            ],
            "name": "ColumnHeadings"
        },
        "rule-2": [
            {
                "node-pos": 10,
                "replacement-node": 1,
                "part": null,
                "template-line-number": 31
            }
        ],
        "rule-13": [
            {
                "node-pos": 59,
                "replacement-node": 34,
                "part": null,
                "template-line-number": 112,
                "html": true
            }
        ],
        "rule-6": [
            {
                "node-pos": 27,
                "replacement-node": 13,
                "part": null,
                "template-line-number": 60,
                "html": true
            }
        ],
        "rule-5": [
            {
                "node-pos": 22,
                "replacement-node": 10,
                "part": null,
                "template-line-number": 48,
                "html": true
            }
        ],
        "rule-4": [
            {
                "node-pos": 18,
                "replacement-node": 7,
                "part": null,
                "template-line-number": 42
            }
        ],
        "rule-9": [
            {
                "node-pos": 40,
                "replacement-node": 22,
                "part": null,
                "template-line-number": 81
            }
        ],
        "rule-11": [
            {
                "node-pos": 48,
                "replacement-node": 28,
                "expression-node": 29,
                "part": null,
                "template-line-number": 91
            }
        ],
        "rule-16": [
            {
                "node-pos": 158,
                "replacement-node": 98,
                "part": null,
                "template-line-number": 348
            }
        ],
        "rule-18": {
            "subs": [
                {
                    "replacement-node": 45,
                    "part": "1",
                    "node-pos": 86,
                    "extras": {},
                    "name": "ISLineItems",
                    "template-line-number": 235
                },
                {
                    "replacement-node": 76,
                    "part": "10",
                    "node-pos": 128,
                    "expression-node": 77,
                    "name": "ISLineItems",
                    "template-line-number": 297
                },
                {
                    "replacement-node": 80,
                    "part": "11",
                    "node-pos": 133,
                    "expression-node": 81,
                    "name": "ISLineItems",
                    "template-line-number": 304
                },
                {
                    "replacement-node": 84,
                    "part": "12",
                    "node-pos": 138,
                    "expression-node": 85,
                    "name": "ISLineItems",
                    "template-line-number": 311
                },
                {
                    "replacement-node": 88,
                    "part": "13",
                    "node-pos": 143,
                    "expression-node": 89,
                    "name": "ISLineItems",
                    "template-line-number": 318
                },
                {
                    "replacement-node": 50,
                    "part": "2",
                    "node-pos": 94,
                    "extras": {},
                    "name": "ISLineItems",
                    "template-line-number": 246
                },
                {
                    "replacement-node": 54,
                    "part": "3",
                    "node-pos": 99,
                    "extras": {},
                    "name": "ISLineItems",
                    "template-line-number": 253
                },
                {
                    "replacement-node": 56,
                    "part": "4",
                    "node-pos": 102,
                    "expression-node": 57,
                    "name": "ISLineItems",
                    "template-line-number": 258
                },
                {
                    "replacement-node": 59,
                    "part": "5",
                    "node-pos": 106,
                    "expression-node": 60,
                    "name": "ISLineItems",
                    "template-line-number": 264
                },
                {
                    "replacement-node": 48,
                    "part": "6",
                    "node-pos": 92,
                    "extras": {},
                    "name": "ISLineItems",
                    "template-line-number": 242
                },
                {
                    "replacement-node": 62,
                    "part": "6",
                    "node-pos": 110,
                    "expression-node": 63,
                    "name": "ISLineItems",
                    "template-line-number": 270
                },
                {
                    "replacement-node": 65,
                    "part": "7",
                    "node-pos": 114,
                    "expression-node": 66,
                    "name": "ISLineItems",
                    "template-line-number": 276
                },
                {
                    "replacement-node": 68,
                    "part": "8",
                    "node-pos": 118,
                    "expression-node": 69,
                    "name": "ISLineItems",
                    "template-line-number": 282
                },
                {
                    "replacement-node": 72,
                    "part": "9",
                    "node-pos": 123,
                    "expression-node": 73,
                    "name": "ISLineItems",
                    "template-line-number": 289
                }
            ],
            "name": "ISLineItems"
        },
        "rule-14": [
            {
                "node-pos": 150,
                "replacement-node": 92,
                "expression-node": 93,
                "part": null,
                "template-line-number": 331
            }
        ],
        "rule-15": [
            {
                "node-pos": 154,
                "replacement-node": 95,
                "part": null,
                "template-line-number": 338
            }
        ],
        "rule-12": [
            {
                "node-pos": 54,
                "replacement-node": 31,
                "part": null,
                "template-line-number": 101
            }
        ]
    },
    "line-numbers": {},
    "showifs": {
        "rule-1": {
            "type": "showif",
            "template-line-number": 18
        }
    }
}