{
    "line-numbers": {
        "NoncarrierProperty": [
            {
                "line-number-node": 46,
                "template-line-number": 193,
                "start-number": 1
            }
        ]
    },
    "showifs": {},
    "substitutions": {
        "rule-8": [
            {
                "part": null,
                "template-line-number": 73,
                "replacement-node": 21,
                "node-pos": 40
            }
        ],
        "rule-11": [
            {
                "part": null,
                "template-line-number": 94,
                "replacement-node": 30,
                "node-pos": 54
            }
        ],
        "rule-3": [
            {
                "part": null,
                "template-line-number": 34,
                "replacement-node": 6,
                "node-pos": 18
            }
        ],
        "rule-1": [
            {
                "part": null,
                "template-line-number": 22,
                "replacement-node": 0,
                "node-pos": 10
            }
        ],
        "rule-5": [
            {
                "html": true,
                "part": null,
                "template-line-number": 52,
                "replacement-node": 12,
                "node-pos": 27
            }
        ],
        "rule-12": [
            {
                "html": true,
                "part": null,
                "template-line-number": 105,
                "replacement-node": 33,
                "node-pos": 59
            }
        ],
        "rule-17": [
            {
                "part": null,
                "template-line-number": 259,
                "replacement-node": 69,
                "node-pos": 121
            }
        ],
        "rule-4": [
            {
                "html": true,
                "part": null,
                "template-line-number": 40,
                "replacement-node": 9,
                "node-pos": 22
            }
        ],
        "rule-16": [
            {
                "part": null,
                "template-line-number": 250,
                "replacement-node": 66,
                "node-pos": 117
            }
        ],
        "rule-7": [
            {
                "expression-node": 19,
                "part": null,
                "template-line-number": 68,
                "replacement-node": 18,
                "node-pos": 36
            }
        ],
        "rule-6": [
            {
                "part": null,
                "template-line-number": 63,
                "replacement-node": 15,
                "node-pos": 32
            }
        ],
        "rule-18": {
            "subs": [
                {
                    "template-line-number": 138,
                    "name": "ColumnHeadings",
                    "node-pos": 74,
                    "extras": {},
                    "part": "1",
                    "replacement-node": 39
                },
                {
                    "template-line-number": 146,
                    "name": "ColumnHeadings",
                    "node-pos": 78,
                    "extras": {},
                    "part": "2",
                    "replacement-node": 42
                },
                {
                    "template-line-number": 134,
                    "name": "ColumnHeadings",
                    "node-pos": 72,
                    "extras": {},
                    "part": "3",
                    "replacement-node": 37
                }
            ],
            "name": "ColumnHeadings"
        },
        "rule-2": [
            {
                "expression-node": 4,
                "part": null,
                "template-line-number": 28,
                "replacement-node": 3,
                "node-pos": 14
            }
        ],
        "rule-9": [
            {
                "expression-node": 25,
                "part": null,
                "template-line-number": 78,
                "replacement-node": 24,
                "node-pos": 44
            }
        ],
        "rule-10": [
            {
                "expression-node": 28,
                "part": null,
                "template-line-number": 83,
                "replacement-node": 27,
                "node-pos": 48
            }
        ],
        "rule-19": {
            "subs": [
                {
                    "template-line-number": 196,
                    "name": "NoncarrierProperty",
                    "expression-node": 49,
                    "part": "2",
                    "replacement-node": 48,
                    "node-pos": 87
                },
                {
                    "template-line-number": 201,
                    "name": "NoncarrierProperty",
                    "expression-node": 52,
                    "part": "3",
                    "replacement-node": 51,
                    "node-pos": 91
                },
                {
                    "template-line-number": 206,
                    "name": "NoncarrierProperty",
                    "expression-node": 55,
                    "part": "4",
                    "replacement-node": 54,
                    "node-pos": 95
                }
            ],
            "name": "NoncarrierProperty"
        },
        "rule-14": [
            {
                "expression-node": 61,
                "part": null,
                "template-line-number": 231,
                "replacement-node": 60,
                "node-pos": 107
            }
        ],
        "rule-15": [
            {
                "expression-node": 64,
                "part": null,
                "template-line-number": 245,
                "replacement-node": 63,
                "node-pos": 113
            }
        ],
        "rule-13": [
            {
                "part": null,
                "template-line-number": 219,
                "replacement-node": 57,
                "node-pos": 102
            }
        ]
    }
}