{
    "showifs": {},
    "line-numbers": {},
    "substitutions": {
        "rule-3": [
            {
                "replacement-node": 6,
                "node-pos": 18,
                "part": null,
                "template-line-number": 34
            }
        ],
        "rule-9": [
            {
                "replacement-node": 24,
                "node-pos": 44,
                "expression-node": 25,
                "part": null,
                "template-line-number": 78
            }
        ],
        "rule-12": [
            {
                "replacement-node": 33,
                "node-pos": 59,
                "html": true,
                "part": null,
                "template-line-number": 105
            }
        ],
        "rule-7": [
            {
                "replacement-node": 18,
                "node-pos": 36,
                "expression-node": 19,
                "part": null,
                "template-line-number": 68
            }
        ],
        "rule-4": [
            {
                "replacement-node": 9,
                "node-pos": 22,
                "html": true,
                "part": null,
                "template-line-number": 40
            }
        ],
        "rule-10": [
            {
                "replacement-node": 27,
                "node-pos": 48,
                "expression-node": 28,
                "part": null,
                "template-line-number": 83
            }
        ],
        "rule-8": [
            {
                "replacement-node": 21,
                "node-pos": 40,
                "part": null,
                "template-line-number": 73
            }
        ],
        "rule-2": [
            {
                "replacement-node": 3,
                "node-pos": 14,
                "expression-node": 4,
                "part": null,
                "template-line-number": 28
            }
        ],
        "rule-15": [
            {
                "replacement-node": 80,
                "node-pos": 131,
                "part": null,
                "template-line-number": 303
            }
        ],
        "rule-14": [
            {
                "replacement-node": 77,
                "node-pos": 127,
                "part": null,
                "template-line-number": 293
            }
        ],
        "rule-6": [
            {
                "replacement-node": 15,
                "node-pos": 32,
                "part": null,
                "template-line-number": 63
            }
        ],
        "rule-16": {
            "subs": [
                {
                    "replacement-node": 50,
                    "part": "2",
                    "name": "MTSPeakLoadLineItems",
                    "template-line-number": 230,
                    "node-pos": 91,
                    "extras": {}
                },
                {
                    "replacement-node": 46,
                    "part": "3",
                    "name": "MTSPeakLoadLineItems",
                    "template-line-number": 223,
                    "node-pos": 86,
                    "extras": {}
                },
                {
                    "replacement-node": 54,
                    "expression-node": 55,
                    "part": "4",
                    "name": "MTSPeakLoadLineItems",
                    "template-line-number": 239,
                    "node-pos": 96
                },
                {
                    "replacement-node": 58,
                    "expression-node": 59,
                    "part": "5",
                    "name": "MTSPeakLoadLineItems",
                    "template-line-number": 247,
                    "node-pos": 101
                },
                {
                    "replacement-node": 62,
                    "expression-node": 63,
                    "part": "6",
                    "name": "MTSPeakLoadLineItems",
                    "template-line-number": 254,
                    "node-pos": 106
                },
                {
                    "replacement-node": 66,
                    "expression-node": 67,
                    "part": "7",
                    "name": "MTSPeakLoadLineItems",
                    "template-line-number": 261,
                    "node-pos": 111
                },
                {
                    "replacement-node": 70,
                    "expression-node": 71,
                    "part": "8",
                    "name": "MTSPeakLoadLineItems",
                    "template-line-number": 268,
                    "node-pos": 116
                }
            ],
            "name": "MTSPeakLoadLineItems"
        },
        "rule-11": [
            {
                "replacement-node": 30,
                "node-pos": 54,
                "part": null,
                "template-line-number": 93
            }
        ],
        "rule-1": [
            {
                "replacement-node": 0,
                "node-pos": 10,
                "part": null,
                "template-line-number": 23
            }
        ],
        "rule-17": {
            "subs": [
                {
                    "replacement-node": 39,
                    "part": "1",
                    "name": "DeferredIncomeTaxesHeadings",
                    "template-line-number": 145,
                    "node-pos": 76,
                    "extras": {}
                },
                {
                    "replacement-node": 42,
                    "part": "2",
                    "name": "DeferredIncomeTaxesHeadings",
                    "template-line-number": 153,
                    "node-pos": 80,
                    "extras": {}
                },
                {
                    "replacement-node": 37,
                    "part": "3",
                    "name": "DeferredIncomeTaxesHeadings",
                    "template-line-number": 141,
                    "node-pos": 74,
                    "extras": {}
                }
            ],
            "name": "DeferredIncomeTaxesHeadings"
        },
        "rule-5": [
            {
                "replacement-node": 12,
                "node-pos": 27,
                "html": true,
                "part": null,
                "template-line-number": 52
            }
        ],
        "rule-13": [
            {
                "replacement-node": 74,
                "node-pos": 123,
                "expression-node": 75,
                "part": null,
                "template-line-number": 286
            }
        ]
    }
}