{
    "substitutions": {
        "rule-1": [
            {
                "part": null,
                "replacement-node": 0,
                "template-line-number": 19,
                "node-pos": 9
            }
        ],
        "rule-2": [
            {
                "part": null,
                "replacement-node": 3,
                "expression-node": 4,
                "template-line-number": 26,
                "node-pos": 13
            }
        ],
        "rule-3": [
            {
                "part": null,
                "replacement-node": 6,
                "template-line-number": 33,
                "node-pos": 17
            }
        ],
        "rule-4": [
            {
                "part": null,
                "replacement-node": 9,
                "template-line-number": 41,
                "node-pos": 21,
                "html": true
            }
        ],
        "rule-5": [
            {
                "part": null,
                "replacement-node": 12,
                "template-line-number": 57,
                "node-pos": 26,
                "html": true
            }
        ],
        "rule-6": [
            {
                "part": null,
                "replacement-node": 15,
                "template-line-number": 75,
                "node-pos": 31
            }
        ],
        "rule-7": [
            {
                "part": null,
                "replacement-node": 18,
                "expression-node": 19,
                "template-line-number": 82,
                "node-pos": 35
            }
        ],
        "rule-8": [
            {
                "part": null,
                "replacement-node": 21,
                "template-line-number": 89,
                "node-pos": 39
            }
        ],
        "rule-9": [
            {
                "part": null,
                "replacement-node": 24,
                "expression-node": 25,
                "template-line-number": 96,
                "node-pos": 43
            }
        ],
        "rule-10": [
            {
                "part": null,
                "replacement-node": 27,
                "expression-node": 28,
                "template-line-number": 102,
                "node-pos": 47
            }
        ],
        "rule-11": [
            {
                "part": null,
                "replacement-node": 30,
                "template-line-number": 113,
                "node-pos": 53
            }
        ],
        "rule-12": [
            {
                "part": null,
                "replacement-node": 33,
                "template-line-number": 124,
                "node-pos": 58,
                "html": true
            }
        ],
        "rule-13": [
            {
                "part": null,
                "replacement-node": 69,
                "expression-node": 70,
                "template-line-number": 336,
                "node-pos": 121
            }
        ],
        "rule-14": [
            {
                "part": null,
                "replacement-node": 72,
                "template-line-number": 343,
                "node-pos": 125
            }
        ],
        "rule-15": [
            {
                "part": null,
                "replacement-node": 75,
                "template-line-number": 353,
                "node-pos": 129
            }
        ],
        "rule-16": {
            "name": "SteamPlant2",
            "subs": [
                {
                    "name": "SteamPlant2",
                    "part": "1",
                    "replacement-node": 56,
                    "template-line-number": 304,
                    "extras": {},
                    "node-pos": 104
                },
                {
                    "name": "SteamPlant2",
                    "part": "2",
                    "replacement-node": 58,
                    "template-line-number": 308,
                    "extras": {},
                    "node-pos": 106
                },
                {
                    "name": "plant2",
                    "subs": [
                        {
                            "name": "plant2",
                            "part": "3",
                            "replacement-node": 64,
                            "expression-node": 65,
                            "template-line-number": 321,
                            "node-pos": 113
                        }
                    ]
                }
            ]
        },
        "rule-17": {
            "name": "HGPSHeadings",
            "subs": [
                {
                    "name": "HGPSHeadings",
                    "part": "1",
                    "replacement-node": 37,
                    "expression-node": 38,
                    "template-line-number": 169,
                    "node-pos": 73
                }
            ]
        },
        "rule-18": {
            "name": "HydroelectricPlant",
            "subs": [
                {
                    "name": "HydroelectricPlant",
                    "part": "1",
                    "replacement-node": 42,
                    "template-line-number": 219,
                    "extras": {},
                    "node-pos": 83
                },
                {
                    "name": "HydroelectricPlant",
                    "part": "2",
                    "replacement-node": 44,
                    "template-line-number": 223,
                    "extras": {},
                    "node-pos": 85
                },
                {
                    "name": "plant",
                    "subs": [
                        {
                            "name": "plant",
                            "part": "3",
                            "replacement-node": 49,
                            "expression-node": 50,
                            "template-line-number": 235,
                            "node-pos": 91
                        }
                    ]
                }
            ]
        }
    },
    "line-numbers": {
        "HydroelectricPlant": [
            {
                "line-number-node": 41,
                "start-number": 1,
                "template-line-number": 213
            }
        ],
        "SteamPlant2": [
            {
                "line-number-node": 54,
                "start-number": 35,
                "template-line-number": 298
            }
        ]
    },
    "showifs": {},
    "footnotes": {},
    "standard-rules": [
        "rule-1",
        "rule-2",
        "rule-3",
        "rule-4",
        "rule-5",
        "rule-6",
        "rule-7",
        "rule-8",
        "rule-9",
        "rule-10",
        "rule-11",
        "rule-12",
        "rule-13",
        "rule-14",
        "rule-15",
        "rule-16",
        "rule-17",
        "rule-18"
    ],
    "footnote-rules": []
}