{
    "showifs": {},
    "substitutions": {
        "rule-4": [
            {
                "replacement-node": 9,
                "node-pos": 21,
                "part": null,
                "template-line-number": 38,
                "html": true
            }
        ],
        "rule-5": [
            {
                "replacement-node": 12,
                "node-pos": 26,
                "part": null,
                "template-line-number": 50,
                "html": true
            }
        ],
        "rule-16": {
            "subs": [
                {
                    "replacement-node": 37,
                    "extras": {},
                    "template-line-number": 130,
                    "name": "ISHeadings",
                    "node-pos": 72,
                    "part": "1"
                },
                {
                    "replacement-node": 40,
                    "extras": {},
                    "template-line-number": 137,
                    "name": "ISHeadings",
                    "node-pos": 76,
                    "part": "2"
                }
            ],
            "name": "ISHeadings"
        },
        "rule-1": [
            {
                "replacement-node": 0,
                "node-pos": 9,
                "part": null,
                "template-line-number": 21
            }
        ],
        "rule-11": [
            {
                "replacement-node": 30,
                "node-pos": 54,
                "part": null,
                "template-line-number": 91
            }
        ],
        "rule-12": [
            {
                "replacement-node": 33,
                "node-pos": 59,
                "part": null,
                "template-line-number": 102,
                "html": true
            }
        ],
        "rule-17": {
            "subs": [
                {
                    "replacement-node": 44,
                    "extras": {},
                    "template-line-number": 303,
                    "name": "CFLineItems",
                    "node-pos": 82,
                    "part": "1"
                },
                {
                    "expression-node": 50,
                    "replacement-node": 49,
                    "template-line-number": 314,
                    "name": "CFLineItems",
                    "node-pos": 90,
                    "part": "2"
                },
                {
                    "expression-node": 55,
                    "replacement-node": 54,
                    "template-line-number": 326,
                    "name": "CFLineItems",
                    "node-pos": 96,
                    "part": "4"
                },
                {
                    "expression-node": 60,
                    "replacement-node": 59,
                    "template-line-number": 337,
                    "name": "CFLineItems",
                    "node-pos": 102,
                    "part": "5"
                },
                {
                    "replacement-node": 47,
                    "extras": {},
                    "template-line-number": 310,
                    "name": "CFLineItems",
                    "node-pos": 88,
                    "part": "6"
                }
            ],
            "name": "CFLineItems"
        },
        "rule-13": [
            {
                "expression-node": 65,
                "replacement-node": 64,
                "node-pos": 110,
                "part": null,
                "template-line-number": 355
            }
        ],
        "rule-8": [
            {
                "replacement-node": 21,
                "node-pos": 39,
                "part": null,
                "template-line-number": 71
            }
        ],
        "rule-14": [
            {
                "replacement-node": 67,
                "node-pos": 114,
                "part": null,
                "template-line-number": 360
            }
        ],
        "rule-2": [
            {
                "expression-node": 4,
                "replacement-node": 3,
                "node-pos": 13,
                "part": null,
                "template-line-number": 26
            }
        ],
        "rule-7": [
            {
                "expression-node": 19,
                "replacement-node": 18,
                "node-pos": 35,
                "part": null,
                "template-line-number": 66
            }
        ],
        "rule-9": [
            {
                "expression-node": 25,
                "replacement-node": 24,
                "node-pos": 44,
                "part": null,
                "template-line-number": 76
            }
        ],
        "rule-15": [
            {
                "replacement-node": 70,
                "node-pos": 118,
                "part": null,
                "template-line-number": 370
            }
        ],
        "rule-10": [
            {
                "expression-node": 28,
                "replacement-node": 27,
                "node-pos": 48,
                "part": null,
                "template-line-number": 81
            }
        ],
        "rule-6": [
            {
                "replacement-node": 15,
                "node-pos": 31,
                "part": null,
                "template-line-number": 61
            }
        ],
        "rule-3": [
            {
                "replacement-node": 6,
                "node-pos": 17,
                "part": null,
                "template-line-number": 32
            }
        ]
    },
    "line-numbers": {}
}