{
    "substitutions": {
        "rule-44": [
            {
                "node-pos": 392,
                "replacement-node": 202,
                "part": null,
                "template-line-number": 828
            }
        ],
        "rule-11": [
            {
                "expression-node": 29,
                "node-pos": 49,
                "replacement-node": 28,
                "part": null,
                "template-line-number": 89
            }
        ],
        "rule-39": [
            {
                "expression-node": 188,
                "node-pos": 360,
                "replacement-node": 187,
                "part": null,
                "template-line-number": 766
            }
        ],
        "rule-19": [
            {
                "expression-node": 95,
                "node-pos": 204,
                "replacement-node": 94,
                "part": null,
                "template-line-number": 400
            }
        ],
        "rule-8": [
            {
                "expression-node": 20,
                "node-pos": 37,
                "replacement-node": 19,
                "part": null,
                "template-line-number": 74
            }
        ],
        "rule-7": [
            {
                "node-pos": 33,
                "replacement-node": 16,
                "part": null,
                "template-line-number": 69
            }
        ],
        "rule-15": [
            {
                "expression-node": 83,
                "node-pos": 188,
                "replacement-node": 82,
                "part": null,
                "template-line-number": 360
            }
        ],
        "rule-6": [
            {
                "html": true,
                "node-pos": 28,
                "replacement-node": 13,
                "part": null,
                "template-line-number": 58
            }
        ],
        "rule-22": [
            {
                "expression-node": 137,
                "node-pos": 277,
                "replacement-node": 136,
                "part": null,
                "template-line-number": 574
            }
        ],
        "rule-17": [
            {
                "expression-node": 89,
                "node-pos": 196,
                "replacement-node": 88,
                "part": null,
                "template-line-number": 380
            }
        ],
        "rule-41": [
            {
                "expression-node": 194,
                "node-pos": 378,
                "replacement-node": 193,
                "part": null,
                "template-line-number": 800
            }
        ],
        "rule-30": [
            {
                "expression-node": 161,
                "node-pos": 313,
                "replacement-node": 160,
                "part": null,
                "template-line-number": 660
            }
        ],
        "rule-43": [
            {
                "node-pos": 388,
                "replacement-node": 199,
                "part": null,
                "template-line-number": 819
            }
        ],
        "rule-4": [
            {
                "node-pos": 19,
                "replacement-node": 7,
                "part": null,
                "template-line-number": 40
            }
        ],
        "rule-34": [
            {
                "expression-node": 173,
                "node-pos": 329,
                "replacement-node": 172,
                "part": null,
                "template-line-number": 700
            }
        ],
        "rule-25": [
            {
                "expression-node": 146,
                "node-pos": 289,
                "replacement-node": 145,
                "part": null,
                "template-line-number": 604
            }
        ],
        "rule-29": [
            {
                "expression-node": 158,
                "node-pos": 305,
                "replacement-node": 157,
                "part": null,
                "template-line-number": 644
            }
        ],
        "rule-10": [
            {
                "expression-node": 26,
                "node-pos": 45,
                "replacement-node": 25,
                "part": null,
                "template-line-number": 84
            }
        ],
        "rule-31": [
            {
                "expression-node": 164,
                "node-pos": 317,
                "replacement-node": 163,
                "part": null,
                "template-line-number": 670
            }
        ],
        "rule-2": [
            {
                "node-pos": 11,
                "replacement-node": 1,
                "part": null,
                "template-line-number": 28
            }
        ],
        "rule-26": [
            {
                "expression-node": 149,
                "node-pos": 293,
                "replacement-node": 148,
                "part": null,
                "template-line-number": 614
            }
        ],
        "rule-13": [
            {
                "html": true,
                "node-pos": 60,
                "replacement-node": 34,
                "part": null,
                "template-line-number": 110
            }
        ],
        "rule-42": [
            {
                "expression-node": 197,
                "node-pos": 384,
                "replacement-node": 196,
                "part": null,
                "template-line-number": 814
            }
        ],
        "rule-35": [
            {
                "expression-node": 176,
                "node-pos": 333,
                "replacement-node": 175,
                "part": null,
                "template-line-number": 710
            }
        ],
        "rule-40": [
            {
                "expression-node": 191,
                "node-pos": 371,
                "replacement-node": 190,
                "part": null,
                "template-line-number": 786
            }
        ],
        "rule-23": [
            {
                "expression-node": 140,
                "node-pos": 281,
                "replacement-node": 139,
                "part": null,
                "template-line-number": 584
            }
        ],
        "rule-21": [
            {
                "expression-node": 101,
                "node-pos": 212,
                "replacement-node": 100,
                "part": null,
                "template-line-number": 420
            }
        ],
        "rule-47": {
            "name": "ColumnHeadings",
            "subs": [
                {
                    "extras": {},
                    "name": "ColumnHeadings",
                    "replacement-node": 40,
                    "node-pos": 115,
                    "part": "1",
                    "template-line-number": 191
                },
                {
                    "extras": {},
                    "name": "ColumnHeadings",
                    "replacement-node": 43,
                    "node-pos": 119,
                    "part": "2",
                    "template-line-number": 199
                },
                {
                    "extras": {},
                    "name": "ColumnHeadings",
                    "replacement-node": 38,
                    "node-pos": 113,
                    "part": "3",
                    "template-line-number": 187
                }
            ]
        },
        "rule-16": [
            {
                "expression-node": 86,
                "node-pos": 192,
                "replacement-node": 85,
                "part": null,
                "template-line-number": 370
            }
        ],
        "rule-14": [
            {
                "expression-node": 80,
                "node-pos": 184,
                "replacement-node": 79,
                "part": null,
                "template-line-number": 350
            }
        ],
        "rule-20": [
            {
                "expression-node": 98,
                "node-pos": 208,
                "replacement-node": 97,
                "part": null,
                "template-line-number": 410
            }
        ],
        "rule-24": [
            {
                "expression-node": 143,
                "node-pos": 285,
                "replacement-node": 142,
                "part": null,
                "template-line-number": 594
            }
        ],
        "rule-18": [
            {
                "expression-node": 92,
                "node-pos": 200,
                "replacement-node": 91,
                "part": null,
                "template-line-number": 390
            }
        ],
        "rule-46": {
            "name": "StatisticsOperations",
            "subs": [
                {
                    "name": "StatisticsOperations",
                    "replacement-node": 73,
                    "expression-node": 74,
                    "node-pos": 172,
                    "part": "10",
                    "template-line-number": 330
                },
                {
                    "name": "StatisticsOperations",
                    "replacement-node": 76,
                    "expression-node": 77,
                    "node-pos": 176,
                    "part": "11",
                    "template-line-number": 335
                },
                {
                    "name": "StatisticsOperations",
                    "replacement-node": 49,
                    "expression-node": 50,
                    "node-pos": 140,
                    "part": "2",
                    "template-line-number": 290
                },
                {
                    "name": "StatisticsOperations",
                    "replacement-node": 52,
                    "expression-node": 53,
                    "node-pos": 144,
                    "part": "3",
                    "template-line-number": 295
                },
                {
                    "name": "StatisticsOperations",
                    "replacement-node": 55,
                    "expression-node": 56,
                    "node-pos": 148,
                    "part": "4",
                    "template-line-number": 300
                },
                {
                    "name": "StatisticsOperations",
                    "replacement-node": 58,
                    "expression-node": 59,
                    "node-pos": 152,
                    "part": "5",
                    "template-line-number": 305
                },
                {
                    "name": "StatisticsOperations",
                    "replacement-node": 61,
                    "expression-node": 62,
                    "node-pos": 156,
                    "part": "6",
                    "template-line-number": 310
                },
                {
                    "name": "StatisticsOperations",
                    "replacement-node": 64,
                    "expression-node": 65,
                    "node-pos": 160,
                    "part": "7",
                    "template-line-number": 315
                },
                {
                    "name": "StatisticsOperations",
                    "replacement-node": 67,
                    "expression-node": 68,
                    "node-pos": 164,
                    "part": "8",
                    "template-line-number": 320
                },
                {
                    "name": "StatisticsOperations",
                    "replacement-node": 70,
                    "expression-node": 71,
                    "node-pos": 168,
                    "part": "9",
                    "template-line-number": 325
                }
            ]
        },
        "rule-37": [
            {
                "expression-node": 182,
                "node-pos": 341,
                "replacement-node": 181,
                "part": null,
                "template-line-number": 730
            }
        ],
        "rule-27": [
            {
                "expression-node": 152,
                "node-pos": 297,
                "replacement-node": 151,
                "part": null,
                "template-line-number": 624
            }
        ],
        "rule-9": [
            {
                "node-pos": 41,
                "replacement-node": 22,
                "part": null,
                "template-line-number": 79
            }
        ],
        "rule-33": [
            {
                "expression-node": 170,
                "node-pos": 325,
                "replacement-node": 169,
                "part": null,
                "template-line-number": 690
            }
        ],
        "rule-12": [
            {
                "node-pos": 55,
                "replacement-node": 31,
                "part": null,
                "template-line-number": 99
            }
        ],
        "rule-3": [
            {
                "expression-node": 5,
                "node-pos": 15,
                "replacement-node": 4,
                "part": null,
                "template-line-number": 34
            }
        ],
        "rule-45": {
            "name": "StatisticsOperations2",
            "subs": [
                {
                    "name": "StatisticsOperations2",
                    "replacement-node": 130,
                    "expression-node": 131,
                    "node-pos": 265,
                    "part": "10",
                    "template-line-number": 555
                },
                {
                    "name": "StatisticsOperations2",
                    "replacement-node": 133,
                    "expression-node": 134,
                    "node-pos": 269,
                    "part": "11",
                    "template-line-number": 560
                },
                {
                    "name": "StatisticsOperations2",
                    "replacement-node": 106,
                    "expression-node": 107,
                    "node-pos": 233,
                    "part": "2",
                    "template-line-number": 515
                },
                {
                    "name": "StatisticsOperations2",
                    "replacement-node": 109,
                    "expression-node": 110,
                    "node-pos": 237,
                    "part": "3",
                    "template-line-number": 520
                },
                {
                    "name": "StatisticsOperations2",
                    "replacement-node": 112,
                    "expression-node": 113,
                    "node-pos": 241,
                    "part": "4",
                    "template-line-number": 525
                },
                {
                    "name": "StatisticsOperations2",
                    "replacement-node": 115,
                    "expression-node": 116,
                    "node-pos": 245,
                    "part": "5",
                    "template-line-number": 530
                },
                {
                    "name": "StatisticsOperations2",
                    "replacement-node": 118,
                    "expression-node": 119,
                    "node-pos": 249,
                    "part": "6",
                    "template-line-number": 535
                },
                {
                    "name": "StatisticsOperations2",
                    "replacement-node": 121,
                    "expression-node": 122,
                    "node-pos": 253,
                    "part": "7",
                    "template-line-number": 540
                },
                {
                    "name": "StatisticsOperations2",
                    "replacement-node": 124,
                    "expression-node": 125,
                    "node-pos": 257,
                    "part": "8",
                    "template-line-number": 545
                },
                {
                    "name": "StatisticsOperations2",
                    "replacement-node": 127,
                    "expression-node": 128,
                    "node-pos": 261,
                    "part": "9",
                    "template-line-number": 550
                }
            ]
        },
        "rule-38": [
            {
                "expression-node": 185,
                "node-pos": 353,
                "replacement-node": 184,
                "part": null,
                "template-line-number": 752
            }
        ],
        "rule-5": [
            {
                "html": true,
                "node-pos": 23,
                "replacement-node": 10,
                "part": null,
                "template-line-number": 46
            }
        ],
        "rule-36": [
            {
                "expression-node": 179,
                "node-pos": 337,
                "replacement-node": 178,
                "part": null,
                "template-line-number": 720
            }
        ],
        "rule-28": [
            {
                "expression-node": 155,
                "node-pos": 301,
                "replacement-node": 154,
                "part": null,
                "template-line-number": 634
            }
        ],
        "rule-32": [
            {
                "expression-node": 167,
                "node-pos": 321,
                "replacement-node": 166,
                "part": null,
                "template-line-number": 680
            }
        ]
    },
    "showifs": {
        "rule-1": {
            "type": "showif",
            "template-line-number": 18
        }
    },
    "line-numbers": {
        "StatisticsOperations2": [
            {
                "line-number-node": 104,
                "start-number": 16,
                "template-line-number": 511
            }
        ],
        "StatisticsOperations": [
            {
                "line-number-node": 47,
                "start-number": 1,
                "template-line-number": 287
            }
        ]
    }
}