{
    "showifs": {},
    "substitutions": {
        "rule-5": [
            {
                "node-pos": 60,
                "part": null,
                "template-line-number": 118,
                "replacement-node": 12,
                "expression-node": 13
            }
        ],
        "rule-3": [
            {
                "node-pos": 52,
                "part": null,
                "template-line-number": 103,
                "replacement-node": 6,
                "expression-node": 7
            }
        ],
        "rule-4": [
            {
                "part": null,
                "node-pos": 56,
                "replacement-node": 9,
                "template-line-number": 111
            }
        ],
        "rule-7": [
            {
                "node-pos": 70,
                "part": null,
                "template-line-number": 136,
                "replacement-node": 18,
                "expression-node": 19
            }
        ],
        "rule-1": [
            {
                "html": true,
                "part": null,
                "node-pos": 15,
                "replacement-node": 0,
                "template-line-number": 32
            }
        ],
        "rule-8": [
            {
                "part": null,
                "node-pos": 74,
                "replacement-node": 21,
                "template-line-number": 143
            }
        ],
        "rule-2": [
            {
                "html": true,
                "part": null,
                "node-pos": 20,
                "replacement-node": 3,
                "template-line-number": 44
            }
        ],
        "rule-6": [
            {
                "node-pos": 64,
                "part": null,
                "template-line-number": 124,
                "replacement-node": 15,
                "expression-node": 16
            }
        ]
    },
    "line-numbers": {}
}