{
    "line-numbers": {},
    "showifs": {},
    "substitutions": {
        "rule-2": [
            {
                "node-pos": 13,
                "part": null,
                "template-line-number": 26,
                "replacement-node": 3,
                "expression-node": 4
            }
        ],
        "rule-15": {
            "name": "BSLineItems",
            "subs": [
                {
                    "replacement-node": 41,
                    "node-pos": 71,
                    "name": "BSLineItems",
                    "part": "1",
                    "extras": {},
                    "template-line-number": 161
                },
                {
                    "replacement-node": 46,
                    "node-pos": 79,
                    "name": "BSLineItems",
                    "part": "2",
                    "extras": {},
                    "template-line-number": 172
                },
                {
                    "replacement-node": 50,
                    "node-pos": 84,
                    "name": "BSLineItems",
                    "part": "3",
                    "extras": {},
                    "template-line-number": 181
                },
                {
                    "replacement-node": 52,
                    "expression-node": 53,
                    "name": "BSLineItems",
                    "part": "4",
                    "template-line-number": 186,
                    "node-pos": 87
                },
                {
                    "replacement-node": 55,
                    "expression-node": 56,
                    "name": "BSLineItems",
                    "part": "5",
                    "template-line-number": 192,
                    "node-pos": 91
                },
                {
                    "replacement-node": 44,
                    "node-pos": 77,
                    "name": "BSLineItems",
                    "part": "6",
                    "extras": {},
                    "template-line-number": 168
                }
            ]
        },
        "rule-6": [
            {
                "part": null,
                "node-pos": 31,
                "replacement-node": 15,
                "template-line-number": 61
            }
        ],
        "rule-3": [
            {
                "part": null,
                "node-pos": 17,
                "replacement-node": 6,
                "template-line-number": 32
            }
        ],
        "rule-11": [
            {
                "part": null,
                "node-pos": 53,
                "replacement-node": 30,
                "template-line-number": 91
            }
        ],
        "rule-10": [
            {
                "node-pos": 47,
                "part": null,
                "template-line-number": 81,
                "replacement-node": 27,
                "expression-node": 28
            }
        ],
        "rule-12": [
            {
                "node-pos": 97,
                "part": null,
                "template-line-number": 203,
                "replacement-node": 58,
                "expression-node": 59
            }
        ],
        "rule-14": [
            {
                "part": null,
                "node-pos": 105,
                "replacement-node": 64,
                "template-line-number": 217
            }
        ],
        "rule-1": [
            {
                "part": null,
                "node-pos": 9,
                "replacement-node": 0,
                "template-line-number": 21
            }
        ],
        "rule-5": [
            {
                "part": null,
                "html": true,
                "node-pos": 26,
                "replacement-node": 12,
                "template-line-number": 50
            }
        ],
        "rule-16": {
            "name": "BSHeadings",
            "subs": [
                {
                    "replacement-node": 34,
                    "node-pos": 61,
                    "name": "BSHeadings",
                    "part": "1",
                    "extras": {},
                    "template-line-number": 115
                },
                {
                    "replacement-node": 37,
                    "node-pos": 65,
                    "name": "BSHeadings",
                    "part": "2",
                    "extras": {},
                    "template-line-number": 122
                }
            ]
        },
        "rule-8": [
            {
                "part": null,
                "node-pos": 39,
                "replacement-node": 21,
                "template-line-number": 71
            }
        ],
        "rule-13": [
            {
                "part": null,
                "node-pos": 101,
                "replacement-node": 61,
                "template-line-number": 208
            }
        ],
        "rule-7": [
            {
                "node-pos": 35,
                "part": null,
                "template-line-number": 66,
                "replacement-node": 18,
                "expression-node": 19
            }
        ],
        "rule-9": [
            {
                "node-pos": 43,
                "part": null,
                "template-line-number": 76,
                "replacement-node": 24,
                "expression-node": 25
            }
        ],
        "rule-4": [
            {
                "part": null,
                "html": true,
                "node-pos": 21,
                "replacement-node": 9,
                "template-line-number": 38
            }
        ]
    }
}