{
    "line-numbers": {
        "MilesOfPipeline2": [
            {
                "start-number": 1,
                "line-number-node": 121,
                "template-line-number": 651
            }
        ],
        "MilesOfPipeline1": [
            {
                "start-number": 1,
                "line-number-node": 46,
                "template-line-number": 307
            }
        ],
        "MilesOfPipeline3": [
            {
                "start-number": 1,
                "line-number-node": 196,
                "template-line-number": 1007
            }
        ],
        "MilesOfPipeline4": [
            {
                "start-number": 1,
                "line-number-node": 271,
                "template-line-number": 1362
            }
        ]
    },
    "showifs": {},
    "substitutions": {
        "rule-31": [
            {
                "node-pos": 399,
                "replacement-node": 243,
                "part": null,
                "expression-node": 244,
                "template-line-number": 1156
            }
        ],
        "rule-5": [
            {
                "html": true,
                "replacement-node": 12,
                "part": null,
                "node-pos": 27,
                "template-line-number": 58
            }
        ],
        "rule-6": [
            {
                "replacement-node": 15,
                "part": null,
                "node-pos": 32,
                "template-line-number": 75
            }
        ],
        "rule-13": [
            {
                "node-pos": 175,
                "replacement-node": 93,
                "part": null,
                "expression-node": 94,
                "template-line-number": 456
            }
        ],
        "rule-58": [
            {
                "node-pos": 596,
                "replacement-node": 372,
                "part": null,
                "expression-node": 373,
                "template-line-number": 1736
            }
        ],
        "rule-23": [
            {
                "node-pos": 292,
                "replacement-node": 171,
                "part": null,
                "expression-node": 172,
                "template-line-number": 813
            }
        ],
        "rule-9": [
            {
                "node-pos": 44,
                "replacement-node": 24,
                "part": null,
                "expression-node": 25,
                "template-line-number": 96
            }
        ],
        "rule-64": {
            "name": "MilesOfPipeline4",
            "subs": [
                {
                    "replacement-node": 297,
                    "template-line-number": 1440,
                    "expression-node": 298,
                    "name": "MilesOfPipeline4",
                    "part": "10",
                    "node-pos": 478
                },
                {
                    "replacement-node": 300,
                    "template-line-number": 1449,
                    "expression-node": 301,
                    "name": "MilesOfPipeline4",
                    "part": "11",
                    "node-pos": 482
                },
                {
                    "replacement-node": 303,
                    "template-line-number": 1458,
                    "expression-node": 304,
                    "name": "MilesOfPipeline4",
                    "part": "12",
                    "node-pos": 486
                },
                {
                    "replacement-node": 306,
                    "template-line-number": 1467,
                    "expression-node": 307,
                    "name": "MilesOfPipeline4",
                    "part": "13",
                    "node-pos": 490
                },
                {
                    "replacement-node": 309,
                    "template-line-number": 1476,
                    "expression-node": 310,
                    "name": "MilesOfPipeline4",
                    "part": "14",
                    "node-pos": 494
                },
                {
                    "replacement-node": 312,
                    "template-line-number": 1485,
                    "expression-node": 313,
                    "name": "MilesOfPipeline4",
                    "part": "15",
                    "node-pos": 498
                },
                {
                    "replacement-node": 315,
                    "template-line-number": 1494,
                    "expression-node": 316,
                    "name": "MilesOfPipeline4",
                    "part": "16",
                    "node-pos": 502
                },
                {
                    "replacement-node": 273,
                    "template-line-number": 1367,
                    "expression-node": 274,
                    "name": "MilesOfPipeline4",
                    "part": "2",
                    "node-pos": 446
                },
                {
                    "replacement-node": 276,
                    "template-line-number": 1376,
                    "expression-node": 277,
                    "name": "MilesOfPipeline4",
                    "part": "3",
                    "node-pos": 450
                },
                {
                    "replacement-node": 279,
                    "template-line-number": 1385,
                    "expression-node": 280,
                    "name": "MilesOfPipeline4",
                    "part": "4",
                    "node-pos": 454
                },
                {
                    "replacement-node": 282,
                    "template-line-number": 1395,
                    "expression-node": 283,
                    "name": "MilesOfPipeline4",
                    "part": "5",
                    "node-pos": 458
                },
                {
                    "replacement-node": 285,
                    "template-line-number": 1404,
                    "expression-node": 286,
                    "name": "MilesOfPipeline4",
                    "part": "6",
                    "node-pos": 462
                },
                {
                    "replacement-node": 288,
                    "template-line-number": 1413,
                    "expression-node": 289,
                    "name": "MilesOfPipeline4",
                    "part": "7",
                    "node-pos": 466
                },
                {
                    "replacement-node": 291,
                    "template-line-number": 1422,
                    "expression-node": 292,
                    "name": "MilesOfPipeline4",
                    "part": "8",
                    "node-pos": 470
                },
                {
                    "replacement-node": 294,
                    "template-line-number": 1431,
                    "expression-node": 295,
                    "name": "MilesOfPipeline4",
                    "part": "9",
                    "node-pos": 474
                }
            ]
        },
        "rule-19": [
            {
                "node-pos": 202,
                "replacement-node": 111,
                "part": null,
                "expression-node": 112,
                "template-line-number": 525
            }
        ],
        "rule-18": [
            {
                "node-pos": 198,
                "replacement-node": 108,
                "part": null,
                "expression-node": 109,
                "template-line-number": 514
            }
        ],
        "rule-22": [
            {
                "node-pos": 287,
                "replacement-node": 168,
                "part": null,
                "expression-node": 169,
                "template-line-number": 800
            }
        ],
        "rule-1": [
            {
                "replacement-node": 0,
                "part": null,
                "node-pos": 10,
                "template-line-number": 19
            }
        ],
        "rule-15": [
            {
                "node-pos": 185,
                "replacement-node": 99,
                "part": null,
                "expression-node": 100,
                "template-line-number": 480
            }
        ],
        "rule-43": [
            {
                "node-pos": 526,
                "replacement-node": 327,
                "part": null,
                "expression-node": 328,
                "template-line-number": 1550
            }
        ],
        "rule-34": [
            {
                "node-pos": 414,
                "replacement-node": 252,
                "part": null,
                "expression-node": 253,
                "template-line-number": 1195
            }
        ],
        "rule-57": [
            {
                "node-pos": 590,
                "replacement-node": 369,
                "part": null,
                "expression-node": 370,
                "template-line-number": 1721
            }
        ],
        "rule-42": [
            {
                "node-pos": 521,
                "replacement-node": 324,
                "part": null,
                "expression-node": 325,
                "template-line-number": 1537
            }
        ],
        "rule-52": [
            {
                "node-pos": 570,
                "replacement-node": 354,
                "part": null,
                "expression-node": 355,
                "template-line-number": 1666
            }
        ],
        "rule-35": [
            {
                "node-pos": 418,
                "replacement-node": 255,
                "part": null,
                "expression-node": 256,
                "template-line-number": 1207
            }
        ],
        "rule-32": [
            {
                "node-pos": 404,
                "replacement-node": 246,
                "part": null,
                "expression-node": 247,
                "template-line-number": 1169
            }
        ],
        "rule-4": [
            {
                "html": true,
                "replacement-node": 9,
                "part": null,
                "node-pos": 22,
                "template-line-number": 42
            }
        ],
        "rule-17": [
            {
                "node-pos": 194,
                "replacement-node": 105,
                "part": null,
                "expression-node": 106,
                "template-line-number": 503
            }
        ],
        "rule-25": [
            {
                "node-pos": 302,
                "replacement-node": 177,
                "part": null,
                "expression-node": 178,
                "template-line-number": 839
            }
        ],
        "rule-56": [
            {
                "node-pos": 586,
                "replacement-node": 366,
                "part": null,
                "expression-node": 367,
                "template-line-number": 1710
            }
        ],
        "rule-62": {
            "name": "MilesOfPipeline1",
            "subs": [
                {
                    "replacement-node": 72,
                    "template-line-number": 385,
                    "expression-node": 73,
                    "name": "MilesOfPipeline1",
                    "part": "10",
                    "node-pos": 142
                },
                {
                    "replacement-node": 75,
                    "template-line-number": 394,
                    "expression-node": 76,
                    "name": "MilesOfPipeline1",
                    "part": "11",
                    "node-pos": 146
                },
                {
                    "replacement-node": 78,
                    "template-line-number": 403,
                    "expression-node": 79,
                    "name": "MilesOfPipeline1",
                    "part": "12",
                    "node-pos": 150
                },
                {
                    "replacement-node": 81,
                    "template-line-number": 412,
                    "expression-node": 82,
                    "name": "MilesOfPipeline1",
                    "part": "13",
                    "node-pos": 154
                },
                {
                    "replacement-node": 84,
                    "template-line-number": 421,
                    "expression-node": 85,
                    "name": "MilesOfPipeline1",
                    "part": "14",
                    "node-pos": 158
                },
                {
                    "replacement-node": 87,
                    "template-line-number": 430,
                    "expression-node": 88,
                    "name": "MilesOfPipeline1",
                    "part": "15",
                    "node-pos": 162
                },
                {
                    "replacement-node": 90,
                    "template-line-number": 439,
                    "expression-node": 91,
                    "name": "MilesOfPipeline1",
                    "part": "16",
                    "node-pos": 166
                },
                {
                    "replacement-node": 48,
                    "template-line-number": 312,
                    "expression-node": 49,
                    "name": "MilesOfPipeline1",
                    "part": "2",
                    "node-pos": 110
                },
                {
                    "replacement-node": 51,
                    "template-line-number": 321,
                    "expression-node": 52,
                    "name": "MilesOfPipeline1",
                    "part": "3",
                    "node-pos": 114
                },
                {
                    "replacement-node": 54,
                    "template-line-number": 330,
                    "expression-node": 55,
                    "name": "MilesOfPipeline1",
                    "part": "4",
                    "node-pos": 118
                },
                {
                    "replacement-node": 57,
                    "template-line-number": 340,
                    "expression-node": 58,
                    "name": "MilesOfPipeline1",
                    "part": "5",
                    "node-pos": 122
                },
                {
                    "replacement-node": 60,
                    "template-line-number": 349,
                    "expression-node": 61,
                    "name": "MilesOfPipeline1",
                    "part": "6",
                    "node-pos": 126
                },
                {
                    "replacement-node": 63,
                    "template-line-number": 358,
                    "expression-node": 64,
                    "name": "MilesOfPipeline1",
                    "part": "7",
                    "node-pos": 130
                },
                {
                    "replacement-node": 66,
                    "template-line-number": 367,
                    "expression-node": 67,
                    "name": "MilesOfPipeline1",
                    "part": "8",
                    "node-pos": 134
                },
                {
                    "replacement-node": 69,
                    "template-line-number": 376,
                    "expression-node": 70,
                    "name": "MilesOfPipeline1",
                    "part": "9",
                    "node-pos": 138
                }
            ]
        },
        "rule-51": [
            {
                "node-pos": 565,
                "replacement-node": 351,
                "part": null,
                "expression-node": 352,
                "template-line-number": 1654
            }
        ],
        "rule-36": [
            {
                "node-pos": 422,
                "replacement-node": 258,
                "part": null,
                "expression-node": 259,
                "template-line-number": 1219
            }
        ],
        "rule-24": [
            {
                "node-pos": 297,
                "replacement-node": 174,
                "part": null,
                "expression-node": 175,
                "template-line-number": 826
            }
        ],
        "rule-20": [
            {
                "node-pos": 206,
                "replacement-node": 114,
                "part": null,
                "expression-node": 115,
                "template-line-number": 536
            }
        ],
        "rule-21": [
            {
                "node-pos": 210,
                "replacement-node": 117,
                "part": null,
                "expression-node": 118,
                "template-line-number": 547
            }
        ],
        "rule-7": [
            {
                "node-pos": 36,
                "replacement-node": 18,
                "part": null,
                "expression-node": 19,
                "template-line-number": 82
            }
        ],
        "rule-46": [
            {
                "node-pos": 538,
                "replacement-node": 336,
                "part": null,
                "expression-node": 337,
                "template-line-number": 1586
            }
        ],
        "rule-65": {
            "name": "ColumnHeadings",
            "subs": [
                {
                    "replacement-node": 39,
                    "template-line-number": 197,
                    "extras": {},
                    "name": "ColumnHeadings",
                    "part": "1",
                    "node-pos": 94
                },
                {
                    "replacement-node": 42,
                    "template-line-number": 205,
                    "extras": {},
                    "name": "ColumnHeadings",
                    "part": "2",
                    "node-pos": 98
                },
                {
                    "replacement-node": 37,
                    "template-line-number": 193,
                    "extras": {},
                    "name": "ColumnHeadings",
                    "part": "3",
                    "node-pos": 92
                }
            ]
        },
        "rule-26": [
            {
                "node-pos": 306,
                "replacement-node": 180,
                "part": null,
                "expression-node": 181,
                "template-line-number": 851
            }
        ],
        "rule-16": [
            {
                "node-pos": 190,
                "replacement-node": 102,
                "part": null,
                "expression-node": 103,
                "template-line-number": 492
            }
        ],
        "rule-40": [
            {
                "node-pos": 511,
                "replacement-node": 318,
                "part": null,
                "expression-node": 319,
                "template-line-number": 1511
            }
        ],
        "rule-48": [
            {
                "node-pos": 546,
                "replacement-node": 342,
                "part": null,
                "expression-node": 343,
                "template-line-number": 1610
            }
        ],
        "rule-63": {
            "name": "MilesOfPipeline3",
            "subs": [
                {
                    "replacement-node": 222,
                    "template-line-number": 1085,
                    "expression-node": 223,
                    "name": "MilesOfPipeline3",
                    "part": "10",
                    "node-pos": 366
                },
                {
                    "replacement-node": 225,
                    "template-line-number": 1094,
                    "expression-node": 226,
                    "name": "MilesOfPipeline3",
                    "part": "11",
                    "node-pos": 370
                },
                {
                    "replacement-node": 228,
                    "template-line-number": 1103,
                    "expression-node": 229,
                    "name": "MilesOfPipeline3",
                    "part": "12",
                    "node-pos": 374
                },
                {
                    "replacement-node": 231,
                    "template-line-number": 1112,
                    "expression-node": 232,
                    "name": "MilesOfPipeline3",
                    "part": "13",
                    "node-pos": 378
                },
                {
                    "replacement-node": 234,
                    "template-line-number": 1121,
                    "expression-node": 235,
                    "name": "MilesOfPipeline3",
                    "part": "14",
                    "node-pos": 382
                },
                {
                    "replacement-node": 237,
                    "template-line-number": 1130,
                    "expression-node": 238,
                    "name": "MilesOfPipeline3",
                    "part": "15",
                    "node-pos": 386
                },
                {
                    "replacement-node": 240,
                    "template-line-number": 1139,
                    "expression-node": 241,
                    "name": "MilesOfPipeline3",
                    "part": "16",
                    "node-pos": 390
                },
                {
                    "replacement-node": 198,
                    "template-line-number": 1012,
                    "expression-node": 199,
                    "name": "MilesOfPipeline3",
                    "part": "2",
                    "node-pos": 334
                },
                {
                    "replacement-node": 201,
                    "template-line-number": 1021,
                    "expression-node": 202,
                    "name": "MilesOfPipeline3",
                    "part": "3",
                    "node-pos": 338
                },
                {
                    "replacement-node": 204,
                    "template-line-number": 1030,
                    "expression-node": 205,
                    "name": "MilesOfPipeline3",
                    "part": "4",
                    "node-pos": 342
                },
                {
                    "replacement-node": 207,
                    "template-line-number": 1040,
                    "expression-node": 208,
                    "name": "MilesOfPipeline3",
                    "part": "5",
                    "node-pos": 346
                },
                {
                    "replacement-node": 210,
                    "template-line-number": 1049,
                    "expression-node": 211,
                    "name": "MilesOfPipeline3",
                    "part": "6",
                    "node-pos": 350
                },
                {
                    "replacement-node": 213,
                    "template-line-number": 1058,
                    "expression-node": 214,
                    "name": "MilesOfPipeline3",
                    "part": "7",
                    "node-pos": 354
                },
                {
                    "replacement-node": 216,
                    "template-line-number": 1067,
                    "expression-node": 217,
                    "name": "MilesOfPipeline3",
                    "part": "8",
                    "node-pos": 358
                },
                {
                    "replacement-node": 219,
                    "template-line-number": 1076,
                    "expression-node": 220,
                    "name": "MilesOfPipeline3",
                    "part": "9",
                    "node-pos": 362
                }
            ]
        },
        "rule-28": [
            {
                "node-pos": 314,
                "replacement-node": 186,
                "part": null,
                "expression-node": 187,
                "template-line-number": 875
            }
        ],
        "rule-29": [
            {
                "node-pos": 318,
                "replacement-node": 189,
                "part": null,
                "expression-node": 190,
                "template-line-number": 887
            }
        ],
        "rule-3": [
            {
                "replacement-node": 6,
                "part": null,
                "node-pos": 18,
                "template-line-number": 34
            }
        ],
        "rule-2": [
            {
                "node-pos": 14,
                "replacement-node": 3,
                "part": null,
                "expression-node": 4,
                "template-line-number": 27
            }
        ],
        "rule-8": [
            {
                "replacement-node": 21,
                "part": null,
                "node-pos": 40,
                "template-line-number": 89
            }
        ],
        "rule-39": [
            {
                "node-pos": 434,
                "replacement-node": 267,
                "part": null,
                "expression-node": 268,
                "template-line-number": 1255
            }
        ],
        "rule-54": [
            {
                "node-pos": 578,
                "replacement-node": 360,
                "part": null,
                "expression-node": 361,
                "template-line-number": 1688
            }
        ],
        "rule-11": [
            {
                "replacement-node": 30,
                "part": null,
                "node-pos": 54,
                "template-line-number": 113
            }
        ],
        "rule-53": [
            {
                "node-pos": 574,
                "replacement-node": 357,
                "part": null,
                "expression-node": 358,
                "template-line-number": 1677
            }
        ],
        "rule-38": [
            {
                "node-pos": 430,
                "replacement-node": 264,
                "part": null,
                "expression-node": 265,
                "template-line-number": 1243
            }
        ],
        "rule-33": [
            {
                "node-pos": 409,
                "replacement-node": 249,
                "part": null,
                "expression-node": 250,
                "template-line-number": 1182
            }
        ],
        "rule-10": [
            {
                "node-pos": 48,
                "replacement-node": 27,
                "part": null,
                "expression-node": 28,
                "template-line-number": 102
            }
        ],
        "rule-27": [
            {
                "node-pos": 310,
                "replacement-node": 183,
                "part": null,
                "expression-node": 184,
                "template-line-number": 863
            }
        ],
        "rule-61": {
            "name": "MilesOfPipeline2",
            "subs": [
                {
                    "replacement-node": 147,
                    "template-line-number": 730,
                    "expression-node": 148,
                    "name": "MilesOfPipeline2",
                    "part": "10",
                    "node-pos": 254
                },
                {
                    "replacement-node": 150,
                    "template-line-number": 739,
                    "expression-node": 151,
                    "name": "MilesOfPipeline2",
                    "part": "11",
                    "node-pos": 258
                },
                {
                    "replacement-node": 153,
                    "template-line-number": 748,
                    "expression-node": 154,
                    "name": "MilesOfPipeline2",
                    "part": "12",
                    "node-pos": 262
                },
                {
                    "replacement-node": 156,
                    "template-line-number": 757,
                    "expression-node": 157,
                    "name": "MilesOfPipeline2",
                    "part": "13",
                    "node-pos": 266
                },
                {
                    "replacement-node": 159,
                    "template-line-number": 766,
                    "expression-node": 160,
                    "name": "MilesOfPipeline2",
                    "part": "14",
                    "node-pos": 270
                },
                {
                    "replacement-node": 162,
                    "template-line-number": 775,
                    "expression-node": 163,
                    "name": "MilesOfPipeline2",
                    "part": "15",
                    "node-pos": 274
                },
                {
                    "replacement-node": 165,
                    "template-line-number": 784,
                    "expression-node": 166,
                    "name": "MilesOfPipeline2",
                    "part": "16",
                    "node-pos": 278
                },
                {
                    "replacement-node": 123,
                    "template-line-number": 657,
                    "expression-node": 124,
                    "name": "MilesOfPipeline2",
                    "part": "2",
                    "node-pos": 222
                },
                {
                    "replacement-node": 126,
                    "template-line-number": 666,
                    "expression-node": 127,
                    "name": "MilesOfPipeline2",
                    "part": "3",
                    "node-pos": 226
                },
                {
                    "replacement-node": 129,
                    "template-line-number": 675,
                    "expression-node": 130,
                    "name": "MilesOfPipeline2",
                    "part": "4",
                    "node-pos": 230
                },
                {
                    "replacement-node": 132,
                    "template-line-number": 685,
                    "expression-node": 133,
                    "name": "MilesOfPipeline2",
                    "part": "5",
                    "node-pos": 234
                },
                {
                    "replacement-node": 135,
                    "template-line-number": 694,
                    "expression-node": 136,
                    "name": "MilesOfPipeline2",
                    "part": "6",
                    "node-pos": 238
                },
                {
                    "replacement-node": 138,
                    "template-line-number": 703,
                    "expression-node": 139,
                    "name": "MilesOfPipeline2",
                    "part": "7",
                    "node-pos": 242
                },
                {
                    "replacement-node": 141,
                    "template-line-number": 712,
                    "expression-node": 142,
                    "name": "MilesOfPipeline2",
                    "part": "8",
                    "node-pos": 246
                },
                {
                    "replacement-node": 144,
                    "template-line-number": 721,
                    "expression-node": 145,
                    "name": "MilesOfPipeline2",
                    "part": "9",
                    "node-pos": 250
                }
            ]
        },
        "rule-47": [
            {
                "node-pos": 542,
                "replacement-node": 339,
                "part": null,
                "expression-node": 340,
                "template-line-number": 1598
            }
        ],
        "rule-50": [
            {
                "node-pos": 560,
                "replacement-node": 348,
                "part": null,
                "expression-node": 349,
                "template-line-number": 1642
            }
        ],
        "rule-14": [
            {
                "node-pos": 180,
                "replacement-node": 96,
                "part": null,
                "expression-node": 97,
                "template-line-number": 468
            }
        ],
        "rule-41": [
            {
                "node-pos": 516,
                "replacement-node": 321,
                "part": null,
                "expression-node": 322,
                "template-line-number": 1524
            }
        ],
        "rule-44": [
            {
                "node-pos": 530,
                "replacement-node": 330,
                "part": null,
                "expression-node": 331,
                "template-line-number": 1562
            }
        ],
        "rule-59": [
            {
                "replacement-node": 375,
                "part": null,
                "node-pos": 600,
                "template-line-number": 1741
            }
        ],
        "rule-45": [
            {
                "node-pos": 534,
                "replacement-node": 333,
                "part": null,
                "expression-node": 334,
                "template-line-number": 1574
            }
        ],
        "rule-12": [
            {
                "html": true,
                "replacement-node": 33,
                "part": null,
                "node-pos": 59,
                "template-line-number": 124
            }
        ],
        "rule-55": [
            {
                "node-pos": 582,
                "replacement-node": 363,
                "part": null,
                "expression-node": 364,
                "template-line-number": 1699
            }
        ],
        "rule-30": [
            {
                "node-pos": 322,
                "replacement-node": 192,
                "part": null,
                "expression-node": 193,
                "template-line-number": 899
            }
        ],
        "rule-37": [
            {
                "node-pos": 426,
                "replacement-node": 261,
                "part": null,
                "expression-node": 262,
                "template-line-number": 1231
            }
        ],
        "rule-49": [
            {
                "node-pos": 555,
                "replacement-node": 345,
                "part": null,
                "expression-node": 346,
                "template-line-number": 1631
            }
        ],
        "rule-60": [
            {
                "replacement-node": 378,
                "part": null,
                "node-pos": 604,
                "template-line-number": 1750
            }
        ]
    }
}