{
    "substitutions": {
        "rule-1": [
            {
                "part": null,
                "replacement-node": 0,
                "template-line-number": 23,
                "node-pos": 10
            }
        ],
        "rule-2": [
            {
                "part": null,
                "replacement-node": 3,
                "expression-node": 4,
                "template-line-number": 28,
                "node-pos": 15
            }
        ],
        "rule-3": [
            {
                "part": null,
                "replacement-node": 6,
                "template-line-number": 34,
                "node-pos": 19
            }
        ],
        "rule-4": [
            {
                "part": null,
                "replacement-node": 9,
                "template-line-number": 40,
                "node-pos": 23,
                "html": true
            }
        ],
        "rule-5": [
            {
                "part": null,
                "replacement-node": 12,
                "template-line-number": 52,
                "node-pos": 28,
                "html": true
            }
        ],
        "rule-6": [
            {
                "part": null,
                "replacement-node": 15,
                "template-line-number": 63,
                "node-pos": 33
            }
        ],
        "rule-7": [
            {
                "part": null,
                "replacement-node": 18,
                "expression-node": 19,
                "template-line-number": 68,
                "node-pos": 38
            }
        ],
        "rule-8": [
            {
                "part": null,
                "replacement-node": 21,
                "template-line-number": 73,
                "node-pos": 42
            }
        ],
        "rule-9": [
            {
                "part": null,
                "replacement-node": 24,
                "expression-node": 25,
                "template-line-number": 78,
                "node-pos": 47
            }
        ],
        "rule-10": [
            {
                "part": null,
                "replacement-node": 27,
                "expression-node": 28,
                "template-line-number": 83,
                "node-pos": 51
            }
        ],
        "rule-11": [
            {
                "part": null,
                "replacement-node": 30,
                "template-line-number": 92,
                "node-pos": 57,
                "html": true
            }
        ],
        "rule-12": [
            {
                "part": null,
                "replacement-node": 33,
                "template-line-number": 104,
                "node-pos": 63
            }
        ],
        "rule-13": [
            {
                "part": null,
                "replacement-node": 36,
                "template-line-number": 115,
                "node-pos": 67,
                "html": true
            }
        ],
        "rule-14": [
            {
                "part": null,
                "replacement-node": 39,
                "template-line-number": 128,
                "node-pos": 72,
                "html": true
            }
        ],
        "rule-15": [
            {
                "part": null,
                "replacement-node": 42,
                "template-line-number": 142,
                "node-pos": 78,
                "html": true
            }
        ],
        "rule-16": [
            {
                "part": null,
                "replacement-node": 72,
                "expression-node": 73,
                "template-line-number": 288,
                "node-pos": 127
            }
        ],
        "rule-17": [
            {
                "part": null,
                "replacement-node": 75,
                "template-line-number": 295,
                "node-pos": 131
            }
        ],
        "rule-18": [
            {
                "part": null,
                "replacement-node": 78,
                "template-line-number": 305,
                "node-pos": 135
            }
        ],
        "rule-19": {
            "name": "formula",
            "subs": [
                {
                    "name": "formula",
                    "part": "2",
                    "replacement-node": 57,
                    "expression-node": 58,
                    "template-line-number": 253,
                    "node-pos": 105
                },
                {
                    "name": "formula",
                    "part": "3",
                    "replacement-node": 60,
                    "expression-node": 61,
                    "template-line-number": 258,
                    "node-pos": 109
                },
                {
                    "name": "formula",
                    "part": "4",
                    "replacement-node": 63,
                    "expression-node": 64,
                    "template-line-number": 263,
                    "node-pos": 113
                },
                {
                    "name": "formula",
                    "part": "5",
                    "replacement-node": 66,
                    "expression-node": 67,
                    "template-line-number": 268,
                    "node-pos": 117
                },
                {
                    "name": "formula",
                    "part": "6",
                    "replacement-node": 69,
                    "expression-node": 70,
                    "template-line-number": 273,
                    "node-pos": 121
                }
            ]
        },
        "rule-20": {
            "name": "ColumnHeadings",
            "subs": [
                {
                    "name": "ColumnHeadings",
                    "part": "1",
                    "replacement-node": 48,
                    "template-line-number": 179,
                    "extras": {},
                    "node-pos": 92
                },
                {
                    "name": "ColumnHeadings",
                    "part": "2",
                    "replacement-node": 51,
                    "template-line-number": 187,
                    "extras": {},
                    "node-pos": 96
                },
                {
                    "name": "ColumnHeadings",
                    "part": "3",
                    "replacement-node": 46,
                    "template-line-number": 175,
                    "extras": {},
                    "node-pos": 90
                }
            ]
        }
    },
    "line-numbers": {
        "formula": [
            {
                "line-number-node": 55,
                "start-number": 1,
                "template-line-number": 250
            }
        ]
    },
    "showifs": {},
    "footnotes": {},
    "standard-rules": [
        "rule-1",
        "rule-2",
        "rule-3",
        "rule-4",
        "rule-5",
        "rule-6",
        "rule-7",
        "rule-8",
        "rule-9",
        "rule-10",
        "rule-11",
        "rule-12",
        "rule-13",
        "rule-14",
        "rule-15",
        "rule-16",
        "rule-17",
        "rule-18",
        "rule-19",
        "rule-20"
    ],
    "footnote-rules": []
}