{
    "showifs": {},
    "substitutions": {
        "rule-3": [
            {
                "replacement-node": 6,
                "part": null,
                "node-pos": 17,
                "template-line-number": 32
            }
        ],
        "rule-17": {
            "subs": [
                {
                    "template-line-number": 125,
                    "node-pos": 66,
                    "extras": {},
                    "replacement-node": 37,
                    "part": "1",
                    "name": "ListHeadings"
                },
                {
                    "template-line-number": 132,
                    "node-pos": 70,
                    "extras": {},
                    "replacement-node": 40,
                    "part": "2",
                    "name": "ListHeadings"
                }
            ],
            "name": "ListHeadings"
        },
        "rule-4": [
            {
                "html": true,
                "replacement-node": 9,
                "part": null,
                "node-pos": 21,
                "template-line-number": 38
            }
        ],
        "rule-5": [
            {
                "html": true,
                "replacement-node": 12,
                "part": null,
                "node-pos": 26,
                "template-line-number": 50
            }
        ],
        "rule-10": [
            {
                "template-line-number": 81,
                "replacement-node": 27,
                "part": null,
                "node-pos": 47,
                "expression-node": 28
            }
        ],
        "rule-13": [
            {
                "template-line-number": 229,
                "replacement-node": 64,
                "part": null,
                "node-pos": 112,
                "expression-node": 65
            }
        ],
        "rule-12": [
            {
                "html": true,
                "replacement-node": 33,
                "part": null,
                "node-pos": 58,
                "template-line-number": 102
            }
        ],
        "rule-11": [
            {
                "replacement-node": 30,
                "part": null,
                "node-pos": 53,
                "template-line-number": 91
            }
        ],
        "rule-8": [
            {
                "replacement-node": 21,
                "part": null,
                "node-pos": 39,
                "template-line-number": 71
            }
        ],
        "rule-15": [
            {
                "replacement-node": 70,
                "part": null,
                "node-pos": 120,
                "template-line-number": 243
            }
        ],
        "rule-2": [
            {
                "template-line-number": 26,
                "replacement-node": 3,
                "part": null,
                "node-pos": 13,
                "expression-node": 4
            }
        ],
        "rule-16": {
            "subs": [
                {
                    "template-line-number": 178,
                    "node-pos": 76,
                    "extras": {},
                    "replacement-node": 44,
                    "part": "1",
                    "name": "ListLineItems"
                },
                {
                    "template-line-number": 189,
                    "node-pos": 84,
                    "extras": {},
                    "replacement-node": 49,
                    "part": "2",
                    "name": "ListLineItems"
                },
                {
                    "template-line-number": 200,
                    "node-pos": 90,
                    "extras": {},
                    "replacement-node": 53,
                    "part": "3",
                    "name": "ListLineItems"
                },
                {
                    "template-line-number": 207,
                    "node-pos": 94,
                    "extras": {},
                    "replacement-node": 56,
                    "part": "4",
                    "name": "ListLineItems"
                },
                {
                    "template-line-number": 211,
                    "node-pos": 97,
                    "replacement-node": 58,
                    "part": "5",
                    "name": "ListLineItems",
                    "expression-node": 59
                },
                {
                    "template-line-number": 185,
                    "node-pos": 82,
                    "extras": {},
                    "replacement-node": 47,
                    "part": "6",
                    "name": "ListLineItems"
                },
                {
                    "template-line-number": 212,
                    "node-pos": 99,
                    "replacement-node": 60,
                    "part": "6",
                    "name": "ListLineItems",
                    "expression-node": 61
                },
                {
                    "template-line-number": 213,
                    "node-pos": 101,
                    "replacement-node": 62,
                    "part": "7",
                    "name": "ListLineItems",
                    "expression-node": 63
                }
            ],
            "name": "ListLineItems"
        },
        "rule-9": [
            {
                "template-line-number": 76,
                "replacement-node": 24,
                "part": null,
                "node-pos": 43,
                "expression-node": 25
            }
        ],
        "rule-1": [
            {
                "replacement-node": 0,
                "part": null,
                "node-pos": 9,
                "template-line-number": 21
            }
        ],
        "rule-6": [
            {
                "replacement-node": 15,
                "part": null,
                "node-pos": 31,
                "template-line-number": 61
            }
        ],
        "rule-7": [
            {
                "template-line-number": 66,
                "replacement-node": 18,
                "part": null,
                "node-pos": 35,
                "expression-node": 19
            }
        ],
        "rule-14": [
            {
                "replacement-node": 67,
                "part": null,
                "node-pos": 116,
                "template-line-number": 234
            }
        ]
    },
    "line-numbers": {}
}