{
    "showifs": {
        "rule-1": {
            "template-line-number": 17,
            "type": "showif"
        }
    },
    "line-numbers": {
        "ExchangeAndImbalanceTransactions": [
            {
                "start-number": 1,
                "template-line-number": 199,
                "line-number-node": 47
            }
        ]
    },
    "substitutions": {
        "rule-13": [
            {
                "html": true,
                "template-line-number": 105,
                "node-pos": 59,
                "part": null,
                "replacement-node": 34
            }
        ],
        "rule-6": [
            {
                "html": true,
                "template-line-number": 55,
                "node-pos": 27,
                "part": null,
                "replacement-node": 13
            }
        ],
        "rule-10": [
            {
                "template-line-number": 79,
                "node-pos": 44,
                "expression-node": 26,
                "part": null,
                "replacement-node": 25
            }
        ],
        "rule-18": [
            {
                "template-line-number": 280,
                "node-pos": 125,
                "expression-node": 77,
                "part": null,
                "replacement-node": 76
            }
        ],
        "rule-22": {
            "name": "InvHeadings",
            "subs": [
                {
                    "extras": {},
                    "template-line-number": 137,
                    "node-pos": 73,
                    "replacement-node": 40,
                    "name": "InvHeadings",
                    "part": "1"
                },
                {
                    "extras": {},
                    "template-line-number": 146,
                    "node-pos": 77,
                    "replacement-node": 43,
                    "name": "InvHeadings",
                    "part": "2"
                },
                {
                    "extras": {},
                    "template-line-number": 133,
                    "node-pos": 71,
                    "replacement-node": 38,
                    "name": "InvHeadings",
                    "part": "3"
                }
            ]
        },
        "rule-12": [
            {
                "template-line-number": 94,
                "node-pos": 54,
                "part": null,
                "replacement-node": 31
            }
        ],
        "rule-21": [
            {
                "template-line-number": 307,
                "node-pos": 139,
                "part": null,
                "replacement-node": 85
            }
        ],
        "rule-8": [
            {
                "template-line-number": 70,
                "node-pos": 36,
                "expression-node": 20,
                "part": null,
                "replacement-node": 19
            }
        ],
        "rule-15": [
            {
                "template-line-number": 250,
                "node-pos": 113,
                "expression-node": 68,
                "part": null,
                "replacement-node": 67
            }
        ],
        "rule-20": [
            {
                "template-line-number": 298,
                "node-pos": 135,
                "part": null,
                "replacement-node": 82
            }
        ],
        "rule-2": [
            {
                "template-line-number": 27,
                "node-pos": 10,
                "part": null,
                "replacement-node": 1
            }
        ],
        "rule-5": [
            {
                "html": true,
                "template-line-number": 43,
                "node-pos": 22,
                "part": null,
                "replacement-node": 10
            }
        ],
        "rule-11": [
            {
                "template-line-number": 84,
                "node-pos": 48,
                "expression-node": 29,
                "part": null,
                "replacement-node": 28
            }
        ],
        "rule-14": [
            {
                "template-line-number": 237,
                "node-pos": 108,
                "part": null,
                "replacement-node": 64
            }
        ],
        "rule-3": [
            {
                "template-line-number": 31,
                "node-pos": 14,
                "expression-node": 5,
                "part": null,
                "replacement-node": 4
            }
        ],
        "rule-7": [
            {
                "template-line-number": 66,
                "node-pos": 32,
                "part": null,
                "replacement-node": 16
            }
        ],
        "rule-4": [
            {
                "template-line-number": 37,
                "node-pos": 18,
                "part": null,
                "replacement-node": 7
            }
        ],
        "rule-17": [
            {
                "template-line-number": 270,
                "node-pos": 121,
                "expression-node": 74,
                "part": null,
                "replacement-node": 73
            }
        ],
        "rule-19": [
            {
                "template-line-number": 293,
                "node-pos": 131,
                "expression-node": 80,
                "part": null,
                "replacement-node": 79
            }
        ],
        "rule-9": [
            {
                "template-line-number": 75,
                "node-pos": 40,
                "part": null,
                "replacement-node": 22
            }
        ],
        "rule-23": {
            "name": "ExchangeAndImbalanceTransactions",
            "subs": [
                {
                    "template-line-number": 203,
                    "node-pos": 86,
                    "part": "2",
                    "replacement-node": 49,
                    "name": "ExchangeAndImbalanceTransactions",
                    "expression-node": 50
                },
                {
                    "template-line-number": 209,
                    "node-pos": 90,
                    "part": "3",
                    "replacement-node": 52,
                    "name": "ExchangeAndImbalanceTransactions",
                    "expression-node": 53
                },
                {
                    "template-line-number": 215,
                    "node-pos": 94,
                    "part": "4",
                    "replacement-node": 55,
                    "name": "ExchangeAndImbalanceTransactions",
                    "expression-node": 56
                },
                {
                    "template-line-number": 221,
                    "node-pos": 98,
                    "part": "5",
                    "replacement-node": 58,
                    "name": "ExchangeAndImbalanceTransactions",
                    "expression-node": 59
                },
                {
                    "template-line-number": 227,
                    "node-pos": 102,
                    "part": "6",
                    "replacement-node": 61,
                    "name": "ExchangeAndImbalanceTransactions",
                    "expression-node": 62
                }
            ]
        },
        "rule-16": [
            {
                "template-line-number": 260,
                "node-pos": 117,
                "expression-node": 71,
                "part": null,
                "replacement-node": 70
            }
        ]
    }
}