{
    "substitutions": {
        "rule-10": [
            {
                "replacement-node": 27,
                "expression-node": 28,
                "template-line-number": 83,
                "part": null,
                "node-pos": 48
            }
        ],
        "rule-2": [
            {
                "replacement-node": 3,
                "expression-node": 4,
                "template-line-number": 28,
                "part": null,
                "node-pos": 14
            }
        ],
        "rule-4": [
            {
                "html": true,
                "replacement-node": 9,
                "template-line-number": 40,
                "part": null,
                "node-pos": 22
            }
        ],
        "rule-3": [
            {
                "replacement-node": 6,
                "template-line-number": 34,
                "part": null,
                "node-pos": 18
            }
        ],
        "rule-14": [
            {
                "replacement-node": 65,
                "template-line-number": 230,
                "part": null,
                "node-pos": 111
            }
        ],
        "rule-17": {
            "subs": [
                {
                    "replacement-node": 36,
                    "template-line-number": 127,
                    "node-pos": 68,
                    "part": "1",
                    "name": "BSHeadings",
                    "extras": {}
                },
                {
                    "replacement-node": 39,
                    "template-line-number": 134,
                    "node-pos": 72,
                    "part": "2",
                    "name": "BSHeadings",
                    "extras": {}
                }
            ],
            "name": "BSHeadings"
        },
        "rule-12": [
            {
                "html": true,
                "replacement-node": 33,
                "template-line-number": 104,
                "part": null,
                "node-pos": 59
            }
        ],
        "rule-8": [
            {
                "replacement-node": 21,
                "template-line-number": 73,
                "part": null,
                "node-pos": 40
            }
        ],
        "rule-11": [
            {
                "replacement-node": 30,
                "template-line-number": 93,
                "part": null,
                "node-pos": 54
            }
        ],
        "rule-1": [
            {
                "replacement-node": 0,
                "template-line-number": 23,
                "part": null,
                "node-pos": 10
            }
        ],
        "rule-9": [
            {
                "replacement-node": 24,
                "expression-node": 25,
                "template-line-number": 78,
                "part": null,
                "node-pos": 44
            }
        ],
        "rule-16": {
            "subs": [
                {
                    "replacement-node": 43,
                    "template-line-number": 176,
                    "node-pos": 78,
                    "part": "1",
                    "name": "BSLineItems",
                    "extras": {}
                },
                {
                    "replacement-node": 50,
                    "template-line-number": 193,
                    "node-pos": 89,
                    "part": "2",
                    "name": "BSLineItems",
                    "extras": {}
                },
                {
                    "replacement-node": 46,
                    "template-line-number": 183,
                    "node-pos": 82,
                    "part": "3",
                    "name": "BSLineItems",
                    "extras": {}
                },
                {
                    "replacement-node": 54,
                    "template-line-number": 202,
                    "node-pos": 94,
                    "part": "3",
                    "name": "BSLineItems",
                    "extras": {}
                },
                {
                    "replacement-node": 56,
                    "part": "4",
                    "node-pos": 97,
                    "expression-node": 57,
                    "name": "BSLineItems",
                    "template-line-number": 207
                },
                {
                    "replacement-node": 59,
                    "part": "5",
                    "node-pos": 101,
                    "expression-node": 60,
                    "name": "BSLineItems",
                    "template-line-number": 213
                },
                {
                    "replacement-node": 48,
                    "template-line-number": 189,
                    "node-pos": 87,
                    "part": "6",
                    "name": "BSLineItems",
                    "extras": {}
                }
            ],
            "name": "BSLineItems"
        },
        "rule-5": [
            {
                "html": true,
                "replacement-node": 12,
                "template-line-number": 52,
                "part": null,
                "node-pos": 27
            }
        ],
        "rule-6": [
            {
                "replacement-node": 15,
                "template-line-number": 63,
                "part": null,
                "node-pos": 32
            }
        ],
        "rule-15": [
            {
                "replacement-node": 68,
                "template-line-number": 239,
                "part": null,
                "node-pos": 115
            }
        ],
        "rule-13": [
            {
                "replacement-node": 62,
                "expression-node": 63,
                "template-line-number": 224,
                "part": null,
                "node-pos": 107
            }
        ],
        "rule-7": [
            {
                "replacement-node": 18,
                "expression-node": 19,
                "template-line-number": 68,
                "part": null,
                "node-pos": 36
            }
        ]
    },
    "line-numbers": {},
    "showifs": {}
}