{
    "line-numbers": {
        "GasUtilityOperationsLineItems": [
            {
                "start-number": 5,
                "line-number-node": 92,
                "template-line-number": 397
            }
        ]
    },
    "showifs": {},
    "substitutions": {
        "rule-25": [
            {
                "template-line-number": 275,
                "node-pos": 137,
                "part": null,
                "replacement-node": 79
            }
        ],
        "rule-27": [
            {
                "template-line-number": 296,
                "node-pos": 146,
                "part": null,
                "replacement-node": 85,
                "expression-node": 86
            }
        ],
        "rule-17": [
            {
                "template-line-number": 189,
                "node-pos": 99,
                "part": null,
                "replacement-node": 55
            }
        ],
        "rule-19": [
            {
                "template-line-number": 210,
                "node-pos": 108,
                "part": null,
                "replacement-node": 61,
                "expression-node": 62
            }
        ],
        "rule-26": [
            {
                "template-line-number": 287,
                "node-pos": 142,
                "part": null,
                "replacement-node": 82,
                "expression-node": 83
            }
        ],
        "rule-35": {
            "subs": [
                {
                    "template-line-number": 126,
                    "node-pos": 70,
                    "name": "GasUsedHeadings",
                    "replacement-node": 37,
                    "extras": {},
                    "part": "1"
                },
                {
                    "template-line-number": 134,
                    "node-pos": 74,
                    "name": "GasUsedHeadings",
                    "replacement-node": 40,
                    "extras": {},
                    "part": "2"
                }
            ],
            "name": "GasUsedHeadings"
        },
        "rule-29": [
            {
                "template-line-number": 429,
                "node-pos": 179,
                "part": null,
                "replacement-node": 108
            }
        ],
        "rule-34": [
            {
                "template-line-number": 478,
                "node-pos": 203,
                "part": null,
                "replacement-node": 123
            }
        ],
        "rule-21": [
            {
                "template-line-number": 232,
                "node-pos": 118,
                "part": null,
                "replacement-node": 67
            }
        ],
        "rule-18": [
            {
                "template-line-number": 201,
                "node-pos": 104,
                "part": null,
                "replacement-node": 58,
                "expression-node": 59
            }
        ],
        "rule-10": [
            {
                "template-line-number": 79,
                "node-pos": 48,
                "part": null,
                "replacement-node": 27,
                "expression-node": 28
            }
        ],
        "rule-13": [
            {
                "template-line-number": 146,
                "node-pos": 80,
                "part": null,
                "replacement-node": 43
            }
        ],
        "rule-31": [
            {
                "template-line-number": 451,
                "node-pos": 189,
                "part": null,
                "replacement-node": 114,
                "expression-node": 115
            }
        ],
        "rule-22": [
            {
                "template-line-number": 244,
                "node-pos": 123,
                "part": null,
                "replacement-node": 70,
                "expression-node": 71
            }
        ],
        "rule-6": [
            {
                "template-line-number": 61,
                "node-pos": 32,
                "part": null,
                "replacement-node": 15
            }
        ],
        "rule-5": [
            {
                "template-line-number": 50,
                "node-pos": 27,
                "part": null,
                "replacement-node": 12,
                "html": true
            }
        ],
        "rule-33": [
            {
                "template-line-number": 469,
                "node-pos": 199,
                "part": null,
                "replacement-node": 120
            }
        ],
        "rule-4": [
            {
                "template-line-number": 38,
                "node-pos": 22,
                "part": null,
                "replacement-node": 9,
                "html": true
            }
        ],
        "rule-15": [
            {
                "template-line-number": 167,
                "node-pos": 89,
                "part": null,
                "replacement-node": 49,
                "expression-node": 50
            }
        ],
        "rule-30": [
            {
                "template-line-number": 442,
                "node-pos": 185,
                "part": null,
                "replacement-node": 111,
                "expression-node": 112
            }
        ],
        "rule-32": [
            {
                "template-line-number": 464,
                "node-pos": 195,
                "part": null,
                "replacement-node": 117,
                "expression-node": 118
            }
        ],
        "rule-1": [
            {
                "template-line-number": 21,
                "node-pos": 9,
                "part": null,
                "replacement-node": 0
            }
        ],
        "rule-7": [
            {
                "template-line-number": 65,
                "node-pos": 36,
                "part": null,
                "replacement-node": 18,
                "expression-node": 19
            }
        ],
        "rule-24": [
            {
                "template-line-number": 262,
                "node-pos": 131,
                "part": null,
                "replacement-node": 76,
                "expression-node": 77
            }
        ],
        "rule-28": [
            {
                "template-line-number": 305,
                "node-pos": 150,
                "part": null,
                "replacement-node": 88,
                "expression-node": 89
            }
        ],
        "rule-3": [
            {
                "template-line-number": 32,
                "node-pos": 18,
                "part": null,
                "replacement-node": 6
            }
        ],
        "rule-23": [
            {
                "template-line-number": 253,
                "node-pos": 127,
                "part": null,
                "replacement-node": 73,
                "expression-node": 74
            }
        ],
        "rule-11": [
            {
                "template-line-number": 89,
                "node-pos": 54,
                "part": null,
                "replacement-node": 30
            }
        ],
        "rule-2": [
            {
                "template-line-number": 26,
                "node-pos": 14,
                "part": null,
                "replacement-node": 3,
                "expression-node": 4
            }
        ],
        "rule-8": [
            {
                "template-line-number": 70,
                "node-pos": 40,
                "part": null,
                "replacement-node": 21
            }
        ],
        "rule-9": [
            {
                "template-line-number": 74,
                "node-pos": 44,
                "part": null,
                "replacement-node": 24,
                "expression-node": 25
            }
        ],
        "rule-36": {
            "subs": [
                {
                    "template-line-number": 402,
                    "node-pos": 160,
                    "name": "GasUtilityOperationsLineItems",
                    "replacement-node": 95,
                    "part": "2",
                    "expression-node": 96
                },
                {
                    "template-line-number": 409,
                    "node-pos": 165,
                    "name": "GasUtilityOperationsLineItems",
                    "replacement-node": 99,
                    "part": "3",
                    "expression-node": 100
                },
                {
                    "template-line-number": 414,
                    "node-pos": 169,
                    "name": "GasUtilityOperationsLineItems",
                    "replacement-node": 102,
                    "part": "4",
                    "expression-node": 103
                },
                {
                    "template-line-number": 419,
                    "node-pos": 173,
                    "name": "GasUtilityOperationsLineItems",
                    "replacement-node": 105,
                    "part": "5",
                    "expression-node": 106
                }
            ],
            "name": "GasUtilityOperationsLineItems"
        },
        "rule-12": [
            {
                "template-line-number": 100,
                "node-pos": 59,
                "part": null,
                "replacement-node": 33,
                "html": true
            }
        ],
        "rule-16": [
            {
                "template-line-number": 176,
                "node-pos": 93,
                "part": null,
                "replacement-node": 52,
                "expression-node": 53
            }
        ],
        "rule-20": [
            {
                "template-line-number": 219,
                "node-pos": 112,
                "part": null,
                "replacement-node": 64,
                "expression-node": 65
            }
        ],
        "rule-14": [
            {
                "template-line-number": 158,
                "node-pos": 85,
                "part": null,
                "replacement-node": 46,
                "expression-node": 47
            }
        ]
    }
}