{
    "line-numbers": {
        "CoControlledDirectly": [
            {
                "line-number-node": 148,
                "start-number": 1,
                "template-line-number": 620
            }
        ],
        "InvestCommStocks": [
            {
                "line-number-node": 50,
                "start-number": 1,
                "template-line-number": 252
            }
        ]
    },
    "showifs": {
        "rule-1": {
            "type": "showif",
            "template-line-number": 18
        }
    },
    "substitutions": {
        "rule-12": [
            {
                "part": null,
                "replacement-node": 31,
                "template-line-number": 99,
                "node-pos": 55
            }
        ],
        "rule-14": [
            {
                "part": null,
                "replacement-node": 46,
                "template-line-number": 179,
                "node-pos": 98
            }
        ],
        "rule-20": [
            {
                "part": null,
                "replacement-node": 90,
                "node-pos": 167,
                "template-line-number": 352,
                "expression-node": 91
            }
        ],
        "rule-22": [
            {
                "part": null,
                "replacement-node": 96,
                "node-pos": 177,
                "template-line-number": 375,
                "expression-node": 97
            }
        ],
        "rule-16": [
            {
                "part": null,
                "replacement-node": 78,
                "node-pos": 151,
                "template-line-number": 312,
                "expression-node": 79
            }
        ],
        "rule-6": [
            {
                "part": null,
                "replacement-node": 13,
                "html": true,
                "template-line-number": 58,
                "node-pos": 28
            }
        ],
        "rule-34": [
            {
                "part": null,
                "replacement-node": 132,
                "node-pos": 227,
                "template-line-number": 498,
                "expression-node": 133
            }
        ],
        "rule-3": [
            {
                "part": null,
                "replacement-node": 4,
                "node-pos": 15,
                "template-line-number": 34,
                "expression-node": 5
            }
        ],
        "rule-41": {
            "name": "ColumnHeadings",
            "subs": [
                {
                    "replacement-node": 40,
                    "extras": {},
                    "name": "ColumnHeadings",
                    "part": "1",
                    "template-line-number": 160,
                    "node-pos": 88
                },
                {
                    "replacement-node": 43,
                    "extras": {},
                    "name": "ColumnHeadings",
                    "part": "2",
                    "template-line-number": 168,
                    "node-pos": 92
                },
                {
                    "replacement-node": 38,
                    "extras": {},
                    "name": "ColumnHeadings",
                    "part": "3",
                    "template-line-number": 156,
                    "node-pos": 86
                }
            ]
        },
        "rule-17": [
            {
                "part": null,
                "replacement-node": 81,
                "node-pos": 155,
                "template-line-number": 322,
                "expression-node": 82
            }
        ],
        "rule-18": [
            {
                "part": null,
                "replacement-node": 84,
                "node-pos": 159,
                "template-line-number": 332,
                "expression-node": 85
            }
        ],
        "rule-2": [
            {
                "part": null,
                "replacement-node": 1,
                "template-line-number": 28,
                "node-pos": 11
            }
        ],
        "rule-27": [
            {
                "part": null,
                "replacement-node": 111,
                "node-pos": 197,
                "template-line-number": 425,
                "expression-node": 112
            }
        ],
        "rule-36": [
            {
                "part": null,
                "replacement-node": 168,
                "node-pos": 291,
                "template-line-number": 660,
                "expression-node": 169
            }
        ],
        "rule-13": [
            {
                "part": null,
                "replacement-node": 34,
                "html": true,
                "template-line-number": 110,
                "node-pos": 60
            }
        ],
        "rule-7": [
            {
                "part": null,
                "replacement-node": 16,
                "template-line-number": 69,
                "node-pos": 33
            }
        ],
        "rule-42": {
            "name": "InvestCommStocks",
            "subs": [
                {
                    "replacement-node": 52,
                    "name": "InvestCommStocks",
                    "part": "2",
                    "expression-node": 53,
                    "template-line-number": 255,
                    "node-pos": 114
                },
                {
                    "replacement-node": 55,
                    "name": "InvestCommStocks",
                    "part": "3",
                    "expression-node": 56,
                    "template-line-number": 260,
                    "node-pos": 118
                },
                {
                    "replacement-node": 58,
                    "name": "InvestCommStocks",
                    "part": "4",
                    "expression-node": 59,
                    "template-line-number": 265,
                    "node-pos": 122
                },
                {
                    "replacement-node": 61,
                    "name": "InvestCommStocks",
                    "part": "5",
                    "expression-node": 62,
                    "template-line-number": 270,
                    "node-pos": 126
                },
                {
                    "replacement-node": 64,
                    "name": "InvestCommStocks",
                    "part": "6",
                    "expression-node": 65,
                    "template-line-number": 275,
                    "node-pos": 130
                },
                {
                    "replacement-node": 68,
                    "name": "InvestCommStocks",
                    "part": "7",
                    "expression-node": 69,
                    "template-line-number": 282,
                    "node-pos": 135
                },
                {
                    "replacement-node": 72,
                    "name": "InvestCommStocks",
                    "part": "8",
                    "expression-node": 73,
                    "template-line-number": 289,
                    "node-pos": 140
                }
            ]
        },
        "rule-24": [
            {
                "part": null,
                "replacement-node": 102,
                "node-pos": 185,
                "template-line-number": 395,
                "expression-node": 103
            }
        ],
        "rule-37": [
            {
                "part": null,
                "replacement-node": 171,
                "template-line-number": 665,
                "node-pos": 295
            }
        ],
        "rule-31": [
            {
                "part": null,
                "replacement-node": 123,
                "node-pos": 215,
                "template-line-number": 468,
                "expression-node": 124
            }
        ],
        "rule-8": [
            {
                "part": null,
                "replacement-node": 19,
                "node-pos": 37,
                "template-line-number": 74,
                "expression-node": 20
            }
        ],
        "rule-5": [
            {
                "part": null,
                "replacement-node": 10,
                "html": true,
                "template-line-number": 46,
                "node-pos": 23
            }
        ],
        "rule-19": [
            {
                "part": null,
                "replacement-node": 87,
                "node-pos": 163,
                "template-line-number": 342,
                "expression-node": 88
            }
        ],
        "rule-39": {
            "name": "CoControlledDirectly",
            "subs": [
                {
                    "replacement-node": 150,
                    "name": "CoControlledDirectly",
                    "part": "2",
                    "expression-node": 151,
                    "template-line-number": 624,
                    "node-pos": 265
                },
                {
                    "replacement-node": 153,
                    "name": "CoControlledDirectly",
                    "part": "3",
                    "expression-node": 154,
                    "template-line-number": 629,
                    "node-pos": 269
                },
                {
                    "replacement-node": 156,
                    "name": "CoControlledDirectly",
                    "part": "4",
                    "expression-node": 157,
                    "template-line-number": 634,
                    "node-pos": 273
                },
                {
                    "replacement-node": 159,
                    "name": "CoControlledDirectly",
                    "part": "5",
                    "expression-node": 160,
                    "template-line-number": 639,
                    "node-pos": 277
                },
                {
                    "replacement-node": 162,
                    "name": "CoControlledDirectly",
                    "part": "6",
                    "expression-node": 163,
                    "template-line-number": 644,
                    "node-pos": 281
                },
                {
                    "replacement-node": 165,
                    "name": "CoControlledDirectly",
                    "part": "7",
                    "expression-node": 166,
                    "template-line-number": 649,
                    "node-pos": 285
                }
            ]
        },
        "rule-10": [
            {
                "part": null,
                "replacement-node": 25,
                "node-pos": 45,
                "template-line-number": 84,
                "expression-node": 26
            }
        ],
        "rule-30": [
            {
                "part": null,
                "replacement-node": 120,
                "node-pos": 211,
                "template-line-number": 458,
                "expression-node": 121
            }
        ],
        "rule-35": [
            {
                "part": null,
                "replacement-node": 135,
                "template-line-number": 515,
                "node-pos": 234
            }
        ],
        "rule-26": [
            {
                "part": null,
                "replacement-node": 108,
                "node-pos": 193,
                "template-line-number": 415,
                "expression-node": 109
            }
        ],
        "rule-15": [
            {
                "part": null,
                "replacement-node": 75,
                "node-pos": 147,
                "template-line-number": 302,
                "expression-node": 76
            }
        ],
        "rule-28": [
            {
                "part": null,
                "replacement-node": 114,
                "template-line-number": 439,
                "node-pos": 203
            }
        ],
        "rule-23": [
            {
                "part": null,
                "replacement-node": 99,
                "node-pos": 181,
                "template-line-number": 385,
                "expression-node": 100
            }
        ],
        "rule-21": [
            {
                "part": null,
                "replacement-node": 93,
                "template-line-number": 367,
                "node-pos": 173
            }
        ],
        "rule-29": [
            {
                "part": null,
                "replacement-node": 117,
                "node-pos": 207,
                "template-line-number": 448,
                "expression-node": 118
            }
        ],
        "rule-32": [
            {
                "part": null,
                "replacement-node": 126,
                "node-pos": 219,
                "template-line-number": 478,
                "expression-node": 127
            }
        ],
        "rule-11": [
            {
                "part": null,
                "replacement-node": 28,
                "node-pos": 49,
                "template-line-number": 89,
                "expression-node": 29
            }
        ],
        "rule-25": [
            {
                "part": null,
                "replacement-node": 105,
                "node-pos": 189,
                "template-line-number": 405,
                "expression-node": 106
            }
        ],
        "rule-40": {
            "name": "ColumnHeadings2",
            "subs": [
                {
                    "replacement-node": 141,
                    "extras": {},
                    "name": "ColumnHeadings2",
                    "part": "1",
                    "template-line-number": 552,
                    "node-pos": 252
                },
                {
                    "replacement-node": 144,
                    "extras": {},
                    "name": "ColumnHeadings2",
                    "part": "2",
                    "template-line-number": 560,
                    "node-pos": 256
                },
                {
                    "replacement-node": 139,
                    "extras": {},
                    "name": "ColumnHeadings2",
                    "part": "3",
                    "template-line-number": 548,
                    "node-pos": 250
                }
            ]
        },
        "rule-38": [
            {
                "part": null,
                "replacement-node": 174,
                "template-line-number": 674,
                "node-pos": 299
            }
        ],
        "rule-4": [
            {
                "part": null,
                "replacement-node": 7,
                "template-line-number": 40,
                "node-pos": 19
            }
        ],
        "rule-33": [
            {
                "part": null,
                "replacement-node": 129,
                "node-pos": 223,
                "template-line-number": 488,
                "expression-node": 130
            }
        ],
        "rule-9": [
            {
                "part": null,
                "replacement-node": 22,
                "template-line-number": 79,
                "node-pos": 41
            }
        ]
    }
}