{
    "substitutions": {
        "rule-46": [
            {
                "part": null,
                "expression-node": 314,
                "template-line-number": 1250,
                "replacement-node": 313,
                "node-pos": 508
            }
        ],
        "rule-9": [
            {
                "part": null,
                "expression-node": 25,
                "template-line-number": 74,
                "replacement-node": 24,
                "node-pos": 44
            }
        ],
        "rule-56": [
            {
                "part": null,
                "expression-node": 378,
                "template-line-number": 1492,
                "replacement-node": 377,
                "node-pos": 602
            }
        ],
        "rule-33": [
            {
                "part": null,
                "expression-node": 207,
                "template-line-number": 810,
                "replacement-node": 206,
                "node-pos": 349
            }
        ],
        "rule-10": [
            {
                "part": null,
                "expression-node": 28,
                "template-line-number": 79,
                "replacement-node": 27,
                "node-pos": 48
            }
        ],
        "rule-36": [
            {
                "part": null,
                "expression-node": 250,
                "template-line-number": 995,
                "replacement-node": 249,
                "node-pos": 414
            }
        ],
        "rule-15": [
            {
                "part": null,
                "expression-node": 85,
                "template-line-number": 339,
                "replacement-node": 84,
                "node-pos": 168
            }
        ],
        "rule-14": [
            {
                "part": null,
                "template-line-number": 326,
                "replacement-node": 81,
                "node-pos": 162
            }
        ],
        "rule-50": [
            {
                "part": null,
                "expression-node": 326,
                "template-line-number": 1291,
                "replacement-node": 325,
                "node-pos": 527
            }
        ],
        "rule-2": [
            {
                "part": null,
                "expression-node": 4,
                "template-line-number": 26,
                "replacement-node": 3,
                "node-pos": 14
            }
        ],
        "rule-42": [
            {
                "part": null,
                "template-line-number": 1210,
                "replacement-node": 301,
                "node-pos": 490
            }
        ],
        "rule-61": {
            "subs": [
                {
                    "expression-node": 414,
                    "name": "HistoricalDataLineItems",
                    "replacement-node": 413,
                    "template-line-number": 1624,
                    "part": "10",
                    "node-pos": 653
                },
                {
                    "expression-node": 417,
                    "name": "HistoricalDataLineItems",
                    "replacement-node": 416,
                    "template-line-number": 1629,
                    "part": "11",
                    "node-pos": 657
                },
                {
                    "expression-node": 390,
                    "name": "HistoricalDataLineItems",
                    "replacement-node": 389,
                    "template-line-number": 1584,
                    "part": "2",
                    "node-pos": 621
                },
                {
                    "expression-node": 393,
                    "name": "HistoricalDataLineItems",
                    "replacement-node": 392,
                    "template-line-number": 1589,
                    "part": "3",
                    "node-pos": 625
                },
                {
                    "expression-node": 396,
                    "name": "HistoricalDataLineItems",
                    "replacement-node": 395,
                    "template-line-number": 1594,
                    "part": "4",
                    "node-pos": 629
                },
                {
                    "expression-node": 399,
                    "name": "HistoricalDataLineItems",
                    "replacement-node": 398,
                    "template-line-number": 1599,
                    "part": "5",
                    "node-pos": 633
                },
                {
                    "expression-node": 402,
                    "name": "HistoricalDataLineItems",
                    "replacement-node": 401,
                    "template-line-number": 1604,
                    "part": "6",
                    "node-pos": 637
                },
                {
                    "expression-node": 405,
                    "name": "HistoricalDataLineItems",
                    "replacement-node": 404,
                    "template-line-number": 1609,
                    "part": "7",
                    "node-pos": 641
                },
                {
                    "expression-node": 408,
                    "name": "HistoricalDataLineItems",
                    "replacement-node": 407,
                    "template-line-number": 1614,
                    "part": "8",
                    "node-pos": 645
                },
                {
                    "expression-node": 411,
                    "name": "HistoricalDataLineItems",
                    "replacement-node": 410,
                    "template-line-number": 1619,
                    "part": "9",
                    "node-pos": 649
                }
            ],
            "name": "HistoricalDataLineItems"
        },
        "rule-20": [
            {
                "part": null,
                "template-line-number": 524,
                "replacement-node": 133,
                "node-pos": 238
            }
        ],
        "rule-59": [
            {
                "part": null,
                "template-line-number": 1646,
                "replacement-node": 422,
                "node-pos": 667
            }
        ],
        "rule-32": [
            {
                "part": null,
                "expression-node": 204,
                "template-line-number": 800,
                "replacement-node": 203,
                "node-pos": 344
            }
        ],
        "rule-65": {
            "subs": [
                {
                    "expression-node": 73,
                    "name": "InvestmentLineItems",
                    "replacement-node": 72,
                    "template-line-number": 296,
                    "part": "10",
                    "node-pos": 147
                },
                {
                    "expression-node": 76,
                    "name": "InvestmentLineItems",
                    "replacement-node": 75,
                    "template-line-number": 301,
                    "part": "11",
                    "node-pos": 151
                },
                {
                    "expression-node": 49,
                    "name": "InvestmentLineItems",
                    "replacement-node": 48,
                    "template-line-number": 256,
                    "part": "2",
                    "node-pos": 115
                },
                {
                    "expression-node": 52,
                    "name": "InvestmentLineItems",
                    "replacement-node": 51,
                    "template-line-number": 261,
                    "part": "3",
                    "node-pos": 119
                },
                {
                    "expression-node": 55,
                    "name": "InvestmentLineItems",
                    "replacement-node": 54,
                    "template-line-number": 266,
                    "part": "4",
                    "node-pos": 123
                },
                {
                    "expression-node": 58,
                    "name": "InvestmentLineItems",
                    "replacement-node": 57,
                    "template-line-number": 271,
                    "part": "5",
                    "node-pos": 127
                },
                {
                    "expression-node": 61,
                    "name": "InvestmentLineItems",
                    "replacement-node": 60,
                    "template-line-number": 276,
                    "part": "6",
                    "node-pos": 131
                },
                {
                    "expression-node": 64,
                    "name": "InvestmentLineItems",
                    "replacement-node": 63,
                    "template-line-number": 281,
                    "part": "7",
                    "node-pos": 135
                },
                {
                    "expression-node": 67,
                    "name": "InvestmentLineItems",
                    "replacement-node": 66,
                    "template-line-number": 286,
                    "part": "8",
                    "node-pos": 139
                },
                {
                    "expression-node": 70,
                    "name": "InvestmentLineItems",
                    "replacement-node": 69,
                    "template-line-number": 291,
                    "part": "9",
                    "node-pos": 143
                }
            ],
            "name": "InvestmentLineItems"
        },
        "rule-13": [
            {
                "part": null,
                "template-line-number": 309,
                "replacement-node": 78,
                "node-pos": 156
            }
        ],
        "rule-49": [
            {
                "part": null,
                "expression-node": 323,
                "template-line-number": 1282,
                "replacement-node": 322,
                "node-pos": 523
            }
        ],
        "rule-31": [
            {
                "part": null,
                "expression-node": 201,
                "template-line-number": 791,
                "replacement-node": 200,
                "node-pos": 340
            }
        ],
        "rule-64": {
            "subs": [
                {
                    "expression-node": 183,
                    "name": "OtherSecuredObligationsLineItems",
                    "replacement-node": 182,
                    "template-line-number": 722,
                    "part": "10",
                    "node-pos": 311
                },
                {
                    "expression-node": 186,
                    "name": "OtherSecuredObligationsLineItems",
                    "replacement-node": 185,
                    "template-line-number": 727,
                    "part": "11",
                    "node-pos": 315
                },
                {
                    "expression-node": 159,
                    "name": "OtherSecuredObligationsLineItems",
                    "replacement-node": 158,
                    "template-line-number": 682,
                    "part": "2",
                    "node-pos": 279
                },
                {
                    "expression-node": 162,
                    "name": "OtherSecuredObligationsLineItems",
                    "replacement-node": 161,
                    "template-line-number": 687,
                    "part": "3",
                    "node-pos": 283
                },
                {
                    "expression-node": 165,
                    "name": "OtherSecuredObligationsLineItems",
                    "replacement-node": 164,
                    "template-line-number": 692,
                    "part": "4",
                    "node-pos": 287
                },
                {
                    "expression-node": 168,
                    "name": "OtherSecuredObligationsLineItems",
                    "replacement-node": 167,
                    "template-line-number": 697,
                    "part": "5",
                    "node-pos": 291
                },
                {
                    "expression-node": 171,
                    "name": "OtherSecuredObligationsLineItems",
                    "replacement-node": 170,
                    "template-line-number": 702,
                    "part": "6",
                    "node-pos": 295
                },
                {
                    "expression-node": 174,
                    "name": "OtherSecuredObligationsLineItems",
                    "replacement-node": 173,
                    "template-line-number": 707,
                    "part": "7",
                    "node-pos": 299
                },
                {
                    "expression-node": 177,
                    "name": "OtherSecuredObligationsLineItems",
                    "replacement-node": 176,
                    "template-line-number": 712,
                    "part": "8",
                    "node-pos": 303
                },
                {
                    "expression-node": 180,
                    "name": "OtherSecuredObligationsLineItems",
                    "replacement-node": 179,
                    "template-line-number": 717,
                    "part": "9",
                    "node-pos": 307
                }
            ],
            "name": "OtherSecuredObligationsLineItems"
        },
        "rule-60": [
            {
                "part": null,
                "template-line-number": 1655,
                "replacement-node": 425,
                "node-pos": 671
            }
        ],
        "rule-5": [
            {
                "part": null,
                "html": true,
                "template-line-number": 50,
                "replacement-node": 12,
                "node-pos": 27
            }
        ],
        "rule-52": [
            {
                "part": null,
                "expression-node": 332,
                "template-line-number": 1310,
                "replacement-node": 331,
                "node-pos": 536
            }
        ],
        "rule-3": [
            {
                "part": null,
                "template-line-number": 32,
                "replacement-node": 6,
                "node-pos": 18
            }
        ],
        "rule-41": [
            {
                "part": null,
                "template-line-number": 1179,
                "replacement-node": 298,
                "node-pos": 484
            }
        ],
        "rule-24": [
            {
                "part": null,
                "expression-node": 146,
                "template-line-number": 576,
                "replacement-node": 145,
                "node-pos": 258
            }
        ],
        "rule-25": [
            {
                "part": null,
                "expression-node": 149,
                "template-line-number": 585,
                "replacement-node": 148,
                "node-pos": 262
            }
        ],
        "rule-35": [
            {
                "part": null,
                "template-line-number": 982,
                "replacement-node": 246,
                "node-pos": 408
            }
        ],
        "rule-39": [
            {
                "part": null,
                "expression-node": 259,
                "template-line-number": 1022,
                "replacement-node": 258,
                "node-pos": 426
            }
        ],
        "rule-69": {
            "subs": [
                {
                    "expression-node": 293,
                    "name": "InvestAdvancesLineItems",
                    "replacement-node": 292,
                    "template-line-number": 1165,
                    "part": "10",
                    "node-pos": 475
                },
                {
                    "expression-node": 296,
                    "name": "InvestAdvancesLineItems",
                    "replacement-node": 295,
                    "template-line-number": 1170,
                    "part": "11",
                    "node-pos": 479
                },
                {
                    "expression-node": 269,
                    "name": "InvestAdvancesLineItems",
                    "replacement-node": 268,
                    "template-line-number": 1125,
                    "part": "2",
                    "node-pos": 443
                },
                {
                    "expression-node": 272,
                    "name": "InvestAdvancesLineItems",
                    "replacement-node": 271,
                    "template-line-number": 1130,
                    "part": "3",
                    "node-pos": 447
                },
                {
                    "expression-node": 275,
                    "name": "InvestAdvancesLineItems",
                    "replacement-node": 274,
                    "template-line-number": 1135,
                    "part": "4",
                    "node-pos": 451
                },
                {
                    "expression-node": 278,
                    "name": "InvestAdvancesLineItems",
                    "replacement-node": 277,
                    "template-line-number": 1140,
                    "part": "5",
                    "node-pos": 455
                },
                {
                    "expression-node": 281,
                    "name": "InvestAdvancesLineItems",
                    "replacement-node": 280,
                    "template-line-number": 1145,
                    "part": "6",
                    "node-pos": 459
                },
                {
                    "expression-node": 284,
                    "name": "InvestAdvancesLineItems",
                    "replacement-node": 283,
                    "template-line-number": 1150,
                    "part": "7",
                    "node-pos": 463
                },
                {
                    "expression-node": 287,
                    "name": "InvestAdvancesLineItems",
                    "replacement-node": 286,
                    "template-line-number": 1155,
                    "part": "8",
                    "node-pos": 467
                },
                {
                    "expression-node": 290,
                    "name": "InvestAdvancesLineItems",
                    "replacement-node": 289,
                    "template-line-number": 1160,
                    "part": "9",
                    "node-pos": 471
                }
            ],
            "name": "InvestAdvancesLineItems"
        },
        "rule-55": [
            {
                "part": null,
                "expression-node": 375,
                "template-line-number": 1483,
                "replacement-node": 374,
                "node-pos": 598
            }
        ],
        "rule-26": [
            {
                "part": null,
                "expression-node": 152,
                "template-line-number": 595,
                "replacement-node": 151,
                "node-pos": 267
            }
        ],
        "rule-6": [
            {
                "part": null,
                "template-line-number": 61,
                "replacement-node": 15,
                "node-pos": 32
            }
        ],
        "rule-38": [
            {
                "part": null,
                "expression-node": 256,
                "template-line-number": 1013,
                "replacement-node": 255,
                "node-pos": 422
            }
        ],
        "rule-62": {
            "subs": [
                {
                    "expression-node": 363,
                    "name": "OtherFundsLineItems",
                    "replacement-node": 362,
                    "template-line-number": 1448,
                    "part": "10",
                    "node-pos": 580
                },
                {
                    "expression-node": 366,
                    "name": "OtherFundsLineItems",
                    "replacement-node": 365,
                    "template-line-number": 1453,
                    "part": "11",
                    "node-pos": 584
                },
                {
                    "expression-node": 339,
                    "name": "OtherFundsLineItems",
                    "replacement-node": 338,
                    "template-line-number": 1408,
                    "part": "2",
                    "node-pos": 548
                },
                {
                    "expression-node": 342,
                    "name": "OtherFundsLineItems",
                    "replacement-node": 341,
                    "template-line-number": 1413,
                    "part": "3",
                    "node-pos": 552
                },
                {
                    "expression-node": 345,
                    "name": "OtherFundsLineItems",
                    "replacement-node": 344,
                    "template-line-number": 1418,
                    "part": "4",
                    "node-pos": 556
                },
                {
                    "expression-node": 348,
                    "name": "OtherFundsLineItems",
                    "replacement-node": 347,
                    "template-line-number": 1423,
                    "part": "5",
                    "node-pos": 560
                },
                {
                    "expression-node": 351,
                    "name": "OtherFundsLineItems",
                    "replacement-node": 350,
                    "template-line-number": 1428,
                    "part": "6",
                    "node-pos": 564
                },
                {
                    "expression-node": 354,
                    "name": "OtherFundsLineItems",
                    "replacement-node": 353,
                    "template-line-number": 1433,
                    "part": "7",
                    "node-pos": 568
                },
                {
                    "expression-node": 357,
                    "name": "OtherFundsLineItems",
                    "replacement-node": 356,
                    "template-line-number": 1438,
                    "part": "8",
                    "node-pos": 572
                },
                {
                    "expression-node": 360,
                    "name": "OtherFundsLineItems",
                    "replacement-node": 359,
                    "template-line-number": 1443,
                    "part": "9",
                    "node-pos": 576
                }
            ],
            "name": "OtherFundsLineItems"
        },
        "rule-7": [
            {
                "part": null,
                "expression-node": 19,
                "template-line-number": 65,
                "replacement-node": 18,
                "node-pos": 36
            }
        ],
        "rule-45": [
            {
                "part": null,
                "expression-node": 311,
                "template-line-number": 1241,
                "replacement-node": 310,
                "node-pos": 504
            }
        ],
        "rule-19": [
            {
                "part": null,
                "expression-node": 97,
                "template-line-number": 376,
                "replacement-node": 96,
                "node-pos": 185
            }
        ],
        "rule-53": [
            {
                "part": null,
                "expression-node": 369,
                "template-line-number": 1465,
                "replacement-node": 368,
                "node-pos": 590
            }
        ],
        "rule-40": [
            {
                "part": null,
                "expression-node": 262,
                "template-line-number": 1032,
                "replacement-node": 261,
                "node-pos": 431
            }
        ],
        "rule-1": [
            {
                "part": null,
                "template-line-number": 22,
                "replacement-node": 0,
                "node-pos": 10
            }
        ],
        "rule-54": [
            {
                "part": null,
                "expression-node": 372,
                "template-line-number": 1474,
                "replacement-node": 371,
                "node-pos": 594
            }
        ],
        "rule-16": [
            {
                "part": null,
                "expression-node": 88,
                "template-line-number": 348,
                "replacement-node": 87,
                "node-pos": 172
            }
        ],
        "rule-4": [
            {
                "part": null,
                "html": true,
                "template-line-number": 38,
                "replacement-node": 9,
                "node-pos": 22
            }
        ],
        "rule-48": [
            {
                "part": null,
                "expression-node": 320,
                "template-line-number": 1273,
                "replacement-node": 319,
                "node-pos": 519
            }
        ],
        "rule-11": [
            {
                "part": null,
                "template-line-number": 90,
                "replacement-node": 30,
                "node-pos": 54
            }
        ],
        "rule-47": [
            {
                "part": null,
                "expression-node": 317,
                "template-line-number": 1260,
                "replacement-node": 316,
                "node-pos": 513
            }
        ],
        "rule-63": {
            "subs": [
                {
                    "expression-node": 128,
                    "name": "BondInvestmentsLineItems",
                    "replacement-node": 127,
                    "template-line-number": 510,
                    "part": "10",
                    "node-pos": 229
                },
                {
                    "expression-node": 131,
                    "name": "BondInvestmentsLineItems",
                    "replacement-node": 130,
                    "template-line-number": 515,
                    "part": "11",
                    "node-pos": 233
                },
                {
                    "expression-node": 104,
                    "name": "BondInvestmentsLineItems",
                    "replacement-node": 103,
                    "template-line-number": 470,
                    "part": "2",
                    "node-pos": 197
                },
                {
                    "expression-node": 107,
                    "name": "BondInvestmentsLineItems",
                    "replacement-node": 106,
                    "template-line-number": 475,
                    "part": "3",
                    "node-pos": 201
                },
                {
                    "expression-node": 110,
                    "name": "BondInvestmentsLineItems",
                    "replacement-node": 109,
                    "template-line-number": 480,
                    "part": "4",
                    "node-pos": 205
                },
                {
                    "expression-node": 113,
                    "name": "BondInvestmentsLineItems",
                    "replacement-node": 112,
                    "template-line-number": 485,
                    "part": "5",
                    "node-pos": 209
                },
                {
                    "expression-node": 116,
                    "name": "BondInvestmentsLineItems",
                    "replacement-node": 115,
                    "template-line-number": 490,
                    "part": "6",
                    "node-pos": 213
                },
                {
                    "expression-node": 119,
                    "name": "BondInvestmentsLineItems",
                    "replacement-node": 118,
                    "template-line-number": 495,
                    "part": "7",
                    "node-pos": 217
                },
                {
                    "expression-node": 122,
                    "name": "BondInvestmentsLineItems",
                    "replacement-node": 121,
                    "template-line-number": 500,
                    "part": "8",
                    "node-pos": 221
                },
                {
                    "expression-node": 125,
                    "name": "BondInvestmentsLineItems",
                    "replacement-node": 124,
                    "template-line-number": 505,
                    "part": "9",
                    "node-pos": 225
                }
            ],
            "name": "BondInvestmentsLineItems"
        },
        "rule-8": [
            {
                "part": null,
                "template-line-number": 70,
                "replacement-node": 21,
                "node-pos": 40
            }
        ],
        "rule-21": [
            {
                "part": null,
                "template-line-number": 545,
                "replacement-node": 136,
                "node-pos": 244
            }
        ],
        "rule-44": [
            {
                "part": null,
                "expression-node": 308,
                "template-line-number": 1232,
                "replacement-node": 307,
                "node-pos": 500
            }
        ],
        "rule-58": [
            {
                "part": null,
                "expression-node": 420,
                "template-line-number": 1641,
                "replacement-node": 419,
                "node-pos": 663
            }
        ],
        "rule-57": [
            {
                "part": null,
                "expression-node": 381,
                "template-line-number": 1502,
                "replacement-node": 380,
                "node-pos": 607
            }
        ],
        "rule-37": [
            {
                "part": null,
                "expression-node": 253,
                "template-line-number": 1004,
                "replacement-node": 252,
                "node-pos": 418
            }
        ],
        "rule-30": [
            {
                "part": null,
                "expression-node": 198,
                "template-line-number": 782,
                "replacement-node": 197,
                "node-pos": 336
            }
        ],
        "rule-66": {
            "subs": [
                {
                    "name": "ListHeadings",
                    "replacement-node": 39,
                    "template-line-number": 164,
                    "part": "1",
                    "extras": {},
                    "node-pos": 100
                },
                {
                    "name": "ListHeadings",
                    "replacement-node": 42,
                    "template-line-number": 172,
                    "part": "2",
                    "extras": {},
                    "node-pos": 104
                },
                {
                    "name": "ListHeadings",
                    "replacement-node": 37,
                    "template-line-number": 160,
                    "part": "3",
                    "extras": {},
                    "node-pos": 98
                }
            ],
            "name": "ListHeadings"
        },
        "rule-67": {
            "subs": [
                {
                    "name": "MiscItemsHeader",
                    "replacement-node": 384,
                    "template-line-number": 1521,
                    "part": "1",
                    "extras": {},
                    "node-pos": 613
                }
            ],
            "name": "MiscItemsHeader"
        },
        "rule-18": [
            {
                "part": null,
                "expression-node": 94,
                "template-line-number": 366,
                "replacement-node": 93,
                "node-pos": 180
            }
        ],
        "rule-34": [
            {
                "part": null,
                "template-line-number": 954,
                "replacement-node": 243,
                "node-pos": 402
            }
        ],
        "rule-68": {
            "subs": [
                {
                    "expression-node": 238,
                    "name": "UnsecuredNotesLineItems",
                    "replacement-node": 237,
                    "template-line-number": 940,
                    "part": "10",
                    "node-pos": 393
                },
                {
                    "expression-node": 241,
                    "name": "UnsecuredNotesLineItems",
                    "replacement-node": 240,
                    "template-line-number": 945,
                    "part": "11",
                    "node-pos": 397
                },
                {
                    "expression-node": 214,
                    "name": "UnsecuredNotesLineItems",
                    "replacement-node": 213,
                    "template-line-number": 900,
                    "part": "2",
                    "node-pos": 361
                },
                {
                    "expression-node": 217,
                    "name": "UnsecuredNotesLineItems",
                    "replacement-node": 216,
                    "template-line-number": 905,
                    "part": "3",
                    "node-pos": 365
                },
                {
                    "expression-node": 220,
                    "name": "UnsecuredNotesLineItems",
                    "replacement-node": 219,
                    "template-line-number": 910,
                    "part": "4",
                    "node-pos": 369
                },
                {
                    "expression-node": 223,
                    "name": "UnsecuredNotesLineItems",
                    "replacement-node": 222,
                    "template-line-number": 915,
                    "part": "5",
                    "node-pos": 373
                },
                {
                    "expression-node": 226,
                    "name": "UnsecuredNotesLineItems",
                    "replacement-node": 225,
                    "template-line-number": 920,
                    "part": "6",
                    "node-pos": 377
                },
                {
                    "expression-node": 229,
                    "name": "UnsecuredNotesLineItems",
                    "replacement-node": 228,
                    "template-line-number": 925,
                    "part": "7",
                    "node-pos": 381
                },
                {
                    "expression-node": 232,
                    "name": "UnsecuredNotesLineItems",
                    "replacement-node": 231,
                    "template-line-number": 930,
                    "part": "8",
                    "node-pos": 385
                },
                {
                    "expression-node": 235,
                    "name": "UnsecuredNotesLineItems",
                    "replacement-node": 234,
                    "template-line-number": 935,
                    "part": "9",
                    "node-pos": 389
                }
            ],
            "name": "UnsecuredNotesLineItems"
        },
        "rule-43": [
            {
                "part": null,
                "expression-node": 305,
                "template-line-number": 1223,
                "replacement-node": 304,
                "node-pos": 496
            }
        ],
        "rule-23": [
            {
                "part": null,
                "expression-node": 143,
                "template-line-number": 567,
                "replacement-node": 142,
                "node-pos": 254
            }
        ],
        "rule-28": [
            {
                "part": null,
                "template-line-number": 760,
                "replacement-node": 191,
                "node-pos": 326
            }
        ],
        "rule-22": [
            {
                "part": null,
                "expression-node": 140,
                "template-line-number": 558,
                "replacement-node": 139,
                "node-pos": 250
            }
        ],
        "rule-12": [
            {
                "part": null,
                "html": true,
                "template-line-number": 101,
                "replacement-node": 33,
                "node-pos": 59
            }
        ],
        "rule-27": [
            {
                "part": null,
                "template-line-number": 736,
                "replacement-node": 188,
                "node-pos": 320
            }
        ],
        "rule-29": [
            {
                "part": null,
                "expression-node": 195,
                "template-line-number": 773,
                "replacement-node": 194,
                "node-pos": 332
            }
        ],
        "rule-51": [
            {
                "part": null,
                "expression-node": 329,
                "template-line-number": 1300,
                "replacement-node": 328,
                "node-pos": 531
            }
        ],
        "rule-17": [
            {
                "part": null,
                "expression-node": 91,
                "template-line-number": 357,
                "replacement-node": 90,
                "node-pos": 176
            }
        ]
    },
    "showifs": {},
    "line-numbers": {
        "OtherSecuredObligationsLineItems": [
            {
                "line-number-node": 155,
                "template-line-number": 667,
                "start-rule": "rule-71"
            }
        ],
        "OtherFundsLineItems": [
            {
                "line-number-node": 335,
                "template-line-number": 1382,
                "start-rule": "rule-74"
            }
        ],
        "BondInvestmentsLineItems": [
            {
                "line-number-node": 100,
                "template-line-number": 459,
                "start-rule": "rule-70"
            }
        ],
        "HistoricalDataLineItems": [
            {
                "line-number-node": 387,
                "start-number": 1,
                "template-line-number": 1581
            }
        ],
        "UnsecuredNotesLineItems": [
            {
                "line-number-node": 210,
                "template-line-number": 881,
                "start-rule": "rule-72"
            }
        ],
        "InvestmentLineItems": [
            {
                "line-number-node": 46,
                "start-number": 1,
                "template-line-number": 253
            }
        ],
        "InvestAdvancesLineItems": [
            {
                "line-number-node": 265,
                "template-line-number": 1103,
                "start-rule": "rule-73"
            }
        ]
    }
}