{
    "showifs": {
        "rule-1": {
            "type": "showif",
            "template-line-number": 17
        }
    },
    "substitutions": {
        "rule-8": [
            {
                "node-pos": 36,
                "template-line-number": 72,
                "part": null,
                "replacement-node": 19,
                "expression-node": 20
            }
        ],
        "rule-7": [
            {
                "node-pos": 32,
                "template-line-number": 67,
                "part": null,
                "replacement-node": 16
            }
        ],
        "rule-2": [
            {
                "node-pos": 10,
                "template-line-number": 27,
                "part": null,
                "replacement-node": 1
            }
        ],
        "rule-12": [
            {
                "node-pos": 54,
                "template-line-number": 97,
                "part": null,
                "replacement-node": 31
            }
        ],
        "rule-16": [
            {
                "node-pos": 180,
                "template-line-number": 669,
                "part": null,
                "replacement-node": 100
            }
        ],
        "rule-5": [
            {
                "node-pos": 22,
                "html": true,
                "template-line-number": 44,
                "part": null,
                "replacement-node": 10
            }
        ],
        "rule-9": [
            {
                "node-pos": 40,
                "template-line-number": 77,
                "part": null,
                "replacement-node": 22
            }
        ],
        "rule-4": [
            {
                "node-pos": 18,
                "template-line-number": 38,
                "part": null,
                "replacement-node": 7
            }
        ],
        "rule-10": [
            {
                "node-pos": 44,
                "template-line-number": 82,
                "part": null,
                "replacement-node": 25,
                "expression-node": 26
            }
        ],
        "rule-17": {
            "subs": [
                {
                    "node-pos": 97,
                    "extras": {},
                    "name": "ShipperSuppliedHeadings",
                    "template-line-number": 166,
                    "part": "1",
                    "replacement-node": 40
                },
                {
                    "node-pos": 101,
                    "extras": {},
                    "name": "ShipperSuppliedHeadings",
                    "template-line-number": 175,
                    "part": "2",
                    "replacement-node": 43
                },
                {
                    "node-pos": 95,
                    "extras": {},
                    "name": "ShipperSuppliedHeadings",
                    "template-line-number": 162,
                    "part": "3",
                    "replacement-node": 38
                }
            ],
            "name": "ShipperSuppliedHeadings"
        },
        "rule-14": [
            {
                "node-pos": 172,
                "template-line-number": 655,
                "part": null,
                "replacement-node": 94,
                "expression-node": 95
            }
        ],
        "rule-11": [
            {
                "node-pos": 48,
                "template-line-number": 87,
                "part": null,
                "replacement-node": 28,
                "expression-node": 29
            }
        ],
        "rule-3": [
            {
                "node-pos": 14,
                "template-line-number": 32,
                "part": null,
                "replacement-node": 4,
                "expression-node": 5
            }
        ],
        "rule-6": [
            {
                "node-pos": 27,
                "html": true,
                "template-line-number": 56,
                "part": null,
                "replacement-node": 13
            }
        ],
        "rule-15": [
            {
                "node-pos": 176,
                "template-line-number": 660,
                "part": null,
                "replacement-node": 97
            }
        ],
        "rule-18": {
            "subs": [
                {
                    "node-pos": 107,
                    "extras": {},
                    "name": "ShipperLineItems",
                    "template-line-number": 541,
                    "part": "1",
                    "replacement-node": 47
                },
                {
                    "node-pos": 110,
                    "name": "ShipperLineItems",
                    "template-line-number": 547,
                    "part": "1",
                    "replacement-node": 49,
                    "expression-node": 50
                },
                {
                    "node-pos": 146,
                    "name": "ShipperLineItems",
                    "template-line-number": 604,
                    "part": "10",
                    "replacement-node": 76,
                    "expression-node": 77
                },
                {
                    "node-pos": 150,
                    "name": "ShipperLineItems",
                    "template-line-number": 610,
                    "part": "11",
                    "replacement-node": 79,
                    "expression-node": 80
                },
                {
                    "node-pos": 154,
                    "name": "ShipperLineItems",
                    "template-line-number": 616,
                    "part": "12",
                    "replacement-node": 82,
                    "expression-node": 83
                },
                {
                    "node-pos": 158,
                    "name": "ShipperLineItems",
                    "template-line-number": 623,
                    "part": "13",
                    "replacement-node": 85,
                    "expression-node": 86
                },
                {
                    "node-pos": 162,
                    "name": "ShipperLineItems",
                    "template-line-number": 629,
                    "part": "14",
                    "replacement-node": 88,
                    "expression-node": 89
                },
                {
                    "node-pos": 166,
                    "name": "ShipperLineItems",
                    "template-line-number": 635,
                    "part": "15",
                    "replacement-node": 91,
                    "expression-node": 92
                },
                {
                    "node-pos": 114,
                    "name": "ShipperLineItems",
                    "template-line-number": 554,
                    "part": "2",
                    "replacement-node": 52,
                    "expression-node": 53
                },
                {
                    "node-pos": 118,
                    "name": "ShipperLineItems",
                    "template-line-number": 560,
                    "part": "3",
                    "replacement-node": 55,
                    "expression-node": 56
                },
                {
                    "node-pos": 122,
                    "name": "ShipperLineItems",
                    "template-line-number": 566,
                    "part": "4",
                    "replacement-node": 58,
                    "expression-node": 59
                },
                {
                    "node-pos": 126,
                    "name": "ShipperLineItems",
                    "template-line-number": 572,
                    "part": "5",
                    "replacement-node": 61,
                    "expression-node": 62
                },
                {
                    "node-pos": 130,
                    "name": "ShipperLineItems",
                    "template-line-number": 580,
                    "part": "6",
                    "replacement-node": 64,
                    "expression-node": 65
                },
                {
                    "node-pos": 134,
                    "name": "ShipperLineItems",
                    "template-line-number": 586,
                    "part": "7",
                    "replacement-node": 67,
                    "expression-node": 68
                },
                {
                    "node-pos": 138,
                    "name": "ShipperLineItems",
                    "template-line-number": 592,
                    "part": "8",
                    "replacement-node": 70,
                    "expression-node": 71
                },
                {
                    "node-pos": 142,
                    "name": "ShipperLineItems",
                    "template-line-number": 598,
                    "part": "9",
                    "replacement-node": 73,
                    "expression-node": 74
                }
            ],
            "name": "ShipperLineItems"
        },
        "rule-13": [
            {
                "node-pos": 59,
                "html": true,
                "template-line-number": 108,
                "part": null,
                "replacement-node": 34
            }
        ]
    },
    "line-numbers": {}
}