{
    "substitutions": {
        "rule-12": [
            {
                "replacement-node": 63,
                "node-pos": 104,
                "template-line-number": 238,
                "part": null
            }
        ],
        "rule-9": [
            {
                "replacement-node": 24,
                "node-pos": 43,
                "template-line-number": 77,
                "part": null,
                "expression-node": 25
            }
        ],
        "rule-10": [
            {
                "replacement-node": 27,
                "node-pos": 47,
                "template-line-number": 82,
                "part": null,
                "expression-node": 28
            }
        ],
        "rule-7": [
            {
                "replacement-node": 18,
                "node-pos": 35,
                "template-line-number": 67,
                "part": null,
                "expression-node": 19
            }
        ],
        "rule-4": [
            {
                "replacement-node": 9,
                "node-pos": 21,
                "html": true,
                "template-line-number": 39,
                "part": null
            }
        ],
        "rule-14": [
            {
                "replacement-node": 69,
                "node-pos": 119,
                "template-line-number": 268,
                "part": null,
                "expression-node": 70
            }
        ],
        "rule-13": [
            {
                "replacement-node": 66,
                "node-pos": 113,
                "template-line-number": 254,
                "part": null,
                "expression-node": 67
            }
        ],
        "rule-18": {
            "subs": [
                {
                    "replacement-node": 45,
                    "node-pos": 78,
                    "name": "ElectricPlantLeasedToOthers",
                    "template-line-number": 201,
                    "expression-node": 46,
                    "part": "2"
                },
                {
                    "replacement-node": 48,
                    "node-pos": 82,
                    "extras": {},
                    "name": "ElectricPlantLeasedToOthers",
                    "template-line-number": 206,
                    "part": "3"
                },
                {
                    "replacement-node": 51,
                    "node-pos": 86,
                    "name": "ElectricPlantLeasedToOthers",
                    "template-line-number": 211,
                    "expression-node": 52,
                    "part": "4"
                },
                {
                    "replacement-node": 54,
                    "node-pos": 90,
                    "name": "ElectricPlantLeasedToOthers",
                    "template-line-number": 216,
                    "expression-node": 55,
                    "part": "5"
                },
                {
                    "replacement-node": 57,
                    "node-pos": 94,
                    "name": "ElectricPlantLeasedToOthers",
                    "template-line-number": 221,
                    "expression-node": 58,
                    "part": "6"
                },
                {
                    "replacement-node": 60,
                    "node-pos": 98,
                    "name": "ElectricPlantLeasedToOthers",
                    "template-line-number": 226,
                    "expression-node": 61,
                    "part": "7"
                }
            ],
            "name": "ElectricPlantLeasedToOthers"
        },
        "rule-5": [
            {
                "replacement-node": 12,
                "node-pos": 26,
                "html": true,
                "template-line-number": 51,
                "part": null
            }
        ],
        "rule-1": [
            {
                "replacement-node": 0,
                "node-pos": 9,
                "template-line-number": 22,
                "part": null
            }
        ],
        "rule-17": {
            "subs": [
                {
                    "replacement-node": 36,
                    "node-pos": 65,
                    "extras": {},
                    "name": "ColumnHeadings",
                    "template-line-number": 128,
                    "part": "1"
                },
                {
                    "replacement-node": 39,
                    "node-pos": 69,
                    "extras": {},
                    "name": "ColumnHeadings",
                    "template-line-number": 136,
                    "part": "2"
                },
                {
                    "replacement-node": 34,
                    "node-pos": 63,
                    "extras": {},
                    "name": "ColumnHeadings",
                    "template-line-number": 124,
                    "part": "3"
                }
            ],
            "name": "ColumnHeadings"
        },
        "rule-6": [
            {
                "replacement-node": 15,
                "node-pos": 31,
                "template-line-number": 62,
                "part": null
            }
        ],
        "rule-3": [
            {
                "replacement-node": 6,
                "node-pos": 17,
                "template-line-number": 33,
                "part": null
            }
        ],
        "rule-11": [
            {
                "replacement-node": 30,
                "node-pos": 53,
                "template-line-number": 92,
                "part": null
            }
        ],
        "rule-2": [
            {
                "replacement-node": 3,
                "node-pos": 13,
                "template-line-number": 27,
                "part": null,
                "expression-node": 4
            }
        ],
        "rule-15": [
            {
                "replacement-node": 72,
                "node-pos": 123,
                "template-line-number": 273,
                "part": null
            }
        ],
        "rule-8": [
            {
                "replacement-node": 21,
                "node-pos": 39,
                "template-line-number": 72,
                "part": null
            }
        ],
        "rule-16": [
            {
                "replacement-node": 75,
                "node-pos": 127,
                "template-line-number": 282,
                "part": null
            }
        ]
    },
    "line-numbers": {
        "ElectricPlantLeasedToOthers": [
            {
                "line-number-node": 43,
                "template-line-number": 198,
                "start-number": 1
            }
        ]
    },
    "showifs": {}
}