{
    "substitutions": {
        "rule-12": [
            {
                "part": null,
                "node-pos": 57,
                "replacement-node": 31,
                "template-line-number": 99
            }
        ],
        "rule-15": [
            {
                "part": null,
                "node-pos": 130,
                "replacement-node": 72,
                "template-line-number": 263
            }
        ],
        "rule-8": [
            {
                "expression-node": 20,
                "part": null,
                "node-pos": 38,
                "replacement-node": 19,
                "template-line-number": 74
            }
        ],
        "rule-18": {
            "subs": [
                {
                    "extras": {},
                    "template-line-number": 195,
                    "name": "ISLineItems",
                    "part": "1",
                    "node-pos": 83,
                    "replacement-node": 45
                },
                {
                    "extras": {},
                    "template-line-number": 206,
                    "name": "ISLineItems",
                    "part": "2",
                    "node-pos": 91,
                    "replacement-node": 50
                },
                {
                    "extras": {},
                    "template-line-number": 214,
                    "name": "ISLineItems",
                    "part": "3",
                    "node-pos": 97,
                    "replacement-node": 55
                },
                {
                    "expression-node": 58,
                    "template-line-number": 220,
                    "name": "ISLineItems",
                    "part": "4",
                    "node-pos": 100,
                    "replacement-node": 57
                },
                {
                    "expression-node": 61,
                    "template-line-number": 226,
                    "name": "ISLineItems",
                    "part": "5",
                    "node-pos": 104,
                    "replacement-node": 60
                },
                {
                    "extras": {},
                    "template-line-number": 202,
                    "name": "ISLineItems",
                    "part": "6",
                    "node-pos": 89,
                    "replacement-node": 48
                },
                {
                    "expression-node": 64,
                    "template-line-number": 232,
                    "name": "ISLineItems",
                    "part": "6",
                    "node-pos": 108,
                    "replacement-node": 63
                },
                {
                    "expression-node": 67,
                    "template-line-number": 238,
                    "name": "ISLineItems",
                    "part": "7",
                    "node-pos": 112,
                    "replacement-node": 66
                }
            ],
            "name": "ISLineItems"
        },
        "rule-4": [
            {
                "part": null,
                "node-pos": 19,
                "replacement-node": 7,
                "template-line-number": 40
            }
        ],
        "rule-11": [
            {
                "expression-node": 29,
                "part": null,
                "node-pos": 51,
                "replacement-node": 28,
                "template-line-number": 89
            }
        ],
        "rule-7": [
            {
                "part": null,
                "node-pos": 33,
                "replacement-node": 16,
                "template-line-number": 69
            }
        ],
        "rule-16": [
            {
                "part": null,
                "node-pos": 134,
                "replacement-node": 75,
                "template-line-number": 272
            }
        ],
        "rule-14": [
            {
                "expression-node": 70,
                "part": null,
                "node-pos": 126,
                "replacement-node": 69,
                "template-line-number": 258
            }
        ],
        "rule-5": [
            {
                "html": true,
                "part": null,
                "node-pos": 23,
                "replacement-node": 10,
                "template-line-number": 46
            }
        ],
        "rule-13": [
            {
                "html": true,
                "part": null,
                "node-pos": 62,
                "replacement-node": 34,
                "template-line-number": 110
            }
        ],
        "rule-2": [
            {
                "part": null,
                "node-pos": 11,
                "replacement-node": 1,
                "template-line-number": 29
            }
        ],
        "rule-10": [
            {
                "expression-node": 26,
                "part": null,
                "node-pos": 47,
                "replacement-node": 25,
                "template-line-number": 84
            }
        ],
        "rule-3": [
            {
                "expression-node": 5,
                "part": null,
                "node-pos": 15,
                "replacement-node": 4,
                "template-line-number": 34
            }
        ],
        "rule-9": [
            {
                "part": null,
                "node-pos": 42,
                "replacement-node": 22,
                "template-line-number": 79
            }
        ],
        "rule-6": [
            {
                "html": true,
                "part": null,
                "node-pos": 28,
                "replacement-node": 13,
                "template-line-number": 58
            }
        ],
        "rule-17": {
            "subs": [
                {
                    "extras": {},
                    "template-line-number": 136,
                    "name": "ISHeadings",
                    "part": "1",
                    "node-pos": 73,
                    "replacement-node": 38
                },
                {
                    "extras": {},
                    "template-line-number": 143,
                    "name": "ISHeadings",
                    "part": "2",
                    "node-pos": 77,
                    "replacement-node": 41
                }
            ],
            "name": "ISHeadings"
        }
    },
    "line-numbers": {},
    "showifs": {
        "rule-1": {
            "type": "showif",
            "template-line-number": 19
        }
    }
}