{
    "substitutions": {
        "rule-16": {
            "name": "CFLineItems",
            "subs": [
                {
                    "name": "CFLineItems",
                    "replacement-node": 44,
                    "extras": {},
                    "node-pos": 83,
                    "part": "1",
                    "template-line-number": 300
                },
                {
                    "name": "CFLineItems",
                    "replacement-node": 49,
                    "extras": {},
                    "node-pos": 91,
                    "part": "2",
                    "template-line-number": 311
                },
                {
                    "name": "CFLineItems",
                    "replacement-node": 53,
                    "node-pos": 96,
                    "part": "4",
                    "template-line-number": 322,
                    "expression-node": 54
                },
                {
                    "name": "CFLineItems",
                    "replacement-node": 58,
                    "node-pos": 102,
                    "part": "5",
                    "template-line-number": 332,
                    "expression-node": 59
                },
                {
                    "name": "CFLineItems",
                    "replacement-node": 47,
                    "extras": {},
                    "node-pos": 89,
                    "part": "6",
                    "template-line-number": 307
                }
            ]
        },
        "rule-10": [
            {
                "replacement-node": 27,
                "node-pos": 49,
                "part": null,
                "template-line-number": 83,
                "expression-node": 28
            }
        ],
        "rule-7": [
            {
                "replacement-node": 18,
                "node-pos": 36,
                "part": null,
                "template-line-number": 68,
                "expression-node": 19
            }
        ],
        "rule-4": [
            {
                "replacement-node": 9,
                "html": true,
                "node-pos": 22,
                "part": null,
                "template-line-number": 40
            }
        ],
        "rule-17": {
            "name": "ISHeadings",
            "subs": [
                {
                    "name": "ISHeadings",
                    "replacement-node": 37,
                    "extras": {},
                    "node-pos": 73,
                    "part": "1",
                    "template-line-number": 132
                },
                {
                    "name": "ISHeadings",
                    "replacement-node": 40,
                    "extras": {},
                    "node-pos": 77,
                    "part": "2",
                    "template-line-number": 139
                }
            ]
        },
        "rule-13": [
            {
                "replacement-node": 63,
                "node-pos": 110,
                "part": null,
                "template-line-number": 351,
                "expression-node": 64
            }
        ],
        "rule-11": [
            {
                "replacement-node": 30,
                "node-pos": 55,
                "part": null,
                "template-line-number": 93
            }
        ],
        "rule-9": [
            {
                "replacement-node": 24,
                "node-pos": 45,
                "part": null,
                "template-line-number": 78,
                "expression-node": 25
            }
        ],
        "rule-8": [
            {
                "replacement-node": 21,
                "node-pos": 40,
                "part": null,
                "template-line-number": 73
            }
        ],
        "rule-5": [
            {
                "replacement-node": 12,
                "html": true,
                "node-pos": 27,
                "part": null,
                "template-line-number": 52
            }
        ],
        "rule-12": [
            {
                "replacement-node": 33,
                "html": true,
                "node-pos": 60,
                "part": null,
                "template-line-number": 104
            }
        ],
        "rule-2": [
            {
                "replacement-node": 3,
                "node-pos": 14,
                "part": null,
                "template-line-number": 28,
                "expression-node": 4
            }
        ],
        "rule-3": [
            {
                "replacement-node": 6,
                "node-pos": 18,
                "part": null,
                "template-line-number": 34
            }
        ],
        "rule-15": [
            {
                "replacement-node": 69,
                "node-pos": 118,
                "part": null,
                "template-line-number": 366
            }
        ],
        "rule-1": [
            {
                "replacement-node": 0,
                "node-pos": 10,
                "part": null,
                "template-line-number": 23
            }
        ],
        "rule-6": [
            {
                "replacement-node": 15,
                "node-pos": 32,
                "part": null,
                "template-line-number": 63
            }
        ],
        "rule-14": [
            {
                "replacement-node": 66,
                "node-pos": 114,
                "part": null,
                "template-line-number": 356
            }
        ]
    },
    "line-numbers": {},
    "showifs": {}
}