{
    "showifs": {},
    "line-numbers": {
        "GeneratingPlantStatistics": [
            {
                "line-number-node": 46,
                "start-number": 1,
                "template-line-number": 261
            }
        ]
    },
    "substitutions": {
        "rule-8": [
            {
                "replacement-node": 21,
                "template-line-number": 72,
                "part": null,
                "node-pos": 39
            }
        ],
        "rule-2": [
            {
                "expression-node": 4,
                "replacement-node": 3,
                "template-line-number": 27,
                "part": null,
                "node-pos": 13
            }
        ],
        "rule-3": [
            {
                "replacement-node": 6,
                "template-line-number": 33,
                "part": null,
                "node-pos": 17
            }
        ],
        "rule-14": [
            {
                "replacement-node": 90,
                "template-line-number": 346,
                "part": null,
                "node-pos": 161
            }
        ],
        "rule-9": [
            {
                "expression-node": 25,
                "replacement-node": 24,
                "template-line-number": 77,
                "part": null,
                "node-pos": 43
            }
        ],
        "rule-1": [
            {
                "replacement-node": 0,
                "template-line-number": 22,
                "part": null,
                "node-pos": 9
            }
        ],
        "rule-7": [
            {
                "expression-node": 19,
                "replacement-node": 18,
                "template-line-number": 67,
                "part": null,
                "node-pos": 35
            }
        ],
        "rule-15": [
            {
                "replacement-node": 93,
                "template-line-number": 356,
                "part": null,
                "node-pos": 165
            }
        ],
        "rule-13": [
            {
                "expression-node": 88,
                "replacement-node": 87,
                "template-line-number": 339,
                "part": null,
                "node-pos": 157
            }
        ],
        "rule-11": [
            {
                "html": true,
                "replacement-node": 30,
                "template-line-number": 92,
                "part": null,
                "node-pos": 53
            }
        ],
        "rule-16": {
            "name": "ColumnHeadings",
            "subs": [
                {
                    "replacement-node": 39,
                    "name": "ColumnHeadings",
                    "extras": {},
                    "node-pos": 90,
                    "part": "1",
                    "template-line-number": 163
                },
                {
                    "replacement-node": 42,
                    "name": "ColumnHeadings",
                    "extras": {},
                    "node-pos": 94,
                    "part": "2",
                    "template-line-number": 171
                },
                {
                    "replacement-node": 37,
                    "name": "ColumnHeadings",
                    "extras": {},
                    "node-pos": 88,
                    "part": "3",
                    "template-line-number": 159
                }
            ]
        },
        "rule-5": [
            {
                "html": true,
                "replacement-node": 12,
                "template-line-number": 51,
                "part": null,
                "node-pos": 26
            }
        ],
        "rule-17": {
            "name": "GeneratingPlantStatistics",
            "subs": [
                {
                    "expression-node": 73,
                    "replacement-node": 72,
                    "name": "GeneratingPlantStatistics",
                    "node-pos": 135,
                    "part": "10",
                    "template-line-number": 304
                },
                {
                    "expression-node": 76,
                    "replacement-node": 75,
                    "name": "GeneratingPlantStatistics",
                    "node-pos": 139,
                    "part": "11",
                    "template-line-number": 309
                },
                {
                    "expression-node": 79,
                    "replacement-node": 78,
                    "name": "GeneratingPlantStatistics",
                    "node-pos": 143,
                    "part": "12",
                    "template-line-number": 314
                },
                {
                    "expression-node": 82,
                    "replacement-node": 81,
                    "name": "GeneratingPlantStatistics",
                    "node-pos": 147,
                    "part": "13",
                    "template-line-number": 319
                },
                {
                    "expression-node": 85,
                    "replacement-node": 84,
                    "name": "GeneratingPlantStatistics",
                    "node-pos": 151,
                    "part": "14",
                    "template-line-number": 324
                },
                {
                    "expression-node": 49,
                    "replacement-node": 48,
                    "name": "GeneratingPlantStatistics",
                    "node-pos": 103,
                    "part": "2",
                    "template-line-number": 264
                },
                {
                    "expression-node": 52,
                    "replacement-node": 51,
                    "name": "GeneratingPlantStatistics",
                    "node-pos": 107,
                    "part": "3",
                    "template-line-number": 269
                },
                {
                    "expression-node": 55,
                    "replacement-node": 54,
                    "name": "GeneratingPlantStatistics",
                    "node-pos": 111,
                    "part": "4",
                    "template-line-number": 274
                },
                {
                    "expression-node": 58,
                    "replacement-node": 57,
                    "name": "GeneratingPlantStatistics",
                    "node-pos": 115,
                    "part": "5",
                    "template-line-number": 279
                },
                {
                    "expression-node": 61,
                    "replacement-node": 60,
                    "name": "GeneratingPlantStatistics",
                    "node-pos": 119,
                    "part": "6",
                    "template-line-number": 284
                },
                {
                    "expression-node": 64,
                    "replacement-node": 63,
                    "name": "GeneratingPlantStatistics",
                    "node-pos": 123,
                    "part": "7",
                    "template-line-number": 289
                },
                {
                    "expression-node": 67,
                    "replacement-node": 66,
                    "name": "GeneratingPlantStatistics",
                    "node-pos": 127,
                    "part": "8",
                    "template-line-number": 294
                },
                {
                    "expression-node": 70,
                    "replacement-node": 69,
                    "name": "GeneratingPlantStatistics",
                    "node-pos": 131,
                    "part": "9",
                    "template-line-number": 299
                }
            ]
        },
        "rule-12": [
            {
                "html": true,
                "replacement-node": 33,
                "template-line-number": 104,
                "part": null,
                "node-pos": 58
            }
        ],
        "rule-4": [
            {
                "html": true,
                "replacement-node": 9,
                "template-line-number": 39,
                "part": null,
                "node-pos": 21
            }
        ],
        "rule-6": [
            {
                "replacement-node": 15,
                "template-line-number": 62,
                "part": null,
                "node-pos": 31
            }
        ],
        "rule-10": [
            {
                "expression-node": 28,
                "replacement-node": 27,
                "template-line-number": 82,
                "part": null,
                "node-pos": 47
            }
        ]
    }
}