{
    "showifs": {
        "rule-1": {
            "type": "showif",
            "template-line-number": 19
        }
    },
    "substitutions": {
        "rule-5": [
            {
                "html": true,
                "node-pos": 23,
                "replacement-node": 10,
                "part": null,
                "template-line-number": 47
            }
        ],
        "rule-20": {
            "name": "NoncarrierProperty",
            "subs": [
                {
                    "node-pos": 90,
                    "replacement-node": 49,
                    "expression-node": 50,
                    "name": "NoncarrierProperty",
                    "part": "2",
                    "template-line-number": 208
                },
                {
                    "node-pos": 94,
                    "replacement-node": 52,
                    "expression-node": 53,
                    "name": "NoncarrierProperty",
                    "part": "3",
                    "template-line-number": 213
                },
                {
                    "node-pos": 98,
                    "replacement-node": 55,
                    "expression-node": 56,
                    "name": "NoncarrierProperty",
                    "part": "4",
                    "template-line-number": 218
                },
                {
                    "node-pos": 102,
                    "replacement-node": 58,
                    "expression-node": 59,
                    "name": "NoncarrierProperty",
                    "part": "5",
                    "template-line-number": 223
                }
            ]
        },
        "rule-9": [
            {
                "node-pos": 41,
                "replacement-node": 22,
                "part": null,
                "template-line-number": 80
            }
        ],
        "rule-12": [
            {
                "node-pos": 55,
                "replacement-node": 31,
                "part": null,
                "template-line-number": 100
            }
        ],
        "rule-11": [
            {
                "node-pos": 49,
                "expression-node": 29,
                "replacement-node": 28,
                "part": null,
                "template-line-number": 90
            }
        ],
        "rule-4": [
            {
                "node-pos": 19,
                "replacement-node": 7,
                "part": null,
                "template-line-number": 41
            }
        ],
        "rule-17": [
            {
                "node-pos": 125,
                "replacement-node": 70,
                "part": null,
                "template-line-number": 269
            }
        ],
        "rule-7": [
            {
                "node-pos": 33,
                "replacement-node": 16,
                "part": null,
                "template-line-number": 70
            }
        ],
        "rule-8": [
            {
                "node-pos": 37,
                "expression-node": 20,
                "replacement-node": 19,
                "part": null,
                "template-line-number": 75
            }
        ],
        "rule-15": [
            {
                "node-pos": 114,
                "expression-node": 65,
                "replacement-node": 64,
                "part": null,
                "template-line-number": 249
            }
        ],
        "rule-16": [
            {
                "node-pos": 121,
                "expression-node": 68,
                "replacement-node": 67,
                "part": null,
                "template-line-number": 264
            }
        ],
        "rule-13": [
            {
                "html": true,
                "node-pos": 60,
                "replacement-node": 34,
                "part": null,
                "template-line-number": 111
            }
        ],
        "rule-10": [
            {
                "node-pos": 45,
                "expression-node": 26,
                "replacement-node": 25,
                "part": null,
                "template-line-number": 85
            }
        ],
        "rule-3": [
            {
                "node-pos": 15,
                "expression-node": 5,
                "replacement-node": 4,
                "part": null,
                "template-line-number": 35
            }
        ],
        "rule-18": [
            {
                "node-pos": 129,
                "replacement-node": 73,
                "part": null,
                "template-line-number": 278
            }
        ],
        "rule-14": [
            {
                "node-pos": 109,
                "replacement-node": 61,
                "part": null,
                "template-line-number": 237
            }
        ],
        "rule-19": {
            "name": "ISHeadings",
            "subs": [
                {
                    "replacement-node": 40,
                    "node-pos": 77,
                    "extras": {},
                    "name": "ISHeadings",
                    "part": "1",
                    "template-line-number": 146
                },
                {
                    "replacement-node": 43,
                    "node-pos": 81,
                    "extras": {},
                    "name": "ISHeadings",
                    "part": "2",
                    "template-line-number": 154
                },
                {
                    "replacement-node": 38,
                    "node-pos": 75,
                    "extras": {},
                    "name": "ISHeadings",
                    "part": "3",
                    "template-line-number": 142
                }
            ]
        },
        "rule-6": [
            {
                "html": true,
                "node-pos": 28,
                "replacement-node": 13,
                "part": null,
                "template-line-number": 59
            }
        ],
        "rule-2": [
            {
                "node-pos": 11,
                "replacement-node": 1,
                "part": null,
                "template-line-number": 29
            }
        ]
    },
    "line-numbers": {
        "NoncarrierProperty": [
            {
                "template-line-number": 205,
                "start-number": 1,
                "line-number-node": 47
            }
        ]
    }
}