{
    "substitutions": {
        "rule-1": [
            {
                "part": null,
                "replacement-node": 0,
                "template-line-number": 19,
                "node-pos": 9
            }
        ],
        "rule-2": [
            {
                "part": null,
                "replacement-node": 3,
                "expression-node": 4,
                "template-line-number": 26,
                "node-pos": 13
            }
        ],
        "rule-3": [
            {
                "part": null,
                "replacement-node": 6,
                "template-line-number": 33,
                "node-pos": 17
            }
        ],
        "rule-4": [
            {
                "part": null,
                "replacement-node": 9,
                "template-line-number": 41,
                "node-pos": 21,
                "html": true
            }
        ],
        "rule-5": [
            {
                "part": null,
                "replacement-node": 12,
                "template-line-number": 58,
                "node-pos": 26,
                "html": true
            }
        ],
        "rule-6": [
            {
                "part": null,
                "replacement-node": 15,
                "template-line-number": 76,
                "node-pos": 31
            }
        ],
        "rule-7": [
            {
                "part": null,
                "replacement-node": 18,
                "expression-node": 19,
                "template-line-number": 83,
                "node-pos": 35
            }
        ],
        "rule-8": [
            {
                "part": null,
                "replacement-node": 21,
                "template-line-number": 90,
                "node-pos": 39
            }
        ],
        "rule-9": [
            {
                "part": null,
                "replacement-node": 24,
                "expression-node": 25,
                "template-line-number": 97,
                "node-pos": 43
            }
        ],
        "rule-10": [
            {
                "part": null,
                "replacement-node": 27,
                "expression-node": 28,
                "template-line-number": 103,
                "node-pos": 47
            }
        ],
        "rule-11": [
            {
                "part": null,
                "replacement-node": 30,
                "template-line-number": 115,
                "node-pos": 53
            }
        ],
        "rule-12": [
            {
                "part": null,
                "replacement-node": 33,
                "template-line-number": 126,
                "node-pos": 58,
                "html": true
            }
        ],
        "rule-13": [
            {
                "part": null,
                "replacement-node": 64,
                "template-line-number": 296,
                "node-pos": 116
            }
        ],
        "rule-14": [
            {
                "part": null,
                "replacement-node": 67,
                "expression-node": 68,
                "template-line-number": 308,
                "node-pos": 121
            }
        ],
        "rule-15": [
            {
                "part": null,
                "replacement-node": 70,
                "expression-node": 71,
                "template-line-number": 327,
                "node-pos": 128
            }
        ],
        "rule-16": [
            {
                "part": null,
                "replacement-node": 73,
                "template-line-number": 341,
                "node-pos": 134
            }
        ],
        "rule-17": [
            {
                "part": null,
                "replacement-node": 76,
                "expression-node": 77,
                "template-line-number": 353,
                "node-pos": 139
            }
        ],
        "rule-18": [
            {
                "part": null,
                "replacement-node": 79,
                "expression-node": 80,
                "template-line-number": 363,
                "node-pos": 143
            }
        ],
        "rule-19": [
            {
                "part": null,
                "replacement-node": 82,
                "expression-node": 83,
                "template-line-number": 373,
                "node-pos": 147
            }
        ],
        "rule-20": [
            {
                "part": null,
                "replacement-node": 85,
                "expression-node": 86,
                "template-line-number": 384,
                "node-pos": 151
            }
        ],
        "rule-21": [
            {
                "part": null,
                "replacement-node": 88,
                "expression-node": 89,
                "template-line-number": 394,
                "node-pos": 155
            }
        ],
        "rule-22": [
            {
                "part": null,
                "replacement-node": 91,
                "template-line-number": 408,
                "node-pos": 161
            }
        ],
        "rule-23": [
            {
                "part": null,
                "replacement-node": 94,
                "expression-node": 95,
                "template-line-number": 420,
                "node-pos": 166
            }
        ],
        "rule-24": [
            {
                "part": null,
                "replacement-node": 97,
                "expression-node": 98,
                "template-line-number": 439,
                "node-pos": 173
            }
        ],
        "rule-25": [
            {
                "part": null,
                "replacement-node": 100,
                "expression-node": 101,
                "template-line-number": 453,
                "node-pos": 179
            }
        ],
        "rule-26": [
            {
                "part": null,
                "replacement-node": 103,
                "template-line-number": 458,
                "node-pos": 183
            }
        ],
        "rule-27": [
            {
                "part": null,
                "replacement-node": 106,
                "template-line-number": 467,
                "node-pos": 187
            }
        ],
        "rule-28": {
            "name": "MiscellaneousDeferredDebits",
            "subs": [
                {
                    "name": "MiscellaneousDeferredDebits",
                    "part": "2",
                    "replacement-node": 46,
                    "expression-node": 47,
                    "template-line-number": 238,
                    "node-pos": 90
                },
                {
                    "name": "MiscellaneousDeferredDebits",
                    "part": "3",
                    "replacement-node": 49,
                    "expression-node": 50,
                    "template-line-number": 248,
                    "node-pos": 94
                },
                {
                    "name": "MiscellaneousDeferredDebits",
                    "part": "4",
                    "replacement-node": 52,
                    "expression-node": 53,
                    "template-line-number": 257,
                    "node-pos": 98
                },
                {
                    "name": "MiscellaneousDeferredDebits",
                    "part": "5",
                    "replacement-node": 55,
                    "expression-node": 56,
                    "template-line-number": 265,
                    "node-pos": 102
                },
                {
                    "name": "MiscellaneousDeferredDebits",
                    "part": "6",
                    "replacement-node": 58,
                    "expression-node": 59,
                    "template-line-number": 275,
                    "node-pos": 106
                },
                {
                    "name": "MiscellaneousDeferredDebits",
                    "part": "7",
                    "replacement-node": 61,
                    "expression-node": 62,
                    "template-line-number": 284,
                    "node-pos": 110
                }
            ]
        },
        "rule-29": {
            "name": "ColumnHeadings",
            "subs": [
                {
                    "name": "ColumnHeadings",
                    "part": "1",
                    "replacement-node": 37,
                    "template-line-number": 164,
                    "extras": {},
                    "node-pos": 77
                },
                {
                    "name": "ColumnHeadings",
                    "part": "2",
                    "replacement-node": 40,
                    "template-line-number": 171,
                    "extras": {},
                    "node-pos": 81
                }
            ]
        }
    },
    "line-numbers": {
        "MiscellaneousDeferredDebits": [
            {
                "line-number-node": 44,
                "start-number": 1,
                "template-line-number": 233
            }
        ]
    },
    "showifs": {},
    "footnotes": {},
    "standard-rules": [
        "rule-1",
        "rule-2",
        "rule-3",
        "rule-4",
        "rule-5",
        "rule-6",
        "rule-7",
        "rule-8",
        "rule-9",
        "rule-10",
        "rule-11",
        "rule-12",
        "rule-13",
        "rule-14",
        "rule-15",
        "rule-16",
        "rule-17",
        "rule-18",
        "rule-19",
        "rule-20",
        "rule-21",
        "rule-22",
        "rule-23",
        "rule-24",
        "rule-25",
        "rule-26",
        "rule-27",
        "rule-28",
        "rule-29"
    ],
    "footnote-rules": []
}