{
    "line-numbers": {
        "GenPlants": [
            {
                "line-number-node": 31,
                "start-number": 1,
                "template-line-number": 165
            }
        ]
    },
    "showifs": {},
    "substitutions": {
        "rule-6": [
            {
                "part": null,
                "node-pos": 35,
                "template-line-number": 62,
                "replacement-node": 15
            }
        ],
        "rule-1": [
            {
                "part": null,
                "expression-node": 1,
                "node-pos": 15,
                "template-line-number": 30,
                "replacement-node": 0
            }
        ],
        "rule-9": {
            "subs": [
                {
                    "name": "GenPlantsHead",
                    "part": "1",
                    "node-pos": 58,
                    "extras": {},
                    "template-line-number": 109,
                    "replacement-node": 24
                },
                {
                    "name": "GenPlantsHead",
                    "part": "2",
                    "node-pos": 62,
                    "extras": {},
                    "template-line-number": 118,
                    "replacement-node": 27
                },
                {
                    "name": "GenPlantsHead",
                    "part": "3",
                    "node-pos": 56,
                    "extras": {},
                    "template-line-number": 105,
                    "replacement-node": 22
                }
            ],
            "name": "GenPlantsHead"
        },
        "rule-3": [
            {
                "part": null,
                "expression-node": 7,
                "node-pos": 22,
                "template-line-number": 42,
                "replacement-node": 6
            }
        ],
        "rule-4": [
            {
                "part": null,
                "node-pos": 26,
                "template-line-number": 47,
                "replacement-node": 9
            }
        ],
        "rule-5": [
            {
                "part": null,
                "expression-node": 13,
                "node-pos": 29,
                "template-line-number": 52,
                "replacement-node": 12
            }
        ],
        "rule-10": {
            "subs": [
                {
                    "expression-node": 34,
                    "name": "GenPlants",
                    "part": "2",
                    "node-pos": 71,
                    "template-line-number": 168,
                    "replacement-node": 33
                },
                {
                    "expression-node": 37,
                    "name": "GenPlants",
                    "part": "3",
                    "node-pos": 75,
                    "template-line-number": 173,
                    "replacement-node": 36
                },
                {
                    "expression-node": 40,
                    "name": "GenPlants",
                    "part": "4",
                    "node-pos": 79,
                    "template-line-number": 178,
                    "replacement-node": 39
                }
            ],
            "name": "GenPlants"
        },
        "rule-8": [
            {
                "part": null,
                "node-pos": 85,
                "template-line-number": 190,
                "replacement-node": 42
            }
        ],
        "rule-7": [
            {
                "part": null,
                "html": true,
                "node-pos": 40,
                "template-line-number": 73,
                "replacement-node": 18
            }
        ],
        "rule-2": [
            {
                "part": null,
                "node-pos": 19,
                "template-line-number": 37,
                "replacement-node": 3
            }
        ]
    }
}