{
    "substitutions": {
        "rule-17": [
            {
                "node-pos": 188,
                "template-line-number": 478,
                "replacement-node": 102,
                "part": null,
                "expression-node": 103
            }
        ],
        "rule-3": [
            {
                "template-line-number": 32,
                "replacement-node": 6,
                "part": null,
                "node-pos": 17
            }
        ],
        "rule-18": [
            {
                "node-pos": 192,
                "template-line-number": 488,
                "replacement-node": 105,
                "part": null,
                "expression-node": 106
            }
        ],
        "rule-2": [
            {
                "node-pos": 13,
                "template-line-number": 25,
                "replacement-node": 3,
                "part": null,
                "expression-node": 4
            }
        ],
        "rule-9": [
            {
                "node-pos": 43,
                "template-line-number": 96,
                "replacement-node": 24,
                "part": null,
                "expression-node": 25
            }
        ],
        "rule-7": [
            {
                "node-pos": 35,
                "template-line-number": 82,
                "replacement-node": 18,
                "part": null,
                "expression-node": 19
            }
        ],
        "rule-11": [
            {
                "template-line-number": 115,
                "replacement-node": 30,
                "part": null,
                "node-pos": 53
            }
        ],
        "rule-5": [
            {
                "html": true,
                "template-line-number": 57,
                "replacement-node": 12,
                "part": null,
                "node-pos": 26
            }
        ],
        "rule-1": [
            {
                "template-line-number": 18,
                "replacement-node": 0,
                "part": null,
                "node-pos": 9
            }
        ],
        "rule-13": [
            {
                "node-pos": 172,
                "template-line-number": 437,
                "replacement-node": 90,
                "part": null,
                "expression-node": 91
            }
        ],
        "rule-4": [
            {
                "html": true,
                "template-line-number": 40,
                "replacement-node": 9,
                "part": null,
                "node-pos": 21
            }
        ],
        "rule-10": [
            {
                "node-pos": 47,
                "template-line-number": 102,
                "replacement-node": 27,
                "part": null,
                "expression-node": 28
            }
        ],
        "rule-24": {
            "subs": [
                {
                    "node-pos": 94,
                    "replacement-node": 39,
                    "part": "1",
                    "name": "ColumnHeadings",
                    "template-line-number": 187,
                    "extras": {}
                },
                {
                    "node-pos": 98,
                    "replacement-node": 42,
                    "part": "2",
                    "name": "ColumnHeadings",
                    "template-line-number": 195,
                    "extras": {}
                },
                {
                    "node-pos": 92,
                    "replacement-node": 37,
                    "part": "3",
                    "name": "ColumnHeadings",
                    "template-line-number": 183,
                    "extras": {}
                }
            ],
            "name": "ColumnHeadings"
        },
        "rule-20": [
            {
                "node-pos": 202,
                "template-line-number": 514,
                "replacement-node": 111,
                "part": null,
                "expression-node": 112
            }
        ],
        "rule-16": [
            {
                "node-pos": 184,
                "template-line-number": 468,
                "replacement-node": 99,
                "part": null,
                "expression-node": 100
            }
        ],
        "rule-8": [
            {
                "template-line-number": 89,
                "replacement-node": 21,
                "part": null,
                "node-pos": 39
            }
        ],
        "rule-22": [
            {
                "template-line-number": 531,
                "replacement-node": 117,
                "part": null,
                "node-pos": 210
            }
        ],
        "rule-14": [
            {
                "node-pos": 176,
                "template-line-number": 447,
                "replacement-node": 93,
                "part": null,
                "expression-node": 94
            }
        ],
        "rule-21": [
            {
                "template-line-number": 521,
                "replacement-node": 114,
                "part": null,
                "node-pos": 206
            }
        ],
        "rule-19": [
            {
                "node-pos": 196,
                "template-line-number": 498,
                "replacement-node": 108,
                "part": null,
                "expression-node": 109
            }
        ],
        "rule-15": [
            {
                "node-pos": 180,
                "template-line-number": 457,
                "replacement-node": 96,
                "part": null,
                "expression-node": 97
            }
        ],
        "rule-12": [
            {
                "html": true,
                "template-line-number": 126,
                "replacement-node": 33,
                "part": null,
                "node-pos": 58
            }
        ],
        "rule-23": {
            "subs": [
                {
                    "name": "TransmissionOfElectricityForOthers",
                    "node-pos": 139,
                    "replacement-node": 72,
                    "part": "10",
                    "expression-node": 73,
                    "template-line-number": 369
                },
                {
                    "name": "TransmissionOfElectricityForOthers",
                    "node-pos": 143,
                    "replacement-node": 75,
                    "part": "11",
                    "expression-node": 76,
                    "template-line-number": 378
                },
                {
                    "name": "TransmissionOfElectricityForOthers",
                    "node-pos": 147,
                    "replacement-node": 78,
                    "part": "12",
                    "expression-node": 79,
                    "template-line-number": 388
                },
                {
                    "name": "TransmissionOfElectricityForOthers",
                    "node-pos": 151,
                    "replacement-node": 81,
                    "part": "13",
                    "expression-node": 82,
                    "template-line-number": 397
                },
                {
                    "name": "TransmissionOfElectricityForOthers",
                    "node-pos": 155,
                    "replacement-node": 84,
                    "part": "14",
                    "expression-node": 85,
                    "template-line-number": 406
                },
                {
                    "name": "TransmissionOfElectricityForOthers",
                    "node-pos": 159,
                    "replacement-node": 87,
                    "part": "15",
                    "expression-node": 88,
                    "template-line-number": 415
                },
                {
                    "name": "TransmissionOfElectricityForOthers",
                    "node-pos": 107,
                    "replacement-node": 48,
                    "part": "2",
                    "expression-node": 49,
                    "template-line-number": 297
                },
                {
                    "name": "TransmissionOfElectricityForOthers",
                    "node-pos": 111,
                    "replacement-node": 51,
                    "part": "3",
                    "expression-node": 52,
                    "template-line-number": 306
                },
                {
                    "name": "TransmissionOfElectricityForOthers",
                    "node-pos": 115,
                    "replacement-node": 54,
                    "part": "4",
                    "expression-node": 55,
                    "template-line-number": 315
                },
                {
                    "name": "TransmissionOfElectricityForOthers",
                    "node-pos": 119,
                    "replacement-node": 57,
                    "part": "5",
                    "expression-node": 58,
                    "template-line-number": 324
                },
                {
                    "name": "TransmissionOfElectricityForOthers",
                    "node-pos": 123,
                    "replacement-node": 60,
                    "part": "6",
                    "expression-node": 61,
                    "template-line-number": 333
                },
                {
                    "name": "TransmissionOfElectricityForOthers",
                    "node-pos": 127,
                    "replacement-node": 63,
                    "part": "7",
                    "expression-node": 64,
                    "template-line-number": 342
                },
                {
                    "name": "TransmissionOfElectricityForOthers",
                    "node-pos": 131,
                    "replacement-node": 66,
                    "part": "8",
                    "expression-node": 67,
                    "template-line-number": 351
                },
                {
                    "name": "TransmissionOfElectricityForOthers",
                    "node-pos": 135,
                    "replacement-node": 69,
                    "part": "9",
                    "expression-node": 70,
                    "template-line-number": 360
                }
            ],
            "name": "TransmissionOfElectricityForOthers"
        },
        "rule-6": [
            {
                "template-line-number": 75,
                "replacement-node": 15,
                "part": null,
                "node-pos": 31
            }
        ]
    },
    "line-numbers": {
        "TransmissionOfElectricityForOthers": [
            {
                "line-number-node": 46,
                "template-line-number": 292,
                "start-number": 1
            }
        ]
    },
    "showifs": {}
}