{
    "showifs": {
        "rule-1": {
            "type": "showif",
            "template-line-number": 17
        }
    },
    "line-numbers": {},
    "substitutions": {
        "rule-17": {
            "name": "BSLineItems",
            "subs": [
                {
                    "extras": {},
                    "replacement-node": 42,
                    "node-pos": 72,
                    "template-line-number": 167,
                    "name": "BSLineItems",
                    "part": "1"
                },
                {
                    "extras": {},
                    "replacement-node": 47,
                    "node-pos": 80,
                    "template-line-number": 178,
                    "name": "BSLineItems",
                    "part": "2"
                },
                {
                    "extras": {},
                    "replacement-node": 51,
                    "node-pos": 85,
                    "template-line-number": 187,
                    "name": "BSLineItems",
                    "part": "3"
                },
                {
                    "expression-node": 54,
                    "replacement-node": 53,
                    "node-pos": 88,
                    "template-line-number": 192,
                    "name": "BSLineItems",
                    "part": "4"
                },
                {
                    "expression-node": 57,
                    "replacement-node": 56,
                    "node-pos": 92,
                    "template-line-number": 198,
                    "name": "BSLineItems",
                    "part": "5"
                },
                {
                    "extras": {},
                    "replacement-node": 45,
                    "node-pos": 78,
                    "template-line-number": 174,
                    "name": "BSLineItems",
                    "part": "6"
                }
            ]
        },
        "rule-3": [
            {
                "node-pos": 14,
                "expression-node": 5,
                "template-line-number": 32,
                "part": null,
                "replacement-node": 4
            }
        ],
        "rule-11": [
            {
                "node-pos": 48,
                "expression-node": 29,
                "template-line-number": 87,
                "part": null,
                "replacement-node": 28
            }
        ],
        "rule-8": [
            {
                "node-pos": 36,
                "expression-node": 20,
                "template-line-number": 72,
                "part": null,
                "replacement-node": 19
            }
        ],
        "rule-6": [
            {
                "node-pos": 27,
                "html": true,
                "template-line-number": 56,
                "part": null,
                "replacement-node": 13
            }
        ],
        "rule-2": [
            {
                "node-pos": 10,
                "template-line-number": 27,
                "part": null,
                "replacement-node": 1
            }
        ],
        "rule-4": [
            {
                "node-pos": 18,
                "template-line-number": 38,
                "part": null,
                "replacement-node": 7
            }
        ],
        "rule-15": [
            {
                "node-pos": 106,
                "template-line-number": 223,
                "part": null,
                "replacement-node": 65
            }
        ],
        "rule-16": {
            "name": "BSHeadings",
            "subs": [
                {
                    "extras": {},
                    "replacement-node": 35,
                    "node-pos": 62,
                    "template-line-number": 121,
                    "name": "BSHeadings",
                    "part": "1"
                },
                {
                    "extras": {},
                    "replacement-node": 38,
                    "node-pos": 66,
                    "template-line-number": 128,
                    "name": "BSHeadings",
                    "part": "2"
                }
            ]
        },
        "rule-12": [
            {
                "node-pos": 54,
                "template-line-number": 97,
                "part": null,
                "replacement-node": 31
            }
        ],
        "rule-7": [
            {
                "node-pos": 32,
                "template-line-number": 67,
                "part": null,
                "replacement-node": 16
            }
        ],
        "rule-14": [
            {
                "node-pos": 102,
                "template-line-number": 214,
                "part": null,
                "replacement-node": 62
            }
        ],
        "rule-5": [
            {
                "node-pos": 22,
                "html": true,
                "template-line-number": 44,
                "part": null,
                "replacement-node": 10
            }
        ],
        "rule-9": [
            {
                "node-pos": 40,
                "template-line-number": 77,
                "part": null,
                "replacement-node": 22
            }
        ],
        "rule-13": [
            {
                "node-pos": 98,
                "expression-node": 60,
                "template-line-number": 209,
                "part": null,
                "replacement-node": 59
            }
        ],
        "rule-10": [
            {
                "node-pos": 44,
                "expression-node": 26,
                "template-line-number": 82,
                "part": null,
                "replacement-node": 25
            }
        ]
    }
}