{
    "showifs": {
        "rule-1": {
            "type": "showif",
            "template-line-number": 18
        }
    },
    "line-numbers": {},
    "substitutions": {
        "rule-20": {
            "subs": [
                {
                    "extras": {},
                    "part": "1",
                    "name": "RevenueAccountsLineItems1",
                    "replacement-node": 47,
                    "template-line-number": 214,
                    "node-pos": 89
                },
                {
                    "extras": {},
                    "part": "2",
                    "name": "RevenueAccountsLineItems1",
                    "replacement-node": 52,
                    "template-line-number": 225,
                    "node-pos": 97
                },
                {
                    "name": "RevenueAccountsLineItems1",
                    "part": "4",
                    "expression-node": 57,
                    "replacement-node": 56,
                    "template-line-number": 235,
                    "node-pos": 102
                },
                {
                    "name": "RevenueAccountsLineItems1",
                    "part": "5",
                    "expression-node": 60,
                    "replacement-node": 59,
                    "template-line-number": 242,
                    "node-pos": 106
                },
                {
                    "extras": {},
                    "part": "6",
                    "name": "RevenueAccountsLineItems1",
                    "replacement-node": 50,
                    "template-line-number": 221,
                    "node-pos": 95
                },
                {
                    "name": "RevenueAccountsLineItems1",
                    "part": "6",
                    "expression-node": 63,
                    "replacement-node": 62,
                    "template-line-number": 248,
                    "node-pos": 110
                },
                {
                    "name": "RevenueAccountsLineItems1",
                    "part": "7",
                    "expression-node": 66,
                    "replacement-node": 65,
                    "template-line-number": 254,
                    "node-pos": 114
                },
                {
                    "name": "RevenueAccountsLineItems1",
                    "part": "8",
                    "expression-node": 69,
                    "replacement-node": 68,
                    "template-line-number": 260,
                    "node-pos": 118
                },
                {
                    "name": "RevenueAccountsLineItems1",
                    "part": "9",
                    "expression-node": 72,
                    "replacement-node": 71,
                    "template-line-number": 266,
                    "node-pos": 122
                }
            ],
            "name": "RevenueAccountsLineItems1"
        },
        "rule-5": [
            {
                "html": true,
                "template-line-number": 45,
                "part": null,
                "node-pos": 23,
                "replacement-node": 10
            }
        ],
        "rule-17": {
            "subs": [
                {
                    "extras": {},
                    "part": "1",
                    "name": "RevenueAccountsLineItems2",
                    "replacement-node": 82,
                    "template-line-number": 368,
                    "node-pos": 149
                },
                {
                    "extras": {},
                    "part": "2",
                    "name": "RevenueAccountsLineItems2",
                    "replacement-node": 87,
                    "template-line-number": 379,
                    "node-pos": 157
                },
                {
                    "name": "RevenueAccountsLineItems2",
                    "part": "4",
                    "expression-node": 92,
                    "replacement-node": 91,
                    "template-line-number": 389,
                    "node-pos": 162
                },
                {
                    "name": "RevenueAccountsLineItems2",
                    "part": "5",
                    "expression-node": 95,
                    "replacement-node": 94,
                    "template-line-number": 396,
                    "node-pos": 166
                },
                {
                    "extras": {},
                    "part": "6",
                    "name": "RevenueAccountsLineItems2",
                    "replacement-node": 85,
                    "template-line-number": 375,
                    "node-pos": 155
                },
                {
                    "name": "RevenueAccountsLineItems2",
                    "part": "6",
                    "expression-node": 98,
                    "replacement-node": 97,
                    "template-line-number": 402,
                    "node-pos": 170
                },
                {
                    "name": "RevenueAccountsLineItems2",
                    "part": "7",
                    "expression-node": 101,
                    "replacement-node": 100,
                    "template-line-number": 408,
                    "node-pos": 174
                },
                {
                    "name": "RevenueAccountsLineItems2",
                    "part": "8",
                    "expression-node": 104,
                    "replacement-node": 103,
                    "template-line-number": 414,
                    "node-pos": 178
                },
                {
                    "name": "RevenueAccountsLineItems2",
                    "part": "9",
                    "expression-node": 107,
                    "replacement-node": 106,
                    "template-line-number": 420,
                    "node-pos": 182
                }
            ],
            "name": "RevenueAccountsLineItems2"
        },
        "rule-10": [
            {
                "template-line-number": 83,
                "expression-node": 26,
                "part": null,
                "node-pos": 45,
                "replacement-node": 25
            }
        ],
        "rule-7": [
            {
                "template-line-number": 68,
                "part": null,
                "node-pos": 33,
                "replacement-node": 16
            }
        ],
        "rule-15": [
            {
                "template-line-number": 436,
                "part": null,
                "node-pos": 192,
                "replacement-node": 112
            }
        ],
        "rule-6": [
            {
                "html": true,
                "template-line-number": 57,
                "part": null,
                "node-pos": 28,
                "replacement-node": 13
            }
        ],
        "rule-8": [
            {
                "template-line-number": 73,
                "expression-node": 20,
                "part": null,
                "node-pos": 37,
                "replacement-node": 19
            }
        ],
        "rule-19": {
            "subs": [
                {
                    "extras": {},
                    "part": "1",
                    "name": "ListHeadings",
                    "replacement-node": 40,
                    "template-line-number": 146,
                    "node-pos": 79
                },
                {
                    "extras": {},
                    "part": "2",
                    "name": "ListHeadings",
                    "replacement-node": 43,
                    "template-line-number": 155,
                    "node-pos": 83
                },
                {
                    "extras": {},
                    "part": "3",
                    "name": "ListHeadings",
                    "replacement-node": 38,
                    "template-line-number": 142,
                    "node-pos": 77
                }
            ],
            "name": "ListHeadings"
        },
        "rule-9": [
            {
                "template-line-number": 78,
                "part": null,
                "node-pos": 41,
                "replacement-node": 22
            }
        ],
        "rule-11": [
            {
                "template-line-number": 88,
                "expression-node": 29,
                "part": null,
                "node-pos": 49,
                "replacement-node": 28
            }
        ],
        "rule-13": [
            {
                "html": true,
                "template-line-number": 109,
                "part": null,
                "node-pos": 60,
                "replacement-node": 34
            }
        ],
        "rule-3": [
            {
                "template-line-number": 33,
                "expression-node": 5,
                "part": null,
                "node-pos": 15,
                "replacement-node": 4
            }
        ],
        "rule-16": [
            {
                "template-line-number": 446,
                "part": null,
                "node-pos": 196,
                "replacement-node": 115
            }
        ],
        "rule-18": {
            "subs": [
                {
                    "extras": {},
                    "part": "1",
                    "name": "RevenueAccountsHeadings2",
                    "replacement-node": 75,
                    "template-line-number": 301,
                    "node-pos": 139
                },
                {
                    "extras": {},
                    "part": "2",
                    "name": "RevenueAccountsHeadings2",
                    "replacement-node": 78,
                    "template-line-number": 308,
                    "node-pos": 143
                }
            ],
            "name": "RevenueAccountsHeadings2"
        },
        "rule-2": [
            {
                "template-line-number": 28,
                "part": null,
                "node-pos": 11,
                "replacement-node": 1
            }
        ],
        "rule-4": [
            {
                "template-line-number": 39,
                "part": null,
                "node-pos": 19,
                "replacement-node": 7
            }
        ],
        "rule-14": [
            {
                "template-line-number": 431,
                "expression-node": 110,
                "part": null,
                "node-pos": 188,
                "replacement-node": 109
            }
        ],
        "rule-12": [
            {
                "template-line-number": 98,
                "part": null,
                "node-pos": 55,
                "replacement-node": 31
            }
        ]
    }
}