{
    "showifs": {},
    "substitutions": {
        "rule-2": [
            {
                "part": null,
                "expression-node": 4,
                "template-line-number": 24,
                "replacement-node": 3,
                "node-pos": 13
            }
        ],
        "rule-7": [
            {
                "part": null,
                "expression-node": 19,
                "template-line-number": 63,
                "replacement-node": 18,
                "node-pos": 35
            }
        ],
        "rule-8": [
            {
                "part": null,
                "node-pos": 39,
                "template-line-number": 68,
                "replacement-node": 21
            }
        ],
        "rule-11": [
            {
                "part": null,
                "node-pos": 53,
                "template-line-number": 87,
                "replacement-node": 30
            }
        ],
        "rule-12": [
            {
                "part": null,
                "node-pos": 58,
                "template-line-number": 98,
                "html": true,
                "replacement-node": 33
            }
        ],
        "rule-14": [
            {
                "part": null,
                "expression-node": 40,
                "template-line-number": 139,
                "replacement-node": 39,
                "node-pos": 85
            }
        ],
        "rule-1": [
            {
                "part": null,
                "node-pos": 9,
                "template-line-number": 20,
                "replacement-node": 0
            }
        ],
        "rule-9": [
            {
                "part": null,
                "expression-node": 25,
                "template-line-number": 72,
                "replacement-node": 24,
                "node-pos": 43
            }
        ],
        "rule-5": [
            {
                "part": null,
                "node-pos": 26,
                "template-line-number": 48,
                "html": true,
                "replacement-node": 12
            }
        ],
        "rule-16": [
            {
                "part": null,
                "node-pos": 93,
                "template-line-number": 153,
                "replacement-node": 45
            }
        ],
        "rule-13": [
            {
                "expression-node": 37,
                "template-line-number": 125,
                "html": true,
                "replacement-node": 36,
                "part": null,
                "node-pos": 79
            }
        ],
        "rule-10": [
            {
                "part": null,
                "expression-node": 28,
                "template-line-number": 77,
                "replacement-node": 27,
                "node-pos": 47
            }
        ],
        "rule-3": [
            {
                "part": null,
                "node-pos": 17,
                "template-line-number": 30,
                "replacement-node": 6
            }
        ],
        "rule-4": [
            {
                "part": null,
                "node-pos": 21,
                "template-line-number": 36,
                "html": true,
                "replacement-node": 9
            }
        ],
        "rule-6": [
            {
                "part": null,
                "node-pos": 31,
                "template-line-number": 59,
                "replacement-node": 15
            }
        ],
        "rule-15": [
            {
                "part": null,
                "node-pos": 89,
                "template-line-number": 144,
                "replacement-node": 42
            }
        ]
    },
    "line-numbers": {}
}