{
    "line-numbers": {},
    "substitutions": {
        "rule-9": [
            {
                "replacement-node": 22,
                "template-line-number": 74,
                "part": null,
                "node-pos": 40
            }
        ],
        "rule-21": [
            {
                "replacement-node": 58,
                "template-line-number": 208,
                "node-pos": 115,
                "html": true,
                "part": null,
                "expression-node": 59
            }
        ],
        "rule-25": [
            {
                "replacement-node": 70,
                "template-line-number": 252,
                "node-pos": 135,
                "html": true,
                "part": null,
                "expression-node": 71
            }
        ],
        "rule-26": [
            {
                "replacement-node": 73,
                "template-line-number": 263,
                "node-pos": 140,
                "html": true,
                "part": null,
                "expression-node": 74
            }
        ],
        "rule-3": [
            {
                "replacement-node": 4,
                "template-line-number": 30,
                "part": null,
                "node-pos": 14,
                "expression-node": 5
            }
        ],
        "rule-14": [
            {
                "replacement-node": 37,
                "template-line-number": 131,
                "node-pos": 80,
                "html": true,
                "part": null,
                "expression-node": 38
            }
        ],
        "rule-15": [
            {
                "replacement-node": 40,
                "template-line-number": 142,
                "node-pos": 85,
                "html": true,
                "part": null,
                "expression-node": 41
            }
        ],
        "rule-5": [
            {
                "replacement-node": 10,
                "template-line-number": 42,
                "part": null,
                "html": true,
                "node-pos": 22
            }
        ],
        "rule-29": [
            {
                "replacement-node": 82,
                "template-line-number": 296,
                "node-pos": 155,
                "html": true,
                "part": null,
                "expression-node": 83
            }
        ],
        "rule-4": [
            {
                "replacement-node": 7,
                "template-line-number": 36,
                "part": null,
                "node-pos": 18
            }
        ],
        "rule-10": [
            {
                "replacement-node": 25,
                "template-line-number": 78,
                "part": null,
                "node-pos": 44,
                "expression-node": 26
            }
        ],
        "rule-23": [
            {
                "replacement-node": 64,
                "template-line-number": 230,
                "node-pos": 125,
                "html": true,
                "part": null,
                "expression-node": 65
            }
        ],
        "rule-13": [
            {
                "replacement-node": 34,
                "template-line-number": 104,
                "part": null,
                "html": true,
                "node-pos": 59
            }
        ],
        "rule-8": [
            {
                "replacement-node": 19,
                "template-line-number": 69,
                "part": null,
                "node-pos": 36,
                "expression-node": 20
            }
        ],
        "rule-12": [
            {
                "replacement-node": 31,
                "template-line-number": 93,
                "part": null,
                "node-pos": 54
            }
        ],
        "rule-6": [
            {
                "replacement-node": 13,
                "template-line-number": 54,
                "part": null,
                "html": true,
                "node-pos": 27
            }
        ],
        "rule-7": [
            {
                "replacement-node": 16,
                "template-line-number": 65,
                "part": null,
                "node-pos": 32
            }
        ],
        "rule-18": [
            {
                "replacement-node": 49,
                "template-line-number": 175,
                "node-pos": 100,
                "html": true,
                "part": null,
                "expression-node": 50
            }
        ],
        "rule-11": [
            {
                "replacement-node": 28,
                "template-line-number": 83,
                "part": null,
                "node-pos": 48,
                "expression-node": 29
            }
        ],
        "rule-24": [
            {
                "replacement-node": 67,
                "template-line-number": 241,
                "node-pos": 130,
                "html": true,
                "part": null,
                "expression-node": 68
            }
        ],
        "rule-19": [
            {
                "replacement-node": 52,
                "template-line-number": 186,
                "node-pos": 105,
                "html": true,
                "part": null,
                "expression-node": 53
            }
        ],
        "rule-16": [
            {
                "replacement-node": 43,
                "template-line-number": 153,
                "node-pos": 90,
                "html": true,
                "part": null,
                "expression-node": 44
            }
        ],
        "rule-20": [
            {
                "replacement-node": 55,
                "template-line-number": 197,
                "node-pos": 110,
                "html": true,
                "part": null,
                "expression-node": 56
            }
        ],
        "rule-31": [
            {
                "replacement-node": 88,
                "template-line-number": 315,
                "part": null,
                "node-pos": 165
            }
        ],
        "rule-2": [
            {
                "replacement-node": 1,
                "template-line-number": 26,
                "part": null,
                "node-pos": 10
            }
        ],
        "rule-22": [
            {
                "replacement-node": 61,
                "template-line-number": 219,
                "node-pos": 120,
                "html": true,
                "part": null,
                "expression-node": 62
            }
        ],
        "rule-27": [
            {
                "replacement-node": 76,
                "template-line-number": 274,
                "node-pos": 145,
                "html": true,
                "part": null,
                "expression-node": 77
            }
        ],
        "rule-28": [
            {
                "replacement-node": 79,
                "template-line-number": 285,
                "node-pos": 150,
                "html": true,
                "part": null,
                "expression-node": 80
            }
        ],
        "rule-17": [
            {
                "replacement-node": 46,
                "template-line-number": 164,
                "node-pos": 95,
                "html": true,
                "part": null,
                "expression-node": 47
            }
        ],
        "rule-32": [
            {
                "replacement-node": 91,
                "template-line-number": 324,
                "part": null,
                "node-pos": 169
            }
        ],
        "rule-30": [
            {
                "replacement-node": 85,
                "template-line-number": 310,
                "part": null,
                "node-pos": 161,
                "expression-node": 86
            }
        ]
    },
    "showifs": {
        "rule-1": {
            "template-line-number": 16,
            "type": "showif"
        }
    }
}