{
    "substitutions": {
        "rule-1": [
            {
                "part": null,
                "replacement-node": 0,
                "template-line-number": 18,
                "node-pos": 9
            }
        ],
        "rule-2": [
            {
                "part": null,
                "replacement-node": 3,
                "expression-node": 4,
                "template-line-number": 25,
                "node-pos": 13
            }
        ],
        "rule-3": [
            {
                "part": null,
                "replacement-node": 6,
                "template-line-number": 32,
                "node-pos": 17
            }
        ],
        "rule-4": [
            {
                "part": null,
                "replacement-node": 9,
                "template-line-number": 40,
                "node-pos": 21,
                "html": true
            }
        ],
        "rule-5": [
            {
                "part": null,
                "replacement-node": 12,
                "template-line-number": 56,
                "node-pos": 26,
                "html": true
            }
        ],
        "rule-6": [
            {
                "part": null,
                "replacement-node": 15,
                "template-line-number": 74,
                "node-pos": 31
            }
        ],
        "rule-7": [
            {
                "part": null,
                "replacement-node": 18,
                "expression-node": 19,
                "template-line-number": 81,
                "node-pos": 35
            }
        ],
        "rule-8": [
            {
                "part": null,
                "replacement-node": 21,
                "template-line-number": 88,
                "node-pos": 39
            }
        ],
        "rule-9": [
            {
                "part": null,
                "replacement-node": 24,
                "expression-node": 25,
                "template-line-number": 95,
                "node-pos": 43
            }
        ],
        "rule-10": [
            {
                "part": null,
                "replacement-node": 27,
                "expression-node": 28,
                "template-line-number": 101,
                "node-pos": 47
            }
        ],
        "rule-11": [
            {
                "part": null,
                "replacement-node": 30,
                "template-line-number": 112,
                "node-pos": 53
            }
        ],
        "rule-12": [
            {
                "part": null,
                "replacement-node": 33,
                "template-line-number": 123,
                "node-pos": 58,
                "html": true
            }
        ],
        "rule-13": [
            {
                "part": null,
                "replacement-node": 43,
                "expression-node": 44,
                "template-line-number": 182,
                "node-pos": 86
            }
        ],
        "rule-14": [
            {
                "part": null,
                "replacement-node": 46,
                "expression-node": 47,
                "template-line-number": 192,
                "node-pos": 90
            }
        ],
        "rule-15": [
            {
                "part": null,
                "replacement-node": 49,
                "expression-node": 50,
                "template-line-number": 202,
                "node-pos": 94
            }
        ],
        "rule-16": [
            {
                "part": null,
                "replacement-node": 52,
                "expression-node": 53,
                "template-line-number": 212,
                "node-pos": 98
            }
        ],
        "rule-17": [
            {
                "part": null,
                "replacement-node": 55,
                "expression-node": 56,
                "template-line-number": 229,
                "node-pos": 105
            }
        ],
        "rule-18": [
            {
                "part": null,
                "replacement-node": 58,
                "expression-node": 59,
                "template-line-number": 239,
                "node-pos": 109
            }
        ],
        "rule-19": [
            {
                "part": null,
                "replacement-node": 61,
                "expression-node": 62,
                "template-line-number": 249,
                "node-pos": 113
            }
        ],
        "rule-20": [
            {
                "part": null,
                "replacement-node": 64,
                "expression-node": 65,
                "template-line-number": 259,
                "node-pos": 117
            }
        ],
        "rule-21": [
            {
                "part": null,
                "replacement-node": 67,
                "expression-node": 68,
                "template-line-number": 275,
                "node-pos": 124
            }
        ],
        "rule-22": [
            {
                "part": null,
                "replacement-node": 70,
                "expression-node": 71,
                "template-line-number": 285,
                "node-pos": 128
            }
        ],
        "rule-23": [
            {
                "part": null,
                "replacement-node": 73,
                "expression-node": 74,
                "template-line-number": 295,
                "node-pos": 132
            }
        ],
        "rule-24": [
            {
                "part": null,
                "replacement-node": 76,
                "expression-node": 77,
                "template-line-number": 305,
                "node-pos": 136
            }
        ],
        "rule-25": [
            {
                "part": null,
                "replacement-node": 79,
                "expression-node": 80,
                "template-line-number": 321,
                "node-pos": 143
            }
        ],
        "rule-26": [
            {
                "part": null,
                "replacement-node": 82,
                "expression-node": 83,
                "template-line-number": 331,
                "node-pos": 147
            }
        ],
        "rule-27": [
            {
                "part": null,
                "replacement-node": 85,
                "expression-node": 86,
                "template-line-number": 341,
                "node-pos": 151
            }
        ],
        "rule-28": [
            {
                "part": null,
                "replacement-node": 88,
                "expression-node": 89,
                "template-line-number": 351,
                "node-pos": 155
            }
        ],
        "rule-29": [
            {
                "part": null,
                "replacement-node": 91,
                "expression-node": 92,
                "template-line-number": 367,
                "node-pos": 162
            }
        ],
        "rule-30": [
            {
                "part": null,
                "replacement-node": 94,
                "expression-node": 95,
                "template-line-number": 377,
                "node-pos": 166
            }
        ],
        "rule-31": [
            {
                "part": null,
                "replacement-node": 97,
                "expression-node": 98,
                "template-line-number": 387,
                "node-pos": 170
            }
        ],
        "rule-32": [
            {
                "part": null,
                "replacement-node": 100,
                "expression-node": 101,
                "template-line-number": 397,
                "node-pos": 174
            }
        ],
        "rule-33": [
            {
                "part": null,
                "replacement-node": 121,
                "expression-node": 122,
                "template-line-number": 528,
                "node-pos": 213
            }
        ],
        "rule-34": [
            {
                "part": null,
                "replacement-node": 124,
                "expression-node": 125,
                "template-line-number": 539,
                "node-pos": 217
            }
        ],
        "rule-35": [
            {
                "part": null,
                "replacement-node": 127,
                "expression-node": 128,
                "template-line-number": 550,
                "node-pos": 221
            }
        ],
        "rule-36": [
            {
                "part": null,
                "replacement-node": 130,
                "expression-node": 131,
                "template-line-number": 561,
                "node-pos": 225
            }
        ],
        "rule-37": [
            {
                "part": null,
                "replacement-node": 133,
                "expression-node": 134,
                "template-line-number": 577,
                "node-pos": 231
            }
        ],
        "rule-38": [
            {
                "part": null,
                "replacement-node": 136,
                "template-line-number": 584,
                "node-pos": 235
            }
        ],
        "rule-39": [
            {
                "part": null,
                "replacement-node": 139,
                "template-line-number": 594,
                "node-pos": 239
            }
        ],
        "rule-40": {
            "name": "ColumnHeadings",
            "subs": [
                {
                    "name": "ColumnHeadings",
                    "part": "1",
                    "replacement-node": 37,
                    "template-line-number": 149,
                    "extras": {},
                    "node-pos": 68
                },
                {
                    "name": "ColumnHeadings",
                    "part": "2",
                    "replacement-node": 40,
                    "template-line-number": 156,
                    "extras": {},
                    "node-pos": 72
                }
            ]
        },
        "rule-41": {
            "name": "IsoOrRtoSettlements",
            "subs": [
                {
                    "name": "IsoOrRtoSettlements",
                    "part": "2",
                    "replacement-node": 106,
                    "expression-node": 107,
                    "template-line-number": 477,
                    "node-pos": 190
                },
                {
                    "name": "IsoOrRtoSettlements",
                    "part": "3",
                    "replacement-node": 109,
                    "expression-node": 110,
                    "template-line-number": 486,
                    "node-pos": 194
                },
                {
                    "name": "IsoOrRtoSettlements",
                    "part": "4",
                    "replacement-node": 112,
                    "expression-node": 113,
                    "template-line-number": 495,
                    "node-pos": 198
                },
                {
                    "name": "IsoOrRtoSettlements",
                    "part": "5",
                    "replacement-node": 115,
                    "expression-node": 116,
                    "template-line-number": 503,
                    "node-pos": 202
                },
                {
                    "name": "IsoOrRtoSettlements",
                    "part": "6",
                    "replacement-node": 118,
                    "expression-node": 119,
                    "template-line-number": 511,
                    "node-pos": 206
                }
            ]
        }
    },
    "line-numbers": {
        "IsoOrRtoSettlements": [
            {
                "line-number-node": 104,
                "start-number": 7,
                "template-line-number": 470
            }
        ]
    },
    "showifs": {},
    "footnotes": {},
    "standard-rules": [
        "rule-1",
        "rule-2",
        "rule-3",
        "rule-4",
        "rule-5",
        "rule-6",
        "rule-7",
        "rule-8",
        "rule-9",
        "rule-10",
        "rule-11",
        "rule-12",
        "rule-13",
        "rule-14",
        "rule-15",
        "rule-16",
        "rule-17",
        "rule-18",
        "rule-19",
        "rule-20",
        "rule-21",
        "rule-22",
        "rule-23",
        "rule-24",
        "rule-25",
        "rule-26",
        "rule-27",
        "rule-28",
        "rule-29",
        "rule-30",
        "rule-31",
        "rule-32",
        "rule-33",
        "rule-34",
        "rule-35",
        "rule-36",
        "rule-37",
        "rule-38",
        "rule-39",
        "rule-40",
        "rule-41"
    ],
    "footnote-rules": []
}