{
    "line-numbers": {
        "MiscellaneousLiabilitiesLineItems": [
            {
                "start-number": 1,
                "template-line-number": 184,
                "line-number-node": 46
            }
        ]
    },
    "showifs": {},
    "substitutions": {
        "rule-1": [
            {
                "replacement-node": 0,
                "part": null,
                "template-line-number": 21,
                "node-pos": 9
            }
        ],
        "rule-17": [
            {
                "replacement-node": 66,
                "part": null,
                "template-line-number": 242,
                "node-pos": 115
            }
        ],
        "rule-12": [
            {
                "html": true,
                "replacement-node": 33,
                "part": null,
                "template-line-number": 99,
                "node-pos": 58
            }
        ],
        "rule-8": [
            {
                "replacement-node": 21,
                "part": null,
                "template-line-number": 69,
                "node-pos": 39
            }
        ],
        "rule-5": [
            {
                "html": true,
                "replacement-node": 12,
                "part": null,
                "template-line-number": 49,
                "node-pos": 26
            }
        ],
        "rule-7": [
            {
                "replacement-node": 18,
                "node-pos": 35,
                "part": null,
                "template-line-number": 64,
                "expression-node": 19
            }
        ],
        "rule-19": {
            "name": "TaxesAccruedHead",
            "subs": [
                {
                    "replacement-node": 39,
                    "extras": {},
                    "name": "TaxesAccruedHead",
                    "node-pos": 73,
                    "part": "1",
                    "template-line-number": 132
                },
                {
                    "replacement-node": 42,
                    "extras": {},
                    "name": "TaxesAccruedHead",
                    "node-pos": 77,
                    "part": "2",
                    "template-line-number": 141
                },
                {
                    "replacement-node": 37,
                    "extras": {},
                    "name": "TaxesAccruedHead",
                    "node-pos": 71,
                    "part": "3",
                    "template-line-number": 128
                }
            ]
        },
        "rule-4": [
            {
                "html": true,
                "replacement-node": 9,
                "part": null,
                "template-line-number": 37,
                "node-pos": 21
            }
        ],
        "rule-16": [
            {
                "replacement-node": 63,
                "part": null,
                "template-line-number": 233,
                "node-pos": 111
            }
        ],
        "rule-6": [
            {
                "replacement-node": 15,
                "part": null,
                "template-line-number": 60,
                "node-pos": 31
            }
        ],
        "rule-18": {
            "name": "MiscellaneousLiabilitiesLineItems",
            "subs": [
                {
                    "replacement-node": 48,
                    "expression-node": 49,
                    "name": "MiscellaneousLiabilitiesLineItems",
                    "node-pos": 86,
                    "part": "2",
                    "template-line-number": 187
                },
                {
                    "replacement-node": 51,
                    "expression-node": 52,
                    "name": "MiscellaneousLiabilitiesLineItems",
                    "node-pos": 90,
                    "part": "3",
                    "template-line-number": 192
                }
            ]
        },
        "rule-3": [
            {
                "replacement-node": 6,
                "part": null,
                "template-line-number": 31,
                "node-pos": 17
            }
        ],
        "rule-14": [
            {
                "replacement-node": 57,
                "node-pos": 101,
                "part": null,
                "template-line-number": 214,
                "expression-node": 58
            }
        ],
        "rule-13": [
            {
                "replacement-node": 54,
                "part": null,
                "template-line-number": 202,
                "node-pos": 96
            }
        ],
        "rule-10": [
            {
                "replacement-node": 27,
                "node-pos": 47,
                "part": null,
                "template-line-number": 78,
                "expression-node": 28
            }
        ],
        "rule-15": [
            {
                "replacement-node": 60,
                "node-pos": 107,
                "part": null,
                "template-line-number": 228,
                "expression-node": 61
            }
        ],
        "rule-9": [
            {
                "replacement-node": 24,
                "node-pos": 43,
                "part": null,
                "template-line-number": 73,
                "expression-node": 25
            }
        ],
        "rule-11": [
            {
                "replacement-node": 30,
                "part": null,
                "template-line-number": 88,
                "node-pos": 53
            }
        ],
        "rule-2": [
            {
                "replacement-node": 3,
                "node-pos": 13,
                "part": null,
                "template-line-number": 25,
                "expression-node": 4
            }
        ]
    }
}