{
    "showifs": {},
    "line-numbers": {
        "MiscellaneousLiabilitiesLineItems": [
            {
                "start-number": 1,
                "line-number-node": 46,
                "template-line-number": 184
            }
        ]
    },
    "substitutions": {
        "rule-17": [
            {
                "node-pos": 115,
                "part": null,
                "template-line-number": 242,
                "replacement-node": 66
            }
        ],
        "rule-14": [
            {
                "node-pos": 101,
                "part": null,
                "expression-node": 58,
                "replacement-node": 57,
                "template-line-number": 214
            }
        ],
        "rule-5": [
            {
                "node-pos": 26,
                "part": null,
                "template-line-number": 49,
                "replacement-node": 12,
                "html": true
            }
        ],
        "rule-12": [
            {
                "node-pos": 58,
                "part": null,
                "template-line-number": 99,
                "replacement-node": 33,
                "html": true
            }
        ],
        "rule-18": {
            "subs": [
                {
                    "node-pos": 73,
                    "part": "1",
                    "template-line-number": 132,
                    "replacement-node": 39,
                    "name": "TaxesAccruedHead",
                    "extras": {}
                },
                {
                    "node-pos": 77,
                    "part": "2",
                    "template-line-number": 141,
                    "replacement-node": 42,
                    "name": "TaxesAccruedHead",
                    "extras": {}
                },
                {
                    "node-pos": 71,
                    "part": "3",
                    "template-line-number": 128,
                    "replacement-node": 37,
                    "name": "TaxesAccruedHead",
                    "extras": {}
                }
            ],
            "name": "TaxesAccruedHead"
        },
        "rule-19": {
            "subs": [
                {
                    "node-pos": 86,
                    "replacement-node": 48,
                    "part": "2",
                    "template-line-number": 187,
                    "expression-node": 49,
                    "name": "MiscellaneousLiabilitiesLineItems"
                },
                {
                    "node-pos": 90,
                    "replacement-node": 51,
                    "part": "3",
                    "template-line-number": 192,
                    "expression-node": 52,
                    "name": "MiscellaneousLiabilitiesLineItems"
                }
            ],
            "name": "MiscellaneousLiabilitiesLineItems"
        },
        "rule-7": [
            {
                "node-pos": 35,
                "part": null,
                "expression-node": 19,
                "replacement-node": 18,
                "template-line-number": 64
            }
        ],
        "rule-9": [
            {
                "node-pos": 43,
                "part": null,
                "expression-node": 25,
                "replacement-node": 24,
                "template-line-number": 73
            }
        ],
        "rule-3": [
            {
                "node-pos": 17,
                "part": null,
                "template-line-number": 31,
                "replacement-node": 6
            }
        ],
        "rule-16": [
            {
                "node-pos": 111,
                "part": null,
                "template-line-number": 233,
                "replacement-node": 63
            }
        ],
        "rule-2": [
            {
                "node-pos": 13,
                "part": null,
                "expression-node": 4,
                "replacement-node": 3,
                "template-line-number": 25
            }
        ],
        "rule-4": [
            {
                "node-pos": 21,
                "part": null,
                "template-line-number": 37,
                "replacement-node": 9,
                "html": true
            }
        ],
        "rule-1": [
            {
                "node-pos": 9,
                "part": null,
                "template-line-number": 21,
                "replacement-node": 0
            }
        ],
        "rule-10": [
            {
                "node-pos": 47,
                "part": null,
                "expression-node": 28,
                "replacement-node": 27,
                "template-line-number": 78
            }
        ],
        "rule-15": [
            {
                "node-pos": 107,
                "part": null,
                "expression-node": 61,
                "replacement-node": 60,
                "template-line-number": 228
            }
        ],
        "rule-13": [
            {
                "node-pos": 96,
                "part": null,
                "template-line-number": 202,
                "replacement-node": 54
            }
        ],
        "rule-8": [
            {
                "node-pos": 39,
                "part": null,
                "template-line-number": 69,
                "replacement-node": 21
            }
        ],
        "rule-6": [
            {
                "node-pos": 31,
                "part": null,
                "template-line-number": 60,
                "replacement-node": 15
            }
        ],
        "rule-11": [
            {
                "node-pos": 53,
                "part": null,
                "template-line-number": 88,
                "replacement-node": 30
            }
        ]
    }
}