{
    "line-numbers": {
        "TaxesAccrued": [
            {
                "template-line-number": 367,
                "line-number-node": 46,
                "start-number": 1
            }
        ]
    },
    "showifs": {},
    "substitutions": {
        "rule-14": [
            {
                "template-line-number": 494,
                "part": null,
                "expression-node": 114,
                "node-pos": 187,
                "replacement-node": 113
            }
        ],
        "rule-20": [
            {
                "template-line-number": 548,
                "part": null,
                "expression-node": 132,
                "node-pos": 211,
                "replacement-node": 131
            }
        ],
        "rule-15": [
            {
                "template-line-number": 503,
                "part": null,
                "expression-node": 117,
                "node-pos": 191,
                "replacement-node": 116
            }
        ],
        "rule-21": [
            {
                "template-line-number": 557,
                "part": null,
                "expression-node": 135,
                "node-pos": 215,
                "replacement-node": 134
            }
        ],
        "rule-23": [
            {
                "template-line-number": 575,
                "part": null,
                "expression-node": 141,
                "node-pos": 223,
                "replacement-node": 140
            }
        ],
        "rule-13": [
            {
                "template-line-number": 479,
                "part": null,
                "node-pos": 179,
                "replacement-node": 110
            }
        ],
        "rule-1": [
            {
                "template-line-number": 21,
                "part": null,
                "node-pos": 9,
                "replacement-node": 0
            }
        ],
        "rule-32": {
            "name": "TaxesAccrued",
            "subs": [
                {
                    "template-line-number": 428,
                    "part": "10",
                    "name": "TaxesAccrued",
                    "replacement-node": 83,
                    "expression-node": 84,
                    "node-pos": 141
                },
                {
                    "template-line-number": 433,
                    "part": "11",
                    "name": "TaxesAccrued",
                    "replacement-node": 86,
                    "expression-node": 87,
                    "node-pos": 145
                },
                {
                    "template-line-number": 438,
                    "part": "12",
                    "name": "TaxesAccrued",
                    "replacement-node": 89,
                    "expression-node": 90,
                    "node-pos": 149
                },
                {
                    "template-line-number": 443,
                    "part": "13",
                    "name": "TaxesAccrued",
                    "replacement-node": 92,
                    "expression-node": 93,
                    "node-pos": 153
                },
                {
                    "template-line-number": 448,
                    "part": "14",
                    "name": "TaxesAccrued",
                    "replacement-node": 95,
                    "expression-node": 96,
                    "node-pos": 157
                },
                {
                    "template-line-number": 453,
                    "part": "15",
                    "name": "TaxesAccrued",
                    "replacement-node": 98,
                    "expression-node": 99,
                    "node-pos": 161
                },
                {
                    "template-line-number": 458,
                    "part": "16",
                    "name": "TaxesAccrued",
                    "replacement-node": 101,
                    "expression-node": 102,
                    "node-pos": 165
                },
                {
                    "template-line-number": 463,
                    "part": "17",
                    "name": "TaxesAccrued",
                    "replacement-node": 104,
                    "expression-node": 105,
                    "node-pos": 169
                },
                {
                    "template-line-number": 468,
                    "part": "18",
                    "name": "TaxesAccrued",
                    "replacement-node": 107,
                    "expression-node": 108,
                    "node-pos": 173
                },
                {
                    "template-line-number": 370,
                    "part": "2",
                    "name": "TaxesAccrued",
                    "replacement-node": 48,
                    "expression-node": 49,
                    "node-pos": 95
                },
                {
                    "template-line-number": 378,
                    "part": "2",
                    "name": "TaxesAccrued",
                    "replacement-node": 53,
                    "expression-node": 54,
                    "node-pos": 101
                },
                {
                    "template-line-number": 383,
                    "part": "2",
                    "name": "TaxesAccrued",
                    "replacement-node": 56,
                    "expression-node": 57,
                    "node-pos": 105
                },
                {
                    "template-line-number": 388,
                    "part": "2",
                    "name": "TaxesAccrued",
                    "replacement-node": 59,
                    "expression-node": 60,
                    "node-pos": 109
                },
                {
                    "template-line-number": 393,
                    "part": "3",
                    "name": "TaxesAccrued",
                    "replacement-node": 62,
                    "expression-node": 63,
                    "node-pos": 113
                },
                {
                    "template-line-number": 398,
                    "part": "4",
                    "name": "TaxesAccrued",
                    "replacement-node": 65,
                    "expression-node": 66,
                    "node-pos": 117
                },
                {
                    "template-line-number": 403,
                    "part": "5",
                    "name": "TaxesAccrued",
                    "replacement-node": 68,
                    "expression-node": 69,
                    "node-pos": 121
                },
                {
                    "template-line-number": 408,
                    "part": "6",
                    "name": "TaxesAccrued",
                    "replacement-node": 71,
                    "expression-node": 72,
                    "node-pos": 125
                },
                {
                    "template-line-number": 413,
                    "part": "7",
                    "name": "TaxesAccrued",
                    "replacement-node": 74,
                    "expression-node": 75,
                    "node-pos": 129
                },
                {
                    "template-line-number": 418,
                    "part": "8",
                    "name": "TaxesAccrued",
                    "replacement-node": 77,
                    "expression-node": 78,
                    "node-pos": 133
                },
                {
                    "template-line-number": 423,
                    "part": "9",
                    "name": "TaxesAccrued",
                    "replacement-node": 80,
                    "expression-node": 81,
                    "node-pos": 137
                }
            ]
        },
        "rule-18": [
            {
                "template-line-number": 530,
                "part": null,
                "expression-node": 126,
                "node-pos": 203,
                "replacement-node": 125
            }
        ],
        "rule-28": [
            {
                "template-line-number": 620,
                "part": null,
                "expression-node": 156,
                "node-pos": 243,
                "replacement-node": 155
            }
        ],
        "rule-4": [
            {
                "template-line-number": 37,
                "part": null,
                "html": true,
                "node-pos": 21,
                "replacement-node": 9
            }
        ],
        "rule-16": [
            {
                "template-line-number": 512,
                "part": null,
                "expression-node": 120,
                "node-pos": 195,
                "replacement-node": 119
            }
        ],
        "rule-2": [
            {
                "template-line-number": 25,
                "part": null,
                "expression-node": 4,
                "node-pos": 13,
                "replacement-node": 3
            }
        ],
        "rule-31": [
            {
                "template-line-number": 648,
                "part": null,
                "node-pos": 258,
                "replacement-node": 164
            }
        ],
        "rule-27": [
            {
                "template-line-number": 611,
                "part": null,
                "expression-node": 153,
                "node-pos": 239,
                "replacement-node": 152
            }
        ],
        "rule-8": [
            {
                "template-line-number": 69,
                "part": null,
                "node-pos": 39,
                "replacement-node": 21
            }
        ],
        "rule-9": [
            {
                "template-line-number": 73,
                "part": null,
                "expression-node": 25,
                "node-pos": 43,
                "replacement-node": 24
            }
        ],
        "rule-10": [
            {
                "template-line-number": 78,
                "part": null,
                "expression-node": 28,
                "node-pos": 47,
                "replacement-node": 27
            }
        ],
        "rule-7": [
            {
                "template-line-number": 64,
                "part": null,
                "expression-node": 19,
                "node-pos": 35,
                "replacement-node": 18
            }
        ],
        "rule-29": [
            {
                "template-line-number": 634,
                "part": null,
                "expression-node": 159,
                "node-pos": 250,
                "replacement-node": 158
            }
        ],
        "rule-26": [
            {
                "template-line-number": 602,
                "part": null,
                "expression-node": 150,
                "node-pos": 235,
                "replacement-node": 149
            }
        ],
        "rule-24": [
            {
                "template-line-number": 584,
                "part": null,
                "expression-node": 144,
                "node-pos": 227,
                "replacement-node": 143
            }
        ],
        "rule-11": [
            {
                "template-line-number": 89,
                "part": null,
                "node-pos": 53,
                "replacement-node": 30
            }
        ],
        "rule-6": [
            {
                "template-line-number": 60,
                "part": null,
                "node-pos": 31,
                "replacement-node": 15
            }
        ],
        "rule-3": [
            {
                "template-line-number": 31,
                "part": null,
                "node-pos": 17,
                "replacement-node": 6
            }
        ],
        "rule-33": {
            "name": "TaxesAccruedHead",
            "subs": [
                {
                    "template-line-number": 143,
                    "part": "1",
                    "name": "TaxesAccruedHead",
                    "extras": {},
                    "replacement-node": 39,
                    "node-pos": 82
                },
                {
                    "template-line-number": 152,
                    "part": "2",
                    "name": "TaxesAccruedHead",
                    "extras": {},
                    "replacement-node": 42,
                    "node-pos": 86
                },
                {
                    "template-line-number": 139,
                    "part": "3",
                    "name": "TaxesAccruedHead",
                    "extras": {},
                    "replacement-node": 37,
                    "node-pos": 80
                }
            ]
        },
        "rule-25": [
            {
                "template-line-number": 593,
                "part": null,
                "expression-node": 147,
                "node-pos": 231,
                "replacement-node": 146
            }
        ],
        "rule-12": [
            {
                "template-line-number": 100,
                "part": null,
                "html": true,
                "node-pos": 58,
                "replacement-node": 33
            }
        ],
        "rule-30": [
            {
                "template-line-number": 639,
                "part": null,
                "node-pos": 254,
                "replacement-node": 161
            }
        ],
        "rule-5": [
            {
                "template-line-number": 49,
                "part": null,
                "html": true,
                "node-pos": 26,
                "replacement-node": 12
            }
        ],
        "rule-17": [
            {
                "template-line-number": 521,
                "part": null,
                "expression-node": 123,
                "node-pos": 199,
                "replacement-node": 122
            }
        ],
        "rule-19": [
            {
                "template-line-number": 539,
                "part": null,
                "expression-node": 129,
                "node-pos": 207,
                "replacement-node": 128
            }
        ],
        "rule-22": [
            {
                "template-line-number": 566,
                "part": null,
                "expression-node": 138,
                "node-pos": 219,
                "replacement-node": 137
            }
        ]
    }
}