{
    "showifs": {},
    "substitutions": {
        "rule-6": [
            {
                "template-line-number": 63,
                "node-pos": 32,
                "part": null,
                "replacement-node": 15
            }
        ],
        "rule-16": [
            {
                "template-line-number": 260,
                "node-pos": 122,
                "part": null,
                "replacement-node": 70
            }
        ],
        "rule-19": {
            "name": "ListLineItems",
            "subs": [
                {
                    "part": "2",
                    "template-line-number": 187,
                    "extras": {},
                    "node-pos": 80,
                    "replacement-node": 46,
                    "name": "ListLineItems"
                },
                {
                    "part": "3",
                    "template-line-number": 198,
                    "extras": {},
                    "node-pos": 86,
                    "replacement-node": 50,
                    "name": "ListLineItems"
                },
                {
                    "part": "4",
                    "template-line-number": 205,
                    "extras": {},
                    "node-pos": 90,
                    "replacement-node": 53,
                    "name": "ListLineItems"
                },
                {
                    "part": "5",
                    "template-line-number": 209,
                    "node-pos": 93,
                    "name": "ListLineItems",
                    "expression-node": 56,
                    "replacement-node": 55
                },
                {
                    "part": "6",
                    "template-line-number": 183,
                    "extras": {},
                    "node-pos": 78,
                    "replacement-node": 44,
                    "name": "ListLineItems"
                },
                {
                    "part": "6",
                    "template-line-number": 210,
                    "node-pos": 95,
                    "name": "ListLineItems",
                    "expression-node": 58,
                    "replacement-node": 57
                },
                {
                    "part": "7",
                    "template-line-number": 211,
                    "node-pos": 97,
                    "name": "ListLineItems",
                    "expression-node": 60,
                    "replacement-node": 59
                }
            ]
        },
        "rule-13": [
            {
                "template-line-number": 219,
                "node-pos": 102,
                "html": true,
                "part": null,
                "replacement-node": 61
            }
        ],
        "rule-3": [
            {
                "template-line-number": 34,
                "node-pos": 18,
                "part": null,
                "replacement-node": 6
            }
        ],
        "rule-4": [
            {
                "template-line-number": 40,
                "node-pos": 22,
                "html": true,
                "part": null,
                "replacement-node": 9
            }
        ],
        "rule-12": [
            {
                "template-line-number": 104,
                "node-pos": 59,
                "html": true,
                "part": null,
                "replacement-node": 33
            }
        ],
        "rule-9": [
            {
                "node-pos": 44,
                "expression-node": 25,
                "template-line-number": 78,
                "part": null,
                "replacement-node": 24
            }
        ],
        "rule-18": {
            "name": "ListHeadings",
            "subs": [
                {
                    "part": "1",
                    "template-line-number": 126,
                    "extras": {},
                    "node-pos": 66,
                    "replacement-node": 37,
                    "name": "ListHeadings"
                },
                {
                    "part": "2",
                    "template-line-number": 133,
                    "extras": {},
                    "node-pos": 70,
                    "replacement-node": 40,
                    "name": "ListHeadings"
                }
            ]
        },
        "rule-5": [
            {
                "template-line-number": 52,
                "node-pos": 27,
                "html": true,
                "part": null,
                "replacement-node": 12
            }
        ],
        "rule-10": [
            {
                "node-pos": 48,
                "expression-node": 28,
                "template-line-number": 83,
                "part": null,
                "replacement-node": 27
            }
        ],
        "rule-8": [
            {
                "template-line-number": 73,
                "node-pos": 40,
                "part": null,
                "replacement-node": 21
            }
        ],
        "rule-17": [
            {
                "template-line-number": 270,
                "node-pos": 126,
                "part": null,
                "replacement-node": 73
            }
        ],
        "rule-1": [
            {
                "template-line-number": 23,
                "node-pos": 10,
                "part": null,
                "replacement-node": 0
            }
        ],
        "rule-15": [
            {
                "node-pos": 118,
                "expression-node": 68,
                "template-line-number": 255,
                "part": null,
                "replacement-node": 67
            }
        ],
        "rule-14": [
            {
                "template-line-number": 230,
                "node-pos": 107,
                "html": true,
                "part": null,
                "replacement-node": 64
            }
        ],
        "rule-2": [
            {
                "node-pos": 14,
                "expression-node": 4,
                "template-line-number": 28,
                "part": null,
                "replacement-node": 3
            }
        ],
        "rule-11": [
            {
                "template-line-number": 93,
                "node-pos": 54,
                "part": null,
                "replacement-node": 30
            }
        ],
        "rule-7": [
            {
                "node-pos": 36,
                "expression-node": 19,
                "template-line-number": 68,
                "part": null,
                "replacement-node": 18
            }
        ]
    },
    "line-numbers": {}
}