{
    "substitutions": {
        "rule-1": [
            {
                "part": null,
                "replacement-node": 0,
                "template-line-number": 21,
                "node-pos": 9
            }
        ],
        "rule-2": [
            {
                "part": null,
                "replacement-node": 3,
                "expression-node": 4,
                "template-line-number": 26,
                "node-pos": 13
            }
        ],
        "rule-3": [
            {
                "part": null,
                "replacement-node": 6,
                "template-line-number": 32,
                "node-pos": 17
            }
        ],
        "rule-4": [
            {
                "part": null,
                "replacement-node": 9,
                "template-line-number": 38,
                "node-pos": 21,
                "html": true
            }
        ],
        "rule-5": [
            {
                "part": null,
                "replacement-node": 12,
                "template-line-number": 50,
                "node-pos": 26,
                "html": true
            }
        ],
        "rule-6": [
            {
                "part": null,
                "replacement-node": 15,
                "template-line-number": 61,
                "node-pos": 31
            }
        ],
        "rule-7": [
            {
                "part": null,
                "replacement-node": 18,
                "expression-node": 19,
                "template-line-number": 66,
                "node-pos": 35
            }
        ],
        "rule-8": [
            {
                "part": null,
                "replacement-node": 21,
                "template-line-number": 71,
                "node-pos": 39
            }
        ],
        "rule-9": [
            {
                "part": null,
                "replacement-node": 24,
                "expression-node": 25,
                "template-line-number": 76,
                "node-pos": 43
            }
        ],
        "rule-10": [
            {
                "part": null,
                "replacement-node": 27,
                "expression-node": 28,
                "template-line-number": 81,
                "node-pos": 47
            }
        ],
        "rule-11": [
            {
                "part": null,
                "replacement-node": 30,
                "template-line-number": 92,
                "node-pos": 53
            }
        ],
        "rule-12": [
            {
                "part": null,
                "replacement-node": 33,
                "template-line-number": 103,
                "node-pos": 58,
                "html": true
            }
        ],
        "rule-13": [
            {
                "part": null,
                "replacement-node": 63,
                "expression-node": 64,
                "template-line-number": 248,
                "node-pos": 108
            }
        ],
        "rule-14": [
            {
                "part": null,
                "replacement-node": 66,
                "template-line-number": 255,
                "node-pos": 112
            }
        ],
        "rule-15": [
            {
                "part": null,
                "replacement-node": 69,
                "template-line-number": 265,
                "node-pos": 116
            }
        ],
        "rule-16": {
            "name": "Heading",
            "subs": [
                {
                    "name": "Heading",
                    "part": "1",
                    "replacement-node": 39,
                    "template-line-number": 143,
                    "extras": {},
                    "node-pos": 73
                },
                {
                    "name": "Heading",
                    "part": "2",
                    "replacement-node": 42,
                    "template-line-number": 152,
                    "extras": {},
                    "node-pos": 77
                },
                {
                    "name": "Heading",
                    "part": "3",
                    "replacement-node": 37,
                    "template-line-number": 139,
                    "extras": {},
                    "node-pos": 71
                }
            ]
        },
        "rule-17": {
            "name": "officer",
            "subs": [
                {
                    "name": "officer",
                    "part": "2",
                    "replacement-node": 48,
                    "expression-node": 49,
                    "template-line-number": 214,
                    "node-pos": 86
                },
                {
                    "name": "officer",
                    "part": "3",
                    "replacement-node": 51,
                    "expression-node": 52,
                    "template-line-number": 219,
                    "node-pos": 90
                },
                {
                    "name": "officer",
                    "part": "4",
                    "replacement-node": 54,
                    "expression-node": 55,
                    "template-line-number": 224,
                    "node-pos": 94
                },
                {
                    "name": "officer",
                    "part": "5",
                    "replacement-node": 57,
                    "expression-node": 58,
                    "template-line-number": 229,
                    "node-pos": 98
                },
                {
                    "name": "officer",
                    "part": "6",
                    "replacement-node": 60,
                    "expression-node": 61,
                    "template-line-number": 234,
                    "node-pos": 102
                }
            ]
        }
    },
    "line-numbers": {
        "officer": [
            {
                "line-number-node": 46,
                "start-number": 1,
                "template-line-number": 211
            }
        ]
    },
    "showifs": {},
    "footnotes": {},
    "standard-rules": [
        "rule-1",
        "rule-2",
        "rule-3",
        "rule-4",
        "rule-5",
        "rule-6",
        "rule-7",
        "rule-8",
        "rule-9",
        "rule-10",
        "rule-11",
        "rule-12",
        "rule-13",
        "rule-14",
        "rule-15",
        "rule-16",
        "rule-17"
    ],
    "footnote-rules": []
}