{
    "line-numbers": {
        "OtherRegulatoryLiabilities": [
            {
                "start-number": 1,
                "line-number-node": 44,
                "template-line-number": 232
            }
        ]
    },
    "substitutions": {
        "rule-12": [
            {
                "node-pos": 58,
                "html": true,
                "replacement-node": 33,
                "part": null,
                "template-line-number": 126
            }
        ],
        "rule-14": [
            {
                "expression-node": 68,
                "node-pos": 122,
                "replacement-node": 67,
                "part": null,
                "template-line-number": 311
            }
        ],
        "rule-2": [
            {
                "expression-node": 4,
                "node-pos": 13,
                "replacement-node": 3,
                "part": null,
                "template-line-number": 26
            }
        ],
        "rule-1": [
            {
                "node-pos": 9,
                "replacement-node": 0,
                "part": null,
                "template-line-number": 19
            }
        ],
        "rule-7": [
            {
                "expression-node": 19,
                "node-pos": 35,
                "replacement-node": 18,
                "part": null,
                "template-line-number": 83
            }
        ],
        "rule-5": [
            {
                "node-pos": 26,
                "html": true,
                "replacement-node": 12,
                "part": null,
                "template-line-number": 58
            }
        ],
        "rule-21": {
            "name": "ColumnHeadings",
            "subs": [
                {
                    "node-pos": 77,
                    "replacement-node": 37,
                    "name": "ColumnHeadings",
                    "extras": {},
                    "template-line-number": 162,
                    "part": "1"
                },
                {
                    "node-pos": 81,
                    "replacement-node": 40,
                    "name": "ColumnHeadings",
                    "extras": {},
                    "template-line-number": 169,
                    "part": "2"
                }
            ]
        },
        "rule-4": [
            {
                "node-pos": 21,
                "html": true,
                "replacement-node": 9,
                "part": null,
                "template-line-number": 41
            }
        ],
        "rule-17": [
            {
                "expression-node": 77,
                "node-pos": 136,
                "replacement-node": 76,
                "part": null,
                "template-line-number": 346
            }
        ],
        "rule-20": {
            "name": "OtherRegulatoryLiabilities",
            "subs": [
                {
                    "expression-node": 47,
                    "node-pos": 90,
                    "replacement-node": 46,
                    "name": "OtherRegulatoryLiabilities",
                    "template-line-number": 237,
                    "part": "2"
                },
                {
                    "expression-node": 50,
                    "node-pos": 94,
                    "replacement-node": 49,
                    "name": "OtherRegulatoryLiabilities",
                    "template-line-number": 247,
                    "part": "3"
                },
                {
                    "expression-node": 53,
                    "node-pos": 98,
                    "replacement-node": 52,
                    "name": "OtherRegulatoryLiabilities",
                    "template-line-number": 255,
                    "part": "4"
                },
                {
                    "expression-node": 56,
                    "node-pos": 102,
                    "replacement-node": 55,
                    "name": "OtherRegulatoryLiabilities",
                    "template-line-number": 265,
                    "part": "5"
                },
                {
                    "expression-node": 59,
                    "node-pos": 106,
                    "replacement-node": 58,
                    "name": "OtherRegulatoryLiabilities",
                    "template-line-number": 274,
                    "part": "6"
                },
                {
                    "expression-node": 62,
                    "node-pos": 110,
                    "replacement-node": 61,
                    "name": "OtherRegulatoryLiabilities",
                    "template-line-number": 283,
                    "part": "7"
                }
            ]
        },
        "rule-9": [
            {
                "expression-node": 25,
                "node-pos": 43,
                "replacement-node": 24,
                "part": null,
                "template-line-number": 97
            }
        ],
        "rule-16": [
            {
                "expression-node": 74,
                "node-pos": 130,
                "replacement-node": 73,
                "part": null,
                "template-line-number": 331
            }
        ],
        "rule-13": [
            {
                "expression-node": 65,
                "node-pos": 117,
                "replacement-node": 64,
                "part": null,
                "template-line-number": 298
            }
        ],
        "rule-15": [
            {
                "expression-node": 71,
                "node-pos": 126,
                "replacement-node": 70,
                "part": null,
                "template-line-number": 321
            }
        ],
        "rule-3": [
            {
                "node-pos": 17,
                "replacement-node": 6,
                "part": null,
                "template-line-number": 33
            }
        ],
        "rule-8": [
            {
                "node-pos": 39,
                "replacement-node": 21,
                "part": null,
                "template-line-number": 90
            }
        ],
        "rule-18": [
            {
                "node-pos": 140,
                "replacement-node": 79,
                "part": null,
                "template-line-number": 353
            }
        ],
        "rule-6": [
            {
                "node-pos": 31,
                "replacement-node": 15,
                "part": null,
                "template-line-number": 76
            }
        ],
        "rule-10": [
            {
                "expression-node": 28,
                "node-pos": 47,
                "replacement-node": 27,
                "part": null,
                "template-line-number": 103
            }
        ],
        "rule-19": [
            {
                "node-pos": 144,
                "replacement-node": 82,
                "part": null,
                "template-line-number": 363
            }
        ],
        "rule-11": [
            {
                "node-pos": 53,
                "replacement-node": 30,
                "part": null,
                "template-line-number": 115
            }
        ]
    },
    "showifs": {}
}