{
    "substitutions": {
        "rule-11": [
            {
                "replacement-node": 30,
                "node-pos": 53,
                "template-line-number": 90,
                "part": null
            }
        ],
        "rule-3": [
            {
                "replacement-node": 6,
                "node-pos": 17,
                "template-line-number": 29,
                "part": null
            }
        ],
        "rule-1": [
            {
                "replacement-node": 0,
                "node-pos": 9,
                "template-line-number": 18,
                "part": null
            }
        ],
        "rule-18": {
            "subs": [
                {
                    "template-line-number": 322,
                    "name": "ElectricPlantHeldForFutureUse2",
                    "replacement-node": 63,
                    "node-pos": 119,
                    "part": "2",
                    "expression-node": 64
                },
                {
                    "template-line-number": 331,
                    "name": "ElectricPlantHeldForFutureUse2",
                    "replacement-node": 66,
                    "node-pos": 123,
                    "part": "3",
                    "expression-node": 67
                },
                {
                    "template-line-number": 340,
                    "name": "ElectricPlantHeldForFutureUse2",
                    "replacement-node": 69,
                    "node-pos": 127,
                    "part": "4",
                    "expression-node": 70
                },
                {
                    "template-line-number": 349,
                    "name": "ElectricPlantHeldForFutureUse2",
                    "replacement-node": 72,
                    "node-pos": 131,
                    "part": "5",
                    "expression-node": 73
                }
            ],
            "name": "ElectricPlantHeldForFutureUse2"
        },
        "rule-6": [
            {
                "replacement-node": 15,
                "node-pos": 31,
                "template-line-number": 58,
                "part": null
            }
        ],
        "rule-16": [
            {
                "replacement-node": 84,
                "node-pos": 154,
                "template-line-number": 402,
                "part": null
            }
        ],
        "rule-7": [
            {
                "replacement-node": 18,
                "node-pos": 35,
                "template-line-number": 63,
                "part": null,
                "expression-node": 19
            }
        ],
        "rule-5": [
            {
                "replacement-node": 12,
                "node-pos": 26,
                "template-line-number": 47,
                "part": null,
                "html": true
            }
        ],
        "rule-9": [
            {
                "replacement-node": 24,
                "node-pos": 43,
                "template-line-number": 73,
                "part": null,
                "expression-node": 25
            }
        ],
        "rule-12": [
            {
                "replacement-node": 33,
                "node-pos": 58,
                "template-line-number": 102,
                "part": null,
                "html": true
            }
        ],
        "rule-2": [
            {
                "replacement-node": 3,
                "node-pos": 13,
                "template-line-number": 23,
                "part": null,
                "expression-node": 4
            }
        ],
        "rule-19": {
            "subs": [
                {
                    "template-line-number": 219,
                    "name": "ElectricPlantHeldForFutureUse1",
                    "replacement-node": 48,
                    "node-pos": 92,
                    "part": "2",
                    "expression-node": 49
                },
                {
                    "template-line-number": 228,
                    "name": "ElectricPlantHeldForFutureUse1",
                    "replacement-node": 51,
                    "node-pos": 96,
                    "part": "3",
                    "expression-node": 52
                },
                {
                    "template-line-number": 237,
                    "name": "ElectricPlantHeldForFutureUse1",
                    "replacement-node": 54,
                    "node-pos": 100,
                    "part": "4",
                    "expression-node": 55
                },
                {
                    "template-line-number": 246,
                    "name": "ElectricPlantHeldForFutureUse1",
                    "replacement-node": 57,
                    "node-pos": 104,
                    "part": "5",
                    "expression-node": 58
                }
            ],
            "name": "ElectricPlantHeldForFutureUse1"
        },
        "rule-10": [
            {
                "replacement-node": 27,
                "node-pos": 47,
                "template-line-number": 78,
                "part": null,
                "expression-node": 28
            }
        ],
        "rule-8": [
            {
                "replacement-node": 21,
                "node-pos": 39,
                "template-line-number": 68,
                "part": null
            }
        ],
        "rule-13": [
            {
                "replacement-node": 75,
                "node-pos": 140,
                "template-line-number": 369,
                "part": null,
                "expression-node": 76
            }
        ],
        "rule-4": [
            {
                "replacement-node": 9,
                "node-pos": 21,
                "template-line-number": 35,
                "part": null,
                "html": true
            }
        ],
        "rule-15": [
            {
                "replacement-node": 81,
                "node-pos": 150,
                "template-line-number": 393,
                "part": null
            }
        ],
        "rule-14": [
            {
                "replacement-node": 78,
                "node-pos": 146,
                "template-line-number": 388,
                "part": null,
                "expression-node": 79
            }
        ],
        "rule-17": {
            "subs": [
                {
                    "extras": {},
                    "template-line-number": 141,
                    "name": "Heading",
                    "replacement-node": 39,
                    "node-pos": 73,
                    "part": "1"
                },
                {
                    "extras": {},
                    "template-line-number": 150,
                    "name": "Heading",
                    "replacement-node": 42,
                    "node-pos": 77,
                    "part": "2"
                },
                {
                    "extras": {},
                    "template-line-number": 137,
                    "name": "Heading",
                    "replacement-node": 37,
                    "node-pos": 71,
                    "part": "3"
                }
            ],
            "name": "Heading"
        }
    },
    "line-numbers": {
        "ElectricPlantHeldForFutureUse2": [
            {
                "template-line-number": 316,
                "start-number": 22,
                "line-number-node": 61
            }
        ],
        "ElectricPlantHeldForFutureUse1": [
            {
                "template-line-number": 213,
                "start-number": 2,
                "line-number-node": 46
            }
        ]
    },
    "showifs": {}
}