{
    "showifs": {
        "rule-1": {
            "type": "showif",
            "template-line-number": 17
        }
    },
    "substitutions": {
        "rule-20": [
            {
                "replacement-node": 82,
                "part": null,
                "node-pos": 138,
                "template-line-number": 306
            }
        ],
        "rule-15": [
            {
                "replacement-node": 67,
                "part": null,
                "node-pos": 116,
                "expression-node": 68,
                "template-line-number": 258
            }
        ],
        "rule-2": [
            {
                "replacement-node": 1,
                "part": null,
                "node-pos": 10,
                "template-line-number": 27
            }
        ],
        "rule-5": [
            {
                "replacement-node": 10,
                "part": null,
                "node-pos": 22,
                "html": true,
                "template-line-number": 43
            }
        ],
        "rule-10": [
            {
                "replacement-node": 25,
                "part": null,
                "node-pos": 44,
                "expression-node": 26,
                "template-line-number": 79
            }
        ],
        "rule-22": {
            "name": "DiscountedRate",
            "subs": [
                {
                    "name": "DiscountedRate",
                    "expression-node": 50,
                    "replacement-node": 49,
                    "node-pos": 89,
                    "part": "2",
                    "template-line-number": 209
                },
                {
                    "name": "DiscountedRate",
                    "expression-node": 53,
                    "replacement-node": 52,
                    "node-pos": 93,
                    "part": "3",
                    "template-line-number": 215
                },
                {
                    "name": "DiscountedRate",
                    "expression-node": 56,
                    "replacement-node": 55,
                    "node-pos": 97,
                    "part": "4",
                    "template-line-number": 221
                },
                {
                    "name": "DiscountedRate",
                    "expression-node": 59,
                    "replacement-node": 58,
                    "node-pos": 101,
                    "part": "5",
                    "template-line-number": 227
                },
                {
                    "name": "DiscountedRate",
                    "expression-node": 62,
                    "replacement-node": 61,
                    "node-pos": 105,
                    "part": "6",
                    "template-line-number": 233
                }
            ]
        },
        "rule-4": [
            {
                "replacement-node": 7,
                "part": null,
                "node-pos": 18,
                "template-line-number": 37
            }
        ],
        "rule-12": [
            {
                "replacement-node": 31,
                "part": null,
                "node-pos": 54,
                "template-line-number": 94
            }
        ],
        "rule-8": [
            {
                "replacement-node": 19,
                "part": null,
                "node-pos": 36,
                "expression-node": 20,
                "template-line-number": 70
            }
        ],
        "rule-3": [
            {
                "replacement-node": 4,
                "part": null,
                "node-pos": 14,
                "expression-node": 5,
                "template-line-number": 31
            }
        ],
        "rule-14": [
            {
                "replacement-node": 64,
                "part": null,
                "node-pos": 111,
                "template-line-number": 245
            }
        ],
        "rule-17": [
            {
                "replacement-node": 73,
                "part": null,
                "node-pos": 124,
                "expression-node": 74,
                "template-line-number": 278
            }
        ],
        "rule-23": {
            "name": "InvHeadings",
            "subs": [
                {
                    "name": "InvHeadings",
                    "replacement-node": 40,
                    "extras": {},
                    "node-pos": 76,
                    "part": "1",
                    "template-line-number": 140
                },
                {
                    "name": "InvHeadings",
                    "replacement-node": 43,
                    "extras": {},
                    "node-pos": 80,
                    "part": "2",
                    "template-line-number": 149
                },
                {
                    "name": "InvHeadings",
                    "replacement-node": 38,
                    "extras": {},
                    "node-pos": 74,
                    "part": "3",
                    "template-line-number": 136
                }
            ]
        },
        "rule-16": [
            {
                "replacement-node": 70,
                "part": null,
                "node-pos": 120,
                "expression-node": 71,
                "template-line-number": 268
            }
        ],
        "rule-9": [
            {
                "replacement-node": 22,
                "part": null,
                "node-pos": 40,
                "template-line-number": 75
            }
        ],
        "rule-13": [
            {
                "replacement-node": 34,
                "part": null,
                "node-pos": 59,
                "html": true,
                "template-line-number": 105
            }
        ],
        "rule-6": [
            {
                "replacement-node": 13,
                "part": null,
                "node-pos": 27,
                "html": true,
                "template-line-number": 55
            }
        ],
        "rule-21": [
            {
                "replacement-node": 85,
                "part": null,
                "node-pos": 142,
                "template-line-number": 315
            }
        ],
        "rule-19": [
            {
                "replacement-node": 79,
                "part": null,
                "node-pos": 134,
                "expression-node": 80,
                "template-line-number": 301
            }
        ],
        "rule-18": [
            {
                "replacement-node": 76,
                "part": null,
                "node-pos": 128,
                "expression-node": 77,
                "template-line-number": 288
            }
        ],
        "rule-7": [
            {
                "replacement-node": 16,
                "part": null,
                "node-pos": 32,
                "template-line-number": 66
            }
        ],
        "rule-11": [
            {
                "replacement-node": 28,
                "part": null,
                "node-pos": 48,
                "expression-node": 29,
                "template-line-number": 84
            }
        ]
    },
    "line-numbers": {
        "DiscountedRate": [
            {
                "start-number": 1,
                "line-number-node": 47,
                "template-line-number": 205
            }
        ]
    }
}