{
    "substitutions": {
        "rule-8": [
            {
                "expression-node": 20,
                "node-pos": 36,
                "replacement-node": 19,
                "part": null,
                "template-line-number": 74
            }
        ],
        "rule-9": [
            {
                "node-pos": 40,
                "replacement-node": 22,
                "part": null,
                "template-line-number": 79
            }
        ],
        "rule-7": [
            {
                "node-pos": 32,
                "replacement-node": 16,
                "part": null,
                "template-line-number": 70
            }
        ],
        "rule-4": [
            {
                "node-pos": 18,
                "replacement-node": 7,
                "part": null,
                "template-line-number": 41
            }
        ],
        "rule-2": [
            {
                "node-pos": 10,
                "replacement-node": 1,
                "part": null,
                "template-line-number": 31
            }
        ],
        "rule-11": [
            {
                "expression-node": 29,
                "node-pos": 48,
                "replacement-node": 28,
                "part": null,
                "template-line-number": 88
            }
        ],
        "rule-10": [
            {
                "expression-node": 26,
                "node-pos": 44,
                "replacement-node": 25,
                "part": null,
                "template-line-number": 83
            }
        ],
        "rule-17": {
            "name": "APLineItems",
            "subs": [
                {
                    "name": "APLineItems",
                    "template-line-number": 202,
                    "extras": {},
                    "node-pos": 78,
                    "replacement-node": 45,
                    "part": "1"
                },
                {
                    "name": "APLineItems",
                    "template-line-number": 213,
                    "extras": {},
                    "node-pos": 86,
                    "replacement-node": 50,
                    "part": "2"
                },
                {
                    "name": "APLineItems",
                    "template-line-number": 222,
                    "node-pos": 91,
                    "replacement-node": 54,
                    "expression-node": 55,
                    "part": "3"
                },
                {
                    "name": "APLineItems",
                    "template-line-number": 228,
                    "node-pos": 95,
                    "replacement-node": 57,
                    "expression-node": 58,
                    "part": "4"
                },
                {
                    "name": "APLineItems",
                    "template-line-number": 234,
                    "node-pos": 99,
                    "replacement-node": 60,
                    "expression-node": 61,
                    "part": "5"
                },
                {
                    "name": "APLineItems",
                    "template-line-number": 240,
                    "node-pos": 103,
                    "replacement-node": 63,
                    "expression-node": 64,
                    "part": "6"
                },
                {
                    "name": "APLineItems",
                    "template-line-number": 246,
                    "node-pos": 107,
                    "replacement-node": 66,
                    "expression-node": 67,
                    "part": "7"
                },
                {
                    "name": "APLineItems",
                    "template-line-number": 209,
                    "extras": {},
                    "node-pos": 84,
                    "replacement-node": 48,
                    "part": "8"
                },
                {
                    "name": "APLineItems",
                    "template-line-number": 252,
                    "node-pos": 111,
                    "replacement-node": 69,
                    "expression-node": 70,
                    "part": "8"
                },
                {
                    "name": "APLineItems",
                    "template-line-number": 258,
                    "node-pos": 115,
                    "replacement-node": 72,
                    "expression-node": 73,
                    "part": "9"
                }
            ]
        },
        "rule-6": [
            {
                "html": true,
                "node-pos": 27,
                "replacement-node": 13,
                "part": null,
                "template-line-number": 59
            }
        ],
        "rule-13": [
            {
                "html": true,
                "node-pos": 59,
                "replacement-node": 34,
                "part": null,
                "template-line-number": 110
            }
        ],
        "rule-5": [
            {
                "html": true,
                "node-pos": 22,
                "replacement-node": 10,
                "part": null,
                "template-line-number": 47
            }
        ],
        "rule-18": {
            "name": "APHeadings",
            "subs": [
                {
                    "name": "APHeadings",
                    "template-line-number": 133,
                    "extras": {},
                    "node-pos": 68,
                    "replacement-node": 38,
                    "part": "1"
                },
                {
                    "name": "APHeadings",
                    "template-line-number": 140,
                    "extras": {},
                    "node-pos": 72,
                    "replacement-node": 41,
                    "part": "2"
                }
            ]
        },
        "rule-15": [
            {
                "node-pos": 125,
                "replacement-node": 78,
                "part": null,
                "template-line-number": 277
            }
        ],
        "rule-3": [
            {
                "expression-node": 5,
                "node-pos": 14,
                "replacement-node": 4,
                "part": null,
                "template-line-number": 35
            }
        ],
        "rule-14": [
            {
                "expression-node": 76,
                "node-pos": 121,
                "replacement-node": 75,
                "part": null,
                "template-line-number": 270
            }
        ],
        "rule-16": [
            {
                "node-pos": 129,
                "replacement-node": 81,
                "part": null,
                "template-line-number": 287
            }
        ],
        "rule-12": [
            {
                "node-pos": 54,
                "replacement-node": 31,
                "part": null,
                "template-line-number": 98
            }
        ]
    },
    "line-numbers": {},
    "showifs": {
        "rule-1": {
            "template-line-number": 18,
            "type": "showif"
        }
    }
}