{
    "substitutions": {
        "rule-31": {
            "subs": [
                {
                    "part": "2",
                    "template-line-number": 328,
                    "node-pos": 138,
                    "name": "TaxableIncomeLineItems2",
                    "replacement-node": 73,
                    "expression-node": 74
                },
                {
                    "part": "4",
                    "template-line-number": 339,
                    "node-pos": 143,
                    "name": "TaxableIncomeLineItems2",
                    "replacement-node": 77,
                    "expression-node": 78
                }
            ],
            "name": "TaxableIncomeLineItems2"
        },
        "rule-26": {
            "subs": [
                {
                    "part": "1",
                    "template-line-number": 126,
                    "node-pos": 70,
                    "name": "Headings",
                    "extras": {},
                    "replacement-node": 37
                },
                {
                    "part": "2",
                    "template-line-number": 133,
                    "node-pos": 74,
                    "name": "Headings",
                    "extras": {},
                    "replacement-node": 40
                }
            ],
            "name": "Headings"
        },
        "rule-18": [
            {
                "part": null,
                "replacement-node": 80,
                "template-line-number": 354,
                "node-pos": 149
            }
        ],
        "rule-12": [
            {
                "part": null,
                "replacement-node": 33,
                "template-line-number": 99,
                "node-pos": 58,
                "html": true
            }
        ],
        "rule-3": [
            {
                "part": null,
                "replacement-node": 6,
                "template-line-number": 31,
                "node-pos": 17
            }
        ],
        "rule-30": {
            "subs": [
                {
                    "part": "2",
                    "template-line-number": 589,
                    "node-pos": 218,
                    "name": "TaxableIncomeLineItems5",
                    "replacement-node": 121,
                    "expression-node": 122
                },
                {
                    "part": "4",
                    "template-line-number": 600,
                    "node-pos": 223,
                    "name": "TaxableIncomeLineItems5",
                    "replacement-node": 125,
                    "expression-node": 126
                }
            ],
            "name": "TaxableIncomeLineItems5"
        },
        "rule-7": [
            {
                "part": null,
                "replacement-node": 18,
                "template-line-number": 64,
                "node-pos": 35,
                "expression-node": 19
            }
        ],
        "rule-10": [
            {
                "part": null,
                "replacement-node": 27,
                "template-line-number": 78,
                "node-pos": 47,
                "expression-node": 28
            }
        ],
        "rule-25": [
            {
                "part": null,
                "replacement-node": 134,
                "template-line-number": 629,
                "node-pos": 237
            }
        ],
        "rule-16": [
            {
                "part": null,
                "replacement-node": 52,
                "template-line-number": 197,
                "node-pos": 103
            }
        ],
        "rule-17": [
            {
                "part": null,
                "replacement-node": 66,
                "template-line-number": 275,
                "node-pos": 126
            }
        ],
        "rule-13": [
            {
                "part": null,
                "replacement-node": 43,
                "template-line-number": 145,
                "node-pos": 80
            }
        ],
        "rule-28": {
            "subs": [
                {
                    "part": "2",
                    "template-line-number": 250,
                    "node-pos": 115,
                    "name": "TaxableIncomeLineItems",
                    "replacement-node": 59,
                    "expression-node": 60
                },
                {
                    "part": "4",
                    "template-line-number": 261,
                    "node-pos": 120,
                    "name": "TaxableIncomeLineItems",
                    "replacement-node": 63,
                    "expression-node": 64
                }
            ],
            "name": "TaxableIncomeLineItems"
        },
        "rule-15": [
            {
                "part": null,
                "replacement-node": 49,
                "template-line-number": 170,
                "node-pos": 91
            }
        ],
        "rule-20": [
            {
                "part": null,
                "replacement-node": 108,
                "template-line-number": 510,
                "node-pos": 195
            }
        ],
        "rule-14": [
            {
                "part": null,
                "replacement-node": 46,
                "template-line-number": 157,
                "node-pos": 85,
                "expression-node": 47
            }
        ],
        "rule-19": [
            {
                "part": null,
                "replacement-node": 94,
                "template-line-number": 433,
                "node-pos": 172
            }
        ],
        "rule-9": [
            {
                "part": null,
                "replacement-node": 24,
                "template-line-number": 73,
                "node-pos": 43,
                "expression-node": 25
            }
        ],
        "rule-5": [
            {
                "part": null,
                "replacement-node": 12,
                "template-line-number": 49,
                "node-pos": 26,
                "html": true
            }
        ],
        "rule-4": [
            {
                "part": null,
                "replacement-node": 9,
                "template-line-number": 37,
                "node-pos": 21,
                "html": true
            }
        ],
        "rule-6": [
            {
                "part": null,
                "replacement-node": 15,
                "template-line-number": 60,
                "node-pos": 31
            }
        ],
        "rule-27": {
            "subs": [
                {
                    "part": "2",
                    "template-line-number": 407,
                    "node-pos": 161,
                    "name": "TaxableIncomeLineItems3",
                    "replacement-node": 87,
                    "expression-node": 88
                },
                {
                    "part": "4",
                    "template-line-number": 418,
                    "node-pos": 166,
                    "name": "TaxableIncomeLineItems3",
                    "replacement-node": 91,
                    "expression-node": 92
                }
            ],
            "name": "TaxableIncomeLineItems3"
        },
        "rule-1": [
            {
                "part": null,
                "replacement-node": 0,
                "template-line-number": 21,
                "node-pos": 9
            }
        ],
        "rule-2": [
            {
                "part": null,
                "replacement-node": 3,
                "template-line-number": 25,
                "node-pos": 13,
                "expression-node": 4
            }
        ],
        "rule-24": [
            {
                "part": null,
                "replacement-node": 131,
                "template-line-number": 619,
                "node-pos": 233
            }
        ],
        "rule-29": {
            "subs": [
                {
                    "part": "2",
                    "template-line-number": 486,
                    "node-pos": 184,
                    "name": "TaxableIncomeLineItems4",
                    "replacement-node": 101,
                    "expression-node": 102
                },
                {
                    "part": "4",
                    "template-line-number": 497,
                    "node-pos": 189,
                    "name": "TaxableIncomeLineItems4",
                    "replacement-node": 105,
                    "expression-node": 106
                }
            ],
            "name": "TaxableIncomeLineItems4"
        },
        "rule-23": [
            {
                "part": null,
                "replacement-node": 128,
                "template-line-number": 612,
                "node-pos": 229,
                "expression-node": 129
            }
        ],
        "rule-11": [
            {
                "part": null,
                "replacement-node": 30,
                "template-line-number": 88,
                "node-pos": 53
            }
        ],
        "rule-22": [
            {
                "part": null,
                "replacement-node": 114,
                "template-line-number": 536,
                "node-pos": 206
            }
        ],
        "rule-21": [
            {
                "part": null,
                "replacement-node": 111,
                "template-line-number": 522,
                "node-pos": 200,
                "expression-node": 112
            }
        ],
        "rule-8": [
            {
                "part": null,
                "replacement-node": 21,
                "template-line-number": 69,
                "node-pos": 39
            }
        ]
    },
    "line-numbers": {
        "TaxableIncomeLineItems3": [
            {
                "line-number-node": 84,
                "template-line-number": 404,
                "start-number": 15
            }
        ],
        "TaxableIncomeLineItems2": [
            {
                "line-number-node": 70,
                "template-line-number": 325,
                "start-number": 10
            }
        ],
        "TaxableIncomeLineItems4": [
            {
                "line-number-node": 98,
                "template-line-number": 483,
                "start-number": 20
            }
        ],
        "TaxableIncomeLineItems5": [
            {
                "line-number-node": 118,
                "template-line-number": 586,
                "start-number": 29
            }
        ],
        "TaxableIncomeLineItems": [
            {
                "line-number-node": 56,
                "template-line-number": 247,
                "start-number": 5
            }
        ]
    },
    "showifs": {}
}