{
    "line-numbers": {
        "TaxableIncomeLineItems2": [
            {
                "template-line-number": 325,
                "start-number": 10,
                "line-number-node": 70
            }
        ],
        "TaxableIncomeLineItems5": [
            {
                "template-line-number": 586,
                "start-number": 29,
                "line-number-node": 118
            }
        ],
        "TaxableIncomeLineItems4": [
            {
                "template-line-number": 483,
                "start-number": 20,
                "line-number-node": 98
            }
        ],
        "TaxableIncomeLineItems3": [
            {
                "template-line-number": 404,
                "start-number": 15,
                "line-number-node": 84
            }
        ],
        "TaxableIncomeLineItems": [
            {
                "template-line-number": 247,
                "start-number": 5,
                "line-number-node": 56
            }
        ]
    },
    "showifs": {},
    "substitutions": {
        "rule-27": {
            "subs": [
                {
                    "template-line-number": 250,
                    "node-pos": 115,
                    "replacement-node": 59,
                    "expression-node": 60,
                    "part": "2",
                    "name": "TaxableIncomeLineItems"
                },
                {
                    "template-line-number": 261,
                    "node-pos": 120,
                    "replacement-node": 63,
                    "expression-node": 64,
                    "part": "4",
                    "name": "TaxableIncomeLineItems"
                }
            ],
            "name": "TaxableIncomeLineItems"
        },
        "rule-12": [
            {
                "replacement-node": 33,
                "node-pos": 58,
                "html": true,
                "part": null,
                "template-line-number": 99
            }
        ],
        "rule-20": [
            {
                "replacement-node": 108,
                "node-pos": 195,
                "part": null,
                "template-line-number": 510
            }
        ],
        "rule-16": [
            {
                "replacement-node": 52,
                "node-pos": 103,
                "part": null,
                "template-line-number": 197
            }
        ],
        "rule-1": [
            {
                "replacement-node": 0,
                "node-pos": 9,
                "part": null,
                "template-line-number": 21
            }
        ],
        "rule-31": {
            "subs": [
                {
                    "template-line-number": 589,
                    "node-pos": 218,
                    "replacement-node": 121,
                    "expression-node": 122,
                    "part": "2",
                    "name": "TaxableIncomeLineItems5"
                },
                {
                    "template-line-number": 600,
                    "node-pos": 223,
                    "replacement-node": 125,
                    "expression-node": 126,
                    "part": "4",
                    "name": "TaxableIncomeLineItems5"
                }
            ],
            "name": "TaxableIncomeLineItems5"
        },
        "rule-18": [
            {
                "replacement-node": 80,
                "node-pos": 149,
                "part": null,
                "template-line-number": 354
            }
        ],
        "rule-14": [
            {
                "replacement-node": 46,
                "template-line-number": 157,
                "part": null,
                "node-pos": 85,
                "expression-node": 47
            }
        ],
        "rule-26": {
            "subs": [
                {
                    "template-line-number": 126,
                    "node-pos": 70,
                    "replacement-node": 37,
                    "part": "1",
                    "extras": {},
                    "name": "Headings"
                },
                {
                    "template-line-number": 133,
                    "node-pos": 74,
                    "replacement-node": 40,
                    "part": "2",
                    "extras": {},
                    "name": "Headings"
                }
            ],
            "name": "Headings"
        },
        "rule-23": [
            {
                "replacement-node": 128,
                "template-line-number": 612,
                "part": null,
                "node-pos": 229,
                "expression-node": 129
            }
        ],
        "rule-9": [
            {
                "replacement-node": 24,
                "template-line-number": 73,
                "part": null,
                "node-pos": 43,
                "expression-node": 25
            }
        ],
        "rule-7": [
            {
                "replacement-node": 18,
                "template-line-number": 64,
                "part": null,
                "node-pos": 35,
                "expression-node": 19
            }
        ],
        "rule-13": [
            {
                "replacement-node": 43,
                "node-pos": 80,
                "part": null,
                "template-line-number": 145
            }
        ],
        "rule-19": [
            {
                "replacement-node": 94,
                "node-pos": 172,
                "part": null,
                "template-line-number": 433
            }
        ],
        "rule-21": [
            {
                "replacement-node": 111,
                "template-line-number": 522,
                "part": null,
                "node-pos": 200,
                "expression-node": 112
            }
        ],
        "rule-25": [
            {
                "replacement-node": 134,
                "node-pos": 237,
                "part": null,
                "template-line-number": 629
            }
        ],
        "rule-15": [
            {
                "replacement-node": 49,
                "node-pos": 91,
                "part": null,
                "template-line-number": 170
            }
        ],
        "rule-24": [
            {
                "replacement-node": 131,
                "node-pos": 233,
                "part": null,
                "template-line-number": 619
            }
        ],
        "rule-10": [
            {
                "replacement-node": 27,
                "template-line-number": 78,
                "part": null,
                "node-pos": 47,
                "expression-node": 28
            }
        ],
        "rule-28": {
            "subs": [
                {
                    "template-line-number": 407,
                    "node-pos": 161,
                    "replacement-node": 87,
                    "expression-node": 88,
                    "part": "2",
                    "name": "TaxableIncomeLineItems3"
                },
                {
                    "template-line-number": 418,
                    "node-pos": 166,
                    "replacement-node": 91,
                    "expression-node": 92,
                    "part": "4",
                    "name": "TaxableIncomeLineItems3"
                }
            ],
            "name": "TaxableIncomeLineItems3"
        },
        "rule-8": [
            {
                "replacement-node": 21,
                "node-pos": 39,
                "part": null,
                "template-line-number": 69
            }
        ],
        "rule-29": {
            "subs": [
                {
                    "template-line-number": 328,
                    "node-pos": 138,
                    "replacement-node": 73,
                    "expression-node": 74,
                    "part": "2",
                    "name": "TaxableIncomeLineItems2"
                },
                {
                    "template-line-number": 339,
                    "node-pos": 143,
                    "replacement-node": 77,
                    "expression-node": 78,
                    "part": "4",
                    "name": "TaxableIncomeLineItems2"
                }
            ],
            "name": "TaxableIncomeLineItems2"
        },
        "rule-2": [
            {
                "replacement-node": 3,
                "template-line-number": 25,
                "part": null,
                "node-pos": 13,
                "expression-node": 4
            }
        ],
        "rule-17": [
            {
                "replacement-node": 66,
                "node-pos": 126,
                "part": null,
                "template-line-number": 275
            }
        ],
        "rule-30": {
            "subs": [
                {
                    "template-line-number": 486,
                    "node-pos": 184,
                    "replacement-node": 101,
                    "expression-node": 102,
                    "part": "2",
                    "name": "TaxableIncomeLineItems4"
                },
                {
                    "template-line-number": 497,
                    "node-pos": 189,
                    "replacement-node": 105,
                    "expression-node": 106,
                    "part": "4",
                    "name": "TaxableIncomeLineItems4"
                }
            ],
            "name": "TaxableIncomeLineItems4"
        },
        "rule-6": [
            {
                "replacement-node": 15,
                "node-pos": 31,
                "part": null,
                "template-line-number": 60
            }
        ],
        "rule-22": [
            {
                "replacement-node": 114,
                "node-pos": 206,
                "part": null,
                "template-line-number": 536
            }
        ],
        "rule-3": [
            {
                "replacement-node": 6,
                "node-pos": 17,
                "part": null,
                "template-line-number": 31
            }
        ],
        "rule-11": [
            {
                "replacement-node": 30,
                "node-pos": 53,
                "part": null,
                "template-line-number": 88
            }
        ],
        "rule-4": [
            {
                "replacement-node": 9,
                "node-pos": 21,
                "html": true,
                "part": null,
                "template-line-number": 37
            }
        ],
        "rule-5": [
            {
                "replacement-node": 12,
                "node-pos": 26,
                "html": true,
                "part": null,
                "template-line-number": 49
            }
        ]
    }
}