{
    "substitutions": {
        "rule-1": [
            {
                "part": null,
                "replacement-node": 0,
                "template-line-number": 21,
                "node-pos": 9
            }
        ],
        "rule-2": [
            {
                "part": null,
                "replacement-node": 3,
                "expression-node": 4,
                "template-line-number": 26,
                "node-pos": 13
            }
        ],
        "rule-3": [
            {
                "part": null,
                "replacement-node": 6,
                "template-line-number": 32,
                "node-pos": 17
            }
        ],
        "rule-4": [
            {
                "part": null,
                "replacement-node": 9,
                "template-line-number": 38,
                "node-pos": 21,
                "html": true
            }
        ],
        "rule-5": [
            {
                "part": null,
                "replacement-node": 12,
                "template-line-number": 50,
                "node-pos": 26,
                "html": true
            }
        ],
        "rule-6": [
            {
                "part": null,
                "replacement-node": 15,
                "template-line-number": 61,
                "node-pos": 31
            }
        ],
        "rule-7": [
            {
                "part": null,
                "replacement-node": 18,
                "expression-node": 19,
                "template-line-number": 66,
                "node-pos": 35
            }
        ],
        "rule-8": [
            {
                "part": null,
                "replacement-node": 21,
                "template-line-number": 71,
                "node-pos": 39
            }
        ],
        "rule-9": [
            {
                "part": null,
                "replacement-node": 24,
                "expression-node": 25,
                "template-line-number": 76,
                "node-pos": 43
            }
        ],
        "rule-10": [
            {
                "part": null,
                "replacement-node": 27,
                "expression-node": 28,
                "template-line-number": 81,
                "node-pos": 47
            }
        ],
        "rule-11": [
            {
                "part": null,
                "replacement-node": 30,
                "template-line-number": 92,
                "node-pos": 53
            }
        ],
        "rule-12": [
            {
                "part": null,
                "replacement-node": 33,
                "template-line-number": 103,
                "node-pos": 58,
                "html": true
            }
        ],
        "rule-13": [
            {
                "part": null,
                "replacement-node": 64,
                "template-line-number": 243,
                "node-pos": 116
            }
        ],
        "rule-14": [
            {
                "part": null,
                "replacement-node": 67,
                "expression-node": 68,
                "template-line-number": 255,
                "node-pos": 121
            }
        ],
        "rule-15": [
            {
                "part": null,
                "replacement-node": 70,
                "expression-node": 71,
                "template-line-number": 267,
                "node-pos": 126
            }
        ],
        "rule-16": [
            {
                "part": null,
                "replacement-node": 73,
                "expression-node": 74,
                "template-line-number": 276,
                "node-pos": 130
            }
        ],
        "rule-17": [
            {
                "part": null,
                "replacement-node": 76,
                "expression-node": 77,
                "template-line-number": 285,
                "node-pos": 134
            }
        ],
        "rule-18": [
            {
                "part": null,
                "replacement-node": 79,
                "expression-node": 80,
                "template-line-number": 299,
                "node-pos": 140
            }
        ],
        "rule-19": [
            {
                "part": null,
                "replacement-node": 82,
                "template-line-number": 306,
                "node-pos": 144
            }
        ],
        "rule-20": [
            {
                "part": null,
                "replacement-node": 85,
                "template-line-number": 316,
                "node-pos": 148
            }
        ],
        "rule-21": {
            "name": "OtherDeferredCredits",
            "subs": [
                {
                    "name": "OtherDeferredCredits",
                    "part": "2",
                    "replacement-node": 46,
                    "expression-node": 47,
                    "template-line-number": 208,
                    "node-pos": 90
                },
                {
                    "name": "OtherDeferredCredits",
                    "part": "3",
                    "replacement-node": 49,
                    "expression-node": 50,
                    "template-line-number": 213,
                    "node-pos": 94
                },
                {
                    "name": "OtherDeferredCredits",
                    "part": "4",
                    "replacement-node": 52,
                    "expression-node": 53,
                    "template-line-number": 218,
                    "node-pos": 98
                },
                {
                    "name": "OtherDeferredCredits",
                    "part": "5",
                    "replacement-node": 55,
                    "expression-node": 56,
                    "template-line-number": 223,
                    "node-pos": 102
                },
                {
                    "name": "OtherDeferredCredits",
                    "part": "6",
                    "replacement-node": 58,
                    "expression-node": 59,
                    "template-line-number": 228,
                    "node-pos": 106
                },
                {
                    "name": "OtherDeferredCredits",
                    "part": "7",
                    "replacement-node": 61,
                    "expression-node": 62,
                    "template-line-number": 233,
                    "node-pos": 110
                }
            ]
        },
        "rule-22": {
            "name": "ColumnHeadings",
            "subs": [
                {
                    "name": "ColumnHeadings",
                    "part": "1",
                    "replacement-node": 37,
                    "template-line-number": 138,
                    "extras": {},
                    "node-pos": 77
                },
                {
                    "name": "ColumnHeadings",
                    "part": "2",
                    "replacement-node": 40,
                    "template-line-number": 145,
                    "extras": {},
                    "node-pos": 81
                }
            ]
        }
    },
    "line-numbers": {
        "OtherDeferredCredits": [
            {
                "line-number-node": 44,
                "start-number": 1,
                "template-line-number": 205
            }
        ]
    },
    "showifs": {},
    "footnotes": {},
    "standard-rules": [
        "rule-1",
        "rule-2",
        "rule-3",
        "rule-4",
        "rule-5",
        "rule-6",
        "rule-7",
        "rule-8",
        "rule-9",
        "rule-10",
        "rule-11",
        "rule-12",
        "rule-13",
        "rule-14",
        "rule-15",
        "rule-16",
        "rule-17",
        "rule-18",
        "rule-19",
        "rule-20",
        "rule-21",
        "rule-22"
    ],
    "footnote-rules": []
}