{
    "line-numbers": {},
    "substitutions": {
        "rule-2": [
            {
                "template-line-number": 27,
                "node-pos": 14,
                "part": null,
                "expression-node": 4,
                "replacement-node": 3
            }
        ],
        "rule-13": [
            {
                "template-line-number": 281,
                "node-pos": 131,
                "part": null,
                "expression-node": 78,
                "replacement-node": 77
            }
        ],
        "rule-1": [
            {
                "node-pos": 10,
                "part": null,
                "template-line-number": 22,
                "replacement-node": 0
            }
        ],
        "rule-10": [
            {
                "template-line-number": 82,
                "node-pos": 48,
                "part": null,
                "expression-node": 28,
                "replacement-node": 27
            }
        ],
        "rule-6": [
            {
                "node-pos": 32,
                "part": null,
                "template-line-number": 62,
                "replacement-node": 15
            }
        ],
        "rule-7": [
            {
                "template-line-number": 67,
                "node-pos": 36,
                "part": null,
                "expression-node": 19,
                "replacement-node": 18
            }
        ],
        "rule-3": [
            {
                "node-pos": 18,
                "part": null,
                "template-line-number": 33,
                "replacement-node": 6
            }
        ],
        "rule-5": [
            {
                "html": true,
                "node-pos": 27,
                "part": null,
                "template-line-number": 51,
                "replacement-node": 12
            }
        ],
        "rule-15": [
            {
                "node-pos": 139,
                "part": null,
                "template-line-number": 295,
                "replacement-node": 83
            }
        ],
        "rule-8": [
            {
                "node-pos": 40,
                "part": null,
                "template-line-number": 72,
                "replacement-node": 21
            }
        ],
        "rule-17": {
            "name": "ExpenseAccountsHeadings",
            "subs": [
                {
                    "extras": {},
                    "part": "1",
                    "template-line-number": 133,
                    "name": "ExpenseAccountsHeadings",
                    "node-pos": 74,
                    "replacement-node": 37
                },
                {
                    "extras": {},
                    "part": "2",
                    "template-line-number": 140,
                    "name": "ExpenseAccountsHeadings",
                    "node-pos": 78,
                    "replacement-node": 40
                }
            ]
        },
        "rule-12": [
            {
                "html": true,
                "node-pos": 59,
                "part": null,
                "template-line-number": 103,
                "replacement-node": 33
            }
        ],
        "rule-14": [
            {
                "node-pos": 135,
                "part": null,
                "template-line-number": 286,
                "replacement-node": 80
            }
        ],
        "rule-4": [
            {
                "html": true,
                "node-pos": 22,
                "part": null,
                "template-line-number": 39,
                "replacement-node": 9
            }
        ],
        "rule-9": [
            {
                "template-line-number": 77,
                "node-pos": 44,
                "part": null,
                "expression-node": 25,
                "replacement-node": 24
            }
        ],
        "rule-16": {
            "name": "ExpenseAccountsLineItems",
            "subs": [
                {
                    "extras": {},
                    "part": "1",
                    "template-line-number": 207,
                    "name": "ExpenseAccountsLineItems",
                    "node-pos": 84,
                    "replacement-node": 44
                },
                {
                    "part": "10",
                    "template-line-number": 264,
                    "node-pos": 121,
                    "name": "ExpenseAccountsLineItems",
                    "expression-node": 72,
                    "replacement-node": 71
                },
                {
                    "part": "11",
                    "template-line-number": 270,
                    "node-pos": 125,
                    "name": "ExpenseAccountsLineItems",
                    "expression-node": 75,
                    "replacement-node": 74
                },
                {
                    "extras": {},
                    "part": "2",
                    "template-line-number": 218,
                    "name": "ExpenseAccountsLineItems",
                    "node-pos": 92,
                    "replacement-node": 49
                },
                {
                    "part": "4",
                    "template-line-number": 228,
                    "node-pos": 97,
                    "name": "ExpenseAccountsLineItems",
                    "expression-node": 54,
                    "replacement-node": 53
                },
                {
                    "part": "5",
                    "template-line-number": 234,
                    "node-pos": 101,
                    "name": "ExpenseAccountsLineItems",
                    "expression-node": 57,
                    "replacement-node": 56
                },
                {
                    "extras": {},
                    "part": "6",
                    "template-line-number": 214,
                    "name": "ExpenseAccountsLineItems",
                    "node-pos": 90,
                    "replacement-node": 47
                },
                {
                    "part": "6",
                    "template-line-number": 240,
                    "node-pos": 105,
                    "name": "ExpenseAccountsLineItems",
                    "expression-node": 60,
                    "replacement-node": 59
                },
                {
                    "part": "7",
                    "template-line-number": 246,
                    "node-pos": 109,
                    "name": "ExpenseAccountsLineItems",
                    "expression-node": 63,
                    "replacement-node": 62
                },
                {
                    "part": "8",
                    "template-line-number": 252,
                    "node-pos": 113,
                    "name": "ExpenseAccountsLineItems",
                    "expression-node": 66,
                    "replacement-node": 65
                },
                {
                    "part": "9",
                    "template-line-number": 258,
                    "node-pos": 117,
                    "name": "ExpenseAccountsLineItems",
                    "expression-node": 69,
                    "replacement-node": 68
                }
            ]
        },
        "rule-11": [
            {
                "node-pos": 54,
                "part": null,
                "template-line-number": 92,
                "replacement-node": 30
            }
        ]
    },
    "showifs": {}
}