{
    "line-numbers": {},
    "showifs": {},
    "substitutions": {
        "rule-19": [
            {
                "template-line-number": 252,
                "part": null,
                "expression-node": 62,
                "node-pos": 119,
                "replacement-node": 61
            }
        ],
        "rule-49": [
            {
                "template-line-number": 567,
                "part": null,
                "expression-node": 152,
                "node-pos": 249,
                "replacement-node": 151
            }
        ],
        "rule-63": [
            {
                "template-line-number": 713,
                "part": null,
                "expression-node": 194,
                "node-pos": 309,
                "replacement-node": 193
            }
        ],
        "rule-37": [
            {
                "template-line-number": 441,
                "part": null,
                "expression-node": 116,
                "node-pos": 197,
                "replacement-node": 115
            }
        ],
        "rule-55": [
            {
                "template-line-number": 630,
                "part": null,
                "node-pos": 275,
                "replacement-node": 169
            }
        ],
        "rule-53": [
            {
                "template-line-number": 607,
                "part": null,
                "expression-node": 164,
                "node-pos": 265,
                "replacement-node": 163
            }
        ],
        "rule-27": [
            {
                "template-line-number": 338,
                "part": null,
                "node-pos": 155,
                "replacement-node": 85
            }
        ],
        "rule-1": [
            {
                "template-line-number": 19,
                "part": null,
                "node-pos": 9,
                "replacement-node": 0
            }
        ],
        "rule-64": [
            {
                "template-line-number": 723,
                "part": null,
                "expression-node": 197,
                "node-pos": 313,
                "replacement-node": 196
            }
        ],
        "rule-25": [
            {
                "template-line-number": 315,
                "part": null,
                "expression-node": 80,
                "node-pos": 145,
                "replacement-node": 79
            }
        ],
        "rule-51": [
            {
                "template-line-number": 587,
                "part": null,
                "expression-node": 158,
                "node-pos": 257,
                "replacement-node": 157
            }
        ],
        "rule-60": [
            {
                "template-line-number": 680,
                "part": null,
                "expression-node": 185,
                "node-pos": 295,
                "replacement-node": 184
            }
        ],
        "rule-41": [
            {
                "template-line-number": 484,
                "part": null,
                "node-pos": 215,
                "replacement-node": 127
            }
        ],
        "rule-59": [
            {
                "template-line-number": 670,
                "part": null,
                "expression-node": 182,
                "node-pos": 291,
                "replacement-node": 181
            }
        ],
        "rule-67": [
            {
                "template-line-number": 753,
                "part": null,
                "expression-node": 206,
                "node-pos": 325,
                "replacement-node": 205
            }
        ],
        "rule-24": [
            {
                "template-line-number": 305,
                "part": null,
                "expression-node": 77,
                "node-pos": 141,
                "replacement-node": 76
            }
        ],
        "rule-28": [
            {
                "template-line-number": 348,
                "part": null,
                "expression-node": 89,
                "node-pos": 159,
                "replacement-node": 88
            }
        ],
        "rule-13": [
            {
                "template-line-number": 192,
                "part": null,
                "node-pos": 95,
                "replacement-node": 43
            }
        ],
        "rule-40": [
            {
                "template-line-number": 471,
                "part": null,
                "expression-node": 125,
                "node-pos": 209,
                "replacement-node": 124
            }
        ],
        "rule-11": [
            {
                "template-line-number": 115,
                "part": null,
                "node-pos": 53,
                "replacement-node": 30
            }
        ],
        "rule-69": [
            {
                "template-line-number": 779,
                "part": null,
                "expression-node": 212,
                "node-pos": 335,
                "replacement-node": 211
            }
        ],
        "rule-48": [
            {
                "template-line-number": 557,
                "part": null,
                "node-pos": 245,
                "replacement-node": 148
            }
        ],
        "rule-71": [
            {
                "template-line-number": 796,
                "part": null,
                "node-pos": 343,
                "replacement-node": 217
            }
        ],
        "rule-16": [
            {
                "template-line-number": 222,
                "part": null,
                "expression-node": 53,
                "node-pos": 107,
                "replacement-node": 52
            }
        ],
        "rule-29": [
            {
                "template-line-number": 358,
                "part": null,
                "expression-node": 92,
                "node-pos": 163,
                "replacement-node": 91
            }
        ],
        "rule-44": [
            {
                "template-line-number": 514,
                "part": null,
                "expression-node": 137,
                "node-pos": 227,
                "replacement-node": 136
            }
        ],
        "rule-7": [
            {
                "template-line-number": 83,
                "part": null,
                "expression-node": 19,
                "node-pos": 35,
                "replacement-node": 18
            }
        ],
        "rule-8": [
            {
                "template-line-number": 90,
                "part": null,
                "node-pos": 39,
                "replacement-node": 21
            }
        ],
        "rule-65": [
            {
                "template-line-number": 733,
                "part": null,
                "expression-node": 200,
                "node-pos": 317,
                "replacement-node": 199
            }
        ],
        "rule-70": [
            {
                "template-line-number": 786,
                "part": null,
                "node-pos": 339,
                "replacement-node": 214
            }
        ],
        "rule-43": [
            {
                "template-line-number": 504,
                "part": null,
                "expression-node": 134,
                "node-pos": 223,
                "replacement-node": 133
            }
        ],
        "rule-12": [
            {
                "html": true,
                "template-line-number": 126,
                "part": null,
                "node-pos": 58,
                "replacement-node": 33
            }
        ],
        "rule-45": [
            {
                "template-line-number": 524,
                "part": null,
                "expression-node": 140,
                "node-pos": 231,
                "replacement-node": 139
            }
        ],
        "rule-35": [
            {
                "template-line-number": 421,
                "part": null,
                "expression-node": 110,
                "node-pos": 189,
                "replacement-node": 109
            }
        ],
        "rule-57": [
            {
                "template-line-number": 650,
                "part": null,
                "expression-node": 176,
                "node-pos": 283,
                "replacement-node": 175
            }
        ],
        "rule-9": [
            {
                "template-line-number": 97,
                "part": null,
                "expression-node": 25,
                "node-pos": 43,
                "replacement-node": 24
            }
        ],
        "rule-33": [
            {
                "template-line-number": 398,
                "part": null,
                "expression-node": 104,
                "node-pos": 179,
                "replacement-node": 103
            }
        ],
        "rule-42": [
            {
                "template-line-number": 494,
                "part": null,
                "expression-node": 131,
                "node-pos": 219,
                "replacement-node": 130
            }
        ],
        "rule-58": [
            {
                "template-line-number": 660,
                "part": null,
                "expression-node": 179,
                "node-pos": 287,
                "replacement-node": 178
            }
        ],
        "rule-46": [
            {
                "template-line-number": 534,
                "part": null,
                "expression-node": 143,
                "node-pos": 235,
                "replacement-node": 142
            }
        ],
        "rule-47": [
            {
                "template-line-number": 544,
                "part": null,
                "expression-node": 146,
                "node-pos": 239,
                "replacement-node": 145
            }
        ],
        "rule-62": [
            {
                "template-line-number": 703,
                "part": null,
                "node-pos": 305,
                "replacement-node": 190
            }
        ],
        "rule-56": [
            {
                "template-line-number": 640,
                "part": null,
                "expression-node": 173,
                "node-pos": 279,
                "replacement-node": 172
            }
        ],
        "rule-23": [
            {
                "template-line-number": 295,
                "part": null,
                "expression-node": 74,
                "node-pos": 137,
                "replacement-node": 73
            }
        ],
        "rule-22": [
            {
                "template-line-number": 285,
                "part": null,
                "expression-node": 71,
                "node-pos": 133,
                "replacement-node": 70
            }
        ],
        "rule-4": [
            {
                "html": true,
                "template-line-number": 41,
                "part": null,
                "node-pos": 21,
                "replacement-node": 9
            }
        ],
        "rule-68": [
            {
                "template-line-number": 764,
                "part": null,
                "expression-node": 209,
                "node-pos": 329,
                "replacement-node": 208
            }
        ],
        "rule-17": [
            {
                "template-line-number": 232,
                "part": null,
                "expression-node": 56,
                "node-pos": 111,
                "replacement-node": 55
            }
        ],
        "rule-2": [
            {
                "template-line-number": 26,
                "part": null,
                "expression-node": 4,
                "node-pos": 13,
                "replacement-node": 3
            }
        ],
        "rule-6": [
            {
                "template-line-number": 76,
                "part": null,
                "node-pos": 31,
                "replacement-node": 15
            }
        ],
        "rule-72": {
            "subs": [
                {
                    "part": "1",
                    "name": "ColumnHeadings",
                    "replacement-node": 37,
                    "template-line-number": 174,
                    "extras": {},
                    "node-pos": 85
                },
                {
                    "part": "2",
                    "name": "ColumnHeadings",
                    "replacement-node": 40,
                    "template-line-number": 181,
                    "extras": {},
                    "node-pos": 89
                }
            ],
            "name": "ColumnHeadings"
        },
        "rule-32": [
            {
                "template-line-number": 388,
                "part": null,
                "expression-node": 101,
                "node-pos": 175,
                "replacement-node": 100
            }
        ],
        "rule-38": [
            {
                "template-line-number": 451,
                "part": null,
                "expression-node": 119,
                "node-pos": 201,
                "replacement-node": 118
            }
        ],
        "rule-20": [
            {
                "template-line-number": 265,
                "part": null,
                "node-pos": 125,
                "replacement-node": 64
            }
        ],
        "rule-26": [
            {
                "template-line-number": 325,
                "part": null,
                "expression-node": 83,
                "node-pos": 149,
                "replacement-node": 82
            }
        ],
        "rule-39": [
            {
                "template-line-number": 461,
                "part": null,
                "expression-node": 122,
                "node-pos": 205,
                "replacement-node": 121
            }
        ],
        "rule-52": [
            {
                "template-line-number": 597,
                "part": null,
                "expression-node": 161,
                "node-pos": 261,
                "replacement-node": 160
            }
        ],
        "rule-3": [
            {
                "template-line-number": 33,
                "part": null,
                "node-pos": 17,
                "replacement-node": 6
            }
        ],
        "rule-66": [
            {
                "template-line-number": 743,
                "part": null,
                "expression-node": 203,
                "node-pos": 321,
                "replacement-node": 202
            }
        ],
        "rule-15": [
            {
                "template-line-number": 212,
                "part": null,
                "expression-node": 50,
                "node-pos": 103,
                "replacement-node": 49
            }
        ],
        "rule-54": [
            {
                "template-line-number": 617,
                "part": null,
                "expression-node": 167,
                "node-pos": 269,
                "replacement-node": 166
            }
        ],
        "rule-30": [
            {
                "template-line-number": 368,
                "part": null,
                "expression-node": 95,
                "node-pos": 167,
                "replacement-node": 94
            }
        ],
        "rule-61": [
            {
                "template-line-number": 690,
                "part": null,
                "expression-node": 188,
                "node-pos": 299,
                "replacement-node": 187
            }
        ],
        "rule-34": [
            {
                "template-line-number": 411,
                "part": null,
                "node-pos": 185,
                "replacement-node": 106
            }
        ],
        "rule-31": [
            {
                "template-line-number": 378,
                "part": null,
                "expression-node": 98,
                "node-pos": 171,
                "replacement-node": 97
            }
        ],
        "rule-21": [
            {
                "template-line-number": 275,
                "part": null,
                "expression-node": 68,
                "node-pos": 129,
                "replacement-node": 67
            }
        ],
        "rule-10": [
            {
                "template-line-number": 103,
                "part": null,
                "expression-node": 28,
                "node-pos": 47,
                "replacement-node": 27
            }
        ],
        "rule-14": [
            {
                "template-line-number": 202,
                "part": null,
                "expression-node": 47,
                "node-pos": 99,
                "replacement-node": 46
            }
        ],
        "rule-18": [
            {
                "template-line-number": 242,
                "part": null,
                "expression-node": 59,
                "node-pos": 115,
                "replacement-node": 58
            }
        ],
        "rule-50": [
            {
                "template-line-number": 577,
                "part": null,
                "expression-node": 155,
                "node-pos": 253,
                "replacement-node": 154
            }
        ],
        "rule-36": [
            {
                "template-line-number": 431,
                "part": null,
                "expression-node": 113,
                "node-pos": 193,
                "replacement-node": 112
            }
        ],
        "rule-5": [
            {
                "html": true,
                "template-line-number": 58,
                "part": null,
                "node-pos": 26,
                "replacement-node": 12
            }
        ]
    }
}