{
    "substitutions": {
        "rule-34": [
            {
                "node-pos": 185,
                "template-line-number": 411,
                "replacement-node": 106,
                "part": null
            }
        ],
        "rule-44": [
            {
                "node-pos": 227,
                "expression-node": 137,
                "replacement-node": 136,
                "template-line-number": 514,
                "part": null
            }
        ],
        "rule-20": [
            {
                "node-pos": 125,
                "template-line-number": 265,
                "replacement-node": 64,
                "part": null
            }
        ],
        "rule-25": [
            {
                "node-pos": 145,
                "expression-node": 80,
                "replacement-node": 79,
                "template-line-number": 315,
                "part": null
            }
        ],
        "rule-37": [
            {
                "node-pos": 197,
                "expression-node": 116,
                "replacement-node": 115,
                "template-line-number": 441,
                "part": null
            }
        ],
        "rule-54": [
            {
                "node-pos": 269,
                "expression-node": 167,
                "replacement-node": 166,
                "template-line-number": 617,
                "part": null
            }
        ],
        "rule-56": [
            {
                "node-pos": 279,
                "expression-node": 173,
                "replacement-node": 172,
                "template-line-number": 640,
                "part": null
            }
        ],
        "rule-43": [
            {
                "node-pos": 223,
                "expression-node": 134,
                "replacement-node": 133,
                "template-line-number": 504,
                "part": null
            }
        ],
        "rule-51": [
            {
                "node-pos": 257,
                "expression-node": 158,
                "replacement-node": 157,
                "template-line-number": 587,
                "part": null
            }
        ],
        "rule-11": [
            {
                "node-pos": 53,
                "template-line-number": 115,
                "replacement-node": 30,
                "part": null
            }
        ],
        "rule-19": [
            {
                "node-pos": 119,
                "expression-node": 62,
                "replacement-node": 61,
                "template-line-number": 252,
                "part": null
            }
        ],
        "rule-57": [
            {
                "node-pos": 283,
                "expression-node": 176,
                "replacement-node": 175,
                "template-line-number": 650,
                "part": null
            }
        ],
        "rule-7": [
            {
                "node-pos": 35,
                "expression-node": 19,
                "replacement-node": 18,
                "template-line-number": 83,
                "part": null
            }
        ],
        "rule-40": [
            {
                "node-pos": 209,
                "expression-node": 125,
                "replacement-node": 124,
                "template-line-number": 471,
                "part": null
            }
        ],
        "rule-33": [
            {
                "node-pos": 179,
                "expression-node": 104,
                "replacement-node": 103,
                "template-line-number": 398,
                "part": null
            }
        ],
        "rule-65": [
            {
                "node-pos": 317,
                "expression-node": 200,
                "replacement-node": 199,
                "template-line-number": 733,
                "part": null
            }
        ],
        "rule-48": [
            {
                "node-pos": 245,
                "template-line-number": 557,
                "replacement-node": 148,
                "part": null
            }
        ],
        "rule-39": [
            {
                "node-pos": 205,
                "expression-node": 122,
                "replacement-node": 121,
                "template-line-number": 461,
                "part": null
            }
        ],
        "rule-24": [
            {
                "node-pos": 141,
                "expression-node": 77,
                "replacement-node": 76,
                "template-line-number": 305,
                "part": null
            }
        ],
        "rule-45": [
            {
                "node-pos": 231,
                "expression-node": 140,
                "replacement-node": 139,
                "template-line-number": 524,
                "part": null
            }
        ],
        "rule-36": [
            {
                "node-pos": 193,
                "expression-node": 113,
                "replacement-node": 112,
                "template-line-number": 431,
                "part": null
            }
        ],
        "rule-5": [
            {
                "node-pos": 26,
                "html": true,
                "template-line-number": 58,
                "replacement-node": 12,
                "part": null
            }
        ],
        "rule-47": [
            {
                "node-pos": 239,
                "expression-node": 146,
                "replacement-node": 145,
                "template-line-number": 544,
                "part": null
            }
        ],
        "rule-23": [
            {
                "node-pos": 137,
                "expression-node": 74,
                "replacement-node": 73,
                "template-line-number": 295,
                "part": null
            }
        ],
        "rule-70": [
            {
                "node-pos": 339,
                "template-line-number": 786,
                "replacement-node": 214,
                "part": null
            }
        ],
        "rule-3": [
            {
                "node-pos": 17,
                "template-line-number": 33,
                "replacement-node": 6,
                "part": null
            }
        ],
        "rule-29": [
            {
                "node-pos": 163,
                "expression-node": 92,
                "replacement-node": 91,
                "template-line-number": 358,
                "part": null
            }
        ],
        "rule-9": [
            {
                "node-pos": 43,
                "expression-node": 25,
                "replacement-node": 24,
                "template-line-number": 97,
                "part": null
            }
        ],
        "rule-67": [
            {
                "node-pos": 325,
                "expression-node": 206,
                "replacement-node": 205,
                "template-line-number": 753,
                "part": null
            }
        ],
        "rule-50": [
            {
                "node-pos": 253,
                "expression-node": 155,
                "replacement-node": 154,
                "template-line-number": 577,
                "part": null
            }
        ],
        "rule-1": [
            {
                "node-pos": 9,
                "template-line-number": 19,
                "replacement-node": 0,
                "part": null
            }
        ],
        "rule-22": [
            {
                "node-pos": 133,
                "expression-node": 71,
                "replacement-node": 70,
                "template-line-number": 285,
                "part": null
            }
        ],
        "rule-69": [
            {
                "node-pos": 335,
                "expression-node": 212,
                "replacement-node": 211,
                "template-line-number": 779,
                "part": null
            }
        ],
        "rule-30": [
            {
                "node-pos": 167,
                "expression-node": 95,
                "replacement-node": 94,
                "template-line-number": 368,
                "part": null
            }
        ],
        "rule-52": [
            {
                "node-pos": 261,
                "expression-node": 161,
                "replacement-node": 160,
                "template-line-number": 597,
                "part": null
            }
        ],
        "rule-28": [
            {
                "node-pos": 159,
                "expression-node": 89,
                "replacement-node": 88,
                "template-line-number": 348,
                "part": null
            }
        ],
        "rule-14": [
            {
                "node-pos": 99,
                "expression-node": 47,
                "replacement-node": 46,
                "template-line-number": 202,
                "part": null
            }
        ],
        "rule-72": {
            "name": "ColumnHeadings",
            "subs": [
                {
                    "node-pos": 85,
                    "name": "ColumnHeadings",
                    "part": "1",
                    "extras": {},
                    "replacement-node": 37,
                    "template-line-number": 174
                },
                {
                    "node-pos": 89,
                    "name": "ColumnHeadings",
                    "part": "2",
                    "extras": {},
                    "replacement-node": 40,
                    "template-line-number": 181
                }
            ]
        },
        "rule-32": [
            {
                "node-pos": 175,
                "expression-node": 101,
                "replacement-node": 100,
                "template-line-number": 388,
                "part": null
            }
        ],
        "rule-27": [
            {
                "node-pos": 155,
                "template-line-number": 338,
                "replacement-node": 85,
                "part": null
            }
        ],
        "rule-21": [
            {
                "node-pos": 129,
                "expression-node": 68,
                "replacement-node": 67,
                "template-line-number": 275,
                "part": null
            }
        ],
        "rule-59": [
            {
                "node-pos": 291,
                "expression-node": 182,
                "replacement-node": 181,
                "template-line-number": 670,
                "part": null
            }
        ],
        "rule-58": [
            {
                "node-pos": 287,
                "expression-node": 179,
                "replacement-node": 178,
                "template-line-number": 660,
                "part": null
            }
        ],
        "rule-6": [
            {
                "node-pos": 31,
                "template-line-number": 76,
                "replacement-node": 15,
                "part": null
            }
        ],
        "rule-63": [
            {
                "node-pos": 309,
                "expression-node": 194,
                "replacement-node": 193,
                "template-line-number": 713,
                "part": null
            }
        ],
        "rule-62": [
            {
                "node-pos": 305,
                "template-line-number": 703,
                "replacement-node": 190,
                "part": null
            }
        ],
        "rule-18": [
            {
                "node-pos": 115,
                "expression-node": 59,
                "replacement-node": 58,
                "template-line-number": 242,
                "part": null
            }
        ],
        "rule-10": [
            {
                "node-pos": 47,
                "expression-node": 28,
                "replacement-node": 27,
                "template-line-number": 103,
                "part": null
            }
        ],
        "rule-68": [
            {
                "node-pos": 329,
                "expression-node": 209,
                "replacement-node": 208,
                "template-line-number": 764,
                "part": null
            }
        ],
        "rule-66": [
            {
                "node-pos": 321,
                "expression-node": 203,
                "replacement-node": 202,
                "template-line-number": 743,
                "part": null
            }
        ],
        "rule-31": [
            {
                "node-pos": 171,
                "expression-node": 98,
                "replacement-node": 97,
                "template-line-number": 378,
                "part": null
            }
        ],
        "rule-49": [
            {
                "node-pos": 249,
                "expression-node": 152,
                "replacement-node": 151,
                "template-line-number": 567,
                "part": null
            }
        ],
        "rule-46": [
            {
                "node-pos": 235,
                "expression-node": 143,
                "replacement-node": 142,
                "template-line-number": 534,
                "part": null
            }
        ],
        "rule-71": [
            {
                "node-pos": 343,
                "template-line-number": 796,
                "replacement-node": 217,
                "part": null
            }
        ],
        "rule-55": [
            {
                "node-pos": 275,
                "template-line-number": 630,
                "replacement-node": 169,
                "part": null
            }
        ],
        "rule-35": [
            {
                "node-pos": 189,
                "expression-node": 110,
                "replacement-node": 109,
                "template-line-number": 421,
                "part": null
            }
        ],
        "rule-17": [
            {
                "node-pos": 111,
                "expression-node": 56,
                "replacement-node": 55,
                "template-line-number": 232,
                "part": null
            }
        ],
        "rule-38": [
            {
                "node-pos": 201,
                "expression-node": 119,
                "replacement-node": 118,
                "template-line-number": 451,
                "part": null
            }
        ],
        "rule-2": [
            {
                "node-pos": 13,
                "expression-node": 4,
                "replacement-node": 3,
                "template-line-number": 26,
                "part": null
            }
        ],
        "rule-12": [
            {
                "node-pos": 58,
                "html": true,
                "template-line-number": 126,
                "replacement-node": 33,
                "part": null
            }
        ],
        "rule-61": [
            {
                "node-pos": 299,
                "expression-node": 188,
                "replacement-node": 187,
                "template-line-number": 690,
                "part": null
            }
        ],
        "rule-42": [
            {
                "node-pos": 219,
                "expression-node": 131,
                "replacement-node": 130,
                "template-line-number": 494,
                "part": null
            }
        ],
        "rule-13": [
            {
                "node-pos": 95,
                "template-line-number": 192,
                "replacement-node": 43,
                "part": null
            }
        ],
        "rule-8": [
            {
                "node-pos": 39,
                "template-line-number": 90,
                "replacement-node": 21,
                "part": null
            }
        ],
        "rule-60": [
            {
                "node-pos": 295,
                "expression-node": 185,
                "replacement-node": 184,
                "template-line-number": 680,
                "part": null
            }
        ],
        "rule-26": [
            {
                "node-pos": 149,
                "expression-node": 83,
                "replacement-node": 82,
                "template-line-number": 325,
                "part": null
            }
        ],
        "rule-64": [
            {
                "node-pos": 313,
                "expression-node": 197,
                "replacement-node": 196,
                "template-line-number": 723,
                "part": null
            }
        ],
        "rule-41": [
            {
                "node-pos": 215,
                "template-line-number": 484,
                "replacement-node": 127,
                "part": null
            }
        ],
        "rule-15": [
            {
                "node-pos": 103,
                "expression-node": 50,
                "replacement-node": 49,
                "template-line-number": 212,
                "part": null
            }
        ],
        "rule-53": [
            {
                "node-pos": 265,
                "expression-node": 164,
                "replacement-node": 163,
                "template-line-number": 607,
                "part": null
            }
        ],
        "rule-16": [
            {
                "node-pos": 107,
                "expression-node": 53,
                "replacement-node": 52,
                "template-line-number": 222,
                "part": null
            }
        ],
        "rule-4": [
            {
                "node-pos": 21,
                "html": true,
                "template-line-number": 41,
                "replacement-node": 9,
                "part": null
            }
        ]
    },
    "line-numbers": {},
    "showifs": {}
}