{
    "line-numbers": {},
    "showifs": {},
    "substitutions": {
        "rule-8": [
            {
                "part": null,
                "replacement-node": 21,
                "template-line-number": 72,
                "node-pos": 39
            }
        ],
        "rule-1": [
            {
                "part": null,
                "replacement-node": 0,
                "template-line-number": 22,
                "node-pos": 9
            }
        ],
        "rule-5": [
            {
                "part": null,
                "replacement-node": 12,
                "template-line-number": 51,
                "html": true,
                "node-pos": 26
            }
        ],
        "rule-13": [
            {
                "part": null,
                "node-pos": 108,
                "replacement-node": 64,
                "expression-node": 65,
                "template-line-number": 279
            }
        ],
        "rule-6": [
            {
                "part": null,
                "replacement-node": 15,
                "template-line-number": 62,
                "node-pos": 31
            }
        ],
        "rule-2": [
            {
                "part": null,
                "node-pos": 13,
                "replacement-node": 3,
                "expression-node": 4,
                "template-line-number": 27
            }
        ],
        "rule-4": [
            {
                "part": null,
                "replacement-node": 9,
                "template-line-number": 39,
                "html": true,
                "node-pos": 21
            }
        ],
        "rule-15": [
            {
                "part": null,
                "replacement-node": 70,
                "template-line-number": 296,
                "node-pos": 116
            }
        ],
        "rule-7": [
            {
                "part": null,
                "node-pos": 35,
                "replacement-node": 18,
                "expression-node": 19,
                "template-line-number": 67
            }
        ],
        "rule-3": [
            {
                "part": null,
                "replacement-node": 6,
                "template-line-number": 33,
                "node-pos": 17
            }
        ],
        "rule-12": [
            {
                "part": null,
                "replacement-node": 33,
                "template-line-number": 103,
                "html": true,
                "node-pos": 58
            }
        ],
        "rule-11": [
            {
                "part": null,
                "replacement-node": 30,
                "template-line-number": 92,
                "node-pos": 53
            }
        ],
        "rule-10": [
            {
                "part": null,
                "node-pos": 47,
                "replacement-node": 27,
                "expression-node": 28,
                "template-line-number": 82
            }
        ],
        "rule-9": [
            {
                "part": null,
                "node-pos": 43,
                "replacement-node": 24,
                "expression-node": 25,
                "template-line-number": 77
            }
        ],
        "rule-14": [
            {
                "part": null,
                "replacement-node": 67,
                "template-line-number": 286,
                "node-pos": 112
            }
        ],
        "rule-16": {
            "subs": [
                {
                    "part": "1",
                    "replacement-node": 37,
                    "template-line-number": 129,
                    "extras": {},
                    "name": "NuclearFuelHeadings",
                    "node-pos": 69
                },
                {
                    "part": "2",
                    "replacement-node": 40,
                    "template-line-number": 136,
                    "extras": {},
                    "name": "NuclearFuelHeadings",
                    "node-pos": 73
                }
            ],
            "name": "NuclearFuelHeadings"
        },
        "rule-17": {
            "subs": [
                {
                    "part": "1",
                    "replacement-node": 44,
                    "template-line-number": 221,
                    "extras": {},
                    "name": "NuclearFuelItems",
                    "node-pos": 79
                },
                {
                    "part": "1",
                    "replacement-node": 47,
                    "template-line-number": 227,
                    "extras": {},
                    "name": "NuclearFuelItems",
                    "node-pos": 83
                },
                {
                    "part": "2",
                    "replacement-node": 49,
                    "template-line-number": 234,
                    "node-pos": 86,
                    "name": "NuclearFuelItems",
                    "expression-node": 50
                },
                {
                    "part": "3",
                    "replacement-node": 52,
                    "template-line-number": 242,
                    "node-pos": 90,
                    "name": "NuclearFuelItems",
                    "expression-node": 53
                },
                {
                    "part": "4",
                    "replacement-node": 55,
                    "template-line-number": 250,
                    "node-pos": 94,
                    "name": "NuclearFuelItems",
                    "expression-node": 56
                },
                {
                    "part": "5",
                    "replacement-node": 58,
                    "template-line-number": 258,
                    "node-pos": 98,
                    "name": "NuclearFuelItems",
                    "expression-node": 59
                },
                {
                    "part": "6",
                    "replacement-node": 61,
                    "template-line-number": 266,
                    "node-pos": 102,
                    "name": "NuclearFuelItems",
                    "expression-node": 62
                }
            ],
            "name": "NuclearFuelItems"
        }
    }
}