{
    "substitutions": {
        "rule-8": [
            {
                "template-line-number": 72,
                "replacement-node": 21,
                "node-pos": 39,
                "part": null
            }
        ],
        "rule-1": [
            {
                "template-line-number": 22,
                "replacement-node": 0,
                "node-pos": 9,
                "part": null
            }
        ],
        "rule-6": [
            {
                "template-line-number": 62,
                "replacement-node": 15,
                "node-pos": 31,
                "part": null
            }
        ],
        "rule-15": [
            {
                "template-line-number": 296,
                "replacement-node": 70,
                "node-pos": 116,
                "part": null
            }
        ],
        "rule-16": {
            "name": "NuclearFuelHeadings",
            "subs": [
                {
                    "template-line-number": 129,
                    "node-pos": 69,
                    "name": "NuclearFuelHeadings",
                    "replacement-node": 37,
                    "extras": {},
                    "part": "1"
                },
                {
                    "template-line-number": 136,
                    "node-pos": 73,
                    "name": "NuclearFuelHeadings",
                    "replacement-node": 40,
                    "extras": {},
                    "part": "2"
                }
            ]
        },
        "rule-5": [
            {
                "template-line-number": 51,
                "replacement-node": 12,
                "node-pos": 26,
                "html": true,
                "part": null
            }
        ],
        "rule-4": [
            {
                "template-line-number": 39,
                "replacement-node": 9,
                "node-pos": 21,
                "html": true,
                "part": null
            }
        ],
        "rule-17": {
            "name": "NuclearFuelItems",
            "subs": [
                {
                    "template-line-number": 221,
                    "node-pos": 79,
                    "name": "NuclearFuelItems",
                    "replacement-node": 44,
                    "extras": {},
                    "part": "1"
                },
                {
                    "template-line-number": 227,
                    "node-pos": 83,
                    "name": "NuclearFuelItems",
                    "replacement-node": 47,
                    "extras": {},
                    "part": "1"
                },
                {
                    "template-line-number": 234,
                    "node-pos": 86,
                    "name": "NuclearFuelItems",
                    "replacement-node": 49,
                    "expression-node": 50,
                    "part": "2"
                },
                {
                    "template-line-number": 242,
                    "node-pos": 90,
                    "name": "NuclearFuelItems",
                    "replacement-node": 52,
                    "expression-node": 53,
                    "part": "3"
                },
                {
                    "template-line-number": 250,
                    "node-pos": 94,
                    "name": "NuclearFuelItems",
                    "replacement-node": 55,
                    "expression-node": 56,
                    "part": "4"
                },
                {
                    "template-line-number": 258,
                    "node-pos": 98,
                    "name": "NuclearFuelItems",
                    "replacement-node": 58,
                    "expression-node": 59,
                    "part": "5"
                },
                {
                    "template-line-number": 266,
                    "node-pos": 102,
                    "name": "NuclearFuelItems",
                    "replacement-node": 61,
                    "expression-node": 62,
                    "part": "6"
                }
            ]
        },
        "rule-3": [
            {
                "template-line-number": 33,
                "replacement-node": 6,
                "node-pos": 17,
                "part": null
            }
        ],
        "rule-9": [
            {
                "node-pos": 43,
                "template-line-number": 77,
                "replacement-node": 24,
                "expression-node": 25,
                "part": null
            }
        ],
        "rule-7": [
            {
                "node-pos": 35,
                "template-line-number": 67,
                "replacement-node": 18,
                "expression-node": 19,
                "part": null
            }
        ],
        "rule-13": [
            {
                "node-pos": 108,
                "template-line-number": 279,
                "replacement-node": 64,
                "expression-node": 65,
                "part": null
            }
        ],
        "rule-11": [
            {
                "template-line-number": 92,
                "replacement-node": 30,
                "node-pos": 53,
                "part": null
            }
        ],
        "rule-2": [
            {
                "node-pos": 13,
                "template-line-number": 27,
                "replacement-node": 3,
                "expression-node": 4,
                "part": null
            }
        ],
        "rule-10": [
            {
                "node-pos": 47,
                "template-line-number": 82,
                "replacement-node": 27,
                "expression-node": 28,
                "part": null
            }
        ],
        "rule-14": [
            {
                "template-line-number": 286,
                "replacement-node": 67,
                "node-pos": 112,
                "part": null
            }
        ],
        "rule-12": [
            {
                "template-line-number": 103,
                "replacement-node": 33,
                "node-pos": 58,
                "html": true,
                "part": null
            }
        ]
    },
    "showifs": {},
    "line-numbers": {}
}