{
    "substitutions": {
        "rule-8": [
            {
                "template-line-number": 75,
                "part": null,
                "node-pos": 36,
                "replacement-node": 19,
                "expression-node": 20
            }
        ],
        "rule-26": {
            "name": "PurchasedPower",
            "subs": [
                {
                    "template-line-number": 327,
                    "name": "PurchasedPower",
                    "node-pos": 146,
                    "expression-node": 74,
                    "part": "10",
                    "replacement-node": 73
                },
                {
                    "template-line-number": 332,
                    "name": "PurchasedPower",
                    "node-pos": 150,
                    "expression-node": 77,
                    "part": "11",
                    "replacement-node": 76
                },
                {
                    "template-line-number": 337,
                    "name": "PurchasedPower",
                    "node-pos": 154,
                    "expression-node": 80,
                    "part": "12",
                    "replacement-node": 79
                },
                {
                    "template-line-number": 342,
                    "name": "PurchasedPower",
                    "node-pos": 158,
                    "expression-node": 83,
                    "part": "13",
                    "replacement-node": 82
                },
                {
                    "template-line-number": 347,
                    "name": "PurchasedPower",
                    "node-pos": 162,
                    "expression-node": 86,
                    "part": "14",
                    "replacement-node": 85
                },
                {
                    "template-line-number": 352,
                    "name": "PurchasedPower",
                    "node-pos": 166,
                    "expression-node": 89,
                    "part": "14",
                    "replacement-node": 88
                },
                {
                    "template-line-number": 287,
                    "name": "PurchasedPower",
                    "node-pos": 114,
                    "expression-node": 50,
                    "part": "2",
                    "replacement-node": 49
                },
                {
                    "template-line-number": 292,
                    "name": "PurchasedPower",
                    "node-pos": 118,
                    "expression-node": 53,
                    "part": "3",
                    "replacement-node": 52
                },
                {
                    "template-line-number": 297,
                    "name": "PurchasedPower",
                    "node-pos": 122,
                    "expression-node": 56,
                    "part": "4",
                    "replacement-node": 55
                },
                {
                    "template-line-number": 302,
                    "name": "PurchasedPower",
                    "node-pos": 126,
                    "expression-node": 59,
                    "part": "5",
                    "replacement-node": 58
                },
                {
                    "template-line-number": 307,
                    "name": "PurchasedPower",
                    "node-pos": 130,
                    "expression-node": 62,
                    "part": "6",
                    "replacement-node": 61
                },
                {
                    "template-line-number": 312,
                    "name": "PurchasedPower",
                    "node-pos": 134,
                    "expression-node": 65,
                    "part": "7",
                    "replacement-node": 64
                },
                {
                    "template-line-number": 317,
                    "name": "PurchasedPower",
                    "node-pos": 138,
                    "expression-node": 68,
                    "part": "8",
                    "replacement-node": 67
                },
                {
                    "template-line-number": 322,
                    "name": "PurchasedPower",
                    "node-pos": 142,
                    "expression-node": 71,
                    "part": "9",
                    "replacement-node": 70
                }
            ]
        },
        "rule-22": [
            {
                "template-line-number": 459,
                "part": null,
                "node-pos": 212,
                "replacement-node": 115,
                "expression-node": 116
            }
        ],
        "rule-6": [
            {
                "template-line-number": 59,
                "part": null,
                "node-pos": 27,
                "replacement-node": 13,
                "html": true
            }
        ],
        "rule-12": [
            {
                "template-line-number": 101,
                "part": null,
                "node-pos": 54,
                "replacement-node": 31
            }
        ],
        "rule-10": [
            {
                "template-line-number": 85,
                "part": null,
                "node-pos": 44,
                "replacement-node": 25,
                "expression-node": 26
            }
        ],
        "rule-19": [
            {
                "template-line-number": 424,
                "part": null,
                "node-pos": 198,
                "replacement-node": 106,
                "expression-node": 107
            }
        ],
        "rule-23": [
            {
                "template-line-number": 466,
                "part": null,
                "node-pos": 216,
                "replacement-node": 118
            }
        ],
        "rule-5": [
            {
                "template-line-number": 47,
                "part": null,
                "node-pos": 22,
                "replacement-node": 10,
                "html": true
            }
        ],
        "rule-18": [
            {
                "template-line-number": 413,
                "part": null,
                "node-pos": 194,
                "replacement-node": 103,
                "expression-node": 104
            }
        ],
        "rule-9": [
            {
                "template-line-number": 80,
                "part": null,
                "node-pos": 40,
                "replacement-node": 22
            }
        ],
        "rule-2": [
            {
                "template-line-number": 30,
                "part": null,
                "node-pos": 10,
                "replacement-node": 1
            }
        ],
        "rule-14": [
            {
                "template-line-number": 372,
                "part": null,
                "node-pos": 178,
                "replacement-node": 91,
                "expression-node": 92
            }
        ],
        "rule-16": [
            {
                "template-line-number": 395,
                "part": null,
                "node-pos": 186,
                "replacement-node": 97,
                "expression-node": 98
            }
        ],
        "rule-20": [
            {
                "template-line-number": 433,
                "part": null,
                "node-pos": 202,
                "replacement-node": 109,
                "expression-node": 110
            }
        ],
        "rule-3": [
            {
                "template-line-number": 35,
                "part": null,
                "node-pos": 14,
                "replacement-node": 4,
                "expression-node": 5
            }
        ],
        "rule-4": [
            {
                "template-line-number": 41,
                "part": null,
                "node-pos": 18,
                "replacement-node": 7
            }
        ],
        "rule-24": [
            {
                "template-line-number": 476,
                "part": null,
                "node-pos": 220,
                "replacement-node": 121
            }
        ],
        "rule-21": [
            {
                "template-line-number": 442,
                "part": null,
                "node-pos": 206,
                "replacement-node": 112,
                "expression-node": 113
            }
        ],
        "rule-11": [
            {
                "template-line-number": 90,
                "part": null,
                "node-pos": 48,
                "replacement-node": 28,
                "expression-node": 29
            }
        ],
        "rule-7": [
            {
                "template-line-number": 70,
                "part": null,
                "node-pos": 32,
                "replacement-node": 16
            }
        ],
        "rule-13": [
            {
                "template-line-number": 112,
                "part": null,
                "node-pos": 59,
                "replacement-node": 34,
                "html": true
            }
        ],
        "rule-17": [
            {
                "template-line-number": 404,
                "part": null,
                "node-pos": 190,
                "replacement-node": 100,
                "expression-node": 101
            }
        ],
        "rule-25": {
            "name": "ColumnHeadings",
            "subs": [
                {
                    "template-line-number": 178,
                    "name": "ColumnHeadings",
                    "node-pos": 101,
                    "replacement-node": 40,
                    "part": "1",
                    "extras": {}
                },
                {
                    "template-line-number": 186,
                    "name": "ColumnHeadings",
                    "node-pos": 105,
                    "replacement-node": 43,
                    "part": "2",
                    "extras": {}
                },
                {
                    "template-line-number": 174,
                    "name": "ColumnHeadings",
                    "node-pos": 99,
                    "replacement-node": 38,
                    "part": "3",
                    "extras": {}
                }
            ]
        },
        "rule-15": [
            {
                "template-line-number": 383,
                "part": null,
                "node-pos": 182,
                "replacement-node": 94,
                "expression-node": 95
            }
        ]
    },
    "showifs": {
        "rule-1": {
            "template-line-number": 18,
            "type": "showif"
        }
    },
    "line-numbers": {
        "PurchasedPower": [
            {
                "line-number-node": 47,
                "template-line-number": 283,
                "start-number": 1
            }
        ]
    }
}