{
    "substitutions": {
        "rule-11": [
            {
                "template-line-number": 88,
                "expression-node": 29,
                "replacement-node": 28,
                "part": null,
                "node-pos": 51
            }
        ],
        "rule-7": [
            {
                "template-line-number": 68,
                "replacement-node": 16,
                "part": null,
                "node-pos": 33
            }
        ],
        "rule-13": [
            {
                "html": true,
                "template-line-number": 111,
                "replacement-node": 34,
                "part": null,
                "node-pos": 62
            }
        ],
        "rule-17": {
            "name": "movement_prior",
            "subs": [
                {
                    "name": "movement_prior",
                    "node-pos": 119,
                    "template-line-number": 369,
                    "replacement-node": 71,
                    "expression-node": 72,
                    "part": "10"
                },
                {
                    "name": "movement_prior",
                    "node-pos": 124,
                    "template-line-number": 379,
                    "replacement-node": 75,
                    "expression-node": 76,
                    "part": "11"
                },
                {
                    "name": "movement_prior",
                    "extras": {},
                    "template-line-number": 327,
                    "node-pos": 87,
                    "replacement-node": 47,
                    "part": "2"
                },
                {
                    "name": "movement_prior",
                    "node-pos": 91,
                    "template-line-number": 332,
                    "replacement-node": 50,
                    "expression-node": 51,
                    "part": "3"
                },
                {
                    "name": "movement_prior",
                    "node-pos": 95,
                    "template-line-number": 337,
                    "replacement-node": 53,
                    "expression-node": 54,
                    "part": "4"
                },
                {
                    "name": "movement_prior",
                    "node-pos": 99,
                    "template-line-number": 342,
                    "replacement-node": 56,
                    "expression-node": 57,
                    "part": "5"
                },
                {
                    "name": "movement_prior",
                    "node-pos": 103,
                    "template-line-number": 347,
                    "replacement-node": 59,
                    "expression-node": 60,
                    "part": "6"
                },
                {
                    "name": "movement_prior",
                    "node-pos": 107,
                    "template-line-number": 352,
                    "replacement-node": 62,
                    "expression-node": 63,
                    "part": "7"
                },
                {
                    "name": "movement_prior",
                    "node-pos": 111,
                    "template-line-number": 357,
                    "replacement-node": 65,
                    "expression-node": 66,
                    "part": "8"
                },
                {
                    "name": "movement_prior",
                    "node-pos": 115,
                    "template-line-number": 362,
                    "replacement-node": 68,
                    "expression-node": 69,
                    "part": "9"
                }
            ]
        },
        "rule-9": [
            {
                "template-line-number": 78,
                "replacement-node": 22,
                "part": null,
                "node-pos": 42
            }
        ],
        "rule-12": [
            {
                "template-line-number": 100,
                "replacement-node": 31,
                "part": null,
                "node-pos": 57
            }
        ],
        "rule-16": [
            {
                "template-line-number": 406,
                "replacement-node": 85,
                "part": null,
                "node-pos": 139
            }
        ],
        "rule-3": [
            {
                "template-line-number": 33,
                "expression-node": 5,
                "replacement-node": 4,
                "part": null,
                "node-pos": 15
            }
        ],
        "rule-4": [
            {
                "template-line-number": 39,
                "replacement-node": 7,
                "part": null,
                "node-pos": 19
            }
        ],
        "rule-6": [
            {
                "html": true,
                "template-line-number": 57,
                "replacement-node": 13,
                "part": null,
                "node-pos": 28
            }
        ],
        "rule-8": [
            {
                "template-line-number": 73,
                "expression-node": 20,
                "replacement-node": 19,
                "part": null,
                "node-pos": 38
            }
        ],
        "rule-18": {
            "name": "AOCIHeadings",
            "subs": [
                {
                    "name": "AOCIHeadings",
                    "extras": {},
                    "template-line-number": 136,
                    "node-pos": 73,
                    "replacement-node": 37,
                    "part": "1"
                },
                {
                    "name": "AOCIHeadings",
                    "extras": {},
                    "template-line-number": 143,
                    "node-pos": 77,
                    "replacement-node": 40,
                    "part": "2"
                }
            ]
        },
        "rule-14": [
            {
                "template-line-number": 392,
                "expression-node": 80,
                "replacement-node": 79,
                "part": null,
                "node-pos": 131
            }
        ],
        "rule-10": [
            {
                "template-line-number": 83,
                "expression-node": 26,
                "replacement-node": 25,
                "part": null,
                "node-pos": 47
            }
        ],
        "rule-15": [
            {
                "template-line-number": 397,
                "replacement-node": 82,
                "part": null,
                "node-pos": 135
            }
        ],
        "rule-2": [
            {
                "template-line-number": 28,
                "replacement-node": 1,
                "part": null,
                "node-pos": 11
            }
        ],
        "rule-5": [
            {
                "html": true,
                "template-line-number": 45,
                "replacement-node": 10,
                "part": null,
                "node-pos": 23
            }
        ]
    },
    "line-numbers": {
        "movement_prior": [
            {
                "line-number-node": 44,
                "start-number": 1,
                "template-line-number": 324
            }
        ]
    },
    "showifs": {
        "rule-1": {
            "template-line-number": 18,
            "type": "showif"
        }
    }
}