{
    "line-numbers": {
        "GasPropertyAndCapacityLeasedFromOthers": [
            {
                "template-line-number": 194,
                "line-number-node": 46,
                "start-number": 1
            }
        ]
    },
    "substitutions": {
        "rule-6": [
            {
                "template-line-number": 60,
                "node-pos": 31,
                "replacement-node": 15,
                "part": null
            }
        ],
        "rule-2": [
            {
                "template-line-number": 25,
                "expression-node": 4,
                "replacement-node": 3,
                "part": null,
                "node-pos": 13
            }
        ],
        "rule-4": [
            {
                "template-line-number": 37,
                "node-pos": 21,
                "replacement-node": 9,
                "part": null,
                "html": true
            }
        ],
        "rule-19": {
            "name": "GasPlantInServiceHeadings",
            "subs": [
                {
                    "extras": {},
                    "node-pos": 73,
                    "replacement-node": 39,
                    "template-line-number": 134,
                    "name": "GasPlantInServiceHeadings",
                    "part": "1"
                },
                {
                    "extras": {},
                    "node-pos": 77,
                    "replacement-node": 42,
                    "template-line-number": 143,
                    "name": "GasPlantInServiceHeadings",
                    "part": "2"
                },
                {
                    "extras": {},
                    "node-pos": 71,
                    "replacement-node": 37,
                    "template-line-number": 130,
                    "name": "GasPlantInServiceHeadings",
                    "part": "3"
                }
            ]
        },
        "rule-18": {
            "name": "GasPropertyAndCapacityLeasedFromOthers",
            "subs": [
                {
                    "expression-node": 49,
                    "node-pos": 86,
                    "replacement-node": 48,
                    "template-line-number": 197,
                    "name": "GasPropertyAndCapacityLeasedFromOthers",
                    "part": "2"
                },
                {
                    "extras": {},
                    "node-pos": 90,
                    "replacement-node": 51,
                    "template-line-number": 202,
                    "name": "GasPropertyAndCapacityLeasedFromOthers",
                    "part": "3"
                },
                {
                    "expression-node": 55,
                    "node-pos": 94,
                    "replacement-node": 54,
                    "template-line-number": 207,
                    "name": "GasPropertyAndCapacityLeasedFromOthers",
                    "part": "4"
                },
                {
                    "expression-node": 58,
                    "node-pos": 98,
                    "replacement-node": 57,
                    "template-line-number": 212,
                    "name": "GasPropertyAndCapacityLeasedFromOthers",
                    "part": "5"
                }
            ]
        },
        "rule-7": [
            {
                "template-line-number": 64,
                "expression-node": 19,
                "replacement-node": 18,
                "part": null,
                "node-pos": 35
            }
        ],
        "rule-14": [
            {
                "template-line-number": 236,
                "expression-node": 64,
                "replacement-node": 63,
                "part": null,
                "node-pos": 111
            }
        ],
        "rule-11": [
            {
                "template-line-number": 89,
                "node-pos": 53,
                "replacement-node": 30,
                "part": null
            }
        ],
        "rule-8": [
            {
                "template-line-number": 69,
                "node-pos": 39,
                "replacement-node": 21,
                "part": null
            }
        ],
        "rule-3": [
            {
                "template-line-number": 31,
                "node-pos": 17,
                "replacement-node": 6,
                "part": null
            }
        ],
        "rule-10": [
            {
                "template-line-number": 78,
                "expression-node": 28,
                "replacement-node": 27,
                "part": null,
                "node-pos": 47
            }
        ],
        "rule-5": [
            {
                "template-line-number": 49,
                "node-pos": 26,
                "replacement-node": 12,
                "part": null,
                "html": true
            }
        ],
        "rule-1": [
            {
                "template-line-number": 21,
                "node-pos": 9,
                "replacement-node": 0,
                "part": null
            }
        ],
        "rule-16": [
            {
                "template-line-number": 255,
                "node-pos": 121,
                "replacement-node": 69,
                "part": null
            }
        ],
        "rule-12": [
            {
                "template-line-number": 100,
                "node-pos": 58,
                "replacement-node": 33,
                "part": null,
                "html": true
            }
        ],
        "rule-15": [
            {
                "template-line-number": 250,
                "expression-node": 67,
                "replacement-node": 66,
                "part": null,
                "node-pos": 117
            }
        ],
        "rule-13": [
            {
                "template-line-number": 222,
                "node-pos": 104,
                "replacement-node": 60,
                "part": null
            }
        ],
        "rule-17": [
            {
                "template-line-number": 264,
                "node-pos": 125,
                "replacement-node": 72,
                "part": null
            }
        ],
        "rule-9": [
            {
                "template-line-number": 73,
                "expression-node": 25,
                "replacement-node": 24,
                "part": null,
                "node-pos": 43
            }
        ]
    },
    "showifs": {}
}