{
    "substitutions": {
        "rule-10": [
            {
                "part": null,
                "template-line-number": 78,
                "replacement-node": 27,
                "node-pos": 47,
                "expression-node": 28
            }
        ],
        "rule-1": [
            {
                "part": null,
                "template-line-number": 21,
                "replacement-node": 0,
                "node-pos": 9
            }
        ],
        "rule-13": [
            {
                "part": null,
                "template-line-number": 222,
                "replacement-node": 60,
                "node-pos": 104
            }
        ],
        "rule-14": [
            {
                "part": null,
                "template-line-number": 236,
                "replacement-node": 63,
                "node-pos": 111,
                "expression-node": 64
            }
        ],
        "rule-17": [
            {
                "part": null,
                "template-line-number": 264,
                "replacement-node": 72,
                "node-pos": 125
            }
        ],
        "rule-8": [
            {
                "part": null,
                "template-line-number": 69,
                "replacement-node": 21,
                "node-pos": 39
            }
        ],
        "rule-12": [
            {
                "part": null,
                "template-line-number": 100,
                "replacement-node": 33,
                "html": true,
                "node-pos": 58
            }
        ],
        "rule-5": [
            {
                "part": null,
                "template-line-number": 49,
                "replacement-node": 12,
                "html": true,
                "node-pos": 26
            }
        ],
        "rule-9": [
            {
                "part": null,
                "template-line-number": 73,
                "replacement-node": 24,
                "node-pos": 43,
                "expression-node": 25
            }
        ],
        "rule-2": [
            {
                "part": null,
                "template-line-number": 25,
                "replacement-node": 3,
                "node-pos": 13,
                "expression-node": 4
            }
        ],
        "rule-3": [
            {
                "part": null,
                "template-line-number": 31,
                "replacement-node": 6,
                "node-pos": 17
            }
        ],
        "rule-18": {
            "name": "GasPropertyAndCapacityLeasedFromOthers",
            "subs": [
                {
                    "part": "2",
                    "node-pos": 86,
                    "name": "GasPropertyAndCapacityLeasedFromOthers",
                    "template-line-number": 197,
                    "replacement-node": 48,
                    "expression-node": 49
                },
                {
                    "part": "3",
                    "node-pos": 90,
                    "extras": {},
                    "name": "GasPropertyAndCapacityLeasedFromOthers",
                    "template-line-number": 202,
                    "replacement-node": 51
                },
                {
                    "part": "4",
                    "node-pos": 94,
                    "name": "GasPropertyAndCapacityLeasedFromOthers",
                    "template-line-number": 207,
                    "replacement-node": 54,
                    "expression-node": 55
                },
                {
                    "part": "5",
                    "node-pos": 98,
                    "name": "GasPropertyAndCapacityLeasedFromOthers",
                    "template-line-number": 212,
                    "replacement-node": 57,
                    "expression-node": 58
                }
            ]
        },
        "rule-16": [
            {
                "part": null,
                "template-line-number": 255,
                "replacement-node": 69,
                "node-pos": 121
            }
        ],
        "rule-15": [
            {
                "part": null,
                "template-line-number": 250,
                "replacement-node": 66,
                "node-pos": 117,
                "expression-node": 67
            }
        ],
        "rule-4": [
            {
                "part": null,
                "template-line-number": 37,
                "replacement-node": 9,
                "html": true,
                "node-pos": 21
            }
        ],
        "rule-7": [
            {
                "part": null,
                "template-line-number": 64,
                "replacement-node": 18,
                "node-pos": 35,
                "expression-node": 19
            }
        ],
        "rule-19": {
            "name": "GasPlantInServiceHeadings",
            "subs": [
                {
                    "part": "1",
                    "node-pos": 73,
                    "extras": {},
                    "name": "GasPlantInServiceHeadings",
                    "template-line-number": 134,
                    "replacement-node": 39
                },
                {
                    "part": "2",
                    "node-pos": 77,
                    "extras": {},
                    "name": "GasPlantInServiceHeadings",
                    "template-line-number": 143,
                    "replacement-node": 42
                },
                {
                    "part": "3",
                    "node-pos": 71,
                    "extras": {},
                    "name": "GasPlantInServiceHeadings",
                    "template-line-number": 130,
                    "replacement-node": 37
                }
            ]
        },
        "rule-11": [
            {
                "part": null,
                "template-line-number": 89,
                "replacement-node": 30,
                "node-pos": 53
            }
        ],
        "rule-6": [
            {
                "part": null,
                "template-line-number": 60,
                "replacement-node": 15,
                "node-pos": 31
            }
        ]
    },
    "showifs": {},
    "line-numbers": {
        "GasPropertyAndCapacityLeasedFromOthers": [
            {
                "start-number": 1,
                "template-line-number": 194,
                "line-number-node": 46
            }
        ]
    }
}