{
    "substitutions": {
        "rule-17": [
            {
                "replacement-node": 73,
                "part": null,
                "node-pos": 129,
                "template-line-number": 323
            }
        ],
        "rule-15": [
            {
                "replacement-node": 67,
                "part": null,
                "expression-node": 68,
                "template-line-number": 302,
                "node-pos": 119
            }
        ],
        "rule-6": [
            {
                "replacement-node": 15,
                "part": null,
                "node-pos": 31,
                "template-line-number": 75
            }
        ],
        "rule-8": [
            {
                "replacement-node": 21,
                "part": null,
                "node-pos": 39,
                "template-line-number": 89
            }
        ],
        "rule-16": [
            {
                "replacement-node": 70,
                "part": null,
                "expression-node": 71,
                "template-line-number": 316,
                "node-pos": 125
            }
        ],
        "rule-3": [
            {
                "replacement-node": 6,
                "part": null,
                "node-pos": 17,
                "template-line-number": 32
            }
        ],
        "rule-11": [
            {
                "replacement-node": 30,
                "part": null,
                "node-pos": 53,
                "template-line-number": 115
            }
        ],
        "rule-13": [
            {
                "replacement-node": 61,
                "part": null,
                "node-pos": 108,
                "template-line-number": 279
            }
        ],
        "rule-4": [
            {
                "html": true,
                "replacement-node": 9,
                "part": null,
                "node-pos": 21,
                "template-line-number": 40
            }
        ],
        "rule-19": {
            "subs": [
                {
                    "replacement-node": 46,
                    "part": "2",
                    "template-line-number": 227,
                    "name": "TransmissionOfElectricityIsoRto",
                    "expression-node": 47,
                    "node-pos": 86
                },
                {
                    "replacement-node": 49,
                    "part": "3",
                    "template-line-number": 237,
                    "name": "TransmissionOfElectricityIsoRto",
                    "expression-node": 50,
                    "node-pos": 90
                },
                {
                    "replacement-node": 52,
                    "part": "4",
                    "template-line-number": 246,
                    "name": "TransmissionOfElectricityIsoRto",
                    "expression-node": 53,
                    "node-pos": 94
                },
                {
                    "replacement-node": 55,
                    "part": "5",
                    "template-line-number": 256,
                    "name": "TransmissionOfElectricityIsoRto",
                    "expression-node": 56,
                    "node-pos": 98
                },
                {
                    "replacement-node": 58,
                    "part": "6",
                    "template-line-number": 266,
                    "name": "TransmissionOfElectricityIsoRto",
                    "expression-node": 59,
                    "node-pos": 102
                }
            ],
            "name": "TransmissionOfElectricityIsoRto"
        },
        "rule-14": [
            {
                "replacement-node": 64,
                "part": null,
                "expression-node": 65,
                "template-line-number": 293,
                "node-pos": 115
            }
        ],
        "rule-5": [
            {
                "html": true,
                "replacement-node": 12,
                "part": null,
                "node-pos": 26,
                "template-line-number": 57
            }
        ],
        "rule-18": [
            {
                "replacement-node": 76,
                "part": null,
                "node-pos": 133,
                "template-line-number": 333
            }
        ],
        "rule-20": {
            "subs": [
                {
                    "replacement-node": 37,
                    "part": "1",
                    "extras": {},
                    "template-line-number": 157,
                    "name": "ColumnHeadings",
                    "node-pos": 73
                },
                {
                    "replacement-node": 40,
                    "part": "2",
                    "extras": {},
                    "template-line-number": 164,
                    "name": "ColumnHeadings",
                    "node-pos": 77
                }
            ],
            "name": "ColumnHeadings"
        },
        "rule-9": [
            {
                "replacement-node": 24,
                "part": null,
                "expression-node": 25,
                "template-line-number": 96,
                "node-pos": 43
            }
        ],
        "rule-7": [
            {
                "replacement-node": 18,
                "part": null,
                "expression-node": 19,
                "template-line-number": 82,
                "node-pos": 35
            }
        ],
        "rule-10": [
            {
                "replacement-node": 27,
                "part": null,
                "expression-node": 28,
                "template-line-number": 102,
                "node-pos": 47
            }
        ],
        "rule-1": [
            {
                "replacement-node": 0,
                "part": null,
                "node-pos": 9,
                "template-line-number": 18
            }
        ],
        "rule-12": [
            {
                "html": true,
                "replacement-node": 33,
                "part": null,
                "node-pos": 58,
                "template-line-number": 126
            }
        ],
        "rule-2": [
            {
                "replacement-node": 3,
                "part": null,
                "expression-node": 4,
                "template-line-number": 25,
                "node-pos": 13
            }
        ]
    },
    "showifs": {},
    "line-numbers": {
        "TransmissionOfElectricityIsoRto": [
            {
                "template-line-number": 222,
                "start-number": 1,
                "line-number-node": 44
            }
        ]
    }
}