{
    "showifs": {},
    "line-numbers": {},
    "substitutions": {
        "rule-18": [
            {
                "expression-node": 52,
                "html": true,
                "template-line-number": 200,
                "node-pos": 102,
                "replacement-node": 51,
                "part": null
            }
        ],
        "rule-5": [
            {
                "node-pos": 26,
                "replacement-node": 12,
                "html": true,
                "template-line-number": 48,
                "part": null
            }
        ],
        "rule-20": [
            {
                "expression-node": 58,
                "html": true,
                "template-line-number": 222,
                "node-pos": 112,
                "replacement-node": 57,
                "part": null
            }
        ],
        "rule-11": [
            {
                "node-pos": 53,
                "replacement-node": 30,
                "template-line-number": 87,
                "part": null
            }
        ],
        "rule-10": [
            {
                "expression-node": 28,
                "node-pos": 47,
                "replacement-node": 27,
                "template-line-number": 77,
                "part": null
            }
        ],
        "rule-15": [
            {
                "expression-node": 43,
                "html": true,
                "template-line-number": 167,
                "node-pos": 87,
                "replacement-node": 42,
                "part": null
            }
        ],
        "rule-1": [
            {
                "node-pos": 9,
                "replacement-node": 0,
                "template-line-number": 20,
                "part": null
            }
        ],
        "rule-27": [
            {
                "expression-node": 79,
                "node-pos": 148,
                "replacement-node": 78,
                "template-line-number": 301,
                "part": null
            }
        ],
        "rule-2": [
            {
                "expression-node": 4,
                "node-pos": 13,
                "replacement-node": 3,
                "template-line-number": 24,
                "part": null
            }
        ],
        "rule-21": [
            {
                "expression-node": 61,
                "html": true,
                "template-line-number": 233,
                "node-pos": 117,
                "replacement-node": 60,
                "part": null
            }
        ],
        "rule-9": [
            {
                "expression-node": 25,
                "node-pos": 43,
                "replacement-node": 24,
                "template-line-number": 72,
                "part": null
            }
        ],
        "rule-22": [
            {
                "expression-node": 64,
                "html": true,
                "template-line-number": 244,
                "node-pos": 122,
                "replacement-node": 63,
                "part": null
            }
        ],
        "rule-13": [
            {
                "expression-node": 37,
                "html": true,
                "template-line-number": 145,
                "node-pos": 77,
                "replacement-node": 36,
                "part": null
            }
        ],
        "rule-29": [
            {
                "node-pos": 156,
                "replacement-node": 84,
                "template-line-number": 315,
                "part": null
            }
        ],
        "rule-7": [
            {
                "expression-node": 19,
                "node-pos": 35,
                "replacement-node": 18,
                "template-line-number": 63,
                "part": null
            }
        ],
        "rule-6": [
            {
                "node-pos": 31,
                "replacement-node": 15,
                "template-line-number": 59,
                "part": null
            }
        ],
        "rule-25": [
            {
                "expression-node": 73,
                "html": true,
                "template-line-number": 277,
                "node-pos": 137,
                "replacement-node": 72,
                "part": null
            }
        ],
        "rule-28": [
            {
                "node-pos": 152,
                "replacement-node": 81,
                "template-line-number": 306,
                "part": null
            }
        ],
        "rule-19": [
            {
                "expression-node": 55,
                "html": true,
                "template-line-number": 211,
                "node-pos": 107,
                "replacement-node": 54,
                "part": null
            }
        ],
        "rule-12": [
            {
                "node-pos": 58,
                "replacement-node": 33,
                "html": true,
                "template-line-number": 98,
                "part": null
            }
        ],
        "rule-4": [
            {
                "node-pos": 21,
                "replacement-node": 9,
                "html": true,
                "template-line-number": 36,
                "part": null
            }
        ],
        "rule-26": [
            {
                "expression-node": 76,
                "html": true,
                "template-line-number": 288,
                "node-pos": 142,
                "replacement-node": 75,
                "part": null
            }
        ],
        "rule-17": [
            {
                "expression-node": 49,
                "html": true,
                "template-line-number": 189,
                "node-pos": 97,
                "replacement-node": 48,
                "part": null
            }
        ],
        "rule-8": [
            {
                "node-pos": 39,
                "replacement-node": 21,
                "template-line-number": 68,
                "part": null
            }
        ],
        "rule-24": [
            {
                "expression-node": 70,
                "html": true,
                "template-line-number": 266,
                "node-pos": 132,
                "replacement-node": 69,
                "part": null
            }
        ],
        "rule-16": [
            {
                "expression-node": 46,
                "html": true,
                "template-line-number": 178,
                "node-pos": 92,
                "replacement-node": 45,
                "part": null
            }
        ],
        "rule-14": [
            {
                "expression-node": 40,
                "html": true,
                "template-line-number": 156,
                "node-pos": 82,
                "replacement-node": 39,
                "part": null
            }
        ],
        "rule-23": [
            {
                "expression-node": 67,
                "html": true,
                "template-line-number": 255,
                "node-pos": 127,
                "replacement-node": 66,
                "part": null
            }
        ],
        "rule-3": [
            {
                "node-pos": 17,
                "replacement-node": 6,
                "template-line-number": 30,
                "part": null
            }
        ]
    }
}