{
    "line-numbers": {},
    "substitutions": {
        "rule-7": [
            {
                "replacement-node": 16,
                "part": null,
                "template-line-number": 68,
                "node-pos": 33
            }
        ],
        "rule-10": [
            {
                "replacement-node": 25,
                "part": null,
                "template-line-number": 83,
                "node-pos": 45,
                "expression-node": 26
            }
        ],
        "rule-18": {
            "subs": [
                {
                    "extras": {},
                    "node-pos": 79,
                    "replacement-node": 45,
                    "part": "1",
                    "name": "OPICLineItems",
                    "template-line-number": 291
                },
                {
                    "template-line-number": 302,
                    "node-pos": 87,
                    "replacement-node": 50,
                    "part": "2",
                    "name": "OPICLineItems",
                    "expression-node": 51
                },
                {
                    "template-line-number": 310,
                    "node-pos": 92,
                    "replacement-node": 54,
                    "part": "4",
                    "name": "OPICLineItems",
                    "expression-node": 55
                },
                {
                    "template-line-number": 316,
                    "node-pos": 95,
                    "replacement-node": 56,
                    "part": "5",
                    "name": "OPICLineItems",
                    "expression-node": 57
                },
                {
                    "extras": {},
                    "node-pos": 85,
                    "replacement-node": 48,
                    "part": "6",
                    "name": "OPICLineItems",
                    "template-line-number": 298
                }
            ],
            "name": "OPICLineItems"
        },
        "rule-8": [
            {
                "replacement-node": 19,
                "part": null,
                "template-line-number": 73,
                "node-pos": 37,
                "expression-node": 20
            }
        ],
        "rule-4": [
            {
                "replacement-node": 7,
                "part": null,
                "template-line-number": 39,
                "node-pos": 19
            }
        ],
        "rule-17": {
            "subs": [
                {
                    "extras": {},
                    "node-pos": 69,
                    "replacement-node": 38,
                    "part": "1",
                    "name": "ColumnHeadings",
                    "template-line-number": 132
                },
                {
                    "extras": {},
                    "node-pos": 73,
                    "replacement-node": 41,
                    "part": "2",
                    "name": "ColumnHeadings",
                    "template-line-number": 139
                }
            ],
            "name": "ColumnHeadings"
        },
        "rule-11": [
            {
                "replacement-node": 28,
                "part": null,
                "template-line-number": 88,
                "node-pos": 49,
                "expression-node": 29
            }
        ],
        "rule-13": [
            {
                "replacement-node": 34,
                "part": null,
                "template-line-number": 109,
                "node-pos": 60,
                "html": true
            }
        ],
        "rule-3": [
            {
                "replacement-node": 4,
                "part": null,
                "template-line-number": 33,
                "node-pos": 15,
                "expression-node": 5
            }
        ],
        "rule-15": [
            {
                "replacement-node": 63,
                "part": null,
                "template-line-number": 334,
                "node-pos": 106
            }
        ],
        "rule-16": [
            {
                "replacement-node": 66,
                "part": null,
                "template-line-number": 343,
                "node-pos": 110
            }
        ],
        "rule-5": [
            {
                "replacement-node": 10,
                "part": null,
                "template-line-number": 45,
                "node-pos": 23,
                "html": true
            }
        ],
        "rule-9": [
            {
                "replacement-node": 22,
                "part": null,
                "template-line-number": 78,
                "node-pos": 41
            }
        ],
        "rule-6": [
            {
                "replacement-node": 13,
                "part": null,
                "template-line-number": 57,
                "node-pos": 28,
                "html": true
            }
        ],
        "rule-2": [
            {
                "replacement-node": 1,
                "part": null,
                "template-line-number": 28,
                "node-pos": 11
            }
        ],
        "rule-14": [
            {
                "replacement-node": 60,
                "part": null,
                "template-line-number": 329,
                "node-pos": 102,
                "expression-node": 61
            }
        ],
        "rule-12": [
            {
                "replacement-node": 31,
                "part": null,
                "template-line-number": 98,
                "node-pos": 55
            }
        ]
    },
    "showifs": {
        "rule-1": {
            "template-line-number": 18,
            "type": "showif"
        }
    }
}