{
    "showifs": {},
    "substitutions": {
        "rule-3": [
            {
                "part": null,
                "node-pos": 37,
                "html": true,
                "replacement-node": 6,
                "template-line-number": 76
            }
        ],
        "rule-8": [
            {
                "expression-node": 21,
                "part": null,
                "node-pos": 70,
                "replacement-node": 20,
                "template-line-number": 155
            }
        ],
        "rule-5": [
            {
                "part": null,
                "node-pos": 56,
                "replacement-node": 11,
                "template-line-number": 130
            }
        ],
        "rule-1": [
            {
                "part": null,
                "node-pos": 15,
                "html": true,
                "replacement-node": 0,
                "template-line-number": 32
            }
        ],
        "rule-7": [
            {
                "expression-node": 18,
                "part": null,
                "node-pos": 64,
                "replacement-node": 17,
                "template-line-number": 143
            }
        ],
        "rule-4": [
            {
                "expression-node": 9,
                "part": null,
                "node-pos": 52,
                "replacement-node": 8,
                "template-line-number": 122
            }
        ],
        "rule-6": [
            {
                "expression-node": 15,
                "part": null,
                "node-pos": 60,
                "replacement-node": 14,
                "template-line-number": 137
            }
        ],
        "rule-9": [
            {
                "part": null,
                "node-pos": 74,
                "replacement-node": 23,
                "template-line-number": 162
            }
        ],
        "rule-2": [
            {
                "part": null,
                "node-pos": 20,
                "html": true,
                "replacement-node": 3,
                "template-line-number": 44
            }
        ]
    },
    "line-numbers": {}
}