{
    "line-numbers": {},
    "substitutions": {
        "rule-1": [
            {
                "html": true,
                "template-line-number": 32,
                "node-pos": 15,
                "replacement-node": 0,
                "part": null
            }
        ],
        "rule-8": [
            {
                "template-line-number": 155,
                "node-pos": 70,
                "expression-node": 21,
                "replacement-node": 20,
                "part": null
            }
        ],
        "rule-5": [
            {
                "template-line-number": 130,
                "node-pos": 56,
                "replacement-node": 11,
                "part": null
            }
        ],
        "rule-7": [
            {
                "template-line-number": 143,
                "node-pos": 64,
                "expression-node": 18,
                "replacement-node": 17,
                "part": null
            }
        ],
        "rule-9": [
            {
                "template-line-number": 162,
                "node-pos": 74,
                "replacement-node": 23,
                "part": null
            }
        ],
        "rule-2": [
            {
                "html": true,
                "template-line-number": 44,
                "node-pos": 20,
                "replacement-node": 3,
                "part": null
            }
        ],
        "rule-4": [
            {
                "template-line-number": 122,
                "node-pos": 52,
                "expression-node": 9,
                "replacement-node": 8,
                "part": null
            }
        ],
        "rule-3": [
            {
                "html": true,
                "template-line-number": 76,
                "node-pos": 37,
                "replacement-node": 6,
                "part": null
            }
        ],
        "rule-6": [
            {
                "template-line-number": 137,
                "node-pos": 60,
                "expression-node": 15,
                "replacement-node": 14,
                "part": null
            }
        ]
    },
    "showifs": {}
}