{
    "showifs": {},
    "substitutions": {
        "rule-17": {
            "name": "PaymentsForServicesRenderedByOtherThanEmployees",
            "subs": [
                {
                    "replacement-node": 46,
                    "expression-node": 47,
                    "part": "2",
                    "template-line-number": 192,
                    "node-pos": 86,
                    "name": "PaymentsForServicesRenderedByOtherThanEmployees"
                },
                {
                    "replacement-node": 49,
                    "expression-node": 50,
                    "part": "3",
                    "template-line-number": 197,
                    "node-pos": 90,
                    "name": "PaymentsForServicesRenderedByOtherThanEmployees"
                },
                {
                    "replacement-node": 52,
                    "expression-node": 53,
                    "part": "4",
                    "template-line-number": 202,
                    "node-pos": 94,
                    "name": "PaymentsForServicesRenderedByOtherThanEmployees"
                }
            ]
        },
        "rule-8": [
            {
                "part": null,
                "template-line-number": 73,
                "node-pos": 40,
                "replacement-node": 21
            }
        ],
        "rule-3": [
            {
                "part": null,
                "template-line-number": 34,
                "node-pos": 18,
                "replacement-node": 6
            }
        ],
        "rule-7": [
            {
                "part": null,
                "template-line-number": 68,
                "expression-node": 19,
                "replacement-node": 18,
                "node-pos": 36
            }
        ],
        "rule-13": [
            {
                "part": null,
                "template-line-number": 216,
                "expression-node": 56,
                "replacement-node": 55,
                "node-pos": 102
            }
        ],
        "rule-18": {
            "name": "ColumnHeadings",
            "subs": [
                {
                    "node-pos": 73,
                    "replacement-node": 37,
                    "part": "1",
                    "template-line-number": 134,
                    "extras": {},
                    "name": "ColumnHeadings"
                },
                {
                    "node-pos": 77,
                    "replacement-node": 40,
                    "part": "2",
                    "template-line-number": 141,
                    "extras": {},
                    "name": "ColumnHeadings"
                }
            ]
        },
        "rule-6": [
            {
                "part": null,
                "template-line-number": 63,
                "node-pos": 32,
                "replacement-node": 15
            }
        ],
        "rule-14": [
            {
                "part": null,
                "template-line-number": 230,
                "expression-node": 59,
                "replacement-node": 58,
                "node-pos": 108
            }
        ],
        "rule-2": [
            {
                "part": null,
                "template-line-number": 28,
                "expression-node": 4,
                "replacement-node": 3,
                "node-pos": 14
            }
        ],
        "rule-10": [
            {
                "part": null,
                "template-line-number": 83,
                "expression-node": 28,
                "replacement-node": 27,
                "node-pos": 48
            }
        ],
        "rule-16": [
            {
                "part": null,
                "template-line-number": 244,
                "node-pos": 116,
                "replacement-node": 64
            }
        ],
        "rule-12": [
            {
                "part": null,
                "html": true,
                "template-line-number": 105,
                "node-pos": 59,
                "replacement-node": 33
            }
        ],
        "rule-5": [
            {
                "part": null,
                "html": true,
                "template-line-number": 52,
                "node-pos": 27,
                "replacement-node": 12
            }
        ],
        "rule-11": [
            {
                "part": null,
                "template-line-number": 94,
                "node-pos": 54,
                "replacement-node": 30
            }
        ],
        "rule-9": [
            {
                "part": null,
                "template-line-number": 78,
                "expression-node": 25,
                "replacement-node": 24,
                "node-pos": 44
            }
        ],
        "rule-1": [
            {
                "part": null,
                "template-line-number": 22,
                "node-pos": 10,
                "replacement-node": 0
            }
        ],
        "rule-4": [
            {
                "part": null,
                "html": true,
                "template-line-number": 40,
                "node-pos": 22,
                "replacement-node": 9
            }
        ],
        "rule-15": [
            {
                "part": null,
                "template-line-number": 235,
                "node-pos": 112,
                "replacement-node": 61
            }
        ]
    },
    "line-numbers": {
        "PaymentsForServicesRenderedByOtherThanEmployees": [
            {
                "line-number-node": 44,
                "template-line-number": 189,
                "start-number": 1
            }
        ]
    }
}