{
    "line-numbers": {
        "CTBondsLineItems": [
            {
                "line-number-node": 111,
                "start-number": 12,
                "template-line-number": 528
            }
        ],
        "IncomeBondsLineItems": [
            {
                "line-number-node": 174,
                "start-number": 18,
                "template-line-number": 777
            }
        ],
        "MOLineItems": [
            {
                "line-number-node": 237,
                "start-number": 22,
                "template-line-number": 1026
            }
        ],
        "NDLineItems": [
            {
                "line-number-node": 300,
                "start-number": 31,
                "template-line-number": 1276
            }
        ],
        "MortgageBondsLineItems": [
            {
                "line-number-node": 48,
                "start-number": 1,
                "template-line-number": 279
            }
        ]
    },
    "substitutions": {
        "rule-18": [
            {
                "expression-node": 99,
                "replacement-node": 98,
                "template-line-number": 391,
                "node-pos": 192,
                "part": null
            }
        ],
        "rule-25": [
            {
                "expression-node": 162,
                "replacement-node": 161,
                "template-line-number": 641,
                "node-pos": 302,
                "part": null
            }
        ],
        "rule-47": [
            {
                "expression-node": 354,
                "replacement-node": 353,
                "template-line-number": 1398,
                "node-pos": 636,
                "part": null
            }
        ],
        "rule-7": [
            {
                "replacement-node": 16,
                "template-line-number": 67,
                "node-pos": 33,
                "part": null
            }
        ],
        "rule-2": [
            {
                "replacement-node": 1,
                "template-line-number": 28,
                "node-pos": 11,
                "part": null
            }
        ],
        "rule-15": [
            {
                "replacement-node": 89,
                "template-line-number": 354,
                "node-pos": 172,
                "part": null
            }
        ],
        "rule-44": [
            {
                "expression-node": 345,
                "replacement-node": 344,
                "template-line-number": 1369,
                "node-pos": 622,
                "part": null
            }
        ],
        "rule-55": [
            {
                "expression-node": 378,
                "replacement-node": 377,
                "template-line-number": 1491,
                "node-pos": 680,
                "part": null
            }
        ],
        "rule-49": [
            {
                "replacement-node": 359,
                "template-line-number": 1421,
                "node-pos": 646,
                "part": null
            }
        ],
        "rule-28": [
            {
                "replacement-node": 170,
                "template-line-number": 671,
                "node-pos": 316,
                "part": null
            }
        ],
        "rule-24": [
            {
                "expression-node": 159,
                "replacement-node": 158,
                "template-line-number": 630,
                "node-pos": 296,
                "part": null
            }
        ],
        "rule-61": {
            "subs": [
                {
                    "expression-node": 264,
                    "part": "10",
                    "replacement-node": 263,
                    "template-line-number": 1070,
                    "node-pos": 480,
                    "name": "MOLineItems"
                },
                {
                    "expression-node": 267,
                    "part": "11",
                    "replacement-node": 266,
                    "template-line-number": 1075,
                    "node-pos": 484,
                    "name": "MOLineItems"
                },
                {
                    "expression-node": 270,
                    "part": "12",
                    "replacement-node": 269,
                    "template-line-number": 1080,
                    "node-pos": 488,
                    "name": "MOLineItems"
                },
                {
                    "expression-node": 273,
                    "part": "13",
                    "replacement-node": 272,
                    "template-line-number": 1085,
                    "node-pos": 492,
                    "name": "MOLineItems"
                },
                {
                    "expression-node": 276,
                    "part": "14",
                    "replacement-node": 275,
                    "template-line-number": 1090,
                    "node-pos": 496,
                    "name": "MOLineItems"
                },
                {
                    "expression-node": 240,
                    "part": "2",
                    "replacement-node": 239,
                    "template-line-number": 1030,
                    "node-pos": 448,
                    "name": "MOLineItems"
                },
                {
                    "expression-node": 243,
                    "part": "3",
                    "replacement-node": 242,
                    "template-line-number": 1035,
                    "node-pos": 452,
                    "name": "MOLineItems"
                },
                {
                    "expression-node": 246,
                    "part": "4",
                    "replacement-node": 245,
                    "template-line-number": 1040,
                    "node-pos": 456,
                    "name": "MOLineItems"
                },
                {
                    "expression-node": 249,
                    "part": "5",
                    "replacement-node": 248,
                    "template-line-number": 1045,
                    "node-pos": 460,
                    "name": "MOLineItems"
                },
                {
                    "expression-node": 252,
                    "part": "6",
                    "replacement-node": 251,
                    "template-line-number": 1050,
                    "node-pos": 464,
                    "name": "MOLineItems"
                },
                {
                    "expression-node": 255,
                    "part": "7",
                    "replacement-node": 254,
                    "template-line-number": 1055,
                    "node-pos": 468,
                    "name": "MOLineItems"
                },
                {
                    "expression-node": 258,
                    "part": "8",
                    "replacement-node": 257,
                    "template-line-number": 1060,
                    "node-pos": 472,
                    "name": "MOLineItems"
                },
                {
                    "expression-node": 261,
                    "part": "9",
                    "replacement-node": 260,
                    "template-line-number": 1065,
                    "node-pos": 476,
                    "name": "MOLineItems"
                }
            ],
            "name": "MOLineItems"
        },
        "rule-32": [
            {
                "expression-node": 225,
                "replacement-node": 224,
                "template-line-number": 890,
                "node-pos": 412,
                "part": null
            }
        ],
        "rule-53": [
            {
                "expression-node": 372,
                "replacement-node": 371,
                "template-line-number": 1467,
                "node-pos": 670,
                "part": null
            }
        ],
        "rule-14": [
            {
                "replacement-node": 44,
                "template-line-number": 173,
                "node-pos": 96,
                "part": null
            }
        ],
        "rule-35": [
            {
                "replacement-node": 233,
                "template-line-number": 920,
                "node-pos": 426,
                "part": null
            }
        ],
        "rule-45": [
            {
                "expression-node": 348,
                "replacement-node": 347,
                "template-line-number": 1378,
                "node-pos": 626,
                "part": null
            }
        ],
        "rule-16": [
            {
                "expression-node": 93,
                "replacement-node": 92,
                "template-line-number": 371,
                "node-pos": 182,
                "part": null
            }
        ],
        "rule-4": [
            {
                "replacement-node": 7,
                "template-line-number": 38,
                "node-pos": 19,
                "part": null
            }
        ],
        "rule-40": [
            {
                "expression-node": 291,
                "replacement-node": 290,
                "template-line-number": 1148,
                "node-pos": 526,
                "part": null
            }
        ],
        "rule-58": {
            "subs": [
                {
                    "expression-node": 201,
                    "part": "10",
                    "replacement-node": 200,
                    "template-line-number": 821,
                    "node-pos": 370,
                    "name": "IncomeBondsLineItems"
                },
                {
                    "expression-node": 204,
                    "part": "11",
                    "replacement-node": 203,
                    "template-line-number": 826,
                    "node-pos": 374,
                    "name": "IncomeBondsLineItems"
                },
                {
                    "expression-node": 207,
                    "part": "12",
                    "replacement-node": 206,
                    "template-line-number": 831,
                    "node-pos": 378,
                    "name": "IncomeBondsLineItems"
                },
                {
                    "expression-node": 210,
                    "part": "13",
                    "replacement-node": 209,
                    "template-line-number": 836,
                    "node-pos": 382,
                    "name": "IncomeBondsLineItems"
                },
                {
                    "expression-node": 213,
                    "part": "14",
                    "replacement-node": 212,
                    "template-line-number": 841,
                    "node-pos": 386,
                    "name": "IncomeBondsLineItems"
                },
                {
                    "expression-node": 177,
                    "part": "2",
                    "replacement-node": 176,
                    "template-line-number": 781,
                    "node-pos": 338,
                    "name": "IncomeBondsLineItems"
                },
                {
                    "expression-node": 180,
                    "part": "3",
                    "replacement-node": 179,
                    "template-line-number": 786,
                    "node-pos": 342,
                    "name": "IncomeBondsLineItems"
                },
                {
                    "expression-node": 183,
                    "part": "4",
                    "replacement-node": 182,
                    "template-line-number": 791,
                    "node-pos": 346,
                    "name": "IncomeBondsLineItems"
                },
                {
                    "expression-node": 186,
                    "part": "5",
                    "replacement-node": 185,
                    "template-line-number": 796,
                    "node-pos": 350,
                    "name": "IncomeBondsLineItems"
                },
                {
                    "expression-node": 189,
                    "part": "6",
                    "replacement-node": 188,
                    "template-line-number": 801,
                    "node-pos": 354,
                    "name": "IncomeBondsLineItems"
                },
                {
                    "expression-node": 192,
                    "part": "7",
                    "replacement-node": 191,
                    "template-line-number": 806,
                    "node-pos": 358,
                    "name": "IncomeBondsLineItems"
                },
                {
                    "expression-node": 195,
                    "part": "8",
                    "replacement-node": 194,
                    "template-line-number": 811,
                    "node-pos": 362,
                    "name": "IncomeBondsLineItems"
                },
                {
                    "expression-node": 198,
                    "part": "9",
                    "replacement-node": 197,
                    "template-line-number": 816,
                    "node-pos": 366,
                    "name": "IncomeBondsLineItems"
                }
            ],
            "name": "IncomeBondsLineItems"
        },
        "rule-41": [
            {
                "expression-node": 294,
                "replacement-node": 293,
                "template-line-number": 1157,
                "node-pos": 530,
                "part": null
            }
        ],
        "rule-30": [
            {
                "expression-node": 219,
                "replacement-node": 218,
                "template-line-number": 870,
                "node-pos": 402,
                "part": null
            }
        ],
        "rule-21": [
            {
                "replacement-node": 107,
                "template-line-number": 421,
                "node-pos": 206,
                "part": null
            }
        ],
        "rule-38": [
            {
                "expression-node": 285,
                "replacement-node": 284,
                "template-line-number": 1128,
                "node-pos": 516,
                "part": null
            }
        ],
        "rule-62": {
            "subs": [
                {
                    "expression-node": 327,
                    "part": "10",
                    "replacement-node": 326,
                    "template-line-number": 1320,
                    "node-pos": 590,
                    "name": "NDLineItems"
                },
                {
                    "expression-node": 330,
                    "part": "11",
                    "replacement-node": 329,
                    "template-line-number": 1325,
                    "node-pos": 594,
                    "name": "NDLineItems"
                },
                {
                    "expression-node": 333,
                    "part": "12",
                    "replacement-node": 332,
                    "template-line-number": 1330,
                    "node-pos": 598,
                    "name": "NDLineItems"
                },
                {
                    "expression-node": 336,
                    "part": "13",
                    "replacement-node": 335,
                    "template-line-number": 1335,
                    "node-pos": 602,
                    "name": "NDLineItems"
                },
                {
                    "expression-node": 339,
                    "part": "14",
                    "replacement-node": 338,
                    "template-line-number": 1340,
                    "node-pos": 606,
                    "name": "NDLineItems"
                },
                {
                    "expression-node": 303,
                    "part": "2",
                    "replacement-node": 302,
                    "template-line-number": 1280,
                    "node-pos": 558,
                    "name": "NDLineItems"
                },
                {
                    "expression-node": 306,
                    "part": "3",
                    "replacement-node": 305,
                    "template-line-number": 1285,
                    "node-pos": 562,
                    "name": "NDLineItems"
                },
                {
                    "expression-node": 309,
                    "part": "4",
                    "replacement-node": 308,
                    "template-line-number": 1290,
                    "node-pos": 566,
                    "name": "NDLineItems"
                },
                {
                    "expression-node": 312,
                    "part": "5",
                    "replacement-node": 311,
                    "template-line-number": 1295,
                    "node-pos": 570,
                    "name": "NDLineItems"
                },
                {
                    "expression-node": 315,
                    "part": "6",
                    "replacement-node": 314,
                    "template-line-number": 1300,
                    "node-pos": 574,
                    "name": "NDLineItems"
                },
                {
                    "expression-node": 318,
                    "part": "7",
                    "replacement-node": 317,
                    "template-line-number": 1305,
                    "node-pos": 578,
                    "name": "NDLineItems"
                },
                {
                    "expression-node": 321,
                    "part": "8",
                    "replacement-node": 320,
                    "template-line-number": 1310,
                    "node-pos": 582,
                    "name": "NDLineItems"
                },
                {
                    "expression-node": 324,
                    "part": "9",
                    "replacement-node": 323,
                    "template-line-number": 1315,
                    "node-pos": 586,
                    "name": "NDLineItems"
                }
            ],
            "name": "NDLineItems"
        },
        "rule-22": [
            {
                "replacement-node": 152,
                "template-line-number": 604,
                "node-pos": 282,
                "part": null
            }
        ],
        "rule-3": [
            {
                "expression-node": 5,
                "replacement-node": 4,
                "template-line-number": 32,
                "node-pos": 15,
                "part": null
            }
        ],
        "rule-6": [
            {
                "html": true,
                "replacement-node": 13,
                "template-line-number": 56,
                "node-pos": 28,
                "part": null
            }
        ],
        "rule-52": [
            {
                "expression-node": 369,
                "replacement-node": 368,
                "template-line-number": 1458,
                "node-pos": 666,
                "part": null
            }
        ],
        "rule-43": [
            {
                "replacement-node": 341,
                "template-line-number": 1352,
                "node-pos": 612,
                "part": null
            }
        ],
        "rule-57": [
            {
                "replacement-node": 383,
                "template-line-number": 1505,
                "node-pos": 688,
                "part": null
            }
        ],
        "rule-56": [
            {
                "replacement-node": 380,
                "template-line-number": 1496,
                "node-pos": 684,
                "part": null
            }
        ],
        "rule-37": [
            {
                "expression-node": 282,
                "replacement-node": 281,
                "template-line-number": 1119,
                "node-pos": 512,
                "part": null
            }
        ],
        "rule-12": [
            {
                "replacement-node": 31,
                "template-line-number": 95,
                "node-pos": 55,
                "part": null
            }
        ],
        "rule-11": [
            {
                "expression-node": 29,
                "replacement-node": 28,
                "template-line-number": 85,
                "node-pos": 49,
                "part": null
            }
        ],
        "rule-9": [
            {
                "replacement-node": 22,
                "template-line-number": 76,
                "node-pos": 41,
                "part": null
            }
        ],
        "rule-5": [
            {
                "html": true,
                "replacement-node": 10,
                "template-line-number": 44,
                "node-pos": 23,
                "part": null
            }
        ],
        "rule-17": [
            {
                "expression-node": 96,
                "replacement-node": 95,
                "template-line-number": 380,
                "node-pos": 186,
                "part": null
            }
        ],
        "rule-27": [
            {
                "expression-node": 168,
                "replacement-node": 167,
                "template-line-number": 659,
                "node-pos": 310,
                "part": null
            }
        ],
        "rule-34": [
            {
                "expression-node": 231,
                "replacement-node": 230,
                "template-line-number": 908,
                "node-pos": 420,
                "part": null
            }
        ],
        "rule-20": [
            {
                "expression-node": 105,
                "replacement-node": 104,
                "template-line-number": 409,
                "node-pos": 200,
                "part": null
            }
        ],
        "rule-19": [
            {
                "expression-node": 102,
                "replacement-node": 101,
                "template-line-number": 400,
                "node-pos": 196,
                "part": null
            }
        ],
        "rule-29": [
            {
                "replacement-node": 215,
                "template-line-number": 853,
                "node-pos": 392,
                "part": null
            }
        ],
        "rule-33": [
            {
                "expression-node": 228,
                "replacement-node": 227,
                "template-line-number": 899,
                "node-pos": 416,
                "part": null
            }
        ],
        "rule-26": [
            {
                "expression-node": 165,
                "replacement-node": 164,
                "template-line-number": 650,
                "node-pos": 306,
                "part": null
            }
        ],
        "rule-39": [
            {
                "expression-node": 288,
                "replacement-node": 287,
                "template-line-number": 1139,
                "node-pos": 522,
                "part": null
            }
        ],
        "rule-60": {
            "subs": [
                {
                    "expression-node": 138,
                    "part": "10",
                    "replacement-node": 137,
                    "template-line-number": 572,
                    "node-pos": 260,
                    "name": "CTBondsLineItems"
                },
                {
                    "expression-node": 141,
                    "part": "11",
                    "replacement-node": 140,
                    "template-line-number": 577,
                    "node-pos": 264,
                    "name": "CTBondsLineItems"
                },
                {
                    "expression-node": 144,
                    "part": "12",
                    "replacement-node": 143,
                    "template-line-number": 582,
                    "node-pos": 268,
                    "name": "CTBondsLineItems"
                },
                {
                    "expression-node": 147,
                    "part": "13",
                    "replacement-node": 146,
                    "template-line-number": 587,
                    "node-pos": 272,
                    "name": "CTBondsLineItems"
                },
                {
                    "expression-node": 150,
                    "part": "14",
                    "replacement-node": 149,
                    "template-line-number": 592,
                    "node-pos": 276,
                    "name": "CTBondsLineItems"
                },
                {
                    "expression-node": 114,
                    "part": "2",
                    "replacement-node": 113,
                    "template-line-number": 532,
                    "node-pos": 228,
                    "name": "CTBondsLineItems"
                },
                {
                    "expression-node": 117,
                    "part": "3",
                    "replacement-node": 116,
                    "template-line-number": 537,
                    "node-pos": 232,
                    "name": "CTBondsLineItems"
                },
                {
                    "expression-node": 120,
                    "part": "4",
                    "replacement-node": 119,
                    "template-line-number": 542,
                    "node-pos": 236,
                    "name": "CTBondsLineItems"
                },
                {
                    "expression-node": 123,
                    "part": "5",
                    "replacement-node": 122,
                    "template-line-number": 547,
                    "node-pos": 240,
                    "name": "CTBondsLineItems"
                },
                {
                    "expression-node": 126,
                    "part": "6",
                    "replacement-node": 125,
                    "template-line-number": 552,
                    "node-pos": 244,
                    "name": "CTBondsLineItems"
                },
                {
                    "expression-node": 129,
                    "part": "7",
                    "replacement-node": 128,
                    "template-line-number": 557,
                    "node-pos": 248,
                    "name": "CTBondsLineItems"
                },
                {
                    "expression-node": 132,
                    "part": "8",
                    "replacement-node": 131,
                    "template-line-number": 562,
                    "node-pos": 252,
                    "name": "CTBondsLineItems"
                },
                {
                    "expression-node": 135,
                    "part": "9",
                    "replacement-node": 134,
                    "template-line-number": 567,
                    "node-pos": 256,
                    "name": "CTBondsLineItems"
                }
            ],
            "name": "CTBondsLineItems"
        },
        "rule-13": [
            {
                "html": true,
                "replacement-node": 34,
                "template-line-number": 106,
                "node-pos": 60,
                "part": null
            }
        ],
        "rule-36": [
            {
                "replacement-node": 278,
                "template-line-number": 1102,
                "node-pos": 502,
                "part": null
            }
        ],
        "rule-63": {
            "subs": [
                {
                    "part": "1",
                    "extras": {},
                    "replacement-node": 38,
                    "template-line-number": 155,
                    "node-pos": 86,
                    "name": "ColumnHeadings"
                },
                {
                    "part": "2",
                    "extras": {},
                    "replacement-node": 41,
                    "template-line-number": 162,
                    "node-pos": 90,
                    "name": "ColumnHeadings"
                }
            ],
            "name": "ColumnHeadings"
        },
        "rule-42": [
            {
                "replacement-node": 296,
                "template-line-number": 1169,
                "node-pos": 536,
                "part": null
            }
        ],
        "rule-46": [
            {
                "expression-node": 351,
                "replacement-node": 350,
                "template-line-number": 1389,
                "node-pos": 632,
                "part": null
            }
        ],
        "rule-50": [
            {
                "expression-node": 363,
                "replacement-node": 362,
                "template-line-number": 1438,
                "node-pos": 656,
                "part": null
            }
        ],
        "rule-31": [
            {
                "expression-node": 222,
                "replacement-node": 221,
                "template-line-number": 879,
                "node-pos": 406,
                "part": null
            }
        ],
        "rule-48": [
            {
                "expression-node": 357,
                "replacement-node": 356,
                "template-line-number": 1407,
                "node-pos": 640,
                "part": null
            }
        ],
        "rule-23": [
            {
                "expression-node": 156,
                "replacement-node": 155,
                "template-line-number": 621,
                "node-pos": 292,
                "part": null
            }
        ],
        "rule-8": [
            {
                "expression-node": 20,
                "replacement-node": 19,
                "template-line-number": 71,
                "node-pos": 37,
                "part": null
            }
        ],
        "rule-51": [
            {
                "expression-node": 366,
                "replacement-node": 365,
                "template-line-number": 1447,
                "node-pos": 660,
                "part": null
            }
        ],
        "rule-10": [
            {
                "expression-node": 26,
                "replacement-node": 25,
                "template-line-number": 80,
                "node-pos": 45,
                "part": null
            }
        ],
        "rule-54": [
            {
                "expression-node": 375,
                "replacement-node": 374,
                "template-line-number": 1476,
                "node-pos": 674,
                "part": null
            }
        ],
        "rule-59": {
            "subs": [
                {
                    "expression-node": 75,
                    "part": "10",
                    "replacement-node": 74,
                    "template-line-number": 322,
                    "node-pos": 150,
                    "name": "MortgageBondsLineItems"
                },
                {
                    "expression-node": 78,
                    "part": "11",
                    "replacement-node": 77,
                    "template-line-number": 327,
                    "node-pos": 154,
                    "name": "MortgageBondsLineItems"
                },
                {
                    "expression-node": 81,
                    "part": "12",
                    "replacement-node": 80,
                    "template-line-number": 332,
                    "node-pos": 158,
                    "name": "MortgageBondsLineItems"
                },
                {
                    "expression-node": 84,
                    "part": "13",
                    "replacement-node": 83,
                    "template-line-number": 337,
                    "node-pos": 162,
                    "name": "MortgageBondsLineItems"
                },
                {
                    "expression-node": 87,
                    "part": "14",
                    "replacement-node": 86,
                    "template-line-number": 342,
                    "node-pos": 166,
                    "name": "MortgageBondsLineItems"
                },
                {
                    "expression-node": 51,
                    "part": "2",
                    "replacement-node": 50,
                    "template-line-number": 282,
                    "node-pos": 118,
                    "name": "MortgageBondsLineItems"
                },
                {
                    "expression-node": 54,
                    "part": "3",
                    "replacement-node": 53,
                    "template-line-number": 287,
                    "node-pos": 122,
                    "name": "MortgageBondsLineItems"
                },
                {
                    "expression-node": 57,
                    "part": "4",
                    "replacement-node": 56,
                    "template-line-number": 292,
                    "node-pos": 126,
                    "name": "MortgageBondsLineItems"
                },
                {
                    "expression-node": 60,
                    "part": "5",
                    "replacement-node": 59,
                    "template-line-number": 297,
                    "node-pos": 130,
                    "name": "MortgageBondsLineItems"
                },
                {
                    "expression-node": 63,
                    "part": "6",
                    "replacement-node": 62,
                    "template-line-number": 302,
                    "node-pos": 134,
                    "name": "MortgageBondsLineItems"
                },
                {
                    "expression-node": 66,
                    "part": "7",
                    "replacement-node": 65,
                    "template-line-number": 307,
                    "node-pos": 138,
                    "name": "MortgageBondsLineItems"
                },
                {
                    "expression-node": 69,
                    "part": "8",
                    "replacement-node": 68,
                    "template-line-number": 312,
                    "node-pos": 142,
                    "name": "MortgageBondsLineItems"
                },
                {
                    "expression-node": 72,
                    "part": "9",
                    "replacement-node": 71,
                    "template-line-number": 317,
                    "node-pos": 146,
                    "name": "MortgageBondsLineItems"
                }
            ],
            "name": "MortgageBondsLineItems"
        }
    },
    "showifs": {
        "rule-1": {
            "type": "showif",
            "template-line-number": 18
        }
    }
}