{
    "substitutions": {
        "rule-6": [
            {
                "replacement-node": 15,
                "node-pos": 32,
                "template-line-number": 61,
                "part": null
            }
        ],
        "rule-7": [
            {
                "replacement-node": 18,
                "node-pos": 37,
                "expression-node": 19,
                "template-line-number": 66,
                "part": null
            }
        ],
        "rule-14": [
            {
                "replacement-node": 76,
                "node-pos": 131,
                "expression-node": 77,
                "template-line-number": 268,
                "part": null
            }
        ],
        "rule-17": {
            "name": "GasUsedLineItems",
            "subs": [
                {
                    "extras": {},
                    "name": "GasUsedLineItems",
                    "replacement-node": 52,
                    "node-pos": 97,
                    "template-line-number": 214,
                    "part": "2"
                },
                {
                    "extras": {},
                    "name": "GasUsedLineItems",
                    "replacement-node": 49,
                    "node-pos": 93,
                    "template-line-number": 207,
                    "part": "3"
                },
                {
                    "replacement-node": 55,
                    "name": "GasUsedLineItems",
                    "expression-node": 56,
                    "node-pos": 101,
                    "template-line-number": 221,
                    "part": "4"
                },
                {
                    "replacement-node": 58,
                    "name": "GasUsedLineItems",
                    "expression-node": 59,
                    "node-pos": 105,
                    "template-line-number": 227,
                    "part": "5"
                },
                {
                    "replacement-node": 61,
                    "name": "GasUsedLineItems",
                    "expression-node": 62,
                    "node-pos": 109,
                    "template-line-number": 233,
                    "part": "6"
                },
                {
                    "replacement-node": 64,
                    "name": "GasUsedLineItems",
                    "expression-node": 65,
                    "node-pos": 113,
                    "template-line-number": 239,
                    "part": "7"
                },
                {
                    "replacement-node": 67,
                    "name": "GasUsedLineItems",
                    "expression-node": 68,
                    "node-pos": 117,
                    "template-line-number": 245,
                    "part": "8"
                },
                {
                    "replacement-node": 70,
                    "name": "GasUsedLineItems",
                    "expression-node": 71,
                    "node-pos": 121,
                    "template-line-number": 251,
                    "part": "8"
                },
                {
                    "replacement-node": 73,
                    "name": "GasUsedLineItems",
                    "expression-node": 74,
                    "node-pos": 125,
                    "template-line-number": 257,
                    "part": "8"
                }
            ]
        },
        "rule-11": [
            {
                "replacement-node": 30,
                "node-pos": 56,
                "template-line-number": 91,
                "part": null
            }
        ],
        "rule-18": {
            "name": "InvHeadings",
            "subs": [
                {
                    "extras": {},
                    "name": "InvHeadings",
                    "replacement-node": 42,
                    "node-pos": 83,
                    "template-line-number": 148,
                    "part": "1"
                },
                {
                    "extras": {},
                    "name": "InvHeadings",
                    "replacement-node": 45,
                    "node-pos": 87,
                    "template-line-number": 157,
                    "part": "2"
                },
                {
                    "extras": {},
                    "name": "InvHeadings",
                    "replacement-node": 40,
                    "node-pos": 81,
                    "template-line-number": 144,
                    "part": "3"
                }
            ]
        },
        "rule-4": [
            {
                "replacement-node": 9,
                "html": true,
                "node-pos": 22,
                "template-line-number": 38,
                "part": null
            }
        ],
        "rule-13": [
            {
                "replacement-node": 36,
                "node-pos": 71,
                "template-line-number": 118,
                "part": null
            }
        ],
        "rule-10": [
            {
                "replacement-node": 27,
                "node-pos": 50,
                "expression-node": 28,
                "template-line-number": 81,
                "part": null
            }
        ],
        "rule-8": [
            {
                "replacement-node": 21,
                "node-pos": 41,
                "template-line-number": 71,
                "part": null
            }
        ],
        "rule-15": [
            {
                "replacement-node": 79,
                "node-pos": 135,
                "template-line-number": 273,
                "part": null
            }
        ],
        "rule-12": [
            {
                "replacement-node": 33,
                "html": true,
                "node-pos": 61,
                "template-line-number": 102,
                "part": null
            }
        ],
        "rule-3": [
            {
                "replacement-node": 6,
                "node-pos": 18,
                "template-line-number": 32,
                "part": null
            }
        ],
        "rule-16": [
            {
                "replacement-node": 82,
                "node-pos": 139,
                "template-line-number": 282,
                "part": null
            }
        ],
        "rule-5": [
            {
                "replacement-node": 12,
                "html": true,
                "node-pos": 27,
                "template-line-number": 50,
                "part": null
            }
        ],
        "rule-2": [
            {
                "replacement-node": 3,
                "node-pos": 14,
                "expression-node": 4,
                "template-line-number": 26,
                "part": null
            }
        ],
        "rule-9": [
            {
                "replacement-node": 24,
                "node-pos": 46,
                "expression-node": 25,
                "template-line-number": 76,
                "part": null
            }
        ],
        "rule-1": [
            {
                "replacement-node": 0,
                "node-pos": 9,
                "template-line-number": 21,
                "part": null
            }
        ]
    },
    "line-numbers": {},
    "showifs": {}
}