{
    "substitutions": {
        "rule-15": [
            {
                "template-line-number": 260,
                "expression-node": 71,
                "replacement-node": 70,
                "part": null,
                "node-pos": 121
            }
        ],
        "rule-18": {
            "name": "ListHeadings",
            "subs": [
                {
                    "node-pos": 66,
                    "replacement-node": 37,
                    "name": "ListHeadings",
                    "template-line-number": 124,
                    "part": "1",
                    "extras": {}
                },
                {
                    "node-pos": 70,
                    "replacement-node": 40,
                    "name": "ListHeadings",
                    "template-line-number": 131,
                    "part": "2",
                    "extras": {}
                }
            ]
        },
        "rule-1": [
            {
                "template-line-number": 21,
                "replacement-node": 0,
                "part": null,
                "node-pos": 9
            }
        ],
        "rule-9": [
            {
                "template-line-number": 76,
                "expression-node": 25,
                "replacement-node": 24,
                "part": null,
                "node-pos": 43
            }
        ],
        "rule-17": [
            {
                "template-line-number": 274,
                "replacement-node": 76,
                "part": null,
                "node-pos": 129
            }
        ],
        "rule-13": [
            {
                "html": true,
                "template-line-number": 221,
                "replacement-node": 64,
                "part": null,
                "node-pos": 106
            }
        ],
        "rule-19": {
            "name": "ListLineItems",
            "subs": [
                {
                    "node-pos": 76,
                    "replacement-node": 44,
                    "name": "ListLineItems",
                    "template-line-number": 177,
                    "part": "1",
                    "extras": {}
                },
                {
                    "node-pos": 84,
                    "replacement-node": 49,
                    "name": "ListLineItems",
                    "template-line-number": 188,
                    "part": "2",
                    "extras": {}
                },
                {
                    "node-pos": 90,
                    "replacement-node": 53,
                    "name": "ListLineItems",
                    "template-line-number": 199,
                    "part": "3",
                    "extras": {}
                },
                {
                    "node-pos": 94,
                    "replacement-node": 56,
                    "name": "ListLineItems",
                    "template-line-number": 206,
                    "part": "4",
                    "extras": {}
                },
                {
                    "node-pos": 97,
                    "expression-node": 59,
                    "replacement-node": 58,
                    "name": "ListLineItems",
                    "template-line-number": 210,
                    "part": "5"
                },
                {
                    "node-pos": 82,
                    "replacement-node": 47,
                    "name": "ListLineItems",
                    "template-line-number": 184,
                    "part": "6",
                    "extras": {}
                },
                {
                    "node-pos": 99,
                    "expression-node": 61,
                    "replacement-node": 60,
                    "name": "ListLineItems",
                    "template-line-number": 211,
                    "part": "6"
                },
                {
                    "node-pos": 101,
                    "expression-node": 63,
                    "replacement-node": 62,
                    "name": "ListLineItems",
                    "template-line-number": 212,
                    "part": "7"
                }
            ]
        },
        "rule-4": [
            {
                "html": true,
                "template-line-number": 38,
                "replacement-node": 9,
                "part": null,
                "node-pos": 21
            }
        ],
        "rule-3": [
            {
                "template-line-number": 32,
                "replacement-node": 6,
                "part": null,
                "node-pos": 17
            }
        ],
        "rule-12": [
            {
                "html": true,
                "template-line-number": 101,
                "replacement-node": 33,
                "part": null,
                "node-pos": 58
            }
        ],
        "rule-5": [
            {
                "html": true,
                "template-line-number": 50,
                "replacement-node": 12,
                "part": null,
                "node-pos": 26
            }
        ],
        "rule-2": [
            {
                "template-line-number": 26,
                "expression-node": 4,
                "replacement-node": 3,
                "part": null,
                "node-pos": 13
            }
        ],
        "rule-10": [
            {
                "template-line-number": 81,
                "expression-node": 28,
                "replacement-node": 27,
                "part": null,
                "node-pos": 47
            }
        ],
        "rule-11": [
            {
                "template-line-number": 91,
                "replacement-node": 30,
                "part": null,
                "node-pos": 53
            }
        ],
        "rule-7": [
            {
                "template-line-number": 66,
                "expression-node": 19,
                "replacement-node": 18,
                "part": null,
                "node-pos": 35
            }
        ],
        "rule-6": [
            {
                "template-line-number": 61,
                "replacement-node": 15,
                "part": null,
                "node-pos": 31
            }
        ],
        "rule-16": [
            {
                "template-line-number": 265,
                "replacement-node": 73,
                "part": null,
                "node-pos": 125
            }
        ],
        "rule-14": [
            {
                "html": true,
                "template-line-number": 232,
                "replacement-node": 67,
                "part": null,
                "node-pos": 111
            }
        ],
        "rule-8": [
            {
                "template-line-number": 71,
                "replacement-node": 21,
                "part": null,
                "node-pos": 39
            }
        ]
    },
    "showifs": {},
    "line-numbers": {}
}