{
    "line-numbers": {},
    "substitutions": {
        "rule-3": [
            {
                "replacement-node": 6,
                "template-line-number": 32,
                "part": null,
                "node-pos": 17
            }
        ],
        "rule-14": [
            {
                "replacement-node": 63,
                "html": true,
                "template-line-number": 222,
                "part": null,
                "node-pos": 107
            }
        ],
        "rule-2": [
            {
                "replacement-node": 3,
                "expression-node": 4,
                "template-line-number": 26,
                "part": null,
                "node-pos": 13
            }
        ],
        "rule-17": [
            {
                "replacement-node": 72,
                "template-line-number": 264,
                "part": null,
                "node-pos": 125
            }
        ],
        "rule-10": [
            {
                "replacement-node": 27,
                "expression-node": 28,
                "template-line-number": 81,
                "part": null,
                "node-pos": 47
            }
        ],
        "rule-19": {
            "subs": [
                {
                    "replacement-node": 44,
                    "extras": {},
                    "template-line-number": 169,
                    "name": "ListLineItems",
                    "part": "1",
                    "node-pos": 76
                },
                {
                    "replacement-node": 49,
                    "extras": {},
                    "template-line-number": 180,
                    "name": "ListLineItems",
                    "part": "2",
                    "node-pos": 84
                },
                {
                    "replacement-node": 53,
                    "extras": {},
                    "template-line-number": 191,
                    "name": "ListLineItems",
                    "part": "3",
                    "node-pos": 90
                },
                {
                    "replacement-node": 56,
                    "extras": {},
                    "template-line-number": 198,
                    "name": "ListLineItems",
                    "part": "4",
                    "node-pos": 94
                },
                {
                    "replacement-node": 58,
                    "expression-node": 59,
                    "template-line-number": 202,
                    "name": "ListLineItems",
                    "part": "5",
                    "node-pos": 97
                },
                {
                    "replacement-node": 47,
                    "extras": {},
                    "template-line-number": 176,
                    "name": "ListLineItems",
                    "part": "6",
                    "node-pos": 82
                }
            ],
            "name": "ListLineItems"
        },
        "rule-8": [
            {
                "replacement-node": 21,
                "template-line-number": 71,
                "part": null,
                "node-pos": 39
            }
        ],
        "rule-11": [
            {
                "replacement-node": 30,
                "template-line-number": 91,
                "part": null,
                "node-pos": 53
            }
        ],
        "rule-1": [
            {
                "replacement-node": 0,
                "template-line-number": 21,
                "part": null,
                "node-pos": 9
            }
        ],
        "rule-12": [
            {
                "replacement-node": 33,
                "html": true,
                "template-line-number": 101,
                "part": null,
                "node-pos": 58
            }
        ],
        "rule-5": [
            {
                "replacement-node": 12,
                "html": true,
                "template-line-number": 50,
                "part": null,
                "node-pos": 26
            }
        ],
        "rule-4": [
            {
                "replacement-node": 9,
                "html": true,
                "template-line-number": 38,
                "part": null,
                "node-pos": 21
            }
        ],
        "rule-6": [
            {
                "replacement-node": 15,
                "template-line-number": 61,
                "part": null,
                "node-pos": 31
            }
        ],
        "rule-7": [
            {
                "replacement-node": 18,
                "expression-node": 19,
                "template-line-number": 66,
                "part": null,
                "node-pos": 35
            }
        ],
        "rule-18": {
            "subs": [
                {
                    "replacement-node": 37,
                    "extras": {},
                    "template-line-number": 124,
                    "name": "ListHeadings",
                    "part": "1",
                    "node-pos": 66
                },
                {
                    "replacement-node": 40,
                    "extras": {},
                    "template-line-number": 131,
                    "name": "ListHeadings",
                    "part": "2",
                    "node-pos": 70
                }
            ],
            "name": "ListHeadings"
        },
        "rule-16": [
            {
                "replacement-node": 69,
                "template-line-number": 255,
                "part": null,
                "node-pos": 121
            }
        ],
        "rule-15": [
            {
                "replacement-node": 66,
                "expression-node": 67,
                "template-line-number": 250,
                "part": null,
                "node-pos": 117
            }
        ],
        "rule-13": [
            {
                "replacement-node": 60,
                "html": true,
                "template-line-number": 211,
                "part": null,
                "node-pos": 102
            }
        ],
        "rule-9": [
            {
                "replacement-node": 24,
                "expression-node": 25,
                "template-line-number": 76,
                "part": null,
                "node-pos": 43
            }
        ]
    },
    "showifs": {}
}