{
    "line-numbers": {},
    "showifs": {},
    "substitutions": {
        "rule-3": [
            {
                "node-pos": 17,
                "template-line-number": 32,
                "replacement-node": 6,
                "part": null
            }
        ],
        "rule-16": {
            "subs": [
                {
                    "extras": {},
                    "node-pos": 83,
                    "part": "1",
                    "template-line-number": 325,
                    "name": "CFLineItems",
                    "replacement-node": 44
                },
                {
                    "node-pos": 91,
                    "replacement-node": 49,
                    "part": "2",
                    "template-line-number": 338,
                    "name": "CFLineItems",
                    "expression-node": 50
                },
                {
                    "node-pos": 97,
                    "replacement-node": 54,
                    "part": "4",
                    "template-line-number": 349,
                    "name": "CFLineItems",
                    "expression-node": 55
                },
                {
                    "node-pos": 102,
                    "replacement-node": 58,
                    "part": "4",
                    "template-line-number": 360,
                    "name": "CFLineItems",
                    "expression-node": 59
                },
                {
                    "node-pos": 107,
                    "replacement-node": 62,
                    "part": "5",
                    "template-line-number": 369,
                    "name": "CFLineItems",
                    "expression-node": 63
                },
                {
                    "extras": {},
                    "node-pos": 89,
                    "part": "6",
                    "template-line-number": 332,
                    "name": "CFLineItems",
                    "replacement-node": 47
                }
            ],
            "name": "CFLineItems"
        },
        "rule-17": {
            "subs": [
                {
                    "extras": {},
                    "node-pos": 73,
                    "part": "1",
                    "template-line-number": 131,
                    "name": "ISHeadings",
                    "replacement-node": 37
                },
                {
                    "extras": {},
                    "node-pos": 77,
                    "part": "2",
                    "template-line-number": 138,
                    "name": "ISHeadings",
                    "replacement-node": 40
                }
            ],
            "name": "ISHeadings"
        },
        "rule-13": [
            {
                "node-pos": 114,
                "expression-node": 67,
                "template-line-number": 383,
                "replacement-node": 66,
                "part": null
            }
        ],
        "rule-2": [
            {
                "node-pos": 13,
                "expression-node": 4,
                "template-line-number": 26,
                "replacement-node": 3,
                "part": null
            }
        ],
        "rule-5": [
            {
                "node-pos": 26,
                "html": true,
                "template-line-number": 50,
                "replacement-node": 12,
                "part": null
            }
        ],
        "rule-6": [
            {
                "node-pos": 31,
                "template-line-number": 61,
                "replacement-node": 15,
                "part": null
            }
        ],
        "rule-7": [
            {
                "node-pos": 35,
                "expression-node": 19,
                "template-line-number": 66,
                "replacement-node": 18,
                "part": null
            }
        ],
        "rule-12": [
            {
                "node-pos": 59,
                "html": true,
                "template-line-number": 102,
                "replacement-node": 33,
                "part": null
            }
        ],
        "rule-4": [
            {
                "node-pos": 21,
                "html": true,
                "template-line-number": 38,
                "replacement-node": 9,
                "part": null
            }
        ],
        "rule-10": [
            {
                "node-pos": 48,
                "expression-node": 28,
                "template-line-number": 81,
                "replacement-node": 27,
                "part": null
            }
        ],
        "rule-1": [
            {
                "node-pos": 9,
                "template-line-number": 21,
                "replacement-node": 0,
                "part": null
            }
        ],
        "rule-11": [
            {
                "node-pos": 54,
                "template-line-number": 91,
                "replacement-node": 30,
                "part": null
            }
        ],
        "rule-8": [
            {
                "node-pos": 39,
                "template-line-number": 71,
                "replacement-node": 21,
                "part": null
            }
        ],
        "rule-9": [
            {
                "node-pos": 44,
                "expression-node": 25,
                "template-line-number": 76,
                "replacement-node": 24,
                "part": null
            }
        ],
        "rule-15": [
            {
                "node-pos": 122,
                "template-line-number": 397,
                "replacement-node": 72,
                "part": null
            }
        ],
        "rule-14": [
            {
                "node-pos": 118,
                "template-line-number": 388,
                "replacement-node": 69,
                "part": null
            }
        ]
    }
}