{
    "line-numbers": {},
    "showifs": {
        "rule-1": {
            "type": "showif",
            "template-line-number": 17
        }
    },
    "substitutions": {
        "rule-3": [
            {
                "expression-node": 5,
                "part": null,
                "node-pos": 14,
                "replacement-node": 4,
                "template-line-number": 32
            }
        ],
        "rule-14": [
            {
                "expression-node": 70,
                "part": null,
                "node-pos": 117,
                "replacement-node": 69,
                "template-line-number": 391
            }
        ],
        "rule-18": {
            "subs": [
                {
                    "extras": {},
                    "replacement-node": 38,
                    "template-line-number": 137,
                    "part": "1",
                    "node-pos": 74,
                    "name": "ISHeadings"
                },
                {
                    "extras": {},
                    "replacement-node": 41,
                    "template-line-number": 144,
                    "part": "2",
                    "node-pos": 78,
                    "name": "ISHeadings"
                }
            ],
            "name": "ISHeadings"
        },
        "rule-13": [
            {
                "part": null,
                "node-pos": 60,
                "html": true,
                "replacement-node": 34,
                "template-line-number": 108
            }
        ],
        "rule-17": {
            "subs": [
                {
                    "extras": {},
                    "replacement-node": 45,
                    "template-line-number": 331,
                    "part": "1",
                    "node-pos": 84,
                    "name": "CFLineItems"
                },
                {
                    "expression-node": 51,
                    "replacement-node": 50,
                    "template-line-number": 344,
                    "part": "2",
                    "node-pos": 92,
                    "name": "CFLineItems"
                },
                {
                    "expression-node": 56,
                    "replacement-node": 55,
                    "template-line-number": 355,
                    "part": "4",
                    "node-pos": 98,
                    "name": "CFLineItems"
                },
                {
                    "expression-node": 60,
                    "replacement-node": 59,
                    "template-line-number": 366,
                    "part": "4",
                    "node-pos": 103,
                    "name": "CFLineItems"
                },
                {
                    "expression-node": 65,
                    "replacement-node": 64,
                    "template-line-number": 376,
                    "part": "5",
                    "node-pos": 109,
                    "name": "CFLineItems"
                },
                {
                    "extras": {},
                    "replacement-node": 48,
                    "template-line-number": 338,
                    "part": "6",
                    "node-pos": 90,
                    "name": "CFLineItems"
                }
            ],
            "name": "CFLineItems"
        },
        "rule-4": [
            {
                "part": null,
                "node-pos": 18,
                "replacement-node": 7,
                "template-line-number": 38
            }
        ],
        "rule-6": [
            {
                "part": null,
                "node-pos": 27,
                "html": true,
                "replacement-node": 13,
                "template-line-number": 56
            }
        ],
        "rule-2": [
            {
                "part": null,
                "node-pos": 10,
                "replacement-node": 1,
                "template-line-number": 27
            }
        ],
        "rule-12": [
            {
                "part": null,
                "node-pos": 55,
                "replacement-node": 31,
                "template-line-number": 97
            }
        ],
        "rule-5": [
            {
                "part": null,
                "node-pos": 22,
                "html": true,
                "replacement-node": 10,
                "template-line-number": 44
            }
        ],
        "rule-8": [
            {
                "expression-node": 20,
                "part": null,
                "node-pos": 36,
                "replacement-node": 19,
                "template-line-number": 72
            }
        ],
        "rule-10": [
            {
                "expression-node": 26,
                "part": null,
                "node-pos": 45,
                "replacement-node": 25,
                "template-line-number": 82
            }
        ],
        "rule-11": [
            {
                "expression-node": 29,
                "part": null,
                "node-pos": 49,
                "replacement-node": 28,
                "template-line-number": 87
            }
        ],
        "rule-9": [
            {
                "part": null,
                "node-pos": 40,
                "replacement-node": 22,
                "template-line-number": 77
            }
        ],
        "rule-15": [
            {
                "part": null,
                "node-pos": 121,
                "replacement-node": 72,
                "template-line-number": 396
            }
        ],
        "rule-16": [
            {
                "part": null,
                "node-pos": 125,
                "replacement-node": 75,
                "template-line-number": 405
            }
        ],
        "rule-7": [
            {
                "part": null,
                "node-pos": 32,
                "replacement-node": 16,
                "template-line-number": 67
            }
        ]
    }
}