{
    "substitutions": {
        "rule-3": [
            {
                "part": null,
                "template-line-number": 34,
                "replacement-node": 6,
                "node-pos": 18
            }
        ],
        "rule-13": [
            {
                "expression-node": 61,
                "part": null,
                "template-line-number": 225,
                "replacement-node": 60,
                "node-pos": 105
            }
        ],
        "rule-2": [
            {
                "expression-node": 4,
                "part": null,
                "template-line-number": 28,
                "replacement-node": 3,
                "node-pos": 14
            }
        ],
        "rule-17": {
            "subs": [
                {
                    "part": "2",
                    "template-line-number": 198,
                    "name": "ControlledByRespondent",
                    "replacement-node": 48,
                    "expression-node": 49,
                    "node-pos": 87
                },
                {
                    "part": "3",
                    "template-line-number": 203,
                    "name": "ControlledByRespondent",
                    "replacement-node": 51,
                    "node-pos": 91,
                    "extras": {}
                },
                {
                    "part": "4",
                    "template-line-number": 208,
                    "name": "ControlledByRespondent",
                    "replacement-node": 54,
                    "expression-node": 55,
                    "node-pos": 95
                },
                {
                    "part": "5",
                    "template-line-number": 213,
                    "name": "ControlledByRespondent",
                    "replacement-node": 57,
                    "expression-node": 58,
                    "node-pos": 99
                }
            ],
            "name": "ControlledByRespondent"
        },
        "rule-11": [
            {
                "part": null,
                "template-line-number": 93,
                "replacement-node": 30,
                "node-pos": 54
            }
        ],
        "rule-10": [
            {
                "expression-node": 28,
                "part": null,
                "template-line-number": 83,
                "replacement-node": 27,
                "node-pos": 48
            }
        ],
        "rule-12": [
            {
                "part": null,
                "template-line-number": 104,
                "html": true,
                "replacement-node": 33,
                "node-pos": 59
            }
        ],
        "rule-5": [
            {
                "part": null,
                "template-line-number": 52,
                "html": true,
                "replacement-node": 12,
                "node-pos": 27
            }
        ],
        "rule-16": {
            "subs": [
                {
                    "part": "1",
                    "template-line-number": 137,
                    "name": "ListHeadings",
                    "replacement-node": 39,
                    "node-pos": 74,
                    "extras": {}
                },
                {
                    "part": "2",
                    "template-line-number": 146,
                    "name": "ListHeadings",
                    "replacement-node": 42,
                    "node-pos": 78,
                    "extras": {}
                },
                {
                    "part": "3",
                    "template-line-number": 133,
                    "name": "ListHeadings",
                    "replacement-node": 37,
                    "node-pos": 72,
                    "extras": {}
                }
            ],
            "name": "ListHeadings"
        },
        "rule-14": [
            {
                "part": null,
                "template-line-number": 230,
                "replacement-node": 63,
                "node-pos": 109
            }
        ],
        "rule-6": [
            {
                "part": null,
                "template-line-number": 63,
                "replacement-node": 15,
                "node-pos": 32
            }
        ],
        "rule-7": [
            {
                "expression-node": 19,
                "part": null,
                "template-line-number": 68,
                "replacement-node": 18,
                "node-pos": 36
            }
        ],
        "rule-4": [
            {
                "part": null,
                "template-line-number": 40,
                "html": true,
                "replacement-node": 9,
                "node-pos": 22
            }
        ],
        "rule-9": [
            {
                "expression-node": 25,
                "part": null,
                "template-line-number": 78,
                "replacement-node": 24,
                "node-pos": 44
            }
        ],
        "rule-1": [
            {
                "part": null,
                "template-line-number": 22,
                "replacement-node": 0,
                "node-pos": 10
            }
        ],
        "rule-15": [
            {
                "part": null,
                "template-line-number": 240,
                "replacement-node": 66,
                "node-pos": 113
            }
        ],
        "rule-8": [
            {
                "part": null,
                "template-line-number": 73,
                "replacement-node": 21,
                "node-pos": 40
            }
        ]
    },
    "showifs": {},
    "line-numbers": {
        "ControlledByRespondent": [
            {
                "template-line-number": 195,
                "line-number-node": 46,
                "start-number": 1
            }
        ]
    }
}