{
    "showifs": {},
    "substitutions": {
        "rule-5": [
            {
                "template-line-number": 49,
                "html": true,
                "part": null,
                "node-pos": 26,
                "replacement-node": 12
            }
        ],
        "rule-10": [
            {
                "template-line-number": 78,
                "expression-node": 28,
                "part": null,
                "node-pos": 47,
                "replacement-node": 27
            }
        ],
        "rule-2": [
            {
                "template-line-number": 25,
                "expression-node": 4,
                "part": null,
                "node-pos": 13,
                "replacement-node": 3
            }
        ],
        "rule-23": {
            "name": "StudyCostHeadings",
            "subs": [
                {
                    "template-line-number": 136,
                    "name": "StudyCostHeadings",
                    "extras": {},
                    "replacement-node": 39,
                    "part": "1",
                    "node-pos": 75
                },
                {
                    "template-line-number": 145,
                    "name": "StudyCostHeadings",
                    "extras": {},
                    "replacement-node": 42,
                    "part": "2",
                    "node-pos": 79
                },
                {
                    "template-line-number": 132,
                    "name": "StudyCostHeadings",
                    "extras": {},
                    "replacement-node": 37,
                    "part": "3",
                    "node-pos": 73
                }
            ]
        },
        "rule-8": [
            {
                "template-line-number": 69,
                "part": null,
                "node-pos": 39,
                "replacement-node": 21
            }
        ],
        "rule-3": [
            {
                "template-line-number": 31,
                "part": null,
                "node-pos": 17,
                "replacement-node": 6
            }
        ],
        "rule-9": [
            {
                "template-line-number": 73,
                "expression-node": 25,
                "part": null,
                "node-pos": 43,
                "replacement-node": 24
            }
        ],
        "rule-19": [
            {
                "template-line-number": 347,
                "expression-node": 89,
                "part": null,
                "node-pos": 147,
                "replacement-node": 88
            }
        ],
        "rule-13": [
            {
                "template-line-number": 283,
                "part": null,
                "node-pos": 119,
                "replacement-node": 70
            }
        ],
        "rule-7": [
            {
                "template-line-number": 64,
                "expression-node": 19,
                "part": null,
                "node-pos": 35,
                "replacement-node": 18
            }
        ],
        "rule-17": [
            {
                "template-line-number": 325,
                "expression-node": 83,
                "part": null,
                "node-pos": 137,
                "replacement-node": 82
            }
        ],
        "rule-12": [
            {
                "template-line-number": 103,
                "html": true,
                "part": null,
                "node-pos": 60,
                "replacement-node": 33
            }
        ],
        "rule-16": [
            {
                "template-line-number": 313,
                "expression-node": 80,
                "part": null,
                "node-pos": 132,
                "replacement-node": 79
            }
        ],
        "rule-22": {
            "name": "UnrecoveredPlantAndRegulatoryStudyCosts",
            "subs": [
                {
                    "template-line-number": 238,
                    "expression-node": 50,
                    "name": "UnrecoveredPlantAndRegulatoryStudyCosts",
                    "replacement-node": 49,
                    "part": "2",
                    "node-pos": 89
                },
                {
                    "template-line-number": 243,
                    "expression-node": 53,
                    "name": "UnrecoveredPlantAndRegulatoryStudyCosts",
                    "replacement-node": 52,
                    "part": "3",
                    "node-pos": 93
                },
                {
                    "template-line-number": 248,
                    "expression-node": 56,
                    "name": "UnrecoveredPlantAndRegulatoryStudyCosts",
                    "replacement-node": 55,
                    "part": "4",
                    "node-pos": 97
                },
                {
                    "template-line-number": 253,
                    "expression-node": 59,
                    "name": "UnrecoveredPlantAndRegulatoryStudyCosts",
                    "replacement-node": 58,
                    "part": "5",
                    "node-pos": 101
                },
                {
                    "template-line-number": 260,
                    "expression-node": 62,
                    "name": "UnrecoveredPlantAndRegulatoryStudyCosts",
                    "replacement-node": 61,
                    "part": "6",
                    "node-pos": 105
                },
                {
                    "template-line-number": 267,
                    "expression-node": 65,
                    "name": "UnrecoveredPlantAndRegulatoryStudyCosts",
                    "replacement-node": 64,
                    "part": "7",
                    "node-pos": 109
                },
                {
                    "template-line-number": 272,
                    "expression-node": 68,
                    "name": "UnrecoveredPlantAndRegulatoryStudyCosts",
                    "replacement-node": 67,
                    "part": "8",
                    "node-pos": 113
                }
            ]
        },
        "rule-20": [
            {
                "template-line-number": 352,
                "part": null,
                "node-pos": 151,
                "replacement-node": 91
            }
        ],
        "rule-1": [
            {
                "template-line-number": 21,
                "part": null,
                "node-pos": 9,
                "replacement-node": 0
            }
        ],
        "rule-14": [
            {
                "template-line-number": 295,
                "expression-node": 74,
                "part": null,
                "node-pos": 124,
                "replacement-node": 73
            }
        ],
        "rule-18": [
            {
                "template-line-number": 334,
                "expression-node": 86,
                "part": null,
                "node-pos": 141,
                "replacement-node": 85
            }
        ],
        "rule-11": [
            {
                "template-line-number": 92,
                "part": null,
                "node-pos": 55,
                "replacement-node": 30
            }
        ],
        "rule-15": [
            {
                "template-line-number": 304,
                "expression-node": 77,
                "part": null,
                "node-pos": 128,
                "replacement-node": 76
            }
        ],
        "rule-4": [
            {
                "template-line-number": 37,
                "html": true,
                "part": null,
                "node-pos": 21,
                "replacement-node": 9
            }
        ],
        "rule-21": [
            {
                "template-line-number": 361,
                "part": null,
                "node-pos": 155,
                "replacement-node": 94
            }
        ],
        "rule-6": [
            {
                "template-line-number": 60,
                "part": null,
                "node-pos": 31,
                "replacement-node": 15
            }
        ]
    },
    "line-numbers": {
        "UnrecoveredPlantAndRegulatoryStudyCosts": [
            {
                "line-number-node": 46,
                "template-line-number": 234,
                "start-number": 16
            }
        ]
    }
}