{
    "substitutions": {
        "rule-14": [
            {
                "expression-node": 74,
                "replacement-node": 73,
                "part": null,
                "node-pos": 124,
                "template-line-number": 295
            }
        ],
        "rule-19": [
            {
                "expression-node": 89,
                "replacement-node": 88,
                "part": null,
                "node-pos": 147,
                "template-line-number": 347
            }
        ],
        "rule-8": [
            {
                "node-pos": 39,
                "replacement-node": 21,
                "part": null,
                "template-line-number": 69
            }
        ],
        "rule-16": [
            {
                "expression-node": 80,
                "replacement-node": 79,
                "part": null,
                "node-pos": 132,
                "template-line-number": 313
            }
        ],
        "rule-5": [
            {
                "node-pos": 26,
                "html": true,
                "replacement-node": 12,
                "part": null,
                "template-line-number": 49
            }
        ],
        "rule-13": [
            {
                "node-pos": 119,
                "replacement-node": 70,
                "part": null,
                "template-line-number": 283
            }
        ],
        "rule-7": [
            {
                "expression-node": 19,
                "replacement-node": 18,
                "part": null,
                "node-pos": 35,
                "template-line-number": 64
            }
        ],
        "rule-23": {
            "subs": [
                {
                    "part": "1",
                    "replacement-node": 39,
                    "template-line-number": 136,
                    "node-pos": 75,
                    "extras": {},
                    "name": "StudyCostHeadings"
                },
                {
                    "part": "2",
                    "replacement-node": 42,
                    "template-line-number": 145,
                    "node-pos": 79,
                    "extras": {},
                    "name": "StudyCostHeadings"
                },
                {
                    "part": "3",
                    "replacement-node": 37,
                    "template-line-number": 132,
                    "node-pos": 73,
                    "extras": {},
                    "name": "StudyCostHeadings"
                }
            ],
            "name": "StudyCostHeadings"
        },
        "rule-21": [
            {
                "node-pos": 155,
                "replacement-node": 94,
                "part": null,
                "template-line-number": 361
            }
        ],
        "rule-6": [
            {
                "node-pos": 31,
                "replacement-node": 15,
                "part": null,
                "template-line-number": 60
            }
        ],
        "rule-20": [
            {
                "node-pos": 151,
                "replacement-node": 91,
                "part": null,
                "template-line-number": 352
            }
        ],
        "rule-17": [
            {
                "expression-node": 83,
                "replacement-node": 82,
                "part": null,
                "node-pos": 137,
                "template-line-number": 325
            }
        ],
        "rule-22": {
            "subs": [
                {
                    "part": "2",
                    "replacement-node": 49,
                    "template-line-number": 238,
                    "node-pos": 89,
                    "expression-node": 50,
                    "name": "UnrecoveredPlantAndRegulatoryStudyCosts"
                },
                {
                    "part": "3",
                    "replacement-node": 52,
                    "template-line-number": 243,
                    "node-pos": 93,
                    "expression-node": 53,
                    "name": "UnrecoveredPlantAndRegulatoryStudyCosts"
                },
                {
                    "part": "4",
                    "replacement-node": 55,
                    "template-line-number": 248,
                    "node-pos": 97,
                    "expression-node": 56,
                    "name": "UnrecoveredPlantAndRegulatoryStudyCosts"
                },
                {
                    "part": "5",
                    "replacement-node": 58,
                    "template-line-number": 253,
                    "node-pos": 101,
                    "expression-node": 59,
                    "name": "UnrecoveredPlantAndRegulatoryStudyCosts"
                },
                {
                    "part": "6",
                    "replacement-node": 61,
                    "template-line-number": 260,
                    "node-pos": 105,
                    "expression-node": 62,
                    "name": "UnrecoveredPlantAndRegulatoryStudyCosts"
                },
                {
                    "part": "7",
                    "replacement-node": 64,
                    "template-line-number": 267,
                    "node-pos": 109,
                    "expression-node": 65,
                    "name": "UnrecoveredPlantAndRegulatoryStudyCosts"
                },
                {
                    "part": "8",
                    "replacement-node": 67,
                    "template-line-number": 272,
                    "node-pos": 113,
                    "expression-node": 68,
                    "name": "UnrecoveredPlantAndRegulatoryStudyCosts"
                }
            ],
            "name": "UnrecoveredPlantAndRegulatoryStudyCosts"
        },
        "rule-18": [
            {
                "expression-node": 86,
                "replacement-node": 85,
                "part": null,
                "node-pos": 141,
                "template-line-number": 334
            }
        ],
        "rule-4": [
            {
                "node-pos": 21,
                "html": true,
                "replacement-node": 9,
                "part": null,
                "template-line-number": 37
            }
        ],
        "rule-3": [
            {
                "node-pos": 17,
                "replacement-node": 6,
                "part": null,
                "template-line-number": 31
            }
        ],
        "rule-1": [
            {
                "node-pos": 9,
                "replacement-node": 0,
                "part": null,
                "template-line-number": 21
            }
        ],
        "rule-11": [
            {
                "node-pos": 55,
                "replacement-node": 30,
                "part": null,
                "template-line-number": 92
            }
        ],
        "rule-12": [
            {
                "node-pos": 60,
                "html": true,
                "replacement-node": 33,
                "part": null,
                "template-line-number": 103
            }
        ],
        "rule-9": [
            {
                "expression-node": 25,
                "replacement-node": 24,
                "part": null,
                "node-pos": 43,
                "template-line-number": 73
            }
        ],
        "rule-10": [
            {
                "expression-node": 28,
                "replacement-node": 27,
                "part": null,
                "node-pos": 47,
                "template-line-number": 78
            }
        ],
        "rule-15": [
            {
                "expression-node": 77,
                "replacement-node": 76,
                "part": null,
                "node-pos": 128,
                "template-line-number": 304
            }
        ],
        "rule-2": [
            {
                "expression-node": 4,
                "replacement-node": 3,
                "part": null,
                "node-pos": 13,
                "template-line-number": 25
            }
        ]
    },
    "line-numbers": {
        "UnrecoveredPlantAndRegulatoryStudyCosts": [
            {
                "start-number": 16,
                "template-line-number": 234,
                "line-number-node": 46
            }
        ]
    },
    "showifs": {}
}