{
    "showifs": {},
    "substitutions": {
        "rule-3": [
            {
                "template-line-number": 32,
                "node-pos": 17,
                "part": null,
                "replacement-node": 6
            }
        ],
        "rule-11": [
            {
                "template-line-number": 92,
                "node-pos": 53,
                "part": null,
                "replacement-node": 30
            }
        ],
        "rule-4": [
            {
                "template-line-number": 38,
                "html": true,
                "node-pos": 21,
                "part": null,
                "replacement-node": 9
            }
        ],
        "rule-10": [
            {
                "template-line-number": 81,
                "node-pos": 47,
                "part": null,
                "expression-node": 28,
                "replacement-node": 27
            }
        ],
        "rule-1": [
            {
                "template-line-number": 21,
                "node-pos": 9,
                "part": null,
                "replacement-node": 0
            }
        ],
        "rule-16": [
            {
                "template-line-number": 276,
                "node-pos": 130,
                "part": null,
                "expression-node": 74,
                "replacement-node": 73
            }
        ],
        "rule-2": [
            {
                "template-line-number": 26,
                "node-pos": 13,
                "part": null,
                "expression-node": 4,
                "replacement-node": 3
            }
        ],
        "rule-9": [
            {
                "template-line-number": 76,
                "node-pos": 43,
                "part": null,
                "expression-node": 25,
                "replacement-node": 24
            }
        ],
        "rule-19": [
            {
                "template-line-number": 306,
                "node-pos": 144,
                "part": null,
                "replacement-node": 82
            }
        ],
        "rule-14": [
            {
                "template-line-number": 255,
                "node-pos": 121,
                "part": null,
                "expression-node": 68,
                "replacement-node": 67
            }
        ],
        "rule-22": {
            "subs": [
                {
                    "expression-node": 47,
                    "name": "OtherDeferredCredits",
                    "template-line-number": 208,
                    "node-pos": 90,
                    "part": "2",
                    "replacement-node": 46
                },
                {
                    "expression-node": 50,
                    "name": "OtherDeferredCredits",
                    "template-line-number": 213,
                    "node-pos": 94,
                    "part": "3",
                    "replacement-node": 49
                },
                {
                    "expression-node": 53,
                    "name": "OtherDeferredCredits",
                    "template-line-number": 218,
                    "node-pos": 98,
                    "part": "4",
                    "replacement-node": 52
                },
                {
                    "expression-node": 56,
                    "name": "OtherDeferredCredits",
                    "template-line-number": 223,
                    "node-pos": 102,
                    "part": "5",
                    "replacement-node": 55
                },
                {
                    "expression-node": 59,
                    "name": "OtherDeferredCredits",
                    "template-line-number": 228,
                    "node-pos": 106,
                    "part": "6",
                    "replacement-node": 58
                },
                {
                    "expression-node": 62,
                    "name": "OtherDeferredCredits",
                    "template-line-number": 233,
                    "node-pos": 110,
                    "part": "7",
                    "replacement-node": 61
                }
            ],
            "name": "OtherDeferredCredits"
        },
        "rule-7": [
            {
                "template-line-number": 66,
                "node-pos": 35,
                "part": null,
                "expression-node": 19,
                "replacement-node": 18
            }
        ],
        "rule-5": [
            {
                "template-line-number": 50,
                "html": true,
                "node-pos": 26,
                "part": null,
                "replacement-node": 12
            }
        ],
        "rule-12": [
            {
                "template-line-number": 103,
                "html": true,
                "node-pos": 58,
                "part": null,
                "replacement-node": 33
            }
        ],
        "rule-13": [
            {
                "template-line-number": 243,
                "node-pos": 116,
                "part": null,
                "replacement-node": 64
            }
        ],
        "rule-21": {
            "subs": [
                {
                    "name": "ColumnHeadings",
                    "template-line-number": 138,
                    "extras": {},
                    "node-pos": 77,
                    "part": "1",
                    "replacement-node": 37
                },
                {
                    "name": "ColumnHeadings",
                    "template-line-number": 145,
                    "extras": {},
                    "node-pos": 81,
                    "part": "2",
                    "replacement-node": 40
                }
            ],
            "name": "ColumnHeadings"
        },
        "rule-18": [
            {
                "template-line-number": 299,
                "node-pos": 140,
                "part": null,
                "expression-node": 80,
                "replacement-node": 79
            }
        ],
        "rule-20": [
            {
                "template-line-number": 316,
                "node-pos": 148,
                "part": null,
                "replacement-node": 85
            }
        ],
        "rule-6": [
            {
                "template-line-number": 61,
                "node-pos": 31,
                "part": null,
                "replacement-node": 15
            }
        ],
        "rule-17": [
            {
                "template-line-number": 285,
                "node-pos": 134,
                "part": null,
                "expression-node": 77,
                "replacement-node": 76
            }
        ],
        "rule-8": [
            {
                "template-line-number": 71,
                "node-pos": 39,
                "part": null,
                "replacement-node": 21
            }
        ],
        "rule-15": [
            {
                "template-line-number": 267,
                "node-pos": 126,
                "part": null,
                "expression-node": 71,
                "replacement-node": 70
            }
        ]
    },
    "line-numbers": {
        "OtherDeferredCredits": [
            {
                "template-line-number": 205,
                "line-number-node": 44,
                "start-number": 1
            }
        ]
    }
}