{
    "showifs": {
        "rule-1": {
            "template-line-number": 16,
            "type": "showif"
        }
    },
    "line-numbers": {
        "SalesForResale": [
            {
                "line-number-node": 45,
                "template-line-number": 306,
                "start-number": 1
            }
        ]
    },
    "substitutions": {
        "rule-9": [
            {
                "part": null,
                "replacement-node": 22,
                "template-line-number": 97,
                "node-pos": 41
            }
        ],
        "rule-8": [
            {
                "part": null,
                "replacement-node": 19,
                "template-line-number": 90,
                "node-pos": 37,
                "expression-node": 20
            }
        ],
        "rule-10": [
            {
                "part": null,
                "replacement-node": 25,
                "template-line-number": 104,
                "node-pos": 45,
                "expression-node": 26
            }
        ],
        "rule-18": {
            "subs": [
                {
                    "part": "1",
                    "replacement-node": 38,
                    "name": "ISHeadings",
                    "node-pos": 76,
                    "extras": {},
                    "template-line-number": 166
                },
                {
                    "part": "2",
                    "replacement-node": 41,
                    "name": "ISHeadings",
                    "node-pos": 80,
                    "extras": {},
                    "template-line-number": 173
                }
            ],
            "name": "ISHeadings"
        },
        "rule-3": [
            {
                "part": null,
                "replacement-node": 4,
                "template-line-number": 33,
                "node-pos": 15,
                "expression-node": 5
            }
        ],
        "rule-17": {
            "subs": [
                {
                    "part": "2",
                    "replacement-node": 47,
                    "name": "SalesForResale",
                    "node-pos": 89,
                    "expression-node": 48,
                    "template-line-number": 311
                },
                {
                    "part": "3",
                    "replacement-node": 50,
                    "name": "SalesForResale",
                    "node-pos": 93,
                    "expression-node": 51,
                    "template-line-number": 320
                },
                {
                    "part": "4",
                    "replacement-node": 53,
                    "name": "SalesForResale",
                    "node-pos": 97,
                    "expression-node": 54,
                    "template-line-number": 329
                },
                {
                    "part": "5",
                    "replacement-node": 56,
                    "name": "SalesForResale",
                    "node-pos": 101,
                    "expression-node": 57,
                    "template-line-number": 338
                },
                {
                    "part": "6",
                    "replacement-node": 59,
                    "name": "SalesForResale",
                    "node-pos": 105,
                    "expression-node": 60,
                    "template-line-number": 347
                }
            ],
            "name": "SalesForResale"
        },
        "rule-7": [
            {
                "part": null,
                "replacement-node": 16,
                "template-line-number": 83,
                "node-pos": 33
            }
        ],
        "rule-5": [
            {
                "part": null,
                "replacement-node": 10,
                "html": true,
                "template-line-number": 48,
                "node-pos": 23
            }
        ],
        "rule-11": [
            {
                "part": null,
                "replacement-node": 28,
                "template-line-number": 110,
                "node-pos": 49,
                "expression-node": 29
            }
        ],
        "rule-2": [
            {
                "part": null,
                "replacement-node": 1,
                "template-line-number": 26,
                "node-pos": 11
            }
        ],
        "rule-4": [
            {
                "part": null,
                "replacement-node": 7,
                "template-line-number": 40,
                "node-pos": 19
            }
        ],
        "rule-12": [
            {
                "part": null,
                "replacement-node": 31,
                "template-line-number": 122,
                "node-pos": 55
            }
        ],
        "rule-13": [
            {
                "part": null,
                "replacement-node": 34,
                "html": true,
                "template-line-number": 133,
                "node-pos": 60
            }
        ],
        "rule-16": [
            {
                "part": null,
                "replacement-node": 68,
                "template-line-number": 376,
                "node-pos": 119
            }
        ],
        "rule-6": [
            {
                "part": null,
                "replacement-node": 13,
                "html": true,
                "template-line-number": 65,
                "node-pos": 28
            }
        ],
        "rule-15": [
            {
                "part": null,
                "replacement-node": 65,
                "template-line-number": 366,
                "node-pos": 115
            }
        ],
        "rule-14": [
            {
                "part": null,
                "replacement-node": 62,
                "template-line-number": 361,
                "node-pos": 111,
                "expression-node": 63
            }
        ]
    }
}