{
    "substitutions": {
        "rule-2": [
            {
                "part": null,
                "replacement-node": 1,
                "template-line-number": 28,
                "node-pos": 10
            }
        ],
        "rule-3": [
            {
                "part": null,
                "replacement-node": 4,
                "expression-node": 5,
                "template-line-number": 33,
                "node-pos": 15
            }
        ],
        "rule-4": [
            {
                "part": null,
                "replacement-node": 7,
                "template-line-number": 39,
                "node-pos": 19
            }
        ],
        "rule-5": [
            {
                "part": null,
                "replacement-node": 10,
                "template-line-number": 45,
                "node-pos": 23,
                "html": true
            }
        ],
        "rule-6": [
            {
                "part": null,
                "replacement-node": 13,
                "template-line-number": 57,
                "node-pos": 28,
                "html": true
            }
        ],
        "rule-7": [
            {
                "part": null,
                "replacement-node": 16,
                "template-line-number": 68,
                "node-pos": 33
            }
        ],
        "rule-8": [
            {
                "part": null,
                "replacement-node": 19,
                "expression-node": 20,
                "template-line-number": 73,
                "node-pos": 38
            }
        ],
        "rule-9": [
            {
                "part": null,
                "replacement-node": 22,
                "template-line-number": 78,
                "node-pos": 42
            }
        ],
        "rule-10": [
            {
                "part": null,
                "replacement-node": 25,
                "expression-node": 26,
                "template-line-number": 83,
                "node-pos": 47
            }
        ],
        "rule-11": [
            {
                "part": null,
                "replacement-node": 28,
                "expression-node": 29,
                "template-line-number": 88,
                "node-pos": 51
            }
        ],
        "rule-12": [
            {
                "part": null,
                "replacement-node": 54,
                "expression-node": 55,
                "template-line-number": 200,
                "node-pos": 95
            }
        ],
        "rule-13": [
            {
                "part": null,
                "replacement-node": 57,
                "template-line-number": 205,
                "node-pos": 99
            }
        ],
        "rule-14": [
            {
                "part": null,
                "replacement-node": 60,
                "template-line-number": 215,
                "node-pos": 103
            }
        ],
        "rule-15": {
            "name": "BSLineItems",
            "subs": [
                {
                    "name": "BSLineItems",
                    "part": "1",
                    "replacement-node": 39,
                    "template-line-number": 160,
                    "extras": {},
                    "node-pos": 72
                },
                {
                    "name": "BSLineItems",
                    "part": "2",
                    "replacement-node": 44,
                    "template-line-number": 171,
                    "extras": {},
                    "node-pos": 80
                },
                {
                    "name": "BSLineItems",
                    "part": "3",
                    "replacement-node": 48,
                    "expression-node": 49,
                    "template-line-number": 183,
                    "node-pos": 85
                },
                {
                    "name": "BSLineItems",
                    "part": "4",
                    "replacement-node": 51,
                    "expression-node": 52,
                    "template-line-number": 189,
                    "node-pos": 89
                },
                {
                    "name": "BSLineItems",
                    "part": "6",
                    "replacement-node": 42,
                    "template-line-number": 167,
                    "extras": {},
                    "node-pos": 78
                }
            ]
        },
        "rule-16": {
            "name": "BSHeadings",
            "subs": [
                {
                    "name": "BSHeadings",
                    "part": "1",
                    "replacement-node": 32,
                    "template-line-number": 114,
                    "extras": {},
                    "node-pos": 62
                },
                {
                    "name": "BSHeadings",
                    "part": "2",
                    "replacement-node": 35,
                    "template-line-number": 121,
                    "extras": {},
                    "node-pos": 66
                }
            ]
        }
    },
    "line-numbers": {},
    "showifs": {
        "rule-1": {
            "type": "showif",
            "template-line-number": 18
        }
    },
    "footnotes": {},
    "standard-rules": [
        "rule-2",
        "rule-3",
        "rule-4",
        "rule-5",
        "rule-6",
        "rule-7",
        "rule-8",
        "rule-9",
        "rule-10",
        "rule-11",
        "rule-12",
        "rule-13",
        "rule-14",
        "rule-15",
        "rule-16"
    ],
    "footnote-rules": []
}