{
    "line-numbers": {
        "officer": [
            {
                "template-line-number": 211,
                "start-number": 1,
                "line-number-node": 46
            }
        ]
    },
    "showifs": {},
    "substitutions": {
        "rule-14": [
            {
                "template-line-number": 255,
                "node-pos": 112,
                "replacement-node": 66,
                "part": null
            }
        ],
        "rule-9": [
            {
                "template-line-number": 76,
                "expression-node": 25,
                "replacement-node": 24,
                "part": null,
                "node-pos": 43
            }
        ],
        "rule-4": [
            {
                "template-line-number": 38,
                "node-pos": 21,
                "html": true,
                "replacement-node": 9,
                "part": null
            }
        ],
        "rule-12": [
            {
                "template-line-number": 103,
                "node-pos": 58,
                "html": true,
                "replacement-node": 33,
                "part": null
            }
        ],
        "rule-13": [
            {
                "template-line-number": 248,
                "expression-node": 64,
                "replacement-node": 63,
                "part": null,
                "node-pos": 108
            }
        ],
        "rule-15": [
            {
                "template-line-number": 265,
                "node-pos": 116,
                "replacement-node": 69,
                "part": null
            }
        ],
        "rule-11": [
            {
                "template-line-number": 92,
                "node-pos": 53,
                "replacement-node": 30,
                "part": null
            }
        ],
        "rule-6": [
            {
                "template-line-number": 61,
                "node-pos": 31,
                "replacement-node": 15,
                "part": null
            }
        ],
        "rule-1": [
            {
                "template-line-number": 21,
                "node-pos": 9,
                "replacement-node": 0,
                "part": null
            }
        ],
        "rule-17": {
            "name": "Heading",
            "subs": [
                {
                    "node-pos": 73,
                    "part": "1",
                    "template-line-number": 143,
                    "name": "Heading",
                    "extras": {},
                    "replacement-node": 39
                },
                {
                    "node-pos": 77,
                    "part": "2",
                    "template-line-number": 152,
                    "name": "Heading",
                    "extras": {},
                    "replacement-node": 42
                },
                {
                    "node-pos": 71,
                    "part": "3",
                    "template-line-number": 139,
                    "name": "Heading",
                    "extras": {},
                    "replacement-node": 37
                }
            ]
        },
        "rule-5": [
            {
                "template-line-number": 50,
                "node-pos": 26,
                "html": true,
                "replacement-node": 12,
                "part": null
            }
        ],
        "rule-16": {
            "name": "officer",
            "subs": [
                {
                    "node-pos": 86,
                    "part": "2",
                    "expression-node": 49,
                    "template-line-number": 214,
                    "name": "officer",
                    "replacement-node": 48
                },
                {
                    "node-pos": 90,
                    "part": "3",
                    "expression-node": 52,
                    "template-line-number": 219,
                    "name": "officer",
                    "replacement-node": 51
                },
                {
                    "node-pos": 94,
                    "part": "4",
                    "expression-node": 55,
                    "template-line-number": 224,
                    "name": "officer",
                    "replacement-node": 54
                },
                {
                    "node-pos": 98,
                    "part": "5",
                    "expression-node": 58,
                    "template-line-number": 229,
                    "name": "officer",
                    "replacement-node": 57
                },
                {
                    "node-pos": 102,
                    "part": "6",
                    "expression-node": 61,
                    "template-line-number": 234,
                    "name": "officer",
                    "replacement-node": 60
                }
            ]
        },
        "rule-7": [
            {
                "template-line-number": 66,
                "expression-node": 19,
                "replacement-node": 18,
                "part": null,
                "node-pos": 35
            }
        ],
        "rule-8": [
            {
                "template-line-number": 71,
                "node-pos": 39,
                "replacement-node": 21,
                "part": null
            }
        ],
        "rule-10": [
            {
                "template-line-number": 81,
                "expression-node": 28,
                "replacement-node": 27,
                "part": null,
                "node-pos": 47
            }
        ],
        "rule-2": [
            {
                "template-line-number": 26,
                "expression-node": 4,
                "replacement-node": 3,
                "part": null,
                "node-pos": 13
            }
        ],
        "rule-3": [
            {
                "template-line-number": 32,
                "node-pos": 17,
                "replacement-node": 6,
                "part": null
            }
        ]
    }
}