{
    "line-numbers": {
        "officer": [
            {
                "line-number-node": 47,
                "template-line-number": 200,
                "start-number": 1
            }
        ]
    },
    "showifs": {
        "rule-1": {
            "template-line-number": 18,
            "type": "showif"
        }
    },
    "substitutions": {
        "rule-6": [
            {
                "node-pos": 28,
                "template-line-number": 57,
                "html": true,
                "replacement-node": 13,
                "part": null
            }
        ],
        "rule-4": [
            {
                "node-pos": 19,
                "template-line-number": 39,
                "replacement-node": 7,
                "part": null
            }
        ],
        "rule-2": [
            {
                "node-pos": 11,
                "template-line-number": 28,
                "replacement-node": 1,
                "part": null
            }
        ],
        "rule-16": [
            {
                "node-pos": 111,
                "template-line-number": 242,
                "replacement-node": 64,
                "part": null
            }
        ],
        "rule-13": [
            {
                "node-pos": 62,
                "template-line-number": 109,
                "html": true,
                "replacement-node": 34,
                "part": null
            }
        ],
        "rule-3": [
            {
                "node-pos": 15,
                "template-line-number": 33,
                "expression-node": 5,
                "replacement-node": 4,
                "part": null
            }
        ],
        "rule-7": [
            {
                "node-pos": 33,
                "template-line-number": 68,
                "replacement-node": 16,
                "part": null
            }
        ],
        "rule-17": {
            "name": "ListHeadings",
            "subs": [
                {
                    "node-pos": 76,
                    "name": "ListHeadings",
                    "template-line-number": 141,
                    "extras": {},
                    "replacement-node": 40,
                    "part": "1"
                },
                {
                    "node-pos": 80,
                    "name": "ListHeadings",
                    "template-line-number": 150,
                    "extras": {},
                    "replacement-node": 43,
                    "part": "2"
                },
                {
                    "node-pos": 74,
                    "name": "ListHeadings",
                    "template-line-number": 137,
                    "extras": {},
                    "replacement-node": 38,
                    "part": "3"
                }
            ]
        },
        "rule-8": [
            {
                "node-pos": 38,
                "template-line-number": 73,
                "expression-node": 20,
                "replacement-node": 19,
                "part": null
            }
        ],
        "rule-14": [
            {
                "node-pos": 103,
                "template-line-number": 227,
                "expression-node": 59,
                "replacement-node": 58,
                "part": null
            }
        ],
        "rule-5": [
            {
                "node-pos": 23,
                "template-line-number": 45,
                "html": true,
                "replacement-node": 10,
                "part": null
            }
        ],
        "rule-11": [
            {
                "node-pos": 51,
                "template-line-number": 88,
                "expression-node": 29,
                "replacement-node": 28,
                "part": null
            }
        ],
        "rule-10": [
            {
                "node-pos": 47,
                "template-line-number": 83,
                "expression-node": 26,
                "replacement-node": 25,
                "part": null
            }
        ],
        "rule-18": {
            "name": "officer",
            "subs": [
                {
                    "node-pos": 89,
                    "name": "officer",
                    "expression-node": 50,
                    "template-line-number": 203,
                    "replacement-node": 49,
                    "part": "2"
                },
                {
                    "node-pos": 93,
                    "name": "officer",
                    "expression-node": 53,
                    "template-line-number": 208,
                    "replacement-node": 52,
                    "part": "3"
                },
                {
                    "node-pos": 97,
                    "name": "officer",
                    "expression-node": 56,
                    "template-line-number": 214,
                    "replacement-node": 55,
                    "part": "5"
                }
            ]
        },
        "rule-12": [
            {
                "node-pos": 57,
                "template-line-number": 98,
                "replacement-node": 31,
                "part": null
            }
        ],
        "rule-15": [
            {
                "node-pos": 107,
                "template-line-number": 232,
                "replacement-node": 61,
                "part": null
            }
        ],
        "rule-9": [
            {
                "node-pos": 42,
                "template-line-number": 78,
                "replacement-node": 22,
                "part": null
            }
        ]
    }
}