{
    "substitutions": {
        "rule-17": {
            "subs": [
                {
                    "extras": {},
                    "replacement-node": 40,
                    "name": "ShipperSuppliedHeadings",
                    "template-line-number": 166,
                    "node-pos": 97,
                    "part": "1"
                },
                {
                    "extras": {},
                    "replacement-node": 43,
                    "name": "ShipperSuppliedHeadings",
                    "template-line-number": 175,
                    "node-pos": 101,
                    "part": "2"
                },
                {
                    "extras": {},
                    "replacement-node": 38,
                    "name": "ShipperSuppliedHeadings",
                    "template-line-number": 162,
                    "node-pos": 95,
                    "part": "3"
                }
            ],
            "name": "ShipperSuppliedHeadings"
        },
        "rule-14": [
            {
                "node-pos": 172,
                "expression-node": 95,
                "replacement-node": 94,
                "template-line-number": 654,
                "part": null
            }
        ],
        "rule-4": [
            {
                "node-pos": 18,
                "replacement-node": 7,
                "template-line-number": 38,
                "part": null
            }
        ],
        "rule-13": [
            {
                "node-pos": 59,
                "replacement-node": 34,
                "template-line-number": 108,
                "part": null,
                "html": true
            }
        ],
        "rule-5": [
            {
                "node-pos": 22,
                "replacement-node": 10,
                "template-line-number": 44,
                "part": null,
                "html": true
            }
        ],
        "rule-9": [
            {
                "node-pos": 40,
                "replacement-node": 22,
                "template-line-number": 77,
                "part": null
            }
        ],
        "rule-10": [
            {
                "node-pos": 44,
                "expression-node": 26,
                "replacement-node": 25,
                "template-line-number": 82,
                "part": null
            }
        ],
        "rule-8": [
            {
                "node-pos": 36,
                "expression-node": 20,
                "replacement-node": 19,
                "template-line-number": 72,
                "part": null
            }
        ],
        "rule-6": [
            {
                "node-pos": 27,
                "replacement-node": 13,
                "template-line-number": 56,
                "part": null,
                "html": true
            }
        ],
        "rule-18": {
            "subs": [
                {
                    "extras": {},
                    "replacement-node": 47,
                    "name": "ShipperLineItems",
                    "template-line-number": 540,
                    "node-pos": 107,
                    "part": "1"
                },
                {
                    "replacement-node": 49,
                    "name": "ShipperLineItems",
                    "template-line-number": 546,
                    "node-pos": 110,
                    "expression-node": 50,
                    "part": "1"
                },
                {
                    "replacement-node": 76,
                    "name": "ShipperLineItems",
                    "template-line-number": 603,
                    "node-pos": 146,
                    "expression-node": 77,
                    "part": "10"
                },
                {
                    "replacement-node": 79,
                    "name": "ShipperLineItems",
                    "template-line-number": 609,
                    "node-pos": 150,
                    "expression-node": 80,
                    "part": "11"
                },
                {
                    "replacement-node": 82,
                    "name": "ShipperLineItems",
                    "template-line-number": 615,
                    "node-pos": 154,
                    "expression-node": 83,
                    "part": "12"
                },
                {
                    "replacement-node": 85,
                    "name": "ShipperLineItems",
                    "template-line-number": 622,
                    "node-pos": 158,
                    "expression-node": 86,
                    "part": "13"
                },
                {
                    "replacement-node": 88,
                    "name": "ShipperLineItems",
                    "template-line-number": 628,
                    "node-pos": 162,
                    "expression-node": 89,
                    "part": "14"
                },
                {
                    "replacement-node": 91,
                    "name": "ShipperLineItems",
                    "template-line-number": 634,
                    "node-pos": 166,
                    "expression-node": 92,
                    "part": "15"
                },
                {
                    "replacement-node": 52,
                    "name": "ShipperLineItems",
                    "template-line-number": 553,
                    "node-pos": 114,
                    "expression-node": 53,
                    "part": "2"
                },
                {
                    "replacement-node": 55,
                    "name": "ShipperLineItems",
                    "template-line-number": 559,
                    "node-pos": 118,
                    "expression-node": 56,
                    "part": "3"
                },
                {
                    "replacement-node": 58,
                    "name": "ShipperLineItems",
                    "template-line-number": 565,
                    "node-pos": 122,
                    "expression-node": 59,
                    "part": "4"
                },
                {
                    "replacement-node": 61,
                    "name": "ShipperLineItems",
                    "template-line-number": 571,
                    "node-pos": 126,
                    "expression-node": 62,
                    "part": "5"
                },
                {
                    "replacement-node": 64,
                    "name": "ShipperLineItems",
                    "template-line-number": 579,
                    "node-pos": 130,
                    "expression-node": 65,
                    "part": "6"
                },
                {
                    "replacement-node": 67,
                    "name": "ShipperLineItems",
                    "template-line-number": 585,
                    "node-pos": 134,
                    "expression-node": 68,
                    "part": "7"
                },
                {
                    "replacement-node": 70,
                    "name": "ShipperLineItems",
                    "template-line-number": 591,
                    "node-pos": 138,
                    "expression-node": 71,
                    "part": "8"
                },
                {
                    "replacement-node": 73,
                    "name": "ShipperLineItems",
                    "template-line-number": 597,
                    "node-pos": 142,
                    "expression-node": 74,
                    "part": "9"
                }
            ],
            "name": "ShipperLineItems"
        },
        "rule-2": [
            {
                "node-pos": 10,
                "replacement-node": 1,
                "template-line-number": 27,
                "part": null
            }
        ],
        "rule-11": [
            {
                "node-pos": 48,
                "expression-node": 29,
                "replacement-node": 28,
                "template-line-number": 87,
                "part": null
            }
        ],
        "rule-7": [
            {
                "node-pos": 32,
                "replacement-node": 16,
                "template-line-number": 67,
                "part": null
            }
        ],
        "rule-16": [
            {
                "node-pos": 180,
                "replacement-node": 100,
                "template-line-number": 668,
                "part": null
            }
        ],
        "rule-15": [
            {
                "node-pos": 176,
                "replacement-node": 97,
                "template-line-number": 659,
                "part": null
            }
        ],
        "rule-12": [
            {
                "node-pos": 54,
                "replacement-node": 31,
                "template-line-number": 97,
                "part": null
            }
        ],
        "rule-3": [
            {
                "node-pos": 14,
                "expression-node": 5,
                "replacement-node": 4,
                "template-line-number": 32,
                "part": null
            }
        ]
    },
    "showifs": {
        "rule-1": {
            "template-line-number": 17,
            "type": "showif"
        }
    },
    "line-numbers": {}
}