{
    "substitutions": {
        "rule-9": [
            {
                "node-pos": 40,
                "replacement-node": 22,
                "template-line-number": 77,
                "part": null
            }
        ],
        "rule-7": [
            {
                "node-pos": 32,
                "replacement-node": 16,
                "template-line-number": 67,
                "part": null
            }
        ],
        "rule-8": [
            {
                "node-pos": 36,
                "replacement-node": 19,
                "template-line-number": 72,
                "expression-node": 20,
                "part": null
            }
        ],
        "rule-17": {
            "subs": [
                {
                    "node-pos": 78,
                    "replacement-node": 45,
                    "extras": {},
                    "template-line-number": 171,
                    "part": "1",
                    "name": "GPLineItems"
                },
                {
                    "node-pos": 86,
                    "replacement-node": 50,
                    "extras": {},
                    "template-line-number": 182,
                    "part": "2",
                    "name": "GPLineItems"
                },
                {
                    "node-pos": 91,
                    "replacement-node": 54,
                    "part": "4",
                    "template-line-number": 192,
                    "name": "GPLineItems",
                    "expression-node": 55
                },
                {
                    "node-pos": 84,
                    "replacement-node": 48,
                    "extras": {},
                    "template-line-number": 178,
                    "part": "6",
                    "name": "GPLineItems"
                }
            ],
            "name": "GPLineItems"
        },
        "rule-10": [
            {
                "node-pos": 44,
                "replacement-node": 25,
                "template-line-number": 82,
                "expression-node": 26,
                "part": null
            }
        ],
        "rule-12": [
            {
                "node-pos": 54,
                "replacement-node": 31,
                "template-line-number": 97,
                "part": null
            }
        ],
        "rule-4": [
            {
                "node-pos": 18,
                "replacement-node": 7,
                "template-line-number": 38,
                "part": null
            }
        ],
        "rule-15": [
            {
                "node-pos": 101,
                "replacement-node": 60,
                "template-line-number": 208,
                "part": null
            }
        ],
        "rule-13": [
            {
                "node-pos": 59,
                "replacement-node": 34,
                "html": true,
                "template-line-number": 108,
                "part": null
            }
        ],
        "rule-18": {
            "subs": [
                {
                    "node-pos": 68,
                    "replacement-node": 38,
                    "extras": {},
                    "template-line-number": 131,
                    "part": "1",
                    "name": "GPHeadings"
                },
                {
                    "node-pos": 72,
                    "replacement-node": 41,
                    "extras": {},
                    "template-line-number": 138,
                    "part": "2",
                    "name": "GPHeadings"
                }
            ],
            "name": "GPHeadings"
        },
        "rule-3": [
            {
                "node-pos": 14,
                "replacement-node": 4,
                "template-line-number": 32,
                "expression-node": 5,
                "part": null
            }
        ],
        "rule-16": [
            {
                "node-pos": 105,
                "replacement-node": 63,
                "template-line-number": 217,
                "part": null
            }
        ],
        "rule-2": [
            {
                "node-pos": 10,
                "replacement-node": 1,
                "template-line-number": 27,
                "part": null
            }
        ],
        "rule-5": [
            {
                "node-pos": 22,
                "replacement-node": 10,
                "html": true,
                "template-line-number": 44,
                "part": null
            }
        ],
        "rule-6": [
            {
                "node-pos": 27,
                "replacement-node": 13,
                "html": true,
                "template-line-number": 56,
                "part": null
            }
        ],
        "rule-11": [
            {
                "node-pos": 48,
                "replacement-node": 28,
                "template-line-number": 87,
                "expression-node": 29,
                "part": null
            }
        ],
        "rule-14": [
            {
                "node-pos": 97,
                "replacement-node": 57,
                "template-line-number": 203,
                "expression-node": 58,
                "part": null
            }
        ]
    },
    "line-numbers": {},
    "showifs": {
        "rule-1": {
            "type": "showif",
            "template-line-number": 17
        }
    }
}