{
    "substitutions": {
        "rule-4": [
            {
                "part": null,
                "node-pos": 22,
                "html": true,
                "replacement-node": 9,
                "template-line-number": 39
            }
        ],
        "rule-13": [
            {
                "template-line-number": 285,
                "part": null,
                "node-pos": 99,
                "replacement-node": 58,
                "expression-node": 59
            }
        ],
        "rule-6": [
            {
                "part": null,
                "node-pos": 32,
                "replacement-node": 15,
                "template-line-number": 62
            }
        ],
        "rule-7": [
            {
                "template-line-number": 67,
                "part": null,
                "node-pos": 36,
                "replacement-node": 18,
                "expression-node": 19
            }
        ],
        "rule-9": [
            {
                "template-line-number": 77,
                "part": null,
                "node-pos": 44,
                "replacement-node": 24,
                "expression-node": 25
            }
        ],
        "rule-16": {
            "name": "officer",
            "subs": [
                {
                    "expression-node": 47,
                    "part": "2",
                    "template-line-number": 257,
                    "name": "officer",
                    "replacement-node": 46,
                    "node-pos": 81
                },
                {
                    "expression-node": 50,
                    "part": "3",
                    "template-line-number": 262,
                    "name": "officer",
                    "replacement-node": 49,
                    "node-pos": 85
                },
                {
                    "expression-node": 53,
                    "part": "4",
                    "template-line-number": 267,
                    "name": "officer",
                    "replacement-node": 52,
                    "node-pos": 89
                },
                {
                    "expression-node": 56,
                    "part": "5",
                    "template-line-number": 272,
                    "name": "officer",
                    "replacement-node": 55,
                    "node-pos": 93
                }
            ]
        },
        "rule-15": [
            {
                "part": null,
                "node-pos": 107,
                "replacement-node": 64,
                "template-line-number": 300
            }
        ],
        "rule-17": {
            "name": "ISHeadings",
            "subs": [
                {
                    "node-pos": 68,
                    "template-line-number": 128,
                    "part": "1",
                    "name": "ISHeadings",
                    "replacement-node": 37,
                    "extras": {}
                },
                {
                    "node-pos": 72,
                    "template-line-number": 135,
                    "part": "2",
                    "name": "ISHeadings",
                    "replacement-node": 40,
                    "extras": {}
                }
            ]
        },
        "rule-11": [
            {
                "part": null,
                "node-pos": 54,
                "replacement-node": 30,
                "template-line-number": 92
            }
        ],
        "rule-8": [
            {
                "part": null,
                "node-pos": 40,
                "replacement-node": 21,
                "template-line-number": 72
            }
        ],
        "rule-3": [
            {
                "part": null,
                "node-pos": 18,
                "replacement-node": 6,
                "template-line-number": 33
            }
        ],
        "rule-2": [
            {
                "template-line-number": 27,
                "part": null,
                "node-pos": 14,
                "replacement-node": 3,
                "expression-node": 4
            }
        ],
        "rule-5": [
            {
                "part": null,
                "node-pos": 27,
                "html": true,
                "replacement-node": 12,
                "template-line-number": 51
            }
        ],
        "rule-12": [
            {
                "part": null,
                "node-pos": 59,
                "html": true,
                "replacement-node": 33,
                "template-line-number": 103
            }
        ],
        "rule-14": [
            {
                "part": null,
                "node-pos": 103,
                "replacement-node": 61,
                "template-line-number": 290
            }
        ],
        "rule-10": [
            {
                "template-line-number": 82,
                "part": null,
                "node-pos": 48,
                "replacement-node": 27,
                "expression-node": 28
            }
        ],
        "rule-1": [
            {
                "part": null,
                "node-pos": 10,
                "replacement-node": 0,
                "template-line-number": 22
            }
        ]
    },
    "showifs": {},
    "line-numbers": {
        "officer": [
            {
                "line-number-node": 44,
                "template-line-number": 254,
                "start-number": 1
            }
        ]
    }
}