{
    "substitutions": {
        "rule-12": [
            {
                "part": null,
                "html": true,
                "node-pos": 59,
                "template-line-number": 103,
                "replacement-node": 33
            }
        ],
        "rule-8": [
            {
                "part": null,
                "node-pos": 40,
                "template-line-number": 72,
                "replacement-node": 21
            }
        ],
        "rule-7": [
            {
                "expression-node": 19,
                "part": null,
                "node-pos": 36,
                "template-line-number": 67,
                "replacement-node": 18
            }
        ],
        "rule-10": [
            {
                "expression-node": 28,
                "part": null,
                "node-pos": 48,
                "template-line-number": 82,
                "replacement-node": 27
            }
        ],
        "rule-16": {
            "name": "ISHeadings",
            "subs": [
                {
                    "extras": {},
                    "part": "1",
                    "name": "ISHeadings",
                    "node-pos": 68,
                    "template-line-number": 128,
                    "replacement-node": 37
                },
                {
                    "extras": {},
                    "part": "2",
                    "name": "ISHeadings",
                    "node-pos": 72,
                    "template-line-number": 135,
                    "replacement-node": 40
                }
            ]
        },
        "rule-2": [
            {
                "expression-node": 4,
                "part": null,
                "node-pos": 14,
                "template-line-number": 27,
                "replacement-node": 3
            }
        ],
        "rule-3": [
            {
                "part": null,
                "node-pos": 18,
                "template-line-number": 33,
                "replacement-node": 6
            }
        ],
        "rule-15": [
            {
                "part": null,
                "node-pos": 107,
                "template-line-number": 299,
                "replacement-node": 64
            }
        ],
        "rule-9": [
            {
                "expression-node": 25,
                "part": null,
                "node-pos": 44,
                "template-line-number": 77,
                "replacement-node": 24
            }
        ],
        "rule-17": {
            "name": "officer",
            "subs": [
                {
                    "expression-node": 47,
                    "part": "2",
                    "name": "officer",
                    "node-pos": 81,
                    "template-line-number": 256,
                    "replacement-node": 46
                },
                {
                    "expression-node": 50,
                    "part": "3",
                    "name": "officer",
                    "node-pos": 85,
                    "template-line-number": 261,
                    "replacement-node": 49
                },
                {
                    "expression-node": 53,
                    "part": "4",
                    "name": "officer",
                    "node-pos": 89,
                    "template-line-number": 266,
                    "replacement-node": 52
                },
                {
                    "expression-node": 56,
                    "part": "5",
                    "name": "officer",
                    "node-pos": 93,
                    "template-line-number": 271,
                    "replacement-node": 55
                }
            ]
        },
        "rule-6": [
            {
                "part": null,
                "node-pos": 32,
                "template-line-number": 62,
                "replacement-node": 15
            }
        ],
        "rule-1": [
            {
                "part": null,
                "node-pos": 10,
                "template-line-number": 22,
                "replacement-node": 0
            }
        ],
        "rule-4": [
            {
                "part": null,
                "html": true,
                "node-pos": 22,
                "template-line-number": 39,
                "replacement-node": 9
            }
        ],
        "rule-5": [
            {
                "part": null,
                "html": true,
                "node-pos": 27,
                "template-line-number": 51,
                "replacement-node": 12
            }
        ],
        "rule-11": [
            {
                "part": null,
                "node-pos": 54,
                "template-line-number": 92,
                "replacement-node": 30
            }
        ],
        "rule-13": [
            {
                "expression-node": 59,
                "part": null,
                "node-pos": 99,
                "template-line-number": 284,
                "replacement-node": 58
            }
        ],
        "rule-14": [
            {
                "part": null,
                "node-pos": 103,
                "template-line-number": 289,
                "replacement-node": 61
            }
        ]
    },
    "showifs": {},
    "line-numbers": {
        "officer": [
            {
                "start-number": 1,
                "line-number-node": 44,
                "template-line-number": 253
            }
        ]
    }
}