{
    "showifs": {
        "rule-1": {
            "type": "showif",
            "template-line-number": 17
        }
    },
    "substitutions": {
        "rule-15": [
            {
                "template-line-number": 303,
                "node-pos": 145,
                "replacement-node": 80,
                "part": null
            }
        ],
        "rule-9": [
            {
                "template-line-number": 75,
                "node-pos": 40,
                "replacement-node": 22,
                "part": null
            }
        ],
        "rule-22": {
            "name": "DebtExpense2",
            "subs": [
                {
                    "template-line-number": 294,
                    "node-pos": 140,
                    "expression-node": 78,
                    "name": "DebtExpense2",
                    "replacement-node": 77,
                    "part": "10"
                },
                {
                    "template-line-number": 246,
                    "node-pos": 108,
                    "expression-node": 54,
                    "name": "DebtExpense2",
                    "replacement-node": 53,
                    "part": "2"
                },
                {
                    "template-line-number": 252,
                    "node-pos": 112,
                    "expression-node": 57,
                    "name": "DebtExpense2",
                    "replacement-node": 56,
                    "part": "3"
                },
                {
                    "template-line-number": 258,
                    "node-pos": 116,
                    "expression-node": 60,
                    "name": "DebtExpense2",
                    "replacement-node": 59,
                    "part": "4"
                },
                {
                    "template-line-number": 264,
                    "node-pos": 120,
                    "expression-node": 63,
                    "name": "DebtExpense2",
                    "replacement-node": 62,
                    "part": "5"
                },
                {
                    "template-line-number": 270,
                    "node-pos": 124,
                    "expression-node": 66,
                    "name": "DebtExpense2",
                    "replacement-node": 65,
                    "part": "6"
                },
                {
                    "template-line-number": 276,
                    "node-pos": 128,
                    "expression-node": 69,
                    "name": "DebtExpense2",
                    "replacement-node": 68,
                    "part": "7"
                },
                {
                    "template-line-number": 282,
                    "node-pos": 132,
                    "expression-node": 72,
                    "name": "DebtExpense2",
                    "replacement-node": 71,
                    "part": "8"
                },
                {
                    "template-line-number": 288,
                    "node-pos": 136,
                    "expression-node": 75,
                    "name": "DebtExpense2",
                    "replacement-node": 74,
                    "part": "9"
                }
            ]
        },
        "rule-20": [
            {
                "template-line-number": 766,
                "node-pos": 316,
                "replacement-node": 190,
                "part": null
            }
        ],
        "rule-14": [
            {
                "template-line-number": 164,
                "node-pos": 89,
                "replacement-node": 46,
                "part": null
            }
        ],
        "rule-25": {
            "name": "DebtExpense",
            "subs": [
                {
                    "template-line-number": 750,
                    "node-pos": 306,
                    "expression-node": 185,
                    "name": "DebtExpense",
                    "replacement-node": 184,
                    "part": "10"
                },
                {
                    "template-line-number": 710,
                    "node-pos": 274,
                    "expression-node": 161,
                    "name": "DebtExpense",
                    "replacement-node": 160,
                    "part": "2"
                },
                {
                    "template-line-number": 715,
                    "node-pos": 278,
                    "expression-node": 164,
                    "name": "DebtExpense",
                    "replacement-node": 163,
                    "part": "3"
                },
                {
                    "template-line-number": 720,
                    "node-pos": 282,
                    "expression-node": 167,
                    "name": "DebtExpense",
                    "replacement-node": 166,
                    "part": "4"
                },
                {
                    "template-line-number": 725,
                    "node-pos": 286,
                    "expression-node": 170,
                    "name": "DebtExpense",
                    "replacement-node": 169,
                    "part": "5"
                },
                {
                    "template-line-number": 730,
                    "node-pos": 290,
                    "expression-node": 173,
                    "name": "DebtExpense",
                    "replacement-node": 172,
                    "part": "6"
                },
                {
                    "template-line-number": 735,
                    "node-pos": 294,
                    "expression-node": 176,
                    "name": "DebtExpense",
                    "replacement-node": 175,
                    "part": "7"
                },
                {
                    "template-line-number": 740,
                    "node-pos": 298,
                    "expression-node": 179,
                    "name": "DebtExpense",
                    "replacement-node": 178,
                    "part": "8"
                },
                {
                    "template-line-number": 745,
                    "node-pos": 302,
                    "expression-node": 182,
                    "name": "DebtExpense",
                    "replacement-node": 181,
                    "part": "9"
                }
            ]
        },
        "rule-17": [
            {
                "template-line-number": 470,
                "node-pos": 205,
                "replacement-node": 117,
                "part": null
            }
        ],
        "rule-2": [
            {
                "template-line-number": 27,
                "node-pos": 10,
                "replacement-node": 1,
                "part": null
            }
        ],
        "rule-16": [
            {
                "template-line-number": 318,
                "node-pos": 149,
                "replacement-node": 83,
                "part": null
            }
        ],
        "rule-18": [
            {
                "template-line-number": 489,
                "node-pos": 209,
                "replacement-node": 120,
                "part": null
            }
        ],
        "rule-12": [
            {
                "template-line-number": 94,
                "node-pos": 54,
                "replacement-node": 31,
                "part": null
            }
        ],
        "rule-7": [
            {
                "template-line-number": 66,
                "node-pos": 32,
                "replacement-node": 16,
                "part": null
            }
        ],
        "rule-10": [
            {
                "template-line-number": 79,
                "node-pos": 44,
                "replacement-node": 25,
                "part": null,
                "expression-node": 26
            }
        ],
        "rule-8": [
            {
                "template-line-number": 70,
                "node-pos": 36,
                "replacement-node": 19,
                "part": null,
                "expression-node": 20
            }
        ],
        "rule-23": {
            "name": "DebtExpenseHeader",
            "subs": [
                {
                    "template-line-number": 646,
                    "node-pos": 266,
                    "extras": {},
                    "name": "DebtExpenseHeader",
                    "replacement-node": 155,
                    "part": "1"
                }
            ]
        },
        "rule-24": {
            "name": "ColumnHeadings",
            "subs": [
                {
                    "template-line-number": 143,
                    "node-pos": 79,
                    "html": true,
                    "extras": {},
                    "name": "ColumnHeadings",
                    "replacement-node": 40,
                    "part": "1"
                },
                {
                    "template-line-number": 152,
                    "node-pos": 83,
                    "extras": {},
                    "name": "ColumnHeadings",
                    "replacement-node": 43,
                    "part": "2"
                },
                {
                    "template-line-number": 139,
                    "node-pos": 77,
                    "extras": {},
                    "name": "ColumnHeadings",
                    "replacement-node": 38,
                    "part": "3"
                }
            ]
        },
        "rule-19": [
            {
                "template-line-number": 761,
                "node-pos": 312,
                "replacement-node": 187,
                "part": null,
                "expression-node": 188
            }
        ],
        "rule-11": [
            {
                "template-line-number": 84,
                "node-pos": 48,
                "replacement-node": 28,
                "part": null,
                "expression-node": 29
            }
        ],
        "rule-6": [
            {
                "template-line-number": 55,
                "node-pos": 27,
                "replacement-node": 13,
                "part": null,
                "html": true
            }
        ],
        "rule-26": {
            "name": "PremiumLineItems",
            "subs": [
                {
                    "template-line-number": 460,
                    "node-pos": 200,
                    "expression-node": 115,
                    "name": "PremiumLineItems",
                    "replacement-node": 114,
                    "part": "10"
                },
                {
                    "template-line-number": 412,
                    "node-pos": 168,
                    "expression-node": 91,
                    "name": "PremiumLineItems",
                    "replacement-node": 90,
                    "part": "2"
                },
                {
                    "template-line-number": 418,
                    "node-pos": 172,
                    "expression-node": 94,
                    "name": "PremiumLineItems",
                    "replacement-node": 93,
                    "part": "3"
                },
                {
                    "template-line-number": 424,
                    "node-pos": 176,
                    "expression-node": 97,
                    "name": "PremiumLineItems",
                    "replacement-node": 96,
                    "part": "4"
                },
                {
                    "template-line-number": 430,
                    "node-pos": 180,
                    "expression-node": 100,
                    "name": "PremiumLineItems",
                    "replacement-node": 99,
                    "part": "5"
                },
                {
                    "template-line-number": 436,
                    "node-pos": 184,
                    "expression-node": 103,
                    "name": "PremiumLineItems",
                    "replacement-node": 102,
                    "part": "6"
                },
                {
                    "template-line-number": 442,
                    "node-pos": 188,
                    "expression-node": 106,
                    "name": "PremiumLineItems",
                    "replacement-node": 105,
                    "part": "7"
                },
                {
                    "template-line-number": 448,
                    "node-pos": 192,
                    "expression-node": 109,
                    "name": "PremiumLineItems",
                    "replacement-node": 108,
                    "part": "8"
                },
                {
                    "template-line-number": 454,
                    "node-pos": 196,
                    "expression-node": 112,
                    "name": "PremiumLineItems",
                    "replacement-node": 111,
                    "part": "9"
                }
            ]
        },
        "rule-4": [
            {
                "template-line-number": 37,
                "node-pos": 18,
                "replacement-node": 7,
                "part": null
            }
        ],
        "rule-27": {
            "name": "DiscountLineItems",
            "subs": [
                {
                    "template-line-number": 628,
                    "node-pos": 260,
                    "expression-node": 152,
                    "name": "DiscountLineItems",
                    "replacement-node": 151,
                    "part": "10"
                },
                {
                    "template-line-number": 588,
                    "node-pos": 228,
                    "expression-node": 128,
                    "name": "DiscountLineItems",
                    "replacement-node": 127,
                    "part": "2"
                },
                {
                    "template-line-number": 593,
                    "node-pos": 232,
                    "expression-node": 131,
                    "name": "DiscountLineItems",
                    "replacement-node": 130,
                    "part": "3"
                },
                {
                    "template-line-number": 598,
                    "node-pos": 236,
                    "expression-node": 134,
                    "name": "DiscountLineItems",
                    "replacement-node": 133,
                    "part": "4"
                },
                {
                    "template-line-number": 603,
                    "node-pos": 240,
                    "expression-node": 137,
                    "name": "DiscountLineItems",
                    "replacement-node": 136,
                    "part": "5"
                },
                {
                    "template-line-number": 608,
                    "node-pos": 244,
                    "expression-node": 140,
                    "name": "DiscountLineItems",
                    "replacement-node": 139,
                    "part": "6"
                },
                {
                    "template-line-number": 613,
                    "node-pos": 248,
                    "expression-node": 143,
                    "name": "DiscountLineItems",
                    "replacement-node": 142,
                    "part": "7"
                },
                {
                    "template-line-number": 618,
                    "node-pos": 252,
                    "expression-node": 146,
                    "name": "DiscountLineItems",
                    "replacement-node": 145,
                    "part": "8"
                },
                {
                    "template-line-number": 623,
                    "node-pos": 256,
                    "expression-node": 149,
                    "name": "DiscountLineItems",
                    "replacement-node": 148,
                    "part": "9"
                }
            ]
        },
        "rule-5": [
            {
                "template-line-number": 43,
                "node-pos": 22,
                "replacement-node": 10,
                "part": null,
                "html": true
            }
        ],
        "rule-3": [
            {
                "template-line-number": 31,
                "node-pos": 14,
                "replacement-node": 4,
                "part": null,
                "expression-node": 5
            }
        ],
        "rule-21": [
            {
                "template-line-number": 775,
                "node-pos": 320,
                "replacement-node": 193,
                "part": null
            }
        ],
        "rule-13": [
            {
                "template-line-number": 105,
                "node-pos": 59,
                "replacement-node": 34,
                "part": null,
                "html": true
            }
        ]
    },
    "line-numbers": {
        "PremiumLineItems": [
            {
                "template-line-number": 400,
                "line-number-node": 87,
                "start-rule": "rule-28"
            }
        ],
        "DebtExpense2": [
            {
                "template-line-number": 243,
                "start-number": 2,
                "line-number-node": 50
            }
        ],
        "DebtExpense": [
            {
                "template-line-number": 707,
                "start-number": 1,
                "line-number-node": 158
            }
        ],
        "DiscountLineItems": [
            {
                "template-line-number": 572,
                "line-number-node": 124,
                "start-rule": "rule-29"
            }
        ]
    }
}