{
    "line-numbers": {
        "AppropriatedRI": [
            {
                "line-number-node": 53,
                "template-line-number": 255,
                "start-number": 7
            }
        ]
    },
    "showifs": {},
    "substitutions": {
        "rule-6": [
            {
                "part": null,
                "template-line-number": 63,
                "replacement-node": 15,
                "node-pos": 32
            }
        ],
        "rule-18": {
            "subs": [
                {
                    "extras": {},
                    "node-pos": 78,
                    "part": "1",
                    "name": "AppropriatedRILineItems",
                    "template-line-number": 186,
                    "replacement-node": 44
                },
                {
                    "extras": {},
                    "node-pos": 81,
                    "part": "2",
                    "name": "AppropriatedRILineItems",
                    "template-line-number": 192,
                    "replacement-node": 46
                },
                {
                    "expression-node": 49,
                    "node-pos": 84,
                    "part": "2",
                    "name": "AppropriatedRILineItems",
                    "template-line-number": 199,
                    "replacement-node": 48
                },
                {
                    "expression-node": 51,
                    "node-pos": 87,
                    "part": "3",
                    "name": "AppropriatedRILineItems",
                    "template-line-number": 207,
                    "replacement-node": 50
                }
            ],
            "name": "AppropriatedRILineItems"
        },
        "rule-11": [
            {
                "part": null,
                "template-line-number": 93,
                "replacement-node": 30,
                "node-pos": 54
            }
        ],
        "rule-14": [
            {
                "part": null,
                "template-line-number": 293,
                "expression-node": 68,
                "replacement-node": 67,
                "node-pos": 114
            }
        ],
        "rule-10": [
            {
                "part": null,
                "template-line-number": 83,
                "expression-node": 28,
                "replacement-node": 27,
                "node-pos": 48
            }
        ],
        "rule-9": [
            {
                "part": null,
                "template-line-number": 78,
                "expression-node": 25,
                "replacement-node": 24,
                "node-pos": 44
            }
        ],
        "rule-8": [
            {
                "part": null,
                "template-line-number": 73,
                "replacement-node": 21,
                "node-pos": 40
            }
        ],
        "rule-15": [
            {
                "part": null,
                "template-line-number": 307,
                "expression-node": 71,
                "replacement-node": 70,
                "node-pos": 120
            }
        ],
        "rule-13": [
            {
                "part": null,
                "template-line-number": 283,
                "expression-node": 65,
                "replacement-node": 64,
                "node-pos": 110
            }
        ],
        "rule-19": {
            "subs": [
                {
                    "expression-node": 56,
                    "node-pos": 95,
                    "part": "2",
                    "name": "AppropriatedRI",
                    "template-line-number": 259,
                    "replacement-node": 55
                },
                {
                    "expression-node": 59,
                    "node-pos": 99,
                    "part": "3",
                    "name": "AppropriatedRI",
                    "template-line-number": 264,
                    "replacement-node": 58
                },
                {
                    "expression-node": 62,
                    "node-pos": 103,
                    "part": "4",
                    "name": "AppropriatedRI",
                    "template-line-number": 269,
                    "replacement-node": 61
                }
            ],
            "name": "AppropriatedRI"
        },
        "rule-3": [
            {
                "part": null,
                "template-line-number": 34,
                "replacement-node": 6,
                "node-pos": 18
            }
        ],
        "rule-17": [
            {
                "part": null,
                "template-line-number": 321,
                "replacement-node": 76,
                "node-pos": 128
            }
        ],
        "rule-1": [
            {
                "part": null,
                "template-line-number": 22,
                "replacement-node": 0,
                "node-pos": 10
            }
        ],
        "rule-2": [
            {
                "part": null,
                "template-line-number": 28,
                "expression-node": 4,
                "replacement-node": 3,
                "node-pos": 14
            }
        ],
        "rule-12": [
            {
                "part": null,
                "template-line-number": 104,
                "html": true,
                "replacement-node": 33,
                "node-pos": 59
            }
        ],
        "rule-20": {
            "subs": [
                {
                    "extras": {},
                    "node-pos": 68,
                    "part": "1",
                    "name": "ScheduleHeadings",
                    "template-line-number": 127,
                    "replacement-node": 37
                },
                {
                    "extras": {},
                    "node-pos": 72,
                    "part": "2",
                    "name": "ScheduleHeadings",
                    "template-line-number": 134,
                    "replacement-node": 40
                }
            ],
            "name": "ScheduleHeadings"
        },
        "rule-16": [
            {
                "part": null,
                "template-line-number": 312,
                "replacement-node": 73,
                "node-pos": 124
            }
        ],
        "rule-5": [
            {
                "part": null,
                "template-line-number": 52,
                "html": true,
                "replacement-node": 12,
                "node-pos": 27
            }
        ],
        "rule-4": [
            {
                "part": null,
                "template-line-number": 40,
                "html": true,
                "replacement-node": 9,
                "node-pos": 22
            }
        ],
        "rule-7": [
            {
                "part": null,
                "template-line-number": 68,
                "expression-node": 19,
                "replacement-node": 18,
                "node-pos": 36
            }
        ]
    }
}