{
    "substitutions": {
        "rule-4": [
            {
                "template-line-number": 40,
                "replacement-node": 7,
                "node-pos": 19,
                "part": null
            }
        ],
        "rule-8": [
            {
                "template-line-number": 74,
                "expression-node": 20,
                "replacement-node": 19,
                "node-pos": 37,
                "part": null
            }
        ],
        "rule-13": [
            {
                "html": true,
                "template-line-number": 110,
                "replacement-node": 34,
                "node-pos": 60,
                "part": null
            }
        ],
        "rule-15": [
            {
                "template-line-number": 299,
                "expression-node": 69,
                "replacement-node": 68,
                "node-pos": 115,
                "part": null
            }
        ],
        "rule-16": [
            {
                "template-line-number": 313,
                "expression-node": 72,
                "replacement-node": 71,
                "node-pos": 121,
                "part": null
            }
        ],
        "rule-3": [
            {
                "template-line-number": 34,
                "expression-node": 5,
                "replacement-node": 4,
                "node-pos": 15,
                "part": null
            }
        ],
        "rule-18": [
            {
                "template-line-number": 327,
                "replacement-node": 77,
                "node-pos": 129,
                "part": null
            }
        ],
        "rule-9": [
            {
                "template-line-number": 79,
                "replacement-node": 22,
                "node-pos": 41,
                "part": null
            }
        ],
        "rule-17": [
            {
                "template-line-number": 318,
                "replacement-node": 74,
                "node-pos": 125,
                "part": null
            }
        ],
        "rule-11": [
            {
                "template-line-number": 89,
                "expression-node": 29,
                "replacement-node": 28,
                "node-pos": 49,
                "part": null
            }
        ],
        "rule-14": [
            {
                "template-line-number": 289,
                "expression-node": 66,
                "replacement-node": 65,
                "node-pos": 111,
                "part": null
            }
        ],
        "rule-12": [
            {
                "template-line-number": 99,
                "replacement-node": 31,
                "node-pos": 55,
                "part": null
            }
        ],
        "rule-5": [
            {
                "html": true,
                "template-line-number": 46,
                "replacement-node": 10,
                "node-pos": 23,
                "part": null
            }
        ],
        "rule-7": [
            {
                "template-line-number": 69,
                "replacement-node": 16,
                "node-pos": 33,
                "part": null
            }
        ],
        "rule-2": [
            {
                "template-line-number": 28,
                "replacement-node": 1,
                "node-pos": 11,
                "part": null
            }
        ],
        "rule-10": [
            {
                "template-line-number": 84,
                "expression-node": 26,
                "replacement-node": 25,
                "node-pos": 45,
                "part": null
            }
        ],
        "rule-21": {
            "subs": [
                {
                    "name": "AppropriatedRILineItems",
                    "extras": {},
                    "template-line-number": 192,
                    "replacement-node": 45,
                    "node-pos": 79,
                    "part": "1"
                },
                {
                    "name": "AppropriatedRILineItems",
                    "extras": {},
                    "template-line-number": 198,
                    "replacement-node": 47,
                    "node-pos": 82,
                    "part": "2"
                },
                {
                    "name": "AppropriatedRILineItems",
                    "template-line-number": 205,
                    "part": "2",
                    "replacement-node": 49,
                    "node-pos": 85,
                    "expression-node": 50
                },
                {
                    "name": "AppropriatedRILineItems",
                    "template-line-number": 213,
                    "part": "3",
                    "replacement-node": 51,
                    "node-pos": 88,
                    "expression-node": 52
                }
            ],
            "name": "AppropriatedRILineItems"
        },
        "rule-19": {
            "subs": [
                {
                    "name": "ScheduleHeadings",
                    "extras": {},
                    "template-line-number": 133,
                    "replacement-node": 38,
                    "node-pos": 69,
                    "part": "1"
                },
                {
                    "name": "ScheduleHeadings",
                    "extras": {},
                    "template-line-number": 140,
                    "replacement-node": 41,
                    "node-pos": 73,
                    "part": "2"
                }
            ],
            "name": "ScheduleHeadings"
        },
        "rule-20": {
            "subs": [
                {
                    "name": "AppropriatedRI",
                    "template-line-number": 265,
                    "part": "2",
                    "replacement-node": 56,
                    "node-pos": 96,
                    "expression-node": 57
                },
                {
                    "name": "AppropriatedRI",
                    "template-line-number": 270,
                    "part": "3",
                    "replacement-node": 59,
                    "node-pos": 100,
                    "expression-node": 60
                },
                {
                    "name": "AppropriatedRI",
                    "template-line-number": 275,
                    "part": "4",
                    "replacement-node": 62,
                    "node-pos": 104,
                    "expression-node": 63
                }
            ],
            "name": "AppropriatedRI"
        },
        "rule-6": [
            {
                "html": true,
                "template-line-number": 58,
                "replacement-node": 13,
                "node-pos": 28,
                "part": null
            }
        ]
    },
    "line-numbers": {
        "AppropriatedRI": [
            {
                "line-number-node": 54,
                "start-number": 7,
                "template-line-number": 261
            }
        ]
    },
    "showifs": {
        "rule-1": {
            "type": "showif",
            "template-line-number": 18
        }
    }
}