{
    "substitutions": {
        "rule-68": [
            {
                "replacement-node": 165,
                "expression-node": 166,
                "template-line-number": 655,
                "node-pos": 276,
                "part": null
            }
        ],
        "rule-56": [
            {
                "replacement-node": 139,
                "expression-node": 140,
                "template-line-number": 548,
                "node-pos": 234,
                "part": null
            }
        ],
        "rule-49": [
            {
                "replacement-node": 123,
                "template-line-number": 485,
                "node-pos": 209,
                "part": null
            }
        ],
        "rule-7": [
            {
                "replacement-node": 18,
                "expression-node": 19,
                "template-line-number": 68,
                "node-pos": 36,
                "part": null
            }
        ],
        "rule-4": [
            {
                "replacement-node": 9,
                "template-line-number": 40,
                "node-pos": 22,
                "part": null,
                "html": true
            }
        ],
        "rule-35": [
            {
                "replacement-node": 93,
                "expression-node": 94,
                "template-line-number": 360,
                "node-pos": 159,
                "part": null
            }
        ],
        "rule-52": [
            {
                "replacement-node": 130,
                "expression-node": 131,
                "template-line-number": 511,
                "node-pos": 219,
                "part": null
            }
        ],
        "rule-6": [
            {
                "replacement-node": 15,
                "template-line-number": 63,
                "node-pos": 32,
                "part": null
            }
        ],
        "rule-25": [
            {
                "replacement-node": 71,
                "template-line-number": 273,
                "node-pos": 125,
                "part": null
            }
        ],
        "rule-2": [
            {
                "replacement-node": 3,
                "expression-node": 4,
                "template-line-number": 28,
                "node-pos": 14,
                "part": null
            }
        ],
        "rule-13": [
            {
                "replacement-node": 45,
                "template-line-number": 167,
                "node-pos": 83,
                "part": null
            }
        ],
        "rule-21": [
            {
                "replacement-node": 63,
                "expression-node": 64,
                "template-line-number": 238,
                "node-pos": 111,
                "part": null
            }
        ],
        "rule-60": [
            {
                "replacement-node": 147,
                "expression-node": 148,
                "template-line-number": 580,
                "node-pos": 246,
                "part": null
            }
        ],
        "rule-1": [
            {
                "replacement-node": 0,
                "template-line-number": 23,
                "node-pos": 10,
                "part": null
            }
        ],
        "rule-20": [
            {
                "replacement-node": 61,
                "expression-node": 62,
                "template-line-number": 230,
                "node-pos": 108,
                "part": null
            }
        ],
        "rule-9": [
            {
                "replacement-node": 24,
                "expression-node": 25,
                "template-line-number": 78,
                "node-pos": 44,
                "part": null
            }
        ],
        "rule-14": [
            {
                "replacement-node": 48,
                "expression-node": 49,
                "template-line-number": 177,
                "node-pos": 87,
                "part": null
            }
        ],
        "rule-22": [
            {
                "replacement-node": 65,
                "expression-node": 66,
                "template-line-number": 246,
                "node-pos": 114,
                "part": null
            }
        ],
        "rule-71": [
            {
                "replacement-node": 171,
                "expression-node": 172,
                "template-line-number": 679,
                "node-pos": 285,
                "part": null
            }
        ],
        "rule-45": [
            {
                "replacement-node": 115,
                "expression-node": 116,
                "template-line-number": 450,
                "node-pos": 195,
                "part": null
            }
        ],
        "rule-24": [
            {
                "replacement-node": 69,
                "expression-node": 70,
                "template-line-number": 262,
                "node-pos": 120,
                "part": null
            }
        ],
        "rule-19": [
            {
                "replacement-node": 58,
                "template-line-number": 220,
                "node-pos": 104,
                "part": null
            }
        ],
        "rule-34": [
            {
                "replacement-node": 91,
                "expression-node": 92,
                "template-line-number": 352,
                "node-pos": 156,
                "part": null
            }
        ],
        "rule-75": [
            {
                "replacement-node": 181,
                "expression-node": 182,
                "template-line-number": 719,
                "node-pos": 301,
                "part": null
            }
        ],
        "rule-31": [
            {
                "replacement-node": 84,
                "template-line-number": 326,
                "node-pos": 146,
                "part": null
            }
        ],
        "rule-30": [
            {
                "replacement-node": 82,
                "expression-node": 83,
                "template-line-number": 315,
                "node-pos": 141,
                "part": null
            }
        ],
        "rule-59": [
            {
                "replacement-node": 145,
                "expression-node": 146,
                "template-line-number": 572,
                "node-pos": 243,
                "part": null
            }
        ],
        "rule-47": [
            {
                "replacement-node": 119,
                "expression-node": 120,
                "template-line-number": 466,
                "node-pos": 201,
                "part": null
            }
        ],
        "rule-61": [
            {
                "replacement-node": 149,
                "template-line-number": 592,
                "node-pos": 251,
                "part": null
            }
        ],
        "rule-70": [
            {
                "replacement-node": 169,
                "expression-node": 170,
                "template-line-number": 671,
                "node-pos": 282,
                "part": null
            }
        ],
        "rule-62": [
            {
                "replacement-node": 152,
                "expression-node": 153,
                "template-line-number": 602,
                "node-pos": 255,
                "part": null
            }
        ],
        "rule-3": [
            {
                "replacement-node": 6,
                "template-line-number": 34,
                "node-pos": 18,
                "part": null
            }
        ],
        "rule-26": [
            {
                "replacement-node": 74,
                "expression-node": 75,
                "template-line-number": 283,
                "node-pos": 129,
                "part": null
            }
        ],
        "rule-18": [
            {
                "replacement-node": 56,
                "expression-node": 57,
                "template-line-number": 209,
                "node-pos": 99,
                "part": null
            }
        ],
        "rule-33": [
            {
                "replacement-node": 89,
                "expression-node": 90,
                "template-line-number": 344,
                "node-pos": 153,
                "part": null
            }
        ],
        "rule-58": [
            {
                "replacement-node": 143,
                "expression-node": 144,
                "template-line-number": 564,
                "node-pos": 240,
                "part": null
            }
        ],
        "rule-66": [
            {
                "replacement-node": 160,
                "expression-node": 161,
                "template-line-number": 634,
                "node-pos": 267,
                "part": null
            }
        ],
        "rule-57": [
            {
                "replacement-node": 141,
                "expression-node": 142,
                "template-line-number": 556,
                "node-pos": 237,
                "part": null
            }
        ],
        "rule-16": [
            {
                "replacement-node": 52,
                "expression-node": 53,
                "template-line-number": 193,
                "node-pos": 93,
                "part": null
            }
        ],
        "rule-5": [
            {
                "replacement-node": 12,
                "template-line-number": 52,
                "node-pos": 27,
                "part": null,
                "html": true
            }
        ],
        "rule-55": [
            {
                "replacement-node": 136,
                "template-line-number": 538,
                "node-pos": 230,
                "part": null
            }
        ],
        "rule-78": [
            {
                "replacement-node": 190,
                "expression-node": 191,
                "template-line-number": 749,
                "node-pos": 313,
                "part": null
            }
        ],
        "rule-8": [
            {
                "replacement-node": 21,
                "template-line-number": 73,
                "node-pos": 40,
                "part": null
            }
        ],
        "rule-64": [
            {
                "replacement-node": 156,
                "expression-node": 157,
                "template-line-number": 618,
                "node-pos": 261,
                "part": null
            }
        ],
        "rule-42": [
            {
                "replacement-node": 108,
                "expression-node": 109,
                "template-line-number": 421,
                "node-pos": 183,
                "part": null
            }
        ],
        "rule-72": [
            {
                "replacement-node": 173,
                "expression-node": 174,
                "template-line-number": 687,
                "node-pos": 288,
                "part": null
            }
        ],
        "rule-39": [
            {
                "replacement-node": 102,
                "expression-node": 103,
                "template-line-number": 397,
                "node-pos": 174,
                "part": null
            }
        ],
        "rule-67": [
            {
                "replacement-node": 162,
                "template-line-number": 645,
                "node-pos": 272,
                "part": null
            }
        ],
        "rule-32": [
            {
                "replacement-node": 87,
                "expression-node": 88,
                "template-line-number": 336,
                "node-pos": 150,
                "part": null
            }
        ],
        "rule-76": [
            {
                "replacement-node": 184,
                "expression-node": 185,
                "template-line-number": 729,
                "node-pos": 305,
                "part": null
            }
        ],
        "rule-65": [
            {
                "replacement-node": 158,
                "expression-node": 159,
                "template-line-number": 626,
                "node-pos": 264,
                "part": null
            }
        ],
        "rule-11": [
            {
                "replacement-node": 30,
                "template-line-number": 94,
                "node-pos": 54,
                "part": null
            }
        ],
        "rule-36": [
            {
                "replacement-node": 95,
                "expression-node": 96,
                "template-line-number": 368,
                "node-pos": 162,
                "part": null
            }
        ],
        "rule-23": [
            {
                "replacement-node": 67,
                "expression-node": 68,
                "template-line-number": 254,
                "node-pos": 117,
                "part": null
            }
        ],
        "rule-81": [
            {
                "replacement-node": 199,
                "template-line-number": 785,
                "node-pos": 327,
                "part": null
            }
        ],
        "rule-41": [
            {
                "replacement-node": 106,
                "expression-node": 107,
                "template-line-number": 413,
                "node-pos": 180,
                "part": null
            }
        ],
        "rule-10": [
            {
                "replacement-node": 27,
                "expression-node": 28,
                "template-line-number": 83,
                "node-pos": 48,
                "part": null
            }
        ],
        "rule-17": [
            {
                "replacement-node": 54,
                "expression-node": 55,
                "template-line-number": 201,
                "node-pos": 96,
                "part": null
            }
        ],
        "rule-79": [
            {
                "replacement-node": 193,
                "expression-node": 194,
                "template-line-number": 768,
                "node-pos": 319,
                "part": null
            }
        ],
        "rule-38": [
            {
                "replacement-node": 100,
                "expression-node": 101,
                "template-line-number": 389,
                "node-pos": 171,
                "part": null
            }
        ],
        "rule-43": [
            {
                "replacement-node": 110,
                "template-line-number": 432,
                "node-pos": 188,
                "part": null
            }
        ],
        "rule-53": [
            {
                "replacement-node": 132,
                "expression-node": 133,
                "template-line-number": 519,
                "node-pos": 222,
                "part": null
            }
        ],
        "rule-28": [
            {
                "replacement-node": 78,
                "expression-node": 79,
                "template-line-number": 299,
                "node-pos": 135,
                "part": null
            }
        ],
        "rule-29": [
            {
                "replacement-node": 80,
                "expression-node": 81,
                "template-line-number": 307,
                "node-pos": 138,
                "part": null
            }
        ],
        "rule-54": [
            {
                "replacement-node": 134,
                "expression-node": 135,
                "template-line-number": 527,
                "node-pos": 225,
                "part": null
            }
        ],
        "rule-51": [
            {
                "replacement-node": 128,
                "expression-node": 129,
                "template-line-number": 503,
                "node-pos": 216,
                "part": null
            }
        ],
        "rule-82": {
            "subs": [
                {
                    "replacement-node": 39,
                    "node-pos": 73,
                    "part": "1",
                    "name": "DepreciationOfPlantHeadings",
                    "template-line-number": 147,
                    "extras": {}
                },
                {
                    "replacement-node": 42,
                    "node-pos": 77,
                    "part": "2",
                    "name": "DepreciationOfPlantHeadings",
                    "template-line-number": 155,
                    "extras": {}
                },
                {
                    "replacement-node": 37,
                    "node-pos": 71,
                    "part": "3",
                    "name": "DepreciationOfPlantHeadings",
                    "template-line-number": 143,
                    "extras": {}
                }
            ],
            "name": "DepreciationOfPlantHeadings"
        },
        "rule-12": [
            {
                "replacement-node": 33,
                "template-line-number": 107,
                "node-pos": 59,
                "part": null,
                "html": true
            }
        ],
        "rule-46": [
            {
                "replacement-node": 117,
                "expression-node": 118,
                "template-line-number": 458,
                "node-pos": 198,
                "part": null
            }
        ],
        "rule-69": [
            {
                "replacement-node": 167,
                "expression-node": 168,
                "template-line-number": 663,
                "node-pos": 279,
                "part": null
            }
        ],
        "rule-40": [
            {
                "replacement-node": 104,
                "expression-node": 105,
                "template-line-number": 405,
                "node-pos": 177,
                "part": null
            }
        ],
        "rule-80": [
            {
                "replacement-node": 196,
                "template-line-number": 775,
                "node-pos": 323,
                "part": null
            }
        ],
        "rule-37": [
            {
                "replacement-node": 97,
                "template-line-number": 379,
                "node-pos": 167,
                "part": null
            }
        ],
        "rule-48": [
            {
                "replacement-node": 121,
                "expression-node": 122,
                "template-line-number": 474,
                "node-pos": 204,
                "part": null
            }
        ],
        "rule-44": [
            {
                "replacement-node": 113,
                "expression-node": 114,
                "template-line-number": 442,
                "node-pos": 192,
                "part": null
            }
        ],
        "rule-15": [
            {
                "replacement-node": 50,
                "expression-node": 51,
                "template-line-number": 185,
                "node-pos": 90,
                "part": null
            }
        ],
        "rule-27": [
            {
                "replacement-node": 76,
                "expression-node": 77,
                "template-line-number": 291,
                "node-pos": 132,
                "part": null
            }
        ],
        "rule-77": [
            {
                "replacement-node": 187,
                "expression-node": 188,
                "template-line-number": 739,
                "node-pos": 309,
                "part": null
            }
        ],
        "rule-50": [
            {
                "replacement-node": 126,
                "expression-node": 127,
                "template-line-number": 495,
                "node-pos": 213,
                "part": null
            }
        ],
        "rule-63": [
            {
                "replacement-node": 154,
                "expression-node": 155,
                "template-line-number": 610,
                "node-pos": 258,
                "part": null
            }
        ],
        "rule-74": [
            {
                "replacement-node": 178,
                "expression-node": 179,
                "template-line-number": 709,
                "node-pos": 297,
                "part": null
            }
        ],
        "rule-73": [
            {
                "replacement-node": 175,
                "template-line-number": 699,
                "node-pos": 293,
                "part": null
            }
        ]
    },
    "line-numbers": {},
    "showifs": {}
}