{
    "line-numbers": {},
    "substitutions": {
        "rule-17": [
            {
                "expression-node": 47,
                "replacement-node": 46,
                "node-pos": 93,
                "part": null,
                "template-line-number": 184,
                "html": true
            }
        ],
        "rule-25": [
            {
                "expression-node": 71,
                "replacement-node": 70,
                "node-pos": 133,
                "part": null,
                "template-line-number": 272,
                "html": true
            }
        ],
        "rule-27": [
            {
                "expression-node": 77,
                "replacement-node": 76,
                "node-pos": 143,
                "part": null,
                "template-line-number": 294,
                "html": true
            }
        ],
        "rule-8": [
            {
                "node-pos": 36,
                "expression-node": 20,
                "part": null,
                "template-line-number": 69,
                "replacement-node": 19
            }
        ],
        "rule-14": [
            {
                "expression-node": 38,
                "replacement-node": 37,
                "node-pos": 78,
                "part": null,
                "template-line-number": 151,
                "html": true
            }
        ],
        "rule-10": [
            {
                "node-pos": 44,
                "expression-node": 26,
                "part": null,
                "template-line-number": 78,
                "replacement-node": 25
            }
        ],
        "rule-20": [
            {
                "expression-node": 56,
                "replacement-node": 55,
                "node-pos": 108,
                "part": null,
                "template-line-number": 217,
                "html": true
            }
        ],
        "rule-18": [
            {
                "expression-node": 50,
                "replacement-node": 49,
                "node-pos": 98,
                "part": null,
                "template-line-number": 195,
                "html": true
            }
        ],
        "rule-23": [
            {
                "expression-node": 65,
                "replacement-node": 64,
                "node-pos": 123,
                "part": null,
                "template-line-number": 250,
                "html": true
            }
        ],
        "rule-11": [
            {
                "node-pos": 48,
                "expression-node": 29,
                "part": null,
                "template-line-number": 83,
                "replacement-node": 28
            }
        ],
        "rule-22": [
            {
                "expression-node": 62,
                "replacement-node": 61,
                "node-pos": 118,
                "part": null,
                "template-line-number": 239,
                "html": true
            }
        ],
        "rule-19": [
            {
                "expression-node": 53,
                "replacement-node": 52,
                "node-pos": 103,
                "part": null,
                "template-line-number": 206,
                "html": true
            }
        ],
        "rule-3": [
            {
                "node-pos": 14,
                "expression-node": 5,
                "part": null,
                "template-line-number": 30,
                "replacement-node": 4
            }
        ],
        "rule-13": [
            {
                "node-pos": 59,
                "part": null,
                "template-line-number": 104,
                "replacement-node": 34,
                "html": true
            }
        ],
        "rule-15": [
            {
                "expression-node": 41,
                "replacement-node": 40,
                "node-pos": 83,
                "part": null,
                "template-line-number": 162,
                "html": true
            }
        ],
        "rule-7": [
            {
                "node-pos": 32,
                "part": null,
                "template-line-number": 65,
                "replacement-node": 16
            }
        ],
        "rule-16": [
            {
                "expression-node": 44,
                "replacement-node": 43,
                "node-pos": 88,
                "part": null,
                "template-line-number": 173,
                "html": true
            }
        ],
        "rule-6": [
            {
                "node-pos": 27,
                "part": null,
                "template-line-number": 54,
                "replacement-node": 13,
                "html": true
            }
        ],
        "rule-29": [
            {
                "node-pos": 153,
                "part": null,
                "template-line-number": 312,
                "replacement-node": 82
            }
        ],
        "rule-26": [
            {
                "expression-node": 74,
                "replacement-node": 73,
                "node-pos": 138,
                "part": null,
                "template-line-number": 283,
                "html": true
            }
        ],
        "rule-2": [
            {
                "node-pos": 10,
                "part": null,
                "template-line-number": 26,
                "replacement-node": 1
            }
        ],
        "rule-4": [
            {
                "node-pos": 18,
                "part": null,
                "template-line-number": 36,
                "replacement-node": 7
            }
        ],
        "rule-28": [
            {
                "node-pos": 149,
                "expression-node": 80,
                "part": null,
                "template-line-number": 307,
                "replacement-node": 79
            }
        ],
        "rule-12": [
            {
                "node-pos": 54,
                "part": null,
                "template-line-number": 93,
                "replacement-node": 31
            }
        ],
        "rule-5": [
            {
                "node-pos": 22,
                "part": null,
                "template-line-number": 42,
                "replacement-node": 10,
                "html": true
            }
        ],
        "rule-9": [
            {
                "node-pos": 40,
                "part": null,
                "template-line-number": 74,
                "replacement-node": 22
            }
        ],
        "rule-21": [
            {
                "expression-node": 59,
                "replacement-node": 58,
                "node-pos": 113,
                "part": null,
                "template-line-number": 228,
                "html": true
            }
        ],
        "rule-24": [
            {
                "expression-node": 68,
                "replacement-node": 67,
                "node-pos": 128,
                "part": null,
                "template-line-number": 261,
                "html": true
            }
        ],
        "rule-30": [
            {
                "node-pos": 157,
                "part": null,
                "template-line-number": 321,
                "replacement-node": 85
            }
        ]
    },
    "showifs": {
        "rule-1": {
            "type": "showif",
            "template-line-number": 16
        }
    }
}