{
    "substitutions": {
        "rule-6": [
            {
                "replacement-node": 15,
                "template-line-number": 59,
                "node-pos": 31,
                "part": null
            }
        ],
        "rule-16": [
            {
                "replacement-node": 45,
                "template-line-number": 172,
                "node-pos": 91,
                "part": null
            }
        ],
        "rule-15": [
            {
                "replacement-node": 42,
                "template-line-number": 163,
                "node-pos": 87,
                "part": null
            }
        ],
        "rule-5": [
            {
                "replacement-node": 12,
                "template-line-number": 48,
                "node-pos": 26,
                "html": true,
                "part": null
            }
        ],
        "rule-12": [
            {
                "replacement-node": 33,
                "template-line-number": 98,
                "node-pos": 58,
                "html": true,
                "part": null
            }
        ],
        "rule-9": [
            {
                "replacement-node": 24,
                "template-line-number": 72,
                "node-pos": 43,
                "expression-node": 25,
                "part": null
            }
        ],
        "rule-13": [
            {
                "replacement-node": 36,
                "template-line-number": 145,
                "html": true,
                "expression-node": 37,
                "node-pos": 77,
                "part": null
            }
        ],
        "rule-1": [
            {
                "replacement-node": 0,
                "template-line-number": 20,
                "node-pos": 9,
                "part": null
            }
        ],
        "rule-4": [
            {
                "replacement-node": 9,
                "template-line-number": 36,
                "node-pos": 21,
                "html": true,
                "part": null
            }
        ],
        "rule-2": [
            {
                "replacement-node": 3,
                "template-line-number": 24,
                "node-pos": 13,
                "expression-node": 4,
                "part": null
            }
        ],
        "rule-7": [
            {
                "replacement-node": 18,
                "template-line-number": 63,
                "node-pos": 35,
                "expression-node": 19,
                "part": null
            }
        ],
        "rule-10": [
            {
                "replacement-node": 27,
                "template-line-number": 77,
                "node-pos": 47,
                "expression-node": 28,
                "part": null
            }
        ],
        "rule-14": [
            {
                "replacement-node": 39,
                "template-line-number": 158,
                "node-pos": 83,
                "expression-node": 40,
                "part": null
            }
        ],
        "rule-11": [
            {
                "replacement-node": 30,
                "template-line-number": 87,
                "node-pos": 53,
                "part": null
            }
        ],
        "rule-3": [
            {
                "replacement-node": 6,
                "template-line-number": 30,
                "node-pos": 17,
                "part": null
            }
        ],
        "rule-8": [
            {
                "replacement-node": 21,
                "template-line-number": 68,
                "node-pos": 39,
                "part": null
            }
        ]
    },
    "showifs": {},
    "line-numbers": {}
}