{
    "line-numbers": {},
    "substitutions": {
        "rule-53": [
            {
                "part": null,
                "template-line-number": 614,
                "node-pos": 276,
                "replacement-node": 156
            }
        ],
        "rule-42": [
            {
                "part": null,
                "template-line-number": 485,
                "node-pos": 220,
                "replacement-node": 123
            }
        ],
        "rule-70": [
            {
                "part": null,
                "template-line-number": 810,
                "node-pos": 361,
                "replacement-node": 207
            }
        ],
        "rule-65": [
            {
                "node-pos": 337,
                "part": null,
                "template-line-number": 753,
                "expression-node": 193,
                "replacement-node": 192
            }
        ],
        "rule-22": [
            {
                "part": null,
                "template-line-number": 265,
                "node-pos": 125,
                "replacement-node": 63
            }
        ],
        "rule-60": [
            {
                "part": null,
                "template-line-number": 697,
                "node-pos": 313,
                "replacement-node": 177
            }
        ],
        "rule-64": [
            {
                "part": null,
                "template-line-number": 743,
                "node-pos": 333,
                "replacement-node": 189
            }
        ],
        "rule-23": [
            {
                "node-pos": 129,
                "part": null,
                "template-line-number": 275,
                "expression-node": 67,
                "replacement-node": 66
            }
        ],
        "rule-12": [
            {
                "html": true,
                "part": null,
                "template-line-number": 127,
                "node-pos": 59,
                "replacement-node": 33
            }
        ],
        "rule-49": [
            {
                "node-pos": 253,
                "part": null,
                "template-line-number": 562,
                "expression-node": 145,
                "replacement-node": 144
            }
        ],
        "rule-45": [
            {
                "node-pos": 233,
                "part": null,
                "template-line-number": 516,
                "expression-node": 133,
                "replacement-node": 132
            }
        ],
        "rule-34": [
            {
                "part": null,
                "template-line-number": 397,
                "node-pos": 182,
                "replacement-node": 99
            }
        ],
        "rule-55": [
            {
                "part": null,
                "template-line-number": 637,
                "node-pos": 286,
                "replacement-node": 162
            }
        ],
        "rule-52": [
            {
                "node-pos": 270,
                "part": null,
                "template-line-number": 601,
                "expression-node": 154,
                "replacement-node": 153
            }
        ],
        "rule-43": [
            {
                "node-pos": 224,
                "part": null,
                "template-line-number": 495,
                "expression-node": 127,
                "replacement-node": 126
            }
        ],
        "rule-31": [
            {
                "node-pos": 167,
                "part": null,
                "template-line-number": 363,
                "expression-node": 91,
                "replacement-node": 90
            }
        ],
        "rule-3": [
            {
                "part": null,
                "template-line-number": 35,
                "node-pos": 18,
                "replacement-node": 6
            }
        ],
        "rule-1": [
            {
                "part": null,
                "template-line-number": 21,
                "node-pos": 9,
                "replacement-node": 0
            }
        ],
        "rule-15": [
            {
                "part": null,
                "template-line-number": 186,
                "node-pos": 90,
                "replacement-node": 42
            }
        ],
        "rule-28": [
            {
                "part": null,
                "template-line-number": 330,
                "node-pos": 153,
                "replacement-node": 81
            }
        ],
        "rule-63": [
            {
                "node-pos": 327,
                "part": null,
                "template-line-number": 730,
                "expression-node": 187,
                "replacement-node": 186
            }
        ],
        "rule-39": [
            {
                "node-pos": 205,
                "part": null,
                "template-line-number": 451,
                "expression-node": 115,
                "replacement-node": 114
            }
        ],
        "rule-14": [
            {
                "part": null,
                "template-line-number": 172,
                "node-pos": 83,
                "replacement-node": 39
            }
        ],
        "rule-26": [
            {
                "part": null,
                "template-line-number": 309,
                "node-pos": 144,
                "replacement-node": 75
            }
        ],
        "rule-36": [
            {
                "part": null,
                "template-line-number": 418,
                "node-pos": 191,
                "replacement-node": 105
            }
        ],
        "rule-9": [
            {
                "node-pos": 44,
                "part": null,
                "template-line-number": 99,
                "expression-node": 25,
                "replacement-node": 24
            }
        ],
        "rule-69": [
            {
                "part": null,
                "template-line-number": 800,
                "node-pos": 357,
                "replacement-node": 204
            }
        ],
        "rule-20": [
            {
                "part": null,
                "template-line-number": 242,
                "node-pos": 115,
                "replacement-node": 57
            }
        ],
        "rule-27": [
            {
                "node-pos": 148,
                "part": null,
                "template-line-number": 319,
                "expression-node": 79,
                "replacement-node": 78
            }
        ],
        "rule-32": [
            {
                "part": null,
                "template-line-number": 374,
                "node-pos": 172,
                "replacement-node": 93
            }
        ],
        "rule-19": [
            {
                "node-pos": 110,
                "part": null,
                "template-line-number": 231,
                "expression-node": 55,
                "replacement-node": 54
            }
        ],
        "rule-59": [
            {
                "node-pos": 307,
                "part": null,
                "template-line-number": 684,
                "expression-node": 175,
                "replacement-node": 174
            }
        ],
        "rule-48": [
            {
                "part": null,
                "template-line-number": 552,
                "node-pos": 249,
                "replacement-node": 141
            }
        ],
        "rule-37": [
            {
                "node-pos": 195,
                "part": null,
                "template-line-number": 428,
                "expression-node": 109,
                "replacement-node": 108
            }
        ],
        "rule-35": [
            {
                "node-pos": 186,
                "part": null,
                "template-line-number": 407,
                "expression-node": 103,
                "replacement-node": 102
            }
        ],
        "rule-51": [
            {
                "part": null,
                "template-line-number": 591,
                "node-pos": 266,
                "replacement-node": 150
            }
        ],
        "rule-18": [
            {
                "part": null,
                "template-line-number": 221,
                "node-pos": 106,
                "replacement-node": 51
            }
        ],
        "rule-29": [
            {
                "node-pos": 157,
                "part": null,
                "template-line-number": 340,
                "expression-node": 85,
                "replacement-node": 84
            }
        ],
        "rule-47": [
            {
                "node-pos": 243,
                "part": null,
                "template-line-number": 539,
                "expression-node": 139,
                "replacement-node": 138
            }
        ],
        "rule-68": [
            {
                "node-pos": 353,
                "part": null,
                "template-line-number": 793,
                "expression-node": 202,
                "replacement-node": 201
            }
        ],
        "rule-57": [
            {
                "part": null,
                "template-line-number": 660,
                "node-pos": 296,
                "replacement-node": 168
            }
        ],
        "rule-44": [
            {
                "part": null,
                "template-line-number": 506,
                "node-pos": 229,
                "replacement-node": 129
            }
        ],
        "rule-8": [
            {
                "part": null,
                "template-line-number": 92,
                "node-pos": 40,
                "replacement-node": 21
            }
        ],
        "rule-21": [
            {
                "node-pos": 119,
                "part": null,
                "template-line-number": 252,
                "expression-node": 61,
                "replacement-node": 60
            }
        ],
        "rule-13": [
            {
                "part": null,
                "template-line-number": 160,
                "node-pos": 77,
                "replacement-node": 36
            }
        ],
        "rule-24": [
            {
                "part": null,
                "template-line-number": 286,
                "node-pos": 134,
                "replacement-node": 69
            }
        ],
        "rule-58": [
            {
                "part": null,
                "template-line-number": 674,
                "node-pos": 303,
                "replacement-node": 171
            }
        ],
        "rule-38": [
            {
                "part": null,
                "template-line-number": 441,
                "node-pos": 201,
                "replacement-node": 111
            }
        ],
        "rule-7": [
            {
                "node-pos": 36,
                "part": null,
                "template-line-number": 85,
                "expression-node": 19,
                "replacement-node": 18
            }
        ],
        "rule-6": [
            {
                "part": null,
                "template-line-number": 78,
                "node-pos": 32,
                "replacement-node": 15
            }
        ],
        "rule-4": [
            {
                "html": true,
                "part": null,
                "template-line-number": 43,
                "node-pos": 22,
                "replacement-node": 9
            }
        ],
        "rule-61": [
            {
                "node-pos": 317,
                "part": null,
                "template-line-number": 707,
                "expression-node": 181,
                "replacement-node": 180
            }
        ],
        "rule-50": [
            {
                "part": null,
                "template-line-number": 577,
                "node-pos": 259,
                "replacement-node": 147
            }
        ],
        "rule-30": [
            {
                "part": null,
                "template-line-number": 353,
                "node-pos": 163,
                "replacement-node": 87
            }
        ],
        "rule-5": [
            {
                "html": true,
                "part": null,
                "template-line-number": 60,
                "node-pos": 27,
                "replacement-node": 12
            }
        ],
        "rule-11": [
            {
                "html": true,
                "part": null,
                "template-line-number": 115,
                "node-pos": 54,
                "replacement-node": 30
            }
        ],
        "rule-16": [
            {
                "part": null,
                "template-line-number": 198,
                "node-pos": 96,
                "replacement-node": 45
            }
        ],
        "rule-54": [
            {
                "node-pos": 280,
                "part": null,
                "template-line-number": 624,
                "expression-node": 160,
                "replacement-node": 159
            }
        ],
        "rule-41": [
            {
                "node-pos": 214,
                "part": null,
                "template-line-number": 472,
                "expression-node": 121,
                "replacement-node": 120
            }
        ],
        "rule-46": [
            {
                "part": null,
                "template-line-number": 529,
                "node-pos": 239,
                "replacement-node": 135
            }
        ],
        "rule-40": [
            {
                "part": null,
                "template-line-number": 462,
                "node-pos": 210,
                "replacement-node": 117
            }
        ],
        "rule-66": [
            {
                "part": null,
                "template-line-number": 766,
                "node-pos": 343,
                "replacement-node": 195
            }
        ],
        "rule-2": [
            {
                "node-pos": 14,
                "part": null,
                "template-line-number": 28,
                "expression-node": 4,
                "replacement-node": 3
            }
        ],
        "rule-56": [
            {
                "node-pos": 290,
                "part": null,
                "template-line-number": 647,
                "expression-node": 166,
                "replacement-node": 165
            }
        ],
        "rule-62": [
            {
                "part": null,
                "template-line-number": 720,
                "node-pos": 323,
                "replacement-node": 183
            }
        ],
        "rule-67": [
            {
                "node-pos": 347,
                "part": null,
                "template-line-number": 776,
                "expression-node": 199,
                "replacement-node": 198
            }
        ],
        "rule-25": [
            {
                "node-pos": 138,
                "part": null,
                "template-line-number": 296,
                "expression-node": 73,
                "replacement-node": 72
            }
        ],
        "rule-17": [
            {
                "node-pos": 100,
                "part": null,
                "template-line-number": 208,
                "expression-node": 49,
                "replacement-node": 48
            }
        ],
        "rule-10": [
            {
                "node-pos": 48,
                "part": null,
                "template-line-number": 105,
                "expression-node": 28,
                "replacement-node": 27
            }
        ],
        "rule-33": [
            {
                "node-pos": 176,
                "part": null,
                "template-line-number": 384,
                "expression-node": 97,
                "replacement-node": 96
            }
        ]
    },
    "showifs": {}
}