{
    "showifs": {},
    "substitutions": {
        "rule-9": [
            {
                "expression-node": 25,
                "replacement-node": 24,
                "node-pos": 43,
                "part": null,
                "template-line-number": 77
            }
        ],
        "rule-17": {
            "subs": [
                {
                    "replacement-node": 37,
                    "part": "1",
                    "extras": {},
                    "name": "MTSPeakLoadHeadings",
                    "node-pos": 71,
                    "template-line-number": 131
                },
                {
                    "replacement-node": 40,
                    "part": "2",
                    "extras": {},
                    "name": "MTSPeakLoadHeadings",
                    "node-pos": 75,
                    "template-line-number": 138
                }
            ],
            "name": "MTSPeakLoadHeadings"
        },
        "rule-4": [
            {
                "replacement-node": 9,
                "html": true,
                "node-pos": 21,
                "part": null,
                "template-line-number": 39
            }
        ],
        "rule-12": [
            {
                "replacement-node": 33,
                "html": true,
                "node-pos": 58,
                "part": null,
                "template-line-number": 103
            }
        ],
        "rule-11": [
            {
                "replacement-node": 30,
                "node-pos": 53,
                "part": null,
                "template-line-number": 92
            }
        ],
        "rule-8": [
            {
                "replacement-node": 21,
                "node-pos": 39,
                "part": null,
                "template-line-number": 72
            }
        ],
        "rule-2": [
            {
                "expression-node": 4,
                "replacement-node": 3,
                "node-pos": 13,
                "part": null,
                "template-line-number": 27
            }
        ],
        "rule-3": [
            {
                "replacement-node": 6,
                "node-pos": 17,
                "part": null,
                "template-line-number": 33
            }
        ],
        "rule-15": [
            {
                "replacement-node": 94,
                "node-pos": 146,
                "part": null,
                "template-line-number": 314
            }
        ],
        "rule-14": [
            {
                "replacement-node": 91,
                "node-pos": 142,
                "part": null,
                "template-line-number": 304
            }
        ],
        "rule-13": [
            {
                "expression-node": 89,
                "replacement-node": 88,
                "node-pos": 138,
                "part": null,
                "template-line-number": 297
            }
        ],
        "rule-10": [
            {
                "expression-node": 28,
                "replacement-node": 27,
                "node-pos": 47,
                "part": null,
                "template-line-number": 82
            }
        ],
        "rule-5": [
            {
                "replacement-node": 12,
                "html": true,
                "node-pos": 26,
                "part": null,
                "template-line-number": 51
            }
        ],
        "rule-16": {
            "subs": [
                {
                    "replacement-node": 76,
                    "part": "10",
                    "node-pos": 121,
                    "expression-node": 77,
                    "name": "MTSPeakLoadLineItems",
                    "template-line-number": 264
                },
                {
                    "replacement-node": 80,
                    "part": "11",
                    "node-pos": 126,
                    "expression-node": 81,
                    "name": "MTSPeakLoadLineItems",
                    "template-line-number": 271
                },
                {
                    "replacement-node": 84,
                    "part": "12",
                    "node-pos": 131,
                    "expression-node": 85,
                    "name": "MTSPeakLoadLineItems",
                    "template-line-number": 278
                },
                {
                    "replacement-node": 48,
                    "part": "2",
                    "extras": {},
                    "name": "MTSPeakLoadLineItems",
                    "node-pos": 86,
                    "template-line-number": 212
                },
                {
                    "replacement-node": 44,
                    "part": "3",
                    "extras": {},
                    "name": "MTSPeakLoadLineItems",
                    "node-pos": 81,
                    "template-line-number": 205
                },
                {
                    "replacement-node": 52,
                    "part": "4",
                    "node-pos": 91,
                    "expression-node": 53,
                    "name": "MTSPeakLoadLineItems",
                    "template-line-number": 221
                },
                {
                    "replacement-node": 56,
                    "part": "5",
                    "node-pos": 96,
                    "expression-node": 57,
                    "name": "MTSPeakLoadLineItems",
                    "template-line-number": 229
                },
                {
                    "replacement-node": 60,
                    "part": "6",
                    "node-pos": 101,
                    "expression-node": 61,
                    "name": "MTSPeakLoadLineItems",
                    "template-line-number": 236
                },
                {
                    "replacement-node": 64,
                    "part": "7",
                    "node-pos": 106,
                    "expression-node": 65,
                    "name": "MTSPeakLoadLineItems",
                    "template-line-number": 243
                },
                {
                    "replacement-node": 68,
                    "part": "8",
                    "node-pos": 111,
                    "expression-node": 69,
                    "name": "MTSPeakLoadLineItems",
                    "template-line-number": 250
                },
                {
                    "replacement-node": 72,
                    "part": "9",
                    "node-pos": 116,
                    "expression-node": 73,
                    "name": "MTSPeakLoadLineItems",
                    "template-line-number": 257
                }
            ],
            "name": "MTSPeakLoadLineItems"
        },
        "rule-6": [
            {
                "replacement-node": 15,
                "node-pos": 31,
                "part": null,
                "template-line-number": 62
            }
        ],
        "rule-1": [
            {
                "replacement-node": 0,
                "node-pos": 9,
                "part": null,
                "template-line-number": 22
            }
        ],
        "rule-7": [
            {
                "expression-node": 19,
                "replacement-node": 18,
                "node-pos": 35,
                "part": null,
                "template-line-number": 67
            }
        ]
    },
    "line-numbers": {}
}