{
    "showifs": {},
    "substitutions": {
        "rule-4": [
            {
                "part": null,
                "replacement-node": 9,
                "html": true,
                "template-line-number": 39,
                "node-pos": 21
            }
        ],
        "rule-6": [
            {
                "part": null,
                "replacement-node": 15,
                "template-line-number": 62,
                "node-pos": 31
            }
        ],
        "rule-5": [
            {
                "part": null,
                "replacement-node": 12,
                "html": true,
                "template-line-number": 51,
                "node-pos": 26
            }
        ],
        "rule-16": {
            "subs": [
                {
                    "part": "1",
                    "replacement-node": 37,
                    "name": "MTSPeakLoadHeadings",
                    "template-line-number": 131,
                    "node-pos": 71,
                    "extras": {}
                },
                {
                    "part": "2",
                    "replacement-node": 40,
                    "name": "MTSPeakLoadHeadings",
                    "template-line-number": 138,
                    "node-pos": 75,
                    "extras": {}
                }
            ],
            "name": "MTSPeakLoadHeadings"
        },
        "rule-8": [
            {
                "part": null,
                "replacement-node": 21,
                "template-line-number": 72,
                "node-pos": 39
            }
        ],
        "rule-9": [
            {
                "part": null,
                "replacement-node": 24,
                "node-pos": 43,
                "template-line-number": 77,
                "expression-node": 25
            }
        ],
        "rule-12": [
            {
                "part": null,
                "replacement-node": 33,
                "html": true,
                "template-line-number": 103,
                "node-pos": 58
            }
        ],
        "rule-7": [
            {
                "part": null,
                "replacement-node": 18,
                "node-pos": 35,
                "template-line-number": 67,
                "expression-node": 19
            }
        ],
        "rule-13": [
            {
                "part": null,
                "replacement-node": 88,
                "node-pos": 138,
                "template-line-number": 297,
                "expression-node": 89
            }
        ],
        "rule-14": [
            {
                "part": null,
                "replacement-node": 91,
                "template-line-number": 304,
                "node-pos": 142
            }
        ],
        "rule-2": [
            {
                "part": null,
                "replacement-node": 3,
                "node-pos": 13,
                "template-line-number": 27,
                "expression-node": 4
            }
        ],
        "rule-17": {
            "subs": [
                {
                    "part": "10",
                    "replacement-node": 76,
                    "name": "MTSPeakLoadLineItems",
                    "template-line-number": 264,
                    "expression-node": 77,
                    "node-pos": 121
                },
                {
                    "part": "11",
                    "replacement-node": 80,
                    "name": "MTSPeakLoadLineItems",
                    "template-line-number": 271,
                    "expression-node": 81,
                    "node-pos": 126
                },
                {
                    "part": "12",
                    "replacement-node": 84,
                    "name": "MTSPeakLoadLineItems",
                    "template-line-number": 278,
                    "expression-node": 85,
                    "node-pos": 131
                },
                {
                    "part": "2",
                    "replacement-node": 48,
                    "name": "MTSPeakLoadLineItems",
                    "template-line-number": 212,
                    "node-pos": 86,
                    "extras": {}
                },
                {
                    "part": "3",
                    "replacement-node": 44,
                    "name": "MTSPeakLoadLineItems",
                    "template-line-number": 205,
                    "node-pos": 81,
                    "extras": {}
                },
                {
                    "part": "4",
                    "replacement-node": 52,
                    "name": "MTSPeakLoadLineItems",
                    "template-line-number": 221,
                    "expression-node": 53,
                    "node-pos": 91
                },
                {
                    "part": "5",
                    "replacement-node": 56,
                    "name": "MTSPeakLoadLineItems",
                    "template-line-number": 229,
                    "expression-node": 57,
                    "node-pos": 96
                },
                {
                    "part": "6",
                    "replacement-node": 60,
                    "name": "MTSPeakLoadLineItems",
                    "template-line-number": 236,
                    "expression-node": 61,
                    "node-pos": 101
                },
                {
                    "part": "7",
                    "replacement-node": 64,
                    "name": "MTSPeakLoadLineItems",
                    "template-line-number": 243,
                    "expression-node": 65,
                    "node-pos": 106
                },
                {
                    "part": "8",
                    "replacement-node": 68,
                    "name": "MTSPeakLoadLineItems",
                    "template-line-number": 250,
                    "expression-node": 69,
                    "node-pos": 111
                },
                {
                    "part": "9",
                    "replacement-node": 72,
                    "name": "MTSPeakLoadLineItems",
                    "template-line-number": 257,
                    "expression-node": 73,
                    "node-pos": 116
                }
            ],
            "name": "MTSPeakLoadLineItems"
        },
        "rule-1": [
            {
                "part": null,
                "replacement-node": 0,
                "template-line-number": 22,
                "node-pos": 9
            }
        ],
        "rule-3": [
            {
                "part": null,
                "replacement-node": 6,
                "template-line-number": 33,
                "node-pos": 17
            }
        ],
        "rule-11": [
            {
                "part": null,
                "replacement-node": 30,
                "template-line-number": 92,
                "node-pos": 53
            }
        ],
        "rule-15": [
            {
                "part": null,
                "replacement-node": 94,
                "template-line-number": 314,
                "node-pos": 146
            }
        ],
        "rule-10": [
            {
                "part": null,
                "replacement-node": 27,
                "node-pos": 47,
                "template-line-number": 82,
                "expression-node": 28
            }
        ]
    },
    "line-numbers": {}
}