{
    "line-numbers": {
        "StatisticsOperations": [
            {
                "template-line-number": 281,
                "line-number-node": 46,
                "start-number": 1
            }
        ],
        "StatisticsOperations2": [
            {
                "template-line-number": 511,
                "line-number-node": 103,
                "start-number": 16
            }
        ]
    },
    "substitutions": {
        "rule-19": [
            {
                "replacement-node": 96,
                "part": null,
                "expression-node": 97,
                "node-pos": 207,
                "template-line-number": 404
            }
        ],
        "rule-11": [
            {
                "replacement-node": 30,
                "part": null,
                "node-pos": 54,
                "template-line-number": 93
            }
        ],
        "rule-44": {
            "subs": [
                {
                    "replacement-node": 72,
                    "part": "10",
                    "expression-node": 73,
                    "template-line-number": 324,
                    "node-pos": 171,
                    "name": "StatisticsOperations"
                },
                {
                    "replacement-node": 75,
                    "part": "11",
                    "expression-node": 76,
                    "template-line-number": 329,
                    "node-pos": 175,
                    "name": "StatisticsOperations"
                },
                {
                    "replacement-node": 48,
                    "part": "2",
                    "expression-node": 49,
                    "template-line-number": 284,
                    "node-pos": 139,
                    "name": "StatisticsOperations"
                },
                {
                    "replacement-node": 51,
                    "part": "3",
                    "expression-node": 52,
                    "template-line-number": 289,
                    "node-pos": 143,
                    "name": "StatisticsOperations"
                },
                {
                    "replacement-node": 54,
                    "part": "4",
                    "expression-node": 55,
                    "template-line-number": 294,
                    "node-pos": 147,
                    "name": "StatisticsOperations"
                },
                {
                    "replacement-node": 57,
                    "part": "5",
                    "expression-node": 58,
                    "template-line-number": 299,
                    "node-pos": 151,
                    "name": "StatisticsOperations"
                },
                {
                    "replacement-node": 60,
                    "part": "6",
                    "expression-node": 61,
                    "template-line-number": 304,
                    "node-pos": 155,
                    "name": "StatisticsOperations"
                },
                {
                    "replacement-node": 63,
                    "part": "7",
                    "expression-node": 64,
                    "template-line-number": 309,
                    "node-pos": 159,
                    "name": "StatisticsOperations"
                },
                {
                    "replacement-node": 66,
                    "part": "8",
                    "expression-node": 67,
                    "template-line-number": 314,
                    "node-pos": 163,
                    "name": "StatisticsOperations"
                },
                {
                    "replacement-node": 69,
                    "part": "9",
                    "expression-node": 70,
                    "template-line-number": 319,
                    "node-pos": 167,
                    "name": "StatisticsOperations"
                }
            ],
            "name": "StatisticsOperations"
        },
        "rule-36": [
            {
                "replacement-node": 180,
                "part": null,
                "expression-node": 181,
                "node-pos": 340,
                "template-line-number": 730
            }
        ],
        "rule-30": [
            {
                "replacement-node": 162,
                "part": null,
                "expression-node": 163,
                "node-pos": 316,
                "template-line-number": 670
            }
        ],
        "rule-21": [
            {
                "replacement-node": 135,
                "part": null,
                "expression-node": 136,
                "node-pos": 276,
                "template-line-number": 574
            }
        ],
        "rule-25": [
            {
                "replacement-node": 147,
                "part": null,
                "expression-node": 148,
                "node-pos": 292,
                "template-line-number": 614
            }
        ],
        "rule-5": [
            {
                "replacement-node": 12,
                "html": true,
                "part": null,
                "node-pos": 27,
                "template-line-number": 52
            }
        ],
        "rule-43": [
            {
                "replacement-node": 201,
                "part": null,
                "node-pos": 391,
                "template-line-number": 828
            }
        ],
        "rule-46": {
            "subs": [
                {
                    "extras": {},
                    "part": "1",
                    "replacement-node": 39,
                    "template-line-number": 185,
                    "node-pos": 114,
                    "name": "ColumnHeadings"
                },
                {
                    "extras": {},
                    "part": "2",
                    "replacement-node": 42,
                    "template-line-number": 193,
                    "node-pos": 118,
                    "name": "ColumnHeadings"
                },
                {
                    "extras": {},
                    "part": "3",
                    "replacement-node": 37,
                    "template-line-number": 181,
                    "node-pos": 112,
                    "name": "ColumnHeadings"
                }
            ],
            "name": "ColumnHeadings"
        },
        "rule-26": [
            {
                "replacement-node": 150,
                "part": null,
                "expression-node": 151,
                "node-pos": 296,
                "template-line-number": 624
            }
        ],
        "rule-23": [
            {
                "replacement-node": 141,
                "part": null,
                "expression-node": 142,
                "node-pos": 284,
                "template-line-number": 594
            }
        ],
        "rule-16": [
            {
                "replacement-node": 87,
                "part": null,
                "expression-node": 88,
                "node-pos": 195,
                "template-line-number": 374
            }
        ],
        "rule-10": [
            {
                "replacement-node": 27,
                "part": null,
                "expression-node": 28,
                "node-pos": 48,
                "template-line-number": 83
            }
        ],
        "rule-17": [
            {
                "replacement-node": 90,
                "part": null,
                "expression-node": 91,
                "node-pos": 199,
                "template-line-number": 384
            }
        ],
        "rule-39": [
            {
                "replacement-node": 189,
                "part": null,
                "expression-node": 190,
                "node-pos": 370,
                "template-line-number": 786
            }
        ],
        "rule-37": [
            {
                "replacement-node": 183,
                "part": null,
                "expression-node": 184,
                "node-pos": 352,
                "template-line-number": 752
            }
        ],
        "rule-35": [
            {
                "replacement-node": 177,
                "part": null,
                "expression-node": 178,
                "node-pos": 336,
                "template-line-number": 720
            }
        ],
        "rule-32": [
            {
                "replacement-node": 168,
                "part": null,
                "expression-node": 169,
                "node-pos": 324,
                "template-line-number": 690
            }
        ],
        "rule-28": [
            {
                "replacement-node": 156,
                "part": null,
                "expression-node": 157,
                "node-pos": 304,
                "template-line-number": 644
            }
        ],
        "rule-42": [
            {
                "replacement-node": 198,
                "part": null,
                "node-pos": 387,
                "template-line-number": 819
            }
        ],
        "rule-41": [
            {
                "replacement-node": 195,
                "part": null,
                "expression-node": 196,
                "node-pos": 383,
                "template-line-number": 814
            }
        ],
        "rule-24": [
            {
                "replacement-node": 144,
                "part": null,
                "expression-node": 145,
                "node-pos": 288,
                "template-line-number": 604
            }
        ],
        "rule-34": [
            {
                "replacement-node": 174,
                "part": null,
                "expression-node": 175,
                "node-pos": 332,
                "template-line-number": 710
            }
        ],
        "rule-22": [
            {
                "replacement-node": 138,
                "part": null,
                "expression-node": 139,
                "node-pos": 280,
                "template-line-number": 584
            }
        ],
        "rule-6": [
            {
                "replacement-node": 15,
                "part": null,
                "node-pos": 32,
                "template-line-number": 63
            }
        ],
        "rule-3": [
            {
                "replacement-node": 6,
                "part": null,
                "node-pos": 18,
                "template-line-number": 34
            }
        ],
        "rule-7": [
            {
                "replacement-node": 18,
                "part": null,
                "expression-node": 19,
                "node-pos": 36,
                "template-line-number": 68
            }
        ],
        "rule-13": [
            {
                "replacement-node": 78,
                "part": null,
                "expression-node": 79,
                "node-pos": 183,
                "template-line-number": 344
            }
        ],
        "rule-29": [
            {
                "replacement-node": 159,
                "part": null,
                "expression-node": 160,
                "node-pos": 312,
                "template-line-number": 660
            }
        ],
        "rule-31": [
            {
                "replacement-node": 165,
                "part": null,
                "expression-node": 166,
                "node-pos": 320,
                "template-line-number": 680
            }
        ],
        "rule-40": [
            {
                "replacement-node": 192,
                "part": null,
                "expression-node": 193,
                "node-pos": 377,
                "template-line-number": 800
            }
        ],
        "rule-12": [
            {
                "replacement-node": 33,
                "html": true,
                "part": null,
                "node-pos": 59,
                "template-line-number": 104
            }
        ],
        "rule-9": [
            {
                "replacement-node": 24,
                "part": null,
                "expression-node": 25,
                "node-pos": 44,
                "template-line-number": 78
            }
        ],
        "rule-2": [
            {
                "replacement-node": 3,
                "part": null,
                "expression-node": 4,
                "node-pos": 14,
                "template-line-number": 28
            }
        ],
        "rule-33": [
            {
                "replacement-node": 171,
                "part": null,
                "expression-node": 172,
                "node-pos": 328,
                "template-line-number": 700
            }
        ],
        "rule-8": [
            {
                "replacement-node": 21,
                "part": null,
                "node-pos": 40,
                "template-line-number": 73
            }
        ],
        "rule-45": {
            "subs": [
                {
                    "replacement-node": 129,
                    "part": "10",
                    "expression-node": 130,
                    "template-line-number": 555,
                    "node-pos": 264,
                    "name": "StatisticsOperations2"
                },
                {
                    "replacement-node": 132,
                    "part": "11",
                    "expression-node": 133,
                    "template-line-number": 560,
                    "node-pos": 268,
                    "name": "StatisticsOperations2"
                },
                {
                    "replacement-node": 105,
                    "part": "2",
                    "expression-node": 106,
                    "template-line-number": 515,
                    "node-pos": 232,
                    "name": "StatisticsOperations2"
                },
                {
                    "replacement-node": 108,
                    "part": "3",
                    "expression-node": 109,
                    "template-line-number": 520,
                    "node-pos": 236,
                    "name": "StatisticsOperations2"
                },
                {
                    "replacement-node": 111,
                    "part": "4",
                    "expression-node": 112,
                    "template-line-number": 525,
                    "node-pos": 240,
                    "name": "StatisticsOperations2"
                },
                {
                    "replacement-node": 114,
                    "part": "5",
                    "expression-node": 115,
                    "template-line-number": 530,
                    "node-pos": 244,
                    "name": "StatisticsOperations2"
                },
                {
                    "replacement-node": 117,
                    "part": "6",
                    "expression-node": 118,
                    "template-line-number": 535,
                    "node-pos": 248,
                    "name": "StatisticsOperations2"
                },
                {
                    "replacement-node": 120,
                    "part": "7",
                    "expression-node": 121,
                    "template-line-number": 540,
                    "node-pos": 252,
                    "name": "StatisticsOperations2"
                },
                {
                    "replacement-node": 123,
                    "part": "8",
                    "expression-node": 124,
                    "template-line-number": 545,
                    "node-pos": 256,
                    "name": "StatisticsOperations2"
                },
                {
                    "replacement-node": 126,
                    "part": "9",
                    "expression-node": 127,
                    "template-line-number": 550,
                    "node-pos": 260,
                    "name": "StatisticsOperations2"
                }
            ],
            "name": "StatisticsOperations2"
        },
        "rule-4": [
            {
                "replacement-node": 9,
                "html": true,
                "part": null,
                "node-pos": 22,
                "template-line-number": 40
            }
        ],
        "rule-20": [
            {
                "replacement-node": 99,
                "part": null,
                "expression-node": 100,
                "node-pos": 211,
                "template-line-number": 414
            }
        ],
        "rule-27": [
            {
                "replacement-node": 153,
                "part": null,
                "expression-node": 154,
                "node-pos": 300,
                "template-line-number": 634
            }
        ],
        "rule-1": [
            {
                "replacement-node": 0,
                "part": null,
                "node-pos": 10,
                "template-line-number": 22
            }
        ],
        "rule-14": [
            {
                "replacement-node": 81,
                "part": null,
                "expression-node": 82,
                "node-pos": 187,
                "template-line-number": 354
            }
        ],
        "rule-38": [
            {
                "replacement-node": 186,
                "part": null,
                "expression-node": 187,
                "node-pos": 359,
                "template-line-number": 766
            }
        ],
        "rule-15": [
            {
                "replacement-node": 84,
                "part": null,
                "expression-node": 85,
                "node-pos": 191,
                "template-line-number": 364
            }
        ],
        "rule-18": [
            {
                "replacement-node": 93,
                "part": null,
                "expression-node": 94,
                "node-pos": 203,
                "template-line-number": 394
            }
        ]
    },
    "showifs": {}
}