{
    "substitutions": {
        "rule-21": [
            {
                "replacement-node": 360,
                "template-line-number": 1229,
                "part": null,
                "node-pos": 567
            }
        ],
        "rule-32": {
            "subs": [
                {
                    "replacement-node": 69,
                    "expression-node": 70,
                    "name": "SalesLineItems",
                    "node-pos": 117,
                    "template-line-number": 246,
                    "part": "10"
                },
                {
                    "replacement-node": 72,
                    "expression-node": 73,
                    "name": "SalesLineItems",
                    "node-pos": 121,
                    "template-line-number": 254,
                    "part": "11"
                },
                {
                    "replacement-node": 75,
                    "expression-node": 76,
                    "name": "SalesLineItems",
                    "node-pos": 125,
                    "template-line-number": 262,
                    "part": "12"
                },
                {
                    "replacement-node": 78,
                    "expression-node": 79,
                    "name": "SalesLineItems",
                    "node-pos": 129,
                    "template-line-number": 270,
                    "part": "13"
                },
                {
                    "replacement-node": 81,
                    "expression-node": 82,
                    "name": "SalesLineItems",
                    "node-pos": 133,
                    "template-line-number": 278,
                    "part": "14"
                },
                {
                    "replacement-node": 84,
                    "expression-node": 85,
                    "name": "SalesLineItems",
                    "node-pos": 137,
                    "template-line-number": 286,
                    "part": "15"
                },
                {
                    "replacement-node": 87,
                    "expression-node": 88,
                    "name": "SalesLineItems",
                    "node-pos": 141,
                    "template-line-number": 294,
                    "part": "16"
                },
                {
                    "replacement-node": 90,
                    "expression-node": 91,
                    "name": "SalesLineItems",
                    "node-pos": 145,
                    "template-line-number": 302,
                    "part": "17"
                },
                {
                    "replacement-node": 48,
                    "expression-node": 49,
                    "name": "SalesLineItems",
                    "node-pos": 89,
                    "template-line-number": 190,
                    "part": "3"
                },
                {
                    "replacement-node": 63,
                    "expression-node": 64,
                    "name": "SalesLineItems",
                    "node-pos": 109,
                    "template-line-number": 230,
                    "part": "3"
                },
                {
                    "replacement-node": 51,
                    "expression-node": 52,
                    "name": "SalesLineItems",
                    "node-pos": 93,
                    "template-line-number": 198,
                    "part": "4"
                },
                {
                    "replacement-node": 54,
                    "expression-node": 55,
                    "name": "SalesLineItems",
                    "node-pos": 97,
                    "template-line-number": 206,
                    "part": "5"
                },
                {
                    "replacement-node": 57,
                    "expression-node": 58,
                    "name": "SalesLineItems",
                    "node-pos": 101,
                    "template-line-number": 214,
                    "part": "6"
                },
                {
                    "replacement-node": 60,
                    "expression-node": 61,
                    "name": "SalesLineItems",
                    "node-pos": 105,
                    "template-line-number": 222,
                    "part": "7"
                },
                {
                    "replacement-node": 66,
                    "expression-node": 67,
                    "name": "SalesLineItems",
                    "node-pos": 113,
                    "template-line-number": 238,
                    "part": "9"
                }
            ],
            "name": "SalesLineItems"
        },
        "rule-30": {
            "subs": [
                {
                    "replacement-node": 313,
                    "extras": {},
                    "node-pos": 502,
                    "name": "GatheringLineItems",
                    "template-line-number": 1101,
                    "part": "1"
                },
                {
                    "replacement-node": 336,
                    "expression-node": 337,
                    "name": "GatheringLineItems",
                    "node-pos": 533,
                    "template-line-number": 1163,
                    "part": "10"
                },
                {
                    "replacement-node": 339,
                    "expression-node": 340,
                    "name": "GatheringLineItems",
                    "node-pos": 537,
                    "template-line-number": 1171,
                    "part": "11"
                },
                {
                    "replacement-node": 342,
                    "expression-node": 343,
                    "name": "GatheringLineItems",
                    "node-pos": 541,
                    "template-line-number": 1179,
                    "part": "12"
                },
                {
                    "replacement-node": 345,
                    "expression-node": 346,
                    "name": "GatheringLineItems",
                    "node-pos": 545,
                    "template-line-number": 1187,
                    "part": "13"
                },
                {
                    "replacement-node": 348,
                    "expression-node": 349,
                    "name": "GatheringLineItems",
                    "node-pos": 549,
                    "template-line-number": 1195,
                    "part": "14"
                },
                {
                    "replacement-node": 351,
                    "expression-node": 352,
                    "name": "GatheringLineItems",
                    "node-pos": 553,
                    "template-line-number": 1203,
                    "part": "15"
                },
                {
                    "replacement-node": 354,
                    "expression-node": 355,
                    "name": "GatheringLineItems",
                    "node-pos": 557,
                    "template-line-number": 1211,
                    "part": "16"
                },
                {
                    "replacement-node": 357,
                    "expression-node": 358,
                    "name": "GatheringLineItems",
                    "node-pos": 561,
                    "template-line-number": 1219,
                    "part": "17"
                },
                {
                    "replacement-node": 315,
                    "expression-node": 316,
                    "name": "GatheringLineItems",
                    "node-pos": 505,
                    "template-line-number": 1107,
                    "part": "3"
                },
                {
                    "replacement-node": 330,
                    "expression-node": 331,
                    "name": "GatheringLineItems",
                    "node-pos": 525,
                    "template-line-number": 1147,
                    "part": "3"
                },
                {
                    "replacement-node": 318,
                    "expression-node": 319,
                    "name": "GatheringLineItems",
                    "node-pos": 509,
                    "template-line-number": 1115,
                    "part": "4"
                },
                {
                    "replacement-node": 321,
                    "expression-node": 322,
                    "name": "GatheringLineItems",
                    "node-pos": 513,
                    "template-line-number": 1123,
                    "part": "5"
                },
                {
                    "replacement-node": 324,
                    "expression-node": 325,
                    "name": "GatheringLineItems",
                    "node-pos": 517,
                    "template-line-number": 1131,
                    "part": "6"
                },
                {
                    "replacement-node": 327,
                    "expression-node": 328,
                    "name": "GatheringLineItems",
                    "node-pos": 521,
                    "template-line-number": 1139,
                    "part": "7"
                },
                {
                    "replacement-node": 333,
                    "expression-node": 334,
                    "name": "GatheringLineItems",
                    "node-pos": 529,
                    "template-line-number": 1155,
                    "part": "9"
                }
            ],
            "name": "GatheringLineItems"
        },
        "rule-5": [
            {
                "replacement-node": 10,
                "template-line-number": 50,
                "part": null,
                "html": true,
                "node-pos": 22
            }
        ],
        "rule-29": {
            "subs": [
                {
                    "replacement-node": 233,
                    "expression-node": 234,
                    "name": "StorageLineItems",
                    "node-pos": 374,
                    "template-line-number": 833,
                    "part": "10"
                },
                {
                    "replacement-node": 236,
                    "expression-node": 237,
                    "name": "StorageLineItems",
                    "node-pos": 378,
                    "template-line-number": 839,
                    "part": "11"
                },
                {
                    "replacement-node": 239,
                    "expression-node": 240,
                    "name": "StorageLineItems",
                    "node-pos": 382,
                    "template-line-number": 845,
                    "part": "12"
                },
                {
                    "replacement-node": 242,
                    "expression-node": 243,
                    "name": "StorageLineItems",
                    "node-pos": 386,
                    "template-line-number": 851,
                    "part": "13"
                },
                {
                    "replacement-node": 245,
                    "expression-node": 246,
                    "name": "StorageLineItems",
                    "node-pos": 390,
                    "template-line-number": 857,
                    "part": "14"
                },
                {
                    "replacement-node": 248,
                    "expression-node": 249,
                    "name": "StorageLineItems",
                    "node-pos": 394,
                    "template-line-number": 863,
                    "part": "15"
                },
                {
                    "replacement-node": 251,
                    "expression-node": 252,
                    "name": "StorageLineItems",
                    "node-pos": 398,
                    "template-line-number": 869,
                    "part": "16"
                },
                {
                    "replacement-node": 254,
                    "expression-node": 255,
                    "name": "StorageLineItems",
                    "node-pos": 402,
                    "template-line-number": 875,
                    "part": "17"
                },
                {
                    "replacement-node": 208,
                    "expression-node": 209,
                    "name": "StorageLineItems",
                    "node-pos": 341,
                    "template-line-number": 783,
                    "part": "2"
                },
                {
                    "replacement-node": 212,
                    "expression-node": 213,
                    "name": "StorageLineItems",
                    "node-pos": 346,
                    "template-line-number": 791,
                    "part": "3"
                },
                {
                    "replacement-node": 215,
                    "expression-node": 216,
                    "name": "StorageLineItems",
                    "node-pos": 350,
                    "template-line-number": 797,
                    "part": "4"
                },
                {
                    "replacement-node": 218,
                    "expression-node": 219,
                    "name": "StorageLineItems",
                    "node-pos": 354,
                    "template-line-number": 803,
                    "part": "5"
                },
                {
                    "replacement-node": 221,
                    "expression-node": 222,
                    "name": "StorageLineItems",
                    "node-pos": 358,
                    "template-line-number": 809,
                    "part": "6"
                },
                {
                    "replacement-node": 224,
                    "expression-node": 225,
                    "name": "StorageLineItems",
                    "node-pos": 362,
                    "template-line-number": 815,
                    "part": "7"
                },
                {
                    "replacement-node": 227,
                    "expression-node": 228,
                    "name": "StorageLineItems",
                    "node-pos": 366,
                    "template-line-number": 821,
                    "part": "8"
                },
                {
                    "replacement-node": 230,
                    "expression-node": 231,
                    "name": "StorageLineItems",
                    "node-pos": 370,
                    "template-line-number": 827,
                    "part": "9"
                }
            ],
            "name": "StorageLineItems"
        },
        "rule-9": [
            {
                "replacement-node": 22,
                "template-line-number": 83,
                "part": null,
                "node-pos": 40
            }
        ],
        "rule-3": [
            {
                "replacement-node": 4,
                "expression-node": 5,
                "part": null,
                "template-line-number": 38,
                "node-pos": 14
            }
        ],
        "rule-17": [
            {
                "replacement-node": 198,
                "template-line-number": 670,
                "part": null,
                "node-pos": 311
            }
        ],
        "rule-28": {
            "subs": [
                {
                    "replacement-node": 282,
                    "expression-node": 283,
                    "name": "TotalStorageLineItems",
                    "node-pos": 442,
                    "template-line-number": 971,
                    "part": "10"
                },
                {
                    "replacement-node": 285,
                    "expression-node": 286,
                    "name": "TotalStorageLineItems",
                    "node-pos": 446,
                    "template-line-number": 979,
                    "part": "11"
                },
                {
                    "replacement-node": 288,
                    "expression-node": 289,
                    "name": "TotalStorageLineItems",
                    "node-pos": 450,
                    "template-line-number": 987,
                    "part": "12"
                },
                {
                    "replacement-node": 291,
                    "expression-node": 292,
                    "name": "TotalStorageLineItems",
                    "node-pos": 454,
                    "template-line-number": 995,
                    "part": "13"
                },
                {
                    "replacement-node": 294,
                    "expression-node": 295,
                    "name": "TotalStorageLineItems",
                    "node-pos": 458,
                    "template-line-number": 1003,
                    "part": "14"
                },
                {
                    "replacement-node": 297,
                    "expression-node": 298,
                    "name": "TotalStorageLineItems",
                    "node-pos": 462,
                    "template-line-number": 1011,
                    "part": "15"
                },
                {
                    "replacement-node": 300,
                    "expression-node": 301,
                    "name": "TotalStorageLineItems",
                    "node-pos": 466,
                    "template-line-number": 1019,
                    "part": "16"
                },
                {
                    "replacement-node": 303,
                    "expression-node": 304,
                    "name": "TotalStorageLineItems",
                    "node-pos": 470,
                    "template-line-number": 1027,
                    "part": "17"
                },
                {
                    "replacement-node": 261,
                    "expression-node": 262,
                    "name": "TotalStorageLineItems",
                    "node-pos": 414,
                    "template-line-number": 915,
                    "part": "3"
                },
                {
                    "replacement-node": 276,
                    "expression-node": 277,
                    "name": "TotalStorageLineItems",
                    "node-pos": 434,
                    "template-line-number": 955,
                    "part": "3"
                },
                {
                    "replacement-node": 264,
                    "expression-node": 265,
                    "name": "TotalStorageLineItems",
                    "node-pos": 418,
                    "template-line-number": 923,
                    "part": "4"
                },
                {
                    "replacement-node": 267,
                    "expression-node": 268,
                    "name": "TotalStorageLineItems",
                    "node-pos": 422,
                    "template-line-number": 931,
                    "part": "5"
                },
                {
                    "replacement-node": 270,
                    "expression-node": 271,
                    "name": "TotalStorageLineItems",
                    "node-pos": 426,
                    "template-line-number": 939,
                    "part": "6"
                },
                {
                    "replacement-node": 273,
                    "expression-node": 274,
                    "name": "TotalStorageLineItems",
                    "node-pos": 430,
                    "template-line-number": 947,
                    "part": "7"
                },
                {
                    "replacement-node": 279,
                    "expression-node": 280,
                    "name": "TotalStorageLineItems",
                    "node-pos": 438,
                    "template-line-number": 963,
                    "part": "9"
                }
            ],
            "name": "TotalStorageLineItems"
        },
        "rule-27": {
            "subs": [
                {
                    "replacement-node": 367,
                    "extras": {},
                    "node-pos": 593,
                    "name": "RevenuesLineItems",
                    "template-line-number": 1293,
                    "part": "1"
                },
                {
                    "replacement-node": 390,
                    "expression-node": 391,
                    "name": "RevenuesLineItems",
                    "node-pos": 624,
                    "template-line-number": 1355,
                    "part": "10"
                },
                {
                    "replacement-node": 393,
                    "expression-node": 394,
                    "name": "RevenuesLineItems",
                    "node-pos": 628,
                    "template-line-number": 1363,
                    "part": "11"
                },
                {
                    "replacement-node": 396,
                    "expression-node": 397,
                    "name": "RevenuesLineItems",
                    "node-pos": 632,
                    "template-line-number": 1371,
                    "part": "12"
                },
                {
                    "replacement-node": 399,
                    "expression-node": 400,
                    "name": "RevenuesLineItems",
                    "node-pos": 636,
                    "template-line-number": 1379,
                    "part": "13"
                },
                {
                    "replacement-node": 402,
                    "expression-node": 403,
                    "name": "RevenuesLineItems",
                    "node-pos": 640,
                    "template-line-number": 1387,
                    "part": "14"
                },
                {
                    "replacement-node": 405,
                    "expression-node": 406,
                    "name": "RevenuesLineItems",
                    "node-pos": 644,
                    "template-line-number": 1395,
                    "part": "15"
                },
                {
                    "replacement-node": 408,
                    "expression-node": 409,
                    "name": "RevenuesLineItems",
                    "node-pos": 648,
                    "template-line-number": 1403,
                    "part": "16"
                },
                {
                    "replacement-node": 411,
                    "expression-node": 412,
                    "name": "RevenuesLineItems",
                    "node-pos": 652,
                    "template-line-number": 1411,
                    "part": "17"
                },
                {
                    "replacement-node": 369,
                    "expression-node": 370,
                    "name": "RevenuesLineItems",
                    "node-pos": 596,
                    "template-line-number": 1299,
                    "part": "3"
                },
                {
                    "replacement-node": 384,
                    "expression-node": 385,
                    "name": "RevenuesLineItems",
                    "node-pos": 616,
                    "template-line-number": 1339,
                    "part": "3"
                },
                {
                    "replacement-node": 372,
                    "expression-node": 373,
                    "name": "RevenuesLineItems",
                    "node-pos": 600,
                    "template-line-number": 1307,
                    "part": "4"
                },
                {
                    "replacement-node": 375,
                    "expression-node": 376,
                    "name": "RevenuesLineItems",
                    "node-pos": 604,
                    "template-line-number": 1315,
                    "part": "5"
                },
                {
                    "replacement-node": 378,
                    "expression-node": 379,
                    "name": "RevenuesLineItems",
                    "node-pos": 608,
                    "template-line-number": 1323,
                    "part": "6"
                },
                {
                    "replacement-node": 381,
                    "expression-node": 382,
                    "name": "RevenuesLineItems",
                    "node-pos": 612,
                    "template-line-number": 1331,
                    "part": "7"
                },
                {
                    "replacement-node": 387,
                    "expression-node": 388,
                    "name": "RevenuesLineItems",
                    "node-pos": 620,
                    "template-line-number": 1347,
                    "part": "9"
                }
            ],
            "name": "RevenuesLineItems"
        },
        "rule-31": {
            "subs": [
                {
                    "replacement-node": 125,
                    "expression-node": 126,
                    "name": "TransportationLineItems",
                    "node-pos": 210,
                    "template-line-number": 468,
                    "part": "10"
                },
                {
                    "replacement-node": 128,
                    "expression-node": 129,
                    "name": "TransportationLineItems",
                    "node-pos": 214,
                    "template-line-number": 474,
                    "part": "11"
                },
                {
                    "replacement-node": 131,
                    "expression-node": 132,
                    "name": "TransportationLineItems",
                    "node-pos": 218,
                    "template-line-number": 480,
                    "part": "12"
                },
                {
                    "replacement-node": 134,
                    "expression-node": 135,
                    "name": "TransportationLineItems",
                    "node-pos": 222,
                    "template-line-number": 486,
                    "part": "13"
                },
                {
                    "replacement-node": 137,
                    "expression-node": 138,
                    "name": "TransportationLineItems",
                    "node-pos": 226,
                    "template-line-number": 492,
                    "part": "14"
                },
                {
                    "replacement-node": 140,
                    "expression-node": 141,
                    "name": "TransportationLineItems",
                    "node-pos": 230,
                    "template-line-number": 498,
                    "part": "15"
                },
                {
                    "replacement-node": 143,
                    "expression-node": 144,
                    "name": "TransportationLineItems",
                    "node-pos": 234,
                    "template-line-number": 504,
                    "part": "16"
                },
                {
                    "replacement-node": 146,
                    "expression-node": 147,
                    "name": "TransportationLineItems",
                    "node-pos": 238,
                    "template-line-number": 510,
                    "part": "17"
                },
                {
                    "replacement-node": 100,
                    "expression-node": 101,
                    "name": "TransportationLineItems",
                    "node-pos": 177,
                    "template-line-number": 418,
                    "part": "2"
                },
                {
                    "replacement-node": 104,
                    "expression-node": 105,
                    "name": "TransportationLineItems",
                    "node-pos": 182,
                    "template-line-number": 426,
                    "part": "3"
                },
                {
                    "replacement-node": 107,
                    "expression-node": 108,
                    "name": "TransportationLineItems",
                    "node-pos": 186,
                    "template-line-number": 432,
                    "part": "4"
                },
                {
                    "replacement-node": 110,
                    "expression-node": 111,
                    "name": "TransportationLineItems",
                    "node-pos": 190,
                    "template-line-number": 438,
                    "part": "5"
                },
                {
                    "replacement-node": 113,
                    "expression-node": 114,
                    "name": "TransportationLineItems",
                    "node-pos": 194,
                    "template-line-number": 444,
                    "part": "6"
                },
                {
                    "replacement-node": 116,
                    "expression-node": 117,
                    "name": "TransportationLineItems",
                    "node-pos": 198,
                    "template-line-number": 450,
                    "part": "7"
                },
                {
                    "replacement-node": 119,
                    "expression-node": 120,
                    "name": "TransportationLineItems",
                    "node-pos": 202,
                    "template-line-number": 456,
                    "part": "8"
                },
                {
                    "replacement-node": 122,
                    "expression-node": 123,
                    "name": "TransportationLineItems",
                    "node-pos": 206,
                    "template-line-number": 462,
                    "part": "9"
                }
            ],
            "name": "TransportationLineItems"
        },
        "rule-20": [
            {
                "replacement-node": 306,
                "template-line-number": 1037,
                "part": null,
                "node-pos": 476
            }
        ],
        "rule-16": [
            {
                "replacement-node": 150,
                "template-line-number": 537,
                "part": null,
                "node-pos": 245
            }
        ],
        "rule-14": [
            {
                "replacement-node": 45,
                "template-line-number": 177,
                "part": null,
                "node-pos": 84
            }
        ],
        "rule-25": {
            "subs": [
                {
                    "replacement-node": 174,
                    "expression-node": 175,
                    "name": "TotalTransportationLineItems",
                    "node-pos": 278,
                    "template-line-number": 606,
                    "part": "10"
                },
                {
                    "replacement-node": 177,
                    "expression-node": 178,
                    "name": "TotalTransportationLineItems",
                    "node-pos": 282,
                    "template-line-number": 614,
                    "part": "11"
                },
                {
                    "replacement-node": 180,
                    "expression-node": 181,
                    "name": "TotalTransportationLineItems",
                    "node-pos": 286,
                    "template-line-number": 622,
                    "part": "12"
                },
                {
                    "replacement-node": 183,
                    "expression-node": 184,
                    "name": "TotalTransportationLineItems",
                    "node-pos": 290,
                    "template-line-number": 630,
                    "part": "13"
                },
                {
                    "replacement-node": 186,
                    "expression-node": 187,
                    "name": "TotalTransportationLineItems",
                    "node-pos": 294,
                    "template-line-number": 638,
                    "part": "14"
                },
                {
                    "replacement-node": 189,
                    "expression-node": 190,
                    "name": "TotalTransportationLineItems",
                    "node-pos": 298,
                    "template-line-number": 646,
                    "part": "15"
                },
                {
                    "replacement-node": 192,
                    "expression-node": 193,
                    "name": "TotalTransportationLineItems",
                    "node-pos": 302,
                    "template-line-number": 654,
                    "part": "16"
                },
                {
                    "replacement-node": 195,
                    "expression-node": 196,
                    "name": "TotalTransportationLineItems",
                    "node-pos": 306,
                    "template-line-number": 662,
                    "part": "17"
                },
                {
                    "replacement-node": 153,
                    "expression-node": 154,
                    "name": "TotalTransportationLineItems",
                    "node-pos": 250,
                    "template-line-number": 550,
                    "part": "3"
                },
                {
                    "replacement-node": 168,
                    "expression-node": 169,
                    "name": "TotalTransportationLineItems",
                    "node-pos": 270,
                    "template-line-number": 590,
                    "part": "3"
                },
                {
                    "replacement-node": 156,
                    "expression-node": 157,
                    "name": "TotalTransportationLineItems",
                    "node-pos": 254,
                    "template-line-number": 558,
                    "part": "4"
                },
                {
                    "replacement-node": 159,
                    "expression-node": 160,
                    "name": "TotalTransportationLineItems",
                    "node-pos": 258,
                    "template-line-number": 566,
                    "part": "5"
                },
                {
                    "replacement-node": 162,
                    "expression-node": 163,
                    "name": "TotalTransportationLineItems",
                    "node-pos": 262,
                    "template-line-number": 574,
                    "part": "6"
                },
                {
                    "replacement-node": 165,
                    "expression-node": 166,
                    "name": "TotalTransportationLineItems",
                    "node-pos": 266,
                    "template-line-number": 582,
                    "part": "7"
                },
                {
                    "replacement-node": 171,
                    "expression-node": 172,
                    "name": "TotalTransportationLineItems",
                    "node-pos": 274,
                    "template-line-number": 598,
                    "part": "9"
                }
            ],
            "name": "TotalTransportationLineItems"
        },
        "rule-8": [
            {
                "replacement-node": 19,
                "expression-node": 20,
                "part": null,
                "template-line-number": 78,
                "node-pos": 36
            }
        ],
        "rule-26": {
            "subs": [
                {
                    "replacement-node": 38,
                    "extras": {},
                    "node-pos": 73,
                    "name": "RDHeadings",
                    "template-line-number": 143,
                    "part": "1"
                },
                {
                    "replacement-node": 41,
                    "extras": {},
                    "node-pos": 77,
                    "name": "RDHeadings",
                    "template-line-number": 150,
                    "part": "2"
                }
            ],
            "name": "RDHeadings"
        },
        "rule-6": [
            {
                "replacement-node": 13,
                "template-line-number": 62,
                "part": null,
                "html": true,
                "node-pos": 27
            }
        ],
        "rule-2": [
            {
                "replacement-node": 1,
                "template-line-number": 32,
                "part": null,
                "node-pos": 10
            }
        ],
        "rule-22": [
            {
                "replacement-node": 414,
                "expression-node": 415,
                "part": null,
                "template-line-number": 1421,
                "node-pos": 658
            }
        ],
        "rule-19": [
            {
                "replacement-node": 258,
                "template-line-number": 902,
                "part": null,
                "node-pos": 409
            }
        ],
        "rule-18": [
            {
                "replacement-node": 201,
                "template-line-number": 675,
                "part": null,
                "node-pos": 315
            }
        ],
        "rule-15": [
            {
                "replacement-node": 93,
                "template-line-number": 311,
                "part": null,
                "node-pos": 151
            }
        ],
        "rule-23": [
            {
                "replacement-node": 417,
                "template-line-number": 1426,
                "part": null,
                "node-pos": 662
            }
        ],
        "rule-13": [
            {
                "replacement-node": 34,
                "template-line-number": 114,
                "part": null,
                "html": true,
                "node-pos": 59
            }
        ],
        "rule-24": [
            {
                "replacement-node": 420,
                "template-line-number": 1435,
                "part": null,
                "node-pos": 666
            }
        ],
        "rule-7": [
            {
                "replacement-node": 16,
                "template-line-number": 73,
                "part": null,
                "node-pos": 32
            }
        ],
        "rule-4": [
            {
                "replacement-node": 7,
                "template-line-number": 44,
                "part": null,
                "node-pos": 18
            }
        ],
        "rule-11": [
            {
                "replacement-node": 28,
                "expression-node": 29,
                "part": null,
                "template-line-number": 93,
                "node-pos": 48
            }
        ],
        "rule-12": [
            {
                "replacement-node": 31,
                "template-line-number": 103,
                "part": null,
                "node-pos": 54
            }
        ],
        "rule-10": [
            {
                "replacement-node": 25,
                "expression-node": 26,
                "part": null,
                "template-line-number": 88,
                "node-pos": 44
            }
        ]
    },
    "line-numbers": {
        "GatheringLineItems": [
            {
                "start-number": 92,
                "line-number-node": 310,
                "template-line-number": 1093
            }
        ],
        "RevenuesLineItems": [
            {
                "start-number": 96,
                "line-number-node": 364,
                "template-line-number": 1285
            }
        ],
        "TransportationLineItems": [
            {
                "start-number": 3,
                "line-number-node": 97,
                "template-line-number": 413
            }
        ],
        "StorageLineItems": [
            {
                "start-number": 65,
                "line-number-node": 205,
                "template-line-number": 778
            }
        ]
    },
    "showifs": {
        "rule-1": {
            "type": "showif",
            "template-line-number": 16
        }
    }
}