{
    "substitutions": {
        "rule-14": [
            {
                "expression-node": 83,
                "node-pos": 137,
                "replacement-node": 82,
                "part": null,
                "template-line-number": 301
            }
        ],
        "rule-5": [
            {
                "node-pos": 22,
                "html": true,
                "replacement-node": 10,
                "part": null,
                "template-line-number": 43
            }
        ],
        "rule-9": [
            {
                "node-pos": 40,
                "replacement-node": 22,
                "part": null,
                "template-line-number": 75
            }
        ],
        "rule-6": [
            {
                "node-pos": 27,
                "html": true,
                "replacement-node": 13,
                "part": null,
                "template-line-number": 55
            }
        ],
        "rule-12": [
            {
                "node-pos": 54,
                "replacement-node": 31,
                "part": null,
                "template-line-number": 94
            }
        ],
        "rule-17": {
            "subs": [
                {
                    "node-pos": 91,
                    "expression-node": 50,
                    "name": "ZoneDeliveryLineItems",
                    "replacement-node": 49,
                    "part": "2",
                    "template-line-number": 237
                },
                {
                    "node-pos": 95,
                    "expression-node": 53,
                    "name": "ZoneDeliveryLineItems",
                    "replacement-node": 52,
                    "part": "3",
                    "template-line-number": 242
                },
                {
                    "node-pos": 99,
                    "expression-node": 56,
                    "name": "ZoneDeliveryLineItems",
                    "replacement-node": 55,
                    "part": "4",
                    "template-line-number": 247
                },
                {
                    "node-pos": 103,
                    "expression-node": 59,
                    "name": "ZoneDeliveryLineItems",
                    "replacement-node": 58,
                    "part": "5",
                    "template-line-number": 252
                },
                {
                    "node-pos": 107,
                    "expression-node": 62,
                    "name": "ZoneDeliveryLineItems",
                    "replacement-node": 61,
                    "part": "5",
                    "template-line-number": 257
                },
                {
                    "node-pos": 111,
                    "expression-node": 65,
                    "name": "ZoneDeliveryLineItems",
                    "replacement-node": 64,
                    "part": "5",
                    "template-line-number": 262
                },
                {
                    "node-pos": 115,
                    "expression-node": 68,
                    "name": "ZoneDeliveryLineItems",
                    "replacement-node": 67,
                    "part": "5",
                    "template-line-number": 267
                },
                {
                    "node-pos": 119,
                    "expression-node": 71,
                    "name": "ZoneDeliveryLineItems",
                    "replacement-node": 70,
                    "part": "5",
                    "template-line-number": 272
                },
                {
                    "node-pos": 123,
                    "expression-node": 74,
                    "name": "ZoneDeliveryLineItems",
                    "replacement-node": 73,
                    "part": "5",
                    "template-line-number": 277
                },
                {
                    "node-pos": 127,
                    "expression-node": 77,
                    "name": "ZoneDeliveryLineItems",
                    "replacement-node": 76,
                    "part": "5",
                    "template-line-number": 283
                },
                {
                    "node-pos": 131,
                    "expression-node": 80,
                    "name": "ZoneDeliveryLineItems",
                    "replacement-node": 79,
                    "part": "5",
                    "template-line-number": 289
                }
            ],
            "name": "ZoneDeliveryLineItems"
        },
        "rule-13": [
            {
                "node-pos": 59,
                "html": true,
                "replacement-node": 34,
                "part": null,
                "template-line-number": 105
            }
        ],
        "rule-7": [
            {
                "node-pos": 32,
                "replacement-node": 16,
                "part": null,
                "template-line-number": 66
            }
        ],
        "rule-10": [
            {
                "expression-node": 26,
                "node-pos": 44,
                "replacement-node": 25,
                "part": null,
                "template-line-number": 79
            }
        ],
        "rule-16": [
            {
                "node-pos": 145,
                "replacement-node": 88,
                "part": null,
                "template-line-number": 315
            }
        ],
        "rule-3": [
            {
                "expression-node": 5,
                "node-pos": 14,
                "replacement-node": 4,
                "part": null,
                "template-line-number": 31
            }
        ],
        "rule-2": [
            {
                "node-pos": 10,
                "replacement-node": 1,
                "part": null,
                "template-line-number": 27
            }
        ],
        "rule-11": [
            {
                "expression-node": 29,
                "node-pos": 48,
                "replacement-node": 28,
                "part": null,
                "template-line-number": 84
            }
        ],
        "rule-4": [
            {
                "node-pos": 18,
                "replacement-node": 7,
                "part": null,
                "template-line-number": 37
            }
        ],
        "rule-15": [
            {
                "node-pos": 141,
                "replacement-node": 85,
                "part": null,
                "template-line-number": 306
            }
        ],
        "rule-18": {
            "subs": [
                {
                    "node-pos": 78,
                    "extras": {},
                    "name": "RevenueHeadings",
                    "replacement-node": 40,
                    "part": "1",
                    "template-line-number": 143
                },
                {
                    "node-pos": 82,
                    "extras": {},
                    "name": "RevenueHeadings",
                    "replacement-node": 43,
                    "part": "2",
                    "template-line-number": 152
                },
                {
                    "node-pos": 76,
                    "extras": {},
                    "name": "RevenueHeadings",
                    "replacement-node": 38,
                    "part": "3",
                    "template-line-number": 139
                }
            ],
            "name": "RevenueHeadings"
        },
        "rule-8": [
            {
                "expression-node": 20,
                "node-pos": 36,
                "replacement-node": 19,
                "part": null,
                "template-line-number": 70
            }
        ]
    },
    "showifs": {
        "rule-1": {
            "type": "showif",
            "template-line-number": 17
        }
    },
    "line-numbers": {
        "ZoneDeliveryLineItems": [
            {
                "start-number": 1,
                "line-number-node": 47,
                "template-line-number": 234
            }
        ]
    }
}