{
    "substitutions": {
        "rule-1": [
            {
                "part": null,
                "replacement-node": 0,
                "template-line-number": 22,
                "node-pos": 9
            }
        ],
        "rule-2": [
            {
                "part": null,
                "replacement-node": 3,
                "expression-node": 4,
                "template-line-number": 27,
                "node-pos": 13
            }
        ],
        "rule-3": [
            {
                "part": null,
                "replacement-node": 6,
                "template-line-number": 33,
                "node-pos": 17
            }
        ],
        "rule-4": [
            {
                "part": null,
                "replacement-node": 9,
                "template-line-number": 39,
                "node-pos": 21,
                "html": true
            }
        ],
        "rule-5": [
            {
                "part": null,
                "replacement-node": 12,
                "template-line-number": 51,
                "node-pos": 26,
                "html": true
            }
        ],
        "rule-6": [
            {
                "part": null,
                "replacement-node": 15,
                "template-line-number": 62,
                "node-pos": 31
            }
        ],
        "rule-7": [
            {
                "part": null,
                "replacement-node": 18,
                "expression-node": 19,
                "template-line-number": 67,
                "node-pos": 35
            }
        ],
        "rule-8": [
            {
                "part": null,
                "replacement-node": 21,
                "template-line-number": 72,
                "node-pos": 39
            }
        ],
        "rule-9": [
            {
                "part": null,
                "replacement-node": 24,
                "expression-node": 25,
                "template-line-number": 77,
                "node-pos": 43
            }
        ],
        "rule-10": [
            {
                "part": null,
                "replacement-node": 27,
                "expression-node": 28,
                "template-line-number": 82,
                "node-pos": 47
            }
        ],
        "rule-11": [
            {
                "part": null,
                "replacement-node": 30,
                "template-line-number": 92,
                "node-pos": 53
            }
        ],
        "rule-12": [
            {
                "part": null,
                "replacement-node": 33,
                "template-line-number": 103,
                "node-pos": 58,
                "html": true
            }
        ],
        "rule-13": [
            {
                "part": null,
                "replacement-node": 43,
                "template-line-number": 154,
                "node-pos": 87
            }
        ],
        "rule-14": [
            {
                "part": null,
                "replacement-node": 80,
                "template-line-number": 318,
                "node-pos": 148
            }
        ],
        "rule-15": [
            {
                "part": null,
                "replacement-node": 83,
                "expression-node": 84,
                "template-line-number": 330,
                "node-pos": 153
            }
        ],
        "rule-16": [
            {
                "part": null,
                "replacement-node": 86,
                "expression-node": 87,
                "template-line-number": 340,
                "node-pos": 158
            }
        ],
        "rule-17": [
            {
                "part": null,
                "replacement-node": 89,
                "expression-node": 90,
                "template-line-number": 350,
                "node-pos": 163
            }
        ],
        "rule-18": [
            {
                "part": null,
                "replacement-node": 92,
                "expression-node": 93,
                "template-line-number": 359,
                "node-pos": 167
            }
        ],
        "rule-19": [
            {
                "part": null,
                "replacement-node": 95,
                "expression-node": 96,
                "template-line-number": 368,
                "node-pos": 171
            }
        ],
        "rule-20": [
            {
                "part": null,
                "replacement-node": 98,
                "template-line-number": 385,
                "node-pos": 179
            }
        ],
        "rule-21": [
            {
                "part": null,
                "replacement-node": 134,
                "expression-node": 135,
                "template-line-number": 540,
                "node-pos": 240
            }
        ],
        "rule-22": [
            {
                "part": null,
                "replacement-node": 137,
                "expression-node": 138,
                "template-line-number": 550,
                "node-pos": 245
            }
        ],
        "rule-23": [
            {
                "part": null,
                "replacement-node": 140,
                "expression-node": 141,
                "template-line-number": 560,
                "node-pos": 250
            }
        ],
        "rule-24": [
            {
                "part": null,
                "replacement-node": 143,
                "expression-node": 144,
                "template-line-number": 569,
                "node-pos": 254
            }
        ],
        "rule-25": [
            {
                "part": null,
                "replacement-node": 146,
                "expression-node": 147,
                "template-line-number": 578,
                "node-pos": 258
            }
        ],
        "rule-26": [
            {
                "part": null,
                "replacement-node": 149,
                "expression-node": 150,
                "template-line-number": 596,
                "node-pos": 267
            }
        ],
        "rule-27": [
            {
                "part": null,
                "replacement-node": 152,
                "expression-node": 153,
                "template-line-number": 606,
                "node-pos": 272
            }
        ],
        "rule-28": [
            {
                "part": null,
                "replacement-node": 155,
                "expression-node": 156,
                "template-line-number": 616,
                "node-pos": 277
            }
        ],
        "rule-29": [
            {
                "part": null,
                "replacement-node": 158,
                "expression-node": 159,
                "template-line-number": 625,
                "node-pos": 281
            }
        ],
        "rule-30": [
            {
                "part": null,
                "replacement-node": 161,
                "expression-node": 162,
                "template-line-number": 634,
                "node-pos": 285
            }
        ],
        "rule-31": [
            {
                "part": null,
                "replacement-node": 164,
                "expression-node": 165,
                "template-line-number": 654,
                "node-pos": 293
            }
        ],
        "rule-32": [
            {
                "part": null,
                "replacement-node": 167,
                "template-line-number": 661,
                "node-pos": 297
            }
        ],
        "rule-33": [
            {
                "part": null,
                "replacement-node": 170,
                "template-line-number": 671,
                "node-pos": 301
            }
        ],
        "rule-34": {
            "name": "ColumnHeadings",
            "subs": [
                {
                    "name": "ColumnHeadings",
                    "part": "1",
                    "replacement-node": 37,
                    "template-line-number": 137,
                    "extras": {},
                    "node-pos": 77
                },
                {
                    "name": "ColumnHeadings",
                    "part": "2",
                    "replacement-node": 40,
                    "template-line-number": 144,
                    "extras": {},
                    "node-pos": 81
                }
            ]
        },
        "rule-35": {
            "name": "DeferredIncomeTaxesLineItems",
            "subs": [
                {
                    "name": "DeferredIncomeTaxesLineItems",
                    "part": "10",
                    "replacement-node": 74,
                    "expression-node": 75,
                    "template-line-number": 299,
                    "node-pos": 138
                },
                {
                    "name": "DeferredIncomeTaxesLineItems",
                    "part": "11",
                    "replacement-node": 77,
                    "expression-node": 78,
                    "template-line-number": 304,
                    "node-pos": 142
                },
                {
                    "name": "DeferredIncomeTaxesLineItems",
                    "part": "2",
                    "replacement-node": 49,
                    "expression-node": 50,
                    "template-line-number": 257,
                    "node-pos": 105
                },
                {
                    "name": "DeferredIncomeTaxesLineItems",
                    "part": "3",
                    "replacement-node": 53,
                    "expression-node": 54,
                    "template-line-number": 264,
                    "node-pos": 110
                },
                {
                    "name": "DeferredIncomeTaxesLineItems",
                    "part": "4",
                    "replacement-node": 56,
                    "expression-node": 57,
                    "template-line-number": 269,
                    "node-pos": 114
                },
                {
                    "name": "DeferredIncomeTaxesLineItems",
                    "part": "5",
                    "replacement-node": 59,
                    "expression-node": 60,
                    "template-line-number": 274,
                    "node-pos": 118
                },
                {
                    "name": "DeferredIncomeTaxesLineItems",
                    "part": "6",
                    "replacement-node": 62,
                    "expression-node": 63,
                    "template-line-number": 279,
                    "node-pos": 122
                },
                {
                    "name": "DeferredIncomeTaxesLineItems",
                    "part": "7",
                    "replacement-node": 65,
                    "expression-node": 66,
                    "template-line-number": 284,
                    "node-pos": 126
                },
                {
                    "name": "DeferredIncomeTaxesLineItems",
                    "part": "8",
                    "replacement-node": 68,
                    "expression-node": 69,
                    "template-line-number": 289,
                    "node-pos": 130
                },
                {
                    "name": "DeferredIncomeTaxesLineItems",
                    "part": "9",
                    "replacement-node": 71,
                    "expression-node": 72,
                    "template-line-number": 294,
                    "node-pos": 134
                }
            ]
        },
        "rule-36": {
            "name": "DeferredIncomeTaxesLineItems2",
            "subs": [
                {
                    "name": "DeferredIncomeTaxesLineItems2",
                    "part": "10",
                    "replacement-node": 128,
                    "expression-node": 129,
                    "template-line-number": 520,
                    "node-pos": 229
                },
                {
                    "name": "DeferredIncomeTaxesLineItems2",
                    "part": "11",
                    "replacement-node": 131,
                    "expression-node": 132,
                    "template-line-number": 525,
                    "node-pos": 233
                },
                {
                    "name": "DeferredIncomeTaxesLineItems2",
                    "part": "2",
                    "replacement-node": 104,
                    "expression-node": 105,
                    "template-line-number": 480,
                    "node-pos": 197
                },
                {
                    "name": "DeferredIncomeTaxesLineItems2",
                    "part": "3",
                    "replacement-node": 107,
                    "expression-node": 108,
                    "template-line-number": 485,
                    "node-pos": 201
                },
                {
                    "name": "DeferredIncomeTaxesLineItems2",
                    "part": "4",
                    "replacement-node": 110,
                    "expression-node": 111,
                    "template-line-number": 490,
                    "node-pos": 205
                },
                {
                    "name": "DeferredIncomeTaxesLineItems2",
                    "part": "5",
                    "replacement-node": 113,
                    "expression-node": 114,
                    "template-line-number": 495,
                    "node-pos": 209
                },
                {
                    "name": "DeferredIncomeTaxesLineItems2",
                    "part": "6",
                    "replacement-node": 116,
                    "expression-node": 117,
                    "template-line-number": 500,
                    "node-pos": 213
                },
                {
                    "name": "DeferredIncomeTaxesLineItems2",
                    "part": "7",
                    "replacement-node": 119,
                    "expression-node": 120,
                    "template-line-number": 505,
                    "node-pos": 217
                },
                {
                    "name": "DeferredIncomeTaxesLineItems2",
                    "part": "8",
                    "replacement-node": 122,
                    "expression-node": 123,
                    "template-line-number": 510,
                    "node-pos": 221
                },
                {
                    "name": "DeferredIncomeTaxesLineItems2",
                    "part": "9",
                    "replacement-node": 125,
                    "expression-node": 126,
                    "template-line-number": 515,
                    "node-pos": 225
                }
            ]
        }
    },
    "line-numbers": {
        "DeferredIncomeTaxesLineItems": [
            {
                "line-number-node": 47,
                "start-number": 2,
                "template-line-number": 251
            }
        ],
        "DeferredIncomeTaxesLineItems2": [
            {
                "line-number-node": 102,
                "start-number": 10,
                "template-line-number": 476
            }
        ]
    },
    "showifs": {},
    "footnotes": {},
    "standard-rules": [
        "rule-1",
        "rule-2",
        "rule-3",
        "rule-4",
        "rule-5",
        "rule-6",
        "rule-7",
        "rule-8",
        "rule-9",
        "rule-10",
        "rule-11",
        "rule-12",
        "rule-13",
        "rule-14",
        "rule-15",
        "rule-16",
        "rule-17",
        "rule-18",
        "rule-19",
        "rule-20",
        "rule-21",
        "rule-22",
        "rule-23",
        "rule-24",
        "rule-25",
        "rule-26",
        "rule-27",
        "rule-28",
        "rule-29",
        "rule-30",
        "rule-31",
        "rule-32",
        "rule-33",
        "rule-34",
        "rule-35",
        "rule-36"
    ],
    "footnote-rules": []
}