{
    "showifs": {
        "rule-1": {
            "template-line-number": 14,
            "type": "showif"
        }
    },
    "line-numbers": {
        "SalesOfElectricityByRateSchedule": [
            {
                "template-line-number": 233,
                "start-number": 1,
                "line-number-node": 45
            }
        ]
    },
    "substitutions": {
        "rule-6": [
            {
                "replacement-node": 13,
                "html": true,
                "part": null,
                "node-pos": 27,
                "template-line-number": 66
            }
        ],
        "rule-11": [
            {
                "expression-node": 29,
                "replacement-node": 28,
                "part": null,
                "node-pos": 48,
                "template-line-number": 111
            }
        ],
        "rule-21": [
            {
                "expression-node": 88,
                "replacement-node": 87,
                "part": null,
                "node-pos": 148,
                "template-line-number": 385
            }
        ],
        "rule-8": [
            {
                "expression-node": 20,
                "replacement-node": 19,
                "part": null,
                "node-pos": 36,
                "template-line-number": 91
            }
        ],
        "rule-25": [
            {
                "expression-node": 100,
                "replacement-node": 99,
                "part": null,
                "node-pos": 167,
                "template-line-number": 431
            }
        ],
        "rule-13": [
            {
                "replacement-node": 34,
                "html": true,
                "part": null,
                "node-pos": 59,
                "template-line-number": 133
            }
        ],
        "rule-9": [
            {
                "replacement-node": 22,
                "part": null,
                "node-pos": 40,
                "template-line-number": 98
            }
        ],
        "rule-10": [
            {
                "expression-node": 26,
                "replacement-node": 25,
                "part": null,
                "node-pos": 44,
                "template-line-number": 105
            }
        ],
        "rule-28": [
            {
                "replacement-node": 108,
                "part": null,
                "node-pos": 181,
                "template-line-number": 463
            }
        ],
        "rule-19": [
            {
                "expression-node": 82,
                "replacement-node": 81,
                "part": null,
                "node-pos": 138,
                "template-line-number": 359
            }
        ],
        "rule-12": [
            {
                "replacement-node": 31,
                "part": null,
                "node-pos": 54,
                "template-line-number": 122
            }
        ],
        "rule-18": [
            {
                "expression-node": 79,
                "replacement-node": 78,
                "part": null,
                "node-pos": 131,
                "template-line-number": 343
            }
        ],
        "rule-5": [
            {
                "replacement-node": 10,
                "html": true,
                "part": null,
                "node-pos": 22,
                "template-line-number": 50
            }
        ],
        "rule-2": [
            {
                "replacement-node": 1,
                "part": null,
                "node-pos": 10,
                "template-line-number": 28
            }
        ],
        "rule-31": {
            "name": "ColumnHeadings",
            "subs": [
                {
                    "extras": {},
                    "replacement-node": 38,
                    "node-pos": 74,
                    "template-line-number": 164,
                    "name": "ColumnHeadings",
                    "part": "1"
                },
                {
                    "extras": {},
                    "replacement-node": 41,
                    "node-pos": 78,
                    "template-line-number": 171,
                    "name": "ColumnHeadings",
                    "part": "2"
                }
            ]
        },
        "rule-30": {
            "name": "SalesOfElectricityByRateSchedule",
            "subs": [
                {
                    "template-line-number": 241,
                    "part": "2",
                    "replacement-node": 48,
                    "node-pos": 88,
                    "name": "SalesOfElectricityByRateSchedule",
                    "expression-node": 49
                },
                {
                    "template-line-number": 251,
                    "part": "3",
                    "replacement-node": 51,
                    "node-pos": 92,
                    "name": "SalesOfElectricityByRateSchedule",
                    "expression-node": 52
                },
                {
                    "template-line-number": 260,
                    "part": "4",
                    "replacement-node": 54,
                    "node-pos": 96,
                    "name": "SalesOfElectricityByRateSchedule",
                    "expression-node": 55
                },
                {
                    "template-line-number": 268,
                    "part": "5",
                    "replacement-node": 57,
                    "node-pos": 100,
                    "name": "SalesOfElectricityByRateSchedule",
                    "expression-node": 58
                },
                {
                    "template-line-number": 279,
                    "part": "6",
                    "replacement-node": 60,
                    "node-pos": 104,
                    "name": "SalesOfElectricityByRateSchedule",
                    "expression-node": 61
                },
                {
                    "template-line-number": 288,
                    "part": "7",
                    "replacement-node": 63,
                    "node-pos": 108,
                    "name": "SalesOfElectricityByRateSchedule",
                    "expression-node": 64
                }
            ]
        },
        "rule-22": [
            {
                "expression-node": 91,
                "replacement-node": 90,
                "part": null,
                "node-pos": 155,
                "template-line-number": 401
            }
        ],
        "rule-14": [
            {
                "expression-node": 67,
                "replacement-node": 66,
                "part": null,
                "node-pos": 115,
                "template-line-number": 303
            }
        ],
        "rule-20": [
            {
                "expression-node": 85,
                "replacement-node": 84,
                "part": null,
                "node-pos": 142,
                "template-line-number": 369
            }
        ],
        "rule-4": [
            {
                "replacement-node": 7,
                "part": null,
                "node-pos": 18,
                "template-line-number": 42
            }
        ],
        "rule-29": [
            {
                "replacement-node": 111,
                "part": null,
                "node-pos": 185,
                "template-line-number": 473
            }
        ],
        "rule-27": [
            {
                "expression-node": 106,
                "replacement-node": 105,
                "part": null,
                "node-pos": 177,
                "template-line-number": 456
            }
        ],
        "rule-17": [
            {
                "expression-node": 76,
                "replacement-node": 75,
                "part": null,
                "node-pos": 127,
                "template-line-number": 333
            }
        ],
        "rule-15": [
            {
                "expression-node": 70,
                "replacement-node": 69,
                "part": null,
                "node-pos": 119,
                "template-line-number": 313
            }
        ],
        "rule-3": [
            {
                "expression-node": 5,
                "replacement-node": 4,
                "part": null,
                "node-pos": 14,
                "template-line-number": 35
            }
        ],
        "rule-7": [
            {
                "replacement-node": 16,
                "part": null,
                "node-pos": 32,
                "template-line-number": 84
            }
        ],
        "rule-24": [
            {
                "expression-node": 97,
                "replacement-node": 96,
                "part": null,
                "node-pos": 163,
                "template-line-number": 421
            }
        ],
        "rule-26": [
            {
                "expression-node": 103,
                "replacement-node": 102,
                "part": null,
                "node-pos": 171,
                "template-line-number": 441
            }
        ],
        "rule-16": [
            {
                "expression-node": 73,
                "replacement-node": 72,
                "part": null,
                "node-pos": 123,
                "template-line-number": 323
            }
        ],
        "rule-23": [
            {
                "expression-node": 94,
                "replacement-node": 93,
                "part": null,
                "node-pos": 159,
                "template-line-number": 411
            }
        ]
    }
}