{
    "showifs": {},
    "line-numbers": {},
    "substitutions": {
        "rule-1": [
            {
                "template-line-number": 21,
                "part": null,
                "node-pos": 10,
                "replacement-node": 0
            }
        ],
        "rule-12": [
            {
                "template-line-number": 99,
                "html": true,
                "part": null,
                "node-pos": 59,
                "replacement-node": 33
            }
        ],
        "rule-5": [
            {
                "template-line-number": 49,
                "html": true,
                "part": null,
                "node-pos": 27,
                "replacement-node": 12
            }
        ],
        "rule-16": [
            {
                "template-line-number": 151,
                "part": null,
                "node-pos": 91,
                "replacement-node": 45
            }
        ],
        "rule-7": [
            {
                "template-line-number": 64,
                "expression-node": 19,
                "part": null,
                "node-pos": 36,
                "replacement-node": 18
            }
        ],
        "rule-3": [
            {
                "template-line-number": 31,
                "part": null,
                "node-pos": 18,
                "replacement-node": 6
            }
        ],
        "rule-9": [
            {
                "template-line-number": 73,
                "expression-node": 25,
                "part": null,
                "node-pos": 44,
                "replacement-node": 24
            }
        ],
        "rule-2": [
            {
                "template-line-number": 25,
                "expression-node": 4,
                "part": null,
                "node-pos": 14,
                "replacement-node": 3
            }
        ],
        "rule-6": [
            {
                "template-line-number": 60,
                "part": null,
                "node-pos": 32,
                "replacement-node": 15
            }
        ],
        "rule-11": [
            {
                "template-line-number": 88,
                "part": null,
                "node-pos": 54,
                "replacement-node": 30
            }
        ],
        "rule-8": [
            {
                "template-line-number": 69,
                "part": null,
                "node-pos": 40,
                "replacement-node": 21
            }
        ],
        "rule-4": [
            {
                "template-line-number": 37,
                "html": true,
                "part": null,
                "node-pos": 22,
                "replacement-node": 9
            }
        ],
        "rule-14": [
            {
                "template-line-number": 137,
                "expression-node": 40,
                "part": null,
                "node-pos": 83,
                "replacement-node": 39
            }
        ],
        "rule-13": [
            {
                "part": null,
                "node-pos": 77,
                "replacement-node": 36,
                "html": true,
                "template-line-number": 124,
                "expression-node": 37
            }
        ],
        "rule-10": [
            {
                "template-line-number": 78,
                "expression-node": 28,
                "part": null,
                "node-pos": 48,
                "replacement-node": 27
            }
        ],
        "rule-15": [
            {
                "template-line-number": 142,
                "part": null,
                "node-pos": 87,
                "replacement-node": 42
            }
        ]
    }
}