{
    "substitutions": {
        "rule-7": [
            {
                "node-pos": 36,
                "part": null,
                "expression-node": 19,
                "replacement-node": 18,
                "template-line-number": 64
            }
        ],
        "rule-6": [
            {
                "node-pos": 32,
                "part": null,
                "replacement-node": 15,
                "template-line-number": 60
            }
        ],
        "rule-13": [
            {
                "html": true,
                "replacement-node": 36,
                "part": null,
                "expression-node": 37,
                "node-pos": 77,
                "template-line-number": 124
            }
        ],
        "rule-4": [
            {
                "node-pos": 22,
                "html": true,
                "part": null,
                "replacement-node": 9,
                "template-line-number": 37
            }
        ],
        "rule-3": [
            {
                "node-pos": 18,
                "part": null,
                "replacement-node": 6,
                "template-line-number": 31
            }
        ],
        "rule-1": [
            {
                "node-pos": 10,
                "part": null,
                "replacement-node": 0,
                "template-line-number": 21
            }
        ],
        "rule-2": [
            {
                "node-pos": 14,
                "part": null,
                "expression-node": 4,
                "replacement-node": 3,
                "template-line-number": 25
            }
        ],
        "rule-10": [
            {
                "node-pos": 48,
                "part": null,
                "expression-node": 28,
                "replacement-node": 27,
                "template-line-number": 78
            }
        ],
        "rule-14": [
            {
                "node-pos": 83,
                "part": null,
                "expression-node": 40,
                "replacement-node": 39,
                "template-line-number": 137
            }
        ],
        "rule-5": [
            {
                "node-pos": 27,
                "html": true,
                "part": null,
                "replacement-node": 12,
                "template-line-number": 49
            }
        ],
        "rule-9": [
            {
                "node-pos": 44,
                "part": null,
                "expression-node": 25,
                "replacement-node": 24,
                "template-line-number": 73
            }
        ],
        "rule-8": [
            {
                "node-pos": 40,
                "part": null,
                "replacement-node": 21,
                "template-line-number": 69
            }
        ],
        "rule-12": [
            {
                "node-pos": 59,
                "html": true,
                "part": null,
                "replacement-node": 33,
                "template-line-number": 99
            }
        ],
        "rule-11": [
            {
                "node-pos": 54,
                "part": null,
                "replacement-node": 30,
                "template-line-number": 88
            }
        ],
        "rule-16": [
            {
                "node-pos": 91,
                "part": null,
                "replacement-node": 45,
                "template-line-number": 151
            }
        ],
        "rule-15": [
            {
                "node-pos": 87,
                "part": null,
                "replacement-node": 42,
                "template-line-number": 142
            }
        ]
    },
    "showifs": {},
    "line-numbers": {}
}