{
    "substitutions": {
        "rule-15": [
            {
                "part": null,
                "replacement-node": 70,
                "node-pos": 120,
                "template-line-number": 243
            }
        ],
        "rule-8": [
            {
                "part": null,
                "replacement-node": 21,
                "node-pos": 39,
                "template-line-number": 71
            }
        ],
        "rule-10": [
            {
                "part": null,
                "replacement-node": 27,
                "node-pos": 47,
                "expression-node": 28,
                "template-line-number": 81
            }
        ],
        "rule-16": {
            "subs": [
                {
                    "extras": {},
                    "replacement-node": 44,
                    "name": "ListLineItems",
                    "part": "1",
                    "node-pos": 76,
                    "template-line-number": 178
                },
                {
                    "extras": {},
                    "replacement-node": 49,
                    "name": "ListLineItems",
                    "part": "2",
                    "node-pos": 84,
                    "template-line-number": 189
                },
                {
                    "extras": {},
                    "replacement-node": 53,
                    "name": "ListLineItems",
                    "part": "3",
                    "node-pos": 90,
                    "template-line-number": 200
                },
                {
                    "extras": {},
                    "replacement-node": 56,
                    "name": "ListLineItems",
                    "part": "4",
                    "node-pos": 94,
                    "template-line-number": 207
                },
                {
                    "replacement-node": 58,
                    "name": "ListLineItems",
                    "part": "5",
                    "node-pos": 97,
                    "expression-node": 59,
                    "template-line-number": 211
                },
                {
                    "extras": {},
                    "replacement-node": 47,
                    "name": "ListLineItems",
                    "part": "6",
                    "node-pos": 82,
                    "template-line-number": 185
                },
                {
                    "replacement-node": 60,
                    "name": "ListLineItems",
                    "part": "6",
                    "node-pos": 99,
                    "expression-node": 61,
                    "template-line-number": 212
                },
                {
                    "replacement-node": 62,
                    "name": "ListLineItems",
                    "part": "7",
                    "node-pos": 101,
                    "expression-node": 63,
                    "template-line-number": 213
                }
            ],
            "name": "ListLineItems"
        },
        "rule-17": {
            "subs": [
                {
                    "extras": {},
                    "replacement-node": 37,
                    "name": "ListHeadings",
                    "part": "1",
                    "node-pos": 66,
                    "template-line-number": 125
                },
                {
                    "extras": {},
                    "replacement-node": 40,
                    "name": "ListHeadings",
                    "part": "2",
                    "node-pos": 70,
                    "template-line-number": 132
                }
            ],
            "name": "ListHeadings"
        },
        "rule-5": [
            {
                "part": null,
                "replacement-node": 12,
                "node-pos": 26,
                "template-line-number": 50,
                "html": true
            }
        ],
        "rule-9": [
            {
                "part": null,
                "replacement-node": 24,
                "node-pos": 43,
                "expression-node": 25,
                "template-line-number": 76
            }
        ],
        "rule-2": [
            {
                "part": null,
                "replacement-node": 3,
                "node-pos": 13,
                "expression-node": 4,
                "template-line-number": 26
            }
        ],
        "rule-14": [
            {
                "part": null,
                "replacement-node": 67,
                "node-pos": 116,
                "template-line-number": 234
            }
        ],
        "rule-3": [
            {
                "part": null,
                "replacement-node": 6,
                "node-pos": 17,
                "template-line-number": 32
            }
        ],
        "rule-4": [
            {
                "part": null,
                "replacement-node": 9,
                "node-pos": 21,
                "template-line-number": 38,
                "html": true
            }
        ],
        "rule-6": [
            {
                "part": null,
                "replacement-node": 15,
                "node-pos": 31,
                "template-line-number": 61
            }
        ],
        "rule-7": [
            {
                "part": null,
                "replacement-node": 18,
                "node-pos": 35,
                "expression-node": 19,
                "template-line-number": 66
            }
        ],
        "rule-1": [
            {
                "part": null,
                "replacement-node": 0,
                "node-pos": 9,
                "template-line-number": 21
            }
        ],
        "rule-13": [
            {
                "part": null,
                "replacement-node": 64,
                "node-pos": 112,
                "expression-node": 65,
                "template-line-number": 229
            }
        ],
        "rule-11": [
            {
                "part": null,
                "replacement-node": 30,
                "node-pos": 53,
                "template-line-number": 91
            }
        ],
        "rule-12": [
            {
                "part": null,
                "replacement-node": 33,
                "node-pos": 58,
                "template-line-number": 102,
                "html": true
            }
        ]
    },
    "showifs": {},
    "line-numbers": {}
}