{
    "substitutions": {
        "rule-12": [
            {
                "template-line-number": 103,
                "node-pos": 58,
                "html": true,
                "part": null,
                "replacement-node": 33
            }
        ],
        "rule-2": [
            {
                "template-line-number": 27,
                "node-pos": 13,
                "part": null,
                "expression-node": 4,
                "replacement-node": 3
            }
        ],
        "rule-21": [
            {
                "template-line-number": 213,
                "html": true,
                "replacement-node": 60,
                "expression-node": 61,
                "part": null,
                "node-pos": 114
            }
        ],
        "rule-17": [
            {
                "template-line-number": 169,
                "html": true,
                "replacement-node": 48,
                "expression-node": 49,
                "part": null,
                "node-pos": 94
            }
        ],
        "rule-11": [
            {
                "template-line-number": 92,
                "node-pos": 53,
                "part": null,
                "replacement-node": 30
            }
        ],
        "rule-15": [
            {
                "template-line-number": 147,
                "html": true,
                "replacement-node": 42,
                "expression-node": 43,
                "part": null,
                "node-pos": 84
            }
        ],
        "rule-4": [
            {
                "template-line-number": 39,
                "node-pos": 21,
                "html": true,
                "part": null,
                "replacement-node": 9
            }
        ],
        "rule-20": [
            {
                "template-line-number": 202,
                "html": true,
                "replacement-node": 57,
                "expression-node": 58,
                "part": null,
                "node-pos": 109
            }
        ],
        "rule-3": [
            {
                "template-line-number": 33,
                "node-pos": 17,
                "part": null,
                "replacement-node": 6
            }
        ],
        "rule-19": [
            {
                "template-line-number": 191,
                "html": true,
                "replacement-node": 54,
                "expression-node": 55,
                "part": null,
                "node-pos": 104
            }
        ],
        "rule-5": [
            {
                "template-line-number": 51,
                "node-pos": 26,
                "html": true,
                "part": null,
                "replacement-node": 12
            }
        ],
        "rule-8": [
            {
                "template-line-number": 72,
                "node-pos": 39,
                "part": null,
                "replacement-node": 21
            }
        ],
        "rule-7": [
            {
                "template-line-number": 67,
                "node-pos": 35,
                "part": null,
                "expression-node": 19,
                "replacement-node": 18
            }
        ],
        "rule-23": [
            {
                "template-line-number": 235,
                "node-pos": 124,
                "part": null,
                "replacement-node": 66
            }
        ],
        "rule-10": [
            {
                "template-line-number": 82,
                "node-pos": 47,
                "part": null,
                "expression-node": 28,
                "replacement-node": 27
            }
        ],
        "rule-13": [
            {
                "template-line-number": 125,
                "html": true,
                "replacement-node": 36,
                "expression-node": 37,
                "part": null,
                "node-pos": 74
            }
        ],
        "rule-24": [
            {
                "template-line-number": 245,
                "node-pos": 128,
                "part": null,
                "replacement-node": 69
            }
        ],
        "rule-14": [
            {
                "template-line-number": 136,
                "html": true,
                "replacement-node": 39,
                "expression-node": 40,
                "part": null,
                "node-pos": 79
            }
        ],
        "rule-9": [
            {
                "template-line-number": 77,
                "node-pos": 43,
                "part": null,
                "expression-node": 25,
                "replacement-node": 24
            }
        ],
        "rule-1": [
            {
                "template-line-number": 22,
                "node-pos": 9,
                "part": null,
                "replacement-node": 0
            }
        ],
        "rule-18": [
            {
                "template-line-number": 180,
                "html": true,
                "replacement-node": 51,
                "expression-node": 52,
                "part": null,
                "node-pos": 99
            }
        ],
        "rule-22": [
            {
                "template-line-number": 228,
                "node-pos": 120,
                "part": null,
                "expression-node": 64,
                "replacement-node": 63
            }
        ],
        "rule-6": [
            {
                "template-line-number": 62,
                "node-pos": 31,
                "part": null,
                "replacement-node": 15
            }
        ],
        "rule-16": [
            {
                "template-line-number": 158,
                "html": true,
                "replacement-node": 45,
                "expression-node": 46,
                "part": null,
                "node-pos": 89
            }
        ]
    },
    "showifs": {},
    "line-numbers": {}
}