{
    "substitutions": {
        "rule-2": [
            {
                "part": null,
                "replacement-node": 1,
                "template-line-number": 27,
                "node-pos": 11
            }
        ],
        "rule-3": [
            {
                "part": null,
                "replacement-node": 4,
                "expression-node": 5,
                "template-line-number": 34,
                "node-pos": 15
            }
        ],
        "rule-4": [
            {
                "part": null,
                "replacement-node": 7,
                "template-line-number": 41,
                "node-pos": 19
            }
        ],
        "rule-5": [
            {
                "part": null,
                "replacement-node": 10,
                "template-line-number": 49,
                "node-pos": 23,
                "html": true
            }
        ],
        "rule-6": [
            {
                "part": null,
                "replacement-node": 13,
                "template-line-number": 65,
                "node-pos": 28,
                "html": true
            }
        ],
        "rule-7": [
            {
                "part": null,
                "replacement-node": 16,
                "template-line-number": 83,
                "node-pos": 33
            }
        ],
        "rule-8": [
            {
                "part": null,
                "replacement-node": 19,
                "expression-node": 20,
                "template-line-number": 90,
                "node-pos": 37
            }
        ],
        "rule-9": [
            {
                "part": null,
                "replacement-node": 22,
                "template-line-number": 97,
                "node-pos": 41
            }
        ],
        "rule-10": [
            {
                "part": null,
                "replacement-node": 25,
                "expression-node": 26,
                "template-line-number": 104,
                "node-pos": 45
            }
        ],
        "rule-11": [
            {
                "part": null,
                "replacement-node": 28,
                "expression-node": 29,
                "template-line-number": 110,
                "node-pos": 49
            }
        ],
        "rule-12": [
            {
                "part": null,
                "replacement-node": 31,
                "template-line-number": 121,
                "node-pos": 55
            }
        ],
        "rule-13": [
            {
                "part": null,
                "replacement-node": 41,
                "expression-node": 42,
                "template-line-number": 195,
                "node-pos": 74
            }
        ],
        "rule-14": [
            {
                "part": null,
                "replacement-node": 44,
                "expression-node": 45,
                "template-line-number": 205,
                "node-pos": 78
            }
        ],
        "rule-15": [
            {
                "part": null,
                "replacement-node": 47,
                "expression-node": 48,
                "template-line-number": 215,
                "node-pos": 82
            }
        ],
        "rule-16": [
            {
                "part": null,
                "replacement-node": 50,
                "expression-node": 51,
                "template-line-number": 225,
                "node-pos": 86
            }
        ],
        "rule-17": [
            {
                "part": null,
                "replacement-node": 53,
                "expression-node": 54,
                "template-line-number": 235,
                "node-pos": 90
            }
        ],
        "rule-18": [
            {
                "part": null,
                "replacement-node": 77,
                "expression-node": 78,
                "template-line-number": 379,
                "node-pos": 133
            }
        ],
        "rule-19": [
            {
                "part": null,
                "replacement-node": 80,
                "template-line-number": 384,
                "node-pos": 137
            }
        ],
        "rule-20": [
            {
                "part": null,
                "replacement-node": 83,
                "template-line-number": 394,
                "node-pos": 141
            }
        ],
        "rule-21": {
            "name": "ISHeadings",
            "subs": [
                {
                    "name": "ISHeadings",
                    "part": "1",
                    "replacement-node": 35,
                    "template-line-number": 145,
                    "extras": {},
                    "node-pos": 63
                },
                {
                    "name": "ISHeadings",
                    "part": "2",
                    "replacement-node": 38,
                    "template-line-number": 152,
                    "extras": {},
                    "node-pos": 67
                }
            ]
        },
        "rule-22": {
            "name": "IsoOrRtoSettlements",
            "subs": [
                {
                    "name": "IsoOrRtoSettlements",
                    "part": "2",
                    "replacement-node": 59,
                    "expression-node": 60,
                    "template-line-number": 321,
                    "node-pos": 107
                },
                {
                    "name": "IsoOrRtoSettlements",
                    "part": "3",
                    "replacement-node": 62,
                    "expression-node": 63,
                    "template-line-number": 330,
                    "node-pos": 111
                },
                {
                    "name": "IsoOrRtoSettlements",
                    "part": "4",
                    "replacement-node": 65,
                    "expression-node": 66,
                    "template-line-number": 339,
                    "node-pos": 115
                },
                {
                    "name": "IsoOrRtoSettlements",
                    "part": "5",
                    "replacement-node": 68,
                    "expression-node": 69,
                    "template-line-number": 347,
                    "node-pos": 119
                },
                {
                    "name": "IsoOrRtoSettlements",
                    "part": "6",
                    "replacement-node": 71,
                    "expression-node": 72,
                    "template-line-number": 355,
                    "node-pos": 123
                },
                {
                    "name": "IsoOrRtoSettlements",
                    "part": "7",
                    "replacement-node": 74,
                    "expression-node": 75,
                    "template-line-number": 363,
                    "node-pos": 127
                }
            ]
        }
    },
    "line-numbers": {
        "IsoOrRtoSettlements": [
            {
                "line-number-node": 57,
                "start-number": 3,
                "template-line-number": 314
            }
        ]
    },
    "showifs": {
        "rule-1": {
            "type": "showif",
            "template-line-number": 17
        }
    },
    "footnotes": {},
    "standard-rules": [
        "rule-2",
        "rule-3",
        "rule-4",
        "rule-5",
        "rule-6",
        "rule-7",
        "rule-8",
        "rule-9",
        "rule-10",
        "rule-11",
        "rule-12",
        "rule-13",
        "rule-14",
        "rule-15",
        "rule-16",
        "rule-17",
        "rule-18",
        "rule-19",
        "rule-20",
        "rule-21",
        "rule-22"
    ],
    "footnote-rules": []
}