{
    "substitutions": {
        "rule-2": [
            {
                "part": null,
                "replacement-node": 3,
                "node-pos": 13,
                "expression-node": 4,
                "template-line-number": 27
            }
        ],
        "rule-17": {
            "subs": [
                {
                    "part": "1",
                    "replacement-node": 44,
                    "node-pos": 81,
                    "template-line-number": 306,
                    "extras": {},
                    "name": "CFLineItems"
                },
                {
                    "part": "2",
                    "replacement-node": 49,
                    "node-pos": 89,
                    "template-line-number": 317,
                    "name": "CFLineItems",
                    "expression-node": 50
                },
                {
                    "part": "4",
                    "replacement-node": 54,
                    "node-pos": 95,
                    "template-line-number": 329,
                    "name": "CFLineItems",
                    "expression-node": 55
                },
                {
                    "part": "5",
                    "replacement-node": 59,
                    "node-pos": 101,
                    "template-line-number": 339,
                    "name": "CFLineItems",
                    "expression-node": 60
                },
                {
                    "part": "6",
                    "replacement-node": 47,
                    "node-pos": 87,
                    "template-line-number": 313,
                    "extras": {},
                    "name": "CFLineItems"
                }
            ],
            "name": "CFLineItems"
        },
        "rule-15": [
            {
                "part": null,
                "replacement-node": 70,
                "node-pos": 117,
                "template-line-number": 376
            }
        ],
        "rule-7": [
            {
                "part": null,
                "replacement-node": 18,
                "node-pos": 35,
                "expression-node": 19,
                "template-line-number": 67
            }
        ],
        "rule-14": [
            {
                "part": null,
                "replacement-node": 67,
                "node-pos": 113,
                "template-line-number": 366
            }
        ],
        "rule-6": [
            {
                "part": null,
                "replacement-node": 15,
                "node-pos": 31,
                "template-line-number": 62
            }
        ],
        "rule-16": {
            "subs": [
                {
                    "part": "1",
                    "replacement-node": 37,
                    "node-pos": 71,
                    "template-line-number": 131,
                    "extras": {},
                    "name": "ISHeadings"
                },
                {
                    "part": "2",
                    "replacement-node": 40,
                    "node-pos": 75,
                    "template-line-number": 138,
                    "extras": {},
                    "name": "ISHeadings"
                }
            ],
            "name": "ISHeadings"
        },
        "rule-9": [
            {
                "part": null,
                "replacement-node": 24,
                "node-pos": 43,
                "expression-node": 25,
                "template-line-number": 77
            }
        ],
        "rule-1": [
            {
                "part": null,
                "replacement-node": 0,
                "node-pos": 9,
                "template-line-number": 22
            }
        ],
        "rule-4": [
            {
                "part": null,
                "replacement-node": 9,
                "node-pos": 21,
                "template-line-number": 39,
                "html": true
            }
        ],
        "rule-10": [
            {
                "part": null,
                "replacement-node": 27,
                "node-pos": 47,
                "expression-node": 28,
                "template-line-number": 82
            }
        ],
        "rule-3": [
            {
                "part": null,
                "replacement-node": 6,
                "node-pos": 17,
                "template-line-number": 33
            }
        ],
        "rule-11": [
            {
                "part": null,
                "replacement-node": 30,
                "node-pos": 53,
                "template-line-number": 92
            }
        ],
        "rule-12": [
            {
                "part": null,
                "replacement-node": 33,
                "node-pos": 58,
                "template-line-number": 103,
                "html": true
            }
        ],
        "rule-13": [
            {
                "part": null,
                "replacement-node": 64,
                "node-pos": 109,
                "expression-node": 65,
                "template-line-number": 359
            }
        ],
        "rule-5": [
            {
                "part": null,
                "replacement-node": 12,
                "node-pos": 26,
                "template-line-number": 51,
                "html": true
            }
        ],
        "rule-8": [
            {
                "part": null,
                "replacement-node": 21,
                "node-pos": 39,
                "template-line-number": 72
            }
        ]
    },
    "line-numbers": {},
    "showifs": {}
}