{
    "showifs": {
        "rule-1": {
            "template-line-number": 17,
            "type": "showif"
        }
    },
    "line-numbers": {},
    "substitutions": {
        "rule-17": {
            "subs": [
                {
                    "node-pos": 88,
                    "extras": {},
                    "template-line-number": 340,
                    "replacement-node": 45,
                    "part": "1",
                    "name": "CFLineItems"
                },
                {
                    "node-pos": 96,
                    "expression-node": 51,
                    "template-line-number": 351,
                    "replacement-node": 50,
                    "part": "2",
                    "name": "CFLineItems"
                },
                {
                    "node-pos": 102,
                    "expression-node": 56,
                    "template-line-number": 362,
                    "replacement-node": 55,
                    "part": "4",
                    "name": "CFLineItems"
                },
                {
                    "node-pos": 107,
                    "expression-node": 60,
                    "template-line-number": 373,
                    "replacement-node": 59,
                    "part": "4",
                    "name": "CFLineItems"
                },
                {
                    "node-pos": 112,
                    "expression-node": 64,
                    "template-line-number": 382,
                    "replacement-node": 63,
                    "part": "5",
                    "name": "CFLineItems"
                },
                {
                    "node-pos": 94,
                    "extras": {},
                    "template-line-number": 347,
                    "replacement-node": 48,
                    "part": "6",
                    "name": "CFLineItems"
                }
            ],
            "name": "CFLineItems"
        },
        "rule-7": [
            {
                "node-pos": 32,
                "template-line-number": 70,
                "replacement-node": 16,
                "part": null
            }
        ],
        "rule-8": [
            {
                "node-pos": 36,
                "template-line-number": 75,
                "expression-node": 20,
                "replacement-node": 19,
                "part": null
            }
        ],
        "rule-12": [
            {
                "node-pos": 55,
                "template-line-number": 100,
                "replacement-node": 31,
                "part": null
            }
        ],
        "rule-18": {
            "subs": [
                {
                    "node-pos": 78,
                    "extras": {},
                    "template-line-number": 145,
                    "replacement-node": 38,
                    "part": "1",
                    "name": "REHeadings"
                },
                {
                    "node-pos": 82,
                    "extras": {},
                    "template-line-number": 153,
                    "replacement-node": 41,
                    "part": "2",
                    "name": "REHeadings"
                }
            ],
            "name": "REHeadings"
        },
        "rule-14": [
            {
                "node-pos": 119,
                "template-line-number": 398,
                "expression-node": 68,
                "replacement-node": 67,
                "part": null
            }
        ],
        "rule-16": [
            {
                "node-pos": 127,
                "template-line-number": 415,
                "replacement-node": 73,
                "part": null
            }
        ],
        "rule-13": [
            {
                "node-pos": 60,
                "html": true,
                "template-line-number": 111,
                "replacement-node": 34,
                "part": null
            }
        ],
        "rule-9": [
            {
                "node-pos": 40,
                "template-line-number": 80,
                "replacement-node": 22,
                "part": null
            }
        ],
        "rule-3": [
            {
                "node-pos": 14,
                "template-line-number": 35,
                "expression-node": 5,
                "replacement-node": 4,
                "part": null
            }
        ],
        "rule-15": [
            {
                "node-pos": 123,
                "template-line-number": 405,
                "replacement-node": 70,
                "part": null
            }
        ],
        "rule-10": [
            {
                "node-pos": 45,
                "template-line-number": 85,
                "expression-node": 26,
                "replacement-node": 25,
                "part": null
            }
        ],
        "rule-6": [
            {
                "node-pos": 27,
                "html": true,
                "template-line-number": 59,
                "replacement-node": 13,
                "part": null
            }
        ],
        "rule-5": [
            {
                "node-pos": 22,
                "html": true,
                "template-line-number": 47,
                "replacement-node": 10,
                "part": null
            }
        ],
        "rule-4": [
            {
                "node-pos": 18,
                "template-line-number": 41,
                "replacement-node": 7,
                "part": null
            }
        ],
        "rule-2": [
            {
                "node-pos": 10,
                "template-line-number": 30,
                "replacement-node": 1,
                "part": null
            }
        ],
        "rule-11": [
            {
                "node-pos": 49,
                "template-line-number": 90,
                "expression-node": 29,
                "replacement-node": 28,
                "part": null
            }
        ]
    }
}