{
    "line-numbers": {
        "TaxesAccrued": [
            {
                "template-line-number": 373,
                "start-number": 1,
                "line-number-node": 47
            }
        ]
    },
    "substitutions": {
        "rule-22": [
            {
                "replacement-node": 135,
                "expression-node": 136,
                "node-pos": 216,
                "part": null,
                "template-line-number": 563
            }
        ],
        "rule-7": [
            {
                "replacement-node": 16,
                "template-line-number": 66,
                "node-pos": 32,
                "part": null
            }
        ],
        "rule-3": [
            {
                "replacement-node": 4,
                "expression-node": 5,
                "node-pos": 14,
                "part": null,
                "template-line-number": 31
            }
        ],
        "rule-2": [
            {
                "replacement-node": 1,
                "template-line-number": 27,
                "node-pos": 10,
                "part": null
            }
        ],
        "rule-21": [
            {
                "replacement-node": 132,
                "expression-node": 133,
                "node-pos": 212,
                "part": null,
                "template-line-number": 554
            }
        ],
        "rule-20": [
            {
                "replacement-node": 129,
                "expression-node": 130,
                "node-pos": 208,
                "part": null,
                "template-line-number": 545
            }
        ],
        "rule-23": [
            {
                "replacement-node": 138,
                "expression-node": 139,
                "node-pos": 220,
                "part": null,
                "template-line-number": 572
            }
        ],
        "rule-31": [
            {
                "replacement-node": 162,
                "template-line-number": 645,
                "node-pos": 255,
                "part": null
            }
        ],
        "rule-14": [
            {
                "replacement-node": 111,
                "template-line-number": 485,
                "node-pos": 180,
                "part": null
            }
        ],
        "rule-5": [
            {
                "replacement-node": 10,
                "template-line-number": 43,
                "node-pos": 22,
                "html": true,
                "part": null
            }
        ],
        "rule-30": [
            {
                "replacement-node": 159,
                "expression-node": 160,
                "node-pos": 251,
                "part": null,
                "template-line-number": 640
            }
        ],
        "rule-32": [
            {
                "replacement-node": 165,
                "template-line-number": 654,
                "node-pos": 259,
                "part": null
            }
        ],
        "rule-4": [
            {
                "replacement-node": 7,
                "template-line-number": 37,
                "node-pos": 18,
                "part": null
            }
        ],
        "rule-27": [
            {
                "replacement-node": 150,
                "expression-node": 151,
                "node-pos": 236,
                "part": null,
                "template-line-number": 608
            }
        ],
        "rule-11": [
            {
                "replacement-node": 28,
                "expression-node": 29,
                "node-pos": 48,
                "part": null,
                "template-line-number": 84
            }
        ],
        "rule-17": [
            {
                "replacement-node": 120,
                "expression-node": 121,
                "node-pos": 196,
                "part": null,
                "template-line-number": 518
            }
        ],
        "rule-15": [
            {
                "replacement-node": 114,
                "expression-node": 115,
                "node-pos": 188,
                "part": null,
                "template-line-number": 500
            }
        ],
        "rule-8": [
            {
                "replacement-node": 19,
                "expression-node": 20,
                "node-pos": 36,
                "part": null,
                "template-line-number": 70
            }
        ],
        "rule-18": [
            {
                "replacement-node": 123,
                "expression-node": 124,
                "node-pos": 200,
                "part": null,
                "template-line-number": 527
            }
        ],
        "rule-34": {
            "subs": [
                {
                    "replacement-node": 84,
                    "expression-node": 85,
                    "node-pos": 142,
                    "part": "10",
                    "template-line-number": 434,
                    "name": "TaxesAccrued"
                },
                {
                    "replacement-node": 87,
                    "expression-node": 88,
                    "node-pos": 146,
                    "part": "11",
                    "template-line-number": 439,
                    "name": "TaxesAccrued"
                },
                {
                    "replacement-node": 90,
                    "expression-node": 91,
                    "node-pos": 150,
                    "part": "12",
                    "template-line-number": 444,
                    "name": "TaxesAccrued"
                },
                {
                    "replacement-node": 93,
                    "expression-node": 94,
                    "node-pos": 154,
                    "part": "13",
                    "template-line-number": 449,
                    "name": "TaxesAccrued"
                },
                {
                    "replacement-node": 96,
                    "expression-node": 97,
                    "node-pos": 158,
                    "part": "14",
                    "template-line-number": 454,
                    "name": "TaxesAccrued"
                },
                {
                    "replacement-node": 99,
                    "expression-node": 100,
                    "node-pos": 162,
                    "part": "15",
                    "template-line-number": 459,
                    "name": "TaxesAccrued"
                },
                {
                    "replacement-node": 102,
                    "expression-node": 103,
                    "node-pos": 166,
                    "part": "16",
                    "template-line-number": 464,
                    "name": "TaxesAccrued"
                },
                {
                    "replacement-node": 105,
                    "expression-node": 106,
                    "node-pos": 170,
                    "part": "17",
                    "template-line-number": 469,
                    "name": "TaxesAccrued"
                },
                {
                    "replacement-node": 108,
                    "expression-node": 109,
                    "node-pos": 174,
                    "part": "18",
                    "template-line-number": 474,
                    "name": "TaxesAccrued"
                },
                {
                    "replacement-node": 49,
                    "expression-node": 50,
                    "node-pos": 96,
                    "part": "2",
                    "template-line-number": 376,
                    "name": "TaxesAccrued"
                },
                {
                    "replacement-node": 54,
                    "expression-node": 55,
                    "node-pos": 102,
                    "part": "2",
                    "template-line-number": 384,
                    "name": "TaxesAccrued"
                },
                {
                    "replacement-node": 57,
                    "expression-node": 58,
                    "node-pos": 106,
                    "part": "2",
                    "template-line-number": 389,
                    "name": "TaxesAccrued"
                },
                {
                    "replacement-node": 60,
                    "expression-node": 61,
                    "node-pos": 110,
                    "part": "2",
                    "template-line-number": 394,
                    "name": "TaxesAccrued"
                },
                {
                    "replacement-node": 63,
                    "expression-node": 64,
                    "node-pos": 114,
                    "part": "3",
                    "template-line-number": 399,
                    "name": "TaxesAccrued"
                },
                {
                    "replacement-node": 66,
                    "expression-node": 67,
                    "node-pos": 118,
                    "part": "4",
                    "template-line-number": 404,
                    "name": "TaxesAccrued"
                },
                {
                    "replacement-node": 69,
                    "expression-node": 70,
                    "node-pos": 122,
                    "part": "5",
                    "template-line-number": 409,
                    "name": "TaxesAccrued"
                },
                {
                    "replacement-node": 72,
                    "expression-node": 73,
                    "node-pos": 126,
                    "part": "6",
                    "template-line-number": 414,
                    "name": "TaxesAccrued"
                },
                {
                    "replacement-node": 75,
                    "expression-node": 76,
                    "node-pos": 130,
                    "part": "7",
                    "template-line-number": 419,
                    "name": "TaxesAccrued"
                },
                {
                    "replacement-node": 78,
                    "expression-node": 79,
                    "node-pos": 134,
                    "part": "8",
                    "template-line-number": 424,
                    "name": "TaxesAccrued"
                },
                {
                    "replacement-node": 81,
                    "expression-node": 82,
                    "node-pos": 138,
                    "part": "9",
                    "template-line-number": 429,
                    "name": "TaxesAccrued"
                }
            ],
            "name": "TaxesAccrued"
        },
        "rule-10": [
            {
                "replacement-node": 25,
                "expression-node": 26,
                "node-pos": 44,
                "part": null,
                "template-line-number": 79
            }
        ],
        "rule-33": {
            "subs": [
                {
                    "replacement-node": 40,
                    "template-line-number": 149,
                    "node-pos": 83,
                    "part": "1",
                    "name": "TaxesAccruedHead",
                    "extras": {}
                },
                {
                    "replacement-node": 43,
                    "template-line-number": 158,
                    "node-pos": 87,
                    "part": "2",
                    "name": "TaxesAccruedHead",
                    "extras": {}
                },
                {
                    "replacement-node": 38,
                    "template-line-number": 145,
                    "node-pos": 81,
                    "part": "3",
                    "name": "TaxesAccruedHead",
                    "extras": {}
                }
            ],
            "name": "TaxesAccruedHead"
        },
        "rule-19": [
            {
                "replacement-node": 126,
                "expression-node": 127,
                "node-pos": 204,
                "part": null,
                "template-line-number": 536
            }
        ],
        "rule-9": [
            {
                "replacement-node": 22,
                "template-line-number": 75,
                "node-pos": 40,
                "part": null
            }
        ],
        "rule-12": [
            {
                "replacement-node": 31,
                "template-line-number": 95,
                "node-pos": 54,
                "part": null
            }
        ],
        "rule-25": [
            {
                "replacement-node": 144,
                "expression-node": 145,
                "node-pos": 228,
                "part": null,
                "template-line-number": 590
            }
        ],
        "rule-24": [
            {
                "replacement-node": 141,
                "expression-node": 142,
                "node-pos": 224,
                "part": null,
                "template-line-number": 581
            }
        ],
        "rule-28": [
            {
                "replacement-node": 153,
                "expression-node": 154,
                "node-pos": 240,
                "part": null,
                "template-line-number": 617
            }
        ],
        "rule-6": [
            {
                "replacement-node": 13,
                "template-line-number": 55,
                "node-pos": 27,
                "html": true,
                "part": null
            }
        ],
        "rule-13": [
            {
                "replacement-node": 34,
                "template-line-number": 106,
                "node-pos": 59,
                "html": true,
                "part": null
            }
        ],
        "rule-29": [
            {
                "replacement-node": 156,
                "expression-node": 157,
                "node-pos": 244,
                "part": null,
                "template-line-number": 626
            }
        ],
        "rule-26": [
            {
                "replacement-node": 147,
                "expression-node": 148,
                "node-pos": 232,
                "part": null,
                "template-line-number": 599
            }
        ],
        "rule-16": [
            {
                "replacement-node": 117,
                "expression-node": 118,
                "node-pos": 192,
                "part": null,
                "template-line-number": 509
            }
        ]
    },
    "showifs": {
        "rule-1": {
            "template-line-number": 17,
            "type": "showif"
        }
    }
}