{
    "showifs": {},
    "substitutions": {
        "rule-14": [
            {
                "template-line-number": 494,
                "node-pos": 187,
                "expression-node": 114,
                "replacement-node": 113,
                "part": null
            }
        ],
        "rule-7": [
            {
                "template-line-number": 64,
                "node-pos": 35,
                "expression-node": 19,
                "replacement-node": 18,
                "part": null
            }
        ],
        "rule-18": [
            {
                "template-line-number": 530,
                "node-pos": 203,
                "expression-node": 126,
                "replacement-node": 125,
                "part": null
            }
        ],
        "rule-3": [
            {
                "template-line-number": 31,
                "node-pos": 17,
                "replacement-node": 6,
                "part": null
            }
        ],
        "rule-10": [
            {
                "template-line-number": 78,
                "node-pos": 47,
                "expression-node": 28,
                "replacement-node": 27,
                "part": null
            }
        ],
        "rule-25": [
            {
                "template-line-number": 593,
                "node-pos": 231,
                "expression-node": 147,
                "replacement-node": 146,
                "part": null
            }
        ],
        "rule-8": [
            {
                "template-line-number": 69,
                "node-pos": 39,
                "replacement-node": 21,
                "part": null
            }
        ],
        "rule-33": {
            "name": "TaxesAccrued",
            "subs": [
                {
                    "template-line-number": 428,
                    "node-pos": 141,
                    "replacement-node": 83,
                    "name": "TaxesAccrued",
                    "expression-node": 84,
                    "part": "10"
                },
                {
                    "template-line-number": 433,
                    "node-pos": 145,
                    "replacement-node": 86,
                    "name": "TaxesAccrued",
                    "expression-node": 87,
                    "part": "11"
                },
                {
                    "template-line-number": 438,
                    "node-pos": 149,
                    "replacement-node": 89,
                    "name": "TaxesAccrued",
                    "expression-node": 90,
                    "part": "12"
                },
                {
                    "template-line-number": 443,
                    "node-pos": 153,
                    "replacement-node": 92,
                    "name": "TaxesAccrued",
                    "expression-node": 93,
                    "part": "13"
                },
                {
                    "template-line-number": 448,
                    "node-pos": 157,
                    "replacement-node": 95,
                    "name": "TaxesAccrued",
                    "expression-node": 96,
                    "part": "14"
                },
                {
                    "template-line-number": 453,
                    "node-pos": 161,
                    "replacement-node": 98,
                    "name": "TaxesAccrued",
                    "expression-node": 99,
                    "part": "15"
                },
                {
                    "template-line-number": 458,
                    "node-pos": 165,
                    "replacement-node": 101,
                    "name": "TaxesAccrued",
                    "expression-node": 102,
                    "part": "16"
                },
                {
                    "template-line-number": 463,
                    "node-pos": 169,
                    "replacement-node": 104,
                    "name": "TaxesAccrued",
                    "expression-node": 105,
                    "part": "17"
                },
                {
                    "template-line-number": 468,
                    "node-pos": 173,
                    "replacement-node": 107,
                    "name": "TaxesAccrued",
                    "expression-node": 108,
                    "part": "18"
                },
                {
                    "template-line-number": 370,
                    "node-pos": 95,
                    "replacement-node": 48,
                    "name": "TaxesAccrued",
                    "expression-node": 49,
                    "part": "2"
                },
                {
                    "template-line-number": 378,
                    "node-pos": 101,
                    "replacement-node": 53,
                    "name": "TaxesAccrued",
                    "expression-node": 54,
                    "part": "2"
                },
                {
                    "template-line-number": 383,
                    "node-pos": 105,
                    "replacement-node": 56,
                    "name": "TaxesAccrued",
                    "expression-node": 57,
                    "part": "2"
                },
                {
                    "template-line-number": 388,
                    "node-pos": 109,
                    "replacement-node": 59,
                    "name": "TaxesAccrued",
                    "expression-node": 60,
                    "part": "2"
                },
                {
                    "template-line-number": 393,
                    "node-pos": 113,
                    "replacement-node": 62,
                    "name": "TaxesAccrued",
                    "expression-node": 63,
                    "part": "3"
                },
                {
                    "template-line-number": 398,
                    "node-pos": 117,
                    "replacement-node": 65,
                    "name": "TaxesAccrued",
                    "expression-node": 66,
                    "part": "4"
                },
                {
                    "template-line-number": 403,
                    "node-pos": 121,
                    "replacement-node": 68,
                    "name": "TaxesAccrued",
                    "expression-node": 69,
                    "part": "5"
                },
                {
                    "template-line-number": 408,
                    "node-pos": 125,
                    "replacement-node": 71,
                    "name": "TaxesAccrued",
                    "expression-node": 72,
                    "part": "6"
                },
                {
                    "template-line-number": 413,
                    "node-pos": 129,
                    "replacement-node": 74,
                    "name": "TaxesAccrued",
                    "expression-node": 75,
                    "part": "7"
                },
                {
                    "template-line-number": 418,
                    "node-pos": 133,
                    "replacement-node": 77,
                    "name": "TaxesAccrued",
                    "expression-node": 78,
                    "part": "8"
                },
                {
                    "template-line-number": 423,
                    "node-pos": 137,
                    "replacement-node": 80,
                    "name": "TaxesAccrued",
                    "expression-node": 81,
                    "part": "9"
                }
            ]
        },
        "rule-31": [
            {
                "template-line-number": 648,
                "node-pos": 258,
                "replacement-node": 164,
                "part": null
            }
        ],
        "rule-11": [
            {
                "template-line-number": 89,
                "node-pos": 53,
                "replacement-node": 30,
                "part": null
            }
        ],
        "rule-17": [
            {
                "template-line-number": 521,
                "node-pos": 199,
                "expression-node": 123,
                "replacement-node": 122,
                "part": null
            }
        ],
        "rule-15": [
            {
                "template-line-number": 503,
                "node-pos": 191,
                "expression-node": 117,
                "replacement-node": 116,
                "part": null
            }
        ],
        "rule-28": [
            {
                "template-line-number": 620,
                "node-pos": 243,
                "expression-node": 156,
                "replacement-node": 155,
                "part": null
            }
        ],
        "rule-2": [
            {
                "template-line-number": 25,
                "node-pos": 13,
                "expression-node": 4,
                "replacement-node": 3,
                "part": null
            }
        ],
        "rule-5": [
            {
                "template-line-number": 49,
                "node-pos": 26,
                "replacement-node": 12,
                "part": null,
                "html": true
            }
        ],
        "rule-24": [
            {
                "template-line-number": 584,
                "node-pos": 227,
                "expression-node": 144,
                "replacement-node": 143,
                "part": null
            }
        ],
        "rule-13": [
            {
                "template-line-number": 479,
                "node-pos": 179,
                "replacement-node": 110,
                "part": null
            }
        ],
        "rule-1": [
            {
                "template-line-number": 21,
                "node-pos": 9,
                "replacement-node": 0,
                "part": null
            }
        ],
        "rule-26": [
            {
                "template-line-number": 602,
                "node-pos": 235,
                "expression-node": 150,
                "replacement-node": 149,
                "part": null
            }
        ],
        "rule-32": {
            "name": "TaxesAccruedHead",
            "subs": [
                {
                    "template-line-number": 143,
                    "replacement-node": 39,
                    "name": "TaxesAccruedHead",
                    "node-pos": 82,
                    "part": "1",
                    "extras": {}
                },
                {
                    "template-line-number": 152,
                    "replacement-node": 42,
                    "name": "TaxesAccruedHead",
                    "node-pos": 86,
                    "part": "2",
                    "extras": {}
                },
                {
                    "template-line-number": 139,
                    "replacement-node": 37,
                    "name": "TaxesAccruedHead",
                    "node-pos": 80,
                    "part": "3",
                    "extras": {}
                }
            ]
        },
        "rule-27": [
            {
                "template-line-number": 611,
                "node-pos": 239,
                "expression-node": 153,
                "replacement-node": 152,
                "part": null
            }
        ],
        "rule-4": [
            {
                "template-line-number": 37,
                "node-pos": 21,
                "replacement-node": 9,
                "part": null,
                "html": true
            }
        ],
        "rule-29": [
            {
                "template-line-number": 634,
                "node-pos": 250,
                "expression-node": 159,
                "replacement-node": 158,
                "part": null
            }
        ],
        "rule-19": [
            {
                "template-line-number": 539,
                "node-pos": 207,
                "expression-node": 129,
                "replacement-node": 128,
                "part": null
            }
        ],
        "rule-30": [
            {
                "template-line-number": 639,
                "node-pos": 254,
                "replacement-node": 161,
                "part": null
            }
        ],
        "rule-21": [
            {
                "template-line-number": 557,
                "node-pos": 215,
                "expression-node": 135,
                "replacement-node": 134,
                "part": null
            }
        ],
        "rule-6": [
            {
                "template-line-number": 60,
                "node-pos": 31,
                "replacement-node": 15,
                "part": null
            }
        ],
        "rule-16": [
            {
                "template-line-number": 512,
                "node-pos": 195,
                "expression-node": 120,
                "replacement-node": 119,
                "part": null
            }
        ],
        "rule-9": [
            {
                "template-line-number": 73,
                "node-pos": 43,
                "expression-node": 25,
                "replacement-node": 24,
                "part": null
            }
        ],
        "rule-22": [
            {
                "template-line-number": 566,
                "node-pos": 219,
                "expression-node": 138,
                "replacement-node": 137,
                "part": null
            }
        ],
        "rule-20": [
            {
                "template-line-number": 548,
                "node-pos": 211,
                "expression-node": 132,
                "replacement-node": 131,
                "part": null
            }
        ],
        "rule-12": [
            {
                "template-line-number": 100,
                "node-pos": 58,
                "replacement-node": 33,
                "part": null,
                "html": true
            }
        ],
        "rule-23": [
            {
                "template-line-number": 575,
                "node-pos": 223,
                "expression-node": 141,
                "replacement-node": 140,
                "part": null
            }
        ]
    },
    "line-numbers": {
        "TaxesAccrued": [
            {
                "start-number": 1,
                "template-line-number": 367,
                "line-number-node": 46
            }
        ]
    }
}