{
    "showifs": {},
    "substitutions": {
        "rule-3": [
            {
                "node-pos": 17,
                "template-line-number": 31,
                "replacement-node": 6,
                "part": null
            }
        ],
        "rule-18": [
            {
                "node-pos": 148,
                "template-line-number": 318,
                "expression-node": 88,
                "replacement-node": 87,
                "part": null
            }
        ],
        "rule-12": [
            {
                "html": true,
                "node-pos": 58,
                "template-line-number": 101,
                "replacement-node": 33,
                "part": null
            }
        ],
        "rule-20": [
            {
                "node-pos": 158,
                "template-line-number": 340,
                "expression-node": 94,
                "replacement-node": 93,
                "part": null
            }
        ],
        "rule-24": {
            "name": "InvestmentInSubsidiary",
            "subs": [
                {
                    "expression-node": 49,
                    "part": "2",
                    "name": "InvestmentInSubsidiary",
                    "node-pos": 92,
                    "replacement-node": 48,
                    "template-line-number": 226
                },
                {
                    "expression-node": 52,
                    "part": "3",
                    "name": "InvestmentInSubsidiary",
                    "node-pos": 96,
                    "replacement-node": 51,
                    "template-line-number": 231
                },
                {
                    "expression-node": 55,
                    "part": "4",
                    "name": "InvestmentInSubsidiary",
                    "node-pos": 100,
                    "replacement-node": 54,
                    "template-line-number": 236
                },
                {
                    "expression-node": 58,
                    "part": "5",
                    "name": "InvestmentInSubsidiary",
                    "node-pos": 104,
                    "replacement-node": 57,
                    "template-line-number": 241
                },
                {
                    "expression-node": 61,
                    "part": "6",
                    "name": "InvestmentInSubsidiary",
                    "node-pos": 108,
                    "replacement-node": 60,
                    "template-line-number": 246
                },
                {
                    "expression-node": 64,
                    "part": "7",
                    "name": "InvestmentInSubsidiary",
                    "node-pos": 112,
                    "replacement-node": 63,
                    "template-line-number": 251
                },
                {
                    "expression-node": 67,
                    "part": "8",
                    "name": "InvestmentInSubsidiary",
                    "node-pos": 116,
                    "replacement-node": 66,
                    "template-line-number": 256
                },
                {
                    "expression-node": 70,
                    "part": "9",
                    "name": "InvestmentInSubsidiary",
                    "node-pos": 120,
                    "replacement-node": 69,
                    "template-line-number": 261
                }
            ]
        },
        "rule-1": [
            {
                "node-pos": 9,
                "template-line-number": 21,
                "replacement-node": 0,
                "part": null
            }
        ],
        "rule-14": [
            {
                "node-pos": 130,
                "template-line-number": 281,
                "expression-node": 76,
                "replacement-node": 75,
                "part": null
            }
        ],
        "rule-9": [
            {
                "node-pos": 43,
                "template-line-number": 73,
                "expression-node": 25,
                "replacement-node": 24,
                "part": null
            }
        ],
        "rule-10": [
            {
                "node-pos": 47,
                "template-line-number": 78,
                "expression-node": 28,
                "replacement-node": 27,
                "part": null
            }
        ],
        "rule-5": [
            {
                "html": true,
                "node-pos": 26,
                "template-line-number": 49,
                "replacement-node": 12,
                "part": null
            }
        ],
        "rule-4": [
            {
                "html": true,
                "node-pos": 21,
                "template-line-number": 37,
                "replacement-node": 9,
                "part": null
            }
        ],
        "rule-6": [
            {
                "node-pos": 31,
                "template-line-number": 60,
                "replacement-node": 15,
                "part": null
            }
        ],
        "rule-7": [
            {
                "node-pos": 35,
                "template-line-number": 64,
                "expression-node": 19,
                "replacement-node": 18,
                "part": null
            }
        ],
        "rule-21": [
            {
                "node-pos": 162,
                "template-line-number": 345,
                "replacement-node": 96,
                "part": null
            }
        ],
        "rule-22": [
            {
                "node-pos": 166,
                "template-line-number": 354,
                "replacement-node": 99,
                "part": null
            }
        ],
        "rule-15": [
            {
                "node-pos": 136,
                "template-line-number": 291,
                "expression-node": 79,
                "replacement-node": 78,
                "part": null
            }
        ],
        "rule-2": [
            {
                "node-pos": 13,
                "template-line-number": 25,
                "expression-node": 4,
                "replacement-node": 3,
                "part": null
            }
        ],
        "rule-23": {
            "name": "ColumnHeadings",
            "subs": [
                {
                    "part": "1",
                    "name": "ColumnHeadings",
                    "node-pos": 79,
                    "extras": {},
                    "replacement-node": 39,
                    "template-line-number": 147
                },
                {
                    "part": "2",
                    "name": "ColumnHeadings",
                    "node-pos": 83,
                    "extras": {},
                    "replacement-node": 42,
                    "template-line-number": 155
                },
                {
                    "part": "3",
                    "name": "ColumnHeadings",
                    "node-pos": 77,
                    "extras": {},
                    "replacement-node": 37,
                    "template-line-number": 143
                }
            ]
        },
        "rule-11": [
            {
                "node-pos": 53,
                "template-line-number": 89,
                "replacement-node": 30,
                "part": null
            }
        ],
        "rule-19": [
            {
                "node-pos": 152,
                "template-line-number": 327,
                "expression-node": 91,
                "replacement-node": 90,
                "part": null
            }
        ],
        "rule-8": [
            {
                "node-pos": 39,
                "template-line-number": 69,
                "replacement-node": 21,
                "part": null
            }
        ],
        "rule-16": [
            {
                "node-pos": 140,
                "template-line-number": 300,
                "expression-node": 82,
                "replacement-node": 81,
                "part": null
            }
        ],
        "rule-17": [
            {
                "node-pos": 144,
                "template-line-number": 309,
                "expression-node": 85,
                "replacement-node": 84,
                "part": null
            }
        ],
        "rule-13": [
            {
                "node-pos": 126,
                "template-line-number": 271,
                "replacement-node": 72,
                "part": null
            }
        ]
    },
    "line-numbers": {
        "InvestmentInSubsidiary": [
            {
                "start-number": 1,
                "line-number-node": 46,
                "template-line-number": 223
            }
        ]
    }
}