{
    "substitutions": {
        "rule-17": {
            "name": "BSHeadings",
            "subs": [
                {
                    "replacement-node": 35,
                    "node-pos": 62,
                    "part": "1",
                    "name": "BSHeadings",
                    "extras": {},
                    "template-line-number": 125
                },
                {
                    "replacement-node": 38,
                    "node-pos": 66,
                    "part": "2",
                    "name": "BSHeadings",
                    "extras": {},
                    "template-line-number": 132
                }
            ]
        },
        "rule-5": [
            {
                "part": null,
                "replacement-node": 10,
                "template-line-number": 48,
                "node-pos": 22,
                "html": true
            }
        ],
        "rule-9": [
            {
                "part": null,
                "replacement-node": 22,
                "template-line-number": 81,
                "node-pos": 40
            }
        ],
        "rule-7": [
            {
                "part": null,
                "replacement-node": 16,
                "template-line-number": 71,
                "node-pos": 32
            }
        ],
        "rule-15": [
            {
                "part": null,
                "replacement-node": 65,
                "template-line-number": 231,
                "node-pos": 106
            }
        ],
        "rule-12": [
            {
                "part": null,
                "replacement-node": 31,
                "template-line-number": 101,
                "node-pos": 54
            }
        ],
        "rule-4": [
            {
                "part": null,
                "replacement-node": 7,
                "template-line-number": 42,
                "node-pos": 18
            }
        ],
        "rule-16": {
            "name": "BSLineItems",
            "subs": [
                {
                    "replacement-node": 42,
                    "node-pos": 72,
                    "part": "1",
                    "name": "BSLineItems",
                    "extras": {},
                    "template-line-number": 171
                },
                {
                    "replacement-node": 47,
                    "node-pos": 80,
                    "part": "2",
                    "name": "BSLineItems",
                    "extras": {},
                    "template-line-number": 182
                },
                {
                    "replacement-node": 51,
                    "node-pos": 85,
                    "part": "3",
                    "name": "BSLineItems",
                    "extras": {},
                    "template-line-number": 191
                },
                {
                    "replacement-node": 53,
                    "expression-node": 54,
                    "part": "4",
                    "name": "BSLineItems",
                    "node-pos": 88,
                    "template-line-number": 196
                },
                {
                    "replacement-node": 56,
                    "expression-node": 57,
                    "part": "5",
                    "name": "BSLineItems",
                    "node-pos": 92,
                    "template-line-number": 202
                },
                {
                    "replacement-node": 45,
                    "node-pos": 78,
                    "part": "6",
                    "name": "BSLineItems",
                    "extras": {},
                    "template-line-number": 178
                }
            ]
        },
        "rule-14": [
            {
                "part": null,
                "replacement-node": 62,
                "template-line-number": 221,
                "node-pos": 102
            }
        ],
        "rule-11": [
            {
                "part": null,
                "replacement-node": 28,
                "template-line-number": 91,
                "node-pos": 48,
                "expression-node": 29
            }
        ],
        "rule-6": [
            {
                "part": null,
                "replacement-node": 13,
                "template-line-number": 60,
                "node-pos": 27,
                "html": true
            }
        ],
        "rule-3": [
            {
                "part": null,
                "replacement-node": 4,
                "template-line-number": 36,
                "node-pos": 14,
                "expression-node": 5
            }
        ],
        "rule-8": [
            {
                "part": null,
                "replacement-node": 19,
                "template-line-number": 76,
                "node-pos": 36,
                "expression-node": 20
            }
        ],
        "rule-13": [
            {
                "part": null,
                "replacement-node": 59,
                "template-line-number": 214,
                "node-pos": 98,
                "expression-node": 60
            }
        ],
        "rule-10": [
            {
                "part": null,
                "replacement-node": 25,
                "template-line-number": 86,
                "node-pos": 44,
                "expression-node": 26
            }
        ],
        "rule-2": [
            {
                "part": null,
                "replacement-node": 1,
                "template-line-number": 31,
                "node-pos": 10
            }
        ]
    },
    "showifs": {
        "rule-1": {
            "template-line-number": 18,
            "type": "showif"
        }
    },
    "line-numbers": {}
}