{
    "showifs": {
        "rule-1": {
            "template-line-number": 15,
            "type": "showif"
        }
    },
    "line-numbers": {
        "SalesOfElectricityByRateSchedule": [
            {
                "template-line-number": 230,
                "line-number-node": 45,
                "start-number": 1
            }
        ]
    },
    "substitutions": {
        "rule-26": [
            {
                "template-line-number": 438,
                "expression-node": 103,
                "part": null,
                "replacement-node": 102,
                "node-pos": 171
            }
        ],
        "rule-18": [
            {
                "template-line-number": 340,
                "expression-node": 79,
                "part": null,
                "replacement-node": 78,
                "node-pos": 131
            }
        ],
        "rule-2": [
            {
                "template-line-number": 25,
                "part": null,
                "replacement-node": 1,
                "node-pos": 10
            }
        ],
        "rule-8": [
            {
                "template-line-number": 88,
                "expression-node": 20,
                "part": null,
                "replacement-node": 19,
                "node-pos": 36
            }
        ],
        "rule-17": [
            {
                "template-line-number": 330,
                "expression-node": 76,
                "part": null,
                "replacement-node": 75,
                "node-pos": 127
            }
        ],
        "rule-24": [
            {
                "template-line-number": 418,
                "expression-node": 97,
                "part": null,
                "replacement-node": 96,
                "node-pos": 163
            }
        ],
        "rule-3": [
            {
                "template-line-number": 32,
                "expression-node": 5,
                "part": null,
                "replacement-node": 4,
                "node-pos": 14
            }
        ],
        "rule-7": [
            {
                "template-line-number": 81,
                "part": null,
                "replacement-node": 16,
                "node-pos": 32
            }
        ],
        "rule-5": [
            {
                "html": true,
                "template-line-number": 47,
                "part": null,
                "replacement-node": 10,
                "node-pos": 22
            }
        ],
        "rule-10": [
            {
                "template-line-number": 102,
                "expression-node": 26,
                "part": null,
                "replacement-node": 25,
                "node-pos": 44
            }
        ],
        "rule-4": [
            {
                "template-line-number": 39,
                "part": null,
                "replacement-node": 7,
                "node-pos": 18
            }
        ],
        "rule-12": [
            {
                "template-line-number": 119,
                "part": null,
                "replacement-node": 31,
                "node-pos": 54
            }
        ],
        "rule-11": [
            {
                "template-line-number": 108,
                "expression-node": 29,
                "part": null,
                "replacement-node": 28,
                "node-pos": 48
            }
        ],
        "rule-14": [
            {
                "template-line-number": 300,
                "expression-node": 67,
                "part": null,
                "replacement-node": 66,
                "node-pos": 115
            }
        ],
        "rule-16": [
            {
                "template-line-number": 320,
                "expression-node": 73,
                "part": null,
                "replacement-node": 72,
                "node-pos": 123
            }
        ],
        "rule-20": [
            {
                "template-line-number": 366,
                "expression-node": 85,
                "part": null,
                "replacement-node": 84,
                "node-pos": 142
            }
        ],
        "rule-28": [
            {
                "template-line-number": 460,
                "part": null,
                "replacement-node": 108,
                "node-pos": 181
            }
        ],
        "rule-6": [
            {
                "html": true,
                "template-line-number": 63,
                "part": null,
                "replacement-node": 13,
                "node-pos": 27
            }
        ],
        "rule-22": [
            {
                "template-line-number": 398,
                "expression-node": 91,
                "part": null,
                "replacement-node": 90,
                "node-pos": 155
            }
        ],
        "rule-29": [
            {
                "template-line-number": 470,
                "part": null,
                "replacement-node": 111,
                "node-pos": 185
            }
        ],
        "rule-21": [
            {
                "template-line-number": 382,
                "expression-node": 88,
                "part": null,
                "replacement-node": 87,
                "node-pos": 148
            }
        ],
        "rule-25": [
            {
                "template-line-number": 428,
                "expression-node": 100,
                "part": null,
                "replacement-node": 99,
                "node-pos": 167
            }
        ],
        "rule-31": {
            "name": "ColumnHeadings",
            "subs": [
                {
                    "template-line-number": 161,
                    "extras": {},
                    "name": "ColumnHeadings",
                    "part": "1",
                    "replacement-node": 38,
                    "node-pos": 74
                },
                {
                    "template-line-number": 168,
                    "extras": {},
                    "name": "ColumnHeadings",
                    "part": "2",
                    "replacement-node": 41,
                    "node-pos": 78
                }
            ]
        },
        "rule-13": [
            {
                "html": true,
                "template-line-number": 130,
                "part": null,
                "replacement-node": 34,
                "node-pos": 59
            }
        ],
        "rule-19": [
            {
                "template-line-number": 356,
                "expression-node": 82,
                "part": null,
                "replacement-node": 81,
                "node-pos": 138
            }
        ],
        "rule-27": [
            {
                "template-line-number": 453,
                "expression-node": 106,
                "part": null,
                "replacement-node": 105,
                "node-pos": 177
            }
        ],
        "rule-9": [
            {
                "template-line-number": 95,
                "part": null,
                "replacement-node": 22,
                "node-pos": 40
            }
        ],
        "rule-15": [
            {
                "template-line-number": 310,
                "expression-node": 70,
                "part": null,
                "replacement-node": 69,
                "node-pos": 119
            }
        ],
        "rule-30": {
            "name": "SalesOfElectricityByRateSchedule",
            "subs": [
                {
                    "template-line-number": 238,
                    "expression-node": 49,
                    "name": "SalesOfElectricityByRateSchedule",
                    "part": "2",
                    "replacement-node": 48,
                    "node-pos": 88
                },
                {
                    "template-line-number": 248,
                    "expression-node": 52,
                    "name": "SalesOfElectricityByRateSchedule",
                    "part": "3",
                    "replacement-node": 51,
                    "node-pos": 92
                },
                {
                    "template-line-number": 257,
                    "expression-node": 55,
                    "name": "SalesOfElectricityByRateSchedule",
                    "part": "4",
                    "replacement-node": 54,
                    "node-pos": 96
                },
                {
                    "template-line-number": 265,
                    "expression-node": 58,
                    "name": "SalesOfElectricityByRateSchedule",
                    "part": "5",
                    "replacement-node": 57,
                    "node-pos": 100
                },
                {
                    "template-line-number": 276,
                    "expression-node": 61,
                    "name": "SalesOfElectricityByRateSchedule",
                    "part": "6",
                    "replacement-node": 60,
                    "node-pos": 104
                },
                {
                    "template-line-number": 285,
                    "expression-node": 64,
                    "name": "SalesOfElectricityByRateSchedule",
                    "part": "7",
                    "replacement-node": 63,
                    "node-pos": 108
                }
            ]
        },
        "rule-23": [
            {
                "template-line-number": 408,
                "expression-node": 94,
                "part": null,
                "replacement-node": 93,
                "node-pos": 159
            }
        ]
    }
}