{
    "substitutions": {
        "rule-3": [
            {
                "replacement-node": 6,
                "template-line-number": 34,
                "part": null,
                "node-pos": 18
            }
        ],
        "rule-17": [
            {
                "replacement-node": 73,
                "template-line-number": 270,
                "part": null,
                "node-pos": 126
            }
        ],
        "rule-15": [
            {
                "expression-node": 68,
                "replacement-node": 67,
                "template-line-number": 255,
                "part": null,
                "node-pos": 118
            }
        ],
        "rule-12": [
            {
                "replacement-node": 33,
                "html": true,
                "template-line-number": 104,
                "part": null,
                "node-pos": 59
            }
        ],
        "rule-2": [
            {
                "expression-node": 4,
                "replacement-node": 3,
                "template-line-number": 28,
                "part": null,
                "node-pos": 14
            }
        ],
        "rule-11": [
            {
                "replacement-node": 30,
                "template-line-number": 93,
                "part": null,
                "node-pos": 54
            }
        ],
        "rule-19": {
            "subs": [
                {
                    "replacement-node": 37,
                    "name": "ListHeadings",
                    "extras": {},
                    "template-line-number": 126,
                    "part": "1",
                    "node-pos": 66
                },
                {
                    "replacement-node": 40,
                    "name": "ListHeadings",
                    "extras": {},
                    "template-line-number": 133,
                    "part": "2",
                    "node-pos": 70
                }
            ],
            "name": "ListHeadings"
        },
        "rule-8": [
            {
                "replacement-node": 21,
                "template-line-number": 73,
                "part": null,
                "node-pos": 40
            }
        ],
        "rule-16": [
            {
                "replacement-node": 70,
                "template-line-number": 260,
                "part": null,
                "node-pos": 122
            }
        ],
        "rule-6": [
            {
                "replacement-node": 15,
                "template-line-number": 63,
                "part": null,
                "node-pos": 32
            }
        ],
        "rule-7": [
            {
                "expression-node": 19,
                "replacement-node": 18,
                "template-line-number": 68,
                "part": null,
                "node-pos": 36
            }
        ],
        "rule-5": [
            {
                "replacement-node": 12,
                "html": true,
                "template-line-number": 52,
                "part": null,
                "node-pos": 27
            }
        ],
        "rule-1": [
            {
                "replacement-node": 0,
                "template-line-number": 23,
                "part": null,
                "node-pos": 10
            }
        ],
        "rule-10": [
            {
                "expression-node": 28,
                "replacement-node": 27,
                "template-line-number": 83,
                "part": null,
                "node-pos": 48
            }
        ],
        "rule-18": {
            "subs": [
                {
                    "replacement-node": 46,
                    "name": "ListLineItems",
                    "extras": {},
                    "template-line-number": 187,
                    "part": "2",
                    "node-pos": 80
                },
                {
                    "replacement-node": 50,
                    "name": "ListLineItems",
                    "extras": {},
                    "template-line-number": 198,
                    "part": "3",
                    "node-pos": 86
                },
                {
                    "replacement-node": 53,
                    "name": "ListLineItems",
                    "extras": {},
                    "template-line-number": 205,
                    "part": "4",
                    "node-pos": 90
                },
                {
                    "expression-node": 56,
                    "replacement-node": 55,
                    "name": "ListLineItems",
                    "template-line-number": 209,
                    "part": "5",
                    "node-pos": 93
                },
                {
                    "replacement-node": 44,
                    "name": "ListLineItems",
                    "extras": {},
                    "template-line-number": 183,
                    "part": "6",
                    "node-pos": 78
                },
                {
                    "expression-node": 58,
                    "replacement-node": 57,
                    "name": "ListLineItems",
                    "template-line-number": 210,
                    "part": "6",
                    "node-pos": 95
                },
                {
                    "expression-node": 60,
                    "replacement-node": 59,
                    "name": "ListLineItems",
                    "template-line-number": 211,
                    "part": "7",
                    "node-pos": 97
                }
            ],
            "name": "ListLineItems"
        },
        "rule-14": [
            {
                "replacement-node": 64,
                "html": true,
                "template-line-number": 230,
                "part": null,
                "node-pos": 107
            }
        ],
        "rule-4": [
            {
                "replacement-node": 9,
                "html": true,
                "template-line-number": 40,
                "part": null,
                "node-pos": 22
            }
        ],
        "rule-13": [
            {
                "replacement-node": 61,
                "html": true,
                "template-line-number": 219,
                "part": null,
                "node-pos": 102
            }
        ],
        "rule-9": [
            {
                "expression-node": 25,
                "replacement-node": 24,
                "template-line-number": 78,
                "part": null,
                "node-pos": 44
            }
        ]
    },
    "line-numbers": {},
    "showifs": {}
}