{
    "substitutions": {
        "rule-29": {
            "name": "ColumnHeadings",
            "subs": [
                {
                    "name": "ColumnHeadings",
                    "template-line-number": 157,
                    "node-pos": 91,
                    "html": true,
                    "replacement-node": 39,
                    "extras": {},
                    "part": "1"
                },
                {
                    "name": "ColumnHeadings",
                    "template-line-number": 164,
                    "node-pos": 95,
                    "replacement-node": 42,
                    "extras": {},
                    "part": "2"
                },
                {
                    "name": "ColumnHeadings",
                    "template-line-number": 153,
                    "node-pos": 89,
                    "replacement-node": 37,
                    "extras": {},
                    "part": "3"
                }
            ]
        },
        "rule-5": [
            {
                "replacement-node": 12,
                "template-line-number": 50,
                "node-pos": 26,
                "part": null,
                "html": true
            }
        ],
        "rule-21": [
            {
                "replacement-node": 119,
                "template-line-number": 508,
                "node-pos": 204,
                "part": null,
                "expression-node": 120
            }
        ],
        "rule-26": [
            {
                "replacement-node": 134,
                "template-line-number": 558,
                "node-pos": 226,
                "part": null
            }
        ],
        "rule-22": [
            {
                "replacement-node": 122,
                "template-line-number": 518,
                "node-pos": 208,
                "part": null,
                "expression-node": 123
            }
        ],
        "rule-18": [
            {
                "replacement-node": 110,
                "template-line-number": 481,
                "node-pos": 192,
                "part": null,
                "expression-node": 111
            }
        ],
        "rule-16": [
            {
                "replacement-node": 104,
                "template-line-number": 463,
                "node-pos": 184,
                "part": null,
                "expression-node": 105
            }
        ],
        "rule-20": [
            {
                "replacement-node": 116,
                "template-line-number": 499,
                "node-pos": 200,
                "part": null,
                "expression-node": 117
            }
        ],
        "rule-14": [
            {
                "replacement-node": 98,
                "template-line-number": 445,
                "node-pos": 176,
                "part": null,
                "expression-node": 99
            }
        ],
        "rule-8": [
            {
                "replacement-node": 21,
                "template-line-number": 71,
                "node-pos": 39,
                "part": null
            }
        ],
        "rule-23": [
            {
                "replacement-node": 125,
                "template-line-number": 527,
                "node-pos": 212,
                "part": null,
                "expression-node": 126
            }
        ],
        "rule-13": [
            {
                "replacement-node": 95,
                "template-line-number": 430,
                "node-pos": 168,
                "part": null
            }
        ],
        "rule-9": [
            {
                "replacement-node": 24,
                "template-line-number": 76,
                "node-pos": 43,
                "part": null,
                "expression-node": 25
            }
        ],
        "rule-6": [
            {
                "replacement-node": 15,
                "template-line-number": 61,
                "node-pos": 31,
                "part": null
            }
        ],
        "rule-25": [
            {
                "replacement-node": 131,
                "template-line-number": 551,
                "node-pos": 222,
                "part": null,
                "expression-node": 132
            }
        ],
        "rule-11": [
            {
                "replacement-node": 30,
                "template-line-number": 93,
                "node-pos": 53,
                "part": null
            }
        ],
        "rule-12": [
            {
                "replacement-node": 33,
                "template-line-number": 104,
                "node-pos": 58,
                "part": null,
                "html": true
            }
        ],
        "rule-17": [
            {
                "replacement-node": 107,
                "template-line-number": 472,
                "node-pos": 188,
                "part": null,
                "expression-node": 108
            }
        ],
        "rule-10": [
            {
                "replacement-node": 27,
                "template-line-number": 81,
                "node-pos": 47,
                "part": null,
                "expression-node": 28
            }
        ],
        "rule-19": [
            {
                "replacement-node": 113,
                "template-line-number": 490,
                "node-pos": 196,
                "part": null,
                "expression-node": 114
            }
        ],
        "rule-27": [
            {
                "replacement-node": 137,
                "template-line-number": 568,
                "node-pos": 230,
                "part": null
            }
        ],
        "rule-28": {
            "name": "TaxesAccrued",
            "subs": [
                {
                    "name": "TaxesAccrued",
                    "template-line-number": 404,
                    "node-pos": 150,
                    "replacement-node": 83,
                    "part": "10",
                    "expression-node": 84
                },
                {
                    "name": "TaxesAccrued",
                    "template-line-number": 410,
                    "node-pos": 154,
                    "replacement-node": 86,
                    "part": "13",
                    "expression-node": 87
                },
                {
                    "name": "TaxesAccrued",
                    "template-line-number": 415,
                    "node-pos": 158,
                    "replacement-node": 89,
                    "part": "14",
                    "expression-node": 90
                },
                {
                    "name": "TaxesAccrued",
                    "template-line-number": 420,
                    "node-pos": 162,
                    "replacement-node": 92,
                    "part": "15",
                    "expression-node": 93
                },
                {
                    "name": "TaxesAccrued",
                    "template-line-number": 344,
                    "node-pos": 104,
                    "replacement-node": 48,
                    "part": "2",
                    "expression-node": 49
                },
                {
                    "name": "TaxesAccrued",
                    "template-line-number": 352,
                    "node-pos": 110,
                    "replacement-node": 53,
                    "part": "2",
                    "expression-node": 54
                },
                {
                    "name": "TaxesAccrued",
                    "template-line-number": 357,
                    "node-pos": 114,
                    "replacement-node": 56,
                    "part": "3",
                    "expression-node": 57
                },
                {
                    "name": "TaxesAccrued",
                    "template-line-number": 362,
                    "node-pos": 118,
                    "replacement-node": 59,
                    "part": "4",
                    "expression-node": 60
                },
                {
                    "name": "TaxesAccrued",
                    "template-line-number": 372,
                    "node-pos": 126,
                    "replacement-node": 65,
                    "part": "4",
                    "expression-node": 66
                },
                {
                    "name": "TaxesAccrued",
                    "template-line-number": 367,
                    "node-pos": 122,
                    "replacement-node": 62,
                    "part": "5",
                    "expression-node": 63
                },
                {
                    "name": "TaxesAccrued",
                    "template-line-number": 377,
                    "node-pos": 130,
                    "replacement-node": 68,
                    "part": "5",
                    "expression-node": 69
                },
                {
                    "name": "TaxesAccrued",
                    "template-line-number": 382,
                    "node-pos": 134,
                    "replacement-node": 71,
                    "part": "6",
                    "expression-node": 72
                },
                {
                    "name": "TaxesAccrued",
                    "template-line-number": 388,
                    "node-pos": 138,
                    "replacement-node": 74,
                    "part": "7",
                    "expression-node": 75
                },
                {
                    "name": "TaxesAccrued",
                    "template-line-number": 393,
                    "node-pos": 142,
                    "replacement-node": 77,
                    "part": "8",
                    "expression-node": 78
                },
                {
                    "name": "TaxesAccrued",
                    "template-line-number": 399,
                    "node-pos": 146,
                    "replacement-node": 80,
                    "part": "9",
                    "expression-node": 81
                }
            ]
        },
        "rule-24": [
            {
                "replacement-node": 128,
                "template-line-number": 536,
                "node-pos": 216,
                "part": null,
                "expression-node": 129
            }
        ],
        "rule-3": [
            {
                "replacement-node": 6,
                "template-line-number": 32,
                "node-pos": 17,
                "part": null
            }
        ],
        "rule-15": [
            {
                "replacement-node": 101,
                "template-line-number": 454,
                "node-pos": 180,
                "part": null,
                "expression-node": 102
            }
        ],
        "rule-2": [
            {
                "replacement-node": 3,
                "template-line-number": 26,
                "node-pos": 13,
                "part": null,
                "expression-node": 4
            }
        ],
        "rule-7": [
            {
                "replacement-node": 18,
                "template-line-number": 66,
                "node-pos": 35,
                "part": null,
                "expression-node": 19
            }
        ],
        "rule-4": [
            {
                "replacement-node": 9,
                "template-line-number": 38,
                "node-pos": 21,
                "part": null,
                "html": true
            }
        ],
        "rule-1": [
            {
                "replacement-node": 0,
                "template-line-number": 21,
                "node-pos": 9,
                "part": null
            }
        ]
    },
    "showifs": {},
    "line-numbers": {
        "TaxesAccrued": [
            {
                "template-line-number": 341,
                "start-number": 1,
                "line-number-node": 46
            }
        ]
    }
}