{
    "showifs": {},
    "substitutions": {
        "rule-3": [
            {
                "part": null,
                "template-line-number": 32,
                "replacement-node": 6,
                "node-pos": 17
            }
        ],
        "rule-18": [
            {
                "part": null,
                "template-line-number": 481,
                "expression-node": 111,
                "replacement-node": 110,
                "node-pos": 192
            }
        ],
        "rule-4": [
            {
                "part": null,
                "template-line-number": 38,
                "html": true,
                "replacement-node": 9,
                "node-pos": 21
            }
        ],
        "rule-6": [
            {
                "part": null,
                "template-line-number": 61,
                "replacement-node": 15,
                "node-pos": 31
            }
        ],
        "rule-10": [
            {
                "part": null,
                "template-line-number": 81,
                "expression-node": 28,
                "replacement-node": 27,
                "node-pos": 47
            }
        ],
        "rule-22": [
            {
                "part": null,
                "template-line-number": 518,
                "expression-node": 123,
                "replacement-node": 122,
                "node-pos": 208
            }
        ],
        "rule-12": [
            {
                "part": null,
                "template-line-number": 104,
                "html": true,
                "replacement-node": 33,
                "node-pos": 58
            }
        ],
        "rule-13": [
            {
                "part": null,
                "template-line-number": 430,
                "replacement-node": 95,
                "node-pos": 168
            }
        ],
        "rule-7": [
            {
                "part": null,
                "template-line-number": 66,
                "expression-node": 19,
                "replacement-node": 18,
                "node-pos": 35
            }
        ],
        "rule-21": [
            {
                "part": null,
                "template-line-number": 508,
                "expression-node": 120,
                "replacement-node": 119,
                "node-pos": 204
            }
        ],
        "rule-20": [
            {
                "part": null,
                "template-line-number": 499,
                "expression-node": 117,
                "replacement-node": 116,
                "node-pos": 200
            }
        ],
        "rule-26": [
            {
                "part": null,
                "template-line-number": 558,
                "replacement-node": 134,
                "node-pos": 226
            }
        ],
        "rule-29": {
            "subs": [
                {
                    "template-line-number": 157,
                    "node-pos": 91,
                    "name": "ColumnHeadings",
                    "part": "1",
                    "replacement-node": 39,
                    "extras": {}
                },
                {
                    "template-line-number": 164,
                    "node-pos": 95,
                    "name": "ColumnHeadings",
                    "part": "2",
                    "replacement-node": 42,
                    "extras": {}
                },
                {
                    "template-line-number": 153,
                    "node-pos": 89,
                    "name": "ColumnHeadings",
                    "part": "3",
                    "replacement-node": 37,
                    "extras": {}
                }
            ],
            "name": "ColumnHeadings"
        },
        "rule-1": [
            {
                "part": null,
                "template-line-number": 21,
                "replacement-node": 0,
                "node-pos": 9
            }
        ],
        "rule-28": {
            "subs": [
                {
                    "template-line-number": 404,
                    "expression-node": 84,
                    "node-pos": 150,
                    "name": "TaxesAccrued",
                    "part": "10",
                    "replacement-node": 83
                },
                {
                    "template-line-number": 410,
                    "expression-node": 87,
                    "node-pos": 154,
                    "name": "TaxesAccrued",
                    "part": "13",
                    "replacement-node": 86
                },
                {
                    "template-line-number": 415,
                    "expression-node": 90,
                    "node-pos": 158,
                    "name": "TaxesAccrued",
                    "part": "14",
                    "replacement-node": 89
                },
                {
                    "template-line-number": 420,
                    "expression-node": 93,
                    "node-pos": 162,
                    "name": "TaxesAccrued",
                    "part": "15",
                    "replacement-node": 92
                },
                {
                    "template-line-number": 344,
                    "expression-node": 49,
                    "node-pos": 104,
                    "name": "TaxesAccrued",
                    "part": "2",
                    "replacement-node": 48
                },
                {
                    "template-line-number": 352,
                    "expression-node": 54,
                    "node-pos": 110,
                    "name": "TaxesAccrued",
                    "part": "2",
                    "replacement-node": 53
                },
                {
                    "template-line-number": 357,
                    "expression-node": 57,
                    "node-pos": 114,
                    "name": "TaxesAccrued",
                    "part": "3",
                    "replacement-node": 56
                },
                {
                    "template-line-number": 362,
                    "expression-node": 60,
                    "node-pos": 118,
                    "name": "TaxesAccrued",
                    "part": "4",
                    "replacement-node": 59
                },
                {
                    "template-line-number": 372,
                    "expression-node": 66,
                    "node-pos": 126,
                    "name": "TaxesAccrued",
                    "part": "4",
                    "replacement-node": 65
                },
                {
                    "template-line-number": 367,
                    "expression-node": 63,
                    "node-pos": 122,
                    "name": "TaxesAccrued",
                    "part": "5",
                    "replacement-node": 62
                },
                {
                    "template-line-number": 377,
                    "expression-node": 69,
                    "node-pos": 130,
                    "name": "TaxesAccrued",
                    "part": "5",
                    "replacement-node": 68
                },
                {
                    "template-line-number": 382,
                    "expression-node": 72,
                    "node-pos": 134,
                    "name": "TaxesAccrued",
                    "part": "6",
                    "replacement-node": 71
                },
                {
                    "template-line-number": 388,
                    "expression-node": 75,
                    "node-pos": 138,
                    "name": "TaxesAccrued",
                    "part": "7",
                    "replacement-node": 74
                },
                {
                    "template-line-number": 393,
                    "expression-node": 78,
                    "node-pos": 142,
                    "name": "TaxesAccrued",
                    "part": "8",
                    "replacement-node": 77
                },
                {
                    "template-line-number": 399,
                    "expression-node": 81,
                    "node-pos": 146,
                    "name": "TaxesAccrued",
                    "part": "9",
                    "replacement-node": 80
                }
            ],
            "name": "TaxesAccrued"
        },
        "rule-16": [
            {
                "part": null,
                "template-line-number": 463,
                "expression-node": 105,
                "replacement-node": 104,
                "node-pos": 184
            }
        ],
        "rule-27": [
            {
                "part": null,
                "template-line-number": 568,
                "replacement-node": 137,
                "node-pos": 230
            }
        ],
        "rule-15": [
            {
                "part": null,
                "template-line-number": 454,
                "expression-node": 102,
                "replacement-node": 101,
                "node-pos": 180
            }
        ],
        "rule-14": [
            {
                "part": null,
                "template-line-number": 445,
                "expression-node": 99,
                "replacement-node": 98,
                "node-pos": 176
            }
        ],
        "rule-24": [
            {
                "part": null,
                "template-line-number": 536,
                "expression-node": 129,
                "replacement-node": 128,
                "node-pos": 216
            }
        ],
        "rule-25": [
            {
                "part": null,
                "template-line-number": 551,
                "expression-node": 132,
                "replacement-node": 131,
                "node-pos": 222
            }
        ],
        "rule-5": [
            {
                "part": null,
                "template-line-number": 50,
                "html": true,
                "replacement-node": 12,
                "node-pos": 26
            }
        ],
        "rule-19": [
            {
                "part": null,
                "template-line-number": 490,
                "expression-node": 114,
                "replacement-node": 113,
                "node-pos": 196
            }
        ],
        "rule-9": [
            {
                "part": null,
                "template-line-number": 76,
                "expression-node": 25,
                "replacement-node": 24,
                "node-pos": 43
            }
        ],
        "rule-17": [
            {
                "part": null,
                "template-line-number": 472,
                "expression-node": 108,
                "replacement-node": 107,
                "node-pos": 188
            }
        ],
        "rule-8": [
            {
                "part": null,
                "template-line-number": 71,
                "replacement-node": 21,
                "node-pos": 39
            }
        ],
        "rule-2": [
            {
                "part": null,
                "template-line-number": 26,
                "expression-node": 4,
                "replacement-node": 3,
                "node-pos": 13
            }
        ],
        "rule-23": [
            {
                "part": null,
                "template-line-number": 527,
                "expression-node": 126,
                "replacement-node": 125,
                "node-pos": 212
            }
        ],
        "rule-11": [
            {
                "part": null,
                "template-line-number": 93,
                "replacement-node": 30,
                "node-pos": 53
            }
        ]
    },
    "line-numbers": {
        "TaxesAccrued": [
            {
                "start-number": 1,
                "template-line-number": 341,
                "line-number-node": 46
            }
        ]
    }
}