{
    "line-numbers": {
        "StudyCostsIncurred": [
            {
                "line-number-node": 47,
                "start-number": 1,
                "template-line-number": 295
            }
        ],
        "StudyCostsIncurred2": [
            {
                "line-number-node": 77,
                "start-number": 11,
                "template-line-number": 434
            }
        ]
    },
    "showifs": {},
    "substitutions": {
        "rule-25": {
            "subs": [
                {
                    "node-pos": 102,
                    "name": "StudyCostsIncurred",
                    "template-line-number": 300,
                    "replacement-node": 49,
                    "part": "2",
                    "expression-node": 50
                },
                {
                    "node-pos": 106,
                    "name": "StudyCostsIncurred",
                    "template-line-number": 305,
                    "replacement-node": 52,
                    "part": "3",
                    "expression-node": 53
                },
                {
                    "node-pos": 110,
                    "name": "StudyCostsIncurred",
                    "template-line-number": 310,
                    "replacement-node": 55,
                    "part": "4",
                    "expression-node": 56
                },
                {
                    "node-pos": 114,
                    "name": "StudyCostsIncurred",
                    "template-line-number": 315,
                    "replacement-node": 58,
                    "part": "5",
                    "expression-node": 59
                },
                {
                    "node-pos": 118,
                    "name": "StudyCostsIncurred",
                    "template-line-number": 320,
                    "replacement-node": 61,
                    "part": "6",
                    "expression-node": 62
                }
            ],
            "name": "StudyCostsIncurred"
        },
        "rule-1": [
            {
                "replacement-node": 0,
                "node-pos": 10,
                "part": null,
                "template-line-number": 22
            }
        ],
        "rule-22": [
            {
                "replacement-node": 106,
                "node-pos": 200,
                "part": null,
                "expression-node": 107,
                "template-line-number": 519
            }
        ],
        "rule-14": [
            {
                "replacement-node": 64,
                "node-pos": 124,
                "part": null,
                "template-line-number": 331
            }
        ],
        "rule-16": [
            {
                "replacement-node": 70,
                "node-pos": 134,
                "part": null,
                "expression-node": 71,
                "template-line-number": 353
            }
        ],
        "rule-19": [
            {
                "replacement-node": 97,
                "node-pos": 182,
                "part": null,
                "expression-node": 98,
                "template-line-number": 482
            }
        ],
        "rule-12": [
            {
                "replacement-node": 33,
                "node-pos": 62,
                "part": null,
                "html": true,
                "template-line-number": 104
            }
        ],
        "rule-13": [
            {
                "replacement-node": 43,
                "node-pos": 88,
                "part": null,
                "template-line-number": 226
            }
        ],
        "rule-15": [
            {
                "replacement-node": 67,
                "node-pos": 129,
                "part": null,
                "expression-node": 68,
                "template-line-number": 343
            }
        ],
        "rule-23": [
            {
                "replacement-node": 109,
                "node-pos": 207,
                "part": null,
                "template-line-number": 533
            }
        ],
        "rule-8": [
            {
                "replacement-node": 21,
                "node-pos": 42,
                "part": null,
                "template-line-number": 72
            }
        ],
        "rule-24": [
            {
                "replacement-node": 112,
                "node-pos": 211,
                "part": null,
                "template-line-number": 542
            }
        ],
        "rule-26": {
            "subs": [
                {
                    "node-pos": 155,
                    "name": "StudyCostsIncurred2",
                    "template-line-number": 439,
                    "replacement-node": 79,
                    "part": "2",
                    "expression-node": 80
                },
                {
                    "node-pos": 159,
                    "name": "StudyCostsIncurred2",
                    "template-line-number": 444,
                    "replacement-node": 82,
                    "part": "3",
                    "expression-node": 83
                },
                {
                    "node-pos": 163,
                    "name": "StudyCostsIncurred2",
                    "template-line-number": 449,
                    "replacement-node": 85,
                    "part": "4",
                    "expression-node": 86
                },
                {
                    "node-pos": 167,
                    "name": "StudyCostsIncurred2",
                    "template-line-number": 454,
                    "replacement-node": 88,
                    "part": "5",
                    "expression-node": 89
                },
                {
                    "node-pos": 171,
                    "name": "StudyCostsIncurred2",
                    "template-line-number": 459,
                    "replacement-node": 91,
                    "part": "6",
                    "expression-node": 92
                }
            ],
            "name": "StudyCostsIncurred2"
        },
        "rule-17": [
            {
                "replacement-node": 73,
                "node-pos": 141,
                "part": null,
                "template-line-number": 368
            }
        ],
        "rule-4": [
            {
                "replacement-node": 9,
                "node-pos": 23,
                "part": null,
                "html": true,
                "template-line-number": 39
            }
        ],
        "rule-11": [
            {
                "replacement-node": 30,
                "node-pos": 57,
                "part": null,
                "template-line-number": 93
            }
        ],
        "rule-18": [
            {
                "replacement-node": 94,
                "node-pos": 177,
                "part": null,
                "template-line-number": 470
            }
        ],
        "rule-3": [
            {
                "replacement-node": 6,
                "node-pos": 19,
                "part": null,
                "template-line-number": 33
            }
        ],
        "rule-9": [
            {
                "replacement-node": 24,
                "node-pos": 47,
                "part": null,
                "expression-node": 25,
                "template-line-number": 77
            }
        ],
        "rule-10": [
            {
                "replacement-node": 27,
                "node-pos": 51,
                "part": null,
                "expression-node": 28,
                "template-line-number": 82
            }
        ],
        "rule-2": [
            {
                "replacement-node": 3,
                "node-pos": 15,
                "part": null,
                "expression-node": 4,
                "template-line-number": 27
            }
        ],
        "rule-20": [
            {
                "replacement-node": 100,
                "node-pos": 187,
                "part": null,
                "expression-node": 101,
                "template-line-number": 492
            }
        ],
        "rule-21": [
            {
                "replacement-node": 103,
                "node-pos": 195,
                "part": null,
                "expression-node": 104,
                "template-line-number": 509
            }
        ],
        "rule-5": [
            {
                "replacement-node": 12,
                "node-pos": 28,
                "part": null,
                "html": true,
                "template-line-number": 51
            }
        ],
        "rule-7": [
            {
                "replacement-node": 18,
                "node-pos": 38,
                "part": null,
                "expression-node": 19,
                "template-line-number": 67
            }
        ],
        "rule-27": {
            "subs": [
                {
                    "node-pos": 78,
                    "name": "BSHeadings",
                    "template-line-number": 136,
                    "replacement-node": 37,
                    "part": "1",
                    "extras": {}
                },
                {
                    "node-pos": 82,
                    "name": "BSHeadings",
                    "template-line-number": 143,
                    "replacement-node": 40,
                    "part": "2",
                    "extras": {}
                }
            ],
            "name": "BSHeadings"
        },
        "rule-6": [
            {
                "replacement-node": 15,
                "node-pos": 33,
                "part": null,
                "template-line-number": 62
            }
        ]
    }
}