{
    "line-numbers": {
        "director": [
            {
                "start-number": 1,
                "line-number-node": 45,
                "template-line-number": 199
            }
        ]
    },
    "showifs": {},
    "substitutions": {
        "rule-9": [
            {
                "part": null,
                "replacement-node": 24,
                "node-pos": 46,
                "expression-node": 25,
                "template-line-number": 77
            }
        ],
        "rule-8": [
            {
                "part": null,
                "replacement-node": 21,
                "node-pos": 41,
                "template-line-number": 72
            }
        ],
        "rule-17": {
            "subs": [
                {
                    "part": "1",
                    "node-pos": 75,
                    "name": "ListHeadings",
                    "template-line-number": 135,
                    "extras": {},
                    "replacement-node": 38
                },
                {
                    "part": "2",
                    "node-pos": 79,
                    "name": "ListHeadings",
                    "template-line-number": 144,
                    "extras": {},
                    "replacement-node": 41
                },
                {
                    "part": "3",
                    "node-pos": 73,
                    "name": "ListHeadings",
                    "template-line-number": 131,
                    "extras": {},
                    "replacement-node": 36
                }
            ],
            "name": "ListHeadings"
        },
        "rule-13": [
            {
                "part": null,
                "replacement-node": 59,
                "node-pos": 106,
                "expression-node": 60,
                "template-line-number": 230
            }
        ],
        "rule-2": [
            {
                "part": null,
                "replacement-node": 3,
                "node-pos": 14,
                "expression-node": 4,
                "template-line-number": 27
            }
        ],
        "rule-1": [
            {
                "part": null,
                "replacement-node": 0,
                "node-pos": 10,
                "template-line-number": 22
            }
        ],
        "rule-10": [
            {
                "part": null,
                "replacement-node": 27,
                "node-pos": 50,
                "expression-node": 28,
                "template-line-number": 82
            }
        ],
        "rule-3": [
            {
                "part": null,
                "replacement-node": 6,
                "node-pos": 18,
                "template-line-number": 33
            }
        ],
        "rule-14": [
            {
                "part": null,
                "replacement-node": 62,
                "node-pos": 110,
                "template-line-number": 235
            }
        ],
        "rule-11": [
            {
                "part": null,
                "replacement-node": 30,
                "node-pos": 56,
                "template-line-number": 93
            }
        ],
        "rule-12": [
            {
                "part": null,
                "replacement-node": 33,
                "node-pos": 61,
                "html": true,
                "template-line-number": 104
            }
        ],
        "rule-7": [
            {
                "part": null,
                "replacement-node": 18,
                "node-pos": 37,
                "expression-node": 19,
                "template-line-number": 67
            }
        ],
        "rule-5": [
            {
                "part": null,
                "replacement-node": 12,
                "node-pos": 27,
                "html": true,
                "template-line-number": 51
            }
        ],
        "rule-15": [
            {
                "part": null,
                "replacement-node": 65,
                "node-pos": 114,
                "template-line-number": 245
            }
        ],
        "rule-6": [
            {
                "part": null,
                "replacement-node": 15,
                "node-pos": 32,
                "template-line-number": 62
            }
        ],
        "rule-4": [
            {
                "part": null,
                "replacement-node": 9,
                "node-pos": 22,
                "html": true,
                "template-line-number": 39
            }
        ],
        "rule-16": {
            "subs": [
                {
                    "part": "2",
                    "node-pos": 88,
                    "expression-node": 48,
                    "name": "director",
                    "template-line-number": 202,
                    "replacement-node": 47
                },
                {
                    "part": "3",
                    "node-pos": 92,
                    "expression-node": 51,
                    "name": "director",
                    "template-line-number": 207,
                    "replacement-node": 50
                },
                {
                    "part": "4",
                    "node-pos": 96,
                    "expression-node": 54,
                    "name": "director",
                    "template-line-number": 212,
                    "replacement-node": 53
                },
                {
                    "part": "5",
                    "node-pos": 100,
                    "expression-node": 57,
                    "name": "director",
                    "template-line-number": 217,
                    "replacement-node": 56
                }
            ],
            "name": "director"
        }
    }
}