{
    "showifs": {},
    "substitutions": {
        "rule-15": [
            {
                "node-pos": 114,
                "template-line-number": 245,
                "part": null,
                "replacement-node": 65
            }
        ],
        "rule-16": {
            "subs": [
                {
                    "replacement-node": 47,
                    "node-pos": 88,
                    "name": "director",
                    "part": "2",
                    "template-line-number": 202,
                    "expression-node": 48
                },
                {
                    "replacement-node": 50,
                    "node-pos": 92,
                    "name": "director",
                    "part": "3",
                    "template-line-number": 207,
                    "expression-node": 51
                },
                {
                    "replacement-node": 53,
                    "node-pos": 96,
                    "name": "director",
                    "part": "4",
                    "template-line-number": 212,
                    "expression-node": 54
                },
                {
                    "replacement-node": 56,
                    "node-pos": 100,
                    "name": "director",
                    "part": "5",
                    "template-line-number": 217,
                    "expression-node": 57
                }
            ],
            "name": "director"
        },
        "rule-2": [
            {
                "node-pos": 14,
                "template-line-number": 27,
                "part": null,
                "replacement-node": 3,
                "expression-node": 4
            }
        ],
        "rule-17": {
            "subs": [
                {
                    "extras": {},
                    "replacement-node": 38,
                    "node-pos": 75,
                    "name": "ListHeadings",
                    "part": "1",
                    "template-line-number": 135
                },
                {
                    "extras": {},
                    "replacement-node": 41,
                    "node-pos": 79,
                    "name": "ListHeadings",
                    "part": "2",
                    "template-line-number": 144
                },
                {
                    "extras": {},
                    "replacement-node": 36,
                    "node-pos": 73,
                    "name": "ListHeadings",
                    "part": "3",
                    "template-line-number": 131
                }
            ],
            "name": "ListHeadings"
        },
        "rule-5": [
            {
                "node-pos": 27,
                "template-line-number": 51,
                "part": null,
                "replacement-node": 12,
                "html": true
            }
        ],
        "rule-8": [
            {
                "node-pos": 41,
                "template-line-number": 72,
                "part": null,
                "replacement-node": 21
            }
        ],
        "rule-4": [
            {
                "node-pos": 22,
                "template-line-number": 39,
                "part": null,
                "replacement-node": 9,
                "html": true
            }
        ],
        "rule-10": [
            {
                "node-pos": 50,
                "template-line-number": 82,
                "part": null,
                "replacement-node": 27,
                "expression-node": 28
            }
        ],
        "rule-6": [
            {
                "node-pos": 32,
                "template-line-number": 62,
                "part": null,
                "replacement-node": 15
            }
        ],
        "rule-11": [
            {
                "node-pos": 56,
                "template-line-number": 93,
                "part": null,
                "replacement-node": 30
            }
        ],
        "rule-14": [
            {
                "node-pos": 110,
                "template-line-number": 235,
                "part": null,
                "replacement-node": 62
            }
        ],
        "rule-1": [
            {
                "node-pos": 10,
                "template-line-number": 22,
                "part": null,
                "replacement-node": 0
            }
        ],
        "rule-13": [
            {
                "node-pos": 106,
                "template-line-number": 230,
                "part": null,
                "replacement-node": 59,
                "expression-node": 60
            }
        ],
        "rule-12": [
            {
                "node-pos": 61,
                "template-line-number": 104,
                "part": null,
                "replacement-node": 33,
                "html": true
            }
        ],
        "rule-9": [
            {
                "node-pos": 46,
                "template-line-number": 77,
                "part": null,
                "replacement-node": 24,
                "expression-node": 25
            }
        ],
        "rule-7": [
            {
                "node-pos": 37,
                "template-line-number": 67,
                "part": null,
                "replacement-node": 18,
                "expression-node": 19
            }
        ],
        "rule-3": [
            {
                "node-pos": 18,
                "template-line-number": 33,
                "part": null,
                "replacement-node": 6
            }
        ]
    },
    "line-numbers": {
        "director": [
            {
                "template-line-number": 199,
                "line-number-node": 45,
                "start-number": 1
            }
        ]
    }
}