{
    "substitutions": {
        "rule-12": [
            {
                "part": null,
                "replacement-node": 31,
                "node-pos": 55,
                "template-line-number": 122
            }
        ],
        "rule-11": [
            {
                "part": null,
                "replacement-node": 28,
                "expression-node": 29,
                "node-pos": 49,
                "template-line-number": 110
            }
        ],
        "rule-16": [
            {
                "part": null,
                "replacement-node": 68,
                "node-pos": 119,
                "template-line-number": 376
            }
        ],
        "rule-5": [
            {
                "part": null,
                "replacement-node": 10,
                "html": true,
                "node-pos": 23,
                "template-line-number": 48
            }
        ],
        "rule-2": [
            {
                "part": null,
                "replacement-node": 1,
                "node-pos": 11,
                "template-line-number": 26
            }
        ],
        "rule-4": [
            {
                "part": null,
                "replacement-node": 7,
                "node-pos": 19,
                "template-line-number": 40
            }
        ],
        "rule-10": [
            {
                "part": null,
                "replacement-node": 25,
                "expression-node": 26,
                "node-pos": 45,
                "template-line-number": 104
            }
        ],
        "rule-14": [
            {
                "part": null,
                "replacement-node": 62,
                "expression-node": 63,
                "node-pos": 111,
                "template-line-number": 361
            }
        ],
        "rule-6": [
            {
                "part": null,
                "replacement-node": 13,
                "html": true,
                "node-pos": 28,
                "template-line-number": 65
            }
        ],
        "rule-13": [
            {
                "part": null,
                "replacement-node": 34,
                "html": true,
                "node-pos": 60,
                "template-line-number": 133
            }
        ],
        "rule-3": [
            {
                "part": null,
                "replacement-node": 4,
                "expression-node": 5,
                "node-pos": 15,
                "template-line-number": 33
            }
        ],
        "rule-15": [
            {
                "part": null,
                "replacement-node": 65,
                "node-pos": 115,
                "template-line-number": 366
            }
        ],
        "rule-8": [
            {
                "part": null,
                "replacement-node": 19,
                "expression-node": 20,
                "node-pos": 37,
                "template-line-number": 90
            }
        ],
        "rule-17": {
            "subs": [
                {
                    "template-line-number": 166,
                    "extras": {},
                    "part": "1",
                    "replacement-node": 38,
                    "name": "ISHeadings",
                    "node-pos": 76
                },
                {
                    "template-line-number": 173,
                    "extras": {},
                    "part": "2",
                    "replacement-node": 41,
                    "name": "ISHeadings",
                    "node-pos": 80
                }
            ],
            "name": "ISHeadings"
        },
        "rule-18": {
            "subs": [
                {
                    "template-line-number": 311,
                    "expression-node": 48,
                    "part": "2",
                    "replacement-node": 47,
                    "name": "SalesForResale",
                    "node-pos": 89
                },
                {
                    "template-line-number": 320,
                    "expression-node": 51,
                    "part": "3",
                    "replacement-node": 50,
                    "name": "SalesForResale",
                    "node-pos": 93
                },
                {
                    "template-line-number": 329,
                    "expression-node": 54,
                    "part": "4",
                    "replacement-node": 53,
                    "name": "SalesForResale",
                    "node-pos": 97
                },
                {
                    "template-line-number": 338,
                    "expression-node": 57,
                    "part": "5",
                    "replacement-node": 56,
                    "name": "SalesForResale",
                    "node-pos": 101
                },
                {
                    "template-line-number": 347,
                    "expression-node": 60,
                    "part": "6",
                    "replacement-node": 59,
                    "name": "SalesForResale",
                    "node-pos": 105
                }
            ],
            "name": "SalesForResale"
        },
        "rule-7": [
            {
                "part": null,
                "replacement-node": 16,
                "node-pos": 33,
                "template-line-number": 83
            }
        ],
        "rule-9": [
            {
                "part": null,
                "replacement-node": 22,
                "node-pos": 41,
                "template-line-number": 97
            }
        ]
    },
    "line-numbers": {
        "SalesForResale": [
            {
                "line-number-node": 45,
                "template-line-number": 306,
                "start-number": 1
            }
        ]
    },
    "showifs": {
        "rule-1": {
            "template-line-number": 16,
            "type": "showif"
        }
    }
}