{
    "substitutions": {
        "rule-18": {
            "subs": [
                {
                    "part": "1",
                    "node-pos": 73,
                    "replacement-node": 37,
                    "template-line-number": 129,
                    "name": "DeferredIncomeTaxesHeadings",
                    "extras": {}
                },
                {
                    "part": "2",
                    "node-pos": 77,
                    "replacement-node": 40,
                    "template-line-number": 136,
                    "name": "DeferredIncomeTaxesHeadings",
                    "extras": {}
                }
            ],
            "name": "DeferredIncomeTaxesHeadings"
        },
        "rule-9": [
            {
                "part": null,
                "node-pos": 46,
                "replacement-node": 24,
                "template-line-number": 76,
                "expression-node": 25
            }
        ],
        "rule-4": [
            {
                "part": null,
                "node-pos": 22,
                "replacement-node": 9,
                "template-line-number": 38,
                "html": true
            }
        ],
        "rule-17": [
            {
                "part": null,
                "node-pos": 224,
                "replacement-node": 128,
                "template-line-number": 467
            }
        ],
        "rule-14": [
            {
                "part": null,
                "node-pos": 150,
                "replacement-node": 83,
                "template-line-number": 294
            }
        ],
        "rule-19": {
            "subs": [
                {
                    "part": "10",
                    "node-pos": 132,
                    "replacement-node": 71,
                    "template-line-number": 264,
                    "name": "DeferredIncomeTaxesLineItems",
                    "expression-node": 72
                },
                {
                    "part": "11",
                    "node-pos": 136,
                    "replacement-node": 74,
                    "template-line-number": 270,
                    "name": "DeferredIncomeTaxesLineItems",
                    "expression-node": 75
                },
                {
                    "part": "12",
                    "node-pos": 140,
                    "replacement-node": 77,
                    "template-line-number": 276,
                    "name": "DeferredIncomeTaxesLineItems",
                    "expression-node": 78
                },
                {
                    "part": "13",
                    "node-pos": 144,
                    "replacement-node": 80,
                    "template-line-number": 282,
                    "name": "DeferredIncomeTaxesLineItems",
                    "expression-node": 81
                },
                {
                    "part": "2",
                    "node-pos": 104,
                    "replacement-node": 50,
                    "template-line-number": 221,
                    "name": "DeferredIncomeTaxesLineItems",
                    "extras": {}
                },
                {
                    "part": "3",
                    "node-pos": 100,
                    "replacement-node": 47,
                    "template-line-number": 214,
                    "name": "DeferredIncomeTaxesLineItems",
                    "extras": {}
                },
                {
                    "part": "4",
                    "node-pos": 108,
                    "replacement-node": 53,
                    "template-line-number": 228,
                    "name": "DeferredIncomeTaxesLineItems",
                    "expression-node": 54
                },
                {
                    "part": "5",
                    "node-pos": 112,
                    "replacement-node": 56,
                    "template-line-number": 234,
                    "name": "DeferredIncomeTaxesLineItems",
                    "expression-node": 57
                },
                {
                    "part": "6",
                    "node-pos": 116,
                    "replacement-node": 59,
                    "template-line-number": 240,
                    "name": "DeferredIncomeTaxesLineItems",
                    "expression-node": 60
                },
                {
                    "part": "7",
                    "node-pos": 120,
                    "replacement-node": 62,
                    "template-line-number": 246,
                    "name": "DeferredIncomeTaxesLineItems",
                    "expression-node": 63
                },
                {
                    "part": "8",
                    "node-pos": 124,
                    "replacement-node": 65,
                    "template-line-number": 252,
                    "name": "DeferredIncomeTaxesLineItems",
                    "expression-node": 66
                },
                {
                    "part": "9",
                    "node-pos": 128,
                    "replacement-node": 68,
                    "template-line-number": 258,
                    "name": "DeferredIncomeTaxesLineItems",
                    "expression-node": 69
                }
            ],
            "name": "DeferredIncomeTaxesLineItems"
        },
        "rule-15": [
            {
                "part": null,
                "node-pos": 216,
                "replacement-node": 122,
                "template-line-number": 453,
                "expression-node": 123
            }
        ],
        "rule-3": [
            {
                "part": null,
                "node-pos": 18,
                "replacement-node": 6,
                "template-line-number": 32
            }
        ],
        "rule-12": [
            {
                "part": null,
                "node-pos": 61,
                "replacement-node": 33,
                "template-line-number": 102,
                "html": true
            }
        ],
        "rule-20": {
            "subs": [
                {
                    "part": "1",
                    "node-pos": 171,
                    "replacement-node": 90,
                    "template-line-number": 367,
                    "name": "TaxClassificationLineItems",
                    "extras": {}
                },
                {
                    "part": "2",
                    "node-pos": 174,
                    "replacement-node": 92,
                    "template-line-number": 374,
                    "name": "TaxClassificationLineItems",
                    "expression-node": 93
                },
                {
                    "part": "3",
                    "node-pos": 178,
                    "replacement-node": 95,
                    "template-line-number": 382,
                    "name": "TaxClassificationLineItems",
                    "expression-node": 96
                },
                {
                    "part": "4",
                    "node-pos": 182,
                    "replacement-node": 98,
                    "template-line-number": 390,
                    "name": "TaxClassificationLineItems",
                    "expression-node": 99
                },
                {
                    "part": "5",
                    "node-pos": 186,
                    "replacement-node": 101,
                    "template-line-number": 398,
                    "name": "TaxClassificationLineItems",
                    "expression-node": 102
                },
                {
                    "part": "6",
                    "node-pos": 190,
                    "replacement-node": 104,
                    "template-line-number": 406,
                    "name": "TaxClassificationLineItems",
                    "expression-node": 105
                },
                {
                    "part": "6",
                    "node-pos": 198,
                    "replacement-node": 110,
                    "template-line-number": 421,
                    "name": "TaxClassificationLineItems",
                    "expression-node": 111
                },
                {
                    "part": "6",
                    "node-pos": 206,
                    "replacement-node": 116,
                    "template-line-number": 435,
                    "name": "TaxClassificationLineItems",
                    "expression-node": 117
                },
                {
                    "part": "6",
                    "node-pos": 210,
                    "replacement-node": 119,
                    "template-line-number": 442,
                    "name": "TaxClassificationLineItems",
                    "expression-node": 120
                },
                {
                    "part": "7",
                    "node-pos": 194,
                    "replacement-node": 107,
                    "template-line-number": 414,
                    "name": "TaxClassificationLineItems",
                    "expression-node": 108
                },
                {
                    "part": "7",
                    "node-pos": 202,
                    "replacement-node": 113,
                    "template-line-number": 428,
                    "name": "TaxClassificationLineItems",
                    "expression-node": 114
                }
            ],
            "name": "TaxClassificationLineItems"
        },
        "rule-8": [
            {
                "part": null,
                "node-pos": 41,
                "replacement-node": 21,
                "template-line-number": 71
            }
        ],
        "rule-2": [
            {
                "part": null,
                "node-pos": 14,
                "replacement-node": 3,
                "template-line-number": 26,
                "expression-node": 4
            }
        ],
        "rule-13": [
            {
                "part": null,
                "node-pos": 83,
                "replacement-node": 43,
                "template-line-number": 147
            }
        ],
        "rule-6": [
            {
                "part": null,
                "node-pos": 32,
                "replacement-node": 15,
                "template-line-number": 61
            }
        ],
        "rule-16": [
            {
                "part": null,
                "node-pos": 220,
                "replacement-node": 125,
                "template-line-number": 458
            }
        ],
        "rule-5": [
            {
                "part": null,
                "node-pos": 27,
                "replacement-node": 12,
                "template-line-number": 50,
                "html": true
            }
        ],
        "rule-7": [
            {
                "part": null,
                "node-pos": 37,
                "replacement-node": 18,
                "template-line-number": 66,
                "expression-node": 19
            }
        ],
        "rule-1": [
            {
                "part": null,
                "node-pos": 9,
                "replacement-node": 0,
                "template-line-number": 21
            }
        ],
        "rule-11": [
            {
                "part": null,
                "node-pos": 56,
                "replacement-node": 30,
                "template-line-number": 91
            }
        ],
        "rule-10": [
            {
                "part": null,
                "node-pos": 50,
                "replacement-node": 27,
                "template-line-number": 81,
                "expression-node": 28
            }
        ]
    },
    "showifs": {},
    "line-numbers": {
        "TaxClassificationLineItems": [
            {
                "start-number": 9,
                "line-number-node": 87,
                "template-line-number": 359
            }
        ]
    }
}