{
    "substitutions": {
        "rule-15": [
            {
                "part": null,
                "expression-node": 123,
                "template-line-number": 453,
                "replacement-node": 122,
                "node-pos": 216
            }
        ],
        "rule-11": [
            {
                "part": null,
                "template-line-number": 91,
                "replacement-node": 30,
                "node-pos": 56
            }
        ],
        "rule-2": [
            {
                "part": null,
                "expression-node": 4,
                "template-line-number": 26,
                "replacement-node": 3,
                "node-pos": 14
            }
        ],
        "rule-10": [
            {
                "part": null,
                "expression-node": 28,
                "template-line-number": 81,
                "replacement-node": 27,
                "node-pos": 50
            }
        ],
        "rule-20": {
            "name": "DeferredIncomeTaxesHeadings",
            "subs": [
                {
                    "name": "DeferredIncomeTaxesHeadings",
                    "part": "1",
                    "replacement-node": 37,
                    "template-line-number": 129,
                    "extras": {},
                    "node-pos": 73
                },
                {
                    "name": "DeferredIncomeTaxesHeadings",
                    "part": "2",
                    "replacement-node": 40,
                    "template-line-number": 136,
                    "extras": {},
                    "node-pos": 77
                }
            ]
        },
        "rule-1": [
            {
                "part": null,
                "template-line-number": 21,
                "replacement-node": 0,
                "node-pos": 9
            }
        ],
        "rule-18": {
            "name": "TaxClassificationLineItems",
            "subs": [
                {
                    "name": "TaxClassificationLineItems",
                    "part": "1",
                    "replacement-node": 90,
                    "template-line-number": 367,
                    "extras": {},
                    "node-pos": 171
                },
                {
                    "name": "TaxClassificationLineItems",
                    "part": "2",
                    "replacement-node": 92,
                    "template-line-number": 374,
                    "expression-node": 93,
                    "node-pos": 174
                },
                {
                    "name": "TaxClassificationLineItems",
                    "part": "3",
                    "replacement-node": 95,
                    "template-line-number": 382,
                    "expression-node": 96,
                    "node-pos": 178
                },
                {
                    "name": "TaxClassificationLineItems",
                    "part": "4",
                    "replacement-node": 98,
                    "template-line-number": 390,
                    "expression-node": 99,
                    "node-pos": 182
                },
                {
                    "name": "TaxClassificationLineItems",
                    "part": "5",
                    "replacement-node": 101,
                    "template-line-number": 398,
                    "expression-node": 102,
                    "node-pos": 186
                },
                {
                    "name": "TaxClassificationLineItems",
                    "part": "6",
                    "replacement-node": 104,
                    "template-line-number": 406,
                    "expression-node": 105,
                    "node-pos": 190
                },
                {
                    "name": "TaxClassificationLineItems",
                    "part": "6",
                    "replacement-node": 110,
                    "template-line-number": 421,
                    "expression-node": 111,
                    "node-pos": 198
                },
                {
                    "name": "TaxClassificationLineItems",
                    "part": "6",
                    "replacement-node": 116,
                    "template-line-number": 435,
                    "expression-node": 117,
                    "node-pos": 206
                },
                {
                    "name": "TaxClassificationLineItems",
                    "part": "6",
                    "replacement-node": 119,
                    "template-line-number": 442,
                    "expression-node": 120,
                    "node-pos": 210
                },
                {
                    "name": "TaxClassificationLineItems",
                    "part": "7",
                    "replacement-node": 107,
                    "template-line-number": 414,
                    "expression-node": 108,
                    "node-pos": 194
                },
                {
                    "name": "TaxClassificationLineItems",
                    "part": "7",
                    "replacement-node": 113,
                    "template-line-number": 428,
                    "expression-node": 114,
                    "node-pos": 202
                }
            ]
        },
        "rule-9": [
            {
                "part": null,
                "expression-node": 25,
                "template-line-number": 76,
                "replacement-node": 24,
                "node-pos": 46
            }
        ],
        "rule-3": [
            {
                "part": null,
                "template-line-number": 32,
                "replacement-node": 6,
                "node-pos": 18
            }
        ],
        "rule-16": [
            {
                "part": null,
                "template-line-number": 458,
                "replacement-node": 125,
                "node-pos": 220
            }
        ],
        "rule-19": {
            "name": "DeferredIncomeTaxesLineItems",
            "subs": [
                {
                    "name": "DeferredIncomeTaxesLineItems",
                    "part": "10",
                    "replacement-node": 71,
                    "template-line-number": 264,
                    "expression-node": 72,
                    "node-pos": 132
                },
                {
                    "name": "DeferredIncomeTaxesLineItems",
                    "part": "11",
                    "replacement-node": 74,
                    "template-line-number": 270,
                    "expression-node": 75,
                    "node-pos": 136
                },
                {
                    "name": "DeferredIncomeTaxesLineItems",
                    "part": "12",
                    "replacement-node": 77,
                    "template-line-number": 276,
                    "expression-node": 78,
                    "node-pos": 140
                },
                {
                    "name": "DeferredIncomeTaxesLineItems",
                    "part": "13",
                    "replacement-node": 80,
                    "template-line-number": 282,
                    "expression-node": 81,
                    "node-pos": 144
                },
                {
                    "name": "DeferredIncomeTaxesLineItems",
                    "part": "2",
                    "replacement-node": 50,
                    "template-line-number": 221,
                    "extras": {},
                    "node-pos": 104
                },
                {
                    "name": "DeferredIncomeTaxesLineItems",
                    "part": "3",
                    "replacement-node": 47,
                    "template-line-number": 214,
                    "extras": {},
                    "node-pos": 100
                },
                {
                    "name": "DeferredIncomeTaxesLineItems",
                    "part": "4",
                    "replacement-node": 53,
                    "template-line-number": 228,
                    "expression-node": 54,
                    "node-pos": 108
                },
                {
                    "name": "DeferredIncomeTaxesLineItems",
                    "part": "5",
                    "replacement-node": 56,
                    "template-line-number": 234,
                    "expression-node": 57,
                    "node-pos": 112
                },
                {
                    "name": "DeferredIncomeTaxesLineItems",
                    "part": "6",
                    "replacement-node": 59,
                    "template-line-number": 240,
                    "expression-node": 60,
                    "node-pos": 116
                },
                {
                    "name": "DeferredIncomeTaxesLineItems",
                    "part": "7",
                    "replacement-node": 62,
                    "template-line-number": 246,
                    "expression-node": 63,
                    "node-pos": 120
                },
                {
                    "name": "DeferredIncomeTaxesLineItems",
                    "part": "8",
                    "replacement-node": 65,
                    "template-line-number": 252,
                    "expression-node": 66,
                    "node-pos": 124
                },
                {
                    "name": "DeferredIncomeTaxesLineItems",
                    "part": "9",
                    "replacement-node": 68,
                    "template-line-number": 258,
                    "expression-node": 69,
                    "node-pos": 128
                }
            ]
        },
        "rule-7": [
            {
                "part": null,
                "expression-node": 19,
                "template-line-number": 66,
                "replacement-node": 18,
                "node-pos": 37
            }
        ],
        "rule-8": [
            {
                "part": null,
                "template-line-number": 71,
                "replacement-node": 21,
                "node-pos": 41
            }
        ],
        "rule-14": [
            {
                "part": null,
                "template-line-number": 294,
                "replacement-node": 83,
                "node-pos": 150
            }
        ],
        "rule-5": [
            {
                "html": true,
                "part": null,
                "template-line-number": 50,
                "replacement-node": 12,
                "node-pos": 27
            }
        ],
        "rule-6": [
            {
                "part": null,
                "template-line-number": 61,
                "replacement-node": 15,
                "node-pos": 32
            }
        ],
        "rule-17": [
            {
                "part": null,
                "template-line-number": 467,
                "replacement-node": 128,
                "node-pos": 224
            }
        ],
        "rule-12": [
            {
                "html": true,
                "part": null,
                "template-line-number": 102,
                "replacement-node": 33,
                "node-pos": 61
            }
        ],
        "rule-13": [
            {
                "part": null,
                "template-line-number": 147,
                "replacement-node": 43,
                "node-pos": 83
            }
        ],
        "rule-4": [
            {
                "html": true,
                "part": null,
                "template-line-number": 38,
                "replacement-node": 9,
                "node-pos": 22
            }
        ]
    },
    "showifs": {},
    "line-numbers": {
        "TaxClassificationLineItems": [
            {
                "line-number-node": 87,
                "template-line-number": 359,
                "start-number": 9
            }
        ]
    }
}