{
    "substitutions": {
        "rule-10": [
            {
                "expression-node": 26,
                "part": null,
                "replacement-node": 25,
                "template-line-number": 79,
                "node-pos": 44
            }
        ],
        "rule-9": [
            {
                "part": null,
                "replacement-node": 22,
                "template-line-number": 75,
                "node-pos": 40
            }
        ],
        "rule-21": [
            {
                "expression-node": 92,
                "part": null,
                "replacement-node": 91,
                "template-line-number": 366,
                "node-pos": 156
            }
        ],
        "rule-12": [
            {
                "part": null,
                "replacement-node": 31,
                "template-line-number": 95,
                "node-pos": 54
            }
        ],
        "rule-3": [
            {
                "expression-node": 5,
                "part": null,
                "replacement-node": 4,
                "template-line-number": 31,
                "node-pos": 14
            }
        ],
        "rule-16": [
            {
                "expression-node": 77,
                "part": null,
                "replacement-node": 76,
                "template-line-number": 308,
                "node-pos": 131
            }
        ],
        "rule-26": {
            "name": "MiscellaneousDeferredDebits",
            "subs": [
                {
                    "expression-node": 50,
                    "node-pos": 88,
                    "replacement-node": 49,
                    "part": "2",
                    "name": "MiscellaneousDeferredDebits",
                    "template-line-number": 235
                },
                {
                    "expression-node": 53,
                    "node-pos": 92,
                    "replacement-node": 52,
                    "part": "2",
                    "name": "MiscellaneousDeferredDebits",
                    "template-line-number": 240
                },
                {
                    "expression-node": 56,
                    "node-pos": 96,
                    "replacement-node": 55,
                    "part": "3",
                    "name": "MiscellaneousDeferredDebits",
                    "template-line-number": 245
                },
                {
                    "expression-node": 59,
                    "node-pos": 100,
                    "replacement-node": 58,
                    "part": "4",
                    "name": "MiscellaneousDeferredDebits",
                    "template-line-number": 250
                },
                {
                    "expression-node": 62,
                    "node-pos": 104,
                    "replacement-node": 61,
                    "part": "5",
                    "name": "MiscellaneousDeferredDebits",
                    "template-line-number": 255
                },
                {
                    "expression-node": 65,
                    "node-pos": 108,
                    "replacement-node": 64,
                    "part": "6",
                    "name": "MiscellaneousDeferredDebits",
                    "template-line-number": 260
                },
                {
                    "expression-node": 68,
                    "node-pos": 112,
                    "replacement-node": 67,
                    "part": "7",
                    "name": "MiscellaneousDeferredDebits",
                    "template-line-number": 265
                }
            ]
        },
        "rule-13": [
            {
                "part": null,
                "replacement-node": 34,
                "html": true,
                "template-line-number": 106,
                "node-pos": 59
            }
        ],
        "rule-5": [
            {
                "part": null,
                "replacement-node": 10,
                "html": true,
                "template-line-number": 43,
                "node-pos": 22
            }
        ],
        "rule-11": [
            {
                "expression-node": 29,
                "part": null,
                "replacement-node": 28,
                "template-line-number": 84,
                "node-pos": 48
            }
        ],
        "rule-4": [
            {
                "part": null,
                "replacement-node": 7,
                "template-line-number": 37,
                "node-pos": 18
            }
        ],
        "rule-20": [
            {
                "expression-node": 89,
                "part": null,
                "replacement-node": 88,
                "template-line-number": 357,
                "node-pos": 152
            }
        ],
        "rule-19": [
            {
                "expression-node": 86,
                "part": null,
                "replacement-node": 85,
                "template-line-number": 345,
                "node-pos": 147
            }
        ],
        "rule-14": [
            {
                "part": null,
                "replacement-node": 70,
                "template-line-number": 277,
                "node-pos": 118
            }
        ],
        "rule-18": [
            {
                "expression-node": 83,
                "part": null,
                "replacement-node": 82,
                "template-line-number": 336,
                "node-pos": 143
            }
        ],
        "rule-25": {
            "name": "MisDefDebit",
            "subs": [
                {
                    "node-pos": 75,
                    "replacement-node": 40,
                    "extras": {},
                    "part": "1",
                    "name": "MisDefDebit",
                    "template-line-number": 140
                },
                {
                    "node-pos": 79,
                    "replacement-node": 43,
                    "extras": {},
                    "part": "2",
                    "name": "MisDefDebit",
                    "template-line-number": 149
                },
                {
                    "node-pos": 73,
                    "replacement-node": 38,
                    "extras": {},
                    "part": "3",
                    "name": "MisDefDebit",
                    "template-line-number": 136
                }
            ]
        },
        "rule-7": [
            {
                "part": null,
                "replacement-node": 16,
                "template-line-number": 66,
                "node-pos": 32
            }
        ],
        "rule-24": [
            {
                "part": null,
                "replacement-node": 100,
                "template-line-number": 393,
                "node-pos": 170
            }
        ],
        "rule-2": [
            {
                "part": null,
                "replacement-node": 1,
                "template-line-number": 27,
                "node-pos": 10
            }
        ],
        "rule-8": [
            {
                "expression-node": 20,
                "part": null,
                "replacement-node": 19,
                "template-line-number": 70,
                "node-pos": 36
            }
        ],
        "rule-23": [
            {
                "part": null,
                "replacement-node": 97,
                "template-line-number": 384,
                "node-pos": 166
            }
        ],
        "rule-15": [
            {
                "expression-node": 74,
                "part": null,
                "replacement-node": 73,
                "template-line-number": 290,
                "node-pos": 124
            }
        ],
        "rule-17": [
            {
                "part": null,
                "replacement-node": 79,
                "template-line-number": 321,
                "node-pos": 137
            }
        ],
        "rule-22": [
            {
                "expression-node": 95,
                "part": null,
                "replacement-node": 94,
                "template-line-number": 379,
                "node-pos": 162
            }
        ],
        "rule-6": [
            {
                "part": null,
                "replacement-node": 13,
                "html": true,
                "template-line-number": 55,
                "node-pos": 27
            }
        ]
    },
    "showifs": {
        "rule-1": {
            "template-line-number": 17,
            "type": "showif"
        }
    },
    "line-numbers": {
        "MiscellaneousDeferredDebits": [
            {
                "template-line-number": 232,
                "start-number": 1,
                "line-number-node": 47
            }
        ]
    }
}