{
    "line-numbers": {
        "UnrecoveredPlantAndRegulatoryStudyCosts": [
            {
                "line-number-node": 43,
                "start-number": 21,
                "template-line-number": 202
            }
        ]
    },
    "substitutions": {
        "rule-18": [
            {
                "node-pos": 140,
                "part": null,
                "template-line-number": 303,
                "replacement-node": 82
            }
        ],
        "rule-14": [
            {
                "expression-node": 71,
                "part": null,
                "template-line-number": 266,
                "node-pos": 121,
                "replacement-node": 70
            }
        ],
        "rule-5": [
            {
                "node-pos": 26,
                "part": null,
                "template-line-number": 50,
                "html": true,
                "replacement-node": 12
            }
        ],
        "rule-3": [
            {
                "node-pos": 17,
                "part": null,
                "template-line-number": 32,
                "replacement-node": 6
            }
        ],
        "rule-17": [
            {
                "expression-node": 80,
                "part": null,
                "template-line-number": 298,
                "node-pos": 136,
                "replacement-node": 79
            }
        ],
        "rule-1": [
            {
                "node-pos": 9,
                "part": null,
                "template-line-number": 21,
                "replacement-node": 0
            }
        ],
        "rule-20": {
            "subs": [
                {
                    "expression-node": 47,
                    "part": "2",
                    "replacement-node": 46,
                    "node-pos": 86,
                    "name": "UnrecoveredPlantAndRegulatoryStudyCosts",
                    "template-line-number": 205
                },
                {
                    "expression-node": 50,
                    "part": "3",
                    "replacement-node": 49,
                    "node-pos": 90,
                    "name": "UnrecoveredPlantAndRegulatoryStudyCosts",
                    "template-line-number": 210
                },
                {
                    "expression-node": 53,
                    "part": "4",
                    "replacement-node": 52,
                    "node-pos": 94,
                    "name": "UnrecoveredPlantAndRegulatoryStudyCosts",
                    "template-line-number": 215
                },
                {
                    "expression-node": 56,
                    "part": "5",
                    "replacement-node": 55,
                    "node-pos": 98,
                    "name": "UnrecoveredPlantAndRegulatoryStudyCosts",
                    "template-line-number": 222
                },
                {
                    "expression-node": 59,
                    "part": "6",
                    "replacement-node": 58,
                    "node-pos": 102,
                    "name": "UnrecoveredPlantAndRegulatoryStudyCosts",
                    "template-line-number": 229
                },
                {
                    "expression-node": 62,
                    "part": "7",
                    "replacement-node": 61,
                    "node-pos": 106,
                    "name": "UnrecoveredPlantAndRegulatoryStudyCosts",
                    "template-line-number": 234
                }
            ],
            "name": "UnrecoveredPlantAndRegulatoryStudyCosts"
        },
        "rule-21": {
            "subs": [
                {
                    "part": "1",
                    "extras": {},
                    "replacement-node": 36,
                    "node-pos": 72,
                    "name": "ColumnHeadings",
                    "template-line-number": 134
                },
                {
                    "part": "2",
                    "extras": {},
                    "replacement-node": 39,
                    "node-pos": 76,
                    "name": "ColumnHeadings",
                    "template-line-number": 142
                },
                {
                    "part": "3",
                    "extras": {},
                    "replacement-node": 34,
                    "node-pos": 70,
                    "name": "ColumnHeadings",
                    "template-line-number": 130
                }
            ],
            "name": "ColumnHeadings"
        },
        "rule-16": [
            {
                "expression-node": 77,
                "part": null,
                "template-line-number": 285,
                "node-pos": 130,
                "replacement-node": 76
            }
        ],
        "rule-6": [
            {
                "node-pos": 31,
                "part": null,
                "template-line-number": 61,
                "replacement-node": 15
            }
        ],
        "rule-15": [
            {
                "expression-node": 74,
                "part": null,
                "template-line-number": 276,
                "node-pos": 126,
                "replacement-node": 73
            }
        ],
        "rule-13": [
            {
                "expression-node": 68,
                "part": null,
                "template-line-number": 257,
                "node-pos": 117,
                "replacement-node": 67
            }
        ],
        "rule-19": [
            {
                "node-pos": 144,
                "part": null,
                "template-line-number": 312,
                "replacement-node": 85
            }
        ],
        "rule-8": [
            {
                "node-pos": 39,
                "part": null,
                "template-line-number": 71,
                "replacement-node": 21
            }
        ],
        "rule-7": [
            {
                "expression-node": 19,
                "part": null,
                "template-line-number": 66,
                "node-pos": 35,
                "replacement-node": 18
            }
        ],
        "rule-9": [
            {
                "expression-node": 25,
                "part": null,
                "template-line-number": 76,
                "node-pos": 43,
                "replacement-node": 24
            }
        ],
        "rule-12": [
            {
                "node-pos": 112,
                "part": null,
                "template-line-number": 245,
                "replacement-node": 64
            }
        ],
        "rule-4": [
            {
                "node-pos": 21,
                "part": null,
                "template-line-number": 38,
                "html": true,
                "replacement-node": 9
            }
        ],
        "rule-10": [
            {
                "expression-node": 28,
                "part": null,
                "template-line-number": 81,
                "node-pos": 47,
                "replacement-node": 27
            }
        ],
        "rule-2": [
            {
                "expression-node": 4,
                "part": null,
                "template-line-number": 26,
                "node-pos": 13,
                "replacement-node": 3
            }
        ],
        "rule-11": [
            {
                "node-pos": 53,
                "part": null,
                "template-line-number": 91,
                "replacement-node": 30
            }
        ]
    },
    "showifs": {}
}