{
    "line-numbers": {
        "UnrecoveredPlantAndRegulatoryStudyCosts": [
            {
                "line-number-node": 43,
                "start-number": 21,
                "template-line-number": 202
            }
        ]
    },
    "showifs": {},
    "substitutions": {
        "rule-14": [
            {
                "replacement-node": 70,
                "node-pos": 121,
                "expression-node": 71,
                "template-line-number": 266,
                "part": null
            }
        ],
        "rule-3": [
            {
                "replacement-node": 6,
                "node-pos": 17,
                "template-line-number": 32,
                "part": null
            }
        ],
        "rule-2": [
            {
                "replacement-node": 3,
                "node-pos": 13,
                "expression-node": 4,
                "template-line-number": 26,
                "part": null
            }
        ],
        "rule-7": [
            {
                "replacement-node": 18,
                "node-pos": 35,
                "expression-node": 19,
                "template-line-number": 66,
                "part": null
            }
        ],
        "rule-18": [
            {
                "replacement-node": 82,
                "node-pos": 140,
                "template-line-number": 303,
                "part": null
            }
        ],
        "rule-5": [
            {
                "replacement-node": 12,
                "node-pos": 26,
                "template-line-number": 50,
                "html": true,
                "part": null
            }
        ],
        "rule-21": {
            "name": "UnrecoveredPlantAndRegulatoryStudyCosts",
            "subs": [
                {
                    "replacement-node": 46,
                    "expression-node": 47,
                    "name": "UnrecoveredPlantAndRegulatoryStudyCosts",
                    "node-pos": 86,
                    "template-line-number": 205,
                    "part": "2"
                },
                {
                    "replacement-node": 49,
                    "expression-node": 50,
                    "name": "UnrecoveredPlantAndRegulatoryStudyCosts",
                    "node-pos": 90,
                    "template-line-number": 210,
                    "part": "3"
                },
                {
                    "replacement-node": 52,
                    "expression-node": 53,
                    "name": "UnrecoveredPlantAndRegulatoryStudyCosts",
                    "node-pos": 94,
                    "template-line-number": 215,
                    "part": "4"
                },
                {
                    "replacement-node": 55,
                    "expression-node": 56,
                    "name": "UnrecoveredPlantAndRegulatoryStudyCosts",
                    "node-pos": 98,
                    "template-line-number": 222,
                    "part": "5"
                },
                {
                    "replacement-node": 58,
                    "expression-node": 59,
                    "name": "UnrecoveredPlantAndRegulatoryStudyCosts",
                    "node-pos": 102,
                    "template-line-number": 229,
                    "part": "6"
                },
                {
                    "replacement-node": 61,
                    "expression-node": 62,
                    "name": "UnrecoveredPlantAndRegulatoryStudyCosts",
                    "node-pos": 106,
                    "template-line-number": 234,
                    "part": "7"
                }
            ]
        },
        "rule-15": [
            {
                "replacement-node": 73,
                "node-pos": 126,
                "expression-node": 74,
                "template-line-number": 276,
                "part": null
            }
        ],
        "rule-19": [
            {
                "replacement-node": 85,
                "node-pos": 144,
                "template-line-number": 312,
                "part": null
            }
        ],
        "rule-10": [
            {
                "replacement-node": 27,
                "node-pos": 47,
                "expression-node": 28,
                "template-line-number": 81,
                "part": null
            }
        ],
        "rule-9": [
            {
                "replacement-node": 24,
                "node-pos": 43,
                "expression-node": 25,
                "template-line-number": 76,
                "part": null
            }
        ],
        "rule-1": [
            {
                "replacement-node": 0,
                "node-pos": 9,
                "template-line-number": 21,
                "part": null
            }
        ],
        "rule-11": [
            {
                "replacement-node": 30,
                "node-pos": 53,
                "template-line-number": 91,
                "part": null
            }
        ],
        "rule-8": [
            {
                "replacement-node": 21,
                "node-pos": 39,
                "template-line-number": 71,
                "part": null
            }
        ],
        "rule-17": [
            {
                "replacement-node": 79,
                "node-pos": 136,
                "expression-node": 80,
                "template-line-number": 298,
                "part": null
            }
        ],
        "rule-4": [
            {
                "replacement-node": 9,
                "node-pos": 21,
                "template-line-number": 38,
                "html": true,
                "part": null
            }
        ],
        "rule-13": [
            {
                "replacement-node": 67,
                "node-pos": 117,
                "expression-node": 68,
                "template-line-number": 257,
                "part": null
            }
        ],
        "rule-12": [
            {
                "replacement-node": 64,
                "node-pos": 112,
                "template-line-number": 245,
                "part": null
            }
        ],
        "rule-16": [
            {
                "replacement-node": 76,
                "node-pos": 130,
                "expression-node": 77,
                "template-line-number": 285,
                "part": null
            }
        ],
        "rule-6": [
            {
                "replacement-node": 15,
                "node-pos": 31,
                "template-line-number": 61,
                "part": null
            }
        ],
        "rule-20": {
            "name": "ColumnHeadings",
            "subs": [
                {
                    "replacement-node": 36,
                    "name": "ColumnHeadings",
                    "node-pos": 72,
                    "template-line-number": 134,
                    "part": "1",
                    "extras": {}
                },
                {
                    "replacement-node": 39,
                    "name": "ColumnHeadings",
                    "node-pos": 76,
                    "template-line-number": 142,
                    "part": "2",
                    "extras": {}
                },
                {
                    "replacement-node": 34,
                    "name": "ColumnHeadings",
                    "node-pos": 70,
                    "template-line-number": 130,
                    "part": "3",
                    "extras": {}
                }
            ]
        }
    }
}