{
    "showifs": {
        "rule-1": {
            "template-line-number": 17,
            "type": "showif"
        }
    },
    "substitutions": {
        "rule-12": [
            {
                "part": null,
                "template-line-number": 97,
                "replacement-node": 31,
                "node-pos": 57
            }
        ],
        "rule-14": [
            {
                "part": null,
                "template-line-number": 152,
                "replacement-node": 44,
                "node-pos": 83
            }
        ],
        "rule-2": [
            {
                "part": null,
                "template-line-number": 27,
                "replacement-node": 1,
                "node-pos": 10
            }
        ],
        "rule-9": [
            {
                "part": null,
                "template-line-number": 77,
                "replacement-node": 22,
                "node-pos": 42
            }
        ],
        "rule-5": [
            {
                "html": true,
                "part": null,
                "template-line-number": 44,
                "replacement-node": 10,
                "node-pos": 23
            }
        ],
        "rule-11": [
            {
                "part": null,
                "template-line-number": 87,
                "replacement-node": 28,
                "expression-node": 29,
                "node-pos": 51
            }
        ],
        "rule-20": {
            "subs": [
                {
                    "part": "10",
                    "template-line-number": 260,
                    "replacement-node": 72,
                    "name": "DeferredIncomeTaxesLineItems",
                    "expression-node": 73,
                    "node-pos": 132
                },
                {
                    "part": "11",
                    "template-line-number": 265,
                    "replacement-node": 75,
                    "name": "DeferredIncomeTaxesLineItems",
                    "expression-node": 76,
                    "node-pos": 136
                },
                {
                    "part": "12",
                    "template-line-number": 270,
                    "replacement-node": 78,
                    "name": "DeferredIncomeTaxesLineItems",
                    "expression-node": 79,
                    "node-pos": 140
                },
                {
                    "part": "13",
                    "template-line-number": 275,
                    "replacement-node": 81,
                    "name": "DeferredIncomeTaxesLineItems",
                    "expression-node": 82,
                    "node-pos": 144
                },
                {
                    "part": "2",
                    "template-line-number": 224,
                    "replacement-node": 51,
                    "name": "DeferredIncomeTaxesLineItems",
                    "extras": {},
                    "node-pos": 104
                },
                {
                    "part": "3",
                    "template-line-number": 218,
                    "replacement-node": 48,
                    "name": "DeferredIncomeTaxesLineItems",
                    "extras": {},
                    "node-pos": 100
                },
                {
                    "part": "4",
                    "template-line-number": 230,
                    "replacement-node": 54,
                    "name": "DeferredIncomeTaxesLineItems",
                    "expression-node": 55,
                    "node-pos": 108
                },
                {
                    "part": "5",
                    "template-line-number": 235,
                    "replacement-node": 57,
                    "name": "DeferredIncomeTaxesLineItems",
                    "expression-node": 58,
                    "node-pos": 112
                },
                {
                    "part": "6",
                    "template-line-number": 240,
                    "replacement-node": 60,
                    "name": "DeferredIncomeTaxesLineItems",
                    "expression-node": 61,
                    "node-pos": 116
                },
                {
                    "part": "7",
                    "template-line-number": 245,
                    "replacement-node": 63,
                    "name": "DeferredIncomeTaxesLineItems",
                    "expression-node": 64,
                    "node-pos": 120
                },
                {
                    "part": "8",
                    "template-line-number": 250,
                    "replacement-node": 66,
                    "name": "DeferredIncomeTaxesLineItems",
                    "expression-node": 67,
                    "node-pos": 124
                },
                {
                    "part": "9",
                    "template-line-number": 255,
                    "replacement-node": 69,
                    "name": "DeferredIncomeTaxesLineItems",
                    "expression-node": 70,
                    "node-pos": 128
                }
            ],
            "name": "DeferredIncomeTaxesLineItems"
        },
        "rule-3": [
            {
                "part": null,
                "template-line-number": 32,
                "replacement-node": 4,
                "expression-node": 5,
                "node-pos": 15
            }
        ],
        "rule-18": [
            {
                "part": null,
                "template-line-number": 459,
                "replacement-node": 129,
                "node-pos": 224
            }
        ],
        "rule-17": [
            {
                "part": null,
                "template-line-number": 450,
                "replacement-node": 126,
                "node-pos": 220
            }
        ],
        "rule-15": [
            {
                "part": null,
                "template-line-number": 287,
                "replacement-node": 84,
                "node-pos": 150
            }
        ],
        "rule-10": [
            {
                "part": null,
                "template-line-number": 82,
                "replacement-node": 25,
                "expression-node": 26,
                "node-pos": 47
            }
        ],
        "rule-8": [
            {
                "part": null,
                "template-line-number": 72,
                "replacement-node": 19,
                "expression-node": 20,
                "node-pos": 38
            }
        ],
        "rule-6": [
            {
                "html": true,
                "part": null,
                "template-line-number": 56,
                "replacement-node": 13,
                "node-pos": 28
            }
        ],
        "rule-21": {
            "subs": [
                {
                    "part": "1",
                    "template-line-number": 360,
                    "replacement-node": 91,
                    "name": "TaxClassificationLineItems",
                    "extras": {},
                    "node-pos": 171
                },
                {
                    "part": "2",
                    "template-line-number": 367,
                    "replacement-node": 93,
                    "name": "TaxClassificationLineItems",
                    "expression-node": 94,
                    "node-pos": 174
                },
                {
                    "part": "3",
                    "template-line-number": 375,
                    "replacement-node": 96,
                    "name": "TaxClassificationLineItems",
                    "expression-node": 97,
                    "node-pos": 178
                },
                {
                    "part": "4",
                    "template-line-number": 383,
                    "replacement-node": 99,
                    "name": "TaxClassificationLineItems",
                    "expression-node": 100,
                    "node-pos": 182
                },
                {
                    "part": "5",
                    "template-line-number": 391,
                    "replacement-node": 102,
                    "name": "TaxClassificationLineItems",
                    "expression-node": 103,
                    "node-pos": 186
                },
                {
                    "part": "6",
                    "template-line-number": 399,
                    "replacement-node": 105,
                    "name": "TaxClassificationLineItems",
                    "expression-node": 106,
                    "node-pos": 190
                },
                {
                    "part": "6",
                    "template-line-number": 414,
                    "replacement-node": 111,
                    "name": "TaxClassificationLineItems",
                    "expression-node": 112,
                    "node-pos": 198
                },
                {
                    "part": "6",
                    "template-line-number": 428,
                    "replacement-node": 117,
                    "name": "TaxClassificationLineItems",
                    "expression-node": 118,
                    "node-pos": 206
                },
                {
                    "part": "6",
                    "template-line-number": 435,
                    "replacement-node": 120,
                    "name": "TaxClassificationLineItems",
                    "expression-node": 121,
                    "node-pos": 210
                },
                {
                    "part": "7",
                    "template-line-number": 407,
                    "replacement-node": 108,
                    "name": "TaxClassificationLineItems",
                    "expression-node": 109,
                    "node-pos": 194
                },
                {
                    "part": "7",
                    "template-line-number": 421,
                    "replacement-node": 114,
                    "name": "TaxClassificationLineItems",
                    "expression-node": 115,
                    "node-pos": 202
                }
            ],
            "name": "TaxClassificationLineItems"
        },
        "rule-4": [
            {
                "part": null,
                "template-line-number": 38,
                "replacement-node": 7,
                "node-pos": 19
            }
        ],
        "rule-13": [
            {
                "html": true,
                "part": null,
                "template-line-number": 108,
                "replacement-node": 34,
                "node-pos": 62
            }
        ],
        "rule-7": [
            {
                "part": null,
                "template-line-number": 67,
                "replacement-node": 16,
                "node-pos": 33
            }
        ],
        "rule-16": [
            {
                "part": null,
                "template-line-number": 445,
                "replacement-node": 123,
                "expression-node": 124,
                "node-pos": 216
            }
        ],
        "rule-19": {
            "subs": [
                {
                    "part": "1",
                    "template-line-number": 134,
                    "replacement-node": 38,
                    "name": "DeferredIncomeTaxesHeadings",
                    "extras": {},
                    "node-pos": 73
                },
                {
                    "part": "2",
                    "template-line-number": 141,
                    "replacement-node": 41,
                    "name": "DeferredIncomeTaxesHeadings",
                    "extras": {},
                    "node-pos": 77
                }
            ],
            "name": "DeferredIncomeTaxesHeadings"
        }
    },
    "line-numbers": {
        "TaxClassificationLineItems": [
            {
                "start-number": 9,
                "line-number-node": 88,
                "template-line-number": 352
            }
        ]
    }
}