{
    "showifs": {
        "rule-1": {
            "template-line-number": 16,
            "type": "showif"
        }
    },
    "line-numbers": {},
    "substitutions": {
        "rule-19": [
            {
                "template-line-number": 170,
                "part": null,
                "node-pos": 93,
                "replacement-node": 52
            }
        ],
        "rule-5": [
            {
                "template-line-number": 42,
                "part": null,
                "html": true,
                "node-pos": 22,
                "replacement-node": 10
            }
        ],
        "rule-20": [
            {
                "template-line-number": 179,
                "part": null,
                "node-pos": 97,
                "replacement-node": 55
            }
        ],
        "rule-14": [
            {
                "expression-node": 38,
                "html": true,
                "replacement-node": 37,
                "template-line-number": 119,
                "part": null,
                "node-pos": 68
            }
        ],
        "rule-17": [
            {
                "expression-node": 47,
                "html": true,
                "replacement-node": 46,
                "template-line-number": 152,
                "part": null,
                "node-pos": 83
            }
        ],
        "rule-12": [
            {
                "template-line-number": 93,
                "part": null,
                "node-pos": 54,
                "replacement-node": 31
            }
        ],
        "rule-15": [
            {
                "expression-node": 41,
                "html": true,
                "replacement-node": 40,
                "template-line-number": 130,
                "part": null,
                "node-pos": 73
            }
        ],
        "rule-4": [
            {
                "template-line-number": 36,
                "part": null,
                "node-pos": 18,
                "replacement-node": 7
            }
        ],
        "rule-6": [
            {
                "template-line-number": 54,
                "part": null,
                "html": true,
                "node-pos": 27,
                "replacement-node": 13
            }
        ],
        "rule-8": [
            {
                "expression-node": 20,
                "template-line-number": 69,
                "part": null,
                "node-pos": 36,
                "replacement-node": 19
            }
        ],
        "rule-9": [
            {
                "template-line-number": 74,
                "part": null,
                "node-pos": 40,
                "replacement-node": 22
            }
        ],
        "rule-11": [
            {
                "expression-node": 29,
                "template-line-number": 83,
                "part": null,
                "node-pos": 48,
                "replacement-node": 28
            }
        ],
        "rule-7": [
            {
                "template-line-number": 65,
                "part": null,
                "node-pos": 32,
                "replacement-node": 16
            }
        ],
        "rule-16": [
            {
                "expression-node": 44,
                "html": true,
                "replacement-node": 43,
                "template-line-number": 141,
                "part": null,
                "node-pos": 78
            }
        ],
        "rule-2": [
            {
                "template-line-number": 26,
                "part": null,
                "node-pos": 10,
                "replacement-node": 1
            }
        ],
        "rule-10": [
            {
                "expression-node": 26,
                "template-line-number": 78,
                "part": null,
                "node-pos": 44,
                "replacement-node": 25
            }
        ],
        "rule-18": [
            {
                "expression-node": 50,
                "template-line-number": 165,
                "part": null,
                "node-pos": 89,
                "replacement-node": 49
            }
        ],
        "rule-13": [
            {
                "template-line-number": 104,
                "part": null,
                "html": true,
                "node-pos": 59,
                "replacement-node": 34
            }
        ],
        "rule-3": [
            {
                "expression-node": 5,
                "template-line-number": 30,
                "part": null,
                "node-pos": 14,
                "replacement-node": 4
            }
        ]
    }
}