{
    "showifs": {},
    "substitutions": {
        "rule-3": [
            {
                "node-pos": 17,
                "replacement-node": 6,
                "template-line-number": 32,
                "part": null
            }
        ],
        "rule-23": {
            "subs": [
                {
                    "node-pos": 94,
                    "replacement-node": 39,
                    "template-line-number": 187,
                    "extras": {},
                    "name": "ColumnHeadings",
                    "part": "1"
                },
                {
                    "node-pos": 98,
                    "replacement-node": 42,
                    "template-line-number": 195,
                    "extras": {},
                    "name": "ColumnHeadings",
                    "part": "2"
                },
                {
                    "node-pos": 92,
                    "replacement-node": 37,
                    "template-line-number": 183,
                    "extras": {},
                    "name": "ColumnHeadings",
                    "part": "3"
                }
            ],
            "name": "ColumnHeadings"
        },
        "rule-17": [
            {
                "expression-node": 103,
                "replacement-node": 102,
                "template-line-number": 478,
                "part": null,
                "node-pos": 188
            }
        ],
        "rule-22": [
            {
                "node-pos": 210,
                "replacement-node": 117,
                "template-line-number": 531,
                "part": null
            }
        ],
        "rule-10": [
            {
                "expression-node": 28,
                "replacement-node": 27,
                "template-line-number": 102,
                "part": null,
                "node-pos": 47
            }
        ],
        "rule-13": [
            {
                "expression-node": 91,
                "replacement-node": 90,
                "template-line-number": 437,
                "part": null,
                "node-pos": 172
            }
        ],
        "rule-7": [
            {
                "expression-node": 19,
                "replacement-node": 18,
                "template-line-number": 82,
                "part": null,
                "node-pos": 35
            }
        ],
        "rule-9": [
            {
                "expression-node": 25,
                "replacement-node": 24,
                "template-line-number": 96,
                "part": null,
                "node-pos": 43
            }
        ],
        "rule-20": [
            {
                "expression-node": 112,
                "replacement-node": 111,
                "template-line-number": 514,
                "part": null,
                "node-pos": 202
            }
        ],
        "rule-16": [
            {
                "expression-node": 100,
                "replacement-node": 99,
                "template-line-number": 468,
                "part": null,
                "node-pos": 184
            }
        ],
        "rule-8": [
            {
                "node-pos": 39,
                "replacement-node": 21,
                "template-line-number": 89,
                "part": null
            }
        ],
        "rule-11": [
            {
                "node-pos": 53,
                "replacement-node": 30,
                "template-line-number": 115,
                "part": null
            }
        ],
        "rule-18": [
            {
                "expression-node": 106,
                "replacement-node": 105,
                "template-line-number": 488,
                "part": null,
                "node-pos": 192
            }
        ],
        "rule-21": [
            {
                "node-pos": 206,
                "replacement-node": 114,
                "template-line-number": 521,
                "part": null
            }
        ],
        "rule-1": [
            {
                "node-pos": 9,
                "replacement-node": 0,
                "template-line-number": 18,
                "part": null
            }
        ],
        "rule-4": [
            {
                "node-pos": 21,
                "replacement-node": 9,
                "html": true,
                "template-line-number": 40,
                "part": null
            }
        ],
        "rule-5": [
            {
                "node-pos": 26,
                "replacement-node": 12,
                "html": true,
                "template-line-number": 57,
                "part": null
            }
        ],
        "rule-15": [
            {
                "expression-node": 97,
                "replacement-node": 96,
                "template-line-number": 457,
                "part": null,
                "node-pos": 180
            }
        ],
        "rule-24": {
            "subs": [
                {
                    "node-pos": 139,
                    "replacement-node": 72,
                    "template-line-number": 369,
                    "name": "TransmissionOfElectricityForOthers",
                    "expression-node": 73,
                    "part": "10"
                },
                {
                    "node-pos": 143,
                    "replacement-node": 75,
                    "template-line-number": 378,
                    "name": "TransmissionOfElectricityForOthers",
                    "expression-node": 76,
                    "part": "11"
                },
                {
                    "node-pos": 147,
                    "replacement-node": 78,
                    "template-line-number": 388,
                    "name": "TransmissionOfElectricityForOthers",
                    "expression-node": 79,
                    "part": "12"
                },
                {
                    "node-pos": 151,
                    "replacement-node": 81,
                    "template-line-number": 397,
                    "name": "TransmissionOfElectricityForOthers",
                    "expression-node": 82,
                    "part": "13"
                },
                {
                    "node-pos": 155,
                    "replacement-node": 84,
                    "template-line-number": 406,
                    "name": "TransmissionOfElectricityForOthers",
                    "expression-node": 85,
                    "part": "14"
                },
                {
                    "node-pos": 159,
                    "replacement-node": 87,
                    "template-line-number": 415,
                    "name": "TransmissionOfElectricityForOthers",
                    "expression-node": 88,
                    "part": "15"
                },
                {
                    "node-pos": 107,
                    "replacement-node": 48,
                    "template-line-number": 297,
                    "name": "TransmissionOfElectricityForOthers",
                    "expression-node": 49,
                    "part": "2"
                },
                {
                    "node-pos": 111,
                    "replacement-node": 51,
                    "template-line-number": 306,
                    "name": "TransmissionOfElectricityForOthers",
                    "expression-node": 52,
                    "part": "3"
                },
                {
                    "node-pos": 115,
                    "replacement-node": 54,
                    "template-line-number": 315,
                    "name": "TransmissionOfElectricityForOthers",
                    "expression-node": 55,
                    "part": "4"
                },
                {
                    "node-pos": 119,
                    "replacement-node": 57,
                    "template-line-number": 324,
                    "name": "TransmissionOfElectricityForOthers",
                    "expression-node": 58,
                    "part": "5"
                },
                {
                    "node-pos": 123,
                    "replacement-node": 60,
                    "template-line-number": 333,
                    "name": "TransmissionOfElectricityForOthers",
                    "expression-node": 61,
                    "part": "6"
                },
                {
                    "node-pos": 127,
                    "replacement-node": 63,
                    "template-line-number": 342,
                    "name": "TransmissionOfElectricityForOthers",
                    "expression-node": 64,
                    "part": "7"
                },
                {
                    "node-pos": 131,
                    "replacement-node": 66,
                    "template-line-number": 351,
                    "name": "TransmissionOfElectricityForOthers",
                    "expression-node": 67,
                    "part": "8"
                },
                {
                    "node-pos": 135,
                    "replacement-node": 69,
                    "template-line-number": 360,
                    "name": "TransmissionOfElectricityForOthers",
                    "expression-node": 70,
                    "part": "9"
                }
            ],
            "name": "TransmissionOfElectricityForOthers"
        },
        "rule-6": [
            {
                "node-pos": 31,
                "replacement-node": 15,
                "template-line-number": 75,
                "part": null
            }
        ],
        "rule-12": [
            {
                "node-pos": 58,
                "replacement-node": 33,
                "html": true,
                "template-line-number": 126,
                "part": null
            }
        ],
        "rule-19": [
            {
                "expression-node": 109,
                "replacement-node": 108,
                "template-line-number": 498,
                "part": null,
                "node-pos": 196
            }
        ],
        "rule-14": [
            {
                "expression-node": 94,
                "replacement-node": 93,
                "template-line-number": 447,
                "part": null,
                "node-pos": 176
            }
        ],
        "rule-2": [
            {
                "expression-node": 4,
                "replacement-node": 3,
                "template-line-number": 25,
                "part": null,
                "node-pos": 13
            }
        ]
    },
    "line-numbers": {
        "TransmissionOfElectricityForOthers": [
            {
                "start-number": 1,
                "template-line-number": 292,
                "line-number-node": 46
            }
        ]
    }
}