{
    "line-numbers": {
        "TransmissionOfElectricity": [
            {
                "start-number": 1,
                "line-number-node": 46,
                "template-line-number": 255
            }
        ]
    },
    "showifs": {},
    "substitutions": {
        "rule-4": [
            {
                "replacement-node": 9,
                "node-pos": 21,
                "part": null,
                "template-line-number": 40,
                "html": true
            }
        ],
        "rule-21": [
            {
                "replacement-node": 96,
                "node-pos": 168,
                "part": null,
                "template-line-number": 406
            }
        ],
        "rule-3": [
            {
                "replacement-node": 6,
                "node-pos": 17,
                "part": null,
                "template-line-number": 32
            }
        ],
        "rule-15": [
            {
                "expression-node": 79,
                "replacement-node": 78,
                "node-pos": 142,
                "part": null,
                "template-line-number": 349
            }
        ],
        "rule-6": [
            {
                "replacement-node": 15,
                "node-pos": 31,
                "part": null,
                "template-line-number": 75
            }
        ],
        "rule-10": [
            {
                "expression-node": 28,
                "replacement-node": 27,
                "node-pos": 47,
                "part": null,
                "template-line-number": 102
            }
        ],
        "rule-20": [
            {
                "expression-node": 94,
                "replacement-node": 93,
                "node-pos": 164,
                "part": null,
                "template-line-number": 399
            }
        ],
        "rule-23": {
            "subs": [
                {
                    "replacement-node": 39,
                    "node-pos": 85,
                    "extras": {},
                    "template-line-number": 178,
                    "part": "1",
                    "name": "ColumnHeadings"
                },
                {
                    "replacement-node": 42,
                    "node-pos": 89,
                    "extras": {},
                    "template-line-number": 186,
                    "part": "2",
                    "name": "ColumnHeadings"
                },
                {
                    "replacement-node": 37,
                    "node-pos": 83,
                    "extras": {},
                    "template-line-number": 174,
                    "part": "3",
                    "name": "ColumnHeadings"
                }
            ],
            "name": "ColumnHeadings"
        },
        "rule-17": [
            {
                "expression-node": 85,
                "replacement-node": 84,
                "node-pos": 150,
                "part": null,
                "template-line-number": 367
            }
        ],
        "rule-8": [
            {
                "replacement-node": 21,
                "node-pos": 39,
                "part": null,
                "template-line-number": 89
            }
        ],
        "rule-13": [
            {
                "replacement-node": 72,
                "node-pos": 132,
                "part": null,
                "template-line-number": 327
            }
        ],
        "rule-19": [
            {
                "expression-node": 91,
                "replacement-node": 90,
                "node-pos": 158,
                "part": null,
                "template-line-number": 385
            }
        ],
        "rule-14": [
            {
                "expression-node": 76,
                "replacement-node": 75,
                "node-pos": 138,
                "part": null,
                "template-line-number": 340
            }
        ],
        "rule-1": [
            {
                "replacement-node": 0,
                "node-pos": 9,
                "part": null,
                "template-line-number": 18
            }
        ],
        "rule-11": [
            {
                "replacement-node": 30,
                "node-pos": 53,
                "part": null,
                "template-line-number": 115
            }
        ],
        "rule-12": [
            {
                "replacement-node": 33,
                "node-pos": 58,
                "part": null,
                "template-line-number": 126,
                "html": true
            }
        ],
        "rule-16": [
            {
                "expression-node": 82,
                "replacement-node": 81,
                "node-pos": 146,
                "part": null,
                "template-line-number": 358
            }
        ],
        "rule-2": [
            {
                "expression-node": 4,
                "replacement-node": 3,
                "node-pos": 13,
                "part": null,
                "template-line-number": 25
            }
        ],
        "rule-5": [
            {
                "replacement-node": 12,
                "node-pos": 26,
                "part": null,
                "template-line-number": 57,
                "html": true
            }
        ],
        "rule-24": {
            "subs": [
                {
                    "replacement-node": 48,
                    "node-pos": 98,
                    "part": "2",
                    "template-line-number": 260,
                    "expression-node": 49,
                    "name": "TransmissionOfElectricity"
                },
                {
                    "replacement-node": 51,
                    "node-pos": 102,
                    "part": "3",
                    "template-line-number": 268,
                    "expression-node": 52,
                    "name": "TransmissionOfElectricity"
                },
                {
                    "replacement-node": 54,
                    "node-pos": 106,
                    "part": "4",
                    "template-line-number": 276,
                    "expression-node": 55,
                    "name": "TransmissionOfElectricity"
                },
                {
                    "replacement-node": 57,
                    "node-pos": 110,
                    "part": "5",
                    "template-line-number": 284,
                    "expression-node": 58,
                    "name": "TransmissionOfElectricity"
                },
                {
                    "replacement-node": 60,
                    "node-pos": 114,
                    "part": "6",
                    "template-line-number": 292,
                    "expression-node": 61,
                    "name": "TransmissionOfElectricity"
                },
                {
                    "replacement-node": 63,
                    "node-pos": 118,
                    "part": "7",
                    "template-line-number": 300,
                    "expression-node": 64,
                    "name": "TransmissionOfElectricity"
                },
                {
                    "replacement-node": 66,
                    "node-pos": 122,
                    "part": "8",
                    "template-line-number": 308,
                    "expression-node": 67,
                    "name": "TransmissionOfElectricity"
                },
                {
                    "replacement-node": 69,
                    "node-pos": 126,
                    "part": "9",
                    "template-line-number": 316,
                    "expression-node": 70,
                    "name": "TransmissionOfElectricity"
                }
            ],
            "name": "TransmissionOfElectricity"
        },
        "rule-18": [
            {
                "expression-node": 88,
                "replacement-node": 87,
                "node-pos": 154,
                "part": null,
                "template-line-number": 376
            }
        ],
        "rule-22": [
            {
                "replacement-node": 99,
                "node-pos": 172,
                "part": null,
                "template-line-number": 416
            }
        ],
        "rule-7": [
            {
                "expression-node": 19,
                "replacement-node": 18,
                "node-pos": 35,
                "part": null,
                "template-line-number": 82
            }
        ],
        "rule-9": [
            {
                "expression-node": 25,
                "replacement-node": 24,
                "node-pos": 43,
                "part": null,
                "template-line-number": 96
            }
        ]
    }
}