{
    "line-numbers": {},
    "substitutions": {
        "rule-18": {
            "name": "APLineItems",
            "subs": [
                {
                    "part": "1",
                    "extras": {},
                    "template-line-number": 202,
                    "name": "APLineItems",
                    "replacement-node": 45,
                    "node-pos": 78
                },
                {
                    "part": "2",
                    "extras": {},
                    "template-line-number": 213,
                    "name": "APLineItems",
                    "replacement-node": 50,
                    "node-pos": 86
                },
                {
                    "part": "3",
                    "node-pos": 91,
                    "name": "APLineItems",
                    "template-line-number": 222,
                    "replacement-node": 54,
                    "expression-node": 55
                },
                {
                    "part": "4",
                    "node-pos": 95,
                    "name": "APLineItems",
                    "template-line-number": 228,
                    "replacement-node": 57,
                    "expression-node": 58
                },
                {
                    "part": "5",
                    "node-pos": 99,
                    "name": "APLineItems",
                    "template-line-number": 234,
                    "replacement-node": 60,
                    "expression-node": 61
                },
                {
                    "part": "6",
                    "node-pos": 103,
                    "name": "APLineItems",
                    "template-line-number": 240,
                    "replacement-node": 63,
                    "expression-node": 64
                },
                {
                    "part": "7",
                    "node-pos": 107,
                    "name": "APLineItems",
                    "template-line-number": 246,
                    "replacement-node": 66,
                    "expression-node": 67
                },
                {
                    "part": "8",
                    "extras": {},
                    "template-line-number": 209,
                    "name": "APLineItems",
                    "replacement-node": 48,
                    "node-pos": 84
                },
                {
                    "part": "8",
                    "node-pos": 111,
                    "name": "APLineItems",
                    "template-line-number": 252,
                    "replacement-node": 69,
                    "expression-node": 70
                },
                {
                    "part": "9",
                    "node-pos": 115,
                    "name": "APLineItems",
                    "template-line-number": 258,
                    "replacement-node": 72,
                    "expression-node": 73
                }
            ]
        },
        "rule-17": {
            "name": "APHeadings",
            "subs": [
                {
                    "part": "1",
                    "extras": {},
                    "template-line-number": 133,
                    "name": "APHeadings",
                    "replacement-node": 38,
                    "node-pos": 68
                },
                {
                    "part": "2",
                    "extras": {},
                    "template-line-number": 140,
                    "name": "APHeadings",
                    "replacement-node": 41,
                    "node-pos": 72
                }
            ]
        },
        "rule-6": [
            {
                "html": true,
                "template-line-number": 59,
                "part": null,
                "replacement-node": 13,
                "node-pos": 27
            }
        ],
        "rule-9": [
            {
                "template-line-number": 79,
                "part": null,
                "replacement-node": 22,
                "node-pos": 40
            }
        ],
        "rule-10": [
            {
                "template-line-number": 83,
                "part": null,
                "replacement-node": 25,
                "node-pos": 44,
                "expression-node": 26
            }
        ],
        "rule-16": [
            {
                "template-line-number": 287,
                "part": null,
                "replacement-node": 81,
                "node-pos": 129
            }
        ],
        "rule-7": [
            {
                "template-line-number": 70,
                "part": null,
                "replacement-node": 16,
                "node-pos": 32
            }
        ],
        "rule-15": [
            {
                "template-line-number": 277,
                "part": null,
                "replacement-node": 78,
                "node-pos": 125
            }
        ],
        "rule-8": [
            {
                "template-line-number": 74,
                "part": null,
                "replacement-node": 19,
                "node-pos": 36,
                "expression-node": 20
            }
        ],
        "rule-3": [
            {
                "template-line-number": 35,
                "part": null,
                "replacement-node": 4,
                "node-pos": 14,
                "expression-node": 5
            }
        ],
        "rule-4": [
            {
                "template-line-number": 41,
                "part": null,
                "replacement-node": 7,
                "node-pos": 18
            }
        ],
        "rule-13": [
            {
                "html": true,
                "template-line-number": 110,
                "part": null,
                "replacement-node": 34,
                "node-pos": 59
            }
        ],
        "rule-11": [
            {
                "template-line-number": 88,
                "part": null,
                "replacement-node": 28,
                "node-pos": 48,
                "expression-node": 29
            }
        ],
        "rule-5": [
            {
                "html": true,
                "template-line-number": 47,
                "part": null,
                "replacement-node": 10,
                "node-pos": 22
            }
        ],
        "rule-2": [
            {
                "template-line-number": 31,
                "part": null,
                "replacement-node": 1,
                "node-pos": 10
            }
        ],
        "rule-14": [
            {
                "template-line-number": 270,
                "part": null,
                "replacement-node": 75,
                "node-pos": 121,
                "expression-node": 76
            }
        ],
        "rule-12": [
            {
                "template-line-number": 98,
                "part": null,
                "replacement-node": 31,
                "node-pos": 54
            }
        ]
    },
    "showifs": {
        "rule-1": {
            "template-line-number": 18,
            "type": "showif"
        }
    }
}