{
    "substitutions": {
        "rule-10": [
            {
                "part": null,
                "template-line-number": 82,
                "replacement-node": 27,
                "node-pos": 48,
                "expression-node": 28
            }
        ],
        "rule-3": [
            {
                "part": null,
                "template-line-number": 33,
                "replacement-node": 6,
                "node-pos": 18
            }
        ],
        "rule-17": {
            "name": "ColumnHeadings",
            "subs": [
                {
                    "part": "1",
                    "template-line-number": 126,
                    "replacement-node": 37,
                    "node-pos": 68,
                    "name": "ColumnHeadings",
                    "extras": {}
                },
                {
                    "part": "2",
                    "template-line-number": 133,
                    "replacement-node": 40,
                    "node-pos": 72,
                    "name": "ColumnHeadings",
                    "extras": {}
                }
            ]
        },
        "rule-11": [
            {
                "part": null,
                "template-line-number": 92,
                "replacement-node": 30,
                "node-pos": 54
            }
        ],
        "rule-9": [
            {
                "part": null,
                "template-line-number": 77,
                "replacement-node": 24,
                "node-pos": 44,
                "expression-node": 25
            }
        ],
        "rule-7": [
            {
                "part": null,
                "template-line-number": 67,
                "replacement-node": 18,
                "node-pos": 36,
                "expression-node": 19
            }
        ],
        "rule-2": [
            {
                "part": null,
                "template-line-number": 27,
                "replacement-node": 3,
                "node-pos": 14,
                "expression-node": 4
            }
        ],
        "rule-4": [
            {
                "part": null,
                "template-line-number": 39,
                "replacement-node": 9,
                "node-pos": 22,
                "html": true
            }
        ],
        "rule-8": [
            {
                "part": null,
                "template-line-number": 72,
                "replacement-node": 21,
                "node-pos": 40
            }
        ],
        "rule-16": {
            "name": "OPICLineItems",
            "subs": [
                {
                    "part": "1",
                    "template-line-number": 285,
                    "replacement-node": 44,
                    "node-pos": 78,
                    "name": "OPICLineItems",
                    "extras": {}
                },
                {
                    "part": "2",
                    "template-line-number": 296,
                    "replacement-node": 49,
                    "expression-node": 50,
                    "node-pos": 86,
                    "name": "OPICLineItems"
                },
                {
                    "part": "4",
                    "template-line-number": 304,
                    "replacement-node": 53,
                    "expression-node": 54,
                    "node-pos": 91,
                    "name": "OPICLineItems"
                },
                {
                    "part": "5",
                    "template-line-number": 310,
                    "replacement-node": 55,
                    "expression-node": 56,
                    "node-pos": 94,
                    "name": "OPICLineItems"
                },
                {
                    "part": "6",
                    "template-line-number": 292,
                    "replacement-node": 47,
                    "node-pos": 84,
                    "name": "OPICLineItems",
                    "extras": {}
                }
            ]
        },
        "rule-5": [
            {
                "part": null,
                "template-line-number": 51,
                "replacement-node": 12,
                "node-pos": 27,
                "html": true
            }
        ],
        "rule-14": [
            {
                "part": null,
                "template-line-number": 328,
                "replacement-node": 62,
                "node-pos": 105
            }
        ],
        "rule-6": [
            {
                "part": null,
                "template-line-number": 62,
                "replacement-node": 15,
                "node-pos": 32
            }
        ],
        "rule-13": [
            {
                "part": null,
                "template-line-number": 323,
                "replacement-node": 59,
                "node-pos": 101,
                "expression-node": 60
            }
        ],
        "rule-12": [
            {
                "part": null,
                "template-line-number": 103,
                "replacement-node": 33,
                "node-pos": 59,
                "html": true
            }
        ],
        "rule-1": [
            {
                "part": null,
                "template-line-number": 22,
                "replacement-node": 0,
                "node-pos": 10
            }
        ],
        "rule-15": [
            {
                "part": null,
                "template-line-number": 337,
                "replacement-node": 65,
                "node-pos": 109
            }
        ]
    },
    "showifs": {},
    "line-numbers": {}
}