{
    "substitutions": {
        "rule-11": {
            "subs": [
                {
                    "part": "2",
                    "template-line-number": 171,
                    "name": "GenPlants",
                    "expression-node": 34,
                    "replacement-node": 33,
                    "node-pos": 68
                },
                {
                    "part": "3",
                    "template-line-number": 176,
                    "name": "GenPlants",
                    "expression-node": 37,
                    "replacement-node": 36,
                    "node-pos": 72
                },
                {
                    "part": "4",
                    "template-line-number": 181,
                    "name": "GenPlants",
                    "expression-node": 40,
                    "replacement-node": 39,
                    "node-pos": 76
                },
                {
                    "part": "5",
                    "template-line-number": 186,
                    "name": "GenPlants",
                    "expression-node": 43,
                    "replacement-node": 42,
                    "node-pos": 80
                }
            ],
            "name": "GenPlants"
        },
        "rule-9": [
            {
                "expression-node": 49,
                "part": null,
                "replacement-node": 48,
                "template-line-number": 205,
                "node-pos": 92
            }
        ],
        "rule-10": [
            {
                "part": null,
                "replacement-node": 51,
                "template-line-number": 217,
                "node-pos": 98
            }
        ],
        "rule-8": [
            {
                "expression-node": 46,
                "part": null,
                "replacement-node": 45,
                "template-line-number": 200,
                "node-pos": 88
            }
        ],
        "rule-3": [
            {
                "expression-node": 7,
                "part": null,
                "replacement-node": 6,
                "template-line-number": 42,
                "node-pos": 22
            }
        ],
        "rule-7": [
            {
                "html": true,
                "part": null,
                "replacement-node": 18,
                "template-line-number": 73,
                "node-pos": 40
            }
        ],
        "rule-4": [
            {
                "part": null,
                "replacement-node": 9,
                "template-line-number": 47,
                "node-pos": 26
            }
        ],
        "rule-12": {
            "subs": [
                {
                    "part": "1",
                    "template-line-number": 103,
                    "name": "GenPlantsHead",
                    "extras": {},
                    "replacement-node": 24,
                    "node-pos": 55
                },
                {
                    "part": "2",
                    "template-line-number": 112,
                    "name": "GenPlantsHead",
                    "extras": {},
                    "replacement-node": 27,
                    "node-pos": 59
                },
                {
                    "part": "3",
                    "template-line-number": 99,
                    "name": "GenPlantsHead",
                    "extras": {},
                    "replacement-node": 22,
                    "node-pos": 53
                }
            ],
            "name": "GenPlantsHead"
        },
        "rule-1": [
            {
                "expression-node": 1,
                "part": null,
                "replacement-node": 0,
                "template-line-number": 30,
                "node-pos": 15
            }
        ],
        "rule-5": [
            {
                "expression-node": 13,
                "part": null,
                "replacement-node": 12,
                "template-line-number": 52,
                "node-pos": 29
            }
        ],
        "rule-2": [
            {
                "part": null,
                "replacement-node": 3,
                "template-line-number": 37,
                "node-pos": 19
            }
        ],
        "rule-6": [
            {
                "part": null,
                "replacement-node": 15,
                "template-line-number": 62,
                "node-pos": 35
            }
        ]
    },
    "line-numbers": {
        "GenPlants": [
            {
                "start-number": 1,
                "template-line-number": 168,
                "line-number-node": 31
            }
        ]
    },
    "showifs": {}
}