{
    "substitutions": {
        "rule-20": [
            {
                "expression-node": 106,
                "replacement-node": 105,
                "part": null,
                "template-line-number": 388,
                "node-pos": 172
            }
        ],
        "rule-18": [
            {
                "expression-node": 100,
                "replacement-node": 99,
                "part": null,
                "template-line-number": 367,
                "node-pos": 163
            }
        ],
        "rule-5": [
            {
                "html": true,
                "replacement-node": 12,
                "part": null,
                "template-line-number": 49,
                "node-pos": 26
            }
        ],
        "rule-21": [
            {
                "expression-node": 109,
                "replacement-node": 108,
                "part": null,
                "template-line-number": 398,
                "node-pos": 176
            }
        ],
        "rule-13": [
            {
                "replacement-node": 84,
                "part": null,
                "template-line-number": 312,
                "node-pos": 140
            }
        ],
        "rule-1": [
            {
                "replacement-node": 0,
                "part": null,
                "template-line-number": 21,
                "node-pos": 9
            }
        ],
        "rule-23": [
            {
                "replacement-node": 114,
                "part": null,
                "template-line-number": 417,
                "node-pos": 186
            }
        ],
        "rule-19": [
            {
                "expression-node": 103,
                "replacement-node": 102,
                "part": null,
                "template-line-number": 377,
                "node-pos": 167
            }
        ],
        "rule-8": [
            {
                "replacement-node": 21,
                "part": null,
                "template-line-number": 69,
                "node-pos": 39
            }
        ],
        "rule-14": [
            {
                "expression-node": 88,
                "replacement-node": 87,
                "part": null,
                "template-line-number": 325,
                "node-pos": 145
            }
        ],
        "rule-9": [
            {
                "expression-node": 25,
                "replacement-node": 24,
                "part": null,
                "template-line-number": 73,
                "node-pos": 43
            }
        ],
        "rule-17": [
            {
                "expression-node": 97,
                "replacement-node": 96,
                "part": null,
                "template-line-number": 355,
                "node-pos": 157
            }
        ],
        "rule-16": [
            {
                "expression-node": 94,
                "replacement-node": 93,
                "part": null,
                "template-line-number": 345,
                "node-pos": 153
            }
        ],
        "rule-24": [
            {
                "replacement-node": 117,
                "part": null,
                "template-line-number": 426,
                "node-pos": 190
            }
        ],
        "rule-12": [
            {
                "html": true,
                "replacement-node": 33,
                "part": null,
                "template-line-number": 99,
                "node-pos": 58
            }
        ],
        "rule-2": [
            {
                "expression-node": 4,
                "replacement-node": 3,
                "part": null,
                "template-line-number": 25,
                "node-pos": 13
            }
        ],
        "rule-3": [
            {
                "replacement-node": 6,
                "part": null,
                "template-line-number": 31,
                "node-pos": 17
            }
        ],
        "rule-7": [
            {
                "expression-node": 19,
                "replacement-node": 18,
                "part": null,
                "template-line-number": 64,
                "node-pos": 35
            }
        ],
        "rule-10": [
            {
                "expression-node": 28,
                "replacement-node": 27,
                "part": null,
                "template-line-number": 78,
                "node-pos": 47
            }
        ],
        "rule-26": {
            "subs": [
                {
                    "extras": {},
                    "template-line-number": 136,
                    "node-pos": 77,
                    "replacement-node": 39,
                    "part": "1",
                    "name": "InvHeadings"
                },
                {
                    "extras": {},
                    "template-line-number": 145,
                    "node-pos": 81,
                    "replacement-node": 42,
                    "part": "2",
                    "name": "InvHeadings"
                },
                {
                    "extras": {},
                    "template-line-number": 132,
                    "node-pos": 75,
                    "replacement-node": 37,
                    "part": "3",
                    "name": "InvHeadings"
                }
            ],
            "name": "InvHeadings"
        },
        "rule-6": [
            {
                "replacement-node": 15,
                "part": null,
                "template-line-number": 60,
                "node-pos": 31
            }
        ],
        "rule-22": [
            {
                "expression-node": 112,
                "replacement-node": 111,
                "part": null,
                "template-line-number": 412,
                "node-pos": 182
            }
        ],
        "rule-11": [
            {
                "replacement-node": 30,
                "part": null,
                "template-line-number": 88,
                "node-pos": 53
            }
        ],
        "rule-25": {
            "subs": [
                {
                    "template-line-number": 283,
                    "node-pos": 122,
                    "expression-node": 73,
                    "replacement-node": 72,
                    "part": "10",
                    "name": "RegulatoryCommissionExpenses"
                },
                {
                    "template-line-number": 289,
                    "node-pos": 126,
                    "expression-node": 76,
                    "replacement-node": 75,
                    "part": "11",
                    "name": "RegulatoryCommissionExpenses"
                },
                {
                    "template-line-number": 295,
                    "node-pos": 130,
                    "expression-node": 79,
                    "replacement-node": 78,
                    "part": "12",
                    "name": "RegulatoryCommissionExpenses"
                },
                {
                    "template-line-number": 301,
                    "node-pos": 134,
                    "expression-node": 82,
                    "replacement-node": 81,
                    "part": "13",
                    "name": "RegulatoryCommissionExpenses"
                },
                {
                    "template-line-number": 235,
                    "node-pos": 90,
                    "expression-node": 49,
                    "replacement-node": 48,
                    "part": "2",
                    "name": "RegulatoryCommissionExpenses"
                },
                {
                    "template-line-number": 241,
                    "node-pos": 94,
                    "expression-node": 52,
                    "replacement-node": 51,
                    "part": "3",
                    "name": "RegulatoryCommissionExpenses"
                },
                {
                    "template-line-number": 247,
                    "node-pos": 98,
                    "expression-node": 55,
                    "replacement-node": 54,
                    "part": "4",
                    "name": "RegulatoryCommissionExpenses"
                },
                {
                    "template-line-number": 253,
                    "node-pos": 102,
                    "expression-node": 58,
                    "replacement-node": 57,
                    "part": "5",
                    "name": "RegulatoryCommissionExpenses"
                },
                {
                    "template-line-number": 259,
                    "node-pos": 106,
                    "expression-node": 61,
                    "replacement-node": 60,
                    "part": "6",
                    "name": "RegulatoryCommissionExpenses"
                },
                {
                    "template-line-number": 265,
                    "node-pos": 110,
                    "expression-node": 64,
                    "replacement-node": 63,
                    "part": "7",
                    "name": "RegulatoryCommissionExpenses"
                },
                {
                    "template-line-number": 271,
                    "node-pos": 114,
                    "expression-node": 67,
                    "replacement-node": 66,
                    "part": "8",
                    "name": "RegulatoryCommissionExpenses"
                },
                {
                    "template-line-number": 277,
                    "node-pos": 118,
                    "expression-node": 70,
                    "replacement-node": 69,
                    "part": "9",
                    "name": "RegulatoryCommissionExpenses"
                }
            ],
            "name": "RegulatoryCommissionExpenses"
        },
        "rule-15": [
            {
                "expression-node": 91,
                "replacement-node": 90,
                "part": null,
                "template-line-number": 335,
                "node-pos": 149
            }
        ],
        "rule-4": [
            {
                "html": true,
                "replacement-node": 9,
                "part": null,
                "template-line-number": 37,
                "node-pos": 21
            }
        ]
    },
    "showifs": {},
    "line-numbers": {
        "RegulatoryCommissionExpenses": [
            {
                "line-number-node": 46,
                "template-line-number": 231,
                "start-number": 1
            }
        ]
    }
}