{
    "substitutions": {
        "rule-14": [
            {
                "replacement-node": 62,
                "part": null,
                "node-pos": 106,
                "template-line-number": 244
            }
        ],
        "rule-10": [
            {
                "replacement-node": 27,
                "part": null,
                "node-pos": 47,
                "expression-node": 28,
                "template-line-number": 82
            }
        ],
        "rule-11": [
            {
                "replacement-node": 30,
                "part": null,
                "node-pos": 53,
                "template-line-number": 92
            }
        ],
        "rule-5": [
            {
                "replacement-node": 12,
                "part": null,
                "node-pos": 26,
                "html": true,
                "template-line-number": 51
            }
        ],
        "rule-8": [
            {
                "replacement-node": 21,
                "part": null,
                "node-pos": 39,
                "template-line-number": 72
            }
        ],
        "rule-1": [
            {
                "replacement-node": 0,
                "part": null,
                "node-pos": 9,
                "template-line-number": 22
            }
        ],
        "rule-17": {
            "subs": [
                {
                    "replacement-node": 47,
                    "part": "2",
                    "expression-node": 48,
                    "node-pos": 84,
                    "template-line-number": 201,
                    "name": "OtherSpecialFunds"
                },
                {
                    "replacement-node": 50,
                    "part": "3",
                    "expression-node": 51,
                    "node-pos": 88,
                    "template-line-number": 209,
                    "name": "OtherSpecialFunds"
                },
                {
                    "replacement-node": 53,
                    "part": "4",
                    "expression-node": 54,
                    "node-pos": 92,
                    "template-line-number": 217,
                    "name": "OtherSpecialFunds"
                },
                {
                    "replacement-node": 56,
                    "part": "5",
                    "expression-node": 57,
                    "node-pos": 96,
                    "template-line-number": 225,
                    "name": "OtherSpecialFunds"
                }
            ],
            "name": "OtherSpecialFunds"
        },
        "rule-4": [
            {
                "replacement-node": 9,
                "part": null,
                "node-pos": 21,
                "html": true,
                "template-line-number": 39
            }
        ],
        "rule-16": {
            "subs": [
                {
                    "replacement-node": 37,
                    "part": "1",
                    "extras": {},
                    "node-pos": 70,
                    "template-line-number": 130,
                    "name": "ColumnHeadings"
                },
                {
                    "replacement-node": 40,
                    "part": "2",
                    "extras": {},
                    "node-pos": 74,
                    "template-line-number": 137,
                    "name": "ColumnHeadings"
                }
            ],
            "name": "ColumnHeadings"
        },
        "rule-6": [
            {
                "replacement-node": 15,
                "part": null,
                "node-pos": 31,
                "template-line-number": 62
            }
        ],
        "rule-7": [
            {
                "replacement-node": 18,
                "part": null,
                "node-pos": 35,
                "expression-node": 19,
                "template-line-number": 67
            }
        ],
        "rule-2": [
            {
                "replacement-node": 3,
                "part": null,
                "node-pos": 13,
                "expression-node": 4,
                "template-line-number": 27
            }
        ],
        "rule-12": [
            {
                "replacement-node": 33,
                "part": null,
                "node-pos": 58,
                "html": true,
                "template-line-number": 103
            }
        ],
        "rule-9": [
            {
                "replacement-node": 24,
                "part": null,
                "node-pos": 43,
                "expression-node": 25,
                "template-line-number": 77
            }
        ],
        "rule-3": [
            {
                "replacement-node": 6,
                "part": null,
                "node-pos": 17,
                "template-line-number": 33
            }
        ],
        "rule-15": [
            {
                "replacement-node": 65,
                "part": null,
                "node-pos": 110,
                "template-line-number": 253
            }
        ],
        "rule-13": [
            {
                "replacement-node": 59,
                "part": null,
                "node-pos": 102,
                "expression-node": 60,
                "template-line-number": 238
            }
        ]
    },
    "showifs": {},
    "line-numbers": {
        "OtherSpecialFunds": [
            {
                "start-number": 1,
                "line-number-node": 44,
                "template-line-number": 194
            }
        ]
    }
}