{
    "showifs": {},
    "substitutions": {
        "rule-15": [
            {
                "node-pos": 117,
                "part": null,
                "template-line-number": 249,
                "replacement-node": 69
            }
        ],
        "rule-12": [
            {
                "node-pos": 58,
                "part": null,
                "template-line-number": 99,
                "replacement-node": 33,
                "html": true
            }
        ],
        "rule-6": [
            {
                "node-pos": 31,
                "part": null,
                "template-line-number": 60,
                "replacement-node": 15
            }
        ],
        "rule-3": [
            {
                "node-pos": 17,
                "part": null,
                "template-line-number": 31,
                "replacement-node": 6
            }
        ],
        "rule-14": [
            {
                "node-pos": 113,
                "part": null,
                "template-line-number": 240,
                "replacement-node": 66
            }
        ],
        "rule-13": [
            {
                "node-pos": 109,
                "part": null,
                "template-line-number": 235,
                "replacement-node": 63,
                "expression-node": 64
            }
        ],
        "rule-5": [
            {
                "node-pos": 26,
                "part": null,
                "template-line-number": 49,
                "replacement-node": 12,
                "html": true
            }
        ],
        "rule-1": [
            {
                "node-pos": 9,
                "part": null,
                "template-line-number": 21,
                "replacement-node": 0
            }
        ],
        "rule-17": {
            "name": "AuxiliaryPeakingFacilities",
            "subs": [
                {
                    "part": "2",
                    "name": "AuxiliaryPeakingFacilities",
                    "expression-node": 49,
                    "node-pos": 87,
                    "template-line-number": 204,
                    "replacement-node": 48
                },
                {
                    "part": "3",
                    "name": "AuxiliaryPeakingFacilities",
                    "expression-node": 52,
                    "node-pos": 91,
                    "template-line-number": 209,
                    "replacement-node": 51
                },
                {
                    "part": "4",
                    "name": "AuxiliaryPeakingFacilities",
                    "expression-node": 55,
                    "node-pos": 95,
                    "template-line-number": 214,
                    "replacement-node": 54
                },
                {
                    "part": "5",
                    "name": "AuxiliaryPeakingFacilities",
                    "expression-node": 58,
                    "node-pos": 99,
                    "template-line-number": 219,
                    "replacement-node": 57
                },
                {
                    "part": "6",
                    "name": "AuxiliaryPeakingFacilities",
                    "expression-node": 61,
                    "node-pos": 103,
                    "template-line-number": 224,
                    "replacement-node": 60
                }
            ]
        },
        "rule-2": [
            {
                "node-pos": 13,
                "part": null,
                "template-line-number": 25,
                "replacement-node": 3,
                "expression-node": 4
            }
        ],
        "rule-4": [
            {
                "node-pos": 21,
                "part": null,
                "template-line-number": 37,
                "replacement-node": 9,
                "html": true
            }
        ],
        "rule-7": [
            {
                "node-pos": 35,
                "part": null,
                "template-line-number": 64,
                "replacement-node": 18,
                "expression-node": 19
            }
        ],
        "rule-9": [
            {
                "node-pos": 43,
                "part": null,
                "template-line-number": 73,
                "replacement-node": 24,
                "expression-node": 25
            }
        ],
        "rule-10": [
            {
                "node-pos": 47,
                "part": null,
                "template-line-number": 78,
                "replacement-node": 27,
                "expression-node": 28
            }
        ],
        "rule-8": [
            {
                "node-pos": 39,
                "part": null,
                "template-line-number": 69,
                "replacement-node": 21
            }
        ],
        "rule-16": {
            "name": "InvHeadings",
            "subs": [
                {
                    "part": "1",
                    "name": "InvHeadings",
                    "template-line-number": 133,
                    "node-pos": 74,
                    "extras": {},
                    "replacement-node": 39
                },
                {
                    "part": "2",
                    "name": "InvHeadings",
                    "template-line-number": 142,
                    "node-pos": 78,
                    "extras": {},
                    "replacement-node": 42
                },
                {
                    "part": "3",
                    "name": "InvHeadings",
                    "template-line-number": 129,
                    "node-pos": 72,
                    "extras": {},
                    "replacement-node": 37
                }
            ]
        },
        "rule-11": [
            {
                "node-pos": 53,
                "part": null,
                "template-line-number": 88,
                "replacement-node": 30
            }
        ]
    },
    "line-numbers": {
        "AuxiliaryPeakingFacilities": [
            {
                "line-number-node": 46,
                "start-number": 1,
                "template-line-number": 201
            }
        ]
    }
}