{
    "showifs": {
        "rule-1": {
            "type": "showif",
            "template-line-number": 17
        }
    },
    "substitutions": {
        "rule-8": [
            {
                "replacement-node": 19,
                "part": null,
                "template-line-number": 70,
                "expression-node": 20,
                "node-pos": 36
            }
        ],
        "rule-3": [
            {
                "replacement-node": 4,
                "part": null,
                "template-line-number": 31,
                "expression-node": 5,
                "node-pos": 14
            }
        ],
        "rule-4": [
            {
                "replacement-node": 7,
                "part": null,
                "template-line-number": 37,
                "node-pos": 18
            }
        ],
        "rule-6": [
            {
                "replacement-node": 13,
                "html": true,
                "part": null,
                "template-line-number": 55,
                "node-pos": 27
            }
        ],
        "rule-9": [
            {
                "replacement-node": 22,
                "part": null,
                "template-line-number": 75,
                "node-pos": 40
            }
        ],
        "rule-10": [
            {
                "replacement-node": 25,
                "part": null,
                "template-line-number": 79,
                "expression-node": 26,
                "node-pos": 44
            }
        ],
        "rule-18": {
            "name": "AuxiliaryPeakingFacilities",
            "subs": [
                {
                    "node-pos": 88,
                    "name": "AuxiliaryPeakingFacilities",
                    "part": "2",
                    "template-line-number": 210,
                    "expression-node": 50,
                    "replacement-node": 49
                },
                {
                    "node-pos": 92,
                    "name": "AuxiliaryPeakingFacilities",
                    "part": "3",
                    "template-line-number": 215,
                    "expression-node": 53,
                    "replacement-node": 52
                },
                {
                    "node-pos": 96,
                    "name": "AuxiliaryPeakingFacilities",
                    "part": "4",
                    "template-line-number": 220,
                    "expression-node": 56,
                    "replacement-node": 55
                },
                {
                    "node-pos": 100,
                    "name": "AuxiliaryPeakingFacilities",
                    "part": "5",
                    "template-line-number": 225,
                    "expression-node": 59,
                    "replacement-node": 58
                },
                {
                    "node-pos": 104,
                    "name": "AuxiliaryPeakingFacilities",
                    "part": "6",
                    "template-line-number": 230,
                    "expression-node": 62,
                    "replacement-node": 61
                }
            ]
        },
        "rule-14": [
            {
                "replacement-node": 64,
                "part": null,
                "template-line-number": 241,
                "expression-node": 65,
                "node-pos": 110
            }
        ],
        "rule-12": [
            {
                "replacement-node": 31,
                "part": null,
                "template-line-number": 94,
                "node-pos": 54
            }
        ],
        "rule-7": [
            {
                "replacement-node": 16,
                "part": null,
                "template-line-number": 66,
                "node-pos": 32
            }
        ],
        "rule-5": [
            {
                "replacement-node": 10,
                "html": true,
                "part": null,
                "template-line-number": 43,
                "node-pos": 22
            }
        ],
        "rule-16": [
            {
                "replacement-node": 70,
                "part": null,
                "template-line-number": 255,
                "node-pos": 118
            }
        ],
        "rule-15": [
            {
                "replacement-node": 67,
                "part": null,
                "template-line-number": 246,
                "node-pos": 114
            }
        ],
        "rule-17": {
            "name": "InvHeadings",
            "subs": [
                {
                    "node-pos": 75,
                    "name": "InvHeadings",
                    "part": "1",
                    "template-line-number": 139,
                    "replacement-node": 40,
                    "extras": {}
                },
                {
                    "node-pos": 79,
                    "name": "InvHeadings",
                    "part": "2",
                    "template-line-number": 148,
                    "replacement-node": 43,
                    "extras": {}
                },
                {
                    "node-pos": 73,
                    "name": "InvHeadings",
                    "part": "3",
                    "template-line-number": 135,
                    "replacement-node": 38,
                    "extras": {}
                }
            ]
        },
        "rule-11": [
            {
                "replacement-node": 28,
                "part": null,
                "template-line-number": 84,
                "expression-node": 29,
                "node-pos": 48
            }
        ],
        "rule-13": [
            {
                "replacement-node": 34,
                "html": true,
                "part": null,
                "template-line-number": 105,
                "node-pos": 59
            }
        ],
        "rule-2": [
            {
                "replacement-node": 1,
                "part": null,
                "template-line-number": 27,
                "node-pos": 10
            }
        ]
    },
    "line-numbers": {
        "AuxiliaryPeakingFacilities": [
            {
                "start-number": 1,
                "template-line-number": 207,
                "line-number-node": 47
            }
        ]
    }
}