{
    "substitutions": {
        "rule-5": [
            {
                "html": true,
                "replacement-node": 12,
                "node-pos": 26,
                "part": null,
                "template-line-number": 49
            }
        ],
        "rule-4": [
            {
                "html": true,
                "replacement-node": 9,
                "node-pos": 21,
                "part": null,
                "template-line-number": 37
            }
        ],
        "rule-10": [
            {
                "replacement-node": 27,
                "node-pos": 47,
                "part": null,
                "template-line-number": 78,
                "expression-node": 28
            }
        ],
        "rule-15": [
            {
                "replacement-node": 69,
                "node-pos": 117,
                "part": null,
                "template-line-number": 249
            }
        ],
        "rule-2": [
            {
                "replacement-node": 3,
                "node-pos": 13,
                "part": null,
                "template-line-number": 25,
                "expression-node": 4
            }
        ],
        "rule-16": {
            "name": "InvHeadings",
            "subs": [
                {
                    "name": "InvHeadings",
                    "template-line-number": 133,
                    "extras": {},
                    "replacement-node": 39,
                    "node-pos": 74,
                    "part": "1"
                },
                {
                    "name": "InvHeadings",
                    "template-line-number": 142,
                    "extras": {},
                    "replacement-node": 42,
                    "node-pos": 78,
                    "part": "2"
                },
                {
                    "name": "InvHeadings",
                    "template-line-number": 129,
                    "extras": {},
                    "replacement-node": 37,
                    "node-pos": 72,
                    "part": "3"
                }
            ]
        },
        "rule-17": {
            "name": "AuxiliaryPeakingFacilities",
            "subs": [
                {
                    "name": "AuxiliaryPeakingFacilities",
                    "template-line-number": 204,
                    "replacement-node": 48,
                    "node-pos": 87,
                    "part": "2",
                    "expression-node": 49
                },
                {
                    "name": "AuxiliaryPeakingFacilities",
                    "template-line-number": 209,
                    "replacement-node": 51,
                    "node-pos": 91,
                    "part": "3",
                    "expression-node": 52
                },
                {
                    "name": "AuxiliaryPeakingFacilities",
                    "template-line-number": 214,
                    "replacement-node": 54,
                    "node-pos": 95,
                    "part": "4",
                    "expression-node": 55
                },
                {
                    "name": "AuxiliaryPeakingFacilities",
                    "template-line-number": 219,
                    "replacement-node": 57,
                    "node-pos": 99,
                    "part": "5",
                    "expression-node": 58
                },
                {
                    "name": "AuxiliaryPeakingFacilities",
                    "template-line-number": 224,
                    "replacement-node": 60,
                    "node-pos": 103,
                    "part": "6",
                    "expression-node": 61
                }
            ]
        },
        "rule-8": [
            {
                "replacement-node": 21,
                "node-pos": 39,
                "part": null,
                "template-line-number": 69
            }
        ],
        "rule-13": [
            {
                "replacement-node": 63,
                "node-pos": 109,
                "part": null,
                "template-line-number": 235,
                "expression-node": 64
            }
        ],
        "rule-9": [
            {
                "replacement-node": 24,
                "node-pos": 43,
                "part": null,
                "template-line-number": 73,
                "expression-node": 25
            }
        ],
        "rule-12": [
            {
                "html": true,
                "replacement-node": 33,
                "node-pos": 58,
                "part": null,
                "template-line-number": 99
            }
        ],
        "rule-11": [
            {
                "replacement-node": 30,
                "node-pos": 53,
                "part": null,
                "template-line-number": 88
            }
        ],
        "rule-14": [
            {
                "replacement-node": 66,
                "node-pos": 113,
                "part": null,
                "template-line-number": 240
            }
        ],
        "rule-6": [
            {
                "replacement-node": 15,
                "node-pos": 31,
                "part": null,
                "template-line-number": 60
            }
        ],
        "rule-1": [
            {
                "replacement-node": 0,
                "node-pos": 9,
                "part": null,
                "template-line-number": 21
            }
        ],
        "rule-3": [
            {
                "replacement-node": 6,
                "node-pos": 17,
                "part": null,
                "template-line-number": 31
            }
        ],
        "rule-7": [
            {
                "replacement-node": 18,
                "node-pos": 35,
                "part": null,
                "template-line-number": 64,
                "expression-node": 19
            }
        ]
    },
    "line-numbers": {
        "AuxiliaryPeakingFacilities": [
            {
                "line-number-node": 46,
                "start-number": 1,
                "template-line-number": 201
            }
        ]
    },
    "showifs": {}
}