{
    "showifs": {},
    "line-numbers": {},
    "substitutions": {
        "rule-9": [
            {
                "template-line-number": 77,
                "replacement-node": 24,
                "node-pos": 43,
                "expression-node": 25,
                "part": null
            }
        ],
        "rule-2": [
            {
                "template-line-number": 27,
                "replacement-node": 3,
                "node-pos": 13,
                "expression-node": 4,
                "part": null
            }
        ],
        "rule-5": [
            {
                "template-line-number": 51,
                "html": true,
                "replacement-node": 12,
                "node-pos": 26,
                "part": null
            }
        ],
        "rule-4": [
            {
                "template-line-number": 39,
                "html": true,
                "replacement-node": 9,
                "node-pos": 21,
                "part": null
            }
        ],
        "rule-14": [
            {
                "template-line-number": 306,
                "replacement-node": 91,
                "node-pos": 143,
                "part": null
            }
        ],
        "rule-8": [
            {
                "template-line-number": 72,
                "replacement-node": 21,
                "node-pos": 39,
                "part": null
            }
        ],
        "rule-1": [
            {
                "template-line-number": 22,
                "replacement-node": 0,
                "node-pos": 9,
                "part": null
            }
        ],
        "rule-16": {
            "subs": [
                {
                    "extras": {},
                    "name": "ISORTOPeakLoadHeadings",
                    "part": "1",
                    "template-line-number": 132,
                    "node-pos": 72,
                    "replacement-node": 37
                },
                {
                    "extras": {},
                    "name": "ISORTOPeakLoadHeadings",
                    "part": "2",
                    "template-line-number": 139,
                    "node-pos": 76,
                    "replacement-node": 40
                }
            ],
            "name": "ISORTOPeakLoadHeadings"
        },
        "rule-3": [
            {
                "template-line-number": 33,
                "replacement-node": 6,
                "node-pos": 17,
                "part": null
            }
        ],
        "rule-13": [
            {
                "template-line-number": 299,
                "replacement-node": 88,
                "node-pos": 139,
                "expression-node": 89,
                "part": null
            }
        ],
        "rule-15": [
            {
                "template-line-number": 316,
                "replacement-node": 94,
                "node-pos": 147,
                "part": null
            }
        ],
        "rule-10": [
            {
                "template-line-number": 82,
                "replacement-node": 27,
                "node-pos": 47,
                "expression-node": 28,
                "part": null
            }
        ],
        "rule-11": [
            {
                "template-line-number": 92,
                "replacement-node": 30,
                "node-pos": 53,
                "part": null
            }
        ],
        "rule-7": [
            {
                "template-line-number": 67,
                "replacement-node": 18,
                "node-pos": 35,
                "expression-node": 19,
                "part": null
            }
        ],
        "rule-17": {
            "subs": [
                {
                    "name": "ISORTOPeakLoadLineItems",
                    "part": "10",
                    "template-line-number": 266,
                    "node-pos": 122,
                    "expression-node": 77,
                    "replacement-node": 76
                },
                {
                    "name": "ISORTOPeakLoadLineItems",
                    "part": "11",
                    "template-line-number": 273,
                    "node-pos": 127,
                    "expression-node": 81,
                    "replacement-node": 80
                },
                {
                    "name": "ISORTOPeakLoadLineItems",
                    "part": "12",
                    "template-line-number": 280,
                    "node-pos": 132,
                    "expression-node": 85,
                    "replacement-node": 84
                },
                {
                    "extras": {},
                    "name": "ISORTOPeakLoadLineItems",
                    "part": "2",
                    "template-line-number": 214,
                    "node-pos": 87,
                    "replacement-node": 48
                },
                {
                    "extras": {},
                    "name": "ISORTOPeakLoadLineItems",
                    "part": "3",
                    "template-line-number": 207,
                    "node-pos": 82,
                    "replacement-node": 44
                },
                {
                    "name": "ISORTOPeakLoadLineItems",
                    "part": "4",
                    "template-line-number": 223,
                    "node-pos": 92,
                    "expression-node": 53,
                    "replacement-node": 52
                },
                {
                    "name": "ISORTOPeakLoadLineItems",
                    "part": "5",
                    "template-line-number": 231,
                    "node-pos": 97,
                    "expression-node": 57,
                    "replacement-node": 56
                },
                {
                    "name": "ISORTOPeakLoadLineItems",
                    "part": "6",
                    "template-line-number": 238,
                    "node-pos": 102,
                    "expression-node": 61,
                    "replacement-node": 60
                },
                {
                    "name": "ISORTOPeakLoadLineItems",
                    "part": "7",
                    "template-line-number": 245,
                    "node-pos": 107,
                    "expression-node": 65,
                    "replacement-node": 64
                },
                {
                    "name": "ISORTOPeakLoadLineItems",
                    "part": "8",
                    "template-line-number": 252,
                    "node-pos": 112,
                    "expression-node": 69,
                    "replacement-node": 68
                },
                {
                    "name": "ISORTOPeakLoadLineItems",
                    "part": "9",
                    "template-line-number": 259,
                    "node-pos": 117,
                    "expression-node": 73,
                    "replacement-node": 72
                }
            ],
            "name": "ISORTOPeakLoadLineItems"
        },
        "rule-12": [
            {
                "template-line-number": 103,
                "html": true,
                "replacement-node": 33,
                "node-pos": 58,
                "part": null
            }
        ],
        "rule-6": [
            {
                "template-line-number": 62,
                "replacement-node": 15,
                "node-pos": 31,
                "part": null
            }
        ]
    }
}