{
    "showifs": {},
    "line-numbers": {},
    "substitutions": {
        "rule-16": {
            "subs": [
                {
                    "node-pos": 66,
                    "replacement-node": 37,
                    "template-line-number": 125,
                    "extras": {},
                    "part": "1",
                    "name": "ListHeadings"
                },
                {
                    "node-pos": 70,
                    "replacement-node": 40,
                    "template-line-number": 132,
                    "extras": {},
                    "part": "2",
                    "name": "ListHeadings"
                }
            ],
            "name": "ListHeadings"
        },
        "rule-15": [
            {
                "node-pos": 116,
                "replacement-node": 66,
                "part": null,
                "template-line-number": 233
            }
        ],
        "rule-8": [
            {
                "node-pos": 39,
                "replacement-node": 21,
                "part": null,
                "template-line-number": 71
            }
        ],
        "rule-3": [
            {
                "node-pos": 17,
                "replacement-node": 6,
                "part": null,
                "template-line-number": 32
            }
        ],
        "rule-11": [
            {
                "node-pos": 53,
                "replacement-node": 30,
                "part": null,
                "template-line-number": 91
            }
        ],
        "rule-5": [
            {
                "node-pos": 26,
                "replacement-node": 12,
                "part": null,
                "template-line-number": 50,
                "html": true
            }
        ],
        "rule-10": [
            {
                "expression-node": 28,
                "replacement-node": 27,
                "part": null,
                "template-line-number": 81,
                "node-pos": 47
            }
        ],
        "rule-9": [
            {
                "expression-node": 25,
                "replacement-node": 24,
                "part": null,
                "template-line-number": 76,
                "node-pos": 43
            }
        ],
        "rule-6": [
            {
                "node-pos": 31,
                "replacement-node": 15,
                "part": null,
                "template-line-number": 61
            }
        ],
        "rule-7": [
            {
                "expression-node": 19,
                "replacement-node": 18,
                "part": null,
                "template-line-number": 66,
                "node-pos": 35
            }
        ],
        "rule-13": [
            {
                "expression-node": 61,
                "replacement-node": 60,
                "part": null,
                "template-line-number": 219,
                "node-pos": 108
            }
        ],
        "rule-4": [
            {
                "node-pos": 21,
                "replacement-node": 9,
                "part": null,
                "template-line-number": 38,
                "html": true
            }
        ],
        "rule-14": [
            {
                "node-pos": 112,
                "replacement-node": 63,
                "part": null,
                "template-line-number": 224
            }
        ],
        "rule-2": [
            {
                "expression-node": 4,
                "replacement-node": 3,
                "part": null,
                "template-line-number": 26,
                "node-pos": 13
            }
        ],
        "rule-12": [
            {
                "node-pos": 58,
                "replacement-node": 33,
                "part": null,
                "template-line-number": 102,
                "html": true
            }
        ],
        "rule-17": {
            "subs": [
                {
                    "node-pos": 76,
                    "replacement-node": 44,
                    "template-line-number": 170,
                    "extras": {},
                    "part": "1",
                    "name": "ListLineItems"
                },
                {
                    "node-pos": 84,
                    "replacement-node": 49,
                    "template-line-number": 181,
                    "extras": {},
                    "part": "2",
                    "name": "ListLineItems"
                },
                {
                    "node-pos": 90,
                    "replacement-node": 53,
                    "template-line-number": 192,
                    "extras": {},
                    "part": "3",
                    "name": "ListLineItems"
                },
                {
                    "node-pos": 94,
                    "replacement-node": 56,
                    "template-line-number": 199,
                    "extras": {},
                    "part": "4",
                    "name": "ListLineItems"
                },
                {
                    "node-pos": 97,
                    "replacement-node": 58,
                    "template-line-number": 203,
                    "expression-node": 59,
                    "part": "5",
                    "name": "ListLineItems"
                },
                {
                    "node-pos": 82,
                    "replacement-node": 47,
                    "template-line-number": 177,
                    "extras": {},
                    "part": "6",
                    "name": "ListLineItems"
                }
            ],
            "name": "ListLineItems"
        },
        "rule-1": [
            {
                "node-pos": 9,
                "replacement-node": 0,
                "part": null,
                "template-line-number": 21
            }
        ]
    }
}