{
    "showifs": {},
    "substitutions": {
        "rule-4": [
            {
                "part": null,
                "replacement-node": 9,
                "node-pos": 22,
                "html": true,
                "template-line-number": 39
            }
        ],
        "rule-2": [
            {
                "part": null,
                "replacement-node": 3,
                "node-pos": 14,
                "expression-node": 4,
                "template-line-number": 27
            }
        ],
        "rule-5": [
            {
                "part": null,
                "replacement-node": 12,
                "node-pos": 27,
                "html": true,
                "template-line-number": 51
            }
        ],
        "rule-6": [
            {
                "part": null,
                "replacement-node": 15,
                "node-pos": 32,
                "template-line-number": 62
            }
        ],
        "rule-17": {
            "subs": [
                {
                    "replacement-node": 37,
                    "template-line-number": 129,
                    "part": "1",
                    "node-pos": 70,
                    "extras": {},
                    "name": "BSHeadings"
                },
                {
                    "replacement-node": 40,
                    "template-line-number": 136,
                    "part": "2",
                    "node-pos": 74,
                    "extras": {},
                    "name": "BSHeadings"
                }
            ],
            "name": "BSHeadings"
        },
        "rule-15": [
            {
                "part": null,
                "replacement-node": 68,
                "node-pos": 115,
                "template-line-number": 234
            }
        ],
        "rule-8": [
            {
                "part": null,
                "replacement-node": 21,
                "node-pos": 40,
                "template-line-number": 72
            }
        ],
        "rule-7": [
            {
                "part": null,
                "replacement-node": 18,
                "node-pos": 36,
                "expression-node": 19,
                "template-line-number": 67
            }
        ],
        "rule-9": [
            {
                "part": null,
                "replacement-node": 24,
                "node-pos": 44,
                "expression-node": 25,
                "template-line-number": 77
            }
        ],
        "rule-16": {
            "subs": [
                {
                    "replacement-node": 44,
                    "template-line-number": 177,
                    "part": "1",
                    "node-pos": 80,
                    "extras": {},
                    "name": "BSLineItems"
                },
                {
                    "replacement-node": 49,
                    "template-line-number": 188,
                    "part": "2",
                    "node-pos": 88,
                    "extras": {},
                    "name": "BSLineItems"
                },
                {
                    "replacement-node": 54,
                    "template-line-number": 198,
                    "part": "3",
                    "node-pos": 94,
                    "extras": {},
                    "name": "BSLineItems"
                },
                {
                    "replacement-node": 56,
                    "template-line-number": 203,
                    "part": "4",
                    "expression-node": 57,
                    "node-pos": 97,
                    "name": "BSLineItems"
                },
                {
                    "replacement-node": 59,
                    "template-line-number": 209,
                    "part": "5",
                    "expression-node": 60,
                    "node-pos": 101,
                    "name": "BSLineItems"
                },
                {
                    "replacement-node": 47,
                    "template-line-number": 184,
                    "part": "6",
                    "node-pos": 86,
                    "extras": {},
                    "name": "BSLineItems"
                }
            ],
            "name": "BSLineItems"
        },
        "rule-14": [
            {
                "part": null,
                "replacement-node": 65,
                "node-pos": 111,
                "template-line-number": 225
            }
        ],
        "rule-11": [
            {
                "part": null,
                "replacement-node": 30,
                "node-pos": 54,
                "template-line-number": 92
            }
        ],
        "rule-3": [
            {
                "part": null,
                "replacement-node": 6,
                "node-pos": 18,
                "template-line-number": 33
            }
        ],
        "rule-10": [
            {
                "part": null,
                "replacement-node": 27,
                "node-pos": 48,
                "expression-node": 28,
                "template-line-number": 82
            }
        ],
        "rule-1": [
            {
                "part": null,
                "replacement-node": 0,
                "node-pos": 10,
                "template-line-number": 22
            }
        ],
        "rule-13": [
            {
                "part": null,
                "replacement-node": 62,
                "node-pos": 107,
                "expression-node": 63,
                "template-line-number": 220
            }
        ],
        "rule-12": [
            {
                "part": null,
                "replacement-node": 33,
                "node-pos": 59,
                "html": true,
                "template-line-number": 103
            }
        ]
    },
    "line-numbers": {}
}