{
    "showifs": {},
    "line-numbers": {
        "BondsLineItems": [
            {
                "start-number": 1,
                "template-line-number": 201,
                "line-number-node": 43
            }
        ]
    },
    "substitutions": {
        "rule-17": {
            "subs": [
                {
                    "part": "1",
                    "replacement-node": 36,
                    "extras": {},
                    "node-pos": 66,
                    "template-line-number": 131,
                    "name": "LongTermDebtHeadings",
                    "html": true
                },
                {
                    "part": "2",
                    "replacement-node": 39,
                    "extras": {},
                    "node-pos": 70,
                    "template-line-number": 140,
                    "name": "LongTermDebtHeadings"
                },
                {
                    "part": "3",
                    "replacement-node": 34,
                    "extras": {},
                    "node-pos": 64,
                    "template-line-number": 127,
                    "name": "LongTermDebtHeadings"
                }
            ],
            "name": "LongTermDebtHeadings"
        },
        "rule-6": [
            {
                "part": null,
                "replacement-node": 15,
                "node-pos": 32,
                "template-line-number": 61
            }
        ],
        "rule-5": [
            {
                "part": null,
                "replacement-node": 12,
                "html": true,
                "node-pos": 27,
                "template-line-number": 50
            }
        ],
        "rule-15": [
            {
                "part": null,
                "replacement-node": 73,
                "node-pos": 124,
                "template-line-number": 274
            }
        ],
        "rule-16": [
            {
                "part": null,
                "replacement-node": 76,
                "node-pos": 128,
                "template-line-number": 284
            }
        ],
        "rule-3": [
            {
                "part": null,
                "replacement-node": 6,
                "node-pos": 18,
                "template-line-number": 32
            }
        ],
        "rule-2": [
            {
                "part": null,
                "replacement-node": 3,
                "node-pos": 14,
                "template-line-number": 26,
                "expression-node": 4
            }
        ],
        "rule-9": [
            {
                "part": null,
                "replacement-node": 24,
                "node-pos": 44,
                "template-line-number": 74,
                "expression-node": 25
            }
        ],
        "rule-14": [
            {
                "part": null,
                "replacement-node": 70,
                "node-pos": 120,
                "template-line-number": 268,
                "expression-node": 71
            }
        ],
        "rule-12": [
            {
                "part": null,
                "replacement-node": 64,
                "node-pos": 109,
                "template-line-number": 244,
                "expression-node": 65
            }
        ],
        "rule-18": {
            "subs": [
                {
                    "part": "2",
                    "replacement-node": 46,
                    "node-pos": 80,
                    "template-line-number": 204,
                    "name": "BondsLineItems",
                    "expression-node": 47
                },
                {
                    "part": "3",
                    "replacement-node": 49,
                    "node-pos": 84,
                    "template-line-number": 209,
                    "name": "BondsLineItems",
                    "expression-node": 50
                },
                {
                    "part": "4",
                    "replacement-node": 52,
                    "node-pos": 88,
                    "template-line-number": 214,
                    "name": "BondsLineItems",
                    "expression-node": 53
                },
                {
                    "part": "5",
                    "replacement-node": 55,
                    "node-pos": 92,
                    "template-line-number": 219,
                    "name": "BondsLineItems",
                    "expression-node": 56
                },
                {
                    "part": "6",
                    "replacement-node": 58,
                    "node-pos": 96,
                    "template-line-number": 224,
                    "name": "BondsLineItems",
                    "expression-node": 59
                },
                {
                    "part": "7",
                    "replacement-node": 61,
                    "node-pos": 100,
                    "template-line-number": 230,
                    "name": "BondsLineItems",
                    "expression-node": 62
                }
            ],
            "name": "BondsLineItems"
        },
        "rule-13": [
            {
                "part": null,
                "replacement-node": 67,
                "node-pos": 114,
                "template-line-number": 254,
                "expression-node": 68
            }
        ],
        "rule-10": [
            {
                "part": null,
                "replacement-node": 27,
                "node-pos": 48,
                "template-line-number": 79,
                "expression-node": 28
            }
        ],
        "rule-8": [
            {
                "part": null,
                "replacement-node": 21,
                "node-pos": 40,
                "template-line-number": 70
            }
        ],
        "rule-7": [
            {
                "part": null,
                "replacement-node": 18,
                "node-pos": 36,
                "template-line-number": 65,
                "expression-node": 19
            }
        ],
        "rule-4": [
            {
                "part": null,
                "replacement-node": 9,
                "html": true,
                "node-pos": 22,
                "template-line-number": 38
            }
        ],
        "rule-11": [
            {
                "part": null,
                "replacement-node": 30,
                "node-pos": 54,
                "template-line-number": 89
            }
        ],
        "rule-1": [
            {
                "part": null,
                "replacement-node": 0,
                "node-pos": 10,
                "template-line-number": 22
            }
        ]
    }
}