{
    "showifs": {
        "rule-1": {
            "type": "showif",
            "template-line-number": 17
        }
    },
    "line-numbers": {},
    "substitutions": {
        "rule-13": [
            {
                "part": null,
                "replacement-node": 34,
                "node-pos": 62,
                "template-line-number": 108,
                "html": true
            }
        ],
        "rule-6": [
            {
                "part": null,
                "replacement-node": 13,
                "node-pos": 28,
                "template-line-number": 56,
                "html": true
            }
        ],
        "rule-16": [
            {
                "part": null,
                "replacement-node": 72,
                "node-pos": 121,
                "template-line-number": 244,
                "expression-node": 73
            }
        ],
        "rule-23": {
            "name": "AmortizationLineItems",
            "subs": [
                {
                    "part": "2",
                    "name": "AmortizationLineItems",
                    "extras": {},
                    "template-line-number": 186,
                    "replacement-node": 48,
                    "node-pos": 86
                },
                {
                    "part": "3",
                    "name": "AmortizationLineItems",
                    "extras": {},
                    "template-line-number": 182,
                    "replacement-node": 45,
                    "node-pos": 82
                },
                {
                    "part": "4",
                    "name": "AmortizationLineItems",
                    "expression-node": 52,
                    "template-line-number": 192,
                    "replacement-node": 51,
                    "node-pos": 90
                },
                {
                    "part": "5",
                    "name": "AmortizationLineItems",
                    "expression-node": 55,
                    "template-line-number": 197,
                    "replacement-node": 54,
                    "node-pos": 94
                },
                {
                    "part": "6",
                    "name": "AmortizationLineItems",
                    "expression-node": 58,
                    "template-line-number": 202,
                    "replacement-node": 57,
                    "node-pos": 98
                },
                {
                    "part": "7",
                    "name": "AmortizationLineItems",
                    "expression-node": 61,
                    "template-line-number": 207,
                    "replacement-node": 60,
                    "node-pos": 102
                },
                {
                    "part": "8",
                    "name": "AmortizationLineItems",
                    "expression-node": 64,
                    "template-line-number": 212,
                    "replacement-node": 63,
                    "node-pos": 106
                }
            ]
        },
        "rule-10": [
            {
                "part": null,
                "replacement-node": 25,
                "node-pos": 47,
                "template-line-number": 82,
                "expression-node": 26
            }
        ],
        "rule-9": [
            {
                "part": null,
                "replacement-node": 22,
                "node-pos": 42,
                "template-line-number": 77
            }
        ],
        "rule-2": [
            {
                "part": null,
                "replacement-node": 1,
                "node-pos": 10,
                "template-line-number": 27
            }
        ],
        "rule-8": [
            {
                "part": null,
                "replacement-node": 19,
                "node-pos": 38,
                "template-line-number": 72,
                "expression-node": 20
            }
        ],
        "rule-21": [
            {
                "part": null,
                "replacement-node": 87,
                "node-pos": 143,
                "template-line-number": 289
            }
        ],
        "rule-5": [
            {
                "part": null,
                "replacement-node": 10,
                "node-pos": 23,
                "template-line-number": 44,
                "html": true
            }
        ],
        "rule-15": [
            {
                "part": null,
                "replacement-node": 69,
                "node-pos": 117,
                "template-line-number": 235,
                "expression-node": 70
            }
        ],
        "rule-22": [
            {
                "part": null,
                "replacement-node": 90,
                "node-pos": 147,
                "template-line-number": 298
            }
        ],
        "rule-12": [
            {
                "part": null,
                "replacement-node": 31,
                "node-pos": 57,
                "template-line-number": 97
            }
        ],
        "rule-18": [
            {
                "part": null,
                "replacement-node": 78,
                "node-pos": 129,
                "template-line-number": 262,
                "expression-node": 79
            }
        ],
        "rule-7": [
            {
                "part": null,
                "replacement-node": 16,
                "node-pos": 33,
                "template-line-number": 67
            }
        ],
        "rule-19": [
            {
                "part": null,
                "replacement-node": 81,
                "node-pos": 133,
                "template-line-number": 271,
                "expression-node": 82
            }
        ],
        "rule-17": [
            {
                "part": null,
                "replacement-node": 75,
                "node-pos": 125,
                "template-line-number": 253,
                "expression-node": 76
            }
        ],
        "rule-24": {
            "name": "AmortizationHeadings",
            "subs": [
                {
                    "part": "1",
                    "name": "AmortizationHeadings",
                    "extras": {},
                    "template-line-number": 133,
                    "replacement-node": 38,
                    "node-pos": 72
                },
                {
                    "part": "2",
                    "name": "AmortizationHeadings",
                    "extras": {},
                    "template-line-number": 140,
                    "replacement-node": 41,
                    "node-pos": 76
                }
            ]
        },
        "rule-4": [
            {
                "part": null,
                "replacement-node": 7,
                "node-pos": 19,
                "template-line-number": 38
            }
        ],
        "rule-3": [
            {
                "part": null,
                "replacement-node": 4,
                "node-pos": 15,
                "template-line-number": 32,
                "expression-node": 5
            }
        ],
        "rule-11": [
            {
                "part": null,
                "replacement-node": 28,
                "node-pos": 51,
                "template-line-number": 87,
                "expression-node": 29
            }
        ],
        "rule-14": [
            {
                "part": null,
                "replacement-node": 66,
                "node-pos": 112,
                "template-line-number": 223
            }
        ],
        "rule-20": [
            {
                "part": null,
                "replacement-node": 84,
                "node-pos": 139,
                "template-line-number": 284,
                "expression-node": 85
            }
        ]
    }
}