{
    "substitutions": {
        "rule-5": [
            {
                "part": null,
                "html": true,
                "node-pos": 26,
                "template-line-number": 51,
                "replacement-node": 12
            }
        ],
        "rule-8": [
            {
                "part": null,
                "node-pos": 39,
                "template-line-number": 72,
                "replacement-node": 21
            }
        ],
        "rule-10": [
            {
                "part": null,
                "expression-node": 28,
                "node-pos": 47,
                "template-line-number": 82,
                "replacement-node": 27
            }
        ],
        "rule-4": [
            {
                "part": null,
                "html": true,
                "node-pos": 21,
                "template-line-number": 39,
                "replacement-node": 9
            }
        ],
        "rule-12": [
            {
                "part": null,
                "html": true,
                "node-pos": 58,
                "template-line-number": 103,
                "replacement-node": 33
            }
        ],
        "rule-17": {
            "subs": [
                {
                    "part": "1",
                    "name": "ISHeadings",
                    "replacement-node": 37,
                    "node-pos": 71,
                    "extras": {},
                    "template-line-number": 131
                },
                {
                    "part": "2",
                    "name": "ISHeadings",
                    "replacement-node": 40,
                    "node-pos": 75,
                    "extras": {},
                    "template-line-number": 138
                }
            ],
            "name": "ISHeadings"
        },
        "rule-6": [
            {
                "part": null,
                "node-pos": 31,
                "template-line-number": 62,
                "replacement-node": 15
            }
        ],
        "rule-9": [
            {
                "part": null,
                "expression-node": 25,
                "node-pos": 43,
                "template-line-number": 77,
                "replacement-node": 24
            }
        ],
        "rule-2": [
            {
                "part": null,
                "expression-node": 4,
                "node-pos": 13,
                "template-line-number": 27,
                "replacement-node": 3
            }
        ],
        "rule-7": [
            {
                "part": null,
                "expression-node": 19,
                "node-pos": 35,
                "template-line-number": 67,
                "replacement-node": 18
            }
        ],
        "rule-11": [
            {
                "part": null,
                "node-pos": 53,
                "template-line-number": 92,
                "replacement-node": 30
            }
        ],
        "rule-1": [
            {
                "part": null,
                "node-pos": 9,
                "template-line-number": 22,
                "replacement-node": 0
            }
        ],
        "rule-15": [
            {
                "part": null,
                "node-pos": 117,
                "template-line-number": 376,
                "replacement-node": 70
            }
        ],
        "rule-13": [
            {
                "part": null,
                "expression-node": 65,
                "node-pos": 109,
                "template-line-number": 359,
                "replacement-node": 64
            }
        ],
        "rule-3": [
            {
                "part": null,
                "node-pos": 17,
                "template-line-number": 33,
                "replacement-node": 6
            }
        ],
        "rule-16": {
            "subs": [
                {
                    "part": "1",
                    "name": "CFLineItems",
                    "replacement-node": 44,
                    "node-pos": 81,
                    "extras": {},
                    "template-line-number": 306
                },
                {
                    "part": "2",
                    "expression-node": 50,
                    "name": "CFLineItems",
                    "replacement-node": 49,
                    "node-pos": 89,
                    "template-line-number": 317
                },
                {
                    "part": "4",
                    "expression-node": 55,
                    "name": "CFLineItems",
                    "replacement-node": 54,
                    "node-pos": 95,
                    "template-line-number": 329
                },
                {
                    "part": "5",
                    "expression-node": 60,
                    "name": "CFLineItems",
                    "replacement-node": 59,
                    "node-pos": 101,
                    "template-line-number": 339
                },
                {
                    "part": "6",
                    "name": "CFLineItems",
                    "replacement-node": 47,
                    "node-pos": 87,
                    "extras": {},
                    "template-line-number": 313
                }
            ],
            "name": "CFLineItems"
        },
        "rule-14": [
            {
                "part": null,
                "node-pos": 113,
                "template-line-number": 366,
                "replacement-node": 67
            }
        ]
    },
    "line-numbers": {},
    "showifs": {}
}