{
    "line-numbers": {},
    "substitutions": {
        "rule-3": [
            {
                "replacement-node": 6,
                "part": null,
                "template-line-number": 33,
                "node-pos": 17
            }
        ],
        "rule-1": [
            {
                "replacement-node": 0,
                "part": null,
                "template-line-number": 22,
                "node-pos": 9
            }
        ],
        "rule-14": [
            {
                "replacement-node": 67,
                "part": null,
                "template-line-number": 366,
                "node-pos": 113
            }
        ],
        "rule-7": [
            {
                "replacement-node": 18,
                "part": null,
                "node-pos": 35,
                "template-line-number": 67,
                "expression-node": 19
            }
        ],
        "rule-8": [
            {
                "replacement-node": 21,
                "part": null,
                "template-line-number": 72,
                "node-pos": 39
            }
        ],
        "rule-6": [
            {
                "replacement-node": 15,
                "part": null,
                "template-line-number": 62,
                "node-pos": 31
            }
        ],
        "rule-5": [
            {
                "html": true,
                "replacement-node": 12,
                "part": null,
                "template-line-number": 51,
                "node-pos": 26
            }
        ],
        "rule-16": {
            "subs": [
                {
                    "replacement-node": 44,
                    "name": "CFLineItems",
                    "template-line-number": 306,
                    "node-pos": 81,
                    "extras": {},
                    "part": "1"
                },
                {
                    "replacement-node": 49,
                    "name": "CFLineItems",
                    "template-line-number": 317,
                    "node-pos": 89,
                    "part": "2",
                    "expression-node": 50
                },
                {
                    "replacement-node": 54,
                    "name": "CFLineItems",
                    "template-line-number": 329,
                    "node-pos": 95,
                    "part": "4",
                    "expression-node": 55
                },
                {
                    "replacement-node": 59,
                    "name": "CFLineItems",
                    "template-line-number": 339,
                    "node-pos": 101,
                    "part": "5",
                    "expression-node": 60
                },
                {
                    "replacement-node": 47,
                    "name": "CFLineItems",
                    "template-line-number": 313,
                    "node-pos": 87,
                    "extras": {},
                    "part": "6"
                }
            ],
            "name": "CFLineItems"
        },
        "rule-12": [
            {
                "html": true,
                "replacement-node": 33,
                "part": null,
                "template-line-number": 103,
                "node-pos": 58
            }
        ],
        "rule-10": [
            {
                "replacement-node": 27,
                "part": null,
                "node-pos": 47,
                "template-line-number": 82,
                "expression-node": 28
            }
        ],
        "rule-4": [
            {
                "html": true,
                "replacement-node": 9,
                "part": null,
                "template-line-number": 39,
                "node-pos": 21
            }
        ],
        "rule-2": [
            {
                "replacement-node": 3,
                "part": null,
                "node-pos": 13,
                "template-line-number": 27,
                "expression-node": 4
            }
        ],
        "rule-17": {
            "subs": [
                {
                    "replacement-node": 37,
                    "name": "ISHeadings",
                    "template-line-number": 131,
                    "node-pos": 71,
                    "extras": {},
                    "part": "1"
                },
                {
                    "replacement-node": 40,
                    "name": "ISHeadings",
                    "template-line-number": 138,
                    "node-pos": 75,
                    "extras": {},
                    "part": "2"
                }
            ],
            "name": "ISHeadings"
        },
        "rule-13": [
            {
                "replacement-node": 64,
                "part": null,
                "node-pos": 109,
                "template-line-number": 359,
                "expression-node": 65
            }
        ],
        "rule-9": [
            {
                "replacement-node": 24,
                "part": null,
                "node-pos": 43,
                "template-line-number": 77,
                "expression-node": 25
            }
        ],
        "rule-11": [
            {
                "replacement-node": 30,
                "part": null,
                "template-line-number": 92,
                "node-pos": 53
            }
        ],
        "rule-15": [
            {
                "replacement-node": 70,
                "part": null,
                "template-line-number": 376,
                "node-pos": 117
            }
        ]
    },
    "showifs": {}
}