{
    "showifs": {},
    "substitutions": {
        "rule-20": [
            {
                "template-line-number": 382,
                "replacement-node": 95,
                "part": null,
                "node-pos": 168
            }
        ],
        "rule-8": [
            {
                "template-line-number": 69,
                "replacement-node": 21,
                "part": null,
                "node-pos": 39
            }
        ],
        "rule-15": [
            {
                "template-line-number": 237,
                "html": true,
                "replacement-node": 60,
                "part": null,
                "node-pos": 109
            }
        ],
        "rule-3": [
            {
                "template-line-number": 31,
                "replacement-node": 6,
                "part": null,
                "node-pos": 17
            }
        ],
        "rule-1": [
            {
                "template-line-number": 21,
                "replacement-node": 0,
                "part": null,
                "node-pos": 9
            }
        ],
        "rule-5": [
            {
                "template-line-number": 49,
                "html": true,
                "replacement-node": 12,
                "part": null,
                "node-pos": 26
            }
        ],
        "rule-23": {
            "subs": [
                {
                    "template-line-number": 135,
                    "part": "1",
                    "replacement-node": 39,
                    "node-pos": 73,
                    "extras": {},
                    "name": "DiscCapHeadings"
                },
                {
                    "template-line-number": 144,
                    "part": "2",
                    "replacement-node": 42,
                    "node-pos": 77,
                    "extras": {},
                    "name": "DiscCapHeadings"
                },
                {
                    "template-line-number": 131,
                    "part": "3",
                    "replacement-node": 37,
                    "node-pos": 71,
                    "extras": {},
                    "name": "DiscCapHeadings"
                }
            ],
            "name": "DiscCapHeadings"
        },
        "rule-17": [
            {
                "template-line-number": 355,
                "expression-node": 87,
                "replacement-node": 86,
                "part": null,
                "node-pos": 154
            }
        ],
        "rule-11": [
            {
                "template-line-number": 90,
                "replacement-node": 30,
                "part": null,
                "node-pos": 53
            }
        ],
        "rule-14": [
            {
                "template-line-number": 219,
                "expression-node": 58,
                "replacement-node": 57,
                "part": null,
                "node-pos": 101
            }
        ],
        "rule-7": [
            {
                "template-line-number": 64,
                "expression-node": 19,
                "replacement-node": 18,
                "part": null,
                "node-pos": 35
            }
        ],
        "rule-21": {
            "subs": [
                {
                    "template-line-number": 270,
                    "part": "1",
                    "replacement-node": 66,
                    "node-pos": 124,
                    "extras": {},
                    "name": "ExpcCapHeadings"
                },
                {
                    "template-line-number": 279,
                    "part": "2",
                    "replacement-node": 69,
                    "node-pos": 128,
                    "extras": {},
                    "name": "ExpcCapHeadings"
                },
                {
                    "template-line-number": 266,
                    "part": "3",
                    "replacement-node": 64,
                    "node-pos": 122,
                    "extras": {},
                    "name": "ExpcCapHeadings"
                }
            ],
            "name": "ExpcCapHeadings"
        },
        "rule-2": [
            {
                "template-line-number": 25,
                "expression-node": 4,
                "replacement-node": 3,
                "part": null,
                "node-pos": 13
            }
        ],
        "rule-6": [
            {
                "template-line-number": 60,
                "replacement-node": 15,
                "part": null,
                "node-pos": 31
            }
        ],
        "rule-4": [
            {
                "template-line-number": 37,
                "html": true,
                "replacement-node": 9,
                "part": null,
                "node-pos": 21
            }
        ],
        "rule-19": [
            {
                "template-line-number": 373,
                "replacement-node": 92,
                "part": null,
                "node-pos": 164
            }
        ],
        "rule-12": [
            {
                "template-line-number": 101,
                "html": true,
                "replacement-node": 33,
                "part": null,
                "node-pos": 58
            }
        ],
        "rule-22": {
            "subs": [
                {
                    "template-line-number": 327,
                    "expression-node": 78,
                    "part": "2",
                    "replacement-node": 77,
                    "node-pos": 139,
                    "name": "CapitalStockExpense"
                },
                {
                    "template-line-number": 332,
                    "expression-node": 81,
                    "part": "3",
                    "replacement-node": 80,
                    "node-pos": 143,
                    "name": "CapitalStockExpense"
                }
            ],
            "name": "CapitalStockExpense"
        },
        "rule-13": [
            {
                "template-line-number": 207,
                "replacement-node": 54,
                "part": null,
                "node-pos": 96
            }
        ],
        "rule-10": [
            {
                "template-line-number": 78,
                "expression-node": 28,
                "replacement-node": 27,
                "part": null,
                "node-pos": 47
            }
        ],
        "rule-9": [
            {
                "template-line-number": 73,
                "expression-node": 25,
                "replacement-node": 24,
                "part": null,
                "node-pos": 43
            }
        ],
        "rule-18": [
            {
                "template-line-number": 368,
                "expression-node": 90,
                "replacement-node": 89,
                "part": null,
                "node-pos": 160
            }
        ],
        "rule-24": {
            "subs": [
                {
                    "template-line-number": 191,
                    "expression-node": 49,
                    "part": "2",
                    "replacement-node": 48,
                    "node-pos": 86,
                    "name": "CapitalStock"
                },
                {
                    "template-line-number": 196,
                    "expression-node": 52,
                    "part": "3",
                    "replacement-node": 51,
                    "node-pos": 90,
                    "name": "CapitalStock"
                }
            ],
            "name": "CapitalStock"
        },
        "rule-16": [
            {
                "template-line-number": 343,
                "replacement-node": 83,
                "part": null,
                "node-pos": 149
            }
        ]
    },
    "line-numbers": {
        "CapitalStockExpense": [
            {
                "template-line-number": 323,
                "start-number": 16,
                "line-number-node": 73
            }
        ],
        "CapitalStock": [
            {
                "template-line-number": 188,
                "start-number": 1,
                "line-number-node": 46
            }
        ]
    }
}