{
    "substitutions": {
        "rule-2": [
            {
                "node-pos": 13,
                "expression-node": 4,
                "replacement-node": 3,
                "template-line-number": 25,
                "part": null
            }
        ],
        "rule-5": [
            {
                "node-pos": 26,
                "html": true,
                "replacement-node": 12,
                "template-line-number": 49,
                "part": null
            }
        ],
        "rule-8": [
            {
                "node-pos": 39,
                "replacement-node": 21,
                "template-line-number": 69,
                "part": null
            }
        ],
        "rule-17": [
            {
                "node-pos": 154,
                "expression-node": 87,
                "replacement-node": 86,
                "template-line-number": 355,
                "part": null
            }
        ],
        "rule-22": {
            "name": "CapitalStockExpense",
            "subs": [
                {
                    "name": "CapitalStockExpense",
                    "expression-node": 78,
                    "part": "2",
                    "node-pos": 139,
                    "replacement-node": 77,
                    "template-line-number": 327
                },
                {
                    "name": "CapitalStockExpense",
                    "expression-node": 81,
                    "part": "3",
                    "node-pos": 143,
                    "replacement-node": 80,
                    "template-line-number": 332
                }
            ]
        },
        "rule-23": {
            "name": "ExpcCapHeadings",
            "subs": [
                {
                    "name": "ExpcCapHeadings",
                    "extras": {},
                    "replacement-node": 66,
                    "part": "1",
                    "node-pos": 124,
                    "template-line-number": 270
                },
                {
                    "name": "ExpcCapHeadings",
                    "extras": {},
                    "replacement-node": 69,
                    "part": "2",
                    "node-pos": 128,
                    "template-line-number": 279
                },
                {
                    "name": "ExpcCapHeadings",
                    "extras": {},
                    "replacement-node": 64,
                    "part": "3",
                    "node-pos": 122,
                    "template-line-number": 266
                }
            ]
        },
        "rule-9": [
            {
                "node-pos": 43,
                "expression-node": 25,
                "replacement-node": 24,
                "template-line-number": 73,
                "part": null
            }
        ],
        "rule-13": [
            {
                "node-pos": 96,
                "replacement-node": 54,
                "template-line-number": 207,
                "part": null
            }
        ],
        "rule-19": [
            {
                "node-pos": 164,
                "replacement-node": 92,
                "template-line-number": 373,
                "part": null
            }
        ],
        "rule-21": {
            "name": "DiscCapHeadings",
            "subs": [
                {
                    "name": "DiscCapHeadings",
                    "extras": {},
                    "replacement-node": 39,
                    "part": "1",
                    "node-pos": 73,
                    "template-line-number": 135
                },
                {
                    "name": "DiscCapHeadings",
                    "extras": {},
                    "replacement-node": 42,
                    "part": "2",
                    "node-pos": 77,
                    "template-line-number": 144
                },
                {
                    "name": "DiscCapHeadings",
                    "extras": {},
                    "replacement-node": 37,
                    "part": "3",
                    "node-pos": 71,
                    "template-line-number": 131
                }
            ]
        },
        "rule-20": [
            {
                "node-pos": 168,
                "replacement-node": 95,
                "template-line-number": 382,
                "part": null
            }
        ],
        "rule-24": {
            "name": "CapitalStock",
            "subs": [
                {
                    "name": "CapitalStock",
                    "expression-node": 49,
                    "part": "2",
                    "node-pos": 86,
                    "replacement-node": 48,
                    "template-line-number": 191
                },
                {
                    "name": "CapitalStock",
                    "expression-node": 52,
                    "part": "3",
                    "node-pos": 90,
                    "replacement-node": 51,
                    "template-line-number": 196
                }
            ]
        },
        "rule-1": [
            {
                "node-pos": 9,
                "replacement-node": 0,
                "template-line-number": 21,
                "part": null
            }
        ],
        "rule-14": [
            {
                "node-pos": 101,
                "expression-node": 58,
                "replacement-node": 57,
                "template-line-number": 219,
                "part": null
            }
        ],
        "rule-10": [
            {
                "node-pos": 47,
                "expression-node": 28,
                "replacement-node": 27,
                "template-line-number": 78,
                "part": null
            }
        ],
        "rule-18": [
            {
                "node-pos": 160,
                "expression-node": 90,
                "replacement-node": 89,
                "template-line-number": 368,
                "part": null
            }
        ],
        "rule-7": [
            {
                "node-pos": 35,
                "expression-node": 19,
                "replacement-node": 18,
                "template-line-number": 64,
                "part": null
            }
        ],
        "rule-3": [
            {
                "node-pos": 17,
                "replacement-node": 6,
                "template-line-number": 31,
                "part": null
            }
        ],
        "rule-11": [
            {
                "node-pos": 53,
                "replacement-node": 30,
                "template-line-number": 90,
                "part": null
            }
        ],
        "rule-15": [
            {
                "node-pos": 109,
                "html": true,
                "replacement-node": 60,
                "template-line-number": 237,
                "part": null
            }
        ],
        "rule-6": [
            {
                "node-pos": 31,
                "replacement-node": 15,
                "template-line-number": 60,
                "part": null
            }
        ],
        "rule-4": [
            {
                "node-pos": 21,
                "html": true,
                "replacement-node": 9,
                "template-line-number": 37,
                "part": null
            }
        ],
        "rule-12": [
            {
                "node-pos": 58,
                "html": true,
                "replacement-node": 33,
                "template-line-number": 101,
                "part": null
            }
        ],
        "rule-16": [
            {
                "node-pos": 149,
                "replacement-node": 83,
                "template-line-number": 343,
                "part": null
            }
        ]
    },
    "showifs": {},
    "line-numbers": {
        "CapitalStockExpense": [
            {
                "line-number-node": 73,
                "start-number": 16,
                "template-line-number": 323
            }
        ],
        "CapitalStock": [
            {
                "line-number-node": 46,
                "start-number": 1,
                "template-line-number": 188
            }
        ]
    }
}