{
    "substitutions": {
        "rule-17": {
            "name": "ListLineItems",
            "subs": [
                {
                    "extras": {},
                    "name": "ListLineItems",
                    "replacement-node": 44,
                    "part": "1",
                    "node-pos": 77,
                    "template-line-number": 173
                },
                {
                    "extras": {},
                    "name": "ListLineItems",
                    "replacement-node": 49,
                    "part": "2",
                    "node-pos": 85,
                    "template-line-number": 184
                },
                {
                    "extras": {},
                    "name": "ListLineItems",
                    "replacement-node": 53,
                    "part": "3",
                    "node-pos": 91,
                    "template-line-number": 195
                },
                {
                    "expression-node": 57,
                    "name": "ListLineItems",
                    "replacement-node": 56,
                    "part": "4",
                    "node-pos": 95,
                    "template-line-number": 206
                },
                {
                    "extras": {},
                    "name": "ListLineItems",
                    "replacement-node": 47,
                    "part": "6",
                    "node-pos": 83,
                    "template-line-number": 180
                }
            ]
        },
        "rule-14": [
            {
                "part": null,
                "node-pos": 104,
                "replacement-node": 61,
                "template-line-number": 224
            }
        ],
        "rule-2": [
            {
                "expression-node": 4,
                "part": null,
                "node-pos": 13,
                "replacement-node": 3,
                "template-line-number": 27
            }
        ],
        "rule-12": [
            {
                "part": null,
                "node-pos": 58,
                "replacement-node": 33,
                "template-line-number": 102,
                "html": true
            }
        ],
        "rule-7": [
            {
                "expression-node": 19,
                "part": null,
                "node-pos": 35,
                "replacement-node": 18,
                "template-line-number": 67
            }
        ],
        "rule-6": [
            {
                "part": null,
                "node-pos": 31,
                "replacement-node": 15,
                "template-line-number": 62
            }
        ],
        "rule-3": [
            {
                "part": null,
                "node-pos": 17,
                "replacement-node": 6,
                "template-line-number": 33
            }
        ],
        "rule-8": [
            {
                "part": null,
                "node-pos": 39,
                "replacement-node": 21,
                "template-line-number": 72
            }
        ],
        "rule-4": [
            {
                "part": null,
                "node-pos": 21,
                "replacement-node": 9,
                "template-line-number": 39,
                "html": true
            }
        ],
        "rule-16": {
            "name": "ListHeadings",
            "subs": [
                {
                    "extras": {},
                    "name": "ListHeadings",
                    "replacement-node": 37,
                    "part": "1",
                    "node-pos": 67,
                    "template-line-number": 125
                },
                {
                    "extras": {},
                    "name": "ListHeadings",
                    "replacement-node": 40,
                    "part": "2",
                    "node-pos": 71,
                    "template-line-number": 132
                }
            ]
        },
        "rule-10": [
            {
                "expression-node": 28,
                "part": null,
                "node-pos": 47,
                "replacement-node": 27,
                "template-line-number": 82
            }
        ],
        "rule-15": [
            {
                "part": null,
                "node-pos": 108,
                "replacement-node": 64,
                "template-line-number": 234
            }
        ],
        "rule-1": [
            {
                "part": null,
                "node-pos": 9,
                "replacement-node": 0,
                "template-line-number": 22
            }
        ],
        "rule-5": [
            {
                "part": null,
                "node-pos": 26,
                "replacement-node": 12,
                "template-line-number": 51,
                "html": true
            }
        ],
        "rule-11": [
            {
                "part": null,
                "node-pos": 53,
                "replacement-node": 30,
                "template-line-number": 92
            }
        ],
        "rule-9": [
            {
                "expression-node": 25,
                "part": null,
                "node-pos": 43,
                "replacement-node": 24,
                "template-line-number": 77
            }
        ],
        "rule-13": [
            {
                "expression-node": 59,
                "part": null,
                "node-pos": 100,
                "replacement-node": 58,
                "template-line-number": 217
            }
        ]
    },
    "line-numbers": {},
    "showifs": {}
}