{
    "line-numbers": {
        "RevenuesLineItems": [
            {
                "line-number-node": 363,
                "start-number": 96,
                "template-line-number": 1274
            }
        ],
        "StorageLineItems": [
            {
                "line-number-node": 204,
                "start-number": 65,
                "template-line-number": 767
            }
        ],
        "GatheringLineItems": [
            {
                "line-number-node": 309,
                "start-number": 92,
                "template-line-number": 1082
            }
        ],
        "TransportationLineItems": [
            {
                "line-number-node": 96,
                "start-number": 3,
                "template-line-number": 402
            }
        ]
    },
    "showifs": {},
    "substitutions": {
        "rule-15": [
            {
                "part": null,
                "replacement-node": 149,
                "template-line-number": 526,
                "node-pos": 244
            }
        ],
        "rule-29": {
            "name": "TransportationLineItems",
            "subs": [
                {
                    "part": "10",
                    "name": "TransportationLineItems",
                    "replacement-node": 124,
                    "expression-node": 125,
                    "template-line-number": 457,
                    "node-pos": 209
                },
                {
                    "part": "11",
                    "name": "TransportationLineItems",
                    "replacement-node": 127,
                    "expression-node": 128,
                    "template-line-number": 463,
                    "node-pos": 213
                },
                {
                    "part": "12",
                    "name": "TransportationLineItems",
                    "replacement-node": 130,
                    "expression-node": 131,
                    "template-line-number": 469,
                    "node-pos": 217
                },
                {
                    "part": "13",
                    "name": "TransportationLineItems",
                    "replacement-node": 133,
                    "expression-node": 134,
                    "template-line-number": 475,
                    "node-pos": 221
                },
                {
                    "part": "14",
                    "name": "TransportationLineItems",
                    "replacement-node": 136,
                    "expression-node": 137,
                    "template-line-number": 481,
                    "node-pos": 225
                },
                {
                    "part": "15",
                    "name": "TransportationLineItems",
                    "replacement-node": 139,
                    "expression-node": 140,
                    "template-line-number": 487,
                    "node-pos": 229
                },
                {
                    "part": "16",
                    "name": "TransportationLineItems",
                    "replacement-node": 142,
                    "expression-node": 143,
                    "template-line-number": 493,
                    "node-pos": 233
                },
                {
                    "part": "17",
                    "name": "TransportationLineItems",
                    "replacement-node": 145,
                    "expression-node": 146,
                    "template-line-number": 499,
                    "node-pos": 237
                },
                {
                    "part": "2",
                    "name": "TransportationLineItems",
                    "replacement-node": 99,
                    "expression-node": 100,
                    "template-line-number": 407,
                    "node-pos": 176
                },
                {
                    "part": "3",
                    "name": "TransportationLineItems",
                    "replacement-node": 103,
                    "expression-node": 104,
                    "template-line-number": 415,
                    "node-pos": 181
                },
                {
                    "part": "4",
                    "name": "TransportationLineItems",
                    "replacement-node": 106,
                    "expression-node": 107,
                    "template-line-number": 421,
                    "node-pos": 185
                },
                {
                    "part": "5",
                    "name": "TransportationLineItems",
                    "replacement-node": 109,
                    "expression-node": 110,
                    "template-line-number": 427,
                    "node-pos": 189
                },
                {
                    "part": "6",
                    "name": "TransportationLineItems",
                    "replacement-node": 112,
                    "expression-node": 113,
                    "template-line-number": 433,
                    "node-pos": 193
                },
                {
                    "part": "7",
                    "name": "TransportationLineItems",
                    "replacement-node": 115,
                    "expression-node": 116,
                    "template-line-number": 439,
                    "node-pos": 197
                },
                {
                    "part": "8",
                    "name": "TransportationLineItems",
                    "replacement-node": 118,
                    "expression-node": 119,
                    "template-line-number": 445,
                    "node-pos": 201
                },
                {
                    "part": "9",
                    "name": "TransportationLineItems",
                    "replacement-node": 121,
                    "expression-node": 122,
                    "template-line-number": 451,
                    "node-pos": 205
                }
            ]
        },
        "rule-23": [
            {
                "part": null,
                "replacement-node": 419,
                "template-line-number": 1424,
                "node-pos": 665
            }
        ],
        "rule-31": {
            "name": "RDHeadings",
            "subs": [
                {
                    "part": "1",
                    "extras": {},
                    "name": "RDHeadings",
                    "replacement-node": 37,
                    "template-line-number": 132,
                    "node-pos": 72
                },
                {
                    "part": "2",
                    "extras": {},
                    "name": "RDHeadings",
                    "replacement-node": 40,
                    "template-line-number": 139,
                    "node-pos": 76
                }
            ]
        },
        "rule-3": [
            {
                "part": null,
                "replacement-node": 6,
                "template-line-number": 33,
                "node-pos": 17
            }
        ],
        "rule-4": [
            {
                "part": null,
                "replacement-node": 9,
                "html": true,
                "template-line-number": 39,
                "node-pos": 21
            }
        ],
        "rule-27": {
            "name": "TotalStorageLineItems",
            "subs": [
                {
                    "part": "10",
                    "name": "TotalStorageLineItems",
                    "replacement-node": 281,
                    "expression-node": 282,
                    "template-line-number": 960,
                    "node-pos": 441
                },
                {
                    "part": "11",
                    "name": "TotalStorageLineItems",
                    "replacement-node": 284,
                    "expression-node": 285,
                    "template-line-number": 968,
                    "node-pos": 445
                },
                {
                    "part": "12",
                    "name": "TotalStorageLineItems",
                    "replacement-node": 287,
                    "expression-node": 288,
                    "template-line-number": 976,
                    "node-pos": 449
                },
                {
                    "part": "13",
                    "name": "TotalStorageLineItems",
                    "replacement-node": 290,
                    "expression-node": 291,
                    "template-line-number": 984,
                    "node-pos": 453
                },
                {
                    "part": "14",
                    "name": "TotalStorageLineItems",
                    "replacement-node": 293,
                    "expression-node": 294,
                    "template-line-number": 992,
                    "node-pos": 457
                },
                {
                    "part": "15",
                    "name": "TotalStorageLineItems",
                    "replacement-node": 296,
                    "expression-node": 297,
                    "template-line-number": 1000,
                    "node-pos": 461
                },
                {
                    "part": "16",
                    "name": "TotalStorageLineItems",
                    "replacement-node": 299,
                    "expression-node": 300,
                    "template-line-number": 1008,
                    "node-pos": 465
                },
                {
                    "part": "17",
                    "name": "TotalStorageLineItems",
                    "replacement-node": 302,
                    "expression-node": 303,
                    "template-line-number": 1016,
                    "node-pos": 469
                },
                {
                    "part": "3",
                    "name": "TotalStorageLineItems",
                    "replacement-node": 260,
                    "expression-node": 261,
                    "template-line-number": 904,
                    "node-pos": 413
                },
                {
                    "part": "3",
                    "name": "TotalStorageLineItems",
                    "replacement-node": 275,
                    "expression-node": 276,
                    "template-line-number": 944,
                    "node-pos": 433
                },
                {
                    "part": "4",
                    "name": "TotalStorageLineItems",
                    "replacement-node": 263,
                    "expression-node": 264,
                    "template-line-number": 912,
                    "node-pos": 417
                },
                {
                    "part": "5",
                    "name": "TotalStorageLineItems",
                    "replacement-node": 266,
                    "expression-node": 267,
                    "template-line-number": 920,
                    "node-pos": 421
                },
                {
                    "part": "6",
                    "name": "TotalStorageLineItems",
                    "replacement-node": 269,
                    "expression-node": 270,
                    "template-line-number": 928,
                    "node-pos": 425
                },
                {
                    "part": "7",
                    "name": "TotalStorageLineItems",
                    "replacement-node": 272,
                    "expression-node": 273,
                    "template-line-number": 936,
                    "node-pos": 429
                },
                {
                    "part": "9",
                    "name": "TotalStorageLineItems",
                    "replacement-node": 278,
                    "expression-node": 279,
                    "template-line-number": 952,
                    "node-pos": 437
                }
            ]
        },
        "rule-10": [
            {
                "part": null,
                "expression-node": 28,
                "replacement-node": 27,
                "template-line-number": 82,
                "node-pos": 47
            }
        ],
        "rule-12": [
            {
                "part": null,
                "replacement-node": 33,
                "html": true,
                "template-line-number": 103,
                "node-pos": 58
            }
        ],
        "rule-26": {
            "name": "RevenuesLineItems",
            "subs": [
                {
                    "part": "1",
                    "extras": {},
                    "name": "RevenuesLineItems",
                    "replacement-node": 366,
                    "template-line-number": 1282,
                    "node-pos": 592
                },
                {
                    "part": "10",
                    "name": "RevenuesLineItems",
                    "replacement-node": 389,
                    "expression-node": 390,
                    "template-line-number": 1344,
                    "node-pos": 623
                },
                {
                    "part": "11",
                    "name": "RevenuesLineItems",
                    "replacement-node": 392,
                    "expression-node": 393,
                    "template-line-number": 1352,
                    "node-pos": 627
                },
                {
                    "part": "12",
                    "name": "RevenuesLineItems",
                    "replacement-node": 395,
                    "expression-node": 396,
                    "template-line-number": 1360,
                    "node-pos": 631
                },
                {
                    "part": "13",
                    "name": "RevenuesLineItems",
                    "replacement-node": 398,
                    "expression-node": 399,
                    "template-line-number": 1368,
                    "node-pos": 635
                },
                {
                    "part": "14",
                    "name": "RevenuesLineItems",
                    "replacement-node": 401,
                    "expression-node": 402,
                    "template-line-number": 1376,
                    "node-pos": 639
                },
                {
                    "part": "15",
                    "name": "RevenuesLineItems",
                    "replacement-node": 404,
                    "expression-node": 405,
                    "template-line-number": 1384,
                    "node-pos": 643
                },
                {
                    "part": "16",
                    "name": "RevenuesLineItems",
                    "replacement-node": 407,
                    "expression-node": 408,
                    "template-line-number": 1392,
                    "node-pos": 647
                },
                {
                    "part": "17",
                    "name": "RevenuesLineItems",
                    "replacement-node": 410,
                    "expression-node": 411,
                    "template-line-number": 1400,
                    "node-pos": 651
                },
                {
                    "part": "3",
                    "name": "RevenuesLineItems",
                    "replacement-node": 368,
                    "expression-node": 369,
                    "template-line-number": 1288,
                    "node-pos": 595
                },
                {
                    "part": "3",
                    "name": "RevenuesLineItems",
                    "replacement-node": 383,
                    "expression-node": 384,
                    "template-line-number": 1328,
                    "node-pos": 615
                },
                {
                    "part": "4",
                    "name": "RevenuesLineItems",
                    "replacement-node": 371,
                    "expression-node": 372,
                    "template-line-number": 1296,
                    "node-pos": 599
                },
                {
                    "part": "5",
                    "name": "RevenuesLineItems",
                    "replacement-node": 374,
                    "expression-node": 375,
                    "template-line-number": 1304,
                    "node-pos": 603
                },
                {
                    "part": "6",
                    "name": "RevenuesLineItems",
                    "replacement-node": 377,
                    "expression-node": 378,
                    "template-line-number": 1312,
                    "node-pos": 607
                },
                {
                    "part": "7",
                    "name": "RevenuesLineItems",
                    "replacement-node": 380,
                    "expression-node": 381,
                    "template-line-number": 1320,
                    "node-pos": 611
                },
                {
                    "part": "9",
                    "name": "RevenuesLineItems",
                    "replacement-node": 386,
                    "expression-node": 387,
                    "template-line-number": 1336,
                    "node-pos": 619
                }
            ]
        },
        "rule-25": {
            "name": "SalesLineItems",
            "subs": [
                {
                    "part": "10",
                    "name": "SalesLineItems",
                    "replacement-node": 68,
                    "expression-node": 69,
                    "template-line-number": 235,
                    "node-pos": 116
                },
                {
                    "part": "11",
                    "name": "SalesLineItems",
                    "replacement-node": 71,
                    "expression-node": 72,
                    "template-line-number": 243,
                    "node-pos": 120
                },
                {
                    "part": "12",
                    "name": "SalesLineItems",
                    "replacement-node": 74,
                    "expression-node": 75,
                    "template-line-number": 251,
                    "node-pos": 124
                },
                {
                    "part": "13",
                    "name": "SalesLineItems",
                    "replacement-node": 77,
                    "expression-node": 78,
                    "template-line-number": 259,
                    "node-pos": 128
                },
                {
                    "part": "14",
                    "name": "SalesLineItems",
                    "replacement-node": 80,
                    "expression-node": 81,
                    "template-line-number": 267,
                    "node-pos": 132
                },
                {
                    "part": "15",
                    "name": "SalesLineItems",
                    "replacement-node": 83,
                    "expression-node": 84,
                    "template-line-number": 275,
                    "node-pos": 136
                },
                {
                    "part": "16",
                    "name": "SalesLineItems",
                    "replacement-node": 86,
                    "expression-node": 87,
                    "template-line-number": 283,
                    "node-pos": 140
                },
                {
                    "part": "17",
                    "name": "SalesLineItems",
                    "replacement-node": 89,
                    "expression-node": 90,
                    "template-line-number": 291,
                    "node-pos": 144
                },
                {
                    "part": "3",
                    "name": "SalesLineItems",
                    "replacement-node": 47,
                    "expression-node": 48,
                    "template-line-number": 179,
                    "node-pos": 88
                },
                {
                    "part": "3",
                    "name": "SalesLineItems",
                    "replacement-node": 62,
                    "expression-node": 63,
                    "template-line-number": 219,
                    "node-pos": 108
                },
                {
                    "part": "4",
                    "name": "SalesLineItems",
                    "replacement-node": 50,
                    "expression-node": 51,
                    "template-line-number": 187,
                    "node-pos": 92
                },
                {
                    "part": "5",
                    "name": "SalesLineItems",
                    "replacement-node": 53,
                    "expression-node": 54,
                    "template-line-number": 195,
                    "node-pos": 96
                },
                {
                    "part": "6",
                    "name": "SalesLineItems",
                    "replacement-node": 56,
                    "expression-node": 57,
                    "template-line-number": 203,
                    "node-pos": 100
                },
                {
                    "part": "7",
                    "name": "SalesLineItems",
                    "replacement-node": 59,
                    "expression-node": 60,
                    "template-line-number": 211,
                    "node-pos": 104
                },
                {
                    "part": "9",
                    "name": "SalesLineItems",
                    "replacement-node": 65,
                    "expression-node": 66,
                    "template-line-number": 227,
                    "node-pos": 112
                }
            ]
        },
        "rule-14": [
            {
                "part": null,
                "replacement-node": 92,
                "template-line-number": 300,
                "node-pos": 150
            }
        ],
        "rule-11": [
            {
                "part": null,
                "replacement-node": 30,
                "template-line-number": 92,
                "node-pos": 53
            }
        ],
        "rule-22": [
            {
                "part": null,
                "replacement-node": 416,
                "template-line-number": 1415,
                "node-pos": 661
            }
        ],
        "rule-30": {
            "name": "TotalTransportationLineItems",
            "subs": [
                {
                    "part": "10",
                    "name": "TotalTransportationLineItems",
                    "replacement-node": 173,
                    "expression-node": 174,
                    "template-line-number": 595,
                    "node-pos": 277
                },
                {
                    "part": "11",
                    "name": "TotalTransportationLineItems",
                    "replacement-node": 176,
                    "expression-node": 177,
                    "template-line-number": 603,
                    "node-pos": 281
                },
                {
                    "part": "12",
                    "name": "TotalTransportationLineItems",
                    "replacement-node": 179,
                    "expression-node": 180,
                    "template-line-number": 611,
                    "node-pos": 285
                },
                {
                    "part": "13",
                    "name": "TotalTransportationLineItems",
                    "replacement-node": 182,
                    "expression-node": 183,
                    "template-line-number": 619,
                    "node-pos": 289
                },
                {
                    "part": "14",
                    "name": "TotalTransportationLineItems",
                    "replacement-node": 185,
                    "expression-node": 186,
                    "template-line-number": 627,
                    "node-pos": 293
                },
                {
                    "part": "15",
                    "name": "TotalTransportationLineItems",
                    "replacement-node": 188,
                    "expression-node": 189,
                    "template-line-number": 635,
                    "node-pos": 297
                },
                {
                    "part": "16",
                    "name": "TotalTransportationLineItems",
                    "replacement-node": 191,
                    "expression-node": 192,
                    "template-line-number": 643,
                    "node-pos": 301
                },
                {
                    "part": "17",
                    "name": "TotalTransportationLineItems",
                    "replacement-node": 194,
                    "expression-node": 195,
                    "template-line-number": 651,
                    "node-pos": 305
                },
                {
                    "part": "3",
                    "name": "TotalTransportationLineItems",
                    "replacement-node": 152,
                    "expression-node": 153,
                    "template-line-number": 539,
                    "node-pos": 249
                },
                {
                    "part": "3",
                    "name": "TotalTransportationLineItems",
                    "replacement-node": 167,
                    "expression-node": 168,
                    "template-line-number": 579,
                    "node-pos": 269
                },
                {
                    "part": "4",
                    "name": "TotalTransportationLineItems",
                    "replacement-node": 155,
                    "expression-node": 156,
                    "template-line-number": 547,
                    "node-pos": 253
                },
                {
                    "part": "5",
                    "name": "TotalTransportationLineItems",
                    "replacement-node": 158,
                    "expression-node": 159,
                    "template-line-number": 555,
                    "node-pos": 257
                },
                {
                    "part": "6",
                    "name": "TotalTransportationLineItems",
                    "replacement-node": 161,
                    "expression-node": 162,
                    "template-line-number": 563,
                    "node-pos": 261
                },
                {
                    "part": "7",
                    "name": "TotalTransportationLineItems",
                    "replacement-node": 164,
                    "expression-node": 165,
                    "template-line-number": 571,
                    "node-pos": 265
                },
                {
                    "part": "9",
                    "name": "TotalTransportationLineItems",
                    "replacement-node": 170,
                    "expression-node": 171,
                    "template-line-number": 587,
                    "node-pos": 273
                }
            ]
        },
        "rule-21": [
            {
                "part": null,
                "expression-node": 414,
                "replacement-node": 413,
                "template-line-number": 1410,
                "node-pos": 657
            }
        ],
        "rule-13": [
            {
                "part": null,
                "replacement-node": 44,
                "template-line-number": 166,
                "node-pos": 83
            }
        ],
        "rule-8": [
            {
                "part": null,
                "replacement-node": 21,
                "template-line-number": 72,
                "node-pos": 39
            }
        ],
        "rule-1": [
            {
                "part": null,
                "replacement-node": 0,
                "template-line-number": 21,
                "node-pos": 9
            }
        ],
        "rule-9": [
            {
                "part": null,
                "expression-node": 25,
                "replacement-node": 24,
                "template-line-number": 77,
                "node-pos": 43
            }
        ],
        "rule-6": [
            {
                "part": null,
                "replacement-node": 15,
                "template-line-number": 62,
                "node-pos": 31
            }
        ],
        "rule-7": [
            {
                "part": null,
                "expression-node": 19,
                "replacement-node": 18,
                "template-line-number": 67,
                "node-pos": 35
            }
        ],
        "rule-18": [
            {
                "part": null,
                "replacement-node": 257,
                "template-line-number": 891,
                "node-pos": 408
            }
        ],
        "rule-16": [
            {
                "part": null,
                "replacement-node": 197,
                "template-line-number": 659,
                "node-pos": 310
            }
        ],
        "rule-19": [
            {
                "part": null,
                "replacement-node": 305,
                "template-line-number": 1026,
                "node-pos": 475
            }
        ],
        "rule-5": [
            {
                "part": null,
                "replacement-node": 12,
                "html": true,
                "template-line-number": 51,
                "node-pos": 26
            }
        ],
        "rule-28": {
            "name": "GatheringLineItems",
            "subs": [
                {
                    "part": "1",
                    "extras": {},
                    "name": "GatheringLineItems",
                    "replacement-node": 312,
                    "template-line-number": 1090,
                    "node-pos": 501
                },
                {
                    "part": "10",
                    "name": "GatheringLineItems",
                    "replacement-node": 335,
                    "expression-node": 336,
                    "template-line-number": 1152,
                    "node-pos": 532
                },
                {
                    "part": "11",
                    "name": "GatheringLineItems",
                    "replacement-node": 338,
                    "expression-node": 339,
                    "template-line-number": 1160,
                    "node-pos": 536
                },
                {
                    "part": "12",
                    "name": "GatheringLineItems",
                    "replacement-node": 341,
                    "expression-node": 342,
                    "template-line-number": 1168,
                    "node-pos": 540
                },
                {
                    "part": "13",
                    "name": "GatheringLineItems",
                    "replacement-node": 344,
                    "expression-node": 345,
                    "template-line-number": 1176,
                    "node-pos": 544
                },
                {
                    "part": "14",
                    "name": "GatheringLineItems",
                    "replacement-node": 347,
                    "expression-node": 348,
                    "template-line-number": 1184,
                    "node-pos": 548
                },
                {
                    "part": "15",
                    "name": "GatheringLineItems",
                    "replacement-node": 350,
                    "expression-node": 351,
                    "template-line-number": 1192,
                    "node-pos": 552
                },
                {
                    "part": "16",
                    "name": "GatheringLineItems",
                    "replacement-node": 353,
                    "expression-node": 354,
                    "template-line-number": 1200,
                    "node-pos": 556
                },
                {
                    "part": "17",
                    "name": "GatheringLineItems",
                    "replacement-node": 356,
                    "expression-node": 357,
                    "template-line-number": 1208,
                    "node-pos": 560
                },
                {
                    "part": "3",
                    "name": "GatheringLineItems",
                    "replacement-node": 314,
                    "expression-node": 315,
                    "template-line-number": 1096,
                    "node-pos": 504
                },
                {
                    "part": "3",
                    "name": "GatheringLineItems",
                    "replacement-node": 329,
                    "expression-node": 330,
                    "template-line-number": 1136,
                    "node-pos": 524
                },
                {
                    "part": "4",
                    "name": "GatheringLineItems",
                    "replacement-node": 317,
                    "expression-node": 318,
                    "template-line-number": 1104,
                    "node-pos": 508
                },
                {
                    "part": "5",
                    "name": "GatheringLineItems",
                    "replacement-node": 320,
                    "expression-node": 321,
                    "template-line-number": 1112,
                    "node-pos": 512
                },
                {
                    "part": "6",
                    "name": "GatheringLineItems",
                    "replacement-node": 323,
                    "expression-node": 324,
                    "template-line-number": 1120,
                    "node-pos": 516
                },
                {
                    "part": "7",
                    "name": "GatheringLineItems",
                    "replacement-node": 326,
                    "expression-node": 327,
                    "template-line-number": 1128,
                    "node-pos": 520
                },
                {
                    "part": "9",
                    "name": "GatheringLineItems",
                    "replacement-node": 332,
                    "expression-node": 333,
                    "template-line-number": 1144,
                    "node-pos": 528
                }
            ]
        },
        "rule-17": [
            {
                "part": null,
                "replacement-node": 200,
                "template-line-number": 664,
                "node-pos": 314
            }
        ],
        "rule-20": [
            {
                "part": null,
                "replacement-node": 359,
                "template-line-number": 1218,
                "node-pos": 566
            }
        ],
        "rule-24": {
            "name": "StorageLineItems",
            "subs": [
                {
                    "part": "10",
                    "name": "StorageLineItems",
                    "replacement-node": 232,
                    "expression-node": 233,
                    "template-line-number": 822,
                    "node-pos": 373
                },
                {
                    "part": "11",
                    "name": "StorageLineItems",
                    "replacement-node": 235,
                    "expression-node": 236,
                    "template-line-number": 828,
                    "node-pos": 377
                },
                {
                    "part": "12",
                    "name": "StorageLineItems",
                    "replacement-node": 238,
                    "expression-node": 239,
                    "template-line-number": 834,
                    "node-pos": 381
                },
                {
                    "part": "13",
                    "name": "StorageLineItems",
                    "replacement-node": 241,
                    "expression-node": 242,
                    "template-line-number": 840,
                    "node-pos": 385
                },
                {
                    "part": "14",
                    "name": "StorageLineItems",
                    "replacement-node": 244,
                    "expression-node": 245,
                    "template-line-number": 846,
                    "node-pos": 389
                },
                {
                    "part": "15",
                    "name": "StorageLineItems",
                    "replacement-node": 247,
                    "expression-node": 248,
                    "template-line-number": 852,
                    "node-pos": 393
                },
                {
                    "part": "16",
                    "name": "StorageLineItems",
                    "replacement-node": 250,
                    "expression-node": 251,
                    "template-line-number": 858,
                    "node-pos": 397
                },
                {
                    "part": "17",
                    "name": "StorageLineItems",
                    "replacement-node": 253,
                    "expression-node": 254,
                    "template-line-number": 864,
                    "node-pos": 401
                },
                {
                    "part": "2",
                    "name": "StorageLineItems",
                    "replacement-node": 207,
                    "expression-node": 208,
                    "template-line-number": 772,
                    "node-pos": 340
                },
                {
                    "part": "3",
                    "name": "StorageLineItems",
                    "replacement-node": 211,
                    "expression-node": 212,
                    "template-line-number": 780,
                    "node-pos": 345
                },
                {
                    "part": "4",
                    "name": "StorageLineItems",
                    "replacement-node": 214,
                    "expression-node": 215,
                    "template-line-number": 786,
                    "node-pos": 349
                },
                {
                    "part": "5",
                    "name": "StorageLineItems",
                    "replacement-node": 217,
                    "expression-node": 218,
                    "template-line-number": 792,
                    "node-pos": 353
                },
                {
                    "part": "6",
                    "name": "StorageLineItems",
                    "replacement-node": 220,
                    "expression-node": 221,
                    "template-line-number": 798,
                    "node-pos": 357
                },
                {
                    "part": "7",
                    "name": "StorageLineItems",
                    "replacement-node": 223,
                    "expression-node": 224,
                    "template-line-number": 804,
                    "node-pos": 361
                },
                {
                    "part": "8",
                    "name": "StorageLineItems",
                    "replacement-node": 226,
                    "expression-node": 227,
                    "template-line-number": 810,
                    "node-pos": 365
                },
                {
                    "part": "9",
                    "name": "StorageLineItems",
                    "replacement-node": 229,
                    "expression-node": 230,
                    "template-line-number": 816,
                    "node-pos": 369
                }
            ]
        },
        "rule-2": [
            {
                "part": null,
                "expression-node": 4,
                "replacement-node": 3,
                "template-line-number": 27,
                "node-pos": 13
            }
        ]
    }
}