{
    "showifs": {},
    "substitutions": {
        "rule-18": {
            "subs": [
                {
                    "part": "1",
                    "replacement-node": 101,
                    "template-line-number": 771,
                    "node-pos": 174,
                    "extras": {},
                    "name": "AllowanceInventryLineItems2"
                },
                {
                    "part": "10",
                    "replacement-node": 131,
                    "template-line-number": 824,
                    "expression-node": 132,
                    "node-pos": 212,
                    "name": "AllowanceInventryLineItems2"
                },
                {
                    "part": "11",
                    "replacement-node": 135,
                    "template-line-number": 831,
                    "expression-node": 136,
                    "node-pos": 217,
                    "name": "AllowanceInventryLineItems2"
                },
                {
                    "part": "12",
                    "replacement-node": 139,
                    "template-line-number": 838,
                    "expression-node": 140,
                    "node-pos": 222,
                    "name": "AllowanceInventryLineItems2"
                },
                {
                    "part": "13",
                    "replacement-node": 143,
                    "template-line-number": 845,
                    "expression-node": 144,
                    "node-pos": 227,
                    "name": "AllowanceInventryLineItems2"
                },
                {
                    "part": "14",
                    "replacement-node": 147,
                    "template-line-number": 852,
                    "expression-node": 148,
                    "node-pos": 232,
                    "name": "AllowanceInventryLineItems2"
                },
                {
                    "part": "15",
                    "replacement-node": 151,
                    "template-line-number": 859,
                    "expression-node": 152,
                    "node-pos": 237,
                    "name": "AllowanceInventryLineItems2"
                },
                {
                    "part": "2",
                    "replacement-node": 104,
                    "template-line-number": 776,
                    "node-pos": 178,
                    "extras": {},
                    "name": "AllowanceInventryLineItems2"
                },
                {
                    "part": "3",
                    "replacement-node": 107,
                    "template-line-number": 782,
                    "expression-node": 108,
                    "node-pos": 182,
                    "name": "AllowanceInventryLineItems2"
                },
                {
                    "part": "4",
                    "replacement-node": 111,
                    "template-line-number": 789,
                    "expression-node": 112,
                    "node-pos": 187,
                    "name": "AllowanceInventryLineItems2"
                },
                {
                    "part": "6",
                    "replacement-node": 115,
                    "template-line-number": 796,
                    "expression-node": 116,
                    "node-pos": 192,
                    "name": "AllowanceInventryLineItems2"
                },
                {
                    "part": "7",
                    "replacement-node": 119,
                    "template-line-number": 803,
                    "expression-node": 120,
                    "node-pos": 197,
                    "name": "AllowanceInventryLineItems2"
                },
                {
                    "part": "8",
                    "replacement-node": 123,
                    "template-line-number": 810,
                    "expression-node": 124,
                    "node-pos": 202,
                    "name": "AllowanceInventryLineItems2"
                },
                {
                    "part": "9",
                    "replacement-node": 127,
                    "template-line-number": 817,
                    "expression-node": 128,
                    "node-pos": 207,
                    "name": "AllowanceInventryLineItems2"
                }
            ],
            "name": "AllowanceInventryLineItems2"
        },
        "rule-17": {
            "subs": [
                {
                    "part": "1",
                    "replacement-node": 39,
                    "template-line-number": 160,
                    "node-pos": 94,
                    "extras": {},
                    "name": "ColumnHeadings"
                },
                {
                    "part": "2",
                    "replacement-node": 42,
                    "template-line-number": 169,
                    "node-pos": 98,
                    "extras": {},
                    "name": "ColumnHeadings"
                },
                {
                    "part": "3",
                    "replacement-node": 37,
                    "template-line-number": 156,
                    "node-pos": 92,
                    "extras": {},
                    "name": "ColumnHeadings"
                }
            ],
            "name": "ColumnHeadings"
        },
        "rule-5": [
            {
                "part": null,
                "replacement-node": 12,
                "template-line-number": 52,
                "html": true,
                "node-pos": 28
            }
        ],
        "rule-4": [
            {
                "part": null,
                "replacement-node": 9,
                "template-line-number": 40,
                "html": true,
                "node-pos": 23
            }
        ],
        "rule-6": [
            {
                "part": null,
                "replacement-node": 15,
                "template-line-number": 63,
                "node-pos": 33
            }
        ],
        "rule-7": [
            {
                "part": null,
                "replacement-node": 18,
                "template-line-number": 68,
                "expression-node": 19,
                "node-pos": 38
            }
        ],
        "rule-16": {
            "subs": [
                {
                    "part": "1",
                    "replacement-node": 46,
                    "template-line-number": 558,
                    "node-pos": 104,
                    "extras": {},
                    "name": "AllowanceInventryLineItems"
                },
                {
                    "part": "10",
                    "replacement-node": 76,
                    "template-line-number": 613,
                    "expression-node": 77,
                    "node-pos": 142,
                    "name": "AllowanceInventryLineItems"
                },
                {
                    "part": "11",
                    "replacement-node": 80,
                    "template-line-number": 620,
                    "expression-node": 81,
                    "node-pos": 147,
                    "name": "AllowanceInventryLineItems"
                },
                {
                    "part": "12",
                    "replacement-node": 84,
                    "template-line-number": 627,
                    "expression-node": 85,
                    "node-pos": 152,
                    "name": "AllowanceInventryLineItems"
                },
                {
                    "part": "13",
                    "replacement-node": 88,
                    "template-line-number": 634,
                    "expression-node": 89,
                    "node-pos": 157,
                    "name": "AllowanceInventryLineItems"
                },
                {
                    "part": "14",
                    "replacement-node": 92,
                    "template-line-number": 641,
                    "expression-node": 93,
                    "node-pos": 162,
                    "name": "AllowanceInventryLineItems"
                },
                {
                    "part": "15",
                    "replacement-node": 96,
                    "template-line-number": 648,
                    "expression-node": 97,
                    "node-pos": 167,
                    "name": "AllowanceInventryLineItems"
                },
                {
                    "part": "2",
                    "replacement-node": 49,
                    "template-line-number": 565,
                    "node-pos": 108,
                    "extras": {},
                    "name": "AllowanceInventryLineItems"
                },
                {
                    "part": "3",
                    "replacement-node": 52,
                    "template-line-number": 571,
                    "expression-node": 53,
                    "node-pos": 112,
                    "name": "AllowanceInventryLineItems"
                },
                {
                    "part": "4",
                    "replacement-node": 56,
                    "template-line-number": 578,
                    "expression-node": 57,
                    "node-pos": 117,
                    "name": "AllowanceInventryLineItems"
                },
                {
                    "part": "6",
                    "replacement-node": 60,
                    "template-line-number": 585,
                    "expression-node": 61,
                    "node-pos": 122,
                    "name": "AllowanceInventryLineItems"
                },
                {
                    "part": "7",
                    "replacement-node": 64,
                    "template-line-number": 592,
                    "expression-node": 65,
                    "node-pos": 127,
                    "name": "AllowanceInventryLineItems"
                },
                {
                    "part": "8",
                    "replacement-node": 68,
                    "template-line-number": 599,
                    "expression-node": 69,
                    "node-pos": 132,
                    "name": "AllowanceInventryLineItems"
                },
                {
                    "part": "9",
                    "replacement-node": 72,
                    "template-line-number": 606,
                    "expression-node": 73,
                    "node-pos": 137,
                    "name": "AllowanceInventryLineItems"
                }
            ],
            "name": "AllowanceInventryLineItems"
        },
        "rule-1": [
            {
                "part": null,
                "replacement-node": 0,
                "template-line-number": 23,
                "node-pos": 10
            }
        ],
        "rule-10": [
            {
                "part": null,
                "replacement-node": 27,
                "template-line-number": 83,
                "expression-node": 28,
                "node-pos": 51
            }
        ],
        "rule-14": [
            {
                "part": null,
                "replacement-node": 158,
                "template-line-number": 877,
                "node-pos": 248
            }
        ],
        "rule-2": [
            {
                "part": null,
                "replacement-node": 3,
                "template-line-number": 28,
                "expression-node": 4,
                "node-pos": 15
            }
        ],
        "rule-15": [
            {
                "part": null,
                "replacement-node": 161,
                "template-line-number": 886,
                "node-pos": 252
            }
        ],
        "rule-9": [
            {
                "part": null,
                "replacement-node": 24,
                "template-line-number": 78,
                "expression-node": 25,
                "node-pos": 47
            }
        ],
        "rule-8": [
            {
                "part": null,
                "replacement-node": 21,
                "template-line-number": 73,
                "node-pos": 42
            }
        ],
        "rule-12": [
            {
                "part": null,
                "replacement-node": 33,
                "template-line-number": 105,
                "html": true,
                "node-pos": 62
            }
        ],
        "rule-11": [
            {
                "part": null,
                "replacement-node": 30,
                "template-line-number": 93,
                "node-pos": 57
            }
        ],
        "rule-3": [
            {
                "part": null,
                "replacement-node": 6,
                "template-line-number": 34,
                "node-pos": 19
            }
        ],
        "rule-13": [
            {
                "part": null,
                "replacement-node": 155,
                "template-line-number": 872,
                "expression-node": 156,
                "node-pos": 244
            }
        ]
    },
    "line-numbers": {}
}