{
    "line-numbers": {},
    "substitutions": {
        "rule-7": [
            {
                "node-pos": 38,
                "expression-node": 19,
                "part": null,
                "template-line-number": 68,
                "replacement-node": 18
            }
        ],
        "rule-16": {
            "subs": [
                {
                    "node-pos": 94,
                    "replacement-node": 39,
                    "template-line-number": 160,
                    "name": "ColumnHeadings",
                    "extras": {},
                    "part": "1"
                },
                {
                    "node-pos": 98,
                    "replacement-node": 42,
                    "template-line-number": 169,
                    "name": "ColumnHeadings",
                    "extras": {},
                    "part": "2"
                },
                {
                    "node-pos": 92,
                    "replacement-node": 37,
                    "template-line-number": 156,
                    "name": "ColumnHeadings",
                    "extras": {},
                    "part": "3"
                }
            ],
            "name": "ColumnHeadings"
        },
        "rule-4": [
            {
                "node-pos": 23,
                "html": true,
                "part": null,
                "template-line-number": 40,
                "replacement-node": 9
            }
        ],
        "rule-11": [
            {
                "node-pos": 57,
                "part": null,
                "template-line-number": 93,
                "replacement-node": 30
            }
        ],
        "rule-1": [
            {
                "node-pos": 10,
                "part": null,
                "template-line-number": 23,
                "replacement-node": 0
            }
        ],
        "rule-17": {
            "subs": [
                {
                    "node-pos": 104,
                    "replacement-node": 46,
                    "template-line-number": 558,
                    "name": "AllowanceInventryLineItems",
                    "extras": {},
                    "part": "1"
                },
                {
                    "node-pos": 142,
                    "replacement-node": 76,
                    "template-line-number": 613,
                    "name": "AllowanceInventryLineItems",
                    "expression-node": 77,
                    "part": "10"
                },
                {
                    "node-pos": 147,
                    "replacement-node": 80,
                    "template-line-number": 620,
                    "name": "AllowanceInventryLineItems",
                    "expression-node": 81,
                    "part": "11"
                },
                {
                    "node-pos": 152,
                    "replacement-node": 84,
                    "template-line-number": 627,
                    "name": "AllowanceInventryLineItems",
                    "expression-node": 85,
                    "part": "12"
                },
                {
                    "node-pos": 157,
                    "replacement-node": 88,
                    "template-line-number": 634,
                    "name": "AllowanceInventryLineItems",
                    "expression-node": 89,
                    "part": "13"
                },
                {
                    "node-pos": 162,
                    "replacement-node": 92,
                    "template-line-number": 641,
                    "name": "AllowanceInventryLineItems",
                    "expression-node": 93,
                    "part": "14"
                },
                {
                    "node-pos": 167,
                    "replacement-node": 96,
                    "template-line-number": 648,
                    "name": "AllowanceInventryLineItems",
                    "expression-node": 97,
                    "part": "15"
                },
                {
                    "node-pos": 108,
                    "replacement-node": 49,
                    "template-line-number": 565,
                    "name": "AllowanceInventryLineItems",
                    "extras": {},
                    "part": "2"
                },
                {
                    "node-pos": 112,
                    "replacement-node": 52,
                    "template-line-number": 571,
                    "name": "AllowanceInventryLineItems",
                    "expression-node": 53,
                    "part": "3"
                },
                {
                    "node-pos": 117,
                    "replacement-node": 56,
                    "template-line-number": 578,
                    "name": "AllowanceInventryLineItems",
                    "expression-node": 57,
                    "part": "4"
                },
                {
                    "node-pos": 122,
                    "replacement-node": 60,
                    "template-line-number": 585,
                    "name": "AllowanceInventryLineItems",
                    "expression-node": 61,
                    "part": "6"
                },
                {
                    "node-pos": 127,
                    "replacement-node": 64,
                    "template-line-number": 592,
                    "name": "AllowanceInventryLineItems",
                    "expression-node": 65,
                    "part": "7"
                },
                {
                    "node-pos": 132,
                    "replacement-node": 68,
                    "template-line-number": 599,
                    "name": "AllowanceInventryLineItems",
                    "expression-node": 69,
                    "part": "8"
                },
                {
                    "node-pos": 137,
                    "replacement-node": 72,
                    "template-line-number": 606,
                    "name": "AllowanceInventryLineItems",
                    "expression-node": 73,
                    "part": "9"
                }
            ],
            "name": "AllowanceInventryLineItems"
        },
        "rule-12": [
            {
                "node-pos": 62,
                "html": true,
                "part": null,
                "template-line-number": 105,
                "replacement-node": 33
            }
        ],
        "rule-18": {
            "subs": [
                {
                    "node-pos": 174,
                    "replacement-node": 101,
                    "template-line-number": 771,
                    "name": "AllowanceInventryLineItems2",
                    "extras": {},
                    "part": "1"
                },
                {
                    "node-pos": 212,
                    "replacement-node": 131,
                    "template-line-number": 824,
                    "name": "AllowanceInventryLineItems2",
                    "expression-node": 132,
                    "part": "10"
                },
                {
                    "node-pos": 217,
                    "replacement-node": 135,
                    "template-line-number": 831,
                    "name": "AllowanceInventryLineItems2",
                    "expression-node": 136,
                    "part": "11"
                },
                {
                    "node-pos": 222,
                    "replacement-node": 139,
                    "template-line-number": 838,
                    "name": "AllowanceInventryLineItems2",
                    "expression-node": 140,
                    "part": "12"
                },
                {
                    "node-pos": 227,
                    "replacement-node": 143,
                    "template-line-number": 845,
                    "name": "AllowanceInventryLineItems2",
                    "expression-node": 144,
                    "part": "13"
                },
                {
                    "node-pos": 232,
                    "replacement-node": 147,
                    "template-line-number": 852,
                    "name": "AllowanceInventryLineItems2",
                    "expression-node": 148,
                    "part": "14"
                },
                {
                    "node-pos": 237,
                    "replacement-node": 151,
                    "template-line-number": 859,
                    "name": "AllowanceInventryLineItems2",
                    "expression-node": 152,
                    "part": "15"
                },
                {
                    "node-pos": 178,
                    "replacement-node": 104,
                    "template-line-number": 776,
                    "name": "AllowanceInventryLineItems2",
                    "extras": {},
                    "part": "2"
                },
                {
                    "node-pos": 182,
                    "replacement-node": 107,
                    "template-line-number": 782,
                    "name": "AllowanceInventryLineItems2",
                    "expression-node": 108,
                    "part": "3"
                },
                {
                    "node-pos": 187,
                    "replacement-node": 111,
                    "template-line-number": 789,
                    "name": "AllowanceInventryLineItems2",
                    "expression-node": 112,
                    "part": "4"
                },
                {
                    "node-pos": 192,
                    "replacement-node": 115,
                    "template-line-number": 796,
                    "name": "AllowanceInventryLineItems2",
                    "expression-node": 116,
                    "part": "6"
                },
                {
                    "node-pos": 197,
                    "replacement-node": 119,
                    "template-line-number": 803,
                    "name": "AllowanceInventryLineItems2",
                    "expression-node": 120,
                    "part": "7"
                },
                {
                    "node-pos": 202,
                    "replacement-node": 123,
                    "template-line-number": 810,
                    "name": "AllowanceInventryLineItems2",
                    "expression-node": 124,
                    "part": "8"
                },
                {
                    "node-pos": 207,
                    "replacement-node": 127,
                    "template-line-number": 817,
                    "name": "AllowanceInventryLineItems2",
                    "expression-node": 128,
                    "part": "9"
                }
            ],
            "name": "AllowanceInventryLineItems2"
        },
        "rule-8": [
            {
                "node-pos": 42,
                "part": null,
                "template-line-number": 73,
                "replacement-node": 21
            }
        ],
        "rule-2": [
            {
                "node-pos": 15,
                "expression-node": 4,
                "part": null,
                "template-line-number": 28,
                "replacement-node": 3
            }
        ],
        "rule-6": [
            {
                "node-pos": 33,
                "part": null,
                "template-line-number": 63,
                "replacement-node": 15
            }
        ],
        "rule-3": [
            {
                "node-pos": 19,
                "part": null,
                "template-line-number": 34,
                "replacement-node": 6
            }
        ],
        "rule-5": [
            {
                "node-pos": 28,
                "html": true,
                "part": null,
                "template-line-number": 52,
                "replacement-node": 12
            }
        ],
        "rule-15": [
            {
                "node-pos": 252,
                "part": null,
                "template-line-number": 886,
                "replacement-node": 161
            }
        ],
        "rule-9": [
            {
                "node-pos": 47,
                "expression-node": 25,
                "part": null,
                "template-line-number": 78,
                "replacement-node": 24
            }
        ],
        "rule-13": [
            {
                "node-pos": 244,
                "expression-node": 156,
                "part": null,
                "template-line-number": 872,
                "replacement-node": 155
            }
        ],
        "rule-10": [
            {
                "node-pos": 51,
                "expression-node": 28,
                "part": null,
                "template-line-number": 83,
                "replacement-node": 27
            }
        ],
        "rule-14": [
            {
                "node-pos": 248,
                "part": null,
                "template-line-number": 877,
                "replacement-node": 158
            }
        ]
    },
    "showifs": {}
}