{
    "line-numbers": {
        "FuelStockExpensesUndistributed": [
            {
                "start-number": 3,
                "line-number-node": 55,
                "template-line-number": 285
            }
        ]
    },
    "showifs": {},
    "substitutions": {
        "rule-7": [
            {
                "expression-node": 19,
                "part": null,
                "replacement-node": 18,
                "template-line-number": 82,
                "node-pos": 36
            }
        ],
        "rule-6": [
            {
                "part": null,
                "replacement-node": 15,
                "template-line-number": 75,
                "node-pos": 32
            }
        ],
        "rule-3": [
            {
                "part": null,
                "replacement-node": 6,
                "template-line-number": 33,
                "node-pos": 18
            }
        ],
        "rule-8": [
            {
                "part": null,
                "replacement-node": 21,
                "template-line-number": 89,
                "node-pos": 40
            }
        ],
        "rule-2": [
            {
                "expression-node": 4,
                "part": null,
                "replacement-node": 3,
                "template-line-number": 26,
                "node-pos": 14
            }
        ],
        "rule-23": {
            "name": "ColumnHeadings",
            "subs": [
                {
                    "name": "ColumnHeadings",
                    "extras": {},
                    "part": "1",
                    "replacement-node": 39,
                    "template-line-number": 162,
                    "node-pos": 74
                },
                {
                    "name": "ColumnHeadings",
                    "extras": {},
                    "part": "2",
                    "replacement-node": 42,
                    "template-line-number": 170,
                    "node-pos": 78
                },
                {
                    "name": "ColumnHeadings",
                    "extras": {},
                    "part": "3",
                    "replacement-node": 37,
                    "template-line-number": 158,
                    "node-pos": 72
                }
            ]
        },
        "rule-9": [
            {
                "expression-node": 25,
                "part": null,
                "replacement-node": 24,
                "template-line-number": 96,
                "node-pos": 44
            }
        ],
        "rule-20": [
            {
                "expression-node": 83,
                "part": null,
                "replacement-node": 82,
                "template-line-number": 384,
                "node-pos": 152
            }
        ],
        "rule-16": [
            {
                "part": null,
                "replacement-node": 70,
                "template-line-number": 335,
                "node-pos": 133
            }
        ],
        "rule-14": [
            {
                "part": null,
                "replacement-node": 48,
                "template-line-number": 194,
                "node-pos": 89
            }
        ],
        "rule-10": [
            {
                "expression-node": 28,
                "part": null,
                "replacement-node": 27,
                "template-line-number": 102,
                "node-pos": 48
            }
        ],
        "rule-18": [
            {
                "expression-node": 77,
                "part": null,
                "replacement-node": 76,
                "template-line-number": 359,
                "node-pos": 143
            }
        ],
        "rule-19": [
            {
                "expression-node": 80,
                "part": null,
                "replacement-node": 79,
                "template-line-number": 370,
                "node-pos": 147
            }
        ],
        "rule-15": [
            {
                "part": null,
                "replacement-node": 51,
                "template-line-number": 216,
                "node-pos": 100
            }
        ],
        "rule-1": [
            {
                "part": null,
                "replacement-node": 0,
                "template-line-number": 19,
                "node-pos": 10
            }
        ],
        "rule-21": [
            {
                "part": null,
                "replacement-node": 85,
                "template-line-number": 390,
                "node-pos": 156
            }
        ],
        "rule-4": [
            {
                "part": null,
                "html": true,
                "replacement-node": 9,
                "template-line-number": 41,
                "node-pos": 22
            }
        ],
        "rule-12": [
            {
                "part": null,
                "html": true,
                "replacement-node": 33,
                "template-line-number": 124,
                "node-pos": 59
            }
        ],
        "rule-24": {
            "name": "FuelStockExpensesUndistributed",
            "subs": [
                {
                    "expression-node": 59,
                    "name": "FuelStockExpensesUndistributed",
                    "node-pos": 115,
                    "part": "2",
                    "replacement-node": 58,
                    "template-line-number": 293
                },
                {
                    "expression-node": 62,
                    "name": "FuelStockExpensesUndistributed",
                    "node-pos": 119,
                    "part": "3",
                    "replacement-node": 61,
                    "template-line-number": 303
                },
                {
                    "expression-node": 65,
                    "name": "FuelStockExpensesUndistributed",
                    "node-pos": 123,
                    "part": "4",
                    "replacement-node": 64,
                    "template-line-number": 312
                },
                {
                    "expression-node": 68,
                    "name": "FuelStockExpensesUndistributed",
                    "node-pos": 127,
                    "part": "5",
                    "replacement-node": 67,
                    "template-line-number": 322
                }
            ]
        },
        "rule-17": [
            {
                "expression-node": 74,
                "part": null,
                "replacement-node": 73,
                "template-line-number": 349,
                "node-pos": 139
            }
        ],
        "rule-13": [
            {
                "part": null,
                "replacement-node": 45,
                "template-line-number": 181,
                "node-pos": 84
            }
        ],
        "rule-22": [
            {
                "part": null,
                "replacement-node": 88,
                "template-line-number": 399,
                "node-pos": 160
            }
        ],
        "rule-11": [
            {
                "part": null,
                "replacement-node": 30,
                "template-line-number": 113,
                "node-pos": 54
            }
        ],
        "rule-5": [
            {
                "part": null,
                "html": true,
                "replacement-node": 12,
                "template-line-number": 57,
                "node-pos": 27
            }
        ]
    }
}