{
    "line-numbers": {
        "FuelStockExpensesUndistributed": [
            {
                "line-number-node": 55,
                "start-number": 3,
                "template-line-number": 285
            }
        ]
    },
    "showifs": {},
    "substitutions": {
        "rule-12": [
            {
                "part": null,
                "html": true,
                "node-pos": 59,
                "template-line-number": 124,
                "replacement-node": 33
            }
        ],
        "rule-17": [
            {
                "part": null,
                "expression-node": 74,
                "node-pos": 139,
                "template-line-number": 349,
                "replacement-node": 73
            }
        ],
        "rule-5": [
            {
                "part": null,
                "html": true,
                "node-pos": 27,
                "template-line-number": 57,
                "replacement-node": 12
            }
        ],
        "rule-14": [
            {
                "part": null,
                "node-pos": 89,
                "template-line-number": 194,
                "replacement-node": 48
            }
        ],
        "rule-11": [
            {
                "part": null,
                "node-pos": 54,
                "template-line-number": 113,
                "replacement-node": 30
            }
        ],
        "rule-4": [
            {
                "part": null,
                "html": true,
                "node-pos": 22,
                "template-line-number": 41,
                "replacement-node": 9
            }
        ],
        "rule-21": [
            {
                "part": null,
                "node-pos": 156,
                "template-line-number": 390,
                "replacement-node": 85
            }
        ],
        "rule-16": [
            {
                "part": null,
                "node-pos": 133,
                "template-line-number": 335,
                "replacement-node": 70
            }
        ],
        "rule-7": [
            {
                "part": null,
                "expression-node": 19,
                "node-pos": 36,
                "template-line-number": 82,
                "replacement-node": 18
            }
        ],
        "rule-6": [
            {
                "part": null,
                "node-pos": 32,
                "template-line-number": 75,
                "replacement-node": 15
            }
        ],
        "rule-23": {
            "name": "ColumnHeadings",
            "subs": [
                {
                    "name": "ColumnHeadings",
                    "extras": {},
                    "node-pos": 74,
                    "template-line-number": 162,
                    "replacement-node": 39,
                    "part": "1"
                },
                {
                    "name": "ColumnHeadings",
                    "extras": {},
                    "node-pos": 78,
                    "template-line-number": 170,
                    "replacement-node": 42,
                    "part": "2"
                },
                {
                    "name": "ColumnHeadings",
                    "extras": {},
                    "node-pos": 72,
                    "template-line-number": 158,
                    "replacement-node": 37,
                    "part": "3"
                }
            ]
        },
        "rule-8": [
            {
                "part": null,
                "node-pos": 40,
                "template-line-number": 89,
                "replacement-node": 21
            }
        ],
        "rule-13": [
            {
                "part": null,
                "node-pos": 84,
                "template-line-number": 181,
                "replacement-node": 45
            }
        ],
        "rule-22": [
            {
                "part": null,
                "node-pos": 160,
                "template-line-number": 399,
                "replacement-node": 88
            }
        ],
        "rule-2": [
            {
                "part": null,
                "expression-node": 4,
                "node-pos": 14,
                "template-line-number": 26,
                "replacement-node": 3
            }
        ],
        "rule-9": [
            {
                "part": null,
                "expression-node": 25,
                "node-pos": 44,
                "template-line-number": 96,
                "replacement-node": 24
            }
        ],
        "rule-15": [
            {
                "part": null,
                "node-pos": 100,
                "template-line-number": 216,
                "replacement-node": 51
            }
        ],
        "rule-19": [
            {
                "part": null,
                "expression-node": 80,
                "node-pos": 147,
                "template-line-number": 370,
                "replacement-node": 79
            }
        ],
        "rule-3": [
            {
                "part": null,
                "node-pos": 18,
                "template-line-number": 33,
                "replacement-node": 6
            }
        ],
        "rule-24": {
            "name": "FuelStockExpensesUndistributed",
            "subs": [
                {
                    "name": "FuelStockExpensesUndistributed",
                    "node-pos": 115,
                    "template-line-number": 293,
                    "expression-node": 59,
                    "part": "2",
                    "replacement-node": 58
                },
                {
                    "name": "FuelStockExpensesUndistributed",
                    "node-pos": 119,
                    "template-line-number": 303,
                    "expression-node": 62,
                    "part": "3",
                    "replacement-node": 61
                },
                {
                    "name": "FuelStockExpensesUndistributed",
                    "node-pos": 123,
                    "template-line-number": 312,
                    "expression-node": 65,
                    "part": "4",
                    "replacement-node": 64
                },
                {
                    "name": "FuelStockExpensesUndistributed",
                    "node-pos": 127,
                    "template-line-number": 322,
                    "expression-node": 68,
                    "part": "5",
                    "replacement-node": 67
                }
            ]
        },
        "rule-18": [
            {
                "part": null,
                "expression-node": 77,
                "node-pos": 143,
                "template-line-number": 359,
                "replacement-node": 76
            }
        ],
        "rule-10": [
            {
                "part": null,
                "expression-node": 28,
                "node-pos": 48,
                "template-line-number": 102,
                "replacement-node": 27
            }
        ],
        "rule-1": [
            {
                "part": null,
                "node-pos": 10,
                "template-line-number": 19,
                "replacement-node": 0
            }
        ],
        "rule-20": [
            {
                "part": null,
                "expression-node": 83,
                "node-pos": 152,
                "template-line-number": 384,
                "replacement-node": 82
            }
        ]
    }
}