{
    "substitutions": {
        "rule-6": [
            {
                "node-pos": 31,
                "replacement-node": 15,
                "part": null,
                "template-line-number": 75
            }
        ],
        "rule-7": [
            {
                "node-pos": 35,
                "replacement-node": 18,
                "part": null,
                "template-line-number": 82,
                "expression-node": 19
            }
        ],
        "rule-3": [
            {
                "node-pos": 17,
                "replacement-node": 6,
                "part": null,
                "template-line-number": 34
            }
        ],
        "rule-31": [
            {
                "node-pos": 221,
                "replacement-node": 123,
                "part": null,
                "template-line-number": 573
            }
        ],
        "rule-10": [
            {
                "node-pos": 47,
                "replacement-node": 27,
                "part": null,
                "template-line-number": 102,
                "expression-node": 28
            }
        ],
        "rule-14": [
            {
                "node-pos": 109,
                "replacement-node": 60,
                "part": null,
                "template-line-number": 276
            }
        ],
        "rule-35": {
            "name": "DeferredIncomeTaxesHeadings",
            "subs": [
                {
                    "template-line-number": 163,
                    "extras": {},
                    "name": "DeferredIncomeTaxesHeadings",
                    "node-pos": 73,
                    "replacement-node": 39,
                    "part": "1"
                },
                {
                    "template-line-number": 171,
                    "extras": {},
                    "name": "DeferredIncomeTaxesHeadings",
                    "node-pos": 77,
                    "replacement-node": 42,
                    "part": "2"
                },
                {
                    "template-line-number": 159,
                    "extras": {},
                    "name": "DeferredIncomeTaxesHeadings",
                    "node-pos": 71,
                    "replacement-node": 37,
                    "part": "3"
                }
            ]
        },
        "rule-25": [
            {
                "node-pos": 188,
                "replacement-node": 105,
                "part": null,
                "template-line-number": 495,
                "expression-node": 106
            }
        ],
        "rule-9": [
            {
                "node-pos": 43,
                "replacement-node": 24,
                "part": null,
                "template-line-number": 96,
                "expression-node": 25
            }
        ],
        "rule-34": {
            "name": "ADITGasLineItems",
            "subs": [
                {
                    "expression-node": 82,
                    "template-line-number": 399,
                    "name": "ADITGasLineItems",
                    "node-pos": 147,
                    "replacement-node": 81,
                    "part": "2"
                },
                {
                    "expression-node": 85,
                    "template-line-number": 408,
                    "name": "ADITGasLineItems",
                    "node-pos": 151,
                    "replacement-node": 84,
                    "part": "3"
                },
                {
                    "expression-node": 88,
                    "template-line-number": 417,
                    "name": "ADITGasLineItems",
                    "node-pos": 155,
                    "replacement-node": 87,
                    "part": "4"
                }
            ]
        },
        "rule-5": [
            {
                "html": true,
                "node-pos": 26,
                "replacement-node": 12,
                "part": null,
                "template-line-number": 58
            }
        ],
        "rule-27": [
            {
                "node-pos": 199,
                "replacement-node": 111,
                "part": null,
                "template-line-number": 521,
                "expression-node": 112
            }
        ],
        "rule-19": [
            {
                "node-pos": 135,
                "replacement-node": 75,
                "part": null,
                "template-line-number": 339
            }
        ],
        "rule-4": [
            {
                "html": true,
                "node-pos": 21,
                "replacement-node": 9,
                "part": null,
                "template-line-number": 42
            }
        ],
        "rule-16": [
            {
                "node-pos": 118,
                "replacement-node": 66,
                "part": null,
                "template-line-number": 298,
                "expression-node": 67
            }
        ],
        "rule-22": [
            {
                "node-pos": 170,
                "replacement-node": 96,
                "part": null,
                "template-line-number": 453,
                "expression-node": 97
            }
        ],
        "rule-30": [
            {
                "node-pos": 217,
                "replacement-node": 120,
                "part": null,
                "template-line-number": 566,
                "expression-node": 121
            }
        ],
        "rule-8": [
            {
                "node-pos": 39,
                "replacement-node": 21,
                "part": null,
                "template-line-number": 89
            }
        ],
        "rule-17": [
            {
                "node-pos": 125,
                "replacement-node": 69,
                "part": null,
                "template-line-number": 314,
                "expression-node": 70
            }
        ],
        "rule-2": [
            {
                "node-pos": 13,
                "replacement-node": 3,
                "part": null,
                "template-line-number": 27,
                "expression-node": 4
            }
        ],
        "rule-28": [
            {
                "node-pos": 203,
                "replacement-node": 114,
                "part": null,
                "template-line-number": 531,
                "expression-node": 115
            }
        ],
        "rule-13": [
            {
                "node-pos": 83,
                "replacement-node": 45,
                "part": null,
                "template-line-number": 184
            }
        ],
        "rule-26": [
            {
                "node-pos": 192,
                "replacement-node": 108,
                "part": null,
                "template-line-number": 505,
                "expression-node": 109
            }
        ],
        "rule-20": [
            {
                "node-pos": 161,
                "replacement-node": 90,
                "part": null,
                "template-line-number": 431
            }
        ],
        "rule-12": [
            {
                "html": true,
                "node-pos": 58,
                "replacement-node": 33,
                "part": null,
                "template-line-number": 124
            }
        ],
        "rule-1": [
            {
                "node-pos": 9,
                "replacement-node": 0,
                "part": null,
                "template-line-number": 19
            }
        ],
        "rule-21": [
            {
                "node-pos": 166,
                "replacement-node": 93,
                "part": null,
                "template-line-number": 443,
                "expression-node": 94
            }
        ],
        "rule-23": [
            {
                "node-pos": 177,
                "replacement-node": 99,
                "part": null,
                "template-line-number": 469,
                "expression-node": 100
            }
        ],
        "rule-32": [
            {
                "node-pos": 225,
                "replacement-node": 126,
                "part": null,
                "template-line-number": 583
            }
        ],
        "rule-18": [
            {
                "node-pos": 129,
                "replacement-node": 72,
                "part": null,
                "template-line-number": 324,
                "expression-node": 73
            }
        ],
        "rule-33": {
            "name": "ADITElectricLineItems",
            "subs": [
                {
                    "expression-node": 52,
                    "template-line-number": 244,
                    "name": "ADITElectricLineItems",
                    "node-pos": 95,
                    "replacement-node": 51,
                    "part": "2"
                },
                {
                    "expression-node": 55,
                    "template-line-number": 253,
                    "name": "ADITElectricLineItems",
                    "node-pos": 99,
                    "replacement-node": 54,
                    "part": "3"
                },
                {
                    "expression-node": 58,
                    "template-line-number": 262,
                    "name": "ADITElectricLineItems",
                    "node-pos": 103,
                    "replacement-node": 57,
                    "part": "4"
                }
            ]
        },
        "rule-29": [
            {
                "node-pos": 211,
                "replacement-node": 117,
                "part": null,
                "template-line-number": 551,
                "expression-node": 118
            }
        ],
        "rule-15": [
            {
                "node-pos": 114,
                "replacement-node": 63,
                "part": null,
                "template-line-number": 288,
                "expression-node": 64
            }
        ],
        "rule-11": [
            {
                "node-pos": 53,
                "replacement-node": 30,
                "part": null,
                "template-line-number": 113
            }
        ],
        "rule-24": [
            {
                "node-pos": 181,
                "replacement-node": 102,
                "part": null,
                "template-line-number": 479,
                "expression-node": 103
            }
        ]
    },
    "showifs": {},
    "line-numbers": {
        "ADITElectricLineItems": [
            {
                "start-number": 2,
                "line-number-node": 49,
                "template-line-number": 238
            }
        ],
        "ADITGasLineItems": [
            {
                "start-number": 10,
                "line-number-node": 79,
                "template-line-number": 393
            }
        ]
    }
}