{
    "line-numbers": {
        "ADITGasLineItems": [
            {
                "template-line-number": 404,
                "line-number-node": 82,
                "start-number": 10
            }
        ],
        "ADITElectricLineItems": [
            {
                "template-line-number": 238,
                "line-number-node": 49,
                "start-number": 2
            }
        ]
    },
    "showifs": {},
    "substitutions": {
        "rule-29": [
            {
                "template-line-number": 538,
                "part": null,
                "replacement-node": 117,
                "node-pos": 204,
                "expression-node": 118
            }
        ],
        "rule-31": [
            {
                "template-line-number": 565,
                "part": null,
                "replacement-node": 123,
                "node-pos": 215,
                "expression-node": 124
            }
        ],
        "rule-10": [
            {
                "template-line-number": 102,
                "part": null,
                "replacement-node": 27,
                "node-pos": 47,
                "expression-node": 28
            }
        ],
        "rule-1": [
            {
                "template-line-number": 19,
                "part": null,
                "replacement-node": 0,
                "node-pos": 9
            }
        ],
        "rule-26": [
            {
                "template-line-number": 501,
                "part": null,
                "replacement-node": 108,
                "node-pos": 189,
                "expression-node": 109
            }
        ],
        "rule-2": [
            {
                "template-line-number": 27,
                "part": null,
                "replacement-node": 3,
                "node-pos": 13,
                "expression-node": 4
            }
        ],
        "rule-24": [
            {
                "template-line-number": 479,
                "part": null,
                "replacement-node": 102,
                "node-pos": 180
            }
        ],
        "rule-21": [
            {
                "template-line-number": 442,
                "part": null,
                "replacement-node": 93,
                "node-pos": 165
            }
        ],
        "rule-27": [
            {
                "template-line-number": 516,
                "part": null,
                "replacement-node": 111,
                "node-pos": 195
            }
        ],
        "rule-11": [
            {
                "template-line-number": 113,
                "part": null,
                "replacement-node": 30,
                "node-pos": 53
            }
        ],
        "rule-39": {
            "subs": [
                {
                    "template-line-number": 244,
                    "part": "2",
                    "name": "ADITElectricLineItems",
                    "node-pos": 95,
                    "expression-node": 52,
                    "replacement-node": 51
                },
                {
                    "template-line-number": 253,
                    "part": "3",
                    "name": "ADITElectricLineItems",
                    "node-pos": 99,
                    "expression-node": 55,
                    "replacement-node": 54
                },
                {
                    "template-line-number": 262,
                    "part": "4",
                    "name": "ADITElectricLineItems",
                    "node-pos": 103,
                    "expression-node": 58,
                    "replacement-node": 57
                }
            ],
            "name": "ADITElectricLineItems"
        },
        "rule-32": [
            {
                "template-line-number": 575,
                "part": null,
                "replacement-node": 126,
                "node-pos": 219,
                "expression-node": 127
            }
        ],
        "rule-4": [
            {
                "template-line-number": 42,
                "part": null,
                "replacement-node": 9,
                "node-pos": 21,
                "html": true
            }
        ],
        "rule-34": [
            {
                "template-line-number": 610,
                "part": null,
                "replacement-node": 132,
                "node-pos": 233,
                "expression-node": 133
            }
        ],
        "rule-28": [
            {
                "template-line-number": 528,
                "part": null,
                "replacement-node": 114,
                "node-pos": 200,
                "expression-node": 115
            }
        ],
        "rule-19": [
            {
                "template-line-number": 335,
                "part": null,
                "replacement-node": 75,
                "node-pos": 133,
                "expression-node": 76
            }
        ],
        "rule-33": [
            {
                "template-line-number": 595,
                "part": null,
                "replacement-node": 129,
                "node-pos": 227,
                "expression-node": 130
            }
        ],
        "rule-14": [
            {
                "template-line-number": 276,
                "part": null,
                "replacement-node": 60,
                "node-pos": 109
            }
        ],
        "rule-8": [
            {
                "template-line-number": 89,
                "part": null,
                "replacement-node": 21,
                "node-pos": 39
            }
        ],
        "rule-13": [
            {
                "template-line-number": 184,
                "part": null,
                "replacement-node": 45,
                "node-pos": 83
            }
        ],
        "rule-15": [
            {
                "template-line-number": 288,
                "part": null,
                "replacement-node": 63,
                "node-pos": 114,
                "expression-node": 64
            }
        ],
        "rule-9": [
            {
                "template-line-number": 96,
                "part": null,
                "replacement-node": 24,
                "node-pos": 43,
                "expression-node": 25
            }
        ],
        "rule-16": [
            {
                "template-line-number": 298,
                "part": null,
                "replacement-node": 66,
                "node-pos": 118,
                "expression-node": 67
            }
        ],
        "rule-38": {
            "subs": [
                {
                    "template-line-number": 163,
                    "part": "1",
                    "name": "DeferredIncomeTaxesHeadings",
                    "node-pos": 73,
                    "extras": {},
                    "replacement-node": 39
                },
                {
                    "template-line-number": 171,
                    "part": "2",
                    "name": "DeferredIncomeTaxesHeadings",
                    "node-pos": 77,
                    "extras": {},
                    "replacement-node": 42
                },
                {
                    "template-line-number": 159,
                    "part": "3",
                    "name": "DeferredIncomeTaxesHeadings",
                    "node-pos": 71,
                    "extras": {},
                    "replacement-node": 37
                }
            ],
            "name": "DeferredIncomeTaxesHeadings"
        },
        "rule-22": [
            {
                "template-line-number": 454,
                "part": null,
                "replacement-node": 96,
                "node-pos": 170,
                "expression-node": 97
            }
        ],
        "rule-30": [
            {
                "template-line-number": 553,
                "part": null,
                "replacement-node": 120,
                "node-pos": 210
            }
        ],
        "rule-3": [
            {
                "template-line-number": 34,
                "part": null,
                "replacement-node": 6,
                "node-pos": 17
            }
        ],
        "rule-5": [
            {
                "template-line-number": 58,
                "part": null,
                "replacement-node": 12,
                "node-pos": 26,
                "html": true
            }
        ],
        "rule-35": [
            {
                "template-line-number": 617,
                "part": null,
                "replacement-node": 135,
                "node-pos": 237
            }
        ],
        "rule-37": {
            "subs": [
                {
                    "template-line-number": 410,
                    "part": "2",
                    "name": "ADITGasLineItems",
                    "node-pos": 151,
                    "expression-node": 85,
                    "replacement-node": 84
                },
                {
                    "template-line-number": 419,
                    "part": "3",
                    "name": "ADITGasLineItems",
                    "node-pos": 155,
                    "expression-node": 88,
                    "replacement-node": 87
                },
                {
                    "template-line-number": 428,
                    "part": "4",
                    "name": "ADITGasLineItems",
                    "node-pos": 159,
                    "expression-node": 91,
                    "replacement-node": 90
                }
            ],
            "name": "ADITGasLineItems"
        },
        "rule-6": [
            {
                "template-line-number": 75,
                "part": null,
                "replacement-node": 15,
                "node-pos": 31
            }
        ],
        "rule-36": [
            {
                "template-line-number": 627,
                "part": null,
                "replacement-node": 138,
                "node-pos": 241
            }
        ],
        "rule-12": [
            {
                "template-line-number": 124,
                "part": null,
                "replacement-node": 33,
                "node-pos": 58,
                "html": true
            }
        ],
        "rule-20": [
            {
                "template-line-number": 350,
                "part": null,
                "replacement-node": 78,
                "node-pos": 139
            }
        ],
        "rule-23": [
            {
                "template-line-number": 464,
                "part": null,
                "replacement-node": 99,
                "node-pos": 174,
                "expression-node": 100
            }
        ],
        "rule-25": [
            {
                "template-line-number": 491,
                "part": null,
                "replacement-node": 105,
                "node-pos": 185,
                "expression-node": 106
            }
        ],
        "rule-18": [
            {
                "template-line-number": 325,
                "part": null,
                "replacement-node": 72,
                "node-pos": 129,
                "expression-node": 73
            }
        ],
        "rule-7": [
            {
                "template-line-number": 82,
                "part": null,
                "replacement-node": 18,
                "node-pos": 35,
                "expression-node": 19
            }
        ],
        "rule-17": [
            {
                "template-line-number": 313,
                "part": null,
                "replacement-node": 69,
                "node-pos": 124
            }
        ]
    }
}