{
    "substitutions": {
        "rule-5": [
            {
                "html": true,
                "replacement-node": 12,
                "template-line-number": 48,
                "part": null,
                "node-pos": 26
            }
        ],
        "rule-21": [
            {
                "replacement-node": 60,
                "template-line-number": 182,
                "part": null,
                "node-pos": 103
            }
        ],
        "rule-4": [
            {
                "html": true,
                "replacement-node": 9,
                "template-line-number": 36,
                "part": null,
                "node-pos": 21
            }
        ],
        "rule-11": [
            {
                "replacement-node": 30,
                "template-line-number": 87,
                "part": null,
                "node-pos": 53
            }
        ],
        "rule-1": [
            {
                "replacement-node": 0,
                "template-line-number": 20,
                "part": null,
                "node-pos": 9
            }
        ],
        "rule-17": [
            {
                "expression-node": 49,
                "node-pos": 85,
                "html": true,
                "part": null,
                "template-line-number": 147,
                "replacement-node": 48
            }
        ],
        "rule-7": [
            {
                "replacement-node": 18,
                "template-line-number": 63,
                "part": null,
                "node-pos": 35,
                "expression-node": 19
            }
        ],
        "rule-12": [
            {
                "html": true,
                "replacement-node": 33,
                "template-line-number": 98,
                "part": null,
                "node-pos": 58
            }
        ],
        "rule-13": [
            {
                "expression-node": 37,
                "node-pos": 69,
                "html": true,
                "part": null,
                "template-line-number": 115,
                "replacement-node": 36
            }
        ],
        "rule-18": [
            {
                "expression-node": 52,
                "node-pos": 89,
                "html": true,
                "part": null,
                "template-line-number": 155,
                "replacement-node": 51
            }
        ],
        "rule-15": [
            {
                "expression-node": 43,
                "node-pos": 77,
                "html": true,
                "part": null,
                "template-line-number": 131,
                "replacement-node": 42
            }
        ],
        "rule-6": [
            {
                "replacement-node": 15,
                "template-line-number": 59,
                "part": null,
                "node-pos": 31
            }
        ],
        "rule-19": [
            {
                "replacement-node": 54,
                "template-line-number": 168,
                "part": null,
                "node-pos": 95,
                "expression-node": 55
            }
        ],
        "rule-2": [
            {
                "replacement-node": 3,
                "template-line-number": 24,
                "part": null,
                "node-pos": 13,
                "expression-node": 4
            }
        ],
        "rule-3": [
            {
                "replacement-node": 6,
                "template-line-number": 30,
                "part": null,
                "node-pos": 17
            }
        ],
        "rule-10": [
            {
                "replacement-node": 27,
                "template-line-number": 77,
                "part": null,
                "node-pos": 47,
                "expression-node": 28
            }
        ],
        "rule-16": [
            {
                "expression-node": 46,
                "node-pos": 81,
                "html": true,
                "part": null,
                "template-line-number": 139,
                "replacement-node": 45
            }
        ],
        "rule-20": [
            {
                "replacement-node": 57,
                "template-line-number": 173,
                "part": null,
                "node-pos": 99
            }
        ],
        "rule-9": [
            {
                "replacement-node": 24,
                "template-line-number": 72,
                "part": null,
                "node-pos": 43,
                "expression-node": 25
            }
        ],
        "rule-14": [
            {
                "expression-node": 40,
                "node-pos": 73,
                "html": true,
                "part": null,
                "template-line-number": 123,
                "replacement-node": 39
            }
        ],
        "rule-8": [
            {
                "replacement-node": 21,
                "template-line-number": 68,
                "part": null,
                "node-pos": 39
            }
        ]
    },
    "line-numbers": {},
    "showifs": {}
}