{
    "line-numbers": {},
    "showifs": {},
    "substitutions": {
        "rule-18": [
            {
                "node-pos": 89,
                "template-line-number": 155,
                "part": null,
                "replacement-node": 51,
                "html": true,
                "expression-node": 52
            }
        ],
        "rule-19": [
            {
                "node-pos": 95,
                "part": null,
                "template-line-number": 168,
                "expression-node": 55,
                "replacement-node": 54
            }
        ],
        "rule-11": [
            {
                "node-pos": 53,
                "part": null,
                "template-line-number": 87,
                "replacement-node": 30
            }
        ],
        "rule-1": [
            {
                "node-pos": 9,
                "part": null,
                "template-line-number": 20,
                "replacement-node": 0
            }
        ],
        "rule-13": [
            {
                "node-pos": 69,
                "template-line-number": 115,
                "part": null,
                "replacement-node": 36,
                "html": true,
                "expression-node": 37
            }
        ],
        "rule-9": [
            {
                "node-pos": 43,
                "part": null,
                "template-line-number": 72,
                "expression-node": 25,
                "replacement-node": 24
            }
        ],
        "rule-14": [
            {
                "node-pos": 73,
                "template-line-number": 123,
                "part": null,
                "replacement-node": 39,
                "html": true,
                "expression-node": 40
            }
        ],
        "rule-7": [
            {
                "node-pos": 35,
                "part": null,
                "template-line-number": 63,
                "expression-node": 19,
                "replacement-node": 18
            }
        ],
        "rule-5": [
            {
                "node-pos": 26,
                "part": null,
                "template-line-number": 48,
                "html": true,
                "replacement-node": 12
            }
        ],
        "rule-3": [
            {
                "node-pos": 17,
                "part": null,
                "template-line-number": 30,
                "replacement-node": 6
            }
        ],
        "rule-15": [
            {
                "node-pos": 77,
                "template-line-number": 131,
                "part": null,
                "replacement-node": 42,
                "html": true,
                "expression-node": 43
            }
        ],
        "rule-20": [
            {
                "node-pos": 99,
                "part": null,
                "template-line-number": 173,
                "replacement-node": 57
            }
        ],
        "rule-12": [
            {
                "node-pos": 58,
                "part": null,
                "template-line-number": 98,
                "html": true,
                "replacement-node": 33
            }
        ],
        "rule-17": [
            {
                "node-pos": 85,
                "template-line-number": 147,
                "part": null,
                "replacement-node": 48,
                "html": true,
                "expression-node": 49
            }
        ],
        "rule-10": [
            {
                "node-pos": 47,
                "part": null,
                "template-line-number": 77,
                "expression-node": 28,
                "replacement-node": 27
            }
        ],
        "rule-16": [
            {
                "node-pos": 81,
                "template-line-number": 139,
                "part": null,
                "replacement-node": 45,
                "html": true,
                "expression-node": 46
            }
        ],
        "rule-6": [
            {
                "node-pos": 31,
                "part": null,
                "template-line-number": 59,
                "replacement-node": 15
            }
        ],
        "rule-21": [
            {
                "node-pos": 103,
                "part": null,
                "template-line-number": 182,
                "replacement-node": 60
            }
        ],
        "rule-8": [
            {
                "node-pos": 39,
                "part": null,
                "template-line-number": 68,
                "replacement-node": 21
            }
        ],
        "rule-2": [
            {
                "node-pos": 13,
                "part": null,
                "template-line-number": 24,
                "expression-node": 4,
                "replacement-node": 3
            }
        ],
        "rule-4": [
            {
                "node-pos": 21,
                "part": null,
                "template-line-number": 36,
                "html": true,
                "replacement-node": 9
            }
        ]
    }
}