{
    "line-numbers": {
        "UnrecoveredPlantAndRegulatoryStudyCosts": [
            {
                "line-number-node": 47,
                "template-line-number": 240,
                "start-number": 16
            }
        ]
    },
    "substitutions": {
        "rule-18": [
            {
                "node-pos": 138,
                "replacement-node": 83,
                "part": null,
                "expression-node": 84,
                "template-line-number": 331
            }
        ],
        "rule-14": [
            {
                "node-pos": 120,
                "replacement-node": 71,
                "part": null,
                "template-line-number": 289
            }
        ],
        "rule-15": [
            {
                "node-pos": 125,
                "replacement-node": 74,
                "part": null,
                "expression-node": 75,
                "template-line-number": 301
            }
        ],
        "rule-24": {
            "name": "UnrecoveredPlantAndRegulatoryStudyCosts",
            "subs": [
                {
                    "node-pos": 90,
                    "name": "UnrecoveredPlantAndRegulatoryStudyCosts",
                    "expression-node": 51,
                    "replacement-node": 50,
                    "part": "2",
                    "template-line-number": 244
                },
                {
                    "node-pos": 94,
                    "name": "UnrecoveredPlantAndRegulatoryStudyCosts",
                    "expression-node": 54,
                    "replacement-node": 53,
                    "part": "3",
                    "template-line-number": 249
                },
                {
                    "node-pos": 98,
                    "name": "UnrecoveredPlantAndRegulatoryStudyCosts",
                    "expression-node": 57,
                    "replacement-node": 56,
                    "part": "4",
                    "template-line-number": 254
                },
                {
                    "node-pos": 102,
                    "name": "UnrecoveredPlantAndRegulatoryStudyCosts",
                    "expression-node": 60,
                    "replacement-node": 59,
                    "part": "5",
                    "template-line-number": 259
                },
                {
                    "node-pos": 106,
                    "name": "UnrecoveredPlantAndRegulatoryStudyCosts",
                    "expression-node": 63,
                    "replacement-node": 62,
                    "part": "6",
                    "template-line-number": 266
                },
                {
                    "node-pos": 110,
                    "name": "UnrecoveredPlantAndRegulatoryStudyCosts",
                    "expression-node": 66,
                    "replacement-node": 65,
                    "part": "7",
                    "template-line-number": 273
                },
                {
                    "node-pos": 114,
                    "name": "UnrecoveredPlantAndRegulatoryStudyCosts",
                    "expression-node": 69,
                    "replacement-node": 68,
                    "part": "8",
                    "template-line-number": 278
                }
            ]
        },
        "rule-13": [
            {
                "html": true,
                "node-pos": 61,
                "replacement-node": 34,
                "part": null,
                "template-line-number": 109
            }
        ],
        "rule-7": [
            {
                "node-pos": 32,
                "replacement-node": 16,
                "part": null,
                "template-line-number": 66
            }
        ],
        "rule-6": [
            {
                "html": true,
                "node-pos": 27,
                "replacement-node": 13,
                "part": null,
                "template-line-number": 55
            }
        ],
        "rule-19": [
            {
                "node-pos": 142,
                "replacement-node": 86,
                "part": null,
                "expression-node": 87,
                "template-line-number": 340
            }
        ],
        "rule-22": [
            {
                "node-pos": 156,
                "replacement-node": 95,
                "part": null,
                "template-line-number": 367
            }
        ],
        "rule-8": [
            {
                "node-pos": 36,
                "replacement-node": 19,
                "part": null,
                "expression-node": 20,
                "template-line-number": 70
            }
        ],
        "rule-12": [
            {
                "node-pos": 56,
                "replacement-node": 31,
                "part": null,
                "template-line-number": 98
            }
        ],
        "rule-3": [
            {
                "node-pos": 14,
                "replacement-node": 4,
                "part": null,
                "expression-node": 5,
                "template-line-number": 31
            }
        ],
        "rule-11": [
            {
                "node-pos": 48,
                "replacement-node": 28,
                "part": null,
                "expression-node": 29,
                "template-line-number": 84
            }
        ],
        "rule-17": [
            {
                "node-pos": 133,
                "replacement-node": 80,
                "part": null,
                "expression-node": 81,
                "template-line-number": 319
            }
        ],
        "rule-10": [
            {
                "node-pos": 44,
                "replacement-node": 25,
                "part": null,
                "expression-node": 26,
                "template-line-number": 79
            }
        ],
        "rule-5": [
            {
                "html": true,
                "node-pos": 22,
                "replacement-node": 10,
                "part": null,
                "template-line-number": 43
            }
        ],
        "rule-23": {
            "name": "StudyCostHeadings",
            "subs": [
                {
                    "node-pos": 76,
                    "name": "StudyCostHeadings",
                    "template-line-number": 142,
                    "replacement-node": 40,
                    "extras": {},
                    "part": "1"
                },
                {
                    "node-pos": 80,
                    "name": "StudyCostHeadings",
                    "template-line-number": 151,
                    "replacement-node": 43,
                    "extras": {},
                    "part": "2"
                },
                {
                    "node-pos": 74,
                    "name": "StudyCostHeadings",
                    "template-line-number": 138,
                    "replacement-node": 38,
                    "extras": {},
                    "part": "3"
                }
            ]
        },
        "rule-20": [
            {
                "node-pos": 148,
                "replacement-node": 89,
                "part": null,
                "expression-node": 90,
                "template-line-number": 353
            }
        ],
        "rule-16": [
            {
                "node-pos": 129,
                "replacement-node": 77,
                "part": null,
                "expression-node": 78,
                "template-line-number": 310
            }
        ],
        "rule-2": [
            {
                "node-pos": 10,
                "replacement-node": 1,
                "part": null,
                "template-line-number": 27
            }
        ],
        "rule-9": [
            {
                "node-pos": 40,
                "replacement-node": 22,
                "part": null,
                "template-line-number": 75
            }
        ],
        "rule-4": [
            {
                "node-pos": 18,
                "replacement-node": 7,
                "part": null,
                "template-line-number": 37
            }
        ],
        "rule-21": [
            {
                "node-pos": 152,
                "replacement-node": 92,
                "part": null,
                "template-line-number": 358
            }
        ]
    },
    "showifs": {
        "rule-1": {
            "type": "showif",
            "template-line-number": 17
        }
    }
}