{
    "substitutions": {
        "rule-1": [
            {
                "part": null,
                "replacement-node": 0,
                "template-line-number": 22,
                "node-pos": 9
            }
        ],
        "rule-2": [
            {
                "part": null,
                "replacement-node": 3,
                "expression-node": 4,
                "template-line-number": 27,
                "node-pos": 13
            }
        ],
        "rule-3": [
            {
                "part": null,
                "replacement-node": 6,
                "template-line-number": 33,
                "node-pos": 17
            }
        ],
        "rule-4": [
            {
                "part": null,
                "replacement-node": 9,
                "template-line-number": 39,
                "node-pos": 21,
                "html": true
            }
        ],
        "rule-5": [
            {
                "part": null,
                "replacement-node": 12,
                "template-line-number": 51,
                "node-pos": 26,
                "html": true
            }
        ],
        "rule-6": [
            {
                "part": null,
                "replacement-node": 15,
                "template-line-number": 62,
                "node-pos": 31
            }
        ],
        "rule-7": [
            {
                "part": null,
                "replacement-node": 18,
                "expression-node": 19,
                "template-line-number": 66,
                "node-pos": 35
            }
        ],
        "rule-8": [
            {
                "part": null,
                "replacement-node": 21,
                "template-line-number": 71,
                "node-pos": 39
            }
        ],
        "rule-9": [
            {
                "part": null,
                "replacement-node": 24,
                "expression-node": 25,
                "template-line-number": 75,
                "node-pos": 43
            }
        ],
        "rule-10": [
            {
                "part": null,
                "replacement-node": 27,
                "expression-node": 28,
                "template-line-number": 80,
                "node-pos": 47
            }
        ],
        "rule-11": [
            {
                "part": null,
                "replacement-node": 30,
                "template-line-number": 90,
                "node-pos": 53
            }
        ],
        "rule-12": [
            {
                "part": null,
                "replacement-node": 33,
                "template-line-number": 101,
                "node-pos": 58,
                "html": true
            }
        ],
        "rule-13": [
            {
                "part": null,
                "replacement-node": 63,
                "expression-node": 64,
                "template-line-number": 324,
                "node-pos": 106
            }
        ],
        "rule-14": [
            {
                "part": null,
                "replacement-node": 66,
                "template-line-number": 331,
                "node-pos": 110
            }
        ],
        "rule-15": [
            {
                "part": null,
                "replacement-node": 69,
                "template-line-number": 341,
                "node-pos": 114
            }
        ],
        "rule-16": {
            "name": "DistributionHeadings",
            "subs": [
                {
                    "name": "DistributionHeadings",
                    "part": "1",
                    "replacement-node": 37,
                    "template-line-number": 130,
                    "extras": {},
                    "node-pos": 68
                },
                {
                    "name": "DistributionHeadings",
                    "part": "2",
                    "replacement-node": 40,
                    "template-line-number": 137,
                    "extras": {},
                    "node-pos": 72
                }
            ]
        },
        "rule-17": {
            "name": "DistributionLineItems",
            "subs": [
                {
                    "name": "DistributionLineItems",
                    "part": "1",
                    "replacement-node": 44,
                    "template-line-number": 277,
                    "extras": {},
                    "node-pos": 78
                },
                {
                    "name": "DistributionLineItems",
                    "part": "2",
                    "replacement-node": 49,
                    "expression-node": 50,
                    "template-line-number": 288,
                    "node-pos": 86
                },
                {
                    "name": "DistributionLineItems",
                    "part": "4",
                    "replacement-node": 60,
                    "expression-node": 61,
                    "template-line-number": 313,
                    "node-pos": 100
                },
                {
                    "name": "DistributionLineItems",
                    "part": "5",
                    "replacement-node": 54,
                    "expression-node": 55,
                    "template-line-number": 298,
                    "node-pos": 92
                },
                {
                    "name": "DistributionLineItems",
                    "part": "6",
                    "replacement-node": 47,
                    "template-line-number": 284,
                    "extras": {},
                    "node-pos": 84
                },
                {
                    "name": "DistributionLineItems",
                    "part": "6",
                    "replacement-node": 57,
                    "expression-node": 58,
                    "template-line-number": 305,
                    "node-pos": 96
                }
            ]
        }
    },
    "line-numbers": {},
    "showifs": {},
    "footnotes": {},
    "standard-rules": [
        "rule-1",
        "rule-2",
        "rule-3",
        "rule-4",
        "rule-5",
        "rule-6",
        "rule-7",
        "rule-8",
        "rule-9",
        "rule-10",
        "rule-11",
        "rule-12",
        "rule-13",
        "rule-14",
        "rule-15",
        "rule-16",
        "rule-17"
    ],
    "footnote-rules": []
}