{
    "showifs": {
        "rule-1": {
            "type": "showif",
            "template-line-number": 17
        }
    },
    "substitutions": {
        "rule-2": [
            {
                "part": null,
                "template-line-number": 27,
                "node-pos": 10,
                "replacement-node": 1
            }
        ],
        "rule-16": [
            {
                "part": null,
                "template-line-number": 217,
                "node-pos": 105,
                "replacement-node": 63
            }
        ],
        "rule-18": {
            "name": "GPLineItems",
            "subs": [
                {
                    "node-pos": 78,
                    "template-line-number": 171,
                    "part": "1",
                    "extras": {},
                    "replacement-node": 45,
                    "name": "GPLineItems"
                },
                {
                    "node-pos": 86,
                    "template-line-number": 182,
                    "part": "2",
                    "extras": {},
                    "replacement-node": 50,
                    "name": "GPLineItems"
                },
                {
                    "expression-node": 55,
                    "node-pos": 91,
                    "template-line-number": 192,
                    "part": "4",
                    "replacement-node": 54,
                    "name": "GPLineItems"
                },
                {
                    "node-pos": 84,
                    "template-line-number": 178,
                    "part": "6",
                    "extras": {},
                    "replacement-node": 48,
                    "name": "GPLineItems"
                }
            ]
        },
        "rule-8": [
            {
                "template-line-number": 72,
                "part": null,
                "expression-node": 20,
                "node-pos": 36,
                "replacement-node": 19
            }
        ],
        "rule-12": [
            {
                "part": null,
                "template-line-number": 97,
                "node-pos": 54,
                "replacement-node": 31
            }
        ],
        "rule-5": [
            {
                "part": null,
                "template-line-number": 44,
                "node-pos": 22,
                "html": true,
                "replacement-node": 10
            }
        ],
        "rule-7": [
            {
                "part": null,
                "template-line-number": 67,
                "node-pos": 32,
                "replacement-node": 16
            }
        ],
        "rule-15": [
            {
                "part": null,
                "template-line-number": 208,
                "node-pos": 101,
                "replacement-node": 60
            }
        ],
        "rule-3": [
            {
                "template-line-number": 32,
                "part": null,
                "expression-node": 5,
                "node-pos": 14,
                "replacement-node": 4
            }
        ],
        "rule-13": [
            {
                "part": null,
                "template-line-number": 108,
                "node-pos": 59,
                "html": true,
                "replacement-node": 34
            }
        ],
        "rule-9": [
            {
                "part": null,
                "template-line-number": 77,
                "node-pos": 40,
                "replacement-node": 22
            }
        ],
        "rule-11": [
            {
                "template-line-number": 87,
                "part": null,
                "expression-node": 29,
                "node-pos": 48,
                "replacement-node": 28
            }
        ],
        "rule-17": {
            "name": "GPHeadings",
            "subs": [
                {
                    "node-pos": 68,
                    "template-line-number": 131,
                    "part": "1",
                    "extras": {},
                    "replacement-node": 38,
                    "name": "GPHeadings"
                },
                {
                    "node-pos": 72,
                    "template-line-number": 138,
                    "part": "2",
                    "extras": {},
                    "replacement-node": 41,
                    "name": "GPHeadings"
                }
            ]
        },
        "rule-10": [
            {
                "template-line-number": 82,
                "part": null,
                "expression-node": 26,
                "node-pos": 44,
                "replacement-node": 25
            }
        ],
        "rule-6": [
            {
                "part": null,
                "template-line-number": 56,
                "node-pos": 27,
                "html": true,
                "replacement-node": 13
            }
        ],
        "rule-4": [
            {
                "part": null,
                "template-line-number": 38,
                "node-pos": 18,
                "replacement-node": 7
            }
        ],
        "rule-14": [
            {
                "template-line-number": 203,
                "part": null,
                "expression-node": 58,
                "node-pos": 97,
                "replacement-node": 57
            }
        ]
    },
    "line-numbers": {}
}