{
    "substitutions": {
        "rule-11": [
            {
                "replacement-node": 30,
                "template-line-number": 93,
                "node-pos": 54,
                "part": null
            }
        ],
        "rule-24": [
            {
                "replacement-node": 76,
                "expression-node": 77,
                "template-line-number": 279,
                "node-pos": 135,
                "part": null
            }
        ],
        "rule-29": [
            {
                "replacement-node": 91,
                "template-line-number": 342,
                "node-pos": 162,
                "part": null
            }
        ],
        "rule-27": [
            {
                "replacement-node": 85,
                "expression-node": 86,
                "template-line-number": 316,
                "node-pos": 151,
                "part": null
            }
        ],
        "rule-34": [
            {
                "replacement-node": 106,
                "template-line-number": 395,
                "node-pos": 185,
                "part": null
            }
        ],
        "rule-4": [
            {
                "replacement-node": 9,
                "html": true,
                "template-line-number": 40,
                "node-pos": 22,
                "part": null
            }
        ],
        "rule-33": [
            {
                "replacement-node": 103,
                "template-line-number": 386,
                "node-pos": 181,
                "part": null
            }
        ],
        "rule-30": [
            {
                "replacement-node": 94,
                "expression-node": 95,
                "template-line-number": 354,
                "node-pos": 167,
                "part": null
            }
        ],
        "rule-18": [
            {
                "replacement-node": 58,
                "template-line-number": 210,
                "node-pos": 106,
                "part": null
            }
        ],
        "rule-16": [
            {
                "replacement-node": 52,
                "expression-node": 53,
                "template-line-number": 185,
                "node-pos": 95,
                "part": null
            }
        ],
        "rule-31": [
            {
                "replacement-node": 97,
                "expression-node": 98,
                "template-line-number": 365,
                "node-pos": 171,
                "part": null
            }
        ],
        "rule-9": [
            {
                "replacement-node": 24,
                "expression-node": 25,
                "template-line-number": 78,
                "node-pos": 44,
                "part": null
            }
        ],
        "rule-7": [
            {
                "replacement-node": 18,
                "expression-node": 19,
                "template-line-number": 68,
                "node-pos": 36,
                "part": null
            }
        ],
        "rule-26": [
            {
                "replacement-node": 82,
                "template-line-number": 304,
                "node-pos": 146,
                "part": null
            }
        ],
        "rule-23": [
            {
                "replacement-node": 73,
                "expression-node": 74,
                "template-line-number": 269,
                "node-pos": 131,
                "part": null
            }
        ],
        "rule-32": [
            {
                "replacement-node": 100,
                "expression-node": 101,
                "template-line-number": 380,
                "node-pos": 177,
                "part": null
            }
        ],
        "rule-35": {
            "subs": [
                {
                    "node-pos": 71,
                    "extras": {},
                    "name": "ColumnHeadings",
                    "part": "1",
                    "replacement-node": 37,
                    "template-line-number": 131
                },
                {
                    "node-pos": 75,
                    "extras": {},
                    "name": "ColumnHeadings",
                    "part": "2",
                    "replacement-node": 40,
                    "template-line-number": 138
                }
            ],
            "name": "ColumnHeadings"
        },
        "rule-6": [
            {
                "replacement-node": 15,
                "template-line-number": 63,
                "node-pos": 32,
                "part": null
            }
        ],
        "rule-14": [
            {
                "replacement-node": 46,
                "template-line-number": 162,
                "node-pos": 86,
                "part": null
            }
        ],
        "rule-25": [
            {
                "replacement-node": 79,
                "template-line-number": 292,
                "node-pos": 141,
                "part": null
            }
        ],
        "rule-2": [
            {
                "replacement-node": 3,
                "expression-node": 4,
                "template-line-number": 28,
                "node-pos": 14,
                "part": null
            }
        ],
        "rule-13": [
            {
                "replacement-node": 43,
                "template-line-number": 149,
                "node-pos": 81,
                "part": null
            }
        ],
        "rule-19": [
            {
                "replacement-node": 61,
                "expression-node": 62,
                "template-line-number": 222,
                "node-pos": 111,
                "part": null
            }
        ],
        "rule-21": [
            {
                "replacement-node": 67,
                "template-line-number": 245,
                "node-pos": 121,
                "part": null
            }
        ],
        "rule-3": [
            {
                "replacement-node": 6,
                "template-line-number": 34,
                "node-pos": 18,
                "part": null
            }
        ],
        "rule-17": [
            {
                "replacement-node": 55,
                "template-line-number": 198,
                "node-pos": 101,
                "part": null
            }
        ],
        "rule-22": [
            {
                "replacement-node": 70,
                "template-line-number": 257,
                "node-pos": 126,
                "part": null
            }
        ],
        "rule-5": [
            {
                "replacement-node": 12,
                "html": true,
                "template-line-number": 52,
                "node-pos": 27,
                "part": null
            }
        ],
        "rule-8": [
            {
                "replacement-node": 21,
                "template-line-number": 73,
                "node-pos": 40,
                "part": null
            }
        ],
        "rule-28": [
            {
                "replacement-node": 88,
                "expression-node": 89,
                "template-line-number": 326,
                "node-pos": 155,
                "part": null
            }
        ],
        "rule-20": [
            {
                "replacement-node": 64,
                "expression-node": 65,
                "template-line-number": 232,
                "node-pos": 115,
                "part": null
            }
        ],
        "rule-1": [
            {
                "replacement-node": 0,
                "template-line-number": 23,
                "node-pos": 10,
                "part": null
            }
        ],
        "rule-12": [
            {
                "replacement-node": 33,
                "html": true,
                "template-line-number": 104,
                "node-pos": 59,
                "part": null
            }
        ],
        "rule-15": [
            {
                "replacement-node": 49,
                "expression-node": 50,
                "template-line-number": 175,
                "node-pos": 91,
                "part": null
            }
        ],
        "rule-10": [
            {
                "replacement-node": 27,
                "expression-node": 28,
                "template-line-number": 83,
                "node-pos": 48,
                "part": null
            }
        ]
    },
    "showifs": {},
    "line-numbers": {}
}