{
    "showifs": {},
    "substitutions": {
        "rule-10": [
            {
                "template-line-number": 82,
                "replacement-node": 27,
                "expression-node": 28,
                "node-pos": 47,
                "part": null
            }
        ],
        "rule-6": [
            {
                "replacement-node": 15,
                "template-line-number": 62,
                "node-pos": 31,
                "part": null
            }
        ],
        "rule-3": [
            {
                "replacement-node": 6,
                "template-line-number": 33,
                "node-pos": 17,
                "part": null
            }
        ],
        "rule-14": [
            {
                "replacement-node": 77,
                "template-line-number": 294,
                "node-pos": 127,
                "part": null
            }
        ],
        "rule-7": [
            {
                "template-line-number": 67,
                "replacement-node": 18,
                "expression-node": 19,
                "node-pos": 35,
                "part": null
            }
        ],
        "rule-5": [
            {
                "html": true,
                "replacement-node": 12,
                "template-line-number": 51,
                "node-pos": 26,
                "part": null
            }
        ],
        "rule-13": [
            {
                "template-line-number": 287,
                "replacement-node": 74,
                "expression-node": 75,
                "node-pos": 123,
                "part": null
            }
        ],
        "rule-1": [
            {
                "replacement-node": 0,
                "template-line-number": 22,
                "node-pos": 9,
                "part": null
            }
        ],
        "rule-9": [
            {
                "template-line-number": 77,
                "replacement-node": 24,
                "expression-node": 25,
                "node-pos": 43,
                "part": null
            }
        ],
        "rule-11": [
            {
                "replacement-node": 30,
                "template-line-number": 92,
                "node-pos": 53,
                "part": null
            }
        ],
        "rule-17": {
            "name": "MTSPeakLoadHeadings",
            "subs": [
                {
                    "name": "MTSPeakLoadHeadings",
                    "template-line-number": 144,
                    "extras": {},
                    "replacement-node": 39,
                    "node-pos": 76,
                    "part": "1"
                },
                {
                    "name": "MTSPeakLoadHeadings",
                    "template-line-number": 152,
                    "extras": {},
                    "replacement-node": 42,
                    "node-pos": 80,
                    "part": "2"
                },
                {
                    "name": "MTSPeakLoadHeadings",
                    "template-line-number": 140,
                    "extras": {},
                    "replacement-node": 37,
                    "node-pos": 74,
                    "part": "3"
                }
            ]
        },
        "rule-15": [
            {
                "replacement-node": 80,
                "template-line-number": 304,
                "node-pos": 131,
                "part": null
            }
        ],
        "rule-8": [
            {
                "replacement-node": 21,
                "template-line-number": 72,
                "node-pos": 39,
                "part": null
            }
        ],
        "rule-12": [
            {
                "html": true,
                "replacement-node": 33,
                "template-line-number": 103,
                "node-pos": 58,
                "part": null
            }
        ],
        "rule-4": [
            {
                "html": true,
                "replacement-node": 9,
                "template-line-number": 39,
                "node-pos": 21,
                "part": null
            }
        ],
        "rule-16": {
            "name": "MTSPeakLoadLineItems",
            "subs": [
                {
                    "name": "MTSPeakLoadLineItems",
                    "template-line-number": 229,
                    "extras": {},
                    "replacement-node": 50,
                    "node-pos": 91,
                    "part": "2"
                },
                {
                    "name": "MTSPeakLoadLineItems",
                    "template-line-number": 222,
                    "extras": {},
                    "replacement-node": 46,
                    "node-pos": 86,
                    "part": "3"
                },
                {
                    "name": "MTSPeakLoadLineItems",
                    "template-line-number": 238,
                    "replacement-node": 54,
                    "expression-node": 55,
                    "node-pos": 96,
                    "part": "4"
                },
                {
                    "name": "MTSPeakLoadLineItems",
                    "template-line-number": 246,
                    "replacement-node": 58,
                    "expression-node": 59,
                    "node-pos": 101,
                    "part": "5"
                },
                {
                    "name": "MTSPeakLoadLineItems",
                    "template-line-number": 253,
                    "replacement-node": 62,
                    "expression-node": 63,
                    "node-pos": 106,
                    "part": "6"
                },
                {
                    "name": "MTSPeakLoadLineItems",
                    "template-line-number": 260,
                    "replacement-node": 66,
                    "expression-node": 67,
                    "node-pos": 111,
                    "part": "7"
                },
                {
                    "name": "MTSPeakLoadLineItems",
                    "template-line-number": 267,
                    "replacement-node": 70,
                    "expression-node": 71,
                    "node-pos": 116,
                    "part": "8"
                }
            ]
        },
        "rule-2": [
            {
                "template-line-number": 27,
                "replacement-node": 3,
                "expression-node": 4,
                "node-pos": 13,
                "part": null
            }
        ]
    },
    "line-numbers": {}
}