{
    "showifs": {},
    "substitutions": {
        "rule-15": [
            {
                "replacement-node": 94,
                "template-line-number": 316,
                "part": null,
                "node-pos": 147
            }
        ],
        "rule-11": [
            {
                "replacement-node": 30,
                "template-line-number": 92,
                "part": null,
                "node-pos": 53
            }
        ],
        "rule-8": [
            {
                "replacement-node": 21,
                "template-line-number": 72,
                "part": null,
                "node-pos": 39
            }
        ],
        "rule-9": [
            {
                "expression-node": 25,
                "replacement-node": 24,
                "template-line-number": 77,
                "part": null,
                "node-pos": 43
            }
        ],
        "rule-16": {
            "name": "ISORTOPeakLoadHeadings",
            "subs": [
                {
                    "name": "ISORTOPeakLoadHeadings",
                    "part": "1",
                    "node-pos": 72,
                    "extras": {},
                    "replacement-node": 37,
                    "template-line-number": 132
                },
                {
                    "name": "ISORTOPeakLoadHeadings",
                    "part": "2",
                    "node-pos": 76,
                    "extras": {},
                    "replacement-node": 40,
                    "template-line-number": 139
                }
            ]
        },
        "rule-17": {
            "name": "ISORTOPeakLoadLineItems",
            "subs": [
                {
                    "expression-node": 77,
                    "name": "ISORTOPeakLoadLineItems",
                    "part": "10",
                    "node-pos": 122,
                    "replacement-node": 76,
                    "template-line-number": 266
                },
                {
                    "expression-node": 81,
                    "name": "ISORTOPeakLoadLineItems",
                    "part": "11",
                    "node-pos": 127,
                    "replacement-node": 80,
                    "template-line-number": 273
                },
                {
                    "expression-node": 85,
                    "name": "ISORTOPeakLoadLineItems",
                    "part": "12",
                    "node-pos": 132,
                    "replacement-node": 84,
                    "template-line-number": 280
                },
                {
                    "name": "ISORTOPeakLoadLineItems",
                    "part": "2",
                    "node-pos": 87,
                    "extras": {},
                    "replacement-node": 48,
                    "template-line-number": 214
                },
                {
                    "name": "ISORTOPeakLoadLineItems",
                    "part": "3",
                    "node-pos": 82,
                    "extras": {},
                    "replacement-node": 44,
                    "template-line-number": 207
                },
                {
                    "expression-node": 53,
                    "name": "ISORTOPeakLoadLineItems",
                    "part": "4",
                    "node-pos": 92,
                    "replacement-node": 52,
                    "template-line-number": 223
                },
                {
                    "expression-node": 57,
                    "name": "ISORTOPeakLoadLineItems",
                    "part": "5",
                    "node-pos": 97,
                    "replacement-node": 56,
                    "template-line-number": 231
                },
                {
                    "expression-node": 61,
                    "name": "ISORTOPeakLoadLineItems",
                    "part": "6",
                    "node-pos": 102,
                    "replacement-node": 60,
                    "template-line-number": 238
                },
                {
                    "expression-node": 65,
                    "name": "ISORTOPeakLoadLineItems",
                    "part": "7",
                    "node-pos": 107,
                    "replacement-node": 64,
                    "template-line-number": 245
                },
                {
                    "expression-node": 69,
                    "name": "ISORTOPeakLoadLineItems",
                    "part": "8",
                    "node-pos": 112,
                    "replacement-node": 68,
                    "template-line-number": 252
                },
                {
                    "expression-node": 73,
                    "name": "ISORTOPeakLoadLineItems",
                    "part": "9",
                    "node-pos": 117,
                    "replacement-node": 72,
                    "template-line-number": 259
                }
            ]
        },
        "rule-7": [
            {
                "expression-node": 19,
                "replacement-node": 18,
                "template-line-number": 67,
                "part": null,
                "node-pos": 35
            }
        ],
        "rule-3": [
            {
                "replacement-node": 6,
                "template-line-number": 33,
                "part": null,
                "node-pos": 17
            }
        ],
        "rule-5": [
            {
                "replacement-node": 12,
                "template-line-number": 51,
                "html": true,
                "part": null,
                "node-pos": 26
            }
        ],
        "rule-6": [
            {
                "replacement-node": 15,
                "template-line-number": 62,
                "part": null,
                "node-pos": 31
            }
        ],
        "rule-1": [
            {
                "replacement-node": 0,
                "template-line-number": 22,
                "part": null,
                "node-pos": 9
            }
        ],
        "rule-4": [
            {
                "replacement-node": 9,
                "template-line-number": 39,
                "html": true,
                "part": null,
                "node-pos": 21
            }
        ],
        "rule-14": [
            {
                "replacement-node": 91,
                "template-line-number": 306,
                "part": null,
                "node-pos": 143
            }
        ],
        "rule-13": [
            {
                "expression-node": 89,
                "replacement-node": 88,
                "template-line-number": 299,
                "part": null,
                "node-pos": 139
            }
        ],
        "rule-2": [
            {
                "expression-node": 4,
                "replacement-node": 3,
                "template-line-number": 27,
                "part": null,
                "node-pos": 13
            }
        ],
        "rule-10": [
            {
                "expression-node": 28,
                "replacement-node": 27,
                "template-line-number": 82,
                "part": null,
                "node-pos": 47
            }
        ],
        "rule-12": [
            {
                "replacement-node": 33,
                "template-line-number": 103,
                "html": true,
                "part": null,
                "node-pos": 58
            }
        ]
    },
    "line-numbers": {}
}