{
    "showifs": {},
    "substitutions": {
        "rule-7": [
            {
                "expression-node": 19,
                "template-line-number": 67,
                "node-pos": 35,
                "replacement-node": 18,
                "part": null
            }
        ],
        "rule-8": [
            {
                "template-line-number": 72,
                "node-pos": 39,
                "replacement-node": 21,
                "part": null
            }
        ],
        "rule-10": [
            {
                "expression-node": 28,
                "template-line-number": 82,
                "node-pos": 47,
                "replacement-node": 27,
                "part": null
            }
        ],
        "rule-2": [
            {
                "expression-node": 4,
                "template-line-number": 27,
                "node-pos": 13,
                "replacement-node": 3,
                "part": null
            }
        ],
        "rule-15": [
            {
                "template-line-number": 316,
                "node-pos": 147,
                "replacement-node": 94,
                "part": null
            }
        ],
        "rule-14": [
            {
                "template-line-number": 306,
                "node-pos": 143,
                "replacement-node": 91,
                "part": null
            }
        ],
        "rule-16": {
            "subs": [
                {
                    "template-line-number": 132,
                    "replacement-node": 37,
                    "node-pos": 72,
                    "name": "ISORTOPeakLoadHeadings",
                    "extras": {},
                    "part": "1"
                },
                {
                    "template-line-number": 139,
                    "replacement-node": 40,
                    "node-pos": 76,
                    "name": "ISORTOPeakLoadHeadings",
                    "extras": {},
                    "part": "2"
                }
            ],
            "name": "ISORTOPeakLoadHeadings"
        },
        "rule-3": [
            {
                "template-line-number": 33,
                "node-pos": 17,
                "replacement-node": 6,
                "part": null
            }
        ],
        "rule-9": [
            {
                "expression-node": 25,
                "template-line-number": 77,
                "node-pos": 43,
                "replacement-node": 24,
                "part": null
            }
        ],
        "rule-11": [
            {
                "template-line-number": 92,
                "node-pos": 53,
                "replacement-node": 30,
                "part": null
            }
        ],
        "rule-17": {
            "subs": [
                {
                    "expression-node": 77,
                    "template-line-number": 266,
                    "replacement-node": 76,
                    "node-pos": 122,
                    "name": "ISORTOPeakLoadLineItems",
                    "part": "10"
                },
                {
                    "expression-node": 81,
                    "template-line-number": 273,
                    "replacement-node": 80,
                    "node-pos": 127,
                    "name": "ISORTOPeakLoadLineItems",
                    "part": "11"
                },
                {
                    "expression-node": 85,
                    "template-line-number": 280,
                    "replacement-node": 84,
                    "node-pos": 132,
                    "name": "ISORTOPeakLoadLineItems",
                    "part": "12"
                },
                {
                    "template-line-number": 214,
                    "replacement-node": 48,
                    "node-pos": 87,
                    "name": "ISORTOPeakLoadLineItems",
                    "extras": {},
                    "part": "2"
                },
                {
                    "template-line-number": 207,
                    "replacement-node": 44,
                    "node-pos": 82,
                    "name": "ISORTOPeakLoadLineItems",
                    "extras": {},
                    "part": "3"
                },
                {
                    "expression-node": 53,
                    "template-line-number": 223,
                    "replacement-node": 52,
                    "node-pos": 92,
                    "name": "ISORTOPeakLoadLineItems",
                    "part": "4"
                },
                {
                    "expression-node": 57,
                    "template-line-number": 231,
                    "replacement-node": 56,
                    "node-pos": 97,
                    "name": "ISORTOPeakLoadLineItems",
                    "part": "5"
                },
                {
                    "expression-node": 61,
                    "template-line-number": 238,
                    "replacement-node": 60,
                    "node-pos": 102,
                    "name": "ISORTOPeakLoadLineItems",
                    "part": "6"
                },
                {
                    "expression-node": 65,
                    "template-line-number": 245,
                    "replacement-node": 64,
                    "node-pos": 107,
                    "name": "ISORTOPeakLoadLineItems",
                    "part": "7"
                },
                {
                    "expression-node": 69,
                    "template-line-number": 252,
                    "replacement-node": 68,
                    "node-pos": 112,
                    "name": "ISORTOPeakLoadLineItems",
                    "part": "8"
                },
                {
                    "expression-node": 73,
                    "template-line-number": 259,
                    "replacement-node": 72,
                    "node-pos": 117,
                    "name": "ISORTOPeakLoadLineItems",
                    "part": "9"
                }
            ],
            "name": "ISORTOPeakLoadLineItems"
        },
        "rule-4": [
            {
                "template-line-number": 39,
                "node-pos": 21,
                "html": true,
                "replacement-node": 9,
                "part": null
            }
        ],
        "rule-13": [
            {
                "expression-node": 89,
                "template-line-number": 299,
                "node-pos": 139,
                "replacement-node": 88,
                "part": null
            }
        ],
        "rule-1": [
            {
                "template-line-number": 22,
                "node-pos": 9,
                "replacement-node": 0,
                "part": null
            }
        ],
        "rule-12": [
            {
                "template-line-number": 103,
                "node-pos": 58,
                "html": true,
                "replacement-node": 33,
                "part": null
            }
        ],
        "rule-5": [
            {
                "template-line-number": 51,
                "node-pos": 26,
                "html": true,
                "replacement-node": 12,
                "part": null
            }
        ],
        "rule-6": [
            {
                "template-line-number": 62,
                "node-pos": 31,
                "replacement-node": 15,
                "part": null
            }
        ]
    },
    "line-numbers": {}
}