{
    "substitutions": {
        "rule-1": [
            {
                "part": null,
                "replacement-node": 0,
                "template-line-number": 22,
                "node-pos": 9
            }
        ],
        "rule-2": [
            {
                "part": null,
                "replacement-node": 3,
                "expression-node": 4,
                "template-line-number": 27,
                "node-pos": 13
            }
        ],
        "rule-3": [
            {
                "part": null,
                "replacement-node": 6,
                "template-line-number": 33,
                "node-pos": 17
            }
        ],
        "rule-4": [
            {
                "part": null,
                "replacement-node": 9,
                "template-line-number": 39,
                "node-pos": 21,
                "html": true
            }
        ],
        "rule-5": [
            {
                "part": null,
                "replacement-node": 12,
                "template-line-number": 51,
                "node-pos": 26,
                "html": true
            }
        ],
        "rule-6": [
            {
                "part": null,
                "replacement-node": 15,
                "template-line-number": 62,
                "node-pos": 31
            }
        ],
        "rule-7": [
            {
                "part": null,
                "replacement-node": 18,
                "expression-node": 19,
                "template-line-number": 67,
                "node-pos": 35
            }
        ],
        "rule-8": [
            {
                "part": null,
                "replacement-node": 21,
                "template-line-number": 72,
                "node-pos": 39
            }
        ],
        "rule-9": [
            {
                "part": null,
                "replacement-node": 24,
                "expression-node": 25,
                "template-line-number": 77,
                "node-pos": 43
            }
        ],
        "rule-10": [
            {
                "part": null,
                "replacement-node": 27,
                "expression-node": 28,
                "template-line-number": 82,
                "node-pos": 47
            }
        ],
        "rule-11": [
            {
                "part": null,
                "replacement-node": 30,
                "template-line-number": 92,
                "node-pos": 53,
                "html": true
            }
        ],
        "rule-12": [
            {
                "part": null,
                "replacement-node": 33,
                "template-line-number": 104,
                "node-pos": 58,
                "html": true
            }
        ],
        "rule-13": [
            {
                "part": null,
                "replacement-node": 100,
                "template-line-number": 393,
                "node-pos": 171
            }
        ],
        "rule-14": [
            {
                "part": null,
                "replacement-node": 103,
                "expression-node": 104,
                "template-line-number": 407,
                "node-pos": 177
            }
        ],
        "rule-15": [
            {
                "part": null,
                "replacement-node": 106,
                "expression-node": 107,
                "template-line-number": 418,
                "node-pos": 182
            }
        ],
        "rule-16": [
            {
                "part": null,
                "replacement-node": 109,
                "expression-node": 110,
                "template-line-number": 428,
                "node-pos": 186
            }
        ],
        "rule-17": [
            {
                "part": null,
                "replacement-node": 112,
                "expression-node": 113,
                "template-line-number": 438,
                "node-pos": 190
            }
        ],
        "rule-18": [
            {
                "part": null,
                "replacement-node": 115,
                "expression-node": 116,
                "template-line-number": 453,
                "node-pos": 198
            }
        ],
        "rule-19": [
            {
                "part": null,
                "replacement-node": 118,
                "expression-node": 119,
                "template-line-number": 463,
                "node-pos": 202
            }
        ],
        "rule-20": [
            {
                "part": null,
                "replacement-node": 121,
                "expression-node": 122,
                "template-line-number": 473,
                "node-pos": 206
            }
        ],
        "rule-21": [
            {
                "part": null,
                "replacement-node": 124,
                "expression-node": 125,
                "template-line-number": 483,
                "node-pos": 210
            }
        ],
        "rule-22": [
            {
                "part": null,
                "replacement-node": 127,
                "expression-node": 128,
                "template-line-number": 493,
                "node-pos": 214
            }
        ],
        "rule-23": [
            {
                "part": null,
                "replacement-node": 130,
                "expression-node": 131,
                "template-line-number": 507,
                "node-pos": 221
            }
        ],
        "rule-24": [
            {
                "part": null,
                "replacement-node": 133,
                "template-line-number": 513,
                "node-pos": 225
            }
        ],
        "rule-25": [
            {
                "part": null,
                "replacement-node": 136,
                "template-line-number": 522,
                "node-pos": 229
            }
        ],
        "rule-26": {
            "name": "RevenueHeadings",
            "subs": [
                {
                    "name": "RevenueHeadings",
                    "part": "1",
                    "replacement-node": 39,
                    "template-line-number": 165,
                    "extras": {},
                    "node-pos": 84
                },
                {
                    "name": "RevenueHeadings",
                    "part": "3",
                    "replacement-node": 37,
                    "template-line-number": 161,
                    "extras": {},
                    "node-pos": 82
                }
            ]
        },
        "rule-27": {
            "name": "TransmissionLinesAdded",
            "subs": [
                {
                    "name": "TransmissionLinesAdded",
                    "part": "10",
                    "replacement-node": 73,
                    "expression-node": 74,
                    "template-line-number": 342,
                    "node-pos": 133
                },
                {
                    "name": "TransmissionLinesAdded",
                    "part": "11",
                    "replacement-node": 76,
                    "expression-node": 77,
                    "template-line-number": 347,
                    "node-pos": 137
                },
                {
                    "name": "TransmissionLinesAdded",
                    "part": "12",
                    "replacement-node": 79,
                    "expression-node": 80,
                    "template-line-number": 352,
                    "node-pos": 141
                },
                {
                    "name": "TransmissionLinesAdded",
                    "part": "13",
                    "replacement-node": 82,
                    "expression-node": 83,
                    "template-line-number": 357,
                    "node-pos": 145
                },
                {
                    "name": "TransmissionLinesAdded",
                    "part": "14",
                    "replacement-node": 85,
                    "expression-node": 86,
                    "template-line-number": 362,
                    "node-pos": 149
                },
                {
                    "name": "TransmissionLinesAdded",
                    "part": "15",
                    "replacement-node": 88,
                    "expression-node": 89,
                    "template-line-number": 367,
                    "node-pos": 153
                },
                {
                    "name": "TransmissionLinesAdded",
                    "part": "16",
                    "replacement-node": 91,
                    "expression-node": 92,
                    "template-line-number": 372,
                    "node-pos": 157
                },
                {
                    "name": "TransmissionLinesAdded",
                    "part": "17",
                    "replacement-node": 94,
                    "expression-node": 95,
                    "template-line-number": 377,
                    "node-pos": 161
                },
                {
                    "name": "TransmissionLinesAdded",
                    "part": "18",
                    "replacement-node": 97,
                    "expression-node": 98,
                    "template-line-number": 382,
                    "node-pos": 165
                },
                {
                    "name": "TransmissionLinesAdded",
                    "part": "2",
                    "replacement-node": 49,
                    "expression-node": 50,
                    "template-line-number": 302,
                    "node-pos": 101
                },
                {
                    "name": "TransmissionLinesAdded",
                    "part": "3",
                    "replacement-node": 52,
                    "expression-node": 53,
                    "template-line-number": 307,
                    "node-pos": 105
                },
                {
                    "name": "TransmissionLinesAdded",
                    "part": "4",
                    "replacement-node": 55,
                    "expression-node": 56,
                    "template-line-number": 312,
                    "node-pos": 109
                },
                {
                    "name": "TransmissionLinesAdded",
                    "part": "5",
                    "replacement-node": 58,
                    "expression-node": 59,
                    "template-line-number": 317,
                    "node-pos": 113
                },
                {
                    "name": "TransmissionLinesAdded",
                    "part": "6",
                    "replacement-node": 61,
                    "expression-node": 62,
                    "template-line-number": 322,
                    "node-pos": 117
                },
                {
                    "name": "TransmissionLinesAdded",
                    "part": "7",
                    "replacement-node": 64,
                    "expression-node": 65,
                    "template-line-number": 327,
                    "node-pos": 121
                },
                {
                    "name": "TransmissionLinesAdded",
                    "part": "8",
                    "replacement-node": 67,
                    "expression-node": 68,
                    "template-line-number": 332,
                    "node-pos": 125
                },
                {
                    "name": "TransmissionLinesAdded",
                    "part": "9",
                    "replacement-node": 70,
                    "expression-node": 71,
                    "template-line-number": 337,
                    "node-pos": 129
                }
            ]
        },
        "rule-28": {
            "name": "RevenueHeadings2",
            "subs": [
                {
                    "name": "RevenueHeadings2",
                    "part": "2",
                    "replacement-node": 43,
                    "template-line-number": 191,
                    "extras": {},
                    "node-pos": 92
                }
            ]
        }
    },
    "line-numbers": {
        "TransmissionLinesAdded": [
            {
                "line-number-node": 47,
                "start-number": 1,
                "template-line-number": 299
            }
        ]
    },
    "showifs": {},
    "footnotes": {},
    "standard-rules": [
        "rule-1",
        "rule-2",
        "rule-3",
        "rule-4",
        "rule-5",
        "rule-6",
        "rule-7",
        "rule-8",
        "rule-9",
        "rule-10",
        "rule-11",
        "rule-12",
        "rule-13",
        "rule-14",
        "rule-15",
        "rule-16",
        "rule-17",
        "rule-18",
        "rule-19",
        "rule-20",
        "rule-21",
        "rule-22",
        "rule-23",
        "rule-24",
        "rule-25",
        "rule-26",
        "rule-27",
        "rule-28"
    ],
    "footnote-rules": []
}