{
    "line-numbers": {},
    "substitutions": {
        "rule-1": [
            {
                "replacement-node": 0,
                "part": null,
                "node-pos": 10,
                "template-line-number": 23
            }
        ],
        "rule-15": {
            "name": "MTSPeakLoadHeadings",
            "subs": [
                {
                    "replacement-node": 37,
                    "extras": {},
                    "part": "1",
                    "template-line-number": 132,
                    "name": "MTSPeakLoadHeadings",
                    "node-pos": 75
                },
                {
                    "replacement-node": 40,
                    "extras": {},
                    "part": "2",
                    "template-line-number": 139,
                    "name": "MTSPeakLoadHeadings",
                    "node-pos": 79
                }
            ]
        },
        "rule-10": [
            {
                "template-line-number": 83,
                "replacement-node": 27,
                "part": null,
                "node-pos": 51,
                "expression-node": 28
            }
        ],
        "rule-3": [
            {
                "replacement-node": 6,
                "part": null,
                "node-pos": 19,
                "template-line-number": 34
            }
        ],
        "rule-13": [
            {
                "replacement-node": 88,
                "part": null,
                "node-pos": 142,
                "template-line-number": 299
            }
        ],
        "rule-9": [
            {
                "template-line-number": 78,
                "replacement-node": 24,
                "part": null,
                "node-pos": 47,
                "expression-node": 25
            }
        ],
        "rule-8": [
            {
                "replacement-node": 21,
                "part": null,
                "node-pos": 42,
                "template-line-number": 73
            }
        ],
        "rule-14": [
            {
                "replacement-node": 91,
                "part": null,
                "node-pos": 146,
                "template-line-number": 308
            }
        ],
        "rule-6": [
            {
                "replacement-node": 15,
                "part": null,
                "node-pos": 33,
                "template-line-number": 63
            }
        ],
        "rule-12": [
            {
                "replacement-node": 33,
                "part": null,
                "node-pos": 62,
                "html": true,
                "template-line-number": 104
            }
        ],
        "rule-16": {
            "name": "MTSPeakLoadLineItems",
            "subs": [
                {
                    "replacement-node": 76,
                    "part": "10",
                    "expression-node": 77,
                    "template-line-number": 267,
                    "name": "MTSPeakLoadLineItems",
                    "node-pos": 125
                },
                {
                    "replacement-node": 80,
                    "part": "11",
                    "expression-node": 81,
                    "template-line-number": 274,
                    "name": "MTSPeakLoadLineItems",
                    "node-pos": 130
                },
                {
                    "replacement-node": 84,
                    "part": "12",
                    "expression-node": 85,
                    "template-line-number": 281,
                    "name": "MTSPeakLoadLineItems",
                    "node-pos": 135
                },
                {
                    "replacement-node": 48,
                    "extras": {},
                    "part": "2",
                    "template-line-number": 215,
                    "name": "MTSPeakLoadLineItems",
                    "node-pos": 90
                },
                {
                    "replacement-node": 44,
                    "extras": {},
                    "part": "3",
                    "template-line-number": 208,
                    "name": "MTSPeakLoadLineItems",
                    "node-pos": 85
                },
                {
                    "replacement-node": 52,
                    "part": "4",
                    "expression-node": 53,
                    "template-line-number": 224,
                    "name": "MTSPeakLoadLineItems",
                    "node-pos": 95
                },
                {
                    "replacement-node": 56,
                    "part": "5",
                    "expression-node": 57,
                    "template-line-number": 232,
                    "name": "MTSPeakLoadLineItems",
                    "node-pos": 100
                },
                {
                    "replacement-node": 60,
                    "part": "6",
                    "expression-node": 61,
                    "template-line-number": 239,
                    "name": "MTSPeakLoadLineItems",
                    "node-pos": 105
                },
                {
                    "replacement-node": 64,
                    "part": "7",
                    "expression-node": 65,
                    "template-line-number": 246,
                    "name": "MTSPeakLoadLineItems",
                    "node-pos": 110
                },
                {
                    "replacement-node": 68,
                    "part": "8",
                    "expression-node": 69,
                    "template-line-number": 253,
                    "name": "MTSPeakLoadLineItems",
                    "node-pos": 115
                },
                {
                    "replacement-node": 72,
                    "part": "9",
                    "expression-node": 73,
                    "template-line-number": 260,
                    "name": "MTSPeakLoadLineItems",
                    "node-pos": 120
                }
            ]
        },
        "rule-5": [
            {
                "replacement-node": 12,
                "part": null,
                "node-pos": 28,
                "html": true,
                "template-line-number": 52
            }
        ],
        "rule-2": [
            {
                "template-line-number": 28,
                "replacement-node": 3,
                "part": null,
                "node-pos": 15,
                "expression-node": 4
            }
        ],
        "rule-4": [
            {
                "replacement-node": 9,
                "part": null,
                "node-pos": 23,
                "html": true,
                "template-line-number": 40
            }
        ],
        "rule-11": [
            {
                "replacement-node": 30,
                "part": null,
                "node-pos": 57,
                "template-line-number": 93
            }
        ],
        "rule-7": [
            {
                "template-line-number": 68,
                "replacement-node": 18,
                "part": null,
                "node-pos": 38,
                "expression-node": 19
            }
        ]
    },
    "showifs": {}
}