{
    "showifs": {},
    "substitutions": {
        "rule-3": [
            {
                "node-pos": 17,
                "template-line-number": 32,
                "part": null,
                "replacement-node": 6
            }
        ],
        "rule-11": [
            {
                "node-pos": 53,
                "template-line-number": 93,
                "part": null,
                "replacement-node": 30
            }
        ],
        "rule-13": [
            {
                "expression-node": 60,
                "node-pos": 103,
                "template-line-number": 236,
                "part": null,
                "replacement-node": 59
            }
        ],
        "rule-5": [
            {
                "html": true,
                "node-pos": 26,
                "template-line-number": 50,
                "part": null,
                "replacement-node": 12
            }
        ],
        "rule-17": {
            "name": "director",
            "subs": [
                {
                    "name": "director",
                    "expression-node": 48,
                    "template-line-number": 208,
                    "replacement-node": 47,
                    "part": "2",
                    "node-pos": 85
                },
                {
                    "name": "director",
                    "expression-node": 51,
                    "template-line-number": 213,
                    "replacement-node": 50,
                    "part": "3",
                    "node-pos": 89
                },
                {
                    "name": "director",
                    "expression-node": 54,
                    "template-line-number": 218,
                    "replacement-node": 53,
                    "part": "4",
                    "node-pos": 93
                },
                {
                    "name": "director",
                    "expression-node": 57,
                    "template-line-number": 223,
                    "replacement-node": 56,
                    "part": "5",
                    "node-pos": 97
                }
            ]
        },
        "rule-6": [
            {
                "node-pos": 31,
                "template-line-number": 61,
                "part": null,
                "replacement-node": 15
            }
        ],
        "rule-9": [
            {
                "expression-node": 25,
                "node-pos": 43,
                "template-line-number": 76,
                "part": null,
                "replacement-node": 24
            }
        ],
        "rule-7": [
            {
                "expression-node": 19,
                "node-pos": 35,
                "template-line-number": 66,
                "part": null,
                "replacement-node": 18
            }
        ],
        "rule-16": {
            "name": "ColumnHeadings",
            "subs": [
                {
                    "name": "ColumnHeadings",
                    "extras": {},
                    "template-line-number": 140,
                    "replacement-node": 38,
                    "part": "1",
                    "node-pos": 72
                },
                {
                    "name": "ColumnHeadings",
                    "extras": {},
                    "template-line-number": 148,
                    "replacement-node": 41,
                    "part": "2",
                    "node-pos": 76
                },
                {
                    "name": "ColumnHeadings",
                    "extras": {},
                    "template-line-number": 136,
                    "replacement-node": 36,
                    "part": "3",
                    "node-pos": 70
                }
            ]
        },
        "rule-10": [
            {
                "expression-node": 28,
                "node-pos": 47,
                "template-line-number": 81,
                "part": null,
                "replacement-node": 27
            }
        ],
        "rule-8": [
            {
                "node-pos": 39,
                "template-line-number": 71,
                "part": null,
                "replacement-node": 21
            }
        ],
        "rule-2": [
            {
                "expression-node": 4,
                "node-pos": 13,
                "template-line-number": 26,
                "part": null,
                "replacement-node": 3
            }
        ],
        "rule-4": [
            {
                "html": true,
                "node-pos": 21,
                "template-line-number": 38,
                "part": null,
                "replacement-node": 9
            }
        ],
        "rule-1": [
            {
                "node-pos": 9,
                "template-line-number": 21,
                "part": null,
                "replacement-node": 0
            }
        ],
        "rule-12": [
            {
                "html": true,
                "node-pos": 58,
                "template-line-number": 104,
                "part": null,
                "replacement-node": 33
            }
        ],
        "rule-15": [
            {
                "node-pos": 111,
                "template-line-number": 253,
                "part": null,
                "replacement-node": 65
            }
        ],
        "rule-14": [
            {
                "node-pos": 107,
                "template-line-number": 243,
                "part": null,
                "replacement-node": 62
            }
        ]
    },
    "line-numbers": {
        "director": [
            {
                "template-line-number": 205,
                "start-number": 1,
                "line-number-node": 45
            }
        ]
    }
}