{
    "substitutions": {
        "rule-12": [
            {
                "part": null,
                "replacement-node": 33,
                "node-pos": 58,
                "template-line-number": 104,
                "html": true
            }
        ],
        "rule-3": [
            {
                "part": null,
                "replacement-node": 6,
                "node-pos": 17,
                "template-line-number": 32
            }
        ],
        "rule-10": [
            {
                "part": null,
                "replacement-node": 27,
                "node-pos": 47,
                "template-line-number": 81,
                "expression-node": 28
            }
        ],
        "rule-6": [
            {
                "part": null,
                "replacement-node": 15,
                "node-pos": 31,
                "template-line-number": 61
            }
        ],
        "rule-2": [
            {
                "part": null,
                "replacement-node": 3,
                "node-pos": 13,
                "template-line-number": 26,
                "expression-node": 4
            }
        ],
        "rule-1": [
            {
                "part": null,
                "replacement-node": 0,
                "node-pos": 9,
                "template-line-number": 21
            }
        ],
        "rule-4": [
            {
                "part": null,
                "replacement-node": 9,
                "node-pos": 21,
                "template-line-number": 38,
                "html": true
            }
        ],
        "rule-11": [
            {
                "part": null,
                "replacement-node": 30,
                "node-pos": 53,
                "template-line-number": 93
            }
        ],
        "rule-5": [
            {
                "part": null,
                "replacement-node": 12,
                "node-pos": 26,
                "template-line-number": 50,
                "html": true
            }
        ],
        "rule-16": {
            "name": "ColumnHeadings",
            "subs": [
                {
                    "part": "1",
                    "name": "ColumnHeadings",
                    "node-pos": 72,
                    "extras": {},
                    "template-line-number": 140,
                    "replacement-node": 38
                },
                {
                    "part": "2",
                    "name": "ColumnHeadings",
                    "node-pos": 76,
                    "extras": {},
                    "template-line-number": 148,
                    "replacement-node": 41
                },
                {
                    "part": "3",
                    "name": "ColumnHeadings",
                    "node-pos": 70,
                    "extras": {},
                    "template-line-number": 136,
                    "replacement-node": 36
                }
            ]
        },
        "rule-9": [
            {
                "part": null,
                "replacement-node": 24,
                "node-pos": 43,
                "template-line-number": 76,
                "expression-node": 25
            }
        ],
        "rule-13": [
            {
                "part": null,
                "replacement-node": 59,
                "node-pos": 103,
                "template-line-number": 235,
                "expression-node": 60
            }
        ],
        "rule-14": [
            {
                "part": null,
                "replacement-node": 62,
                "node-pos": 107,
                "template-line-number": 242
            }
        ],
        "rule-15": [
            {
                "part": null,
                "replacement-node": 65,
                "node-pos": 111,
                "template-line-number": 252
            }
        ],
        "rule-8": [
            {
                "part": null,
                "replacement-node": 21,
                "node-pos": 39,
                "template-line-number": 71
            }
        ],
        "rule-17": {
            "name": "director",
            "subs": [
                {
                    "part": "2",
                    "name": "director",
                    "node-pos": 85,
                    "template-line-number": 207,
                    "replacement-node": 47,
                    "expression-node": 48
                },
                {
                    "part": "3",
                    "name": "director",
                    "node-pos": 89,
                    "template-line-number": 212,
                    "replacement-node": 50,
                    "expression-node": 51
                },
                {
                    "part": "4",
                    "name": "director",
                    "node-pos": 93,
                    "template-line-number": 217,
                    "replacement-node": 53,
                    "expression-node": 54
                },
                {
                    "part": "5",
                    "name": "director",
                    "node-pos": 97,
                    "template-line-number": 222,
                    "replacement-node": 56,
                    "expression-node": 57
                }
            ]
        },
        "rule-7": [
            {
                "part": null,
                "replacement-node": 18,
                "node-pos": 35,
                "template-line-number": 66,
                "expression-node": 19
            }
        ]
    },
    "line-numbers": {
        "director": [
            {
                "line-number-node": 45,
                "start-number": 1,
                "template-line-number": 204
            }
        ]
    },
    "showifs": {}
}