{
    "substitutions": {
        "rule-23": {
            "name": "ColumnHeadings",
            "subs": [
                {
                    "extras": {},
                    "name": "ColumnHeadings",
                    "part": "1",
                    "template-line-number": 147,
                    "node-pos": 79,
                    "replacement-node": 39
                },
                {
                    "extras": {},
                    "name": "ColumnHeadings",
                    "part": "2",
                    "template-line-number": 155,
                    "node-pos": 83,
                    "replacement-node": 42
                },
                {
                    "extras": {},
                    "name": "ColumnHeadings",
                    "part": "3",
                    "template-line-number": 143,
                    "node-pos": 77,
                    "replacement-node": 37
                }
            ]
        },
        "rule-14": [
            {
                "part": null,
                "template-line-number": 281,
                "node-pos": 130,
                "replacement-node": 75,
                "expression-node": 76
            }
        ],
        "rule-9": [
            {
                "part": null,
                "template-line-number": 73,
                "node-pos": 43,
                "replacement-node": 24,
                "expression-node": 25
            }
        ],
        "rule-11": [
            {
                "part": null,
                "template-line-number": 89,
                "replacement-node": 30,
                "node-pos": 53
            }
        ],
        "rule-16": [
            {
                "part": null,
                "template-line-number": 300,
                "node-pos": 140,
                "replacement-node": 81,
                "expression-node": 82
            }
        ],
        "rule-18": [
            {
                "part": null,
                "template-line-number": 318,
                "node-pos": 148,
                "replacement-node": 87,
                "expression-node": 88
            }
        ],
        "rule-4": [
            {
                "part": null,
                "template-line-number": 37,
                "html": true,
                "replacement-node": 9,
                "node-pos": 21
            }
        ],
        "rule-7": [
            {
                "part": null,
                "template-line-number": 64,
                "node-pos": 35,
                "replacement-node": 18,
                "expression-node": 19
            }
        ],
        "rule-10": [
            {
                "part": null,
                "template-line-number": 78,
                "node-pos": 47,
                "replacement-node": 27,
                "expression-node": 28
            }
        ],
        "rule-12": [
            {
                "part": null,
                "template-line-number": 101,
                "html": true,
                "replacement-node": 33,
                "node-pos": 58
            }
        ],
        "rule-24": {
            "name": "InvestmentInSubsidiary",
            "subs": [
                {
                    "name": "InvestmentInSubsidiary",
                    "expression-node": 49,
                    "part": "2",
                    "template-line-number": 226,
                    "node-pos": 92,
                    "replacement-node": 48
                },
                {
                    "name": "InvestmentInSubsidiary",
                    "expression-node": 52,
                    "part": "3",
                    "template-line-number": 231,
                    "node-pos": 96,
                    "replacement-node": 51
                },
                {
                    "name": "InvestmentInSubsidiary",
                    "expression-node": 55,
                    "part": "4",
                    "template-line-number": 236,
                    "node-pos": 100,
                    "replacement-node": 54
                },
                {
                    "name": "InvestmentInSubsidiary",
                    "expression-node": 58,
                    "part": "5",
                    "template-line-number": 241,
                    "node-pos": 104,
                    "replacement-node": 57
                },
                {
                    "name": "InvestmentInSubsidiary",
                    "expression-node": 61,
                    "part": "6",
                    "template-line-number": 246,
                    "node-pos": 108,
                    "replacement-node": 60
                },
                {
                    "name": "InvestmentInSubsidiary",
                    "expression-node": 64,
                    "part": "7",
                    "template-line-number": 251,
                    "node-pos": 112,
                    "replacement-node": 63
                },
                {
                    "name": "InvestmentInSubsidiary",
                    "expression-node": 67,
                    "part": "8",
                    "template-line-number": 256,
                    "node-pos": 116,
                    "replacement-node": 66
                },
                {
                    "name": "InvestmentInSubsidiary",
                    "expression-node": 70,
                    "part": "9",
                    "template-line-number": 261,
                    "node-pos": 120,
                    "replacement-node": 69
                }
            ]
        },
        "rule-5": [
            {
                "part": null,
                "template-line-number": 49,
                "html": true,
                "replacement-node": 12,
                "node-pos": 26
            }
        ],
        "rule-1": [
            {
                "part": null,
                "template-line-number": 21,
                "replacement-node": 0,
                "node-pos": 9
            }
        ],
        "rule-15": [
            {
                "part": null,
                "template-line-number": 291,
                "node-pos": 136,
                "replacement-node": 78,
                "expression-node": 79
            }
        ],
        "rule-3": [
            {
                "part": null,
                "template-line-number": 31,
                "replacement-node": 6,
                "node-pos": 17
            }
        ],
        "rule-19": [
            {
                "part": null,
                "template-line-number": 327,
                "node-pos": 152,
                "replacement-node": 90,
                "expression-node": 91
            }
        ],
        "rule-20": [
            {
                "part": null,
                "template-line-number": 340,
                "node-pos": 158,
                "replacement-node": 93,
                "expression-node": 94
            }
        ],
        "rule-8": [
            {
                "part": null,
                "template-line-number": 69,
                "replacement-node": 21,
                "node-pos": 39
            }
        ],
        "rule-13": [
            {
                "part": null,
                "template-line-number": 271,
                "replacement-node": 72,
                "node-pos": 126
            }
        ],
        "rule-22": [
            {
                "part": null,
                "template-line-number": 354,
                "replacement-node": 99,
                "node-pos": 166
            }
        ],
        "rule-2": [
            {
                "part": null,
                "template-line-number": 25,
                "node-pos": 13,
                "replacement-node": 3,
                "expression-node": 4
            }
        ],
        "rule-21": [
            {
                "part": null,
                "template-line-number": 345,
                "replacement-node": 96,
                "node-pos": 162
            }
        ],
        "rule-17": [
            {
                "part": null,
                "template-line-number": 309,
                "node-pos": 144,
                "replacement-node": 84,
                "expression-node": 85
            }
        ],
        "rule-6": [
            {
                "part": null,
                "template-line-number": 60,
                "replacement-node": 15,
                "node-pos": 31
            }
        ]
    },
    "line-numbers": {
        "InvestmentInSubsidiary": [
            {
                "line-number-node": 46,
                "start-number": 1,
                "template-line-number": 223
            }
        ]
    },
    "showifs": {}
}