{
    "showifs": {
        "rule-1": {
            "template-line-number": 17,
            "type": "showif"
        }
    },
    "substitutions": {
        "rule-19": [
            {
                "replacement-node": 85,
                "template-line-number": 300,
                "node-pos": 141,
                "expression-node": 86,
                "part": null
            }
        ],
        "rule-22": [
            {
                "replacement-node": 94,
                "node-pos": 155,
                "template-line-number": 327,
                "part": null
            }
        ],
        "rule-18": [
            {
                "replacement-node": 82,
                "template-line-number": 291,
                "node-pos": 137,
                "expression-node": 83,
                "part": null
            }
        ],
        "rule-17": [
            {
                "replacement-node": 79,
                "template-line-number": 282,
                "node-pos": 133,
                "expression-node": 80,
                "part": null
            }
        ],
        "rule-7": [
            {
                "replacement-node": 16,
                "node-pos": 32,
                "template-line-number": 66,
                "part": null
            }
        ],
        "rule-21": [
            {
                "replacement-node": 91,
                "node-pos": 151,
                "template-line-number": 318,
                "part": null
            }
        ],
        "rule-23": {
            "subs": [
                {
                    "replacement-node": 49,
                    "node-pos": 89,
                    "name": "OtherRegulatoryLiabilities",
                    "expression-node": 50,
                    "part": "2",
                    "template-line-number": 211
                },
                {
                    "replacement-node": 52,
                    "node-pos": 93,
                    "name": "OtherRegulatoryLiabilities",
                    "expression-node": 53,
                    "part": "3",
                    "template-line-number": 216
                },
                {
                    "replacement-node": 55,
                    "node-pos": 97,
                    "name": "OtherRegulatoryLiabilities",
                    "expression-node": 56,
                    "part": "4",
                    "template-line-number": 221
                },
                {
                    "replacement-node": 58,
                    "node-pos": 101,
                    "name": "OtherRegulatoryLiabilities",
                    "expression-node": 59,
                    "part": "5",
                    "template-line-number": 226
                },
                {
                    "replacement-node": 61,
                    "node-pos": 105,
                    "name": "OtherRegulatoryLiabilities",
                    "expression-node": 62,
                    "part": "6",
                    "template-line-number": 231
                },
                {
                    "replacement-node": 64,
                    "node-pos": 109,
                    "name": "OtherRegulatoryLiabilities",
                    "expression-node": 65,
                    "part": "7",
                    "template-line-number": 236
                },
                {
                    "replacement-node": 67,
                    "node-pos": 113,
                    "name": "OtherRegulatoryLiabilities",
                    "expression-node": 68,
                    "part": "8",
                    "template-line-number": 241
                }
            ],
            "name": "OtherRegulatoryLiabilities"
        },
        "rule-9": [
            {
                "replacement-node": 22,
                "node-pos": 40,
                "template-line-number": 75,
                "part": null
            }
        ],
        "rule-16": [
            {
                "replacement-node": 76,
                "template-line-number": 273,
                "node-pos": 129,
                "expression-node": 77,
                "part": null
            }
        ],
        "rule-11": [
            {
                "replacement-node": 28,
                "template-line-number": 84,
                "node-pos": 48,
                "expression-node": 29,
                "part": null
            }
        ],
        "rule-6": [
            {
                "replacement-node": 13,
                "node-pos": 27,
                "html": true,
                "template-line-number": 55,
                "part": null
            }
        ],
        "rule-4": [
            {
                "replacement-node": 7,
                "node-pos": 18,
                "template-line-number": 37,
                "part": null
            }
        ],
        "rule-5": [
            {
                "replacement-node": 10,
                "node-pos": 22,
                "html": true,
                "template-line-number": 43,
                "part": null
            }
        ],
        "rule-8": [
            {
                "replacement-node": 19,
                "template-line-number": 70,
                "node-pos": 36,
                "expression-node": 20,
                "part": null
            }
        ],
        "rule-14": [
            {
                "replacement-node": 70,
                "node-pos": 119,
                "template-line-number": 251,
                "part": null
            }
        ],
        "rule-3": [
            {
                "replacement-node": 4,
                "template-line-number": 31,
                "node-pos": 14,
                "expression-node": 5,
                "part": null
            }
        ],
        "rule-10": [
            {
                "replacement-node": 25,
                "template-line-number": 79,
                "node-pos": 44,
                "expression-node": 26,
                "part": null
            }
        ],
        "rule-2": [
            {
                "replacement-node": 1,
                "node-pos": 10,
                "template-line-number": 27,
                "part": null
            }
        ],
        "rule-12": [
            {
                "replacement-node": 31,
                "node-pos": 54,
                "template-line-number": 94,
                "part": null
            }
        ],
        "rule-20": [
            {
                "replacement-node": 88,
                "template-line-number": 313,
                "node-pos": 147,
                "expression-node": 89,
                "part": null
            }
        ],
        "rule-24": {
            "subs": [
                {
                    "replacement-node": 40,
                    "node-pos": 76,
                    "name": "ODCHead",
                    "part": "1",
                    "extras": {},
                    "template-line-number": 140
                },
                {
                    "replacement-node": 43,
                    "node-pos": 80,
                    "name": "ODCHead",
                    "part": "2",
                    "extras": {},
                    "template-line-number": 149
                },
                {
                    "replacement-node": 38,
                    "node-pos": 74,
                    "name": "ODCHead",
                    "part": "3",
                    "extras": {},
                    "template-line-number": 136
                }
            ],
            "name": "ODCHead"
        },
        "rule-13": [
            {
                "replacement-node": 34,
                "node-pos": 59,
                "html": true,
                "template-line-number": 105,
                "part": null
            }
        ],
        "rule-15": [
            {
                "replacement-node": 73,
                "template-line-number": 263,
                "node-pos": 124,
                "expression-node": 74,
                "part": null
            }
        ]
    },
    "line-numbers": {
        "OtherRegulatoryLiabilities": [
            {
                "line-number-node": 47,
                "template-line-number": 208,
                "start-number": 1
            }
        ]
    }
}