{
    "line-numbers": {
        "DiscountedRate": [
            {
                "template-line-number": 199,
                "line-number-node": 46,
                "start-number": 1
            }
        ]
    },
    "substitutions": {
        "rule-22": {
            "name": "DiscountedRate",
            "subs": [
                {
                    "replacement-node": 48,
                    "template-line-number": 203,
                    "name": "DiscountedRate",
                    "expression-node": 49,
                    "part": "2",
                    "node-pos": 88
                },
                {
                    "replacement-node": 51,
                    "template-line-number": 209,
                    "name": "DiscountedRate",
                    "expression-node": 52,
                    "part": "3",
                    "node-pos": 92
                },
                {
                    "replacement-node": 54,
                    "template-line-number": 215,
                    "name": "DiscountedRate",
                    "expression-node": 55,
                    "part": "4",
                    "node-pos": 96
                },
                {
                    "replacement-node": 57,
                    "template-line-number": 221,
                    "name": "DiscountedRate",
                    "expression-node": 58,
                    "part": "5",
                    "node-pos": 100
                },
                {
                    "replacement-node": 60,
                    "template-line-number": 227,
                    "name": "DiscountedRate",
                    "expression-node": 61,
                    "part": "6",
                    "node-pos": 104
                }
            ]
        },
        "rule-20": [
            {
                "template-line-number": 309,
                "replacement-node": 84,
                "part": null,
                "node-pos": 141
            }
        ],
        "rule-10": [
            {
                "template-line-number": 78,
                "replacement-node": 27,
                "expression-node": 28,
                "part": null,
                "node-pos": 47
            }
        ],
        "rule-17": [
            {
                "template-line-number": 282,
                "replacement-node": 75,
                "expression-node": 76,
                "part": null,
                "node-pos": 127
            }
        ],
        "rule-18": [
            {
                "template-line-number": 295,
                "replacement-node": 78,
                "expression-node": 79,
                "part": null,
                "node-pos": 133
            }
        ],
        "rule-5": [
            {
                "template-line-number": 49,
                "replacement-node": 12,
                "html": true,
                "part": null,
                "node-pos": 26
            }
        ],
        "rule-6": [
            {
                "template-line-number": 60,
                "replacement-node": 15,
                "part": null,
                "node-pos": 31
            }
        ],
        "rule-1": [
            {
                "template-line-number": 21,
                "replacement-node": 0,
                "part": null,
                "node-pos": 9
            }
        ],
        "rule-13": [
            {
                "template-line-number": 239,
                "replacement-node": 63,
                "part": null,
                "node-pos": 110
            }
        ],
        "rule-4": [
            {
                "template-line-number": 37,
                "replacement-node": 9,
                "html": true,
                "part": null,
                "node-pos": 21
            }
        ],
        "rule-8": [
            {
                "template-line-number": 69,
                "replacement-node": 21,
                "part": null,
                "node-pos": 39
            }
        ],
        "rule-7": [
            {
                "template-line-number": 64,
                "replacement-node": 18,
                "expression-node": 19,
                "part": null,
                "node-pos": 35
            }
        ],
        "rule-15": [
            {
                "template-line-number": 262,
                "replacement-node": 69,
                "expression-node": 70,
                "part": null,
                "node-pos": 119
            }
        ],
        "rule-3": [
            {
                "template-line-number": 31,
                "replacement-node": 6,
                "part": null,
                "node-pos": 17
            }
        ],
        "rule-12": [
            {
                "template-line-number": 99,
                "replacement-node": 33,
                "html": true,
                "part": null,
                "node-pos": 58
            }
        ],
        "rule-14": [
            {
                "template-line-number": 252,
                "replacement-node": 66,
                "expression-node": 67,
                "part": null,
                "node-pos": 115
            }
        ],
        "rule-19": [
            {
                "template-line-number": 300,
                "replacement-node": 81,
                "part": null,
                "node-pos": 137
            }
        ],
        "rule-21": {
            "name": "InvHeadings",
            "subs": [
                {
                    "replacement-node": 39,
                    "template-line-number": 134,
                    "name": "InvHeadings",
                    "part": "1",
                    "node-pos": 75,
                    "extras": {}
                },
                {
                    "replacement-node": 42,
                    "template-line-number": 143,
                    "name": "InvHeadings",
                    "part": "2",
                    "node-pos": 79,
                    "extras": {}
                },
                {
                    "replacement-node": 37,
                    "template-line-number": 130,
                    "name": "InvHeadings",
                    "part": "3",
                    "node-pos": 73,
                    "extras": {}
                }
            ]
        },
        "rule-9": [
            {
                "template-line-number": 73,
                "replacement-node": 24,
                "expression-node": 25,
                "part": null,
                "node-pos": 43
            }
        ],
        "rule-16": [
            {
                "template-line-number": 272,
                "replacement-node": 72,
                "expression-node": 73,
                "part": null,
                "node-pos": 123
            }
        ],
        "rule-2": [
            {
                "template-line-number": 25,
                "replacement-node": 3,
                "expression-node": 4,
                "part": null,
                "node-pos": 13
            }
        ],
        "rule-11": [
            {
                "template-line-number": 88,
                "replacement-node": 30,
                "part": null,
                "node-pos": 53
            }
        ]
    },
    "showifs": {}
}