{
    "substitutions": {
        "rule-11": [
            {
                "node-pos": 53,
                "replacement-node": 30,
                "part": null,
                "template-line-number": 88
            }
        ],
        "rule-3": [
            {
                "node-pos": 17,
                "replacement-node": 6,
                "part": null,
                "template-line-number": 31
            }
        ],
        "rule-6": [
            {
                "node-pos": 31,
                "replacement-node": 15,
                "part": null,
                "template-line-number": 60
            }
        ],
        "rule-1": [
            {
                "node-pos": 9,
                "replacement-node": 0,
                "part": null,
                "template-line-number": 21
            }
        ],
        "rule-19": [
            {
                "node-pos": 137,
                "replacement-node": 81,
                "part": null,
                "template-line-number": 300
            }
        ],
        "rule-2": [
            {
                "expression-node": 4,
                "replacement-node": 3,
                "node-pos": 13,
                "part": null,
                "template-line-number": 25
            }
        ],
        "rule-13": [
            {
                "node-pos": 110,
                "replacement-node": 63,
                "part": null,
                "template-line-number": 239
            }
        ],
        "rule-20": [
            {
                "node-pos": 141,
                "replacement-node": 84,
                "part": null,
                "template-line-number": 309
            }
        ],
        "rule-7": [
            {
                "expression-node": 19,
                "replacement-node": 18,
                "node-pos": 35,
                "part": null,
                "template-line-number": 64
            }
        ],
        "rule-5": [
            {
                "node-pos": 26,
                "replacement-node": 12,
                "html": true,
                "part": null,
                "template-line-number": 49
            }
        ],
        "rule-18": [
            {
                "expression-node": 79,
                "replacement-node": 78,
                "node-pos": 133,
                "part": null,
                "template-line-number": 295
            }
        ],
        "rule-17": [
            {
                "expression-node": 76,
                "replacement-node": 75,
                "node-pos": 127,
                "part": null,
                "template-line-number": 282
            }
        ],
        "rule-9": [
            {
                "expression-node": 25,
                "replacement-node": 24,
                "node-pos": 43,
                "part": null,
                "template-line-number": 73
            }
        ],
        "rule-16": [
            {
                "expression-node": 73,
                "replacement-node": 72,
                "node-pos": 123,
                "part": null,
                "template-line-number": 272
            }
        ],
        "rule-4": [
            {
                "node-pos": 21,
                "replacement-node": 9,
                "html": true,
                "part": null,
                "template-line-number": 37
            }
        ],
        "rule-14": [
            {
                "expression-node": 67,
                "replacement-node": 66,
                "node-pos": 115,
                "part": null,
                "template-line-number": 252
            }
        ],
        "rule-10": [
            {
                "expression-node": 28,
                "replacement-node": 27,
                "node-pos": 47,
                "part": null,
                "template-line-number": 78
            }
        ],
        "rule-22": {
            "name": "DiscountedRate",
            "subs": [
                {
                    "node-pos": 88,
                    "name": "DiscountedRate",
                    "part": "2",
                    "expression-node": 49,
                    "replacement-node": 48,
                    "template-line-number": 203
                },
                {
                    "node-pos": 92,
                    "name": "DiscountedRate",
                    "part": "3",
                    "expression-node": 52,
                    "replacement-node": 51,
                    "template-line-number": 209
                },
                {
                    "node-pos": 96,
                    "name": "DiscountedRate",
                    "part": "4",
                    "expression-node": 55,
                    "replacement-node": 54,
                    "template-line-number": 215
                },
                {
                    "node-pos": 100,
                    "name": "DiscountedRate",
                    "part": "5",
                    "expression-node": 58,
                    "replacement-node": 57,
                    "template-line-number": 221
                },
                {
                    "node-pos": 104,
                    "name": "DiscountedRate",
                    "part": "6",
                    "expression-node": 61,
                    "replacement-node": 60,
                    "template-line-number": 227
                }
            ]
        },
        "rule-15": [
            {
                "expression-node": 70,
                "replacement-node": 69,
                "node-pos": 119,
                "part": null,
                "template-line-number": 262
            }
        ],
        "rule-21": {
            "name": "InvHeadings",
            "subs": [
                {
                    "node-pos": 75,
                    "name": "InvHeadings",
                    "part": "1",
                    "extras": {},
                    "replacement-node": 39,
                    "template-line-number": 134
                },
                {
                    "node-pos": 79,
                    "name": "InvHeadings",
                    "part": "2",
                    "extras": {},
                    "replacement-node": 42,
                    "template-line-number": 143
                },
                {
                    "node-pos": 73,
                    "name": "InvHeadings",
                    "part": "3",
                    "extras": {},
                    "replacement-node": 37,
                    "template-line-number": 130
                }
            ]
        },
        "rule-12": [
            {
                "node-pos": 58,
                "replacement-node": 33,
                "html": true,
                "part": null,
                "template-line-number": 99
            }
        ],
        "rule-8": [
            {
                "node-pos": 39,
                "replacement-node": 21,
                "part": null,
                "template-line-number": 69
            }
        ]
    },
    "line-numbers": {
        "DiscountedRate": [
            {
                "line-number-node": 46,
                "template-line-number": 199,
                "start-number": 1
            }
        ]
    },
    "showifs": {}
}