{
    "showifs": {},
    "substitutions": {
        "rule-14": [
            {
                "node-pos": 85,
                "expression-node": 40,
                "replacement-node": 39,
                "part": null,
                "template-line-number": 139
            }
        ],
        "rule-7": [
            {
                "node-pos": 35,
                "expression-node": 19,
                "replacement-node": 18,
                "part": null,
                "template-line-number": 63
            }
        ],
        "rule-4": [
            {
                "node-pos": 21,
                "replacement-node": 9,
                "part": null,
                "template-line-number": 36,
                "html": true
            }
        ],
        "rule-12": [
            {
                "node-pos": 58,
                "replacement-node": 33,
                "part": null,
                "template-line-number": 98,
                "html": true
            }
        ],
        "rule-9": [
            {
                "node-pos": 43,
                "expression-node": 25,
                "replacement-node": 24,
                "part": null,
                "template-line-number": 72
            }
        ],
        "rule-1": [
            {
                "node-pos": 9,
                "replacement-node": 0,
                "part": null,
                "template-line-number": 20
            }
        ],
        "rule-3": [
            {
                "node-pos": 17,
                "replacement-node": 6,
                "part": null,
                "template-line-number": 30
            }
        ],
        "rule-16": [
            {
                "node-pos": 93,
                "replacement-node": 45,
                "part": null,
                "template-line-number": 153
            }
        ],
        "rule-5": [
            {
                "node-pos": 26,
                "replacement-node": 12,
                "part": null,
                "template-line-number": 48,
                "html": true
            }
        ],
        "rule-15": [
            {
                "node-pos": 89,
                "replacement-node": 42,
                "part": null,
                "template-line-number": 144
            }
        ],
        "rule-6": [
            {
                "node-pos": 31,
                "replacement-node": 15,
                "part": null,
                "template-line-number": 59
            }
        ],
        "rule-10": [
            {
                "node-pos": 47,
                "expression-node": 28,
                "replacement-node": 27,
                "part": null,
                "template-line-number": 77
            }
        ],
        "rule-2": [
            {
                "node-pos": 13,
                "expression-node": 4,
                "replacement-node": 3,
                "part": null,
                "template-line-number": 24
            }
        ],
        "rule-11": [
            {
                "node-pos": 53,
                "replacement-node": 30,
                "part": null,
                "template-line-number": 87
            }
        ],
        "rule-8": [
            {
                "node-pos": 39,
                "replacement-node": 21,
                "part": null,
                "template-line-number": 68
            }
        ],
        "rule-13": [
            {
                "node-pos": 79,
                "expression-node": 37,
                "part": null,
                "template-line-number": 125,
                "replacement-node": 36,
                "html": true
            }
        ]
    },
    "line-numbers": {}
}