{
    "substitutions": {
        "rule-20": [
            {
                "part": null,
                "template-line-number": 476,
                "node-pos": 194,
                "replacement-node": 106,
                "expression-node": 107
            }
        ],
        "rule-6": [
            {
                "part": null,
                "node-pos": 31,
                "replacement-node": 15,
                "template-line-number": 76
            }
        ],
        "rule-24": [
            {
                "part": null,
                "node-pos": 212,
                "replacement-node": 118,
                "template-line-number": 519
            }
        ],
        "rule-11": [
            {
                "part": null,
                "node-pos": 53,
                "replacement-node": 30,
                "template-line-number": 115
            }
        ],
        "rule-16": [
            {
                "part": null,
                "template-line-number": 434,
                "node-pos": 175,
                "replacement-node": 94,
                "expression-node": 95
            }
        ],
        "rule-19": [
            {
                "part": null,
                "template-line-number": 465,
                "node-pos": 189,
                "replacement-node": 103,
                "expression-node": 104
            }
        ],
        "rule-12": [
            {
                "part": null,
                "html": true,
                "node-pos": 58,
                "replacement-node": 33,
                "template-line-number": 126
            }
        ],
        "rule-1": [
            {
                "part": null,
                "node-pos": 9,
                "replacement-node": 0,
                "template-line-number": 19
            }
        ],
        "rule-2": [
            {
                "part": null,
                "template-line-number": 26,
                "node-pos": 13,
                "replacement-node": 3,
                "expression-node": 4
            }
        ],
        "rule-9": [
            {
                "part": null,
                "template-line-number": 97,
                "node-pos": 43,
                "replacement-node": 24,
                "expression-node": 25
            }
        ],
        "rule-8": [
            {
                "part": null,
                "node-pos": 39,
                "replacement-node": 21,
                "template-line-number": 90
            }
        ],
        "rule-10": [
            {
                "part": null,
                "template-line-number": 103,
                "node-pos": 47,
                "replacement-node": 27,
                "expression-node": 28
            }
        ],
        "rule-13": [
            {
                "part": null,
                "node-pos": 162,
                "replacement-node": 85,
                "template-line-number": 404
            }
        ],
        "rule-23": [
            {
                "part": null,
                "node-pos": 208,
                "replacement-node": 115,
                "template-line-number": 509
            }
        ],
        "rule-17": [
            {
                "part": null,
                "template-line-number": 444,
                "node-pos": 179,
                "replacement-node": 97,
                "expression-node": 98
            }
        ],
        "rule-26": {
            "subs": [
                {
                    "part": "1",
                    "extras": {},
                    "node-pos": 98,
                    "template-line-number": 197,
                    "name": "ColumnHeadings",
                    "replacement-node": 39
                },
                {
                    "part": "2",
                    "extras": {},
                    "node-pos": 102,
                    "template-line-number": 205,
                    "name": "ColumnHeadings",
                    "replacement-node": 42
                },
                {
                    "part": "3",
                    "extras": {},
                    "node-pos": 96,
                    "template-line-number": 193,
                    "name": "ColumnHeadings",
                    "replacement-node": 37
                }
            ],
            "name": "ColumnHeadings"
        },
        "rule-14": [
            {
                "part": null,
                "template-line-number": 416,
                "node-pos": 167,
                "replacement-node": 88,
                "expression-node": 89
            }
        ],
        "rule-4": [
            {
                "part": null,
                "html": true,
                "node-pos": 21,
                "replacement-node": 9,
                "template-line-number": 41
            }
        ],
        "rule-25": {
            "subs": [
                {
                    "part": "10",
                    "node-pos": 144,
                    "template-line-number": 366,
                    "expression-node": 74,
                    "name": "RegulatoryCommissionExpenses",
                    "replacement-node": 73
                },
                {
                    "part": "11",
                    "node-pos": 148,
                    "template-line-number": 374,
                    "expression-node": 77,
                    "name": "RegulatoryCommissionExpenses",
                    "replacement-node": 76
                },
                {
                    "part": "12",
                    "node-pos": 152,
                    "template-line-number": 383,
                    "expression-node": 80,
                    "name": "RegulatoryCommissionExpenses",
                    "replacement-node": 79
                },
                {
                    "part": "13",
                    "node-pos": 156,
                    "template-line-number": 391,
                    "expression-node": 83,
                    "name": "RegulatoryCommissionExpenses",
                    "replacement-node": 82
                },
                {
                    "part": "2",
                    "node-pos": 112,
                    "template-line-number": 299,
                    "expression-node": 50,
                    "name": "RegulatoryCommissionExpenses",
                    "replacement-node": 49
                },
                {
                    "part": "3",
                    "node-pos": 116,
                    "template-line-number": 308,
                    "expression-node": 53,
                    "name": "RegulatoryCommissionExpenses",
                    "replacement-node": 52
                },
                {
                    "part": "4",
                    "node-pos": 120,
                    "template-line-number": 316,
                    "expression-node": 56,
                    "name": "RegulatoryCommissionExpenses",
                    "replacement-node": 55
                },
                {
                    "part": "5",
                    "node-pos": 124,
                    "template-line-number": 324,
                    "expression-node": 59,
                    "name": "RegulatoryCommissionExpenses",
                    "replacement-node": 58
                },
                {
                    "part": "6",
                    "node-pos": 128,
                    "template-line-number": 332,
                    "expression-node": 62,
                    "name": "RegulatoryCommissionExpenses",
                    "replacement-node": 61
                },
                {
                    "part": "7",
                    "node-pos": 132,
                    "template-line-number": 340,
                    "expression-node": 65,
                    "name": "RegulatoryCommissionExpenses",
                    "replacement-node": 64
                },
                {
                    "part": "8",
                    "node-pos": 136,
                    "template-line-number": 349,
                    "expression-node": 68,
                    "name": "RegulatoryCommissionExpenses",
                    "replacement-node": 67
                },
                {
                    "part": "9",
                    "node-pos": 140,
                    "template-line-number": 358,
                    "expression-node": 71,
                    "name": "RegulatoryCommissionExpenses",
                    "replacement-node": 70
                }
            ],
            "name": "RegulatoryCommissionExpenses"
        },
        "rule-5": [
            {
                "part": null,
                "html": true,
                "node-pos": 26,
                "replacement-node": 12,
                "template-line-number": 58
            }
        ],
        "rule-15": [
            {
                "part": null,
                "template-line-number": 425,
                "node-pos": 171,
                "replacement-node": 91,
                "expression-node": 92
            }
        ],
        "rule-7": [
            {
                "part": null,
                "template-line-number": 83,
                "node-pos": 35,
                "replacement-node": 18,
                "expression-node": 19
            }
        ],
        "rule-22": [
            {
                "part": null,
                "template-line-number": 502,
                "node-pos": 204,
                "replacement-node": 112,
                "expression-node": 113
            }
        ],
        "rule-18": [
            {
                "part": null,
                "template-line-number": 455,
                "node-pos": 185,
                "replacement-node": 100,
                "expression-node": 101
            }
        ],
        "rule-3": [
            {
                "part": null,
                "node-pos": 17,
                "replacement-node": 6,
                "template-line-number": 33
            }
        ],
        "rule-21": [
            {
                "part": null,
                "template-line-number": 486,
                "node-pos": 198,
                "replacement-node": 109,
                "expression-node": 110
            }
        ]
    },
    "line-numbers": {
        "RegulatoryCommissionExpenses": [
            {
                "line-number-node": 46,
                "start-number": 1,
                "template-line-number": 292
            }
        ]
    },
    "showifs": {}
}