{
    "substitutions": {
        "rule-1": [
            {
                "part": null,
                "replacement-node": 0,
                "template-line-number": 21,
                "node-pos": 9
            }
        ],
        "rule-2": [
            {
                "part": null,
                "replacement-node": 3,
                "expression-node": 4,
                "template-line-number": 26,
                "node-pos": 13
            }
        ],
        "rule-3": [
            {
                "part": null,
                "replacement-node": 6,
                "template-line-number": 32,
                "node-pos": 17
            }
        ],
        "rule-4": [
            {
                "part": null,
                "replacement-node": 9,
                "template-line-number": 38,
                "node-pos": 21,
                "html": true
            }
        ],
        "rule-5": [
            {
                "part": null,
                "replacement-node": 12,
                "template-line-number": 50,
                "node-pos": 26,
                "html": true
            }
        ],
        "rule-6": [
            {
                "part": null,
                "replacement-node": 15,
                "template-line-number": 61,
                "node-pos": 31
            }
        ],
        "rule-7": [
            {
                "part": null,
                "replacement-node": 18,
                "expression-node": 19,
                "template-line-number": 66,
                "node-pos": 35
            }
        ],
        "rule-8": [
            {
                "part": null,
                "replacement-node": 21,
                "template-line-number": 71,
                "node-pos": 39
            }
        ],
        "rule-9": [
            {
                "part": null,
                "replacement-node": 24,
                "expression-node": 25,
                "template-line-number": 76,
                "node-pos": 43
            }
        ],
        "rule-10": [
            {
                "part": null,
                "replacement-node": 27,
                "expression-node": 28,
                "template-line-number": 81,
                "node-pos": 47
            }
        ],
        "rule-11": [
            {
                "part": null,
                "replacement-node": 30,
                "template-line-number": 94,
                "node-pos": 53
            }
        ],
        "rule-12": [
            {
                "part": null,
                "replacement-node": 33,
                "template-line-number": 105,
                "node-pos": 58,
                "html": true
            }
        ],
        "rule-13": [
            {
                "part": null,
                "replacement-node": 78,
                "expression-node": 79,
                "template-line-number": 389,
                "node-pos": 127
            }
        ],
        "rule-14": [
            {
                "part": null,
                "replacement-node": 81,
                "template-line-number": 396,
                "node-pos": 131
            }
        ],
        "rule-15": [
            {
                "part": null,
                "replacement-node": 84,
                "template-line-number": 406,
                "node-pos": 135
            }
        ],
        "rule-16": {
            "name": "AOCIHeadings",
            "subs": [
                {
                    "name": "AOCIHeadings",
                    "part": "1",
                    "replacement-node": 36,
                    "template-line-number": 130,
                    "extras": {},
                    "node-pos": 69
                },
                {
                    "name": "AOCIHeadings",
                    "part": "2",
                    "replacement-node": 39,
                    "template-line-number": 137,
                    "extras": {},
                    "node-pos": 73
                }
            ]
        },
        "rule-17": {
            "name": "movement_prior",
            "subs": [
                {
                    "name": "movement_prior",
                    "part": "10",
                    "replacement-node": 70,
                    "expression-node": 71,
                    "template-line-number": 363,
                    "node-pos": 115
                },
                {
                    "name": "movement_prior",
                    "part": "11",
                    "replacement-node": 74,
                    "expression-node": 75,
                    "template-line-number": 373,
                    "node-pos": 120
                },
                {
                    "name": "movement_prior",
                    "part": "2",
                    "replacement-node": 46,
                    "template-line-number": 321,
                    "extras": {},
                    "node-pos": 83
                },
                {
                    "name": "movement_prior",
                    "part": "3",
                    "replacement-node": 49,
                    "expression-node": 50,
                    "template-line-number": 326,
                    "node-pos": 87
                },
                {
                    "name": "movement_prior",
                    "part": "4",
                    "replacement-node": 52,
                    "expression-node": 53,
                    "template-line-number": 331,
                    "node-pos": 91
                },
                {
                    "name": "movement_prior",
                    "part": "5",
                    "replacement-node": 55,
                    "expression-node": 56,
                    "template-line-number": 336,
                    "node-pos": 95
                },
                {
                    "name": "movement_prior",
                    "part": "6",
                    "replacement-node": 58,
                    "expression-node": 59,
                    "template-line-number": 341,
                    "node-pos": 99
                },
                {
                    "name": "movement_prior",
                    "part": "7",
                    "replacement-node": 61,
                    "expression-node": 62,
                    "template-line-number": 346,
                    "node-pos": 103
                },
                {
                    "name": "movement_prior",
                    "part": "8",
                    "replacement-node": 64,
                    "expression-node": 65,
                    "template-line-number": 351,
                    "node-pos": 107
                },
                {
                    "name": "movement_prior",
                    "part": "9",
                    "replacement-node": 67,
                    "expression-node": 68,
                    "template-line-number": 356,
                    "node-pos": 111
                }
            ]
        }
    },
    "line-numbers": {
        "movement_prior": [
            {
                "line-number-node": 43,
                "start-number": 1,
                "template-line-number": 318
            }
        ]
    },
    "showifs": {},
    "footnotes": {},
    "standard-rules": [
        "rule-1",
        "rule-2",
        "rule-3",
        "rule-4",
        "rule-5",
        "rule-6",
        "rule-7",
        "rule-8",
        "rule-9",
        "rule-10",
        "rule-11",
        "rule-12",
        "rule-13",
        "rule-14",
        "rule-15",
        "rule-16",
        "rule-17"
    ],
    "footnote-rules": []
}