{
    "showifs": {},
    "substitutions": {
        "rule-35": [
            {
                "part": null,
                "expression-node": 182,
                "node-pos": 335,
                "template-line-number": 817,
                "replacement-node": 181
            }
        ],
        "rule-24": [
            {
                "part": null,
                "expression-node": 149,
                "node-pos": 286,
                "template-line-number": 707,
                "replacement-node": 148
            }
        ],
        "rule-48": [
            {
                "part": null,
                "expression-node": 221,
                "node-pos": 392,
                "template-line-number": 944,
                "replacement-node": 220
            }
        ],
        "rule-12": [
            {
                "part": null,
                "node-pos": 58,
                "html": true,
                "template-line-number": 103,
                "replacement-node": 33
            }
        ],
        "rule-58": {
            "name": "ADITGas",
            "subs": [
                {
                    "part": "10",
                    "expression-node": 137,
                    "template-line-number": 663,
                    "replacement-node": 136,
                    "name": "ADITGas",
                    "node-pos": 267
                },
                {
                    "part": "11",
                    "expression-node": 140,
                    "template-line-number": 672,
                    "replacement-node": 139,
                    "name": "ADITGas",
                    "node-pos": 271
                },
                {
                    "part": "12",
                    "expression-node": 143,
                    "template-line-number": 681,
                    "replacement-node": 142,
                    "name": "ADITGas",
                    "node-pos": 275
                },
                {
                    "part": "2",
                    "expression-node": 113,
                    "template-line-number": 591,
                    "replacement-node": 112,
                    "name": "ADITGas",
                    "node-pos": 235
                },
                {
                    "part": "3",
                    "expression-node": 116,
                    "template-line-number": 600,
                    "replacement-node": 115,
                    "name": "ADITGas",
                    "node-pos": 239
                },
                {
                    "part": "4",
                    "expression-node": 119,
                    "template-line-number": 609,
                    "replacement-node": 118,
                    "name": "ADITGas",
                    "node-pos": 243
                },
                {
                    "part": "5",
                    "expression-node": 122,
                    "template-line-number": 618,
                    "replacement-node": 121,
                    "name": "ADITGas",
                    "node-pos": 247
                },
                {
                    "part": "6",
                    "expression-node": 125,
                    "template-line-number": 627,
                    "replacement-node": 124,
                    "name": "ADITGas",
                    "node-pos": 251
                },
                {
                    "part": "7",
                    "expression-node": 128,
                    "template-line-number": 636,
                    "replacement-node": 127,
                    "name": "ADITGas",
                    "node-pos": 255
                },
                {
                    "part": "8",
                    "expression-node": 131,
                    "template-line-number": 645,
                    "replacement-node": 130,
                    "name": "ADITGas",
                    "node-pos": 259
                },
                {
                    "part": "9",
                    "expression-node": 134,
                    "template-line-number": 654,
                    "replacement-node": 133,
                    "name": "ADITGas",
                    "node-pos": 263
                }
            ]
        },
        "rule-46": [
            {
                "part": null,
                "expression-node": 215,
                "node-pos": 383,
                "template-line-number": 925,
                "replacement-node": 214
            }
        ],
        "rule-20": [
            {
                "part": null,
                "expression-node": 101,
                "node-pos": 205,
                "template-line-number": 461,
                "replacement-node": 100
            }
        ],
        "rule-45": [
            {
                "part": null,
                "expression-node": 212,
                "node-pos": 378,
                "template-line-number": 915,
                "replacement-node": 211
            }
        ],
        "rule-55": {
            "name": "TaxClassificationLineItems",
            "subs": [
                {
                    "part": "1",
                    "template-line-number": 1031,
                    "replacement-node": 230,
                    "name": "TaxClassificationLineItems",
                    "extras": {},
                    "node-pos": 419
                },
                {
                    "part": "2",
                    "expression-node": 233,
                    "template-line-number": 1038,
                    "replacement-node": 232,
                    "name": "TaxClassificationLineItems",
                    "node-pos": 422
                },
                {
                    "part": "3",
                    "expression-node": 236,
                    "template-line-number": 1046,
                    "replacement-node": 235,
                    "name": "TaxClassificationLineItems",
                    "node-pos": 426
                },
                {
                    "part": "4",
                    "expression-node": 239,
                    "template-line-number": 1054,
                    "replacement-node": 238,
                    "name": "TaxClassificationLineItems",
                    "node-pos": 430
                },
                {
                    "part": "5",
                    "expression-node": 242,
                    "template-line-number": 1062,
                    "replacement-node": 241,
                    "name": "TaxClassificationLineItems",
                    "node-pos": 434
                },
                {
                    "part": "6",
                    "expression-node": 245,
                    "template-line-number": 1070,
                    "replacement-node": 244,
                    "name": "TaxClassificationLineItems",
                    "node-pos": 438
                },
                {
                    "part": "6",
                    "expression-node": 251,
                    "template-line-number": 1085,
                    "replacement-node": 250,
                    "name": "TaxClassificationLineItems",
                    "node-pos": 446
                },
                {
                    "part": "6",
                    "expression-node": 257,
                    "template-line-number": 1099,
                    "replacement-node": 256,
                    "name": "TaxClassificationLineItems",
                    "node-pos": 454
                },
                {
                    "part": "6",
                    "expression-node": 260,
                    "template-line-number": 1106,
                    "replacement-node": 259,
                    "name": "TaxClassificationLineItems",
                    "node-pos": 458
                },
                {
                    "part": "7",
                    "expression-node": 248,
                    "template-line-number": 1078,
                    "replacement-node": 247,
                    "name": "TaxClassificationLineItems",
                    "node-pos": 442
                },
                {
                    "part": "7",
                    "expression-node": 254,
                    "template-line-number": 1092,
                    "replacement-node": 253,
                    "name": "TaxClassificationLineItems",
                    "node-pos": 450
                }
            ]
        },
        "rule-38": [
            {
                "part": null,
                "expression-node": 191,
                "node-pos": 347,
                "template-line-number": 844,
                "replacement-node": 190
            }
        ],
        "rule-27": [
            {
                "part": null,
                "expression-node": 158,
                "node-pos": 298,
                "template-line-number": 734,
                "replacement-node": 157
            }
        ],
        "rule-11": [
            {
                "part": null,
                "node-pos": 53,
                "template-line-number": 92,
                "replacement-node": 30
            }
        ],
        "rule-30": [
            {
                "part": null,
                "expression-node": 167,
                "node-pos": 312,
                "template-line-number": 763,
                "replacement-node": 166
            }
        ],
        "rule-26": [
            {
                "part": null,
                "expression-node": 155,
                "node-pos": 294,
                "template-line-number": 725,
                "replacement-node": 154
            }
        ],
        "rule-18": [
            {
                "part": null,
                "expression-node": 95,
                "node-pos": 195,
                "template-line-number": 441,
                "replacement-node": 94
            }
        ],
        "rule-6": [
            {
                "part": null,
                "node-pos": 31,
                "template-line-number": 62,
                "replacement-node": 15
            }
        ],
        "rule-19": [
            {
                "part": null,
                "expression-node": 98,
                "node-pos": 200,
                "template-line-number": 451,
                "replacement-node": 97
            }
        ],
        "rule-36": [
            {
                "part": null,
                "expression-node": 185,
                "node-pos": 339,
                "template-line-number": 826,
                "replacement-node": 184
            }
        ],
        "rule-37": [
            {
                "part": null,
                "expression-node": 188,
                "node-pos": 343,
                "template-line-number": 835,
                "replacement-node": 187
            }
        ],
        "rule-51": [
            {
                "part": null,
                "expression-node": 266,
                "template-line-number": 1123,
                "replacement-node": 265,
                "html": true,
                "node-pos": 468
            }
        ],
        "rule-44": [
            {
                "part": null,
                "expression-node": 209,
                "node-pos": 374,
                "template-line-number": 906,
                "replacement-node": 208
            }
        ],
        "rule-47": [
            {
                "part": null,
                "expression-node": 218,
                "node-pos": 388,
                "template-line-number": 935,
                "replacement-node": 217
            }
        ],
        "rule-7": [
            {
                "part": null,
                "expression-node": 19,
                "node-pos": 35,
                "template-line-number": 67,
                "replacement-node": 18
            }
        ],
        "rule-17": [
            {
                "part": null,
                "expression-node": 92,
                "node-pos": 191,
                "template-line-number": 432,
                "replacement-node": 91
            }
        ],
        "rule-52": [
            {
                "part": null,
                "expression-node": 269,
                "node-pos": 474,
                "template-line-number": 1136,
                "replacement-node": 268
            }
        ],
        "rule-15": [
            {
                "part": null,
                "expression-node": 86,
                "node-pos": 183,
                "template-line-number": 414,
                "replacement-node": 85
            }
        ],
        "rule-21": [
            {
                "part": null,
                "expression-node": 104,
                "node-pos": 209,
                "template-line-number": 470,
                "replacement-node": 103
            }
        ],
        "rule-4": [
            {
                "part": null,
                "node-pos": 21,
                "html": true,
                "template-line-number": 39,
                "replacement-node": 9
            }
        ],
        "rule-43": [
            {
                "part": null,
                "expression-node": 206,
                "node-pos": 370,
                "template-line-number": 897,
                "replacement-node": 205
            }
        ],
        "rule-23": [
            {
                "part": null,
                "expression-node": 146,
                "node-pos": 282,
                "template-line-number": 698,
                "replacement-node": 145
            }
        ],
        "rule-10": [
            {
                "part": null,
                "expression-node": 28,
                "node-pos": 47,
                "template-line-number": 82,
                "replacement-node": 27
            }
        ],
        "rule-2": [
            {
                "part": null,
                "expression-node": 4,
                "node-pos": 13,
                "template-line-number": 27,
                "replacement-node": 3
            }
        ],
        "rule-42": [
            {
                "part": null,
                "expression-node": 203,
                "node-pos": 366,
                "template-line-number": 888,
                "replacement-node": 202
            }
        ],
        "rule-25": [
            {
                "part": null,
                "expression-node": 152,
                "node-pos": 290,
                "template-line-number": 716,
                "replacement-node": 151
            }
        ],
        "rule-5": [
            {
                "part": null,
                "node-pos": 26,
                "html": true,
                "template-line-number": 51,
                "replacement-node": 12
            }
        ],
        "rule-3": [
            {
                "part": null,
                "node-pos": 17,
                "template-line-number": 33,
                "replacement-node": 6
            }
        ],
        "rule-49": [
            {
                "part": null,
                "node-pos": 398,
                "template-line-number": 958,
                "replacement-node": 223
            }
        ],
        "rule-8": [
            {
                "part": null,
                "node-pos": 39,
                "template-line-number": 72,
                "replacement-node": 21
            }
        ],
        "rule-14": [
            {
                "part": null,
                "expression-node": 83,
                "node-pos": 179,
                "template-line-number": 405,
                "replacement-node": 82
            }
        ],
        "rule-34": [
            {
                "part": null,
                "expression-node": 179,
                "node-pos": 331,
                "template-line-number": 808,
                "replacement-node": 178
            }
        ],
        "rule-57": {
            "name": "DeferredIncomeTaxesHeadings",
            "subs": [
                {
                    "part": "1",
                    "template-line-number": 151,
                    "replacement-node": 37,
                    "name": "DeferredIncomeTaxesHeadings",
                    "extras": {},
                    "node-pos": 89
                },
                {
                    "part": "2",
                    "template-line-number": 158,
                    "replacement-node": 40,
                    "name": "DeferredIncomeTaxesHeadings",
                    "extras": {},
                    "node-pos": 93
                }
            ]
        },
        "rule-32": [
            {
                "part": null,
                "expression-node": 173,
                "node-pos": 323,
                "template-line-number": 790,
                "replacement-node": 172
            }
        ],
        "rule-56": {
            "name": "ADITElectric",
            "subs": [
                {
                    "part": "10",
                    "expression-node": 74,
                    "template-line-number": 367,
                    "replacement-node": 73,
                    "name": "ADITElectric",
                    "node-pos": 164
                },
                {
                    "part": "11",
                    "expression-node": 77,
                    "template-line-number": 376,
                    "replacement-node": 76,
                    "name": "ADITElectric",
                    "node-pos": 168
                },
                {
                    "part": "12",
                    "expression-node": 80,
                    "template-line-number": 385,
                    "replacement-node": 79,
                    "name": "ADITElectric",
                    "node-pos": 172
                },
                {
                    "part": "2",
                    "expression-node": 50,
                    "template-line-number": 295,
                    "replacement-node": 49,
                    "name": "ADITElectric",
                    "node-pos": 132
                },
                {
                    "part": "3",
                    "expression-node": 53,
                    "template-line-number": 304,
                    "replacement-node": 52,
                    "name": "ADITElectric",
                    "node-pos": 136
                },
                {
                    "part": "4",
                    "expression-node": 56,
                    "template-line-number": 313,
                    "replacement-node": 55,
                    "name": "ADITElectric",
                    "node-pos": 140
                },
                {
                    "part": "5",
                    "expression-node": 59,
                    "template-line-number": 322,
                    "replacement-node": 58,
                    "name": "ADITElectric",
                    "node-pos": 144
                },
                {
                    "part": "6",
                    "expression-node": 62,
                    "template-line-number": 331,
                    "replacement-node": 61,
                    "name": "ADITElectric",
                    "node-pos": 148
                },
                {
                    "part": "7",
                    "expression-node": 65,
                    "template-line-number": 340,
                    "replacement-node": 64,
                    "name": "ADITElectric",
                    "node-pos": 152
                },
                {
                    "part": "8",
                    "expression-node": 68,
                    "template-line-number": 349,
                    "replacement-node": 67,
                    "name": "ADITElectric",
                    "node-pos": 156
                },
                {
                    "part": "9",
                    "expression-node": 71,
                    "template-line-number": 358,
                    "replacement-node": 70,
                    "name": "ADITElectric",
                    "node-pos": 160
                }
            ]
        },
        "rule-40": [
            {
                "part": null,
                "expression-node": 197,
                "node-pos": 355,
                "template-line-number": 862,
                "replacement-node": 196
            }
        ],
        "rule-33": [
            {
                "part": null,
                "expression-node": 176,
                "node-pos": 327,
                "template-line-number": 799,
                "replacement-node": 175
            }
        ],
        "rule-29": [
            {
                "part": null,
                "expression-node": 164,
                "node-pos": 308,
                "template-line-number": 754,
                "replacement-node": 163
            }
        ],
        "rule-9": [
            {
                "part": null,
                "expression-node": 25,
                "node-pos": 43,
                "template-line-number": 77,
                "replacement-node": 24
            }
        ],
        "rule-50": [
            {
                "part": null,
                "node-pos": 463,
                "template-line-number": 1114,
                "replacement-node": 262
            }
        ],
        "rule-22": [
            {
                "part": null,
                "node-pos": 215,
                "template-line-number": 483,
                "replacement-node": 106
            }
        ],
        "rule-54": [
            {
                "part": null,
                "node-pos": 482,
                "template-line-number": 1152,
                "replacement-node": 274
            }
        ],
        "rule-31": [
            {
                "part": null,
                "expression-node": 170,
                "node-pos": 319,
                "template-line-number": 781,
                "replacement-node": 169
            }
        ],
        "rule-1": [
            {
                "part": null,
                "node-pos": 9,
                "template-line-number": 22,
                "replacement-node": 0
            }
        ],
        "rule-41": [
            {
                "part": null,
                "expression-node": 200,
                "node-pos": 362,
                "template-line-number": 879,
                "replacement-node": 199
            }
        ],
        "rule-28": [
            {
                "part": null,
                "expression-node": 161,
                "node-pos": 303,
                "template-line-number": 744,
                "replacement-node": 160
            }
        ],
        "rule-13": [
            {
                "part": null,
                "node-pos": 112,
                "template-line-number": 187,
                "replacement-node": 43
            }
        ],
        "rule-16": [
            {
                "part": null,
                "expression-node": 89,
                "node-pos": 187,
                "template-line-number": 423,
                "replacement-node": 88
            }
        ],
        "rule-39": [
            {
                "part": null,
                "expression-node": 194,
                "node-pos": 351,
                "template-line-number": 853,
                "replacement-node": 193
            }
        ],
        "rule-53": [
            {
                "part": null,
                "node-pos": 478,
                "template-line-number": 1142,
                "replacement-node": 271
            }
        ]
    },
    "line-numbers": {
        "TaxClassificationLineItems": [
            {
                "line-number-node": 227,
                "start-number": 21,
                "template-line-number": 1023
            }
        ],
        "ADITElectric": [
            {
                "line-number-node": 47,
                "start-number": 3,
                "template-line-number": 289
            }
        ],
        "ADITGas": [
            {
                "line-number-node": 110,
                "start-number": 11,
                "template-line-number": 585
            }
        ]
    }
}