{
    "line-numbers": {
        "CapitalStockExpense": [
            {
                "template-line-number": 186,
                "start-number": 1,
                "line-number-node": 46
            }
        ]
    },
    "substitutions": {
        "rule-18": [
            {
                "template-line-number": 256,
                "replacement-node": 69,
                "part": null,
                "node-pos": 120
            }
        ],
        "rule-8": [
            {
                "template-line-number": 71,
                "replacement-node": 21,
                "part": null,
                "node-pos": 39
            }
        ],
        "rule-5": [
            {
                "template-line-number": 50,
                "html": true,
                "replacement-node": 12,
                "part": null,
                "node-pos": 26
            }
        ],
        "rule-17": [
            {
                "template-line-number": 247,
                "replacement-node": 66,
                "part": null,
                "node-pos": 116
            }
        ],
        "rule-11": [
            {
                "template-line-number": 91,
                "replacement-node": 30,
                "part": null,
                "node-pos": 53
            }
        ],
        "rule-1": [
            {
                "template-line-number": 21,
                "replacement-node": 0,
                "part": null,
                "node-pos": 9
            }
        ],
        "rule-16": [
            {
                "template-line-number": 242,
                "replacement-node": 63,
                "part": null,
                "node-pos": 112,
                "expression-node": 64
            }
        ],
        "rule-7": [
            {
                "template-line-number": 66,
                "replacement-node": 18,
                "part": null,
                "node-pos": 35,
                "expression-node": 19
            }
        ],
        "rule-19": {
            "name": "CapitalStockExpense",
            "subs": [
                {
                    "replacement-node": 48,
                    "template-line-number": 189,
                    "part": "2",
                    "node-pos": 86,
                    "name": "CapitalStockExpense",
                    "expression-node": 49
                },
                {
                    "replacement-node": 51,
                    "template-line-number": 194,
                    "part": "3",
                    "node-pos": 90,
                    "name": "CapitalStockExpense",
                    "expression-node": 52
                }
            ]
        },
        "rule-3": [
            {
                "template-line-number": 32,
                "replacement-node": 6,
                "part": null,
                "node-pos": 17
            }
        ],
        "rule-20": {
            "name": "CSHeadings",
            "subs": [
                {
                    "html": true,
                    "replacement-node": 39,
                    "template-line-number": 135,
                    "part": "1",
                    "node-pos": 73,
                    "name": "CSHeadings",
                    "extras": {}
                },
                {
                    "replacement-node": 42,
                    "template-line-number": 144,
                    "part": "2",
                    "node-pos": 77,
                    "name": "CSHeadings",
                    "extras": {}
                },
                {
                    "replacement-node": 37,
                    "template-line-number": 131,
                    "part": "3",
                    "node-pos": 71,
                    "name": "CSHeadings",
                    "extras": {}
                }
            ]
        },
        "rule-2": [
            {
                "template-line-number": 26,
                "replacement-node": 3,
                "part": null,
                "node-pos": 13,
                "expression-node": 4
            }
        ],
        "rule-12": [
            {
                "template-line-number": 102,
                "html": true,
                "replacement-node": 33,
                "part": null,
                "node-pos": 58
            }
        ],
        "rule-6": [
            {
                "template-line-number": 61,
                "replacement-node": 15,
                "part": null,
                "node-pos": 31
            }
        ],
        "rule-15": [
            {
                "html": true,
                "replacement-node": 60,
                "template-line-number": 228,
                "part": null,
                "node-pos": 106,
                "expression-node": 61
            }
        ],
        "rule-10": [
            {
                "template-line-number": 81,
                "replacement-node": 27,
                "part": null,
                "node-pos": 47,
                "expression-node": 28
            }
        ],
        "rule-9": [
            {
                "template-line-number": 76,
                "replacement-node": 24,
                "part": null,
                "node-pos": 43,
                "expression-node": 25
            }
        ],
        "rule-14": [
            {
                "template-line-number": 216,
                "replacement-node": 57,
                "part": null,
                "node-pos": 101,
                "expression-node": 58
            }
        ],
        "rule-13": [
            {
                "template-line-number": 204,
                "replacement-node": 54,
                "part": null,
                "node-pos": 96
            }
        ],
        "rule-4": [
            {
                "template-line-number": 38,
                "html": true,
                "replacement-node": 9,
                "part": null,
                "node-pos": 21
            }
        ]
    },
    "showifs": {}
}