{
    "showifs": {},
    "line-numbers": {},
    "substitutions": {
        "rule-34": [
            {
                "template-line-number": 387,
                "node-pos": 186,
                "replacement-node": 105,
                "part": null
            }
        ],
        "rule-16": [
            {
                "expression-node": 52,
                "template-line-number": 174,
                "node-pos": 88,
                "replacement-node": 51,
                "part": null
            }
        ],
        "rule-11": [
            {
                "template-line-number": 128,
                "node-pos": 66,
                "replacement-node": 36,
                "part": null
            }
        ],
        "rule-9": [
            {
                "template-line-number": 108,
                "node-pos": 56,
                "replacement-node": 30,
                "part": null
            }
        ],
        "rule-26": [
            {
                "expression-node": 82,
                "template-line-number": 301,
                "node-pos": 146,
                "replacement-node": 81,
                "part": null
            }
        ],
        "rule-22": [
            {
                "template-line-number": 238,
                "node-pos": 116,
                "replacement-node": 69,
                "part": null
            }
        ],
        "rule-31": [
            {
                "template-line-number": 349,
                "node-pos": 168,
                "replacement-node": 96,
                "part": null
            }
        ],
        "rule-27": [
            {
                "template-line-number": 311,
                "node-pos": 150,
                "replacement-node": 84,
                "part": null
            }
        ],
        "rule-1": [
            {
                "expression-node": 1,
                "template-line-number": 21,
                "node-pos": 9,
                "replacement-node": 0,
                "part": null
            }
        ],
        "rule-8": [
            {
                "expression-node": 28,
                "template-line-number": 99,
                "node-pos": 51,
                "replacement-node": 27,
                "part": null
            }
        ],
        "rule-18": [
            {
                "expression-node": 58,
                "template-line-number": 194,
                "node-pos": 98,
                "replacement-node": 57,
                "part": null
            }
        ],
        "rule-36": {
            "name": "PreviousName",
            "subs": [
                {
                    "name": "PreviousName",
                    "replacement-node": 24,
                    "part": "1",
                    "expression-node": 25,
                    "node-pos": 47,
                    "template-line-number": 91
                }
            ]
        },
        "rule-32": [
            {
                "expression-node": 100,
                "template-line-number": 357,
                "node-pos": 172,
                "replacement-node": 99,
                "part": null
            }
        ],
        "rule-24": [
            {
                "template-line-number": 264,
                "node-pos": 130,
                "replacement-node": 75,
                "part": null
            }
        ],
        "rule-12": [
            {
                "expression-node": 40,
                "template-line-number": 136,
                "node-pos": 70,
                "replacement-node": 39,
                "part": null
            }
        ],
        "rule-25": [
            {
                "template-line-number": 293,
                "node-pos": 142,
                "replacement-node": 78,
                "part": null
            }
        ],
        "rule-21": [
            {
                "template-line-number": 226,
                "node-pos": 111,
                "replacement-node": 66,
                "part": null,
                "html": true
            }
        ],
        "rule-3": [
            {
                "template-line-number": 41,
                "node-pos": 20,
                "replacement-node": 6,
                "part": null
            }
        ],
        "rule-35": [
            {
                "template-line-number": 396,
                "node-pos": 190,
                "replacement-node": 108,
                "part": null
            }
        ],
        "rule-5": [
            {
                "expression-node": 16,
                "template-line-number": 69,
                "node-pos": 33,
                "replacement-node": 15,
                "part": null
            }
        ],
        "rule-2": [
            {
                "template-line-number": 30,
                "node-pos": 15,
                "replacement-node": 3,
                "part": null
            }
        ],
        "rule-37": {
            "name": "RespondentLegalName",
            "subs": [
                {
                    "name": "RespondentLegalName",
                    "replacement-node": 9,
                    "part": "1",
                    "expression-node": 10,
                    "node-pos": 24,
                    "template-line-number": 49
                }
            ]
        },
        "rule-29": [
            {
                "template-line-number": 331,
                "node-pos": 159,
                "replacement-node": 90,
                "part": null
            }
        ],
        "rule-10": [
            {
                "expression-node": 34,
                "template-line-number": 116,
                "node-pos": 61,
                "replacement-node": 33,
                "part": null
            }
        ],
        "rule-33": [
            {
                "expression-node": 103,
                "template-line-number": 381,
                "node-pos": 182,
                "replacement-node": 102,
                "part": null
            }
        ],
        "rule-13": [
            {
                "template-line-number": 146,
                "node-pos": 74,
                "replacement-node": 42,
                "part": null
            }
        ],
        "rule-14": [
            {
                "expression-node": 46,
                "template-line-number": 154,
                "node-pos": 78,
                "replacement-node": 45,
                "part": null
            }
        ],
        "rule-23": [
            {
                "expression-node": 73,
                "template-line-number": 246,
                "node-pos": 121,
                "replacement-node": 72,
                "part": null
            }
        ],
        "rule-4": [
            {
                "template-line-number": 59,
                "node-pos": 28,
                "replacement-node": 12,
                "part": null
            }
        ],
        "rule-28": [
            {
                "expression-node": 88,
                "template-line-number": 319,
                "node-pos": 154,
                "replacement-node": 87,
                "part": null
            }
        ],
        "rule-6": [
            {
                "expression-node": 19,
                "template-line-number": 74,
                "node-pos": 37,
                "replacement-node": 18,
                "part": null
            }
        ],
        "rule-19": [
            {
                "template-line-number": 204,
                "node-pos": 102,
                "replacement-node": 60,
                "part": null
            }
        ],
        "rule-20": [
            {
                "template-line-number": 214,
                "node-pos": 106,
                "replacement-node": 63,
                "part": null,
                "html": true
            }
        ],
        "rule-17": [
            {
                "template-line-number": 186,
                "node-pos": 93,
                "replacement-node": 54,
                "part": null
            }
        ],
        "rule-7": [
            {
                "template-line-number": 83,
                "node-pos": 42,
                "replacement-node": 21,
                "part": null
            }
        ],
        "rule-15": [
            {
                "template-line-number": 166,
                "node-pos": 83,
                "replacement-node": 48,
                "part": null
            }
        ],
        "rule-30": [
            {
                "expression-node": 94,
                "template-line-number": 339,
                "node-pos": 163,
                "replacement-node": 93,
                "part": null
            }
        ]
    }
}