{
    "substitutions": {
        "rule-7": [
            {
                "node-pos": 35,
                "part": null,
                "template-line-number": 66,
                "expression-node": 19,
                "replacement-node": 18
            }
        ],
        "rule-10": [
            {
                "node-pos": 47,
                "part": null,
                "template-line-number": 81,
                "expression-node": 28,
                "replacement-node": 27
            }
        ],
        "rule-4": [
            {
                "part": null,
                "template-line-number": 38,
                "html": true,
                "node-pos": 21,
                "replacement-node": 9
            }
        ],
        "rule-12": [
            {
                "part": null,
                "template-line-number": 102,
                "html": true,
                "node-pos": 58,
                "replacement-node": 33
            }
        ],
        "rule-3": [
            {
                "part": null,
                "template-line-number": 32,
                "node-pos": 17,
                "replacement-node": 6
            }
        ],
        "rule-2": [
            {
                "node-pos": 13,
                "part": null,
                "template-line-number": 26,
                "expression-node": 4,
                "replacement-node": 3
            }
        ],
        "rule-9": [
            {
                "node-pos": 43,
                "part": null,
                "template-line-number": 76,
                "expression-node": 25,
                "replacement-node": 24
            }
        ],
        "rule-1": [
            {
                "part": null,
                "template-line-number": 21,
                "node-pos": 9,
                "replacement-node": 0
            }
        ],
        "rule-16": {
            "subs": [
                {
                    "template-line-number": 175,
                    "replacement-node": 46,
                    "node-pos": 83,
                    "extras": {},
                    "part": "1",
                    "name": "GSPLineItems"
                },
                {
                    "template-line-number": 186,
                    "replacement-node": 51,
                    "node-pos": 91,
                    "extras": {},
                    "part": "2",
                    "name": "GSPLineItems"
                },
                {
                    "template-line-number": 182,
                    "replacement-node": 49,
                    "node-pos": 89,
                    "extras": {},
                    "part": "3",
                    "name": "GSPLineItems"
                },
                {
                    "template-line-number": 195,
                    "expression-node": 56,
                    "replacement-node": 55,
                    "part": "4",
                    "node-pos": 96,
                    "name": "GSPLineItems"
                }
            ],
            "name": "GSPLineItems"
        },
        "rule-15": [
            {
                "part": null,
                "template-line-number": 222,
                "node-pos": 112,
                "replacement-node": 66
            }
        ],
        "rule-5": [
            {
                "part": null,
                "template-line-number": 50,
                "html": true,
                "node-pos": 26,
                "replacement-node": 12
            }
        ],
        "rule-17": {
            "subs": [
                {
                    "template-line-number": 134,
                    "replacement-node": 39,
                    "node-pos": 73,
                    "extras": {},
                    "part": "1",
                    "name": "GSPHeadings"
                },
                {
                    "template-line-number": 143,
                    "replacement-node": 42,
                    "node-pos": 77,
                    "extras": {},
                    "part": "2",
                    "name": "GSPHeadings"
                },
                {
                    "template-line-number": 130,
                    "replacement-node": 37,
                    "node-pos": 71,
                    "extras": {},
                    "part": "3",
                    "name": "GSPHeadings"
                }
            ],
            "name": "GSPHeadings"
        },
        "rule-6": [
            {
                "part": null,
                "template-line-number": 61,
                "node-pos": 31,
                "replacement-node": 15
            }
        ],
        "rule-11": [
            {
                "part": null,
                "template-line-number": 91,
                "node-pos": 53,
                "replacement-node": 30
            }
        ],
        "rule-14": [
            {
                "part": null,
                "template-line-number": 213,
                "node-pos": 108,
                "replacement-node": 63
            }
        ],
        "rule-8": [
            {
                "part": null,
                "template-line-number": 71,
                "node-pos": 39,
                "replacement-node": 21
            }
        ],
        "rule-13": [
            {
                "node-pos": 104,
                "part": null,
                "template-line-number": 208,
                "expression-node": 61,
                "replacement-node": 60
            }
        ]
    },
    "line-numbers": {},
    "showifs": {}
}