{
    "line-numbers": {},
    "showifs": {},
    "substitutions": {
        "rule-6": [
            {
                "replacement-node": 15,
                "part": null,
                "template-line-number": 61,
                "node-pos": 31
            }
        ],
        "rule-1": [
            {
                "replacement-node": 0,
                "part": null,
                "template-line-number": 21,
                "node-pos": 9
            }
        ],
        "rule-12": [
            {
                "replacement-node": 33,
                "part": null,
                "template-line-number": 102,
                "html": true,
                "node-pos": 58
            }
        ],
        "rule-4": [
            {
                "replacement-node": 9,
                "part": null,
                "template-line-number": 38,
                "html": true,
                "node-pos": 21
            }
        ],
        "rule-13": [
            {
                "node-pos": 104,
                "replacement-node": 60,
                "part": null,
                "expression-node": 61,
                "template-line-number": 208
            }
        ],
        "rule-7": [
            {
                "node-pos": 35,
                "replacement-node": 18,
                "part": null,
                "expression-node": 19,
                "template-line-number": 66
            }
        ],
        "rule-3": [
            {
                "replacement-node": 6,
                "part": null,
                "template-line-number": 32,
                "node-pos": 17
            }
        ],
        "rule-2": [
            {
                "node-pos": 13,
                "replacement-node": 3,
                "part": null,
                "expression-node": 4,
                "template-line-number": 26
            }
        ],
        "rule-11": [
            {
                "replacement-node": 30,
                "part": null,
                "template-line-number": 91,
                "node-pos": 53
            }
        ],
        "rule-10": [
            {
                "node-pos": 47,
                "replacement-node": 27,
                "part": null,
                "expression-node": 28,
                "template-line-number": 81
            }
        ],
        "rule-17": {
            "subs": [
                {
                    "replacement-node": 46,
                    "node-pos": 83,
                    "part": "1",
                    "name": "GSPLineItems",
                    "template-line-number": 175,
                    "extras": {}
                },
                {
                    "replacement-node": 51,
                    "node-pos": 91,
                    "part": "2",
                    "name": "GSPLineItems",
                    "template-line-number": 186,
                    "extras": {}
                },
                {
                    "replacement-node": 49,
                    "node-pos": 89,
                    "part": "3",
                    "name": "GSPLineItems",
                    "template-line-number": 182,
                    "extras": {}
                },
                {
                    "replacement-node": 55,
                    "node-pos": 96,
                    "part": "4",
                    "name": "GSPLineItems",
                    "template-line-number": 195,
                    "expression-node": 56
                }
            ],
            "name": "GSPLineItems"
        },
        "rule-9": [
            {
                "node-pos": 43,
                "replacement-node": 24,
                "part": null,
                "expression-node": 25,
                "template-line-number": 76
            }
        ],
        "rule-5": [
            {
                "replacement-node": 12,
                "part": null,
                "template-line-number": 50,
                "html": true,
                "node-pos": 26
            }
        ],
        "rule-15": [
            {
                "replacement-node": 66,
                "part": null,
                "template-line-number": 222,
                "node-pos": 112
            }
        ],
        "rule-14": [
            {
                "replacement-node": 63,
                "part": null,
                "template-line-number": 213,
                "node-pos": 108
            }
        ],
        "rule-8": [
            {
                "replacement-node": 21,
                "part": null,
                "template-line-number": 71,
                "node-pos": 39
            }
        ],
        "rule-16": {
            "subs": [
                {
                    "replacement-node": 39,
                    "node-pos": 73,
                    "part": "1",
                    "name": "GSPHeadings",
                    "template-line-number": 134,
                    "extras": {}
                },
                {
                    "replacement-node": 42,
                    "node-pos": 77,
                    "part": "2",
                    "name": "GSPHeadings",
                    "template-line-number": 143,
                    "extras": {}
                },
                {
                    "replacement-node": 37,
                    "node-pos": 71,
                    "part": "3",
                    "name": "GSPHeadings",
                    "template-line-number": 130,
                    "extras": {}
                }
            ],
            "name": "GSPHeadings"
        }
    }
}