{
    "showifs": {
        "rule-1": {
            "type": "showif",
            "template-line-number": 17
        }
    },
    "substitutions": {
        "rule-9": [
            {
                "replacement-node": 22,
                "node-pos": 40,
                "part": null,
                "template-line-number": 77
            }
        ],
        "rule-13": [
            {
                "replacement-node": 34,
                "node-pos": 59,
                "part": null,
                "html": true,
                "template-line-number": 108
            }
        ],
        "rule-3": [
            {
                "replacement-node": 4,
                "expression-node": 5,
                "part": null,
                "node-pos": 14,
                "template-line-number": 32
            }
        ],
        "rule-12": [
            {
                "replacement-node": 31,
                "node-pos": 54,
                "part": null,
                "template-line-number": 97
            }
        ],
        "rule-15": [
            {
                "replacement-node": 106,
                "node-pos": 174,
                "part": null,
                "template-line-number": 376
            }
        ],
        "rule-4": [
            {
                "replacement-node": 7,
                "node-pos": 18,
                "part": null,
                "template-line-number": 38
            }
        ],
        "rule-11": [
            {
                "replacement-node": 28,
                "expression-node": 29,
                "part": null,
                "node-pos": 48,
                "template-line-number": 87
            }
        ],
        "rule-8": [
            {
                "replacement-node": 19,
                "expression-node": 20,
                "part": null,
                "node-pos": 36,
                "template-line-number": 72
            }
        ],
        "rule-6": [
            {
                "replacement-node": 13,
                "node-pos": 27,
                "part": null,
                "html": true,
                "template-line-number": 56
            }
        ],
        "rule-10": [
            {
                "replacement-node": 25,
                "expression-node": 26,
                "part": null,
                "node-pos": 44,
                "template-line-number": 82
            }
        ],
        "rule-16": [
            {
                "replacement-node": 109,
                "node-pos": 178,
                "part": null,
                "template-line-number": 385
            }
        ],
        "rule-17": {
            "subs": [
                {
                    "node-pos": 95,
                    "part": "1",
                    "replacement-node": 45,
                    "name": "ISLineItems",
                    "extras": {},
                    "template-line-number": 241
                },
                {
                    "expression-node": 84,
                    "node-pos": 144,
                    "part": "10",
                    "replacement-node": 83,
                    "name": "ISLineItems",
                    "template-line-number": 326
                },
                {
                    "expression-node": 89,
                    "node-pos": 150,
                    "part": "11",
                    "replacement-node": 88,
                    "name": "ISLineItems",
                    "template-line-number": 336
                },
                {
                    "expression-node": 94,
                    "node-pos": 156,
                    "part": "12",
                    "replacement-node": 93,
                    "name": "ISLineItems",
                    "template-line-number": 346
                },
                {
                    "expression-node": 99,
                    "node-pos": 162,
                    "part": "13",
                    "replacement-node": 98,
                    "name": "ISLineItems",
                    "template-line-number": 356
                },
                {
                    "node-pos": 103,
                    "part": "2",
                    "replacement-node": 50,
                    "name": "ISLineItems",
                    "extras": {},
                    "template-line-number": 252
                },
                {
                    "node-pos": 108,
                    "part": "3",
                    "replacement-node": 54,
                    "name": "ISLineItems",
                    "extras": {},
                    "template-line-number": 259
                },
                {
                    "expression-node": 58,
                    "node-pos": 112,
                    "part": "4",
                    "replacement-node": 57,
                    "name": "ISLineItems",
                    "template-line-number": 269
                },
                {
                    "expression-node": 62,
                    "node-pos": 117,
                    "part": "5",
                    "replacement-node": 61,
                    "name": "ISLineItems",
                    "template-line-number": 278
                },
                {
                    "node-pos": 101,
                    "part": "6",
                    "replacement-node": 48,
                    "name": "ISLineItems",
                    "extras": {},
                    "template-line-number": 248
                },
                {
                    "expression-node": 66,
                    "node-pos": 122,
                    "part": "6",
                    "replacement-node": 65,
                    "name": "ISLineItems",
                    "template-line-number": 287
                },
                {
                    "expression-node": 70,
                    "node-pos": 127,
                    "part": "7",
                    "replacement-node": 69,
                    "name": "ISLineItems",
                    "template-line-number": 296
                },
                {
                    "expression-node": 74,
                    "node-pos": 132,
                    "part": "8",
                    "replacement-node": 73,
                    "name": "ISLineItems",
                    "template-line-number": 305
                },
                {
                    "expression-node": 79,
                    "node-pos": 138,
                    "part": "9",
                    "replacement-node": 78,
                    "name": "ISLineItems",
                    "template-line-number": 315
                }
            ],
            "name": "ISLineItems"
        },
        "rule-5": [
            {
                "replacement-node": 10,
                "node-pos": 22,
                "part": null,
                "html": true,
                "template-line-number": 44
            }
        ],
        "rule-14": [
            {
                "replacement-node": 103,
                "expression-node": 104,
                "part": null,
                "node-pos": 170,
                "template-line-number": 371
            }
        ],
        "rule-7": [
            {
                "replacement-node": 16,
                "node-pos": 32,
                "part": null,
                "template-line-number": 67
            }
        ],
        "rule-2": [
            {
                "replacement-node": 1,
                "node-pos": 10,
                "part": null,
                "template-line-number": 27
            }
        ],
        "rule-18": {
            "subs": [
                {
                    "node-pos": 85,
                    "part": "1",
                    "replacement-node": 38,
                    "name": "ISHeadings",
                    "extras": {},
                    "template-line-number": 155
                },
                {
                    "node-pos": 89,
                    "part": "2",
                    "replacement-node": 41,
                    "name": "ISHeadings",
                    "extras": {},
                    "template-line-number": 162
                }
            ],
            "name": "ISHeadings"
        }
    },
    "line-numbers": {}
}