{
    "substitutions": {
        "rule-15": [
            {
                "replacement-node": 65,
                "template-line-number": 369,
                "node-pos": 115,
                "part": null
            }
        ],
        "rule-18": {
            "name": "SalesForResale",
            "subs": [
                {
                    "replacement-node": 47,
                    "template-line-number": 314,
                    "part": "2",
                    "name": "SalesForResale",
                    "node-pos": 89,
                    "expression-node": 48
                },
                {
                    "replacement-node": 50,
                    "template-line-number": 323,
                    "part": "3",
                    "name": "SalesForResale",
                    "node-pos": 93,
                    "expression-node": 51
                },
                {
                    "replacement-node": 53,
                    "template-line-number": 332,
                    "part": "4",
                    "name": "SalesForResale",
                    "node-pos": 97,
                    "expression-node": 54
                },
                {
                    "replacement-node": 56,
                    "template-line-number": 341,
                    "part": "5",
                    "name": "SalesForResale",
                    "node-pos": 101,
                    "expression-node": 57
                },
                {
                    "replacement-node": 59,
                    "template-line-number": 350,
                    "part": "6",
                    "name": "SalesForResale",
                    "node-pos": 105,
                    "expression-node": 60
                }
            ]
        },
        "rule-11": [
            {
                "replacement-node": 28,
                "template-line-number": 110,
                "node-pos": 49,
                "expression-node": 29,
                "part": null
            }
        ],
        "rule-5": [
            {
                "replacement-node": 10,
                "template-line-number": 48,
                "node-pos": 23,
                "part": null,
                "html": true
            }
        ],
        "rule-8": [
            {
                "replacement-node": 19,
                "template-line-number": 90,
                "node-pos": 37,
                "expression-node": 20,
                "part": null
            }
        ],
        "rule-12": [
            {
                "replacement-node": 31,
                "template-line-number": 122,
                "node-pos": 55,
                "part": null
            }
        ],
        "rule-7": [
            {
                "replacement-node": 16,
                "template-line-number": 83,
                "node-pos": 33,
                "part": null
            }
        ],
        "rule-6": [
            {
                "replacement-node": 13,
                "template-line-number": 65,
                "node-pos": 28,
                "part": null,
                "html": true
            }
        ],
        "rule-14": [
            {
                "replacement-node": 62,
                "template-line-number": 364,
                "node-pos": 111,
                "expression-node": 63,
                "part": null
            }
        ],
        "rule-9": [
            {
                "replacement-node": 22,
                "template-line-number": 97,
                "node-pos": 41,
                "part": null
            }
        ],
        "rule-13": [
            {
                "replacement-node": 34,
                "template-line-number": 133,
                "node-pos": 60,
                "part": null,
                "html": true
            }
        ],
        "rule-4": [
            {
                "replacement-node": 7,
                "template-line-number": 40,
                "node-pos": 19,
                "part": null
            }
        ],
        "rule-10": [
            {
                "replacement-node": 25,
                "template-line-number": 104,
                "node-pos": 45,
                "expression-node": 26,
                "part": null
            }
        ],
        "rule-3": [
            {
                "replacement-node": 4,
                "template-line-number": 33,
                "node-pos": 15,
                "expression-node": 5,
                "part": null
            }
        ],
        "rule-2": [
            {
                "replacement-node": 1,
                "template-line-number": 26,
                "node-pos": 11,
                "part": null
            }
        ],
        "rule-17": {
            "name": "ISHeadings",
            "subs": [
                {
                    "replacement-node": 38,
                    "template-line-number": 167,
                    "extras": {},
                    "part": "1",
                    "name": "ISHeadings",
                    "node-pos": 76
                },
                {
                    "replacement-node": 41,
                    "template-line-number": 174,
                    "extras": {},
                    "part": "2",
                    "name": "ISHeadings",
                    "node-pos": 80
                }
            ]
        },
        "rule-16": [
            {
                "replacement-node": 68,
                "template-line-number": 379,
                "node-pos": 119,
                "part": null
            }
        ]
    },
    "line-numbers": {
        "SalesForResale": [
            {
                "start-number": 1,
                "template-line-number": 309,
                "line-number-node": 45
            }
        ]
    },
    "showifs": {
        "rule-1": {
            "type": "showif",
            "template-line-number": 16
        }
    }
}