{
    "substitutions": {
        "rule-3": [
            {
                "part": null,
                "node-pos": 18,
                "template-line-number": 34,
                "replacement-node": 6
            }
        ],
        "rule-19": [
            {
                "part": null,
                "node-pos": 142,
                "template-line-number": 309,
                "replacement-node": 84
            }
        ],
        "rule-21": {
            "subs": [
                {
                    "part": "1",
                    "node-pos": 75,
                    "replacement-node": 39,
                    "extras": {},
                    "html": true,
                    "name": "LongTermDebtHeadings",
                    "template-line-number": 138
                },
                {
                    "part": "2",
                    "node-pos": 79,
                    "replacement-node": 42,
                    "extras": {},
                    "name": "LongTermDebtHeadings",
                    "template-line-number": 147
                },
                {
                    "part": "3",
                    "node-pos": 73,
                    "replacement-node": 37,
                    "extras": {},
                    "name": "LongTermDebtHeadings",
                    "template-line-number": 134
                }
            ],
            "name": "LongTermDebtHeadings"
        },
        "rule-14": [
            {
                "part": null,
                "node-pos": 119,
                "template-line-number": 259,
                "expression-node": 70,
                "replacement-node": 69
            }
        ],
        "rule-13": [
            {
                "part": null,
                "node-pos": 114,
                "template-line-number": 247,
                "replacement-node": 66
            }
        ],
        "rule-10": [
            {
                "part": null,
                "node-pos": 48,
                "template-line-number": 83,
                "expression-node": 28,
                "replacement-node": 27
            }
        ],
        "rule-6": [
            {
                "part": null,
                "node-pos": 32,
                "template-line-number": 63,
                "replacement-node": 15
            }
        ],
        "rule-18": [
            {
                "part": null,
                "node-pos": 138,
                "template-line-number": 304,
                "expression-node": 82,
                "replacement-node": 81
            }
        ],
        "rule-15": [
            {
                "part": null,
                "node-pos": 123,
                "template-line-number": 268,
                "expression-node": 73,
                "replacement-node": 72
            }
        ],
        "rule-5": [
            {
                "part": null,
                "html": true,
                "node-pos": 27,
                "template-line-number": 52,
                "replacement-node": 12
            }
        ],
        "rule-7": [
            {
                "part": null,
                "node-pos": 36,
                "template-line-number": 68,
                "expression-node": 19,
                "replacement-node": 18
            }
        ],
        "rule-8": [
            {
                "part": null,
                "node-pos": 40,
                "template-line-number": 73,
                "replacement-node": 21
            }
        ],
        "rule-11": [
            {
                "part": null,
                "node-pos": 54,
                "template-line-number": 93,
                "replacement-node": 30
            }
        ],
        "rule-2": [
            {
                "part": null,
                "node-pos": 14,
                "template-line-number": 28,
                "expression-node": 4,
                "replacement-node": 3
            }
        ],
        "rule-17": [
            {
                "part": null,
                "node-pos": 132,
                "template-line-number": 290,
                "expression-node": 79,
                "replacement-node": 78
            }
        ],
        "rule-1": [
            {
                "part": null,
                "node-pos": 10,
                "template-line-number": 23,
                "replacement-node": 0
            }
        ],
        "rule-9": [
            {
                "part": null,
                "node-pos": 44,
                "template-line-number": 78,
                "expression-node": 25,
                "replacement-node": 24
            }
        ],
        "rule-4": [
            {
                "part": null,
                "html": true,
                "node-pos": 22,
                "template-line-number": 40,
                "replacement-node": 9
            }
        ],
        "rule-12": [
            {
                "part": null,
                "html": true,
                "node-pos": 59,
                "template-line-number": 104,
                "replacement-node": 33
            }
        ],
        "rule-22": {
            "subs": [
                {
                    "part": "2",
                    "node-pos": 88,
                    "expression-node": 49,
                    "replacement-node": 48,
                    "name": "OtherRegulatoryAssets",
                    "template-line-number": 210
                },
                {
                    "part": "3",
                    "node-pos": 92,
                    "expression-node": 52,
                    "replacement-node": 51,
                    "name": "OtherRegulatoryAssets",
                    "template-line-number": 215
                },
                {
                    "part": "4",
                    "node-pos": 96,
                    "expression-node": 55,
                    "replacement-node": 54,
                    "name": "OtherRegulatoryAssets",
                    "template-line-number": 220
                },
                {
                    "part": "5",
                    "node-pos": 100,
                    "expression-node": 58,
                    "replacement-node": 57,
                    "name": "OtherRegulatoryAssets",
                    "template-line-number": 225
                },
                {
                    "part": "6",
                    "node-pos": 104,
                    "expression-node": 61,
                    "replacement-node": 60,
                    "name": "OtherRegulatoryAssets",
                    "template-line-number": 230
                },
                {
                    "part": "7",
                    "node-pos": 108,
                    "expression-node": 64,
                    "replacement-node": 63,
                    "name": "OtherRegulatoryAssets",
                    "template-line-number": 235
                }
            ],
            "name": "OtherRegulatoryAssets"
        },
        "rule-16": [
            {
                "part": null,
                "node-pos": 128,
                "template-line-number": 280,
                "expression-node": 76,
                "replacement-node": 75
            }
        ],
        "rule-20": [
            {
                "part": null,
                "node-pos": 146,
                "template-line-number": 319,
                "replacement-node": 87
            }
        ]
    },
    "line-numbers": {
        "OtherRegulatoryAssets": [
            {
                "line-number-node": 46,
                "template-line-number": 207,
                "start-number": 1
            }
        ]
    },
    "showifs": {}
}