{
    "showifs": {},
    "line-numbers": {},
    "substitutions": {
        "rule-33": [
            {
                "part": null,
                "template-line-number": 404,
                "expression-node": 97,
                "replacement-node": 96,
                "node-pos": 213
            }
        ],
        "rule-2": [
            {
                "part": null,
                "template-line-number": 41,
                "replacement-node": 3,
                "node-pos": 23
            }
        ],
        "rule-37": [
            {
                "part": null,
                "template-line-number": 456,
                "expression-node": 109,
                "replacement-node": 108,
                "node-pos": 234
            }
        ],
        "rule-3": [
            {
                "part": null,
                "template-line-number": 59,
                "html": true,
                "replacement-node": 6,
                "node-pos": 33
            }
        ],
        "rule-13": [
            {
                "part": null,
                "template-line-number": 178,
                "html": true,
                "replacement-node": 36,
                "node-pos": 91
            }
        ],
        "rule-10": [
            {
                "part": null,
                "template-line-number": 131,
                "replacement-node": 27,
                "node-pos": 69
            }
        ],
        "rule-9": [
            {
                "part": null,
                "template-line-number": 113,
                "expression-node": 25,
                "replacement-node": 24,
                "node-pos": 61
            }
        ],
        "rule-36": [
            {
                "part": null,
                "template-line-number": 437,
                "html": true,
                "replacement-node": 105,
                "node-pos": 226
            }
        ],
        "rule-29": [
            {
                "part": null,
                "template-line-number": 359,
                "expression-node": 85,
                "replacement-node": 84,
                "node-pos": 187
            }
        ],
        "rule-12": [
            {
                "part": null,
                "template-line-number": 163,
                "replacement-node": 33,
                "node-pos": 83
            }
        ],
        "rule-14": [
            {
                "part": null,
                "template-line-number": 190,
                "replacement-node": 39,
                "node-pos": 96
            }
        ],
        "rule-8": [
            {
                "part": null,
                "template-line-number": 104,
                "expression-node": 22,
                "replacement-node": 21,
                "node-pos": 57
            }
        ],
        "rule-15": [
            {
                "part": null,
                "template-line-number": 197,
                "expression-node": 43,
                "replacement-node": 42,
                "node-pos": 100
            }
        ],
        "rule-11": [
            {
                "part": null,
                "template-line-number": 150,
                "html": true,
                "replacement-node": 30,
                "node-pos": 78
            }
        ],
        "rule-23": [
            {
                "part": null,
                "template-line-number": 287,
                "expression-node": 67,
                "replacement-node": 66,
                "node-pos": 147
            }
        ],
        "rule-5": [
            {
                "part": null,
                "template-line-number": 82,
                "replacement-node": 12,
                "node-pos": 45
            }
        ],
        "rule-17": [
            {
                "part": null,
                "template-line-number": 223,
                "expression-node": 49,
                "replacement-node": 48,
                "node-pos": 114
            }
        ],
        "rule-35": [
            {
                "part": null,
                "template-line-number": 425,
                "html": true,
                "replacement-node": 102,
                "node-pos": 222
            }
        ],
        "rule-31": [
            {
                "part": null,
                "template-line-number": 381,
                "expression-node": 91,
                "replacement-node": 90,
                "node-pos": 200
            }
        ],
        "rule-22": [
            {
                "part": null,
                "template-line-number": 280,
                "replacement-node": 63,
                "node-pos": 143
            }
        ],
        "rule-18": [
            {
                "part": null,
                "template-line-number": 234,
                "expression-node": 52,
                "replacement-node": 51,
                "node-pos": 119
            }
        ],
        "rule-34": [
            {
                "part": null,
                "template-line-number": 417,
                "replacement-node": 99,
                "node-pos": 219
            }
        ],
        "rule-20": [
            {
                "part": null,
                "template-line-number": 252,
                "expression-node": 58,
                "replacement-node": 57,
                "node-pos": 130
            }
        ],
        "rule-30": [
            {
                "part": null,
                "template-line-number": 374,
                "replacement-node": 87,
                "node-pos": 196
            }
        ],
        "rule-38": [
            {
                "part": null,
                "template-line-number": 478,
                "replacement-node": 111,
                "node-pos": 242
            }
        ],
        "rule-32": [
            {
                "part": null,
                "template-line-number": 397,
                "replacement-node": 93,
                "node-pos": 209
            }
        ],
        "rule-19": [
            {
                "part": null,
                "template-line-number": 245,
                "replacement-node": 54,
                "node-pos": 126
            }
        ],
        "rule-27": [
            {
                "part": null,
                "template-line-number": 337,
                "replacement-node": 78,
                "node-pos": 174
            }
        ],
        "rule-24": [
            {
                "part": null,
                "template-line-number": 295,
                "replacement-node": 69,
                "node-pos": 151
            }
        ],
        "rule-4": [
            {
                "part": null,
                "template-line-number": 68,
                "html": true,
                "replacement-node": 9,
                "node-pos": 37
            }
        ],
        "rule-21": [
            {
                "part": null,
                "template-line-number": 266,
                "html": true,
                "replacement-node": 60,
                "node-pos": 138
            }
        ],
        "rule-16": [
            {
                "part": null,
                "template-line-number": 216,
                "replacement-node": 45,
                "node-pos": 110
            }
        ],
        "rule-6": [
            {
                "part": null,
                "template-line-number": 89,
                "expression-node": 16,
                "replacement-node": 15,
                "node-pos": 49
            }
        ],
        "rule-26": [
            {
                "part": null,
                "template-line-number": 324,
                "expression-node": 76,
                "replacement-node": 75,
                "node-pos": 167
            }
        ],
        "rule-1": [
            {
                "part": null,
                "template-line-number": 28,
                "expression-node": 1,
                "replacement-node": 0,
                "node-pos": 16
            }
        ],
        "rule-25": [
            {
                "part": null,
                "template-line-number": 302,
                "expression-node": 73,
                "replacement-node": 72,
                "node-pos": 155
            }
        ],
        "rule-7": [
            {
                "part": null,
                "template-line-number": 97,
                "replacement-node": 18,
                "node-pos": 53
            }
        ],
        "rule-28": [
            {
                "part": null,
                "template-line-number": 352,
                "replacement-node": 81,
                "node-pos": 183
            }
        ]
    }
}