{
    "showifs": {},
    "line-numbers": {},
    "substitutions": {
        "rule-8": [
            {
                "node-pos": 72,
                "replacement-node": 21,
                "template-line-number": 146,
                "part": null
            }
        ],
        "rule-5": [
            {
                "node-pos": 58,
                "replacement-node": 12,
                "expression-node": 13,
                "template-line-number": 121,
                "part": null
            }
        ],
        "rule-6": [
            {
                "node-pos": 62,
                "replacement-node": 15,
                "expression-node": 16,
                "template-line-number": 127,
                "part": null
            }
        ],
        "rule-7": [
            {
                "node-pos": 68,
                "replacement-node": 18,
                "expression-node": 19,
                "template-line-number": 139,
                "part": null
            }
        ],
        "rule-1": [
            {
                "html": true,
                "node-pos": 15,
                "replacement-node": 0,
                "template-line-number": 32,
                "part": null
            }
        ],
        "rule-2": [
            {
                "html": true,
                "node-pos": 20,
                "replacement-node": 3,
                "template-line-number": 44,
                "part": null
            }
        ],
        "rule-4": [
            {
                "node-pos": 54,
                "replacement-node": 9,
                "template-line-number": 114,
                "part": null
            }
        ],
        "rule-3": [
            {
                "node-pos": 50,
                "replacement-node": 6,
                "expression-node": 7,
                "template-line-number": 106,
                "part": null
            }
        ]
    }
}