{
    "substitutions": {
        "rule-7": [
            {
                "part": null,
                "node-pos": 35,
                "template-line-number": 63,
                "replacement-node": 18,
                "expression-node": 19
            }
        ],
        "rule-5": [
            {
                "part": null,
                "node-pos": 26,
                "template-line-number": 47,
                "replacement-node": 12,
                "html": true
            }
        ],
        "rule-11": [
            {
                "part": null,
                "node-pos": 53,
                "template-line-number": 90,
                "replacement-node": 30
            }
        ],
        "rule-13": [
            {
                "part": null,
                "node-pos": 140,
                "template-line-number": 369,
                "replacement-node": 75,
                "expression-node": 76
            }
        ],
        "rule-18": {
            "name": "ElectricPlantHeldForFutureUse2",
            "subs": [
                {
                    "template-line-number": 322,
                    "expression-node": 64,
                    "part": "2",
                    "node-pos": 119,
                    "replacement-node": 63,
                    "name": "ElectricPlantHeldForFutureUse2"
                },
                {
                    "template-line-number": 331,
                    "expression-node": 67,
                    "part": "3",
                    "node-pos": 123,
                    "replacement-node": 66,
                    "name": "ElectricPlantHeldForFutureUse2"
                },
                {
                    "template-line-number": 340,
                    "expression-node": 70,
                    "part": "4",
                    "node-pos": 127,
                    "replacement-node": 69,
                    "name": "ElectricPlantHeldForFutureUse2"
                },
                {
                    "template-line-number": 349,
                    "expression-node": 73,
                    "part": "5",
                    "node-pos": 131,
                    "replacement-node": 72,
                    "name": "ElectricPlantHeldForFutureUse2"
                }
            ]
        },
        "rule-3": [
            {
                "part": null,
                "node-pos": 17,
                "template-line-number": 29,
                "replacement-node": 6
            }
        ],
        "rule-16": [
            {
                "part": null,
                "node-pos": 154,
                "template-line-number": 402,
                "replacement-node": 84
            }
        ],
        "rule-8": [
            {
                "part": null,
                "node-pos": 39,
                "template-line-number": 68,
                "replacement-node": 21
            }
        ],
        "rule-6": [
            {
                "part": null,
                "node-pos": 31,
                "template-line-number": 58,
                "replacement-node": 15
            }
        ],
        "rule-12": [
            {
                "part": null,
                "node-pos": 58,
                "template-line-number": 102,
                "replacement-node": 33,
                "html": true
            }
        ],
        "rule-2": [
            {
                "part": null,
                "node-pos": 13,
                "template-line-number": 23,
                "replacement-node": 3,
                "expression-node": 4
            }
        ],
        "rule-17": {
            "name": "ElectricPlantHeldForFutureUse1",
            "subs": [
                {
                    "template-line-number": 219,
                    "expression-node": 49,
                    "part": "2",
                    "node-pos": 92,
                    "replacement-node": 48,
                    "name": "ElectricPlantHeldForFutureUse1"
                },
                {
                    "template-line-number": 228,
                    "expression-node": 52,
                    "part": "3",
                    "node-pos": 96,
                    "replacement-node": 51,
                    "name": "ElectricPlantHeldForFutureUse1"
                },
                {
                    "template-line-number": 237,
                    "expression-node": 55,
                    "part": "4",
                    "node-pos": 100,
                    "replacement-node": 54,
                    "name": "ElectricPlantHeldForFutureUse1"
                },
                {
                    "template-line-number": 246,
                    "expression-node": 58,
                    "part": "5",
                    "node-pos": 104,
                    "replacement-node": 57,
                    "name": "ElectricPlantHeldForFutureUse1"
                }
            ]
        },
        "rule-9": [
            {
                "part": null,
                "node-pos": 43,
                "template-line-number": 73,
                "replacement-node": 24,
                "expression-node": 25
            }
        ],
        "rule-10": [
            {
                "part": null,
                "node-pos": 47,
                "template-line-number": 78,
                "replacement-node": 27,
                "expression-node": 28
            }
        ],
        "rule-19": {
            "name": "Heading",
            "subs": [
                {
                    "template-line-number": 141,
                    "part": "1",
                    "node-pos": 73,
                    "extras": {},
                    "replacement-node": 39,
                    "name": "Heading"
                },
                {
                    "template-line-number": 150,
                    "part": "2",
                    "node-pos": 77,
                    "extras": {},
                    "replacement-node": 42,
                    "name": "Heading"
                },
                {
                    "template-line-number": 137,
                    "part": "3",
                    "node-pos": 71,
                    "extras": {},
                    "replacement-node": 37,
                    "name": "Heading"
                }
            ]
        },
        "rule-4": [
            {
                "part": null,
                "node-pos": 21,
                "template-line-number": 35,
                "replacement-node": 9,
                "html": true
            }
        ],
        "rule-14": [
            {
                "part": null,
                "node-pos": 146,
                "template-line-number": 388,
                "replacement-node": 78,
                "expression-node": 79
            }
        ],
        "rule-15": [
            {
                "part": null,
                "node-pos": 150,
                "template-line-number": 393,
                "replacement-node": 81
            }
        ],
        "rule-1": [
            {
                "part": null,
                "node-pos": 9,
                "template-line-number": 18,
                "replacement-node": 0
            }
        ]
    },
    "showifs": {},
    "line-numbers": {
        "ElectricPlantHeldForFutureUse1": [
            {
                "start-number": 2,
                "template-line-number": 213,
                "line-number-node": 46
            }
        ],
        "ElectricPlantHeldForFutureUse2": [
            {
                "start-number": 22,
                "template-line-number": 316,
                "line-number-node": 61
            }
        ]
    }
}