{
    "showifs": {},
    "line-numbers": {
        "ElectricPlantHeldForFutureUse2": [
            {
                "line-number-node": 61,
                "start-number": 22,
                "template-line-number": 316
            }
        ],
        "ElectricPlantHeldForFutureUse1": [
            {
                "line-number-node": 46,
                "start-number": 2,
                "template-line-number": 213
            }
        ]
    },
    "substitutions": {
        "rule-10": [
            {
                "expression-node": 28,
                "replacement-node": 27,
                "node-pos": 47,
                "template-line-number": 78,
                "part": null
            }
        ],
        "rule-12": [
            {
                "replacement-node": 33,
                "node-pos": 58,
                "template-line-number": 102,
                "part": null,
                "html": true
            }
        ],
        "rule-14": [
            {
                "expression-node": 79,
                "replacement-node": 78,
                "node-pos": 146,
                "template-line-number": 388,
                "part": null
            }
        ],
        "rule-7": [
            {
                "expression-node": 19,
                "replacement-node": 18,
                "node-pos": 35,
                "template-line-number": 63,
                "part": null
            }
        ],
        "rule-15": [
            {
                "replacement-node": 81,
                "node-pos": 150,
                "template-line-number": 393,
                "part": null
            }
        ],
        "rule-19": {
            "subs": [
                {
                    "expression-node": 49,
                    "template-line-number": 219,
                    "node-pos": 92,
                    "part": "2",
                    "name": "ElectricPlantHeldForFutureUse1",
                    "replacement-node": 48
                },
                {
                    "expression-node": 52,
                    "template-line-number": 228,
                    "node-pos": 96,
                    "part": "3",
                    "name": "ElectricPlantHeldForFutureUse1",
                    "replacement-node": 51
                },
                {
                    "expression-node": 55,
                    "template-line-number": 237,
                    "node-pos": 100,
                    "part": "4",
                    "name": "ElectricPlantHeldForFutureUse1",
                    "replacement-node": 54
                },
                {
                    "expression-node": 58,
                    "template-line-number": 246,
                    "node-pos": 104,
                    "part": "5",
                    "name": "ElectricPlantHeldForFutureUse1",
                    "replacement-node": 57
                }
            ],
            "name": "ElectricPlantHeldForFutureUse1"
        },
        "rule-2": [
            {
                "expression-node": 4,
                "replacement-node": 3,
                "node-pos": 13,
                "template-line-number": 23,
                "part": null
            }
        ],
        "rule-17": {
            "subs": [
                {
                    "expression-node": 64,
                    "template-line-number": 322,
                    "node-pos": 119,
                    "part": "2",
                    "name": "ElectricPlantHeldForFutureUse2",
                    "replacement-node": 63
                },
                {
                    "expression-node": 67,
                    "template-line-number": 331,
                    "node-pos": 123,
                    "part": "3",
                    "name": "ElectricPlantHeldForFutureUse2",
                    "replacement-node": 66
                },
                {
                    "expression-node": 70,
                    "template-line-number": 340,
                    "node-pos": 127,
                    "part": "4",
                    "name": "ElectricPlantHeldForFutureUse2",
                    "replacement-node": 69
                },
                {
                    "expression-node": 73,
                    "template-line-number": 349,
                    "node-pos": 131,
                    "part": "5",
                    "name": "ElectricPlantHeldForFutureUse2",
                    "replacement-node": 72
                }
            ],
            "name": "ElectricPlantHeldForFutureUse2"
        },
        "rule-3": [
            {
                "replacement-node": 6,
                "node-pos": 17,
                "template-line-number": 29,
                "part": null
            }
        ],
        "rule-13": [
            {
                "expression-node": 76,
                "replacement-node": 75,
                "node-pos": 140,
                "template-line-number": 369,
                "part": null
            }
        ],
        "rule-4": [
            {
                "replacement-node": 9,
                "node-pos": 21,
                "template-line-number": 35,
                "part": null,
                "html": true
            }
        ],
        "rule-16": [
            {
                "replacement-node": 84,
                "node-pos": 154,
                "template-line-number": 402,
                "part": null
            }
        ],
        "rule-1": [
            {
                "replacement-node": 0,
                "node-pos": 9,
                "template-line-number": 18,
                "part": null
            }
        ],
        "rule-9": [
            {
                "expression-node": 25,
                "replacement-node": 24,
                "node-pos": 43,
                "template-line-number": 73,
                "part": null
            }
        ],
        "rule-8": [
            {
                "replacement-node": 21,
                "node-pos": 39,
                "template-line-number": 68,
                "part": null
            }
        ],
        "rule-5": [
            {
                "replacement-node": 12,
                "node-pos": 26,
                "template-line-number": 47,
                "part": null,
                "html": true
            }
        ],
        "rule-18": {
            "subs": [
                {
                    "extras": {},
                    "template-line-number": 141,
                    "node-pos": 73,
                    "part": "1",
                    "name": "Heading",
                    "replacement-node": 39
                },
                {
                    "extras": {},
                    "template-line-number": 150,
                    "node-pos": 77,
                    "part": "2",
                    "name": "Heading",
                    "replacement-node": 42
                },
                {
                    "extras": {},
                    "template-line-number": 137,
                    "node-pos": 71,
                    "part": "3",
                    "name": "Heading",
                    "replacement-node": 37
                }
            ],
            "name": "Heading"
        },
        "rule-11": [
            {
                "replacement-node": 30,
                "node-pos": 53,
                "template-line-number": 90,
                "part": null
            }
        ],
        "rule-6": [
            {
                "replacement-node": 15,
                "node-pos": 31,
                "template-line-number": 58,
                "part": null
            }
        ]
    }
}