{
    "showifs": {
        "rule-1": {
            "template-line-number": 17,
            "type": "showif"
        }
    },
    "substitutions": {
        "rule-16": [
            {
                "replacement-node": 79,
                "template-line-number": 291,
                "node-pos": 137,
                "part": null,
                "expression-node": 80
            }
        ],
        "rule-3": [
            {
                "replacement-node": 4,
                "template-line-number": 31,
                "node-pos": 14,
                "part": null,
                "expression-node": 5
            }
        ],
        "rule-11": [
            {
                "replacement-node": 28,
                "template-line-number": 84,
                "node-pos": 48,
                "part": null,
                "expression-node": 29
            }
        ],
        "rule-13": [
            {
                "html": true,
                "replacement-node": 34,
                "node-pos": 59,
                "part": null,
                "template-line-number": 105
            }
        ],
        "rule-21": [
            {
                "replacement-node": 94,
                "template-line-number": 340,
                "node-pos": 159,
                "part": null,
                "expression-node": 95
            }
        ],
        "rule-9": [
            {
                "replacement-node": 22,
                "node-pos": 40,
                "part": null,
                "template-line-number": 75
            }
        ],
        "rule-18": [
            {
                "replacement-node": 85,
                "template-line-number": 309,
                "node-pos": 145,
                "part": null,
                "expression-node": 86
            }
        ],
        "rule-17": [
            {
                "replacement-node": 82,
                "template-line-number": 300,
                "node-pos": 141,
                "part": null,
                "expression-node": 83
            }
        ],
        "rule-20": [
            {
                "replacement-node": 91,
                "template-line-number": 327,
                "node-pos": 153,
                "part": null,
                "expression-node": 92
            }
        ],
        "rule-24": {
            "name": "InvestmentInSubsidiary",
            "subs": [
                {
                    "name": "InvestmentInSubsidiary",
                    "part": "2",
                    "template-line-number": 226,
                    "replacement-node": 49,
                    "expression-node": 50,
                    "node-pos": 93
                },
                {
                    "name": "InvestmentInSubsidiary",
                    "part": "3",
                    "template-line-number": 231,
                    "replacement-node": 52,
                    "expression-node": 53,
                    "node-pos": 97
                },
                {
                    "name": "InvestmentInSubsidiary",
                    "part": "4",
                    "template-line-number": 236,
                    "replacement-node": 55,
                    "expression-node": 56,
                    "node-pos": 101
                },
                {
                    "name": "InvestmentInSubsidiary",
                    "part": "5",
                    "template-line-number": 241,
                    "replacement-node": 58,
                    "expression-node": 59,
                    "node-pos": 105
                },
                {
                    "name": "InvestmentInSubsidiary",
                    "part": "6",
                    "template-line-number": 246,
                    "replacement-node": 61,
                    "expression-node": 62,
                    "node-pos": 109
                },
                {
                    "name": "InvestmentInSubsidiary",
                    "part": "7",
                    "template-line-number": 251,
                    "replacement-node": 64,
                    "expression-node": 65,
                    "node-pos": 113
                },
                {
                    "name": "InvestmentInSubsidiary",
                    "part": "8",
                    "template-line-number": 256,
                    "replacement-node": 67,
                    "expression-node": 68,
                    "node-pos": 117
                },
                {
                    "name": "InvestmentInSubsidiary",
                    "part": "9",
                    "template-line-number": 261,
                    "replacement-node": 70,
                    "expression-node": 71,
                    "node-pos": 121
                }
            ]
        },
        "rule-15": [
            {
                "replacement-node": 76,
                "template-line-number": 281,
                "node-pos": 131,
                "part": null,
                "expression-node": 77
            }
        ],
        "rule-4": [
            {
                "replacement-node": 7,
                "node-pos": 18,
                "part": null,
                "template-line-number": 37
            }
        ],
        "rule-10": [
            {
                "replacement-node": 25,
                "template-line-number": 79,
                "node-pos": 44,
                "part": null,
                "expression-node": 26
            }
        ],
        "rule-7": [
            {
                "replacement-node": 16,
                "node-pos": 32,
                "part": null,
                "template-line-number": 66
            }
        ],
        "rule-5": [
            {
                "html": true,
                "replacement-node": 10,
                "node-pos": 22,
                "part": null,
                "template-line-number": 43
            }
        ],
        "rule-25": {
            "name": "ColumnHeadings",
            "subs": [
                {
                    "extras": {},
                    "name": "ColumnHeadings",
                    "part": "1",
                    "template-line-number": 146,
                    "replacement-node": 40,
                    "node-pos": 80
                },
                {
                    "extras": {},
                    "name": "ColumnHeadings",
                    "part": "2",
                    "template-line-number": 155,
                    "replacement-node": 43,
                    "node-pos": 84
                },
                {
                    "extras": {},
                    "name": "ColumnHeadings",
                    "part": "3",
                    "template-line-number": 142,
                    "replacement-node": 38,
                    "node-pos": 78
                }
            ]
        },
        "rule-19": [
            {
                "replacement-node": 88,
                "template-line-number": 318,
                "node-pos": 149,
                "part": null,
                "expression-node": 89
            }
        ],
        "rule-22": [
            {
                "replacement-node": 97,
                "node-pos": 163,
                "part": null,
                "template-line-number": 345
            }
        ],
        "rule-2": [
            {
                "replacement-node": 1,
                "node-pos": 10,
                "part": null,
                "template-line-number": 27
            }
        ],
        "rule-6": [
            {
                "html": true,
                "replacement-node": 13,
                "node-pos": 27,
                "part": null,
                "template-line-number": 55
            }
        ],
        "rule-8": [
            {
                "replacement-node": 19,
                "template-line-number": 70,
                "node-pos": 36,
                "part": null,
                "expression-node": 20
            }
        ],
        "rule-14": [
            {
                "replacement-node": 73,
                "node-pos": 127,
                "part": null,
                "template-line-number": 271
            }
        ],
        "rule-12": [
            {
                "replacement-node": 31,
                "node-pos": 54,
                "part": null,
                "template-line-number": 95
            }
        ],
        "rule-23": [
            {
                "replacement-node": 100,
                "node-pos": 167,
                "part": null,
                "template-line-number": 354
            }
        ]
    },
    "line-numbers": {
        "InvestmentInSubsidiary": [
            {
                "start-number": 1,
                "line-number-node": 47,
                "template-line-number": 223
            }
        ]
    }
}