{
    "substitutions": {
        "rule-12": [
            {
                "part": null,
                "template-line-number": 95,
                "node-pos": 54,
                "replacement-node": 31
            }
        ],
        "rule-49": {
            "subs": [
                {
                    "expression-node": 200,
                    "template-line-number": 743,
                    "replacement-node": 199,
                    "part": "10",
                    "node-pos": 307,
                    "name": "TemporaryCashLineItems"
                },
                {
                    "expression-node": 203,
                    "template-line-number": 748,
                    "replacement-node": 202,
                    "part": "11",
                    "node-pos": 311,
                    "name": "TemporaryCashLineItems"
                },
                {
                    "expression-node": 206,
                    "template-line-number": 753,
                    "replacement-node": 205,
                    "part": "12",
                    "node-pos": 315,
                    "name": "TemporaryCashLineItems"
                },
                {
                    "expression-node": 209,
                    "template-line-number": 758,
                    "replacement-node": 208,
                    "part": "13",
                    "node-pos": 319,
                    "name": "TemporaryCashLineItems"
                },
                {
                    "expression-node": 176,
                    "template-line-number": 703,
                    "replacement-node": 175,
                    "part": "2",
                    "node-pos": 275,
                    "name": "TemporaryCashLineItems"
                },
                {
                    "expression-node": 179,
                    "template-line-number": 708,
                    "replacement-node": 178,
                    "part": "3",
                    "node-pos": 279,
                    "name": "TemporaryCashLineItems"
                },
                {
                    "expression-node": 182,
                    "template-line-number": 713,
                    "replacement-node": 181,
                    "part": "4",
                    "node-pos": 283,
                    "name": "TemporaryCashLineItems"
                },
                {
                    "expression-node": 185,
                    "template-line-number": 718,
                    "replacement-node": 184,
                    "part": "5",
                    "node-pos": 287,
                    "name": "TemporaryCashLineItems"
                },
                {
                    "expression-node": 188,
                    "template-line-number": 723,
                    "replacement-node": 187,
                    "part": "6",
                    "node-pos": 291,
                    "name": "TemporaryCashLineItems"
                },
                {
                    "expression-node": 191,
                    "template-line-number": 728,
                    "replacement-node": 190,
                    "part": "7",
                    "node-pos": 295,
                    "name": "TemporaryCashLineItems"
                },
                {
                    "expression-node": 194,
                    "template-line-number": 733,
                    "replacement-node": 193,
                    "part": "8",
                    "node-pos": 299,
                    "name": "TemporaryCashLineItems"
                },
                {
                    "expression-node": 197,
                    "template-line-number": 738,
                    "replacement-node": 196,
                    "part": "9",
                    "node-pos": 303,
                    "name": "TemporaryCashLineItems"
                }
            ],
            "name": "TemporaryCashLineItems"
        },
        "rule-25": [
            {
                "part": null,
                "expression-node": 158,
                "node-pos": 248,
                "replacement-node": 157,
                "template-line-number": 584
            }
        ],
        "rule-3": [
            {
                "part": null,
                "expression-node": 5,
                "node-pos": 14,
                "replacement-node": 4,
                "template-line-number": 31
            }
        ],
        "rule-4": [
            {
                "part": null,
                "template-line-number": 37,
                "node-pos": 18,
                "replacement-node": 7
            }
        ],
        "rule-17": [
            {
                "part": null,
                "expression-node": 95,
                "node-pos": 156,
                "replacement-node": 94,
                "template-line-number": 347
            }
        ],
        "rule-19": [
            {
                "part": null,
                "expression-node": 101,
                "node-pos": 166,
                "replacement-node": 100,
                "template-line-number": 367
            }
        ],
        "rule-50": {
            "subs": [
                {
                    "expression-node": 137,
                    "template-line-number": 519,
                    "replacement-node": 136,
                    "part": "10",
                    "node-pos": 215,
                    "name": "OtherInvestmentsLineItems"
                },
                {
                    "expression-node": 140,
                    "template-line-number": 524,
                    "replacement-node": 139,
                    "part": "11",
                    "node-pos": 219,
                    "name": "OtherInvestmentsLineItems"
                },
                {
                    "expression-node": 143,
                    "template-line-number": 529,
                    "replacement-node": 142,
                    "part": "12",
                    "node-pos": 223,
                    "name": "OtherInvestmentsLineItems"
                },
                {
                    "expression-node": 146,
                    "template-line-number": 534,
                    "replacement-node": 145,
                    "part": "13",
                    "node-pos": 227,
                    "name": "OtherInvestmentsLineItems"
                },
                {
                    "expression-node": 113,
                    "template-line-number": 479,
                    "replacement-node": 112,
                    "part": "2",
                    "node-pos": 183,
                    "name": "OtherInvestmentsLineItems"
                },
                {
                    "expression-node": 116,
                    "template-line-number": 484,
                    "replacement-node": 115,
                    "part": "3",
                    "node-pos": 187,
                    "name": "OtherInvestmentsLineItems"
                },
                {
                    "expression-node": 119,
                    "template-line-number": 489,
                    "replacement-node": 118,
                    "part": "4",
                    "node-pos": 191,
                    "name": "OtherInvestmentsLineItems"
                },
                {
                    "expression-node": 122,
                    "template-line-number": 494,
                    "replacement-node": 121,
                    "part": "5",
                    "node-pos": 195,
                    "name": "OtherInvestmentsLineItems"
                },
                {
                    "expression-node": 125,
                    "template-line-number": 499,
                    "replacement-node": 124,
                    "part": "6",
                    "node-pos": 199,
                    "name": "OtherInvestmentsLineItems"
                },
                {
                    "expression-node": 128,
                    "template-line-number": 504,
                    "replacement-node": 127,
                    "part": "7",
                    "node-pos": 203,
                    "name": "OtherInvestmentsLineItems"
                },
                {
                    "expression-node": 131,
                    "template-line-number": 509,
                    "replacement-node": 130,
                    "part": "8",
                    "node-pos": 207,
                    "name": "OtherInvestmentsLineItems"
                },
                {
                    "expression-node": 134,
                    "template-line-number": 514,
                    "replacement-node": 133,
                    "part": "9",
                    "node-pos": 211,
                    "name": "OtherInvestmentsLineItems"
                }
            ],
            "name": "OtherInvestmentsLineItems"
        },
        "rule-21": [
            {
                "part": null,
                "expression-node": 107,
                "node-pos": 174,
                "replacement-node": 106,
                "template-line-number": 385
            }
        ],
        "rule-35": [
            {
                "part": null,
                "expression-node": 227,
                "node-pos": 350,
                "replacement-node": 226,
                "template-line-number": 828
            }
        ],
        "rule-32": [
            {
                "part": null,
                "expression-node": 218,
                "node-pos": 336,
                "replacement-node": 217,
                "template-line-number": 799
            }
        ],
        "rule-26": [
            {
                "part": null,
                "expression-node": 161,
                "node-pos": 252,
                "replacement-node": 160,
                "template-line-number": 593
            }
        ],
        "rule-27": [
            {
                "part": null,
                "expression-node": 164,
                "node-pos": 258,
                "replacement-node": 163,
                "template-line-number": 604
            }
        ],
        "rule-36": [
            {
                "part": null,
                "expression-node": 230,
                "node-pos": 354,
                "replacement-node": 229,
                "template-line-number": 837
            }
        ],
        "rule-18": [
            {
                "part": null,
                "expression-node": 98,
                "node-pos": 160,
                "replacement-node": 97,
                "template-line-number": 356
            }
        ],
        "rule-6": [
            {
                "part": null,
                "template-line-number": 55,
                "node-pos": 27,
                "replacement-node": 13,
                "html": true
            }
        ],
        "rule-29": [
            {
                "part": null,
                "expression-node": 170,
                "node-pos": 266,
                "replacement-node": 169,
                "template-line-number": 622
            }
        ],
        "rule-24": [
            {
                "part": null,
                "expression-node": 155,
                "node-pos": 244,
                "replacement-node": 154,
                "template-line-number": 575
            }
        ],
        "rule-15": [
            {
                "part": null,
                "template-line-number": 323,
                "node-pos": 144,
                "replacement-node": 88
            }
        ],
        "rule-43": [
            {
                "part": null,
                "expression-node": 290,
                "node-pos": 442,
                "replacement-node": 289,
                "template-line-number": 1048
            }
        ],
        "rule-40": [
            {
                "part": null,
                "expression-node": 281,
                "node-pos": 428,
                "replacement-node": 280,
                "template-line-number": 1019
            }
        ],
        "rule-2": [
            {
                "part": null,
                "template-line-number": 27,
                "node-pos": 10,
                "replacement-node": 1
            }
        ],
        "rule-11": [
            {
                "part": null,
                "expression-node": 29,
                "node-pos": 48,
                "replacement-node": 28,
                "template-line-number": 84
            }
        ],
        "rule-31": [
            {
                "part": null,
                "template-line-number": 784,
                "node-pos": 328,
                "replacement-node": 214
            }
        ],
        "rule-7": [
            {
                "part": null,
                "template-line-number": 66,
                "node-pos": 32,
                "replacement-node": 16
            }
        ],
        "rule-30": [
            {
                "part": null,
                "template-line-number": 767,
                "node-pos": 324,
                "replacement-node": 211
            }
        ],
        "rule-33": [
            {
                "part": null,
                "expression-node": 221,
                "node-pos": 340,
                "replacement-node": 220,
                "template-line-number": 808
            }
        ],
        "rule-46": [
            {
                "part": null,
                "expression-node": 299,
                "node-pos": 456,
                "replacement-node": 298,
                "template-line-number": 1080
            }
        ],
        "rule-34": [
            {
                "part": null,
                "expression-node": 224,
                "node-pos": 344,
                "replacement-node": 223,
                "template-line-number": 817
            }
        ],
        "rule-22": [
            {
                "part": null,
                "template-line-number": 543,
                "node-pos": 232,
                "replacement-node": 148
            }
        ],
        "rule-42": [
            {
                "part": null,
                "expression-node": 287,
                "node-pos": 436,
                "replacement-node": 286,
                "template-line-number": 1037
            }
        ],
        "rule-51": {
            "subs": [
                {
                    "expression-node": 74,
                    "template-line-number": 284,
                    "replacement-node": 73,
                    "part": "10",
                    "node-pos": 123,
                    "name": "InvestmentLineItems"
                },
                {
                    "expression-node": 77,
                    "template-line-number": 289,
                    "replacement-node": 76,
                    "part": "11",
                    "node-pos": 127,
                    "name": "InvestmentLineItems"
                },
                {
                    "expression-node": 80,
                    "template-line-number": 294,
                    "replacement-node": 79,
                    "part": "12",
                    "node-pos": 131,
                    "name": "InvestmentLineItems"
                },
                {
                    "expression-node": 83,
                    "template-line-number": 299,
                    "replacement-node": 82,
                    "part": "13",
                    "node-pos": 135,
                    "name": "InvestmentLineItems"
                },
                {
                    "expression-node": 50,
                    "template-line-number": 244,
                    "replacement-node": 49,
                    "part": "2",
                    "node-pos": 91,
                    "name": "InvestmentLineItems"
                },
                {
                    "expression-node": 53,
                    "template-line-number": 249,
                    "replacement-node": 52,
                    "part": "3",
                    "node-pos": 95,
                    "name": "InvestmentLineItems"
                },
                {
                    "expression-node": 56,
                    "template-line-number": 254,
                    "replacement-node": 55,
                    "part": "4",
                    "node-pos": 99,
                    "name": "InvestmentLineItems"
                },
                {
                    "expression-node": 59,
                    "template-line-number": 259,
                    "replacement-node": 58,
                    "part": "5",
                    "node-pos": 103,
                    "name": "InvestmentLineItems"
                },
                {
                    "expression-node": 62,
                    "template-line-number": 264,
                    "replacement-node": 61,
                    "part": "6",
                    "node-pos": 107,
                    "name": "InvestmentLineItems"
                },
                {
                    "expression-node": 65,
                    "template-line-number": 269,
                    "replacement-node": 64,
                    "part": "7",
                    "node-pos": 111,
                    "name": "InvestmentLineItems"
                },
                {
                    "expression-node": 68,
                    "template-line-number": 274,
                    "replacement-node": 67,
                    "part": "8",
                    "node-pos": 115,
                    "name": "InvestmentLineItems"
                },
                {
                    "expression-node": 71,
                    "template-line-number": 279,
                    "replacement-node": 70,
                    "part": "9",
                    "node-pos": 119,
                    "name": "InvestmentLineItems"
                }
            ],
            "name": "InvestmentLineItems"
        },
        "rule-13": [
            {
                "part": null,
                "template-line-number": 105,
                "node-pos": 59,
                "replacement-node": 34,
                "html": true
            }
        ],
        "rule-9": [
            {
                "part": null,
                "template-line-number": 75,
                "node-pos": 40,
                "replacement-node": 22
            }
        ],
        "rule-41": [
            {
                "part": null,
                "expression-node": 284,
                "node-pos": 432,
                "replacement-node": 283,
                "template-line-number": 1028
            }
        ],
        "rule-23": [
            {
                "part": null,
                "template-line-number": 560,
                "node-pos": 236,
                "replacement-node": 151
            }
        ],
        "rule-52": {
            "subs": [
                {
                    "expression-node": 263,
                    "template-line-number": 967,
                    "replacement-node": 262,
                    "part": "10",
                    "node-pos": 399,
                    "name": "AllInvestmentLineItems"
                },
                {
                    "expression-node": 266,
                    "template-line-number": 972,
                    "replacement-node": 265,
                    "part": "11",
                    "node-pos": 403,
                    "name": "AllInvestmentLineItems"
                },
                {
                    "expression-node": 269,
                    "template-line-number": 977,
                    "replacement-node": 268,
                    "part": "12",
                    "node-pos": 407,
                    "name": "AllInvestmentLineItems"
                },
                {
                    "expression-node": 272,
                    "template-line-number": 982,
                    "replacement-node": 271,
                    "part": "13",
                    "node-pos": 411,
                    "name": "AllInvestmentLineItems"
                },
                {
                    "expression-node": 239,
                    "template-line-number": 927,
                    "replacement-node": 238,
                    "part": "2",
                    "node-pos": 367,
                    "name": "AllInvestmentLineItems"
                },
                {
                    "expression-node": 242,
                    "template-line-number": 932,
                    "replacement-node": 241,
                    "part": "3",
                    "node-pos": 371,
                    "name": "AllInvestmentLineItems"
                },
                {
                    "expression-node": 245,
                    "template-line-number": 937,
                    "replacement-node": 244,
                    "part": "4",
                    "node-pos": 375,
                    "name": "AllInvestmentLineItems"
                },
                {
                    "expression-node": 248,
                    "template-line-number": 942,
                    "replacement-node": 247,
                    "part": "5",
                    "node-pos": 379,
                    "name": "AllInvestmentLineItems"
                },
                {
                    "expression-node": 251,
                    "template-line-number": 947,
                    "replacement-node": 250,
                    "part": "6",
                    "node-pos": 383,
                    "name": "AllInvestmentLineItems"
                },
                {
                    "expression-node": 254,
                    "template-line-number": 952,
                    "replacement-node": 253,
                    "part": "7",
                    "node-pos": 387,
                    "name": "AllInvestmentLineItems"
                },
                {
                    "expression-node": 257,
                    "template-line-number": 957,
                    "replacement-node": 256,
                    "part": "8",
                    "node-pos": 391,
                    "name": "AllInvestmentLineItems"
                },
                {
                    "expression-node": 260,
                    "template-line-number": 962,
                    "replacement-node": 259,
                    "part": "9",
                    "node-pos": 395,
                    "name": "AllInvestmentLineItems"
                }
            ],
            "name": "AllInvestmentLineItems"
        },
        "rule-37": [
            {
                "part": null,
                "expression-node": 233,
                "node-pos": 358,
                "replacement-node": 232,
                "template-line-number": 846
            }
        ],
        "rule-14": [
            {
                "part": null,
                "template-line-number": 307,
                "node-pos": 140,
                "replacement-node": 85
            }
        ],
        "rule-44": [
            {
                "part": null,
                "expression-node": 293,
                "node-pos": 446,
                "replacement-node": 292,
                "template-line-number": 1057
            }
        ],
        "rule-48": [
            {
                "part": null,
                "template-line-number": 1094,
                "node-pos": 464,
                "replacement-node": 304
            }
        ],
        "rule-39": [
            {
                "part": null,
                "template-line-number": 1004,
                "node-pos": 420,
                "replacement-node": 277
            }
        ],
        "rule-20": [
            {
                "part": null,
                "expression-node": 104,
                "node-pos": 170,
                "replacement-node": 103,
                "template-line-number": 376
            }
        ],
        "rule-38": [
            {
                "part": null,
                "template-line-number": 990,
                "node-pos": 416,
                "replacement-node": 274
            }
        ],
        "rule-47": [
            {
                "part": null,
                "template-line-number": 1085,
                "node-pos": 460,
                "replacement-node": 301
            }
        ],
        "rule-45": [
            {
                "part": null,
                "expression-node": 296,
                "node-pos": 450,
                "replacement-node": 295,
                "template-line-number": 1066
            }
        ],
        "rule-5": [
            {
                "part": null,
                "template-line-number": 43,
                "node-pos": 22,
                "replacement-node": 10,
                "html": true
            }
        ],
        "rule-53": {
            "subs": [
                {
                    "template-line-number": 144,
                    "extras": {},
                    "replacement-node": 40,
                    "part": "1",
                    "node-pos": 78,
                    "name": "InvHeadings"
                },
                {
                    "template-line-number": 153,
                    "extras": {},
                    "replacement-node": 43,
                    "part": "2",
                    "node-pos": 82,
                    "name": "InvHeadings"
                },
                {
                    "template-line-number": 140,
                    "extras": {},
                    "replacement-node": 38,
                    "part": "3",
                    "node-pos": 76,
                    "name": "InvHeadings"
                }
            ],
            "name": "InvHeadings"
        },
        "rule-16": [
            {
                "part": null,
                "expression-node": 92,
                "node-pos": 152,
                "replacement-node": 91,
                "template-line-number": 338
            }
        ],
        "rule-8": [
            {
                "part": null,
                "expression-node": 20,
                "node-pos": 36,
                "replacement-node": 19,
                "template-line-number": 70
            }
        ],
        "rule-28": [
            {
                "part": null,
                "expression-node": 167,
                "node-pos": 262,
                "replacement-node": 166,
                "template-line-number": 613
            }
        ],
        "rule-10": [
            {
                "part": null,
                "expression-node": 26,
                "node-pos": 44,
                "replacement-node": 25,
                "template-line-number": 79
            }
        ]
    },
    "line-numbers": {
        "TemporaryCashLineItems": [
            {
                "template-line-number": 700,
                "line-number-node": 173,
                "start-number": 1
            }
        ],
        "OtherInvestmentsLineItems": [
            {
                "template-line-number": 475,
                "line-number-node": 110,
                "start-number": 1
            }
        ],
        "InvestmentLineItems": [
            {
                "template-line-number": 241,
                "line-number-node": 47,
                "start-number": 1
            }
        ],
        "AllInvestmentLineItems": [
            {
                "template-line-number": 924,
                "line-number-node": 236,
                "start-number": 1
            }
        ]
    },
    "showifs": {
        "rule-1": {
            "template-line-number": 17,
            "type": "showif"
        }
    }
}