{
    "line-numbers": {},
    "substitutions": {
        "rule-10": [
            {
                "replacement-node": 27,
                "part": null,
                "template-line-number": 103,
                "node-pos": 47,
                "expression-node": 28
            }
        ],
        "rule-8": [
            {
                "replacement-node": 21,
                "part": null,
                "node-pos": 39,
                "template-line-number": 90
            }
        ],
        "rule-54": [
            {
                "replacement-node": 166,
                "part": null,
                "template-line-number": 617,
                "node-pos": 269,
                "expression-node": 167
            }
        ],
        "rule-6": [
            {
                "replacement-node": 15,
                "part": null,
                "node-pos": 31,
                "template-line-number": 76
            }
        ],
        "rule-43": [
            {
                "replacement-node": 133,
                "part": null,
                "template-line-number": 504,
                "node-pos": 223,
                "expression-node": 134
            }
        ],
        "rule-64": [
            {
                "replacement-node": 196,
                "part": null,
                "template-line-number": 723,
                "node-pos": 313,
                "expression-node": 197
            }
        ],
        "rule-34": [
            {
                "replacement-node": 106,
                "part": null,
                "node-pos": 185,
                "template-line-number": 411
            }
        ],
        "rule-44": [
            {
                "replacement-node": 136,
                "part": null,
                "template-line-number": 514,
                "node-pos": 227,
                "expression-node": 137
            }
        ],
        "rule-23": [
            {
                "replacement-node": 73,
                "part": null,
                "template-line-number": 295,
                "node-pos": 137,
                "expression-node": 74
            }
        ],
        "rule-2": [
            {
                "replacement-node": 3,
                "part": null,
                "template-line-number": 26,
                "node-pos": 13,
                "expression-node": 4
            }
        ],
        "rule-70": [
            {
                "replacement-node": 214,
                "part": null,
                "node-pos": 339,
                "template-line-number": 786
            }
        ],
        "rule-15": [
            {
                "replacement-node": 49,
                "part": null,
                "template-line-number": 212,
                "node-pos": 103,
                "expression-node": 50
            }
        ],
        "rule-20": [
            {
                "replacement-node": 64,
                "part": null,
                "node-pos": 125,
                "template-line-number": 265
            }
        ],
        "rule-39": [
            {
                "replacement-node": 121,
                "part": null,
                "template-line-number": 461,
                "node-pos": 205,
                "expression-node": 122
            }
        ],
        "rule-55": [
            {
                "replacement-node": 169,
                "part": null,
                "node-pos": 275,
                "template-line-number": 630
            }
        ],
        "rule-4": [
            {
                "replacement-node": 9,
                "part": null,
                "node-pos": 21,
                "html": true,
                "template-line-number": 41
            }
        ],
        "rule-9": [
            {
                "replacement-node": 24,
                "part": null,
                "template-line-number": 97,
                "node-pos": 43,
                "expression-node": 25
            }
        ],
        "rule-42": [
            {
                "replacement-node": 130,
                "part": null,
                "template-line-number": 494,
                "node-pos": 219,
                "expression-node": 131
            }
        ],
        "rule-36": [
            {
                "replacement-node": 112,
                "part": null,
                "template-line-number": 431,
                "node-pos": 193,
                "expression-node": 113
            }
        ],
        "rule-58": [
            {
                "replacement-node": 178,
                "part": null,
                "template-line-number": 660,
                "node-pos": 287,
                "expression-node": 179
            }
        ],
        "rule-28": [
            {
                "replacement-node": 88,
                "part": null,
                "template-line-number": 348,
                "node-pos": 159,
                "expression-node": 89
            }
        ],
        "rule-19": [
            {
                "replacement-node": 61,
                "part": null,
                "template-line-number": 252,
                "node-pos": 119,
                "expression-node": 62
            }
        ],
        "rule-51": [
            {
                "replacement-node": 157,
                "part": null,
                "template-line-number": 587,
                "node-pos": 257,
                "expression-node": 158
            }
        ],
        "rule-53": [
            {
                "replacement-node": 163,
                "part": null,
                "template-line-number": 607,
                "node-pos": 265,
                "expression-node": 164
            }
        ],
        "rule-60": [
            {
                "replacement-node": 184,
                "part": null,
                "template-line-number": 680,
                "node-pos": 295,
                "expression-node": 185
            }
        ],
        "rule-52": [
            {
                "replacement-node": 160,
                "part": null,
                "template-line-number": 597,
                "node-pos": 261,
                "expression-node": 161
            }
        ],
        "rule-57": [
            {
                "replacement-node": 175,
                "part": null,
                "template-line-number": 650,
                "node-pos": 283,
                "expression-node": 176
            }
        ],
        "rule-33": [
            {
                "replacement-node": 103,
                "part": null,
                "template-line-number": 398,
                "node-pos": 179,
                "expression-node": 104
            }
        ],
        "rule-14": [
            {
                "replacement-node": 46,
                "part": null,
                "template-line-number": 202,
                "node-pos": 99,
                "expression-node": 47
            }
        ],
        "rule-40": [
            {
                "replacement-node": 124,
                "part": null,
                "template-line-number": 471,
                "node-pos": 209,
                "expression-node": 125
            }
        ],
        "rule-71": [
            {
                "replacement-node": 217,
                "part": null,
                "node-pos": 343,
                "template-line-number": 796
            }
        ],
        "rule-7": [
            {
                "replacement-node": 18,
                "part": null,
                "template-line-number": 83,
                "node-pos": 35,
                "expression-node": 19
            }
        ],
        "rule-45": [
            {
                "replacement-node": 139,
                "part": null,
                "template-line-number": 524,
                "node-pos": 231,
                "expression-node": 140
            }
        ],
        "rule-68": [
            {
                "replacement-node": 208,
                "part": null,
                "template-line-number": 764,
                "node-pos": 329,
                "expression-node": 209
            }
        ],
        "rule-12": [
            {
                "replacement-node": 33,
                "part": null,
                "node-pos": 58,
                "html": true,
                "template-line-number": 126
            }
        ],
        "rule-27": [
            {
                "replacement-node": 85,
                "part": null,
                "node-pos": 155,
                "template-line-number": 338
            }
        ],
        "rule-63": [
            {
                "replacement-node": 193,
                "part": null,
                "template-line-number": 713,
                "node-pos": 309,
                "expression-node": 194
            }
        ],
        "rule-17": [
            {
                "replacement-node": 55,
                "part": null,
                "template-line-number": 232,
                "node-pos": 111,
                "expression-node": 56
            }
        ],
        "rule-56": [
            {
                "replacement-node": 172,
                "part": null,
                "template-line-number": 640,
                "node-pos": 279,
                "expression-node": 173
            }
        ],
        "rule-72": {
            "subs": [
                {
                    "replacement-node": 37,
                    "template-line-number": 174,
                    "part": "1",
                    "name": "ColumnHeadings",
                    "extras": {},
                    "node-pos": 85
                },
                {
                    "replacement-node": 40,
                    "template-line-number": 181,
                    "part": "2",
                    "name": "ColumnHeadings",
                    "extras": {},
                    "node-pos": 89
                }
            ],
            "name": "ColumnHeadings"
        },
        "rule-29": [
            {
                "replacement-node": 91,
                "part": null,
                "template-line-number": 358,
                "node-pos": 163,
                "expression-node": 92
            }
        ],
        "rule-49": [
            {
                "replacement-node": 151,
                "part": null,
                "template-line-number": 567,
                "node-pos": 249,
                "expression-node": 152
            }
        ],
        "rule-65": [
            {
                "replacement-node": 199,
                "part": null,
                "template-line-number": 733,
                "node-pos": 317,
                "expression-node": 200
            }
        ],
        "rule-5": [
            {
                "replacement-node": 12,
                "part": null,
                "node-pos": 26,
                "html": true,
                "template-line-number": 58
            }
        ],
        "rule-32": [
            {
                "replacement-node": 100,
                "part": null,
                "template-line-number": 388,
                "node-pos": 175,
                "expression-node": 101
            }
        ],
        "rule-46": [
            {
                "replacement-node": 142,
                "part": null,
                "template-line-number": 534,
                "node-pos": 235,
                "expression-node": 143
            }
        ],
        "rule-38": [
            {
                "replacement-node": 118,
                "part": null,
                "template-line-number": 451,
                "node-pos": 201,
                "expression-node": 119
            }
        ],
        "rule-22": [
            {
                "replacement-node": 70,
                "part": null,
                "template-line-number": 285,
                "node-pos": 133,
                "expression-node": 71
            }
        ],
        "rule-37": [
            {
                "replacement-node": 115,
                "part": null,
                "template-line-number": 441,
                "node-pos": 197,
                "expression-node": 116
            }
        ],
        "rule-24": [
            {
                "replacement-node": 76,
                "part": null,
                "template-line-number": 305,
                "node-pos": 141,
                "expression-node": 77
            }
        ],
        "rule-26": [
            {
                "replacement-node": 82,
                "part": null,
                "template-line-number": 325,
                "node-pos": 149,
                "expression-node": 83
            }
        ],
        "rule-3": [
            {
                "replacement-node": 6,
                "part": null,
                "node-pos": 17,
                "template-line-number": 33
            }
        ],
        "rule-47": [
            {
                "replacement-node": 145,
                "part": null,
                "template-line-number": 544,
                "node-pos": 239,
                "expression-node": 146
            }
        ],
        "rule-1": [
            {
                "replacement-node": 0,
                "part": null,
                "node-pos": 9,
                "template-line-number": 19
            }
        ],
        "rule-25": [
            {
                "replacement-node": 79,
                "part": null,
                "template-line-number": 315,
                "node-pos": 145,
                "expression-node": 80
            }
        ],
        "rule-18": [
            {
                "replacement-node": 58,
                "part": null,
                "template-line-number": 242,
                "node-pos": 115,
                "expression-node": 59
            }
        ],
        "rule-16": [
            {
                "replacement-node": 52,
                "part": null,
                "template-line-number": 222,
                "node-pos": 107,
                "expression-node": 53
            }
        ],
        "rule-35": [
            {
                "replacement-node": 109,
                "part": null,
                "template-line-number": 421,
                "node-pos": 189,
                "expression-node": 110
            }
        ],
        "rule-61": [
            {
                "replacement-node": 187,
                "part": null,
                "template-line-number": 690,
                "node-pos": 299,
                "expression-node": 188
            }
        ],
        "rule-13": [
            {
                "replacement-node": 43,
                "part": null,
                "node-pos": 95,
                "template-line-number": 192
            }
        ],
        "rule-59": [
            {
                "replacement-node": 181,
                "part": null,
                "template-line-number": 670,
                "node-pos": 291,
                "expression-node": 182
            }
        ],
        "rule-66": [
            {
                "replacement-node": 202,
                "part": null,
                "template-line-number": 743,
                "node-pos": 321,
                "expression-node": 203
            }
        ],
        "rule-62": [
            {
                "replacement-node": 190,
                "part": null,
                "node-pos": 305,
                "template-line-number": 703
            }
        ],
        "rule-67": [
            {
                "replacement-node": 205,
                "part": null,
                "template-line-number": 753,
                "node-pos": 325,
                "expression-node": 206
            }
        ],
        "rule-50": [
            {
                "replacement-node": 154,
                "part": null,
                "template-line-number": 577,
                "node-pos": 253,
                "expression-node": 155
            }
        ],
        "rule-31": [
            {
                "replacement-node": 97,
                "part": null,
                "template-line-number": 378,
                "node-pos": 171,
                "expression-node": 98
            }
        ],
        "rule-11": [
            {
                "replacement-node": 30,
                "part": null,
                "node-pos": 53,
                "template-line-number": 115
            }
        ],
        "rule-30": [
            {
                "replacement-node": 94,
                "part": null,
                "template-line-number": 368,
                "node-pos": 167,
                "expression-node": 95
            }
        ],
        "rule-48": [
            {
                "replacement-node": 148,
                "part": null,
                "node-pos": 245,
                "template-line-number": 557
            }
        ],
        "rule-21": [
            {
                "replacement-node": 67,
                "part": null,
                "template-line-number": 275,
                "node-pos": 129,
                "expression-node": 68
            }
        ],
        "rule-41": [
            {
                "replacement-node": 127,
                "part": null,
                "node-pos": 215,
                "template-line-number": 484
            }
        ],
        "rule-69": [
            {
                "replacement-node": 211,
                "part": null,
                "template-line-number": 779,
                "node-pos": 335,
                "expression-node": 212
            }
        ]
    },
    "showifs": {}
}