{
    "substitutions": {
        "rule-10": {
            "subs": [
                {
                    "template-line-number": 101,
                    "part": "2",
                    "replacement-node": 22,
                    "node-pos": 56,
                    "extras": {},
                    "name": "GenPlantsHead"
                },
                {
                    "template-line-number": 108,
                    "part": "2",
                    "replacement-node": 25,
                    "node-pos": 60,
                    "extras": {},
                    "name": "GenPlantsHead"
                }
            ],
            "name": "GenPlantsHead"
        },
        "rule-1": [
            {
                "replacement-node": 0,
                "node-pos": 15,
                "expression-node": 1,
                "template-line-number": 29,
                "part": null
            }
        ],
        "rule-6": [
            {
                "replacement-node": 15,
                "node-pos": 35,
                "template-line-number": 61,
                "part": null
            }
        ],
        "rule-8": [
            {
                "replacement-node": 107,
                "node-pos": 172,
                "template-line-number": 284,
                "part": null
            }
        ],
        "rule-4": [
            {
                "replacement-node": 9,
                "node-pos": 26,
                "template-line-number": 46,
                "part": null
            }
        ],
        "rule-2": [
            {
                "replacement-node": 3,
                "node-pos": 19,
                "template-line-number": 36,
                "part": null
            }
        ],
        "rule-3": [
            {
                "replacement-node": 6,
                "node-pos": 22,
                "expression-node": 7,
                "template-line-number": 41,
                "part": null
            }
        ],
        "rule-7": [
            {
                "replacement-node": 18,
                "node-pos": 40,
                "template-line-number": 72,
                "html": true,
                "part": null
            }
        ],
        "rule-5": [
            {
                "replacement-node": 12,
                "node-pos": 29,
                "expression-node": 13,
                "template-line-number": 51,
                "part": null
            }
        ],
        "rule-9": {
            "subs": [
                {
                    "template-line-number": 146,
                    "part": "2",
                    "replacement-node": 29,
                    "node-pos": 66,
                    "extras": {},
                    "name": "GenPlants"
                },
                {
                    "expression-node": 33,
                    "template-line-number": 151,
                    "part": "3",
                    "replacement-node": 32,
                    "node-pos": 70,
                    "name": "GenPlants"
                },
                {
                    "expression-node": 63,
                    "template-line-number": 201,
                    "part": "3",
                    "replacement-node": 62,
                    "node-pos": 110,
                    "name": "GenPlants"
                },
                {
                    "expression-node": 36,
                    "template-line-number": 156,
                    "part": "4",
                    "replacement-node": 35,
                    "node-pos": 74,
                    "name": "GenPlants"
                },
                {
                    "expression-node": 45,
                    "template-line-number": 171,
                    "part": "4",
                    "replacement-node": 44,
                    "node-pos": 86,
                    "name": "GenPlants"
                },
                {
                    "expression-node": 54,
                    "template-line-number": 186,
                    "part": "4",
                    "replacement-node": 53,
                    "node-pos": 98,
                    "name": "GenPlants"
                },
                {
                    "expression-node": 66,
                    "template-line-number": 206,
                    "part": "4",
                    "replacement-node": 65,
                    "node-pos": 114,
                    "name": "GenPlants"
                },
                {
                    "expression-node": 75,
                    "template-line-number": 221,
                    "part": "4",
                    "replacement-node": 74,
                    "node-pos": 126,
                    "name": "GenPlants"
                },
                {
                    "expression-node": 84,
                    "template-line-number": 236,
                    "part": "4",
                    "replacement-node": 83,
                    "node-pos": 138,
                    "name": "GenPlants"
                },
                {
                    "expression-node": 39,
                    "template-line-number": 161,
                    "part": "5",
                    "replacement-node": 38,
                    "node-pos": 78,
                    "name": "GenPlants"
                },
                {
                    "expression-node": 42,
                    "template-line-number": 166,
                    "part": "5",
                    "replacement-node": 41,
                    "node-pos": 82,
                    "name": "GenPlants"
                },
                {
                    "expression-node": 48,
                    "template-line-number": 176,
                    "part": "5",
                    "replacement-node": 47,
                    "node-pos": 90,
                    "name": "GenPlants"
                },
                {
                    "expression-node": 51,
                    "template-line-number": 181,
                    "part": "5",
                    "replacement-node": 50,
                    "node-pos": 94,
                    "name": "GenPlants"
                },
                {
                    "expression-node": 57,
                    "template-line-number": 191,
                    "part": "5",
                    "replacement-node": 56,
                    "node-pos": 102,
                    "name": "GenPlants"
                },
                {
                    "expression-node": 60,
                    "template-line-number": 196,
                    "part": "5",
                    "replacement-node": 59,
                    "node-pos": 106,
                    "name": "GenPlants"
                },
                {
                    "expression-node": 69,
                    "template-line-number": 211,
                    "part": "5",
                    "replacement-node": 68,
                    "node-pos": 118,
                    "name": "GenPlants"
                },
                {
                    "expression-node": 72,
                    "template-line-number": 216,
                    "part": "5",
                    "replacement-node": 71,
                    "node-pos": 122,
                    "name": "GenPlants"
                },
                {
                    "expression-node": 78,
                    "template-line-number": 226,
                    "part": "5",
                    "replacement-node": 77,
                    "node-pos": 130,
                    "name": "GenPlants"
                },
                {
                    "expression-node": 81,
                    "template-line-number": 231,
                    "part": "5",
                    "replacement-node": 80,
                    "node-pos": 134,
                    "name": "GenPlants"
                },
                {
                    "expression-node": 87,
                    "template-line-number": 241,
                    "part": "5",
                    "replacement-node": 86,
                    "node-pos": 142,
                    "name": "GenPlants"
                },
                {
                    "expression-node": 90,
                    "template-line-number": 246,
                    "part": "5",
                    "replacement-node": 89,
                    "node-pos": 146,
                    "name": "GenPlants"
                },
                {
                    "expression-node": 93,
                    "template-line-number": 251,
                    "part": "5",
                    "replacement-node": 92,
                    "node-pos": 150,
                    "name": "GenPlants"
                },
                {
                    "expression-node": 96,
                    "template-line-number": 256,
                    "part": "5",
                    "replacement-node": 95,
                    "node-pos": 154,
                    "name": "GenPlants"
                },
                {
                    "expression-node": 99,
                    "template-line-number": 261,
                    "part": "5",
                    "replacement-node": 98,
                    "node-pos": 158,
                    "name": "GenPlants"
                },
                {
                    "expression-node": 102,
                    "template-line-number": 266,
                    "part": "5",
                    "replacement-node": 101,
                    "node-pos": 162,
                    "name": "GenPlants"
                },
                {
                    "expression-node": 105,
                    "template-line-number": 271,
                    "part": "5",
                    "replacement-node": 104,
                    "node-pos": 166,
                    "name": "GenPlants"
                }
            ],
            "name": "GenPlants"
        }
    },
    "line-numbers": {},
    "showifs": {}
}