{
    "showifs": {},
    "substitutions": {
        "rule-3": [
            {
                "part": null,
                "replacement-node": 6,
                "template-line-number": 41,
                "expression-node": 7,
                "node-pos": 22
            }
        ],
        "rule-9": {
            "name": "GenPlantsHead",
            "subs": [
                {
                    "part": "2",
                    "replacement-node": 22,
                    "template-line-number": 101,
                    "extras": {},
                    "node-pos": 56,
                    "name": "GenPlantsHead"
                },
                {
                    "part": "2",
                    "replacement-node": 25,
                    "template-line-number": 108,
                    "extras": {},
                    "node-pos": 60,
                    "name": "GenPlantsHead"
                }
            ]
        },
        "rule-7": [
            {
                "part": null,
                "replacement-node": 18,
                "template-line-number": 72,
                "node-pos": 40,
                "html": true
            }
        ],
        "rule-1": [
            {
                "part": null,
                "replacement-node": 0,
                "template-line-number": 29,
                "expression-node": 1,
                "node-pos": 15
            }
        ],
        "rule-8": [
            {
                "part": null,
                "replacement-node": 107,
                "template-line-number": 284,
                "node-pos": 172
            }
        ],
        "rule-10": {
            "name": "GenPlants",
            "subs": [
                {
                    "part": "2",
                    "replacement-node": 29,
                    "template-line-number": 146,
                    "extras": {},
                    "node-pos": 66,
                    "name": "GenPlants"
                },
                {
                    "part": "3",
                    "expression-node": 33,
                    "template-line-number": 151,
                    "node-pos": 70,
                    "name": "GenPlants",
                    "replacement-node": 32
                },
                {
                    "part": "3",
                    "expression-node": 63,
                    "template-line-number": 201,
                    "node-pos": 110,
                    "name": "GenPlants",
                    "replacement-node": 62
                },
                {
                    "part": "4",
                    "expression-node": 36,
                    "template-line-number": 156,
                    "node-pos": 74,
                    "name": "GenPlants",
                    "replacement-node": 35
                },
                {
                    "part": "4",
                    "expression-node": 45,
                    "template-line-number": 171,
                    "node-pos": 86,
                    "name": "GenPlants",
                    "replacement-node": 44
                },
                {
                    "part": "4",
                    "expression-node": 54,
                    "template-line-number": 186,
                    "node-pos": 98,
                    "name": "GenPlants",
                    "replacement-node": 53
                },
                {
                    "part": "4",
                    "expression-node": 66,
                    "template-line-number": 206,
                    "node-pos": 114,
                    "name": "GenPlants",
                    "replacement-node": 65
                },
                {
                    "part": "4",
                    "expression-node": 75,
                    "template-line-number": 221,
                    "node-pos": 126,
                    "name": "GenPlants",
                    "replacement-node": 74
                },
                {
                    "part": "4",
                    "expression-node": 84,
                    "template-line-number": 236,
                    "node-pos": 138,
                    "name": "GenPlants",
                    "replacement-node": 83
                },
                {
                    "part": "5",
                    "expression-node": 39,
                    "template-line-number": 161,
                    "node-pos": 78,
                    "name": "GenPlants",
                    "replacement-node": 38
                },
                {
                    "part": "5",
                    "expression-node": 42,
                    "template-line-number": 166,
                    "node-pos": 82,
                    "name": "GenPlants",
                    "replacement-node": 41
                },
                {
                    "part": "5",
                    "expression-node": 48,
                    "template-line-number": 176,
                    "node-pos": 90,
                    "name": "GenPlants",
                    "replacement-node": 47
                },
                {
                    "part": "5",
                    "expression-node": 51,
                    "template-line-number": 181,
                    "node-pos": 94,
                    "name": "GenPlants",
                    "replacement-node": 50
                },
                {
                    "part": "5",
                    "expression-node": 57,
                    "template-line-number": 191,
                    "node-pos": 102,
                    "name": "GenPlants",
                    "replacement-node": 56
                },
                {
                    "part": "5",
                    "expression-node": 60,
                    "template-line-number": 196,
                    "node-pos": 106,
                    "name": "GenPlants",
                    "replacement-node": 59
                },
                {
                    "part": "5",
                    "expression-node": 69,
                    "template-line-number": 211,
                    "node-pos": 118,
                    "name": "GenPlants",
                    "replacement-node": 68
                },
                {
                    "part": "5",
                    "expression-node": 72,
                    "template-line-number": 216,
                    "node-pos": 122,
                    "name": "GenPlants",
                    "replacement-node": 71
                },
                {
                    "part": "5",
                    "expression-node": 78,
                    "template-line-number": 226,
                    "node-pos": 130,
                    "name": "GenPlants",
                    "replacement-node": 77
                },
                {
                    "part": "5",
                    "expression-node": 81,
                    "template-line-number": 231,
                    "node-pos": 134,
                    "name": "GenPlants",
                    "replacement-node": 80
                },
                {
                    "part": "5",
                    "expression-node": 87,
                    "template-line-number": 241,
                    "node-pos": 142,
                    "name": "GenPlants",
                    "replacement-node": 86
                },
                {
                    "part": "5",
                    "expression-node": 90,
                    "template-line-number": 246,
                    "node-pos": 146,
                    "name": "GenPlants",
                    "replacement-node": 89
                },
                {
                    "part": "5",
                    "expression-node": 93,
                    "template-line-number": 251,
                    "node-pos": 150,
                    "name": "GenPlants",
                    "replacement-node": 92
                },
                {
                    "part": "5",
                    "expression-node": 96,
                    "template-line-number": 256,
                    "node-pos": 154,
                    "name": "GenPlants",
                    "replacement-node": 95
                },
                {
                    "part": "5",
                    "expression-node": 99,
                    "template-line-number": 261,
                    "node-pos": 158,
                    "name": "GenPlants",
                    "replacement-node": 98
                },
                {
                    "part": "5",
                    "expression-node": 102,
                    "template-line-number": 266,
                    "node-pos": 162,
                    "name": "GenPlants",
                    "replacement-node": 101
                },
                {
                    "part": "5",
                    "expression-node": 105,
                    "template-line-number": 271,
                    "node-pos": 166,
                    "name": "GenPlants",
                    "replacement-node": 104
                }
            ]
        },
        "rule-2": [
            {
                "part": null,
                "replacement-node": 3,
                "template-line-number": 36,
                "node-pos": 19
            }
        ],
        "rule-4": [
            {
                "part": null,
                "replacement-node": 9,
                "template-line-number": 46,
                "node-pos": 26
            }
        ],
        "rule-5": [
            {
                "part": null,
                "replacement-node": 12,
                "template-line-number": 51,
                "expression-node": 13,
                "node-pos": 29
            }
        ],
        "rule-6": [
            {
                "part": null,
                "replacement-node": 15,
                "template-line-number": 61,
                "node-pos": 35
            }
        ]
    },
    "line-numbers": {}
}