{
    "line-numbers": {
        "ADITElectric": [
            {
                "template-line-number": 280,
                "start-number": 10,
                "line-number-node": 60
            }
        ],
        "ElectricOperatingRevenuesLineItems": [
            {
                "template-line-number": 170,
                "start-number": 1,
                "line-number-node": 42
            }
        ]
    },
    "showifs": {
        "rule-1": {
            "template-line-number": 19,
            "type": "showif"
        }
    },
    "substitutions": {
        "rule-8": [
            {
                "template-line-number": 74,
                "replacement-node": 19,
                "part": null,
                "expression-node": 20,
                "node-pos": 37
            }
        ],
        "rule-17": [
            {
                "template-line-number": 341,
                "replacement-node": 77,
                "part": null,
                "node-pos": 136
            }
        ],
        "rule-7": [
            {
                "template-line-number": 69,
                "replacement-node": 16,
                "part": null,
                "node-pos": 33
            }
        ],
        "rule-13": [
            {
                "template-line-number": 223,
                "replacement-node": 56,
                "part": null,
                "node-pos": 94
            }
        ],
        "rule-19": {
            "subs": [
                {
                    "replacement-node": 62,
                    "part": "2",
                    "expression-node": 63,
                    "template-line-number": 286,
                    "name": "ADITElectric",
                    "node-pos": 107
                },
                {
                    "replacement-node": 65,
                    "part": "3",
                    "expression-node": 66,
                    "template-line-number": 295,
                    "name": "ADITElectric",
                    "node-pos": 111
                }
            ],
            "name": "ADITElectric"
        },
        "rule-20": {
            "subs": [
                {
                    "replacement-node": 35,
                    "part": "1",
                    "template-line-number": 125,
                    "name": "ISHeadings",
                    "node-pos": 63,
                    "extras": {}
                },
                {
                    "replacement-node": 38,
                    "part": "2",
                    "template-line-number": 132,
                    "name": "ISHeadings",
                    "node-pos": 67,
                    "extras": {}
                }
            ],
            "name": "ISHeadings"
        },
        "rule-6": [
            {
                "template-line-number": 58,
                "replacement-node": 13,
                "part": null,
                "html": true,
                "node-pos": 28
            }
        ],
        "rule-2": [
            {
                "template-line-number": 29,
                "replacement-node": 1,
                "part": null,
                "node-pos": 11
            }
        ],
        "rule-3": [
            {
                "template-line-number": 34,
                "replacement-node": 4,
                "part": null,
                "expression-node": 5,
                "node-pos": 15
            }
        ],
        "rule-12": [
            {
                "template-line-number": 100,
                "replacement-node": 31,
                "part": null,
                "node-pos": 55
            }
        ],
        "rule-15": [
            {
                "template-line-number": 321,
                "replacement-node": 71,
                "part": null,
                "expression-node": 72,
                "node-pos": 124
            }
        ],
        "rule-21": {
            "subs": [
                {
                    "replacement-node": 45,
                    "part": "2",
                    "template-line-number": 182,
                    "name": "ElectricOperatingRevenuesLineItems",
                    "node-pos": 77,
                    "extras": {}
                },
                {
                    "replacement-node": 47,
                    "part": "3",
                    "expression-node": 48,
                    "template-line-number": 190,
                    "name": "ElectricOperatingRevenuesLineItems",
                    "node-pos": 80
                },
                {
                    "replacement-node": 50,
                    "part": "4",
                    "expression-node": 51,
                    "template-line-number": 200,
                    "name": "ElectricOperatingRevenuesLineItems",
                    "node-pos": 84
                },
                {
                    "replacement-node": 53,
                    "part": "5",
                    "expression-node": 54,
                    "template-line-number": 210,
                    "name": "ElectricOperatingRevenuesLineItems",
                    "node-pos": 88
                }
            ],
            "name": "ElectricOperatingRevenuesLineItems"
        },
        "rule-16": [
            {
                "template-line-number": 336,
                "replacement-node": 74,
                "part": null,
                "expression-node": 75,
                "node-pos": 132
            }
        ],
        "rule-18": [
            {
                "template-line-number": 351,
                "replacement-node": 80,
                "part": null,
                "node-pos": 140
            }
        ],
        "rule-11": [
            {
                "template-line-number": 89,
                "replacement-node": 28,
                "part": null,
                "expression-node": 29,
                "node-pos": 49
            }
        ],
        "rule-14": [
            {
                "template-line-number": 309,
                "replacement-node": 68,
                "part": null,
                "node-pos": 119
            }
        ],
        "rule-10": [
            {
                "template-line-number": 84,
                "replacement-node": 25,
                "part": null,
                "expression-node": 26,
                "node-pos": 45
            }
        ],
        "rule-4": [
            {
                "template-line-number": 40,
                "replacement-node": 7,
                "part": null,
                "node-pos": 19
            }
        ],
        "rule-9": [
            {
                "template-line-number": 79,
                "replacement-node": 22,
                "part": null,
                "node-pos": 41
            }
        ],
        "rule-5": [
            {
                "template-line-number": 46,
                "replacement-node": 10,
                "part": null,
                "html": true,
                "node-pos": 23
            }
        ]
    }
}