{
    "line-numbers": {},
    "substitutions": {
        "rule-2": [
            {
                "template-line-number": 270,
                "part": null,
                "expression-node": 4,
                "replacement-node": 3,
                "node-pos": 111
            }
        ],
        "rule-1": [
            {
                "part": null,
                "html": true,
                "template-line-number": 18,
                "replacement-node": 0,
                "node-pos": 7
            }
        ]
    },
    "showifs": {}
}