{
    "showifs": {},
    "substitutions": {
        "rule-5": [
            {
                "html": true,
                "node-pos": 27,
                "part": null,
                "replacement-node": 12,
                "template-line-number": 51
            }
        ],
        "rule-17": {
            "subs": [
                {
                    "template-line-number": 362,
                    "name": "RevenueAccountsLineItems2",
                    "node-pos": 148,
                    "part": "1",
                    "replacement-node": 81,
                    "extras": {}
                },
                {
                    "template-line-number": 373,
                    "name": "RevenueAccountsLineItems2",
                    "node-pos": 156,
                    "part": "2",
                    "replacement-node": 86,
                    "extras": {}
                },
                {
                    "template-line-number": 383,
                    "replacement-node": 90,
                    "name": "RevenueAccountsLineItems2",
                    "part": "4",
                    "expression-node": 91,
                    "node-pos": 161
                },
                {
                    "template-line-number": 390,
                    "replacement-node": 93,
                    "name": "RevenueAccountsLineItems2",
                    "part": "5",
                    "expression-node": 94,
                    "node-pos": 165
                },
                {
                    "template-line-number": 369,
                    "name": "RevenueAccountsLineItems2",
                    "node-pos": 154,
                    "part": "6",
                    "replacement-node": 84,
                    "extras": {}
                },
                {
                    "template-line-number": 396,
                    "replacement-node": 96,
                    "name": "RevenueAccountsLineItems2",
                    "part": "6",
                    "expression-node": 97,
                    "node-pos": 169
                },
                {
                    "template-line-number": 402,
                    "replacement-node": 99,
                    "name": "RevenueAccountsLineItems2",
                    "part": "7",
                    "expression-node": 100,
                    "node-pos": 173
                },
                {
                    "template-line-number": 408,
                    "replacement-node": 102,
                    "name": "RevenueAccountsLineItems2",
                    "part": "8",
                    "expression-node": 103,
                    "node-pos": 177
                },
                {
                    "template-line-number": 414,
                    "replacement-node": 105,
                    "name": "RevenueAccountsLineItems2",
                    "part": "9",
                    "expression-node": 106,
                    "node-pos": 181
                }
            ],
            "name": "RevenueAccountsLineItems2"
        },
        "rule-2": [
            {
                "template-line-number": 27,
                "node-pos": 14,
                "part": null,
                "replacement-node": 3,
                "expression-node": 4
            }
        ],
        "rule-7": [
            {
                "template-line-number": 67,
                "node-pos": 36,
                "part": null,
                "replacement-node": 18,
                "expression-node": 19
            }
        ],
        "rule-4": [
            {
                "html": true,
                "node-pos": 22,
                "part": null,
                "replacement-node": 9,
                "template-line-number": 39
            }
        ],
        "rule-19": {
            "subs": [
                {
                    "template-line-number": 208,
                    "name": "RevenueAccountsLineItems1",
                    "node-pos": 88,
                    "part": "1",
                    "replacement-node": 46,
                    "extras": {}
                },
                {
                    "template-line-number": 219,
                    "name": "RevenueAccountsLineItems1",
                    "node-pos": 96,
                    "part": "2",
                    "replacement-node": 51,
                    "extras": {}
                },
                {
                    "template-line-number": 229,
                    "replacement-node": 55,
                    "name": "RevenueAccountsLineItems1",
                    "part": "4",
                    "expression-node": 56,
                    "node-pos": 101
                },
                {
                    "template-line-number": 236,
                    "replacement-node": 58,
                    "name": "RevenueAccountsLineItems1",
                    "part": "5",
                    "expression-node": 59,
                    "node-pos": 105
                },
                {
                    "template-line-number": 215,
                    "name": "RevenueAccountsLineItems1",
                    "node-pos": 94,
                    "part": "6",
                    "replacement-node": 49,
                    "extras": {}
                },
                {
                    "template-line-number": 242,
                    "replacement-node": 61,
                    "name": "RevenueAccountsLineItems1",
                    "part": "6",
                    "expression-node": 62,
                    "node-pos": 109
                },
                {
                    "template-line-number": 248,
                    "replacement-node": 64,
                    "name": "RevenueAccountsLineItems1",
                    "part": "7",
                    "expression-node": 65,
                    "node-pos": 113
                },
                {
                    "template-line-number": 254,
                    "replacement-node": 67,
                    "name": "RevenueAccountsLineItems1",
                    "part": "8",
                    "expression-node": 68,
                    "node-pos": 117
                },
                {
                    "template-line-number": 260,
                    "replacement-node": 70,
                    "name": "RevenueAccountsLineItems1",
                    "part": "9",
                    "expression-node": 71,
                    "node-pos": 121
                }
            ],
            "name": "RevenueAccountsLineItems1"
        },
        "rule-15": [
            {
                "node-pos": 195,
                "part": null,
                "replacement-node": 114,
                "template-line-number": 440
            }
        ],
        "rule-11": [
            {
                "node-pos": 54,
                "part": null,
                "replacement-node": 30,
                "template-line-number": 92
            }
        ],
        "rule-9": [
            {
                "template-line-number": 77,
                "node-pos": 44,
                "part": null,
                "replacement-node": 24,
                "expression-node": 25
            }
        ],
        "rule-18": {
            "subs": [
                {
                    "template-line-number": 295,
                    "name": "RevenueAccountsHeadings2",
                    "node-pos": 138,
                    "part": "1",
                    "replacement-node": 74,
                    "extras": {}
                },
                {
                    "template-line-number": 302,
                    "name": "RevenueAccountsHeadings2",
                    "node-pos": 142,
                    "part": "2",
                    "replacement-node": 77,
                    "extras": {}
                }
            ],
            "name": "RevenueAccountsHeadings2"
        },
        "rule-3": [
            {
                "node-pos": 18,
                "part": null,
                "replacement-node": 6,
                "template-line-number": 33
            }
        ],
        "rule-6": [
            {
                "node-pos": 32,
                "part": null,
                "replacement-node": 15,
                "template-line-number": 62
            }
        ],
        "rule-1": [
            {
                "node-pos": 10,
                "part": null,
                "replacement-node": 0,
                "template-line-number": 22
            }
        ],
        "rule-16": {
            "subs": [
                {
                    "template-line-number": 140,
                    "name": "ListHeadings",
                    "node-pos": 78,
                    "part": "1",
                    "replacement-node": 39,
                    "extras": {}
                },
                {
                    "template-line-number": 149,
                    "name": "ListHeadings",
                    "node-pos": 82,
                    "part": "2",
                    "replacement-node": 42,
                    "extras": {}
                },
                {
                    "template-line-number": 136,
                    "name": "ListHeadings",
                    "node-pos": 76,
                    "part": "3",
                    "replacement-node": 37,
                    "extras": {}
                }
            ],
            "name": "ListHeadings"
        },
        "rule-12": [
            {
                "html": true,
                "node-pos": 59,
                "part": null,
                "replacement-node": 33,
                "template-line-number": 103
            }
        ],
        "rule-10": [
            {
                "template-line-number": 82,
                "node-pos": 48,
                "part": null,
                "replacement-node": 27,
                "expression-node": 28
            }
        ],
        "rule-14": [
            {
                "node-pos": 191,
                "part": null,
                "replacement-node": 111,
                "template-line-number": 430
            }
        ],
        "rule-8": [
            {
                "node-pos": 40,
                "part": null,
                "replacement-node": 21,
                "template-line-number": 72
            }
        ],
        "rule-13": [
            {
                "template-line-number": 425,
                "node-pos": 187,
                "part": null,
                "replacement-node": 108,
                "expression-node": 109
            }
        ]
    },
    "line-numbers": {}
}