{
    "line-numbers": {},
    "substitutions": {
        "rule-20": [
            {
                "expression-node": 56,
                "template-line-number": 217,
                "node-pos": 108,
                "part": null,
                "replacement-node": 55,
                "html": true
            }
        ],
        "rule-24": [
            {
                "expression-node": 68,
                "template-line-number": 261,
                "node-pos": 128,
                "part": null,
                "replacement-node": 67,
                "html": true
            }
        ],
        "rule-13": [
            {
                "template-line-number": 104,
                "html": true,
                "part": null,
                "replacement-node": 34,
                "node-pos": 59
            }
        ],
        "rule-3": [
            {
                "template-line-number": 30,
                "expression-node": 5,
                "part": null,
                "replacement-node": 4,
                "node-pos": 14
            }
        ],
        "rule-6": [
            {
                "template-line-number": 54,
                "html": true,
                "part": null,
                "replacement-node": 13,
                "node-pos": 27
            }
        ],
        "rule-28": [
            {
                "template-line-number": 307,
                "expression-node": 80,
                "part": null,
                "replacement-node": 79,
                "node-pos": 149
            }
        ],
        "rule-12": [
            {
                "template-line-number": 93,
                "part": null,
                "replacement-node": 31,
                "node-pos": 54
            }
        ],
        "rule-5": [
            {
                "template-line-number": 42,
                "html": true,
                "part": null,
                "replacement-node": 10,
                "node-pos": 22
            }
        ],
        "rule-18": [
            {
                "expression-node": 50,
                "template-line-number": 195,
                "node-pos": 98,
                "part": null,
                "replacement-node": 49,
                "html": true
            }
        ],
        "rule-17": [
            {
                "expression-node": 47,
                "template-line-number": 184,
                "node-pos": 93,
                "part": null,
                "replacement-node": 46,
                "html": true
            }
        ],
        "rule-26": [
            {
                "expression-node": 74,
                "template-line-number": 283,
                "node-pos": 138,
                "part": null,
                "replacement-node": 73,
                "html": true
            }
        ],
        "rule-22": [
            {
                "expression-node": 62,
                "template-line-number": 239,
                "node-pos": 118,
                "part": null,
                "replacement-node": 61,
                "html": true
            }
        ],
        "rule-23": [
            {
                "expression-node": 65,
                "template-line-number": 250,
                "node-pos": 123,
                "part": null,
                "replacement-node": 64,
                "html": true
            }
        ],
        "rule-4": [
            {
                "template-line-number": 36,
                "part": null,
                "replacement-node": 7,
                "node-pos": 18
            }
        ],
        "rule-16": [
            {
                "expression-node": 44,
                "template-line-number": 173,
                "node-pos": 88,
                "part": null,
                "replacement-node": 43,
                "html": true
            }
        ],
        "rule-10": [
            {
                "template-line-number": 78,
                "expression-node": 26,
                "part": null,
                "replacement-node": 25,
                "node-pos": 44
            }
        ],
        "rule-19": [
            {
                "expression-node": 53,
                "template-line-number": 206,
                "node-pos": 103,
                "part": null,
                "replacement-node": 52,
                "html": true
            }
        ],
        "rule-27": [
            {
                "expression-node": 77,
                "template-line-number": 294,
                "node-pos": 143,
                "part": null,
                "replacement-node": 76,
                "html": true
            }
        ],
        "rule-7": [
            {
                "template-line-number": 65,
                "part": null,
                "replacement-node": 16,
                "node-pos": 32
            }
        ],
        "rule-11": [
            {
                "template-line-number": 83,
                "expression-node": 29,
                "part": null,
                "replacement-node": 28,
                "node-pos": 48
            }
        ],
        "rule-8": [
            {
                "template-line-number": 69,
                "expression-node": 20,
                "part": null,
                "replacement-node": 19,
                "node-pos": 36
            }
        ],
        "rule-29": [
            {
                "template-line-number": 312,
                "part": null,
                "replacement-node": 82,
                "node-pos": 153
            }
        ],
        "rule-21": [
            {
                "expression-node": 59,
                "template-line-number": 228,
                "node-pos": 113,
                "part": null,
                "replacement-node": 58,
                "html": true
            }
        ],
        "rule-25": [
            {
                "expression-node": 71,
                "template-line-number": 272,
                "node-pos": 133,
                "part": null,
                "replacement-node": 70,
                "html": true
            }
        ],
        "rule-2": [
            {
                "template-line-number": 26,
                "part": null,
                "replacement-node": 1,
                "node-pos": 10
            }
        ],
        "rule-9": [
            {
                "template-line-number": 74,
                "part": null,
                "replacement-node": 22,
                "node-pos": 40
            }
        ],
        "rule-30": [
            {
                "template-line-number": 321,
                "part": null,
                "replacement-node": 85,
                "node-pos": 157
            }
        ],
        "rule-15": [
            {
                "expression-node": 41,
                "template-line-number": 162,
                "node-pos": 83,
                "part": null,
                "replacement-node": 40,
                "html": true
            }
        ],
        "rule-14": [
            {
                "expression-node": 38,
                "template-line-number": 151,
                "node-pos": 78,
                "part": null,
                "replacement-node": 37,
                "html": true
            }
        ]
    },
    "showifs": {
        "rule-1": {
            "type": "showif",
            "template-line-number": 16
        }
    }
}