{
    "substitutions": {
        "rule-5": [
            {
                "part": null,
                "replacement-node": 12,
                "html": true,
                "template-line-number": 51,
                "node-pos": 27
            }
        ],
        "rule-3": [
            {
                "part": null,
                "replacement-node": 6,
                "template-line-number": 33,
                "node-pos": 18
            }
        ],
        "rule-14": [
            {
                "part": null,
                "replacement-node": 67,
                "template-line-number": 359,
                "node-pos": 115
            }
        ],
        "rule-15": [
            {
                "part": null,
                "replacement-node": 70,
                "template-line-number": 368,
                "node-pos": 119
            }
        ],
        "rule-17": {
            "name": "ISHeadings",
            "subs": [
                {
                    "part": "1",
                    "name": "ISHeadings",
                    "node-pos": 73,
                    "extras": {},
                    "replacement-node": 37,
                    "template-line-number": 131
                },
                {
                    "part": "2",
                    "name": "ISHeadings",
                    "node-pos": 77,
                    "extras": {},
                    "replacement-node": 40,
                    "template-line-number": 138
                }
            ]
        },
        "rule-7": [
            {
                "part": null,
                "replacement-node": 18,
                "node-pos": 36,
                "expression-node": 19,
                "template-line-number": 67
            }
        ],
        "rule-4": [
            {
                "part": null,
                "replacement-node": 9,
                "html": true,
                "template-line-number": 39,
                "node-pos": 22
            }
        ],
        "rule-6": [
            {
                "part": null,
                "replacement-node": 15,
                "template-line-number": 62,
                "node-pos": 32
            }
        ],
        "rule-12": [
            {
                "part": null,
                "replacement-node": 33,
                "html": true,
                "template-line-number": 103,
                "node-pos": 60
            }
        ],
        "rule-10": [
            {
                "part": null,
                "replacement-node": 27,
                "node-pos": 49,
                "expression-node": 28,
                "template-line-number": 82
            }
        ],
        "rule-9": [
            {
                "part": null,
                "replacement-node": 24,
                "node-pos": 45,
                "expression-node": 25,
                "template-line-number": 77
            }
        ],
        "rule-8": [
            {
                "part": null,
                "replacement-node": 21,
                "template-line-number": 72,
                "node-pos": 40
            }
        ],
        "rule-11": [
            {
                "part": null,
                "replacement-node": 30,
                "template-line-number": 92,
                "node-pos": 55
            }
        ],
        "rule-1": [
            {
                "part": null,
                "replacement-node": 0,
                "template-line-number": 22,
                "node-pos": 10
            }
        ],
        "rule-13": [
            {
                "part": null,
                "replacement-node": 64,
                "node-pos": 111,
                "expression-node": 65,
                "template-line-number": 354
            }
        ],
        "rule-16": {
            "name": "CFLineItems",
            "subs": [
                {
                    "part": "1",
                    "name": "CFLineItems",
                    "node-pos": 83,
                    "extras": {},
                    "replacement-node": 44,
                    "template-line-number": 305
                },
                {
                    "expression-node": 50,
                    "part": "2",
                    "name": "CFLineItems",
                    "replacement-node": 49,
                    "template-line-number": 316,
                    "node-pos": 91
                },
                {
                    "expression-node": 55,
                    "part": "4",
                    "name": "CFLineItems",
                    "replacement-node": 54,
                    "template-line-number": 328,
                    "node-pos": 97
                },
                {
                    "expression-node": 60,
                    "part": "5",
                    "name": "CFLineItems",
                    "replacement-node": 59,
                    "template-line-number": 338,
                    "node-pos": 103
                },
                {
                    "part": "6",
                    "name": "CFLineItems",
                    "node-pos": 89,
                    "extras": {},
                    "replacement-node": 47,
                    "template-line-number": 312
                }
            ]
        },
        "rule-2": [
            {
                "part": null,
                "replacement-node": 3,
                "node-pos": 14,
                "expression-node": 4,
                "template-line-number": 27
            }
        ]
    },
    "line-numbers": {},
    "showifs": {}
}