{
    "showifs": {},
    "substitutions": {
        "rule-7": [
            {
                "part": null,
                "expression-node": 19,
                "node-pos": 36,
                "template-line-number": 67,
                "replacement-node": 18
            }
        ],
        "rule-14": [
            {
                "part": null,
                "node-pos": 115,
                "template-line-number": 362,
                "replacement-node": 67
            }
        ],
        "rule-1": [
            {
                "part": null,
                "node-pos": 10,
                "template-line-number": 22,
                "replacement-node": 0
            }
        ],
        "rule-9": [
            {
                "part": null,
                "expression-node": 25,
                "node-pos": 45,
                "template-line-number": 77,
                "replacement-node": 24
            }
        ],
        "rule-16": {
            "name": "ISHeadings",
            "subs": [
                {
                    "part": "1",
                    "node-pos": 73,
                    "template-line-number": 131,
                    "name": "ISHeadings",
                    "replacement-node": 37,
                    "extras": {}
                },
                {
                    "part": "2",
                    "node-pos": 77,
                    "template-line-number": 138,
                    "name": "ISHeadings",
                    "replacement-node": 40,
                    "extras": {}
                }
            ]
        },
        "rule-2": [
            {
                "part": null,
                "expression-node": 4,
                "node-pos": 14,
                "template-line-number": 27,
                "replacement-node": 3
            }
        ],
        "rule-6": [
            {
                "part": null,
                "node-pos": 32,
                "template-line-number": 62,
                "replacement-node": 15
            }
        ],
        "rule-8": [
            {
                "part": null,
                "node-pos": 40,
                "template-line-number": 72,
                "replacement-node": 21
            }
        ],
        "rule-4": [
            {
                "part": null,
                "html": true,
                "node-pos": 22,
                "template-line-number": 39,
                "replacement-node": 9
            }
        ],
        "rule-15": [
            {
                "part": null,
                "node-pos": 119,
                "template-line-number": 371,
                "replacement-node": 70
            }
        ],
        "rule-17": {
            "name": "CFLineItems",
            "subs": [
                {
                    "part": "1",
                    "node-pos": 83,
                    "template-line-number": 308,
                    "name": "CFLineItems",
                    "replacement-node": 44,
                    "extras": {}
                },
                {
                    "part": "2",
                    "node-pos": 91,
                    "template-line-number": 319,
                    "name": "CFLineItems",
                    "replacement-node": 49,
                    "expression-node": 50
                },
                {
                    "part": "4",
                    "node-pos": 97,
                    "template-line-number": 331,
                    "name": "CFLineItems",
                    "replacement-node": 54,
                    "expression-node": 55
                },
                {
                    "part": "5",
                    "node-pos": 103,
                    "template-line-number": 341,
                    "name": "CFLineItems",
                    "replacement-node": 59,
                    "expression-node": 60
                },
                {
                    "part": "6",
                    "node-pos": 89,
                    "template-line-number": 315,
                    "name": "CFLineItems",
                    "replacement-node": 47,
                    "extras": {}
                }
            ]
        },
        "rule-5": [
            {
                "part": null,
                "html": true,
                "node-pos": 27,
                "template-line-number": 51,
                "replacement-node": 12
            }
        ],
        "rule-10": [
            {
                "part": null,
                "expression-node": 28,
                "node-pos": 49,
                "template-line-number": 82,
                "replacement-node": 27
            }
        ],
        "rule-13": [
            {
                "part": null,
                "expression-node": 65,
                "node-pos": 111,
                "template-line-number": 357,
                "replacement-node": 64
            }
        ],
        "rule-3": [
            {
                "part": null,
                "node-pos": 18,
                "template-line-number": 33,
                "replacement-node": 6
            }
        ],
        "rule-11": [
            {
                "part": null,
                "node-pos": 55,
                "template-line-number": 92,
                "replacement-node": 30
            }
        ],
        "rule-12": [
            {
                "part": null,
                "html": true,
                "node-pos": 60,
                "template-line-number": 103,
                "replacement-node": 33
            }
        ]
    },
    "line-numbers": {}
}