{
    "line-numbers": {},
    "substitutions": {
        "rule-10": [
            {
                "expression-node": 28,
                "node-pos": 47,
                "part": null,
                "template-line-number": 80,
                "replacement-node": 27
            }
        ],
        "rule-13": [
            {
                "expression-node": 64,
                "node-pos": 106,
                "part": null,
                "template-line-number": 327,
                "replacement-node": 63
            }
        ],
        "rule-8": [
            {
                "node-pos": 39,
                "part": null,
                "template-line-number": 71,
                "replacement-node": 21
            }
        ],
        "rule-9": [
            {
                "expression-node": 25,
                "node-pos": 43,
                "part": null,
                "template-line-number": 75,
                "replacement-node": 24
            }
        ],
        "rule-3": [
            {
                "node-pos": 17,
                "part": null,
                "template-line-number": 33,
                "replacement-node": 6
            }
        ],
        "rule-17": {
            "name": "DistributionHeadings",
            "subs": [
                {
                    "name": "DistributionHeadings",
                    "extras": {},
                    "node-pos": 68,
                    "part": "1",
                    "template-line-number": 130,
                    "replacement-node": 37
                },
                {
                    "name": "DistributionHeadings",
                    "extras": {},
                    "node-pos": 72,
                    "part": "2",
                    "template-line-number": 137,
                    "replacement-node": 40
                }
            ]
        },
        "rule-2": [
            {
                "expression-node": 4,
                "node-pos": 13,
                "part": null,
                "template-line-number": 27,
                "replacement-node": 3
            }
        ],
        "rule-7": [
            {
                "expression-node": 19,
                "node-pos": 35,
                "part": null,
                "template-line-number": 66,
                "replacement-node": 18
            }
        ],
        "rule-1": [
            {
                "node-pos": 9,
                "part": null,
                "template-line-number": 22,
                "replacement-node": 0
            }
        ],
        "rule-12": [
            {
                "node-pos": 58,
                "part": null,
                "template-line-number": 101,
                "html": true,
                "replacement-node": 33
            }
        ],
        "rule-14": [
            {
                "node-pos": 110,
                "part": null,
                "template-line-number": 334,
                "replacement-node": 66
            }
        ],
        "rule-6": [
            {
                "node-pos": 31,
                "part": null,
                "template-line-number": 62,
                "replacement-node": 15
            }
        ],
        "rule-4": [
            {
                "node-pos": 21,
                "part": null,
                "template-line-number": 39,
                "html": true,
                "replacement-node": 9
            }
        ],
        "rule-15": [
            {
                "node-pos": 114,
                "part": null,
                "template-line-number": 344,
                "replacement-node": 69
            }
        ],
        "rule-11": [
            {
                "node-pos": 53,
                "part": null,
                "template-line-number": 90,
                "replacement-node": 30
            }
        ],
        "rule-16": {
            "name": "DistributionLineItems",
            "subs": [
                {
                    "name": "DistributionLineItems",
                    "extras": {},
                    "node-pos": 78,
                    "part": "1",
                    "template-line-number": 280,
                    "replacement-node": 44
                },
                {
                    "name": "DistributionLineItems",
                    "expression-node": 50,
                    "node-pos": 86,
                    "part": "2",
                    "template-line-number": 291,
                    "replacement-node": 49
                },
                {
                    "name": "DistributionLineItems",
                    "expression-node": 61,
                    "node-pos": 100,
                    "part": "4",
                    "template-line-number": 316,
                    "replacement-node": 60
                },
                {
                    "name": "DistributionLineItems",
                    "expression-node": 55,
                    "node-pos": 92,
                    "part": "5",
                    "template-line-number": 301,
                    "replacement-node": 54
                },
                {
                    "name": "DistributionLineItems",
                    "extras": {},
                    "node-pos": 84,
                    "part": "6",
                    "template-line-number": 287,
                    "replacement-node": 47
                },
                {
                    "name": "DistributionLineItems",
                    "expression-node": 58,
                    "node-pos": 96,
                    "part": "6",
                    "template-line-number": 308,
                    "replacement-node": 57
                }
            ]
        },
        "rule-5": [
            {
                "node-pos": 26,
                "part": null,
                "template-line-number": 51,
                "html": true,
                "replacement-node": 12
            }
        ]
    },
    "showifs": {}
}