{
    "showifs": {},
    "substitutions": {
        "rule-7": [
            {
                "node-pos": 35,
                "template-line-number": 66,
                "part": null,
                "expression-node": 19,
                "replacement-node": 18
            }
        ],
        "rule-5": [
            {
                "html": true,
                "template-line-number": 51,
                "part": null,
                "node-pos": 26,
                "replacement-node": 12
            }
        ],
        "rule-17": {
            "subs": [
                {
                    "extras": {},
                    "part": "1",
                    "node-pos": 68,
                    "template-line-number": 130,
                    "name": "DistributionHeadings",
                    "replacement-node": 37
                },
                {
                    "extras": {},
                    "part": "2",
                    "node-pos": 72,
                    "template-line-number": 137,
                    "name": "DistributionHeadings",
                    "replacement-node": 40
                }
            ],
            "name": "DistributionHeadings"
        },
        "rule-16": {
            "subs": [
                {
                    "extras": {},
                    "part": "1",
                    "node-pos": 78,
                    "template-line-number": 277,
                    "name": "DistributionLineItems",
                    "replacement-node": 44
                },
                {
                    "part": "2",
                    "node-pos": 86,
                    "name": "DistributionLineItems",
                    "template-line-number": 288,
                    "expression-node": 50,
                    "replacement-node": 49
                },
                {
                    "part": "4",
                    "node-pos": 100,
                    "name": "DistributionLineItems",
                    "template-line-number": 313,
                    "expression-node": 61,
                    "replacement-node": 60
                },
                {
                    "part": "5",
                    "node-pos": 92,
                    "name": "DistributionLineItems",
                    "template-line-number": 298,
                    "expression-node": 55,
                    "replacement-node": 54
                },
                {
                    "extras": {},
                    "part": "6",
                    "node-pos": 84,
                    "template-line-number": 284,
                    "name": "DistributionLineItems",
                    "replacement-node": 47
                },
                {
                    "part": "6",
                    "node-pos": 96,
                    "name": "DistributionLineItems",
                    "template-line-number": 305,
                    "expression-node": 58,
                    "replacement-node": 57
                }
            ],
            "name": "DistributionLineItems"
        },
        "rule-2": [
            {
                "node-pos": 13,
                "template-line-number": 27,
                "part": null,
                "expression-node": 4,
                "replacement-node": 3
            }
        ],
        "rule-4": [
            {
                "html": true,
                "template-line-number": 39,
                "part": null,
                "node-pos": 21,
                "replacement-node": 9
            }
        ],
        "rule-14": [
            {
                "template-line-number": 331,
                "part": null,
                "node-pos": 110,
                "replacement-node": 66
            }
        ],
        "rule-1": [
            {
                "template-line-number": 22,
                "part": null,
                "node-pos": 9,
                "replacement-node": 0
            }
        ],
        "rule-13": [
            {
                "node-pos": 106,
                "template-line-number": 324,
                "part": null,
                "expression-node": 64,
                "replacement-node": 63
            }
        ],
        "rule-11": [
            {
                "template-line-number": 90,
                "part": null,
                "node-pos": 53,
                "replacement-node": 30
            }
        ],
        "rule-3": [
            {
                "template-line-number": 33,
                "part": null,
                "node-pos": 17,
                "replacement-node": 6
            }
        ],
        "rule-15": [
            {
                "template-line-number": 341,
                "part": null,
                "node-pos": 114,
                "replacement-node": 69
            }
        ],
        "rule-12": [
            {
                "html": true,
                "template-line-number": 101,
                "part": null,
                "node-pos": 58,
                "replacement-node": 33
            }
        ],
        "rule-8": [
            {
                "template-line-number": 71,
                "part": null,
                "node-pos": 39,
                "replacement-node": 21
            }
        ],
        "rule-6": [
            {
                "template-line-number": 62,
                "part": null,
                "node-pos": 31,
                "replacement-node": 15
            }
        ],
        "rule-9": [
            {
                "node-pos": 43,
                "template-line-number": 75,
                "part": null,
                "expression-node": 25,
                "replacement-node": 24
            }
        ],
        "rule-10": [
            {
                "node-pos": 47,
                "template-line-number": 80,
                "part": null,
                "expression-node": 28,
                "replacement-node": 27
            }
        ]
    },
    "line-numbers": {}
}