{
    "substitutions": {
        "rule-6": [
            {
                "template-line-number": 75,
                "part": null,
                "node-pos": 31,
                "replacement-node": 15
            }
        ],
        "rule-9": [
            {
                "template-line-number": 96,
                "part": null,
                "node-pos": 43,
                "replacement-node": 24,
                "expression-node": 25
            }
        ],
        "rule-10": [
            {
                "template-line-number": 102,
                "part": null,
                "node-pos": 47,
                "replacement-node": 27,
                "expression-node": 28
            }
        ],
        "rule-1": [
            {
                "template-line-number": 19,
                "part": null,
                "node-pos": 9,
                "replacement-node": 0
            }
        ],
        "rule-15": [
            {
                "template-line-number": 353,
                "part": null,
                "node-pos": 129,
                "replacement-node": 75
            }
        ],
        "rule-17": {
            "subs": [
                {
                    "node-pos": 73,
                    "name": "HGPSHeadings",
                    "replacement-node": 37,
                    "template-line-number": 169,
                    "part": "1",
                    "expression-node": 38
                }
            ],
            "name": "HGPSHeadings"
        },
        "rule-3": [
            {
                "template-line-number": 33,
                "part": null,
                "node-pos": 17,
                "replacement-node": 6
            }
        ],
        "rule-13": [
            {
                "template-line-number": 336,
                "part": null,
                "node-pos": 121,
                "replacement-node": 69,
                "expression-node": 70
            }
        ],
        "rule-5": [
            {
                "template-line-number": 57,
                "part": null,
                "html": true,
                "node-pos": 26,
                "replacement-node": 12
            }
        ],
        "rule-12": [
            {
                "template-line-number": 124,
                "part": null,
                "html": true,
                "node-pos": 58,
                "replacement-node": 33
            }
        ],
        "rule-4": [
            {
                "template-line-number": 41,
                "part": null,
                "html": true,
                "node-pos": 21,
                "replacement-node": 9
            }
        ],
        "rule-18": {
            "subs": [
                {
                    "node-pos": 83,
                    "name": "HydroelectricPlant",
                    "replacement-node": 42,
                    "extras": {},
                    "template-line-number": 219,
                    "part": "1"
                },
                {
                    "node-pos": 85,
                    "name": "HydroelectricPlant",
                    "replacement-node": 44,
                    "extras": {},
                    "template-line-number": 223,
                    "part": "2"
                },
                {
                    "subs": [
                        {
                            "node-pos": 91,
                            "name": "plant",
                            "replacement-node": 49,
                            "template-line-number": 235,
                            "part": "3",
                            "expression-node": 50
                        }
                    ],
                    "name": "plant"
                }
            ],
            "name": "HydroelectricPlant"
        },
        "rule-7": [
            {
                "template-line-number": 82,
                "part": null,
                "node-pos": 35,
                "replacement-node": 18,
                "expression-node": 19
            }
        ],
        "rule-2": [
            {
                "template-line-number": 26,
                "part": null,
                "node-pos": 13,
                "replacement-node": 3,
                "expression-node": 4
            }
        ],
        "rule-11": [
            {
                "template-line-number": 113,
                "part": null,
                "node-pos": 53,
                "replacement-node": 30
            }
        ],
        "rule-8": [
            {
                "template-line-number": 89,
                "part": null,
                "node-pos": 39,
                "replacement-node": 21
            }
        ],
        "rule-16": {
            "subs": [
                {
                    "node-pos": 104,
                    "name": "SteamPlant2",
                    "replacement-node": 56,
                    "extras": {},
                    "template-line-number": 304,
                    "part": "1"
                },
                {
                    "node-pos": 106,
                    "name": "SteamPlant2",
                    "replacement-node": 58,
                    "extras": {},
                    "template-line-number": 308,
                    "part": "2"
                },
                {
                    "subs": [
                        {
                            "node-pos": 113,
                            "name": "plant2",
                            "replacement-node": 64,
                            "template-line-number": 321,
                            "part": "3",
                            "expression-node": 65
                        }
                    ],
                    "name": "plant2"
                }
            ],
            "name": "SteamPlant2"
        },
        "rule-14": [
            {
                "template-line-number": 343,
                "part": null,
                "node-pos": 125,
                "replacement-node": 72
            }
        ]
    },
    "line-numbers": {
        "SteamPlant2": [
            {
                "template-line-number": 298,
                "line-number-node": 54,
                "start-number": 35
            }
        ],
        "HydroelectricPlant": [
            {
                "template-line-number": 213,
                "line-number-node": 41,
                "start-number": 1
            }
        ]
    },
    "showifs": {}
}