{
    "showifs": {},
    "line-numbers": {},
    "substitutions": {
        "rule-15": {
            "name": "GSLineItems",
            "subs": [
                {
                    "part": "1",
                    "name": "GSLineItems",
                    "template-line-number": 155,
                    "node-pos": 71,
                    "extras": {},
                    "replacement-node": 41
                },
                {
                    "part": "2",
                    "name": "GSLineItems",
                    "template-line-number": 166,
                    "node-pos": 79,
                    "extras": {},
                    "replacement-node": 46
                },
                {
                    "part": "4",
                    "name": "GSLineItems",
                    "template-line-number": 176,
                    "expression-node": 52,
                    "node-pos": 85,
                    "replacement-node": 51
                },
                {
                    "part": "5",
                    "name": "GSLineItems",
                    "template-line-number": 182,
                    "expression-node": 55,
                    "node-pos": 89,
                    "replacement-node": 54
                },
                {
                    "part": "6",
                    "name": "GSLineItems",
                    "template-line-number": 162,
                    "node-pos": 77,
                    "extras": {},
                    "replacement-node": 44
                }
            ]
        },
        "rule-16": {
            "name": "GSHeadings",
            "subs": [
                {
                    "part": "1",
                    "name": "GSHeadings",
                    "template-line-number": 112,
                    "node-pos": 61,
                    "extras": {},
                    "replacement-node": 34
                },
                {
                    "part": "2",
                    "name": "GSHeadings",
                    "template-line-number": 119,
                    "node-pos": 65,
                    "extras": {},
                    "replacement-node": 37
                }
            ]
        },
        "rule-3": [
            {
                "part": null,
                "template-line-number": 32,
                "node-pos": 17,
                "replacement-node": 6
            }
        ],
        "rule-2": [
            {
                "part": null,
                "expression-node": 4,
                "template-line-number": 26,
                "node-pos": 13,
                "replacement-node": 3
            }
        ],
        "rule-4": [
            {
                "part": null,
                "template-line-number": 38,
                "node-pos": 21,
                "html": true,
                "replacement-node": 9
            }
        ],
        "rule-10": [
            {
                "part": null,
                "expression-node": 28,
                "template-line-number": 79,
                "node-pos": 47,
                "replacement-node": 27
            }
        ],
        "rule-14": [
            {
                "part": null,
                "template-line-number": 207,
                "node-pos": 103,
                "replacement-node": 63
            }
        ],
        "rule-1": [
            {
                "part": null,
                "template-line-number": 21,
                "node-pos": 9,
                "replacement-node": 0
            }
        ],
        "rule-5": [
            {
                "part": null,
                "template-line-number": 50,
                "node-pos": 26,
                "html": true,
                "replacement-node": 12
            }
        ],
        "rule-6": [
            {
                "part": null,
                "template-line-number": 61,
                "node-pos": 31,
                "replacement-node": 15
            }
        ],
        "rule-11": [
            {
                "part": null,
                "template-line-number": 89,
                "node-pos": 53,
                "replacement-node": 30
            }
        ],
        "rule-7": [
            {
                "part": null,
                "expression-node": 19,
                "template-line-number": 65,
                "node-pos": 35,
                "replacement-node": 18
            }
        ],
        "rule-8": [
            {
                "part": null,
                "template-line-number": 70,
                "node-pos": 39,
                "replacement-node": 21
            }
        ],
        "rule-13": [
            {
                "part": null,
                "template-line-number": 198,
                "node-pos": 99,
                "replacement-node": 60
            }
        ],
        "rule-9": [
            {
                "part": null,
                "expression-node": 25,
                "template-line-number": 74,
                "node-pos": 43,
                "replacement-node": 24
            }
        ],
        "rule-12": [
            {
                "part": null,
                "expression-node": 58,
                "template-line-number": 193,
                "node-pos": 95,
                "replacement-node": 57
            }
        ]
    }
}