{
    "showifs": {
        "rule-1": {
            "type": "showif",
            "template-line-number": 17
        }
    },
    "line-numbers": {
        "TransportedLineItems3": [
            {
                "line-number-node": 248,
                "start-number": 25,
                "sub-number": true,
                "template-line-number": 1041
            }
        ],
        "OtherOperationalLineItems3": [
            {
                "line-number-node": 356,
                "start-number": 36,
                "sub-number": true,
                "template-line-number": 1487
            }
        ],
        "WithdrawnLineItems3": [
            {
                "line-number-node": 302,
                "start-number": 31,
                "sub-number": true,
                "template-line-number": 1264
            }
        ],
        "TransportedLineItems": [
            {
                "line-number-node": 80,
                "start-number": 6,
                "sub-number": true,
                "template-line-number": 343
            }
        ],
        "WithdrawnLineItems": [
            {
                "line-number-node": 134,
                "start-number": 12,
                "sub-number": true,
                "template-line-number": 567
            }
        ],
        "OtherOperationalLineItems": [
            {
                "line-number-node": 188,
                "start-number": 17,
                "sub-number": true,
                "template-line-number": 792
            }
        ]
    },
    "substitutions": {
        "rule-22": [
            {
                "part": null,
                "replacement-node": 104,
                "expression-node": 105,
                "template-line-number": 401,
                "node-pos": 185
            }
        ],
        "rule-46": [
            {
                "part": null,
                "replacement-node": 320,
                "expression-node": 321,
                "template-line-number": 1304,
                "node-pos": 546
            }
        ],
        "rule-24": [
            {
                "part": null,
                "replacement-node": 130,
                "template-line-number": 508,
                "node-pos": 229
            }
        ],
        "rule-8": [
            {
                "part": null,
                "replacement-node": 19,
                "expression-node": 20,
                "template-line-number": 70,
                "node-pos": 36
            }
        ],
        "rule-29": [
            {
                "part": null,
                "replacement-node": 161,
                "template-line-number": 640,
                "node-pos": 280
            }
        ],
        "rule-40": [
            {
                "part": null,
                "replacement-node": 266,
                "expression-node": 267,
                "template-line-number": 1081,
                "node-pos": 457
            }
        ],
        "rule-21": [
            {
                "part": null,
                "replacement-node": 101,
                "expression-node": 102,
                "template-line-number": 392,
                "node-pos": 181
            }
        ],
        "rule-16": [
            {
                "part": null,
                "replacement-node": 50,
                "expression-node": 51,
                "template-line-number": 177,
                "node-pos": 93
            }
        ],
        "rule-60": {
            "subs": [
                {
                    "template-line-number": 1267,
                    "name": "WithdrawnLineItems3",
                    "part": "2",
                    "replacement-node": 305,
                    "expression-node": 306,
                    "node-pos": 523
                },
                {
                    "template-line-number": 1272,
                    "name": "WithdrawnLineItems3",
                    "part": "3",
                    "replacement-node": 308,
                    "expression-node": 309,
                    "node-pos": 527
                },
                {
                    "template-line-number": 1277,
                    "name": "WithdrawnLineItems3",
                    "part": "4",
                    "replacement-node": 311,
                    "expression-node": 312,
                    "node-pos": 531
                },
                {
                    "template-line-number": 1282,
                    "name": "WithdrawnLineItems3",
                    "part": "5",
                    "replacement-node": 314,
                    "expression-node": 315,
                    "node-pos": 535
                }
            ],
            "name": "WithdrawnLineItems3"
        },
        "rule-3": [
            {
                "part": null,
                "replacement-node": 4,
                "expression-node": 5,
                "template-line-number": 31,
                "node-pos": 14
            }
        ],
        "rule-52": [
            {
                "part": null,
                "replacement-node": 374,
                "expression-node": 375,
                "template-line-number": 1527,
                "node-pos": 635
            }
        ],
        "rule-67": {
            "subs": [
                {
                    "template-line-number": 690,
                    "name": "OperationalLineItems",
                    "part": "1",
                    "replacement-node": 165,
                    "extras": {},
                    "node-pos": 290
                },
                {
                    "template-line-number": 701,
                    "name": "OperationalLineItems",
                    "part": "2",
                    "replacement-node": 170,
                    "expression-node": 171,
                    "node-pos": 298
                },
                {
                    "template-line-number": 711,
                    "name": "OperationalLineItems",
                    "part": "4",
                    "replacement-node": 175,
                    "expression-node": 176,
                    "node-pos": 304
                },
                {
                    "template-line-number": 717,
                    "name": "OperationalLineItems",
                    "part": "5",
                    "replacement-node": 178,
                    "expression-node": 179,
                    "node-pos": 308
                },
                {
                    "template-line-number": 697,
                    "name": "OperationalLineItems",
                    "part": "6",
                    "replacement-node": 168,
                    "extras": {},
                    "node-pos": 296
                },
                {
                    "template-line-number": 723,
                    "name": "OperationalLineItems",
                    "part": "6",
                    "replacement-node": 181,
                    "expression-node": 182,
                    "node-pos": 312
                }
            ],
            "name": "OperationalLineItems"
        },
        "rule-50": [
            {
                "part": null,
                "replacement-node": 352,
                "template-line-number": 1426,
                "node-pos": 598
            }
        ],
        "rule-9": [
            {
                "part": null,
                "replacement-node": 22,
                "template-line-number": 75,
                "node-pos": 40
            }
        ],
        "rule-2": [
            {
                "part": null,
                "replacement-node": 1,
                "template-line-number": 27,
                "node-pos": 10
            }
        ],
        "rule-44": [
            {
                "part": null,
                "replacement-node": 298,
                "template-line-number": 1205,
                "node-pos": 509
            }
        ],
        "rule-14": [
            {
                "part": null,
                "replacement-node": 44,
                "template-line-number": 149,
                "node-pos": 79
            }
        ],
        "rule-54": [
            {
                "part": null,
                "replacement-node": 380,
                "expression-node": 381,
                "template-line-number": 1545,
                "node-pos": 643
            }
        ],
        "rule-19": [
            {
                "part": null,
                "replacement-node": 95,
                "template-line-number": 371,
                "node-pos": 172
            }
        ],
        "rule-42": [
            {
                "part": null,
                "replacement-node": 272,
                "expression-node": 273,
                "template-line-number": 1099,
                "node-pos": 465
            }
        ],
        "rule-36": [
            {
                "part": null,
                "replacement-node": 218,
                "template-line-number": 883,
                "node-pos": 379
            }
        ],
        "rule-39": [
            {
                "part": null,
                "replacement-node": 263,
                "template-line-number": 1069,
                "node-pos": 452
            }
        ],
        "rule-53": [
            {
                "part": null,
                "replacement-node": 377,
                "expression-node": 378,
                "template-line-number": 1536,
                "node-pos": 639
            }
        ],
        "rule-70": {
            "subs": [
                {
                    "template-line-number": 1385,
                    "name": "OperationalLineItems3",
                    "part": "1",
                    "replacement-node": 333,
                    "extras": {},
                    "node-pos": 570
                },
                {
                    "template-line-number": 1396,
                    "name": "OperationalLineItems3",
                    "part": "2",
                    "replacement-node": 338,
                    "expression-node": 339,
                    "node-pos": 578
                },
                {
                    "template-line-number": 1405,
                    "name": "OperationalLineItems3",
                    "part": "4",
                    "replacement-node": 343,
                    "expression-node": 344,
                    "node-pos": 584
                },
                {
                    "template-line-number": 1411,
                    "name": "OperationalLineItems3",
                    "part": "5",
                    "replacement-node": 346,
                    "expression-node": 347,
                    "node-pos": 588
                },
                {
                    "template-line-number": 1392,
                    "name": "OperationalLineItems3",
                    "part": "6",
                    "replacement-node": 336,
                    "extras": {},
                    "node-pos": 576
                },
                {
                    "template-line-number": 1417,
                    "name": "OperationalLineItems3",
                    "part": "6",
                    "replacement-node": 349,
                    "expression-node": 350,
                    "node-pos": 592
                }
            ],
            "name": "OperationalLineItems3"
        },
        "rule-37": [
            {
                "part": null,
                "replacement-node": 221,
                "expression-node": 222,
                "template-line-number": 893,
                "node-pos": 383
            }
        ],
        "rule-33": [
            {
                "part": null,
                "replacement-node": 209,
                "expression-node": 210,
                "template-line-number": 841,
                "node-pos": 359
            }
        ],
        "rule-66": {
            "subs": [
                {
                    "template-line-number": 346,
                    "name": "TransportedLineItems",
                    "part": "2",
                    "replacement-node": 83,
                    "expression-node": 84,
                    "node-pos": 154
                },
                {
                    "template-line-number": 351,
                    "name": "TransportedLineItems",
                    "part": "3",
                    "replacement-node": 86,
                    "expression-node": 87,
                    "node-pos": 158
                },
                {
                    "template-line-number": 356,
                    "name": "TransportedLineItems",
                    "part": "4",
                    "replacement-node": 89,
                    "expression-node": 90,
                    "node-pos": 162
                },
                {
                    "template-line-number": 361,
                    "name": "TransportedLineItems",
                    "part": "5",
                    "replacement-node": 92,
                    "expression-node": 93,
                    "node-pos": 166
                }
            ],
            "name": "TransportedLineItems"
        },
        "rule-55": [
            {
                "part": null,
                "replacement-node": 383,
                "expression-node": 384,
                "template-line-number": 1558,
                "node-pos": 649
            }
        ],
        "rule-48": [
            {
                "part": null,
                "replacement-node": 326,
                "expression-node": 327,
                "template-line-number": 1322,
                "node-pos": 554
            }
        ],
        "rule-27": [
            {
                "part": null,
                "replacement-node": 155,
                "expression-node": 156,
                "template-line-number": 616,
                "node-pos": 270
            }
        ],
        "rule-58": {
            "subs": [
                {
                    "template-line-number": 1044,
                    "name": "TransportedLineItems3",
                    "part": "2",
                    "replacement-node": 251,
                    "expression-node": 252,
                    "node-pos": 434
                },
                {
                    "template-line-number": 1049,
                    "name": "TransportedLineItems3",
                    "part": "3",
                    "replacement-node": 254,
                    "expression-node": 255,
                    "node-pos": 438
                },
                {
                    "template-line-number": 1054,
                    "name": "TransportedLineItems3",
                    "part": "4",
                    "replacement-node": 257,
                    "expression-node": 258,
                    "node-pos": 442
                },
                {
                    "template-line-number": 1059,
                    "name": "TransportedLineItems3",
                    "part": "5",
                    "replacement-node": 260,
                    "expression-node": 261,
                    "node-pos": 446
                }
            ],
            "name": "TransportedLineItems3"
        },
        "rule-11": [
            {
                "part": null,
                "replacement-node": 28,
                "expression-node": 29,
                "template-line-number": 84,
                "node-pos": 48
            }
        ],
        "rule-30": [
            {
                "part": null,
                "replacement-node": 184,
                "template-line-number": 732,
                "node-pos": 318
            }
        ],
        "rule-51": [
            {
                "part": null,
                "replacement-node": 371,
                "template-line-number": 1515,
                "node-pos": 630
            }
        ],
        "rule-4": [
            {
                "part": null,
                "replacement-node": 7,
                "template-line-number": 37,
                "node-pos": 18
            }
        ],
        "rule-62": {
            "subs": [
                {
                    "template-line-number": 570,
                    "name": "WithdrawnLineItems",
                    "part": "2",
                    "replacement-node": 137,
                    "expression-node": 138,
                    "node-pos": 243
                },
                {
                    "template-line-number": 575,
                    "name": "WithdrawnLineItems",
                    "part": "3",
                    "replacement-node": 140,
                    "expression-node": 141,
                    "node-pos": 247
                },
                {
                    "template-line-number": 580,
                    "name": "WithdrawnLineItems",
                    "part": "4",
                    "replacement-node": 143,
                    "expression-node": 144,
                    "node-pos": 251
                },
                {
                    "template-line-number": 585,
                    "name": "WithdrawnLineItems",
                    "part": "5",
                    "replacement-node": 146,
                    "expression-node": 147,
                    "node-pos": 255
                }
            ],
            "name": "WithdrawnLineItems"
        },
        "rule-57": [
            {
                "part": null,
                "replacement-node": 389,
                "template-line-number": 1572,
                "node-pos": 657
            }
        ],
        "rule-5": [
            {
                "html": true,
                "part": null,
                "replacement-node": 10,
                "template-line-number": 43,
                "node-pos": 22
            }
        ],
        "rule-38": [
            {
                "part": null,
                "replacement-node": 244,
                "template-line-number": 982,
                "node-pos": 420
            }
        ],
        "rule-32": [
            {
                "part": null,
                "replacement-node": 206,
                "expression-node": 207,
                "template-line-number": 832,
                "node-pos": 355
            }
        ],
        "rule-41": [
            {
                "part": null,
                "replacement-node": 269,
                "expression-node": 270,
                "template-line-number": 1090,
                "node-pos": 461
            }
        ],
        "rule-13": [
            {
                "html": true,
                "part": null,
                "replacement-node": 34,
                "template-line-number": 105,
                "node-pos": 59
            }
        ],
        "rule-59": {
            "subs": [
                {
                    "template-line-number": 1490,
                    "name": "OtherOperationalLineItems3",
                    "part": "2",
                    "replacement-node": 359,
                    "expression-node": 360,
                    "node-pos": 612
                },
                {
                    "template-line-number": 1495,
                    "name": "OtherOperationalLineItems3",
                    "part": "3",
                    "replacement-node": 362,
                    "expression-node": 363,
                    "node-pos": 616
                },
                {
                    "template-line-number": 1500,
                    "name": "OtherOperationalLineItems3",
                    "part": "4",
                    "replacement-node": 365,
                    "expression-node": 366,
                    "node-pos": 620
                },
                {
                    "template-line-number": 1505,
                    "name": "OtherOperationalLineItems3",
                    "part": "5",
                    "replacement-node": 368,
                    "expression-node": 369,
                    "node-pos": 624
                }
            ],
            "name": "OtherOperationalLineItems3"
        },
        "rule-69": {
            "subs": [
                {
                    "template-line-number": 1163,
                    "name": "StorageContractLineItems3",
                    "part": "1",
                    "replacement-node": 279,
                    "extras": {},
                    "node-pos": 481
                },
                {
                    "template-line-number": 1174,
                    "name": "StorageContractLineItems3",
                    "part": "2",
                    "replacement-node": 284,
                    "expression-node": 285,
                    "node-pos": 489
                },
                {
                    "template-line-number": 1184,
                    "name": "StorageContractLineItems3",
                    "part": "4",
                    "replacement-node": 289,
                    "expression-node": 290,
                    "node-pos": 495
                },
                {
                    "template-line-number": 1190,
                    "name": "StorageContractLineItems3",
                    "part": "5",
                    "replacement-node": 292,
                    "expression-node": 293,
                    "node-pos": 499
                },
                {
                    "template-line-number": 1170,
                    "name": "StorageContractLineItems3",
                    "part": "6",
                    "replacement-node": 282,
                    "extras": {},
                    "node-pos": 487
                },
                {
                    "template-line-number": 1196,
                    "name": "StorageContractLineItems3",
                    "part": "6",
                    "replacement-node": 295,
                    "expression-node": 296,
                    "node-pos": 503
                }
            ],
            "name": "StorageContractLineItems3"
        },
        "rule-61": {
            "subs": [
                {
                    "template-line-number": 242,
                    "name": "TransmissionLineItems",
                    "part": "1",
                    "replacement-node": 57,
                    "extras": {},
                    "node-pos": 112
                },
                {
                    "template-line-number": 253,
                    "name": "TransmissionLineItems",
                    "part": "2",
                    "replacement-node": 62,
                    "expression-node": 63,
                    "node-pos": 120
                },
                {
                    "template-line-number": 263,
                    "name": "TransmissionLineItems",
                    "part": "4",
                    "replacement-node": 67,
                    "expression-node": 68,
                    "node-pos": 126
                },
                {
                    "template-line-number": 269,
                    "name": "TransmissionLineItems",
                    "part": "5",
                    "replacement-node": 70,
                    "expression-node": 71,
                    "node-pos": 130
                },
                {
                    "template-line-number": 249,
                    "name": "TransmissionLineItems",
                    "part": "6",
                    "replacement-node": 60,
                    "extras": {},
                    "node-pos": 118
                },
                {
                    "template-line-number": 275,
                    "name": "TransmissionLineItems",
                    "part": "6",
                    "replacement-node": 73,
                    "expression-node": 74,
                    "node-pos": 134
                }
            ],
            "name": "TransmissionLineItems"
        },
        "rule-43": [
            {
                "part": null,
                "replacement-node": 275,
                "template-line-number": 1113,
                "node-pos": 471
            }
        ],
        "rule-17": [
            {
                "part": null,
                "replacement-node": 53,
                "template-line-number": 191,
                "node-pos": 102
            }
        ],
        "rule-34": [
            {
                "part": null,
                "replacement-node": 212,
                "expression-node": 213,
                "template-line-number": 850,
                "node-pos": 363
            }
        ],
        "rule-45": [
            {
                "part": null,
                "replacement-node": 317,
                "template-line-number": 1292,
                "node-pos": 541
            }
        ],
        "rule-15": [
            {
                "part": null,
                "replacement-node": 47,
                "template-line-number": 167,
                "node-pos": 89
            }
        ],
        "rule-12": [
            {
                "part": null,
                "replacement-node": 31,
                "template-line-number": 94,
                "node-pos": 54
            }
        ],
        "rule-28": [
            {
                "part": null,
                "replacement-node": 158,
                "expression-node": 159,
                "template-line-number": 625,
                "node-pos": 274
            }
        ],
        "rule-23": [
            {
                "part": null,
                "replacement-node": 107,
                "template-line-number": 415,
                "node-pos": 191
            }
        ],
        "rule-6": [
            {
                "html": true,
                "part": null,
                "replacement-node": 13,
                "template-line-number": 55,
                "node-pos": 27
            }
        ],
        "rule-68": {
            "subs": [
                {
                    "template-line-number": 939,
                    "name": "ThreeTransmissionLineItems",
                    "part": "1",
                    "replacement-node": 225,
                    "extras": {},
                    "node-pos": 392
                },
                {
                    "template-line-number": 950,
                    "name": "ThreeTransmissionLineItems",
                    "part": "2",
                    "replacement-node": 230,
                    "expression-node": 231,
                    "node-pos": 400
                },
                {
                    "template-line-number": 960,
                    "name": "ThreeTransmissionLineItems",
                    "part": "4",
                    "replacement-node": 235,
                    "expression-node": 236,
                    "node-pos": 406
                },
                {
                    "template-line-number": 966,
                    "name": "ThreeTransmissionLineItems",
                    "part": "5",
                    "replacement-node": 238,
                    "expression-node": 239,
                    "node-pos": 410
                },
                {
                    "template-line-number": 946,
                    "name": "ThreeTransmissionLineItems",
                    "part": "6",
                    "replacement-node": 228,
                    "extras": {},
                    "node-pos": 398
                },
                {
                    "template-line-number": 972,
                    "name": "ThreeTransmissionLineItems",
                    "part": "6",
                    "replacement-node": 241,
                    "expression-node": 242,
                    "node-pos": 414
                }
            ],
            "name": "ThreeTransmissionLineItems"
        },
        "rule-18": [
            {
                "part": null,
                "replacement-node": 76,
                "template-line-number": 284,
                "node-pos": 140
            }
        ],
        "rule-20": [
            {
                "part": null,
                "replacement-node": 98,
                "expression-node": 99,
                "template-line-number": 383,
                "node-pos": 177
            }
        ],
        "rule-10": [
            {
                "part": null,
                "replacement-node": 25,
                "expression-node": 26,
                "template-line-number": 79,
                "node-pos": 44
            }
        ],
        "rule-31": [
            {
                "part": null,
                "replacement-node": 203,
                "template-line-number": 820,
                "node-pos": 350
            }
        ],
        "rule-64": {
            "subs": [
                {
                    "template-line-number": 130,
                    "name": "Headings",
                    "part": "1",
                    "replacement-node": 38,
                    "extras": {},
                    "node-pos": 69
                },
                {
                    "template-line-number": 137,
                    "name": "Headings",
                    "part": "2",
                    "replacement-node": 41,
                    "extras": {},
                    "node-pos": 73
                }
            ],
            "name": "Headings"
        },
        "rule-65": {
            "subs": [
                {
                    "template-line-number": 795,
                    "name": "OtherOperationalLineItems",
                    "part": "2",
                    "replacement-node": 191,
                    "expression-node": 192,
                    "node-pos": 332
                },
                {
                    "template-line-number": 800,
                    "name": "OtherOperationalLineItems",
                    "part": "3",
                    "replacement-node": 194,
                    "expression-node": 195,
                    "node-pos": 336
                },
                {
                    "template-line-number": 805,
                    "name": "OtherOperationalLineItems",
                    "part": "4",
                    "replacement-node": 197,
                    "expression-node": 198,
                    "node-pos": 340
                },
                {
                    "template-line-number": 810,
                    "name": "OtherOperationalLineItems",
                    "part": "5",
                    "replacement-node": 200,
                    "expression-node": 201,
                    "node-pos": 344
                }
            ],
            "name": "OtherOperationalLineItems"
        },
        "rule-7": [
            {
                "part": null,
                "replacement-node": 16,
                "template-line-number": 66,
                "node-pos": 32
            }
        ],
        "rule-25": [
            {
                "part": null,
                "replacement-node": 149,
                "template-line-number": 595,
                "node-pos": 261
            }
        ],
        "rule-35": [
            {
                "part": null,
                "replacement-node": 215,
                "template-line-number": 865,
                "node-pos": 369
            }
        ],
        "rule-26": [
            {
                "part": null,
                "replacement-node": 152,
                "expression-node": 153,
                "template-line-number": 607,
                "node-pos": 266
            }
        ],
        "rule-63": {
            "subs": [
                {
                    "template-line-number": 465,
                    "name": "StorageContractLineItems",
                    "part": "1",
                    "replacement-node": 111,
                    "extras": {},
                    "node-pos": 201
                },
                {
                    "template-line-number": 476,
                    "name": "StorageContractLineItems",
                    "part": "2",
                    "replacement-node": 116,
                    "expression-node": 117,
                    "node-pos": 209
                },
                {
                    "template-line-number": 486,
                    "name": "StorageContractLineItems",
                    "part": "4",
                    "replacement-node": 121,
                    "expression-node": 122,
                    "node-pos": 215
                },
                {
                    "template-line-number": 492,
                    "name": "StorageContractLineItems",
                    "part": "5",
                    "replacement-node": 124,
                    "expression-node": 125,
                    "node-pos": 219
                },
                {
                    "template-line-number": 472,
                    "name": "StorageContractLineItems",
                    "part": "6",
                    "replacement-node": 114,
                    "extras": {},
                    "node-pos": 207
                },
                {
                    "template-line-number": 498,
                    "name": "StorageContractLineItems",
                    "part": "6",
                    "replacement-node": 127,
                    "expression-node": 128,
                    "node-pos": 223
                }
            ],
            "name": "StorageContractLineItems"
        },
        "rule-49": [
            {
                "part": null,
                "replacement-node": 329,
                "template-line-number": 1335,
                "node-pos": 560
            }
        ],
        "rule-47": [
            {
                "part": null,
                "replacement-node": 323,
                "expression-node": 324,
                "template-line-number": 1313,
                "node-pos": 550
            }
        ],
        "rule-56": [
            {
                "part": null,
                "replacement-node": 386,
                "template-line-number": 1563,
                "node-pos": 653
            }
        ]
    }
}