{
    "showifs": {
        "rule-1": {
            "template-line-number": 17,
            "type": "showif"
        }
    },
    "substitutions": {
        "rule-8": [
            {
                "template-line-number": 70,
                "part": null,
                "replacement-node": 19,
                "expression-node": 20,
                "node-pos": 36
            }
        ],
        "rule-4": [
            {
                "template-line-number": 37,
                "part": null,
                "replacement-node": 7,
                "node-pos": 18
            }
        ],
        "rule-7": [
            {
                "template-line-number": 66,
                "part": null,
                "replacement-node": 16,
                "node-pos": 32
            }
        ],
        "rule-21": [
            {
                "template-line-number": 421,
                "part": null,
                "replacement-node": 97,
                "node-pos": 178
            }
        ],
        "rule-11": [
            {
                "template-line-number": 84,
                "part": null,
                "replacement-node": 28,
                "expression-node": 29,
                "node-pos": 48
            }
        ],
        "rule-17": [
            {
                "template-line-number": 287,
                "part": null,
                "replacement-node": 70,
                "node-pos": 130
            }
        ],
        "rule-24": {
            "subs": [
                {
                    "template-line-number": 234,
                    "name": "Transactions",
                    "node-pos": 99,
                    "expression-node": 53,
                    "part": "2",
                    "replacement-node": 52
                },
                {
                    "template-line-number": 239,
                    "name": "Transactions",
                    "node-pos": 103,
                    "expression-node": 56,
                    "part": "3",
                    "replacement-node": 55
                },
                {
                    "template-line-number": 244,
                    "name": "Transactions",
                    "node-pos": 107,
                    "expression-node": 59,
                    "part": "4",
                    "replacement-node": 58
                },
                {
                    "template-line-number": 249,
                    "name": "Transactions",
                    "node-pos": 111,
                    "expression-node": 62,
                    "part": "5",
                    "replacement-node": 61
                }
            ],
            "name": "Transactions"
        },
        "rule-15": [
            {
                "template-line-number": 260,
                "part": null,
                "replacement-node": 64,
                "node-pos": 117
            }
        ],
        "rule-3": [
            {
                "template-line-number": 31,
                "part": null,
                "replacement-node": 4,
                "expression-node": 5,
                "node-pos": 14
            }
        ],
        "rule-16": [
            {
                "template-line-number": 274,
                "part": null,
                "replacement-node": 67,
                "expression-node": 68,
                "node-pos": 124
            }
        ],
        "rule-2": [
            {
                "template-line-number": 27,
                "part": null,
                "replacement-node": 1,
                "node-pos": 10
            }
        ],
        "rule-13": [
            {
                "template-line-number": 105,
                "part": null,
                "html": true,
                "replacement-node": 34,
                "node-pos": 59
            }
        ],
        "rule-12": [
            {
                "template-line-number": 94,
                "part": null,
                "replacement-node": 31,
                "node-pos": 54
            }
        ],
        "rule-10": [
            {
                "template-line-number": 79,
                "part": null,
                "replacement-node": 25,
                "expression-node": 26,
                "node-pos": 44
            }
        ],
        "rule-19": [
            {
                "template-line-number": 403,
                "part": null,
                "replacement-node": 91,
                "expression-node": 92,
                "node-pos": 168
            }
        ],
        "rule-25": {
            "subs": [
                {
                    "template-line-number": 363,
                    "name": "Transactions2",
                    "node-pos": 143,
                    "expression-node": 77,
                    "part": "2",
                    "replacement-node": 76
                },
                {
                    "template-line-number": 368,
                    "name": "Transactions2",
                    "node-pos": 147,
                    "expression-node": 80,
                    "part": "3",
                    "replacement-node": 79
                },
                {
                    "template-line-number": 373,
                    "name": "Transactions2",
                    "node-pos": 151,
                    "expression-node": 83,
                    "part": "4",
                    "replacement-node": 82
                },
                {
                    "template-line-number": 378,
                    "name": "Transactions2",
                    "node-pos": 155,
                    "expression-node": 86,
                    "part": "5",
                    "replacement-node": 85
                }
            ],
            "name": "Transactions2"
        },
        "rule-23": {
            "subs": [
                {
                    "template-line-number": 140,
                    "name": "HeadingRow",
                    "extras": {},
                    "node-pos": 76,
                    "part": "1",
                    "replacement-node": 40
                },
                {
                    "template-line-number": 149,
                    "name": "HeadingRow",
                    "extras": {},
                    "node-pos": 80,
                    "part": "2",
                    "replacement-node": 43
                },
                {
                    "template-line-number": 136,
                    "name": "HeadingRow",
                    "extras": {},
                    "node-pos": 74,
                    "part": "3",
                    "replacement-node": 38
                }
            ],
            "name": "HeadingRow"
        },
        "rule-5": [
            {
                "template-line-number": 43,
                "part": null,
                "html": true,
                "replacement-node": 10,
                "node-pos": 22
            }
        ],
        "rule-6": [
            {
                "template-line-number": 55,
                "part": null,
                "html": true,
                "replacement-node": 13,
                "node-pos": 27
            }
        ],
        "rule-14": [
            {
                "template-line-number": 161,
                "part": null,
                "replacement-node": 46,
                "node-pos": 86
            }
        ],
        "rule-18": [
            {
                "template-line-number": 389,
                "part": null,
                "replacement-node": 88,
                "node-pos": 161
            }
        ],
        "rule-20": [
            {
                "template-line-number": 416,
                "part": null,
                "replacement-node": 94,
                "expression-node": 95,
                "node-pos": 174
            }
        ],
        "rule-9": [
            {
                "template-line-number": 75,
                "part": null,
                "replacement-node": 22,
                "node-pos": 40
            }
        ],
        "rule-22": [
            {
                "template-line-number": 430,
                "part": null,
                "replacement-node": 100,
                "node-pos": 182
            }
        ]
    },
    "line-numbers": {
        "Transactions": [
            {
                "start-number": 2,
                "line-number-node": 50,
                "template-line-number": 230
            }
        ],
        "Transactions2": [
            {
                "start-number": 21,
                "line-number-node": 74,
                "template-line-number": 359
            }
        ]
    }
}