{
    "showifs": {},
    "line-numbers": {
        "formula": [
            {
                "start-number": 1,
                "template-line-number": 250,
                "line-number-node": 55
            }
        ]
    },
    "substitutions": {
        "rule-15": [
            {
                "html": true,
                "template-line-number": 142,
                "replacement-node": 42,
                "part": null,
                "node-pos": 78
            }
        ],
        "rule-17": [
            {
                "template-line-number": 295,
                "replacement-node": 75,
                "part": null,
                "node-pos": 131
            }
        ],
        "rule-9": [
            {
                "template-line-number": 78,
                "node-pos": 47,
                "replacement-node": 24,
                "part": null,
                "expression-node": 25
            }
        ],
        "rule-2": [
            {
                "template-line-number": 28,
                "node-pos": 15,
                "replacement-node": 3,
                "part": null,
                "expression-node": 4
            }
        ],
        "rule-16": [
            {
                "template-line-number": 288,
                "node-pos": 127,
                "replacement-node": 72,
                "part": null,
                "expression-node": 73
            }
        ],
        "rule-1": [
            {
                "template-line-number": 23,
                "replacement-node": 0,
                "part": null,
                "node-pos": 10
            }
        ],
        "rule-13": [
            {
                "html": true,
                "template-line-number": 115,
                "replacement-node": 36,
                "part": null,
                "node-pos": 67
            }
        ],
        "rule-11": [
            {
                "html": true,
                "template-line-number": 92,
                "replacement-node": 30,
                "part": null,
                "node-pos": 57
            }
        ],
        "rule-7": [
            {
                "template-line-number": 68,
                "node-pos": 38,
                "replacement-node": 18,
                "part": null,
                "expression-node": 19
            }
        ],
        "rule-20": {
            "subs": [
                {
                    "node-pos": 92,
                    "template-line-number": 179,
                    "extras": {},
                    "replacement-node": 48,
                    "part": "1",
                    "name": "ColumnHeadings"
                },
                {
                    "node-pos": 96,
                    "template-line-number": 187,
                    "extras": {},
                    "replacement-node": 51,
                    "part": "2",
                    "name": "ColumnHeadings"
                },
                {
                    "node-pos": 90,
                    "template-line-number": 175,
                    "extras": {},
                    "replacement-node": 46,
                    "part": "3",
                    "name": "ColumnHeadings"
                }
            ],
            "name": "ColumnHeadings"
        },
        "rule-14": [
            {
                "html": true,
                "template-line-number": 128,
                "replacement-node": 39,
                "part": null,
                "node-pos": 72
            }
        ],
        "rule-19": {
            "subs": [
                {
                    "template-line-number": 253,
                    "expression-node": 58,
                    "node-pos": 105,
                    "replacement-node": 57,
                    "part": "2",
                    "name": "formula"
                },
                {
                    "template-line-number": 258,
                    "expression-node": 61,
                    "node-pos": 109,
                    "replacement-node": 60,
                    "part": "3",
                    "name": "formula"
                },
                {
                    "template-line-number": 263,
                    "expression-node": 64,
                    "node-pos": 113,
                    "replacement-node": 63,
                    "part": "4",
                    "name": "formula"
                },
                {
                    "template-line-number": 268,
                    "expression-node": 67,
                    "node-pos": 117,
                    "replacement-node": 66,
                    "part": "5",
                    "name": "formula"
                },
                {
                    "template-line-number": 273,
                    "expression-node": 70,
                    "node-pos": 121,
                    "replacement-node": 69,
                    "part": "6",
                    "name": "formula"
                }
            ],
            "name": "formula"
        },
        "rule-8": [
            {
                "template-line-number": 73,
                "replacement-node": 21,
                "part": null,
                "node-pos": 42
            }
        ],
        "rule-10": [
            {
                "template-line-number": 83,
                "node-pos": 51,
                "replacement-node": 27,
                "part": null,
                "expression-node": 28
            }
        ],
        "rule-12": [
            {
                "template-line-number": 104,
                "replacement-node": 33,
                "part": null,
                "node-pos": 63
            }
        ],
        "rule-6": [
            {
                "template-line-number": 63,
                "replacement-node": 15,
                "part": null,
                "node-pos": 33
            }
        ],
        "rule-5": [
            {
                "html": true,
                "template-line-number": 52,
                "replacement-node": 12,
                "part": null,
                "node-pos": 28
            }
        ],
        "rule-3": [
            {
                "template-line-number": 34,
                "replacement-node": 6,
                "part": null,
                "node-pos": 19
            }
        ],
        "rule-4": [
            {
                "html": true,
                "template-line-number": 40,
                "replacement-node": 9,
                "part": null,
                "node-pos": 23
            }
        ],
        "rule-18": [
            {
                "template-line-number": 305,
                "replacement-node": 78,
                "part": null,
                "node-pos": 135
            }
        ]
    }
}