{
    "line-numbers": {
        "formula": [
            {
                "line-number-node": 55,
                "template-line-number": 250,
                "start-number": 1
            }
        ]
    },
    "showifs": {},
    "substitutions": {
        "rule-10": [
            {
                "node-pos": 51,
                "part": null,
                "expression-node": 28,
                "template-line-number": 83,
                "replacement-node": 27
            }
        ],
        "rule-8": [
            {
                "node-pos": 42,
                "part": null,
                "template-line-number": 73,
                "replacement-node": 21
            }
        ],
        "rule-11": [
            {
                "node-pos": 57,
                "part": null,
                "template-line-number": 92,
                "html": true,
                "replacement-node": 30
            }
        ],
        "rule-1": [
            {
                "node-pos": 10,
                "part": null,
                "template-line-number": 23,
                "replacement-node": 0
            }
        ],
        "rule-4": [
            {
                "node-pos": 23,
                "part": null,
                "template-line-number": 40,
                "html": true,
                "replacement-node": 9
            }
        ],
        "rule-15": [
            {
                "node-pos": 78,
                "part": null,
                "template-line-number": 142,
                "html": true,
                "replacement-node": 42
            }
        ],
        "rule-18": [
            {
                "node-pos": 135,
                "part": null,
                "template-line-number": 305,
                "replacement-node": 78
            }
        ],
        "rule-13": [
            {
                "node-pos": 67,
                "part": null,
                "template-line-number": 115,
                "html": true,
                "replacement-node": 36
            }
        ],
        "rule-17": [
            {
                "node-pos": 131,
                "part": null,
                "template-line-number": 295,
                "replacement-node": 75
            }
        ],
        "rule-9": [
            {
                "node-pos": 47,
                "part": null,
                "expression-node": 25,
                "template-line-number": 78,
                "replacement-node": 24
            }
        ],
        "rule-7": [
            {
                "node-pos": 38,
                "part": null,
                "expression-node": 19,
                "template-line-number": 68,
                "replacement-node": 18
            }
        ],
        "rule-5": [
            {
                "node-pos": 28,
                "part": null,
                "template-line-number": 52,
                "html": true,
                "replacement-node": 12
            }
        ],
        "rule-19": {
            "subs": [
                {
                    "part": "1",
                    "node-pos": 92,
                    "extras": {},
                    "name": "ColumnHeadings",
                    "replacement-node": 48,
                    "template-line-number": 179
                },
                {
                    "part": "2",
                    "node-pos": 96,
                    "extras": {},
                    "name": "ColumnHeadings",
                    "replacement-node": 51,
                    "template-line-number": 187
                },
                {
                    "part": "3",
                    "node-pos": 90,
                    "extras": {},
                    "name": "ColumnHeadings",
                    "replacement-node": 46,
                    "template-line-number": 175
                }
            ],
            "name": "ColumnHeadings"
        },
        "rule-14": [
            {
                "node-pos": 72,
                "part": null,
                "template-line-number": 128,
                "html": true,
                "replacement-node": 39
            }
        ],
        "rule-3": [
            {
                "node-pos": 19,
                "part": null,
                "template-line-number": 34,
                "replacement-node": 6
            }
        ],
        "rule-2": [
            {
                "node-pos": 15,
                "part": null,
                "expression-node": 4,
                "template-line-number": 28,
                "replacement-node": 3
            }
        ],
        "rule-6": [
            {
                "node-pos": 33,
                "part": null,
                "template-line-number": 63,
                "replacement-node": 15
            }
        ],
        "rule-20": {
            "subs": [
                {
                    "part": "2",
                    "node-pos": 105,
                    "name": "formula",
                    "expression-node": 58,
                    "template-line-number": 253,
                    "replacement-node": 57
                },
                {
                    "part": "3",
                    "node-pos": 109,
                    "name": "formula",
                    "expression-node": 61,
                    "template-line-number": 258,
                    "replacement-node": 60
                },
                {
                    "part": "4",
                    "node-pos": 113,
                    "name": "formula",
                    "expression-node": 64,
                    "template-line-number": 263,
                    "replacement-node": 63
                },
                {
                    "part": "5",
                    "node-pos": 117,
                    "name": "formula",
                    "expression-node": 67,
                    "template-line-number": 268,
                    "replacement-node": 66
                },
                {
                    "part": "6",
                    "node-pos": 121,
                    "name": "formula",
                    "expression-node": 70,
                    "template-line-number": 273,
                    "replacement-node": 69
                }
            ],
            "name": "formula"
        },
        "rule-12": [
            {
                "node-pos": 63,
                "part": null,
                "template-line-number": 104,
                "replacement-node": 33
            }
        ],
        "rule-16": [
            {
                "node-pos": 127,
                "part": null,
                "expression-node": 73,
                "template-line-number": 288,
                "replacement-node": 72
            }
        ]
    }
}