{
    "line-numbers": {
        "TaxClassificationLineItems": [
            {
                "template-line-number": 537,
                "line-number-node": 94,
                "start-number": 19
            }
        ]
    },
    "substitutions": {
        "rule-17": {
            "subs": [
                {
                    "expression-node": 75,
                    "name": "DeferredIncomeTaxesLineItems",
                    "part": "10",
                    "node-pos": 137,
                    "template-line-number": 438,
                    "replacement-node": 74
                },
                {
                    "expression-node": 79,
                    "name": "DeferredIncomeTaxesLineItems",
                    "part": "11",
                    "node-pos": 142,
                    "template-line-number": 444,
                    "replacement-node": 78
                },
                {
                    "expression-node": 83,
                    "name": "DeferredIncomeTaxesLineItems",
                    "part": "12",
                    "node-pos": 147,
                    "template-line-number": 451,
                    "replacement-node": 82
                },
                {
                    "expression-node": 87,
                    "name": "DeferredIncomeTaxesLineItems",
                    "part": "13",
                    "node-pos": 152,
                    "template-line-number": 457,
                    "replacement-node": 86
                },
                {
                    "replacement-node": 47,
                    "name": "DeferredIncomeTaxesLineItems",
                    "part": "2",
                    "node-pos": 103,
                    "template-line-number": 387,
                    "extras": {}
                },
                {
                    "replacement-node": 44,
                    "name": "DeferredIncomeTaxesLineItems",
                    "part": "3",
                    "node-pos": 99,
                    "template-line-number": 379,
                    "extras": {}
                },
                {
                    "expression-node": 51,
                    "name": "DeferredIncomeTaxesLineItems",
                    "part": "4",
                    "node-pos": 107,
                    "template-line-number": 395,
                    "replacement-node": 50
                },
                {
                    "expression-node": 55,
                    "name": "DeferredIncomeTaxesLineItems",
                    "part": "5",
                    "node-pos": 112,
                    "template-line-number": 403,
                    "replacement-node": 54
                },
                {
                    "expression-node": 59,
                    "name": "DeferredIncomeTaxesLineItems",
                    "part": "6",
                    "node-pos": 117,
                    "template-line-number": 410,
                    "replacement-node": 58
                },
                {
                    "expression-node": 63,
                    "name": "DeferredIncomeTaxesLineItems",
                    "part": "7",
                    "node-pos": 122,
                    "template-line-number": 417,
                    "replacement-node": 62
                },
                {
                    "expression-node": 67,
                    "name": "DeferredIncomeTaxesLineItems",
                    "part": "8",
                    "node-pos": 127,
                    "template-line-number": 424,
                    "replacement-node": 66
                },
                {
                    "expression-node": 71,
                    "name": "DeferredIncomeTaxesLineItems",
                    "part": "9",
                    "node-pos": 132,
                    "template-line-number": 431,
                    "replacement-node": 70
                }
            ],
            "name": "DeferredIncomeTaxesLineItems"
        },
        "rule-8": [
            {
                "node-pos": 39,
                "template-line-number": 72,
                "replacement-node": 21,
                "part": null
            }
        ],
        "rule-19": {
            "subs": [
                {
                    "replacement-node": 97,
                    "name": "TaxClassificationLineItems",
                    "part": "1",
                    "node-pos": 180,
                    "template-line-number": 545,
                    "extras": {}
                },
                {
                    "expression-node": 100,
                    "name": "TaxClassificationLineItems",
                    "part": "2",
                    "node-pos": 183,
                    "template-line-number": 552,
                    "replacement-node": 99
                },
                {
                    "expression-node": 103,
                    "name": "TaxClassificationLineItems",
                    "part": "3",
                    "node-pos": 187,
                    "template-line-number": 560,
                    "replacement-node": 102
                },
                {
                    "expression-node": 106,
                    "name": "TaxClassificationLineItems",
                    "part": "4",
                    "node-pos": 191,
                    "template-line-number": 568,
                    "replacement-node": 105
                },
                {
                    "expression-node": 109,
                    "name": "TaxClassificationLineItems",
                    "part": "5",
                    "node-pos": 195,
                    "template-line-number": 576,
                    "replacement-node": 108
                },
                {
                    "expression-node": 112,
                    "name": "TaxClassificationLineItems",
                    "part": "6",
                    "node-pos": 199,
                    "template-line-number": 584,
                    "replacement-node": 111
                },
                {
                    "expression-node": 118,
                    "name": "TaxClassificationLineItems",
                    "part": "6",
                    "node-pos": 207,
                    "template-line-number": 599,
                    "replacement-node": 117
                },
                {
                    "expression-node": 124,
                    "name": "TaxClassificationLineItems",
                    "part": "6",
                    "node-pos": 215,
                    "template-line-number": 613,
                    "replacement-node": 123
                },
                {
                    "expression-node": 127,
                    "name": "TaxClassificationLineItems",
                    "part": "6",
                    "node-pos": 219,
                    "template-line-number": 620,
                    "replacement-node": 126
                },
                {
                    "expression-node": 115,
                    "name": "TaxClassificationLineItems",
                    "part": "7",
                    "node-pos": 203,
                    "template-line-number": 592,
                    "replacement-node": 114
                },
                {
                    "expression-node": 121,
                    "name": "TaxClassificationLineItems",
                    "part": "7",
                    "node-pos": 211,
                    "template-line-number": 606,
                    "replacement-node": 120
                }
            ],
            "name": "TaxClassificationLineItems"
        },
        "rule-10": [
            {
                "expression-node": 28,
                "template-line-number": 82,
                "replacement-node": 27,
                "part": null,
                "node-pos": 48
            }
        ],
        "rule-14": [
            {
                "expression-node": 130,
                "template-line-number": 631,
                "replacement-node": 129,
                "part": null,
                "node-pos": 225
            }
        ],
        "rule-15": [
            {
                "node-pos": 229,
                "template-line-number": 638,
                "replacement-node": 132,
                "part": null
            }
        ],
        "rule-5": [
            {
                "html": true,
                "node-pos": 26,
                "template-line-number": 51,
                "replacement-node": 12,
                "part": null
            }
        ],
        "rule-11": [
            {
                "node-pos": 54,
                "template-line-number": 92,
                "replacement-node": 30,
                "part": null
            }
        ],
        "rule-6": [
            {
                "node-pos": 31,
                "template-line-number": 62,
                "replacement-node": 15,
                "part": null
            }
        ],
        "rule-1": [
            {
                "node-pos": 9,
                "template-line-number": 22,
                "replacement-node": 0,
                "part": null
            }
        ],
        "rule-9": [
            {
                "expression-node": 25,
                "template-line-number": 77,
                "replacement-node": 24,
                "part": null,
                "node-pos": 44
            }
        ],
        "rule-3": [
            {
                "node-pos": 17,
                "template-line-number": 33,
                "replacement-node": 6,
                "part": null
            }
        ],
        "rule-7": [
            {
                "expression-node": 19,
                "template-line-number": 67,
                "replacement-node": 18,
                "part": null,
                "node-pos": 35
            }
        ],
        "rule-18": {
            "subs": [
                {
                    "replacement-node": 37,
                    "name": "DeferredIncomeTaxesHeadings",
                    "part": "1",
                    "node-pos": 89,
                    "template-line-number": 150,
                    "extras": {}
                },
                {
                    "replacement-node": 40,
                    "name": "DeferredIncomeTaxesHeadings",
                    "part": "2",
                    "node-pos": 93,
                    "template-line-number": 157,
                    "extras": {}
                }
            ],
            "name": "DeferredIncomeTaxesHeadings"
        },
        "rule-16": [
            {
                "node-pos": 233,
                "template-line-number": 648,
                "replacement-node": 135,
                "part": null
            }
        ],
        "rule-12": [
            {
                "html": true,
                "node-pos": 59,
                "template-line-number": 103,
                "replacement-node": 33,
                "part": null
            }
        ],
        "rule-2": [
            {
                "expression-node": 4,
                "template-line-number": 27,
                "replacement-node": 3,
                "part": null,
                "node-pos": 13
            }
        ],
        "rule-4": [
            {
                "html": true,
                "node-pos": 21,
                "template-line-number": 39,
                "replacement-node": 9,
                "part": null
            }
        ],
        "rule-13": [
            {
                "node-pos": 159,
                "template-line-number": 472,
                "replacement-node": 90,
                "part": null
            }
        ]
    },
    "showifs": {}
}