{
    "showifs": {},
    "line-numbers": {
        "TaxClassificationLineItems": [
            {
                "start-number": 19,
                "template-line-number": 537,
                "line-number-node": 94
            }
        ]
    },
    "substitutions": {
        "rule-19": {
            "name": "DeferredIncomeTaxesLineItems",
            "subs": [
                {
                    "name": "DeferredIncomeTaxesLineItems",
                    "template-line-number": 438,
                    "part": "10",
                    "replacement-node": 74,
                    "node-pos": 137,
                    "expression-node": 75
                },
                {
                    "name": "DeferredIncomeTaxesLineItems",
                    "template-line-number": 444,
                    "part": "11",
                    "replacement-node": 78,
                    "node-pos": 142,
                    "expression-node": 79
                },
                {
                    "name": "DeferredIncomeTaxesLineItems",
                    "template-line-number": 451,
                    "part": "12",
                    "replacement-node": 82,
                    "node-pos": 147,
                    "expression-node": 83
                },
                {
                    "name": "DeferredIncomeTaxesLineItems",
                    "template-line-number": 457,
                    "part": "13",
                    "replacement-node": 86,
                    "node-pos": 152,
                    "expression-node": 87
                },
                {
                    "name": "DeferredIncomeTaxesLineItems",
                    "template-line-number": 387,
                    "part": "2",
                    "replacement-node": 47,
                    "node-pos": 103,
                    "extras": {}
                },
                {
                    "name": "DeferredIncomeTaxesLineItems",
                    "template-line-number": 379,
                    "part": "3",
                    "replacement-node": 44,
                    "node-pos": 99,
                    "extras": {}
                },
                {
                    "name": "DeferredIncomeTaxesLineItems",
                    "template-line-number": 395,
                    "part": "4",
                    "replacement-node": 50,
                    "node-pos": 107,
                    "expression-node": 51
                },
                {
                    "name": "DeferredIncomeTaxesLineItems",
                    "template-line-number": 403,
                    "part": "5",
                    "replacement-node": 54,
                    "node-pos": 112,
                    "expression-node": 55
                },
                {
                    "name": "DeferredIncomeTaxesLineItems",
                    "template-line-number": 410,
                    "part": "6",
                    "replacement-node": 58,
                    "node-pos": 117,
                    "expression-node": 59
                },
                {
                    "name": "DeferredIncomeTaxesLineItems",
                    "template-line-number": 417,
                    "part": "7",
                    "replacement-node": 62,
                    "node-pos": 122,
                    "expression-node": 63
                },
                {
                    "name": "DeferredIncomeTaxesLineItems",
                    "template-line-number": 424,
                    "part": "8",
                    "replacement-node": 66,
                    "node-pos": 127,
                    "expression-node": 67
                },
                {
                    "name": "DeferredIncomeTaxesLineItems",
                    "template-line-number": 431,
                    "part": "9",
                    "replacement-node": 70,
                    "node-pos": 132,
                    "expression-node": 71
                }
            ]
        },
        "rule-12": [
            {
                "part": null,
                "replacement-node": 33,
                "node-pos": 59,
                "template-line-number": 103,
                "html": true
            }
        ],
        "rule-13": [
            {
                "part": null,
                "replacement-node": 90,
                "node-pos": 159,
                "template-line-number": 472
            }
        ],
        "rule-6": [
            {
                "part": null,
                "replacement-node": 15,
                "node-pos": 31,
                "template-line-number": 62
            }
        ],
        "rule-14": [
            {
                "part": null,
                "replacement-node": 129,
                "node-pos": 225,
                "template-line-number": 631,
                "expression-node": 130
            }
        ],
        "rule-7": [
            {
                "part": null,
                "replacement-node": 18,
                "node-pos": 35,
                "template-line-number": 67,
                "expression-node": 19
            }
        ],
        "rule-10": [
            {
                "part": null,
                "replacement-node": 27,
                "node-pos": 48,
                "template-line-number": 82,
                "expression-node": 28
            }
        ],
        "rule-9": [
            {
                "part": null,
                "replacement-node": 24,
                "node-pos": 44,
                "template-line-number": 77,
                "expression-node": 25
            }
        ],
        "rule-18": {
            "name": "TaxClassificationLineItems",
            "subs": [
                {
                    "name": "TaxClassificationLineItems",
                    "template-line-number": 545,
                    "part": "1",
                    "replacement-node": 97,
                    "node-pos": 180,
                    "extras": {}
                },
                {
                    "name": "TaxClassificationLineItems",
                    "template-line-number": 552,
                    "part": "2",
                    "replacement-node": 99,
                    "node-pos": 183,
                    "expression-node": 100
                },
                {
                    "name": "TaxClassificationLineItems",
                    "template-line-number": 560,
                    "part": "3",
                    "replacement-node": 102,
                    "node-pos": 187,
                    "expression-node": 103
                },
                {
                    "name": "TaxClassificationLineItems",
                    "template-line-number": 568,
                    "part": "4",
                    "replacement-node": 105,
                    "node-pos": 191,
                    "expression-node": 106
                },
                {
                    "name": "TaxClassificationLineItems",
                    "template-line-number": 576,
                    "part": "5",
                    "replacement-node": 108,
                    "node-pos": 195,
                    "expression-node": 109
                },
                {
                    "name": "TaxClassificationLineItems",
                    "template-line-number": 584,
                    "part": "6",
                    "replacement-node": 111,
                    "node-pos": 199,
                    "expression-node": 112
                },
                {
                    "name": "TaxClassificationLineItems",
                    "template-line-number": 599,
                    "part": "6",
                    "replacement-node": 117,
                    "node-pos": 207,
                    "expression-node": 118
                },
                {
                    "name": "TaxClassificationLineItems",
                    "template-line-number": 613,
                    "part": "6",
                    "replacement-node": 123,
                    "node-pos": 215,
                    "expression-node": 124
                },
                {
                    "name": "TaxClassificationLineItems",
                    "template-line-number": 620,
                    "part": "6",
                    "replacement-node": 126,
                    "node-pos": 219,
                    "expression-node": 127
                },
                {
                    "name": "TaxClassificationLineItems",
                    "template-line-number": 592,
                    "part": "7",
                    "replacement-node": 114,
                    "node-pos": 203,
                    "expression-node": 115
                },
                {
                    "name": "TaxClassificationLineItems",
                    "template-line-number": 606,
                    "part": "7",
                    "replacement-node": 120,
                    "node-pos": 211,
                    "expression-node": 121
                }
            ]
        },
        "rule-2": [
            {
                "part": null,
                "replacement-node": 3,
                "node-pos": 13,
                "template-line-number": 27,
                "expression-node": 4
            }
        ],
        "rule-4": [
            {
                "part": null,
                "replacement-node": 9,
                "node-pos": 21,
                "template-line-number": 39,
                "html": true
            }
        ],
        "rule-11": [
            {
                "part": null,
                "replacement-node": 30,
                "node-pos": 54,
                "template-line-number": 92
            }
        ],
        "rule-16": [
            {
                "part": null,
                "replacement-node": 135,
                "node-pos": 233,
                "template-line-number": 648
            }
        ],
        "rule-15": [
            {
                "part": null,
                "replacement-node": 132,
                "node-pos": 229,
                "template-line-number": 638
            }
        ],
        "rule-3": [
            {
                "part": null,
                "replacement-node": 6,
                "node-pos": 17,
                "template-line-number": 33
            }
        ],
        "rule-1": [
            {
                "part": null,
                "replacement-node": 0,
                "node-pos": 9,
                "template-line-number": 22
            }
        ],
        "rule-5": [
            {
                "part": null,
                "replacement-node": 12,
                "node-pos": 26,
                "template-line-number": 51,
                "html": true
            }
        ],
        "rule-17": {
            "name": "DeferredIncomeTaxesHeadings",
            "subs": [
                {
                    "name": "DeferredIncomeTaxesHeadings",
                    "template-line-number": 150,
                    "part": "1",
                    "replacement-node": 37,
                    "node-pos": 89,
                    "extras": {}
                },
                {
                    "name": "DeferredIncomeTaxesHeadings",
                    "template-line-number": 157,
                    "part": "2",
                    "replacement-node": 40,
                    "node-pos": 93,
                    "extras": {}
                }
            ]
        },
        "rule-8": [
            {
                "part": null,
                "replacement-node": 21,
                "node-pos": 39,
                "template-line-number": 72
            }
        ]
    }
}