{
    "showifs": {},
    "line-numbers": {
        "TaxClassificationLineItems": [
            {
                "start-number": 19,
                "template-line-number": 538,
                "line-number-node": 95
            }
        ]
    },
    "substitutions": {
        "rule-18": {
            "subs": [
                {
                    "template-line-number": 439,
                    "node-pos": 138,
                    "part": "10",
                    "expression-node": 76,
                    "replacement-node": 75,
                    "name": "DeferredIncomeTaxesLineItems"
                },
                {
                    "template-line-number": 445,
                    "node-pos": 143,
                    "part": "11",
                    "expression-node": 80,
                    "replacement-node": 79,
                    "name": "DeferredIncomeTaxesLineItems"
                },
                {
                    "template-line-number": 452,
                    "node-pos": 148,
                    "part": "12",
                    "expression-node": 84,
                    "replacement-node": 83,
                    "name": "DeferredIncomeTaxesLineItems"
                },
                {
                    "template-line-number": 458,
                    "node-pos": 153,
                    "part": "13",
                    "expression-node": 88,
                    "replacement-node": 87,
                    "name": "DeferredIncomeTaxesLineItems"
                },
                {
                    "template-line-number": 387,
                    "node-pos": 103,
                    "part": "2",
                    "expression-node": 48,
                    "replacement-node": 47,
                    "name": "DeferredIncomeTaxesLineItems"
                },
                {
                    "template-line-number": 379,
                    "part": "3",
                    "node-pos": 99,
                    "extras": {},
                    "name": "DeferredIncomeTaxesLineItems",
                    "replacement-node": 44
                },
                {
                    "template-line-number": 396,
                    "node-pos": 108,
                    "part": "4",
                    "expression-node": 52,
                    "replacement-node": 51,
                    "name": "DeferredIncomeTaxesLineItems"
                },
                {
                    "template-line-number": 404,
                    "node-pos": 113,
                    "part": "5",
                    "expression-node": 56,
                    "replacement-node": 55,
                    "name": "DeferredIncomeTaxesLineItems"
                },
                {
                    "template-line-number": 411,
                    "node-pos": 118,
                    "part": "6",
                    "expression-node": 60,
                    "replacement-node": 59,
                    "name": "DeferredIncomeTaxesLineItems"
                },
                {
                    "template-line-number": 418,
                    "node-pos": 123,
                    "part": "7",
                    "expression-node": 64,
                    "replacement-node": 63,
                    "name": "DeferredIncomeTaxesLineItems"
                },
                {
                    "template-line-number": 425,
                    "node-pos": 128,
                    "part": "8",
                    "expression-node": 68,
                    "replacement-node": 67,
                    "name": "DeferredIncomeTaxesLineItems"
                },
                {
                    "template-line-number": 432,
                    "node-pos": 133,
                    "part": "9",
                    "expression-node": 72,
                    "replacement-node": 71,
                    "name": "DeferredIncomeTaxesLineItems"
                }
            ],
            "name": "DeferredIncomeTaxesLineItems"
        },
        "rule-14": [
            {
                "expression-node": 131,
                "template-line-number": 632,
                "replacement-node": 130,
                "node-pos": 226,
                "part": null
            }
        ],
        "rule-11": [
            {
                "template-line-number": 92,
                "replacement-node": 30,
                "node-pos": 54,
                "part": null
            }
        ],
        "rule-1": [
            {
                "template-line-number": 22,
                "replacement-node": 0,
                "node-pos": 9,
                "part": null
            }
        ],
        "rule-15": [
            {
                "template-line-number": 639,
                "replacement-node": 133,
                "node-pos": 230,
                "part": null
            }
        ],
        "rule-12": [
            {
                "html": true,
                "template-line-number": 103,
                "replacement-node": 33,
                "node-pos": 59,
                "part": null
            }
        ],
        "rule-10": [
            {
                "expression-node": 28,
                "template-line-number": 82,
                "replacement-node": 27,
                "node-pos": 48,
                "part": null
            }
        ],
        "rule-8": [
            {
                "template-line-number": 72,
                "replacement-node": 21,
                "node-pos": 39,
                "part": null
            }
        ],
        "rule-3": [
            {
                "template-line-number": 33,
                "replacement-node": 6,
                "node-pos": 17,
                "part": null
            }
        ],
        "rule-16": [
            {
                "template-line-number": 649,
                "replacement-node": 136,
                "node-pos": 234,
                "part": null
            }
        ],
        "rule-2": [
            {
                "expression-node": 4,
                "template-line-number": 27,
                "replacement-node": 3,
                "node-pos": 13,
                "part": null
            }
        ],
        "rule-17": {
            "subs": [
                {
                    "template-line-number": 546,
                    "part": "1",
                    "node-pos": 181,
                    "extras": {},
                    "name": "TaxClassificationLineItems",
                    "replacement-node": 98
                },
                {
                    "template-line-number": 553,
                    "node-pos": 184,
                    "part": "2",
                    "expression-node": 101,
                    "replacement-node": 100,
                    "name": "TaxClassificationLineItems"
                },
                {
                    "template-line-number": 561,
                    "node-pos": 188,
                    "part": "3",
                    "expression-node": 104,
                    "replacement-node": 103,
                    "name": "TaxClassificationLineItems"
                },
                {
                    "template-line-number": 569,
                    "node-pos": 192,
                    "part": "4",
                    "expression-node": 107,
                    "replacement-node": 106,
                    "name": "TaxClassificationLineItems"
                },
                {
                    "template-line-number": 577,
                    "node-pos": 196,
                    "part": "5",
                    "expression-node": 110,
                    "replacement-node": 109,
                    "name": "TaxClassificationLineItems"
                },
                {
                    "template-line-number": 585,
                    "node-pos": 200,
                    "part": "6",
                    "expression-node": 113,
                    "replacement-node": 112,
                    "name": "TaxClassificationLineItems"
                },
                {
                    "template-line-number": 600,
                    "node-pos": 208,
                    "part": "6",
                    "expression-node": 119,
                    "replacement-node": 118,
                    "name": "TaxClassificationLineItems"
                },
                {
                    "template-line-number": 614,
                    "node-pos": 216,
                    "part": "6",
                    "expression-node": 125,
                    "replacement-node": 124,
                    "name": "TaxClassificationLineItems"
                },
                {
                    "template-line-number": 621,
                    "node-pos": 220,
                    "part": "6",
                    "expression-node": 128,
                    "replacement-node": 127,
                    "name": "TaxClassificationLineItems"
                },
                {
                    "template-line-number": 593,
                    "node-pos": 204,
                    "part": "7",
                    "expression-node": 116,
                    "replacement-node": 115,
                    "name": "TaxClassificationLineItems"
                },
                {
                    "template-line-number": 607,
                    "node-pos": 212,
                    "part": "7",
                    "expression-node": 122,
                    "replacement-node": 121,
                    "name": "TaxClassificationLineItems"
                }
            ],
            "name": "TaxClassificationLineItems"
        },
        "rule-7": [
            {
                "expression-node": 19,
                "template-line-number": 67,
                "replacement-node": 18,
                "node-pos": 35,
                "part": null
            }
        ],
        "rule-4": [
            {
                "html": true,
                "template-line-number": 39,
                "replacement-node": 9,
                "node-pos": 21,
                "part": null
            }
        ],
        "rule-9": [
            {
                "expression-node": 25,
                "template-line-number": 77,
                "replacement-node": 24,
                "node-pos": 44,
                "part": null
            }
        ],
        "rule-6": [
            {
                "template-line-number": 62,
                "replacement-node": 15,
                "node-pos": 31,
                "part": null
            }
        ],
        "rule-19": {
            "subs": [
                {
                    "template-line-number": 150,
                    "part": "1",
                    "node-pos": 89,
                    "extras": {},
                    "name": "DeferredIncomeTaxesHeadings",
                    "replacement-node": 37
                },
                {
                    "template-line-number": 157,
                    "part": "2",
                    "node-pos": 93,
                    "extras": {},
                    "name": "DeferredIncomeTaxesHeadings",
                    "replacement-node": 40
                }
            ],
            "name": "DeferredIncomeTaxesHeadings"
        },
        "rule-5": [
            {
                "html": true,
                "template-line-number": 51,
                "replacement-node": 12,
                "node-pos": 26,
                "part": null
            }
        ],
        "rule-13": [
            {
                "template-line-number": 473,
                "replacement-node": 91,
                "node-pos": 160,
                "part": null
            }
        ]
    }
}