{
    "substitutions": {
        "rule-12": [
            {
                "replacement-node": 31,
                "node-pos": 54,
                "template-line-number": 122,
                "part": null
            }
        ],
        "rule-16": [
            {
                "replacement-node": 72,
                "node-pos": 123,
                "template-line-number": 323,
                "expression-node": 73,
                "part": null
            }
        ],
        "rule-9": [
            {
                "replacement-node": 22,
                "node-pos": 40,
                "template-line-number": 98,
                "part": null
            }
        ],
        "rule-14": [
            {
                "replacement-node": 66,
                "node-pos": 115,
                "template-line-number": 303,
                "expression-node": 67,
                "part": null
            }
        ],
        "rule-7": [
            {
                "replacement-node": 16,
                "node-pos": 32,
                "template-line-number": 84,
                "part": null
            }
        ],
        "rule-5": [
            {
                "replacement-node": 10,
                "html": true,
                "node-pos": 22,
                "template-line-number": 50,
                "part": null
            }
        ],
        "rule-4": [
            {
                "replacement-node": 7,
                "node-pos": 18,
                "template-line-number": 42,
                "part": null
            }
        ],
        "rule-18": [
            {
                "replacement-node": 78,
                "node-pos": 131,
                "template-line-number": 343,
                "expression-node": 79,
                "part": null
            }
        ],
        "rule-30": {
            "name": "ColumnHeadings",
            "subs": [
                {
                    "name": "ColumnHeadings",
                    "replacement-node": 38,
                    "node-pos": 74,
                    "extras": {},
                    "template-line-number": 164,
                    "part": "1"
                },
                {
                    "name": "ColumnHeadings",
                    "replacement-node": 41,
                    "node-pos": 78,
                    "extras": {},
                    "template-line-number": 171,
                    "part": "2"
                }
            ]
        },
        "rule-20": [
            {
                "replacement-node": 84,
                "node-pos": 142,
                "template-line-number": 369,
                "expression-node": 85,
                "part": null
            }
        ],
        "rule-25": [
            {
                "replacement-node": 99,
                "node-pos": 167,
                "template-line-number": 431,
                "expression-node": 100,
                "part": null
            }
        ],
        "rule-31": {
            "name": "SalesOfElectricityByRateSchedule",
            "subs": [
                {
                    "name": "SalesOfElectricityByRateSchedule",
                    "replacement-node": 48,
                    "node-pos": 88,
                    "expression-node": 49,
                    "template-line-number": 241,
                    "part": "2"
                },
                {
                    "name": "SalesOfElectricityByRateSchedule",
                    "replacement-node": 51,
                    "node-pos": 92,
                    "expression-node": 52,
                    "template-line-number": 251,
                    "part": "3"
                },
                {
                    "name": "SalesOfElectricityByRateSchedule",
                    "replacement-node": 54,
                    "node-pos": 96,
                    "expression-node": 55,
                    "template-line-number": 260,
                    "part": "4"
                },
                {
                    "name": "SalesOfElectricityByRateSchedule",
                    "replacement-node": 57,
                    "node-pos": 100,
                    "expression-node": 58,
                    "template-line-number": 268,
                    "part": "5"
                },
                {
                    "name": "SalesOfElectricityByRateSchedule",
                    "replacement-node": 60,
                    "node-pos": 104,
                    "expression-node": 61,
                    "template-line-number": 279,
                    "part": "6"
                },
                {
                    "name": "SalesOfElectricityByRateSchedule",
                    "replacement-node": 63,
                    "node-pos": 108,
                    "expression-node": 64,
                    "template-line-number": 288,
                    "part": "7"
                }
            ]
        },
        "rule-8": [
            {
                "replacement-node": 19,
                "node-pos": 36,
                "template-line-number": 91,
                "expression-node": 20,
                "part": null
            }
        ],
        "rule-24": [
            {
                "replacement-node": 96,
                "node-pos": 163,
                "template-line-number": 421,
                "expression-node": 97,
                "part": null
            }
        ],
        "rule-3": [
            {
                "replacement-node": 4,
                "node-pos": 14,
                "template-line-number": 35,
                "expression-node": 5,
                "part": null
            }
        ],
        "rule-28": [
            {
                "replacement-node": 108,
                "node-pos": 181,
                "template-line-number": 463,
                "part": null
            }
        ],
        "rule-17": [
            {
                "replacement-node": 75,
                "node-pos": 127,
                "template-line-number": 333,
                "expression-node": 76,
                "part": null
            }
        ],
        "rule-29": [
            {
                "replacement-node": 111,
                "node-pos": 185,
                "template-line-number": 473,
                "part": null
            }
        ],
        "rule-22": [
            {
                "replacement-node": 90,
                "node-pos": 155,
                "template-line-number": 401,
                "expression-node": 91,
                "part": null
            }
        ],
        "rule-2": [
            {
                "replacement-node": 1,
                "node-pos": 10,
                "template-line-number": 28,
                "part": null
            }
        ],
        "rule-6": [
            {
                "replacement-node": 13,
                "html": true,
                "node-pos": 27,
                "template-line-number": 66,
                "part": null
            }
        ],
        "rule-11": [
            {
                "replacement-node": 28,
                "node-pos": 48,
                "template-line-number": 111,
                "expression-node": 29,
                "part": null
            }
        ],
        "rule-26": [
            {
                "replacement-node": 102,
                "node-pos": 171,
                "template-line-number": 441,
                "expression-node": 103,
                "part": null
            }
        ],
        "rule-27": [
            {
                "replacement-node": 105,
                "node-pos": 177,
                "template-line-number": 456,
                "expression-node": 106,
                "part": null
            }
        ],
        "rule-23": [
            {
                "replacement-node": 93,
                "node-pos": 159,
                "template-line-number": 411,
                "expression-node": 94,
                "part": null
            }
        ],
        "rule-10": [
            {
                "replacement-node": 25,
                "node-pos": 44,
                "template-line-number": 105,
                "expression-node": 26,
                "part": null
            }
        ],
        "rule-13": [
            {
                "replacement-node": 34,
                "html": true,
                "node-pos": 59,
                "template-line-number": 133,
                "part": null
            }
        ],
        "rule-21": [
            {
                "replacement-node": 87,
                "node-pos": 148,
                "template-line-number": 385,
                "expression-node": 88,
                "part": null
            }
        ],
        "rule-15": [
            {
                "replacement-node": 69,
                "node-pos": 119,
                "template-line-number": 313,
                "expression-node": 70,
                "part": null
            }
        ],
        "rule-19": [
            {
                "replacement-node": 81,
                "node-pos": 138,
                "template-line-number": 359,
                "expression-node": 82,
                "part": null
            }
        ]
    },
    "showifs": {
        "rule-1": {
            "type": "showif",
            "template-line-number": 14
        }
    },
    "line-numbers": {
        "SalesOfElectricityByRateSchedule": [
            {
                "line-number-node": 45,
                "start-number": 1,
                "template-line-number": 233
            }
        ]
    }
}