{
    "showifs": {},
    "substitutions": {
        "rule-13": [
            {
                "part": null,
                "template-line-number": 116,
                "replacement-node": 36,
                "node-pos": 62,
                "html": true
            }
        ],
        "rule-2": [
            {
                "part": null,
                "template-line-number": 26,
                "replacement-node": 3,
                "node-pos": 13,
                "expression-node": 4
            }
        ],
        "rule-19": {
            "subs": [
                {
                    "part": "1",
                    "replacement-node": 47,
                    "extras": {},
                    "template-line-number": 172,
                    "name": "InvHeadings",
                    "node-pos": 86
                },
                {
                    "part": "2",
                    "replacement-node": 50,
                    "extras": {},
                    "template-line-number": 181,
                    "name": "InvHeadings",
                    "node-pos": 90
                },
                {
                    "part": "3",
                    "replacement-node": 45,
                    "extras": {},
                    "template-line-number": 168,
                    "name": "InvHeadings",
                    "node-pos": 84
                }
            ],
            "name": "InvHeadings"
        },
        "rule-5": [
            {
                "part": null,
                "template-line-number": 50,
                "replacement-node": 12,
                "node-pos": 26,
                "html": true
            }
        ],
        "rule-12": [
            {
                "part": null,
                "template-line-number": 105,
                "replacement-node": 33,
                "node-pos": 58
            }
        ],
        "rule-20": {
            "subs": [
                {
                    "part": "2",
                    "replacement-node": 56,
                    "template-line-number": 236,
                    "name": "formula",
                    "node-pos": 99,
                    "expression-node": 57
                },
                {
                    "part": "3",
                    "replacement-node": 59,
                    "template-line-number": 241,
                    "name": "formula",
                    "node-pos": 103,
                    "expression-node": 60
                }
            ],
            "name": "formula"
        },
        "rule-9": [
            {
                "part": null,
                "template-line-number": 76,
                "replacement-node": 24,
                "node-pos": 43,
                "expression-node": 25
            }
        ],
        "rule-3": [
            {
                "part": null,
                "template-line-number": 32,
                "replacement-node": 6,
                "node-pos": 17
            }
        ],
        "rule-11": [
            {
                "part": null,
                "template-line-number": 93,
                "replacement-node": 30,
                "node-pos": 53
            }
        ],
        "rule-17": [
            {
                "part": null,
                "template-line-number": 264,
                "replacement-node": 65,
                "node-pos": 113
            }
        ],
        "rule-16": [
            {
                "part": null,
                "template-line-number": 257,
                "replacement-node": 62,
                "node-pos": 109,
                "expression-node": 63
            }
        ],
        "rule-18": [
            {
                "part": null,
                "template-line-number": 274,
                "replacement-node": 68,
                "node-pos": 117
            }
        ],
        "rule-7": [
            {
                "part": null,
                "template-line-number": 66,
                "replacement-node": 18,
                "node-pos": 35,
                "expression-node": 19
            }
        ],
        "rule-6": [
            {
                "part": null,
                "template-line-number": 61,
                "replacement-node": 15,
                "node-pos": 31
            }
        ],
        "rule-14": [
            {
                "part": null,
                "template-line-number": 128,
                "replacement-node": 39,
                "node-pos": 67,
                "html": true
            }
        ],
        "rule-8": [
            {
                "part": null,
                "template-line-number": 71,
                "replacement-node": 21,
                "node-pos": 39
            }
        ],
        "rule-10": [
            {
                "part": null,
                "template-line-number": 81,
                "replacement-node": 27,
                "node-pos": 47,
                "expression-node": 28
            }
        ],
        "rule-1": [
            {
                "part": null,
                "template-line-number": 21,
                "replacement-node": 0,
                "node-pos": 9
            }
        ],
        "rule-4": [
            {
                "part": null,
                "template-line-number": 38,
                "replacement-node": 9,
                "node-pos": 21,
                "html": true
            }
        ],
        "rule-15": [
            {
                "part": null,
                "template-line-number": 142,
                "replacement-node": 42,
                "node-pos": 73,
                "html": true
            }
        ]
    },
    "line-numbers": {
        "formula": [
            {
                "start-number": 1,
                "template-line-number": 233,
                "line-number-node": 54
            }
        ]
    }
}