{
    "showifs": {
        "rule-1": {
            "type": "showif",
            "template-line-number": 17
        }
    },
    "line-numbers": {
        "AmortizedGainLineItems": [
            {
                "line-number-node": 74,
                "start-rule": "rule-23",
                "template-line-number": 341
            }
        ],
        "RequiredDebtLineItems": [
            {
                "start-number": 9,
                "line-number-node": 102,
                "template-line-number": 461
            }
        ],
        "AmortizedLossLineItems": [
            {
                "start-number": 2,
                "line-number-node": 47,
                "template-line-number": 226
            }
        ]
    },
    "substitutions": {
        "rule-2": [
            {
                "replacement-node": 1,
                "node-pos": 10,
                "template-line-number": 27,
                "part": null
            }
        ],
        "rule-12": [
            {
                "replacement-node": 31,
                "node-pos": 54,
                "template-line-number": 94,
                "part": null
            }
        ],
        "rule-22": {
            "name": "AmortizedLossLineItems",
            "subs": [
                {
                    "replacement-node": 50,
                    "node-pos": 100,
                    "name": "AmortizedLossLineItems",
                    "expression-node": 51,
                    "part": "2",
                    "template-line-number": 229
                },
                {
                    "replacement-node": 53,
                    "node-pos": 104,
                    "name": "AmortizedLossLineItems",
                    "expression-node": 54,
                    "part": "3",
                    "template-line-number": 234
                },
                {
                    "replacement-node": 56,
                    "node-pos": 108,
                    "name": "AmortizedLossLineItems",
                    "expression-node": 57,
                    "part": "4",
                    "template-line-number": 239
                },
                {
                    "replacement-node": 59,
                    "node-pos": 112,
                    "name": "AmortizedLossLineItems",
                    "expression-node": 60,
                    "part": "5",
                    "template-line-number": 244
                },
                {
                    "replacement-node": 62,
                    "node-pos": 116,
                    "name": "AmortizedLossLineItems",
                    "expression-node": 63,
                    "part": "6",
                    "template-line-number": 249
                },
                {
                    "replacement-node": 65,
                    "node-pos": 120,
                    "name": "AmortizedLossLineItems",
                    "expression-node": 66,
                    "part": "7",
                    "template-line-number": 254
                },
                {
                    "replacement-node": 68,
                    "node-pos": 124,
                    "name": "AmortizedLossLineItems",
                    "expression-node": 69,
                    "part": "8",
                    "template-line-number": 259
                }
            ]
        },
        "rule-6": [
            {
                "replacement-node": 13,
                "node-pos": 27,
                "template-line-number": 55,
                "html": true,
                "part": null
            }
        ],
        "rule-9": [
            {
                "replacement-node": 22,
                "node-pos": 40,
                "template-line-number": 75,
                "part": null
            }
        ],
        "rule-4": [
            {
                "replacement-node": 7,
                "node-pos": 18,
                "template-line-number": 37,
                "part": null
            }
        ],
        "rule-20": {
            "name": "RequiredDebt",
            "subs": [
                {
                    "replacement-node": 99,
                    "extras": {},
                    "node-pos": 175,
                    "name": "RequiredDebt",
                    "part": "1",
                    "template-line-number": 400
                }
            ]
        },
        "rule-19": {
            "name": "AmortizedGainLineItems",
            "subs": [
                {
                    "replacement-node": 77,
                    "node-pos": 145,
                    "name": "AmortizedGainLineItems",
                    "expression-node": 78,
                    "part": "2",
                    "template-line-number": 352
                },
                {
                    "replacement-node": 80,
                    "node-pos": 149,
                    "name": "AmortizedGainLineItems",
                    "expression-node": 81,
                    "part": "3",
                    "template-line-number": 357
                },
                {
                    "replacement-node": 83,
                    "node-pos": 153,
                    "name": "AmortizedGainLineItems",
                    "expression-node": 84,
                    "part": "4",
                    "template-line-number": 362
                },
                {
                    "replacement-node": 86,
                    "node-pos": 157,
                    "name": "AmortizedGainLineItems",
                    "expression-node": 87,
                    "part": "5",
                    "template-line-number": 367
                },
                {
                    "replacement-node": 89,
                    "node-pos": 161,
                    "name": "AmortizedGainLineItems",
                    "expression-node": 90,
                    "part": "6",
                    "template-line-number": 372
                },
                {
                    "replacement-node": 92,
                    "node-pos": 165,
                    "name": "AmortizedGainLineItems",
                    "expression-node": 93,
                    "part": "7",
                    "template-line-number": 377
                },
                {
                    "replacement-node": 95,
                    "node-pos": 169,
                    "name": "AmortizedGainLineItems",
                    "expression-node": 96,
                    "part": "8",
                    "template-line-number": 382
                }
            ]
        },
        "rule-21": {
            "name": "ColumnHeadings",
            "subs": [
                {
                    "replacement-node": 40,
                    "extras": {},
                    "node-pos": 77,
                    "html": true,
                    "name": "ColumnHeadings",
                    "part": "1",
                    "template-line-number": 141
                },
                {
                    "replacement-node": 43,
                    "extras": {},
                    "node-pos": 81,
                    "name": "ColumnHeadings",
                    "part": "2",
                    "template-line-number": 150
                },
                {
                    "replacement-node": 38,
                    "extras": {},
                    "node-pos": 75,
                    "name": "ColumnHeadings",
                    "part": "3",
                    "template-line-number": 137
                }
            ]
        },
        "rule-10": [
            {
                "replacement-node": 25,
                "expression-node": 26,
                "node-pos": 44,
                "template-line-number": 79,
                "part": null
            }
        ],
        "rule-18": {
            "name": "RequiredDebtLineItems",
            "subs": [
                {
                    "replacement-node": 105,
                    "node-pos": 184,
                    "name": "RequiredDebtLineItems",
                    "expression-node": 106,
                    "part": "2",
                    "template-line-number": 464
                },
                {
                    "replacement-node": 108,
                    "node-pos": 189,
                    "name": "RequiredDebtLineItems",
                    "expression-node": 109,
                    "part": "3",
                    "template-line-number": 470
                },
                {
                    "replacement-node": 111,
                    "node-pos": 193,
                    "name": "RequiredDebtLineItems",
                    "expression-node": 112,
                    "part": "4",
                    "template-line-number": 475
                },
                {
                    "replacement-node": 114,
                    "node-pos": 197,
                    "name": "RequiredDebtLineItems",
                    "expression-node": 115,
                    "part": "5",
                    "template-line-number": 480
                },
                {
                    "replacement-node": 117,
                    "node-pos": 201,
                    "name": "RequiredDebtLineItems",
                    "expression-node": 118,
                    "part": "6",
                    "template-line-number": 485
                },
                {
                    "replacement-node": 120,
                    "node-pos": 205,
                    "name": "RequiredDebtLineItems",
                    "expression-node": 121,
                    "part": "7",
                    "template-line-number": 490
                }
            ]
        },
        "rule-11": [
            {
                "replacement-node": 28,
                "expression-node": 29,
                "node-pos": 48,
                "template-line-number": 84,
                "part": null
            }
        ],
        "rule-7": [
            {
                "replacement-node": 16,
                "node-pos": 32,
                "template-line-number": 66,
                "part": null
            }
        ],
        "rule-13": [
            {
                "replacement-node": 34,
                "node-pos": 59,
                "template-line-number": 105,
                "html": true,
                "part": null
            }
        ],
        "rule-15": [
            {
                "replacement-node": 123,
                "expression-node": 124,
                "node-pos": 211,
                "template-line-number": 501,
                "part": null
            }
        ],
        "rule-3": [
            {
                "replacement-node": 4,
                "expression-node": 5,
                "node-pos": 14,
                "template-line-number": 31,
                "part": null
            }
        ],
        "rule-16": [
            {
                "replacement-node": 126,
                "node-pos": 215,
                "template-line-number": 506,
                "part": null
            }
        ],
        "rule-17": [
            {
                "replacement-node": 129,
                "node-pos": 219,
                "template-line-number": 515,
                "part": null
            }
        ],
        "rule-14": [
            {
                "replacement-node": 71,
                "node-pos": 129,
                "template-line-number": 267,
                "part": null
            }
        ],
        "rule-5": [
            {
                "replacement-node": 10,
                "node-pos": 22,
                "template-line-number": 43,
                "html": true,
                "part": null
            }
        ],
        "rule-8": [
            {
                "replacement-node": 19,
                "expression-node": 20,
                "node-pos": 36,
                "template-line-number": 70,
                "part": null
            }
        ]
    }
}