{
    "line-numbers": {
        "Substations": [
            {
                "template-line-number": 247,
                "start-number": 1,
                "line-number-node": 46
            }
        ]
    },
    "substitutions": {
        "rule-15": [
            {
                "part": null,
                "node-pos": 153,
                "replacement-node": 87,
                "template-line-number": 333
            }
        ],
        "rule-3": [
            {
                "part": null,
                "node-pos": 17,
                "replacement-node": 6,
                "template-line-number": 33
            }
        ],
        "rule-7": [
            {
                "part": null,
                "node-pos": 35,
                "expression-node": 19,
                "replacement-node": 18,
                "template-line-number": 67
            }
        ],
        "rule-11": [
            {
                "part": null,
                "html": true,
                "node-pos": 53,
                "replacement-node": 30,
                "template-line-number": 92
            }
        ],
        "rule-17": {
            "name": "ColumnHeadings",
            "subs": [
                {
                    "template-line-number": 156,
                    "node-pos": 86,
                    "replacement-node": 39,
                    "extras": {},
                    "part": "1",
                    "name": "ColumnHeadings"
                },
                {
                    "template-line-number": 164,
                    "node-pos": 90,
                    "replacement-node": 42,
                    "extras": {},
                    "part": "2",
                    "name": "ColumnHeadings"
                },
                {
                    "template-line-number": 152,
                    "node-pos": 84,
                    "replacement-node": 37,
                    "extras": {},
                    "part": "3",
                    "name": "ColumnHeadings"
                }
            ]
        },
        "rule-14": [
            {
                "part": null,
                "node-pos": 149,
                "replacement-node": 84,
                "template-line-number": 323
            }
        ],
        "rule-16": {
            "name": "Substations",
            "subs": [
                {
                    "template-line-number": 290,
                    "replacement-node": 72,
                    "expression-node": 73,
                    "part": "10",
                    "node-pos": 131,
                    "name": "Substations"
                },
                {
                    "template-line-number": 295,
                    "replacement-node": 75,
                    "expression-node": 76,
                    "part": "11",
                    "node-pos": 135,
                    "name": "Substations"
                },
                {
                    "template-line-number": 300,
                    "replacement-node": 78,
                    "expression-node": 79,
                    "part": "11",
                    "node-pos": 139,
                    "name": "Substations"
                },
                {
                    "template-line-number": 250,
                    "replacement-node": 48,
                    "expression-node": 49,
                    "part": "2",
                    "node-pos": 99,
                    "name": "Substations"
                },
                {
                    "template-line-number": 255,
                    "replacement-node": 51,
                    "expression-node": 52,
                    "part": "3",
                    "node-pos": 103,
                    "name": "Substations"
                },
                {
                    "template-line-number": 260,
                    "replacement-node": 54,
                    "expression-node": 55,
                    "part": "4",
                    "node-pos": 107,
                    "name": "Substations"
                },
                {
                    "template-line-number": 265,
                    "replacement-node": 57,
                    "expression-node": 58,
                    "part": "5",
                    "node-pos": 111,
                    "name": "Substations"
                },
                {
                    "template-line-number": 270,
                    "replacement-node": 60,
                    "expression-node": 61,
                    "part": "6",
                    "node-pos": 115,
                    "name": "Substations"
                },
                {
                    "template-line-number": 275,
                    "replacement-node": 63,
                    "expression-node": 64,
                    "part": "7",
                    "node-pos": 119,
                    "name": "Substations"
                },
                {
                    "template-line-number": 280,
                    "replacement-node": 66,
                    "expression-node": 67,
                    "part": "8",
                    "node-pos": 123,
                    "name": "Substations"
                },
                {
                    "template-line-number": 285,
                    "replacement-node": 69,
                    "expression-node": 70,
                    "part": "9",
                    "node-pos": 127,
                    "name": "Substations"
                }
            ]
        },
        "rule-13": [
            {
                "part": null,
                "node-pos": 145,
                "expression-node": 82,
                "replacement-node": 81,
                "template-line-number": 316
            }
        ],
        "rule-8": [
            {
                "part": null,
                "node-pos": 39,
                "replacement-node": 21,
                "template-line-number": 72
            }
        ],
        "rule-4": [
            {
                "part": null,
                "html": true,
                "node-pos": 21,
                "replacement-node": 9,
                "template-line-number": 39
            }
        ],
        "rule-10": [
            {
                "part": null,
                "node-pos": 47,
                "expression-node": 28,
                "replacement-node": 27,
                "template-line-number": 82
            }
        ],
        "rule-6": [
            {
                "part": null,
                "node-pos": 31,
                "replacement-node": 15,
                "template-line-number": 62
            }
        ],
        "rule-2": [
            {
                "part": null,
                "node-pos": 13,
                "expression-node": 4,
                "replacement-node": 3,
                "template-line-number": 27
            }
        ],
        "rule-1": [
            {
                "part": null,
                "node-pos": 9,
                "replacement-node": 0,
                "template-line-number": 22
            }
        ],
        "rule-12": [
            {
                "part": null,
                "html": true,
                "node-pos": 58,
                "replacement-node": 33,
                "template-line-number": 104
            }
        ],
        "rule-5": [
            {
                "part": null,
                "html": true,
                "node-pos": 26,
                "replacement-node": 12,
                "template-line-number": 51
            }
        ],
        "rule-9": [
            {
                "part": null,
                "node-pos": 43,
                "expression-node": 25,
                "replacement-node": 24,
                "template-line-number": 77
            }
        ]
    },
    "showifs": {}
}