{
    "showifs": {},
    "substitutions": {
        "rule-20": [
            {
                "template-line-number": 475,
                "expression-node": 119,
                "part": null,
                "node-pos": 208,
                "replacement-node": 118
            }
        ],
        "rule-24": [
            {
                "template-line-number": 514,
                "node-pos": 226,
                "part": null,
                "replacement-node": 130
            }
        ],
        "rule-1": [
            {
                "template-line-number": 22,
                "node-pos": 9,
                "part": null,
                "replacement-node": 0
            }
        ],
        "rule-6": [
            {
                "template-line-number": 62,
                "node-pos": 31,
                "part": null,
                "replacement-node": 15
            }
        ],
        "rule-18": [
            {
                "template-line-number": 456,
                "expression-node": 113,
                "part": null,
                "node-pos": 200,
                "replacement-node": 112
            }
        ],
        "rule-3": [
            {
                "template-line-number": 33,
                "node-pos": 17,
                "part": null,
                "replacement-node": 6
            }
        ],
        "rule-10": [
            {
                "template-line-number": 82,
                "expression-node": 28,
                "part": null,
                "node-pos": 47,
                "replacement-node": 27
            }
        ],
        "rule-28": {
            "name": "TransStatsHeadings",
            "subs": [
                {
                    "name": "TransStatsHeadings",
                    "template-line-number": 176,
                    "extras": {},
                    "node-pos": 91,
                    "part": "1",
                    "replacement-node": 39
                },
                {
                    "name": "TransStatsHeadings",
                    "template-line-number": 172,
                    "extras": {},
                    "node-pos": 89,
                    "part": "3",
                    "replacement-node": 37
                }
            ]
        },
        "rule-11": [
            {
                "html": true,
                "template-line-number": 92,
                "node-pos": 53,
                "part": null,
                "replacement-node": 30
            }
        ],
        "rule-16": [
            {
                "template-line-number": 438,
                "expression-node": 107,
                "part": null,
                "node-pos": 192,
                "replacement-node": 106
            }
        ],
        "rule-13": [
            {
                "template-line-number": 410,
                "expression-node": 98,
                "part": null,
                "node-pos": 179,
                "replacement-node": 97
            }
        ],
        "rule-14": [
            {
                "template-line-number": 419,
                "expression-node": 101,
                "part": null,
                "node-pos": 183,
                "replacement-node": 100
            }
        ],
        "rule-8": [
            {
                "template-line-number": 72,
                "node-pos": 39,
                "part": null,
                "replacement-node": 21
            }
        ],
        "rule-15": [
            {
                "template-line-number": 428,
                "expression-node": 104,
                "part": null,
                "node-pos": 187,
                "replacement-node": 103
            }
        ],
        "rule-27": {
            "name": "TransmissionLineStatistics",
            "subs": [
                {
                    "replacement-node": 73,
                    "name": "TransmissionLineStatistics",
                    "template-line-number": 360,
                    "node-pos": 140,
                    "part": "10",
                    "expression-node": 74
                },
                {
                    "replacement-node": 76,
                    "name": "TransmissionLineStatistics",
                    "template-line-number": 365,
                    "node-pos": 144,
                    "part": "11",
                    "expression-node": 77
                },
                {
                    "replacement-node": 79,
                    "name": "TransmissionLineStatistics",
                    "template-line-number": 370,
                    "node-pos": 148,
                    "part": "12",
                    "expression-node": 80
                },
                {
                    "replacement-node": 82,
                    "name": "TransmissionLineStatistics",
                    "template-line-number": 375,
                    "node-pos": 152,
                    "part": "13",
                    "expression-node": 83
                },
                {
                    "replacement-node": 85,
                    "name": "TransmissionLineStatistics",
                    "template-line-number": 380,
                    "node-pos": 156,
                    "part": "14",
                    "expression-node": 86
                },
                {
                    "replacement-node": 88,
                    "name": "TransmissionLineStatistics",
                    "template-line-number": 385,
                    "node-pos": 160,
                    "part": "15",
                    "expression-node": 89
                },
                {
                    "replacement-node": 91,
                    "name": "TransmissionLineStatistics",
                    "template-line-number": 390,
                    "node-pos": 164,
                    "part": "16",
                    "expression-node": 92
                },
                {
                    "replacement-node": 94,
                    "name": "TransmissionLineStatistics",
                    "template-line-number": 395,
                    "node-pos": 168,
                    "part": "17",
                    "expression-node": 95
                },
                {
                    "replacement-node": 49,
                    "name": "TransmissionLineStatistics",
                    "template-line-number": 320,
                    "node-pos": 108,
                    "part": "2",
                    "expression-node": 50
                },
                {
                    "replacement-node": 52,
                    "name": "TransmissionLineStatistics",
                    "template-line-number": 325,
                    "node-pos": 112,
                    "part": "3",
                    "expression-node": 53
                },
                {
                    "replacement-node": 55,
                    "name": "TransmissionLineStatistics",
                    "template-line-number": 330,
                    "node-pos": 116,
                    "part": "4",
                    "expression-node": 56
                },
                {
                    "replacement-node": 58,
                    "name": "TransmissionLineStatistics",
                    "template-line-number": 335,
                    "node-pos": 120,
                    "part": "5",
                    "expression-node": 59
                },
                {
                    "replacement-node": 61,
                    "name": "TransmissionLineStatistics",
                    "template-line-number": 340,
                    "node-pos": 124,
                    "part": "6",
                    "expression-node": 62
                },
                {
                    "replacement-node": 64,
                    "name": "TransmissionLineStatistics",
                    "template-line-number": 345,
                    "node-pos": 128,
                    "part": "7",
                    "expression-node": 65
                },
                {
                    "replacement-node": 67,
                    "name": "TransmissionLineStatistics",
                    "template-line-number": 350,
                    "node-pos": 132,
                    "part": "8",
                    "expression-node": 68
                },
                {
                    "replacement-node": 70,
                    "name": "TransmissionLineStatistics",
                    "template-line-number": 355,
                    "node-pos": 136,
                    "part": "9",
                    "expression-node": 71
                }
            ]
        },
        "rule-23": [
            {
                "template-line-number": 507,
                "expression-node": 128,
                "part": null,
                "node-pos": 222,
                "replacement-node": 127
            }
        ],
        "rule-26": {
            "name": "TransStatsHeadings2",
            "subs": [
                {
                    "name": "TransStatsHeadings2",
                    "template-line-number": 202,
                    "extras": {},
                    "node-pos": 99,
                    "part": "2",
                    "replacement-node": 43
                }
            ]
        },
        "rule-22": [
            {
                "template-line-number": 493,
                "expression-node": 125,
                "part": null,
                "node-pos": 216,
                "replacement-node": 124
            }
        ],
        "rule-9": [
            {
                "template-line-number": 77,
                "expression-node": 25,
                "part": null,
                "node-pos": 43,
                "replacement-node": 24
            }
        ],
        "rule-7": [
            {
                "template-line-number": 67,
                "expression-node": 19,
                "part": null,
                "node-pos": 35,
                "replacement-node": 18
            }
        ],
        "rule-19": [
            {
                "template-line-number": 466,
                "expression-node": 116,
                "part": null,
                "node-pos": 204,
                "replacement-node": 115
            }
        ],
        "rule-4": [
            {
                "html": true,
                "template-line-number": 39,
                "node-pos": 21,
                "part": null,
                "replacement-node": 9
            }
        ],
        "rule-17": [
            {
                "template-line-number": 447,
                "expression-node": 110,
                "part": null,
                "node-pos": 196,
                "replacement-node": 109
            }
        ],
        "rule-12": [
            {
                "html": true,
                "template-line-number": 104,
                "node-pos": 58,
                "part": null,
                "replacement-node": 33
            }
        ],
        "rule-5": [
            {
                "html": true,
                "template-line-number": 51,
                "node-pos": 26,
                "part": null,
                "replacement-node": 12
            }
        ],
        "rule-25": [
            {
                "template-line-number": 524,
                "node-pos": 230,
                "part": null,
                "replacement-node": 133
            }
        ],
        "rule-2": [
            {
                "template-line-number": 27,
                "expression-node": 4,
                "part": null,
                "node-pos": 13,
                "replacement-node": 3
            }
        ],
        "rule-21": [
            {
                "template-line-number": 484,
                "expression-node": 122,
                "part": null,
                "node-pos": 212,
                "replacement-node": 121
            }
        ]
    },
    "line-numbers": {
        "TransmissionLineStatistics": [
            {
                "template-line-number": 317,
                "line-number-node": 47,
                "start-number": 1
            }
        ]
    }
}