{
    "line-numbers": {
        "TransmissionLineStatistics": [
            {
                "line-number-node": 47,
                "template-line-number": 304,
                "start-number": 1
            }
        ]
    },
    "showifs": {},
    "substitutions": {
        "rule-23": [
            {
                "expression-node": 128,
                "node-pos": 222,
                "template-line-number": 494,
                "part": null,
                "replacement-node": 127
            }
        ],
        "rule-19": [
            {
                "expression-node": 116,
                "node-pos": 204,
                "template-line-number": 453,
                "part": null,
                "replacement-node": 115
            }
        ],
        "rule-1": [
            {
                "node-pos": 9,
                "template-line-number": 22,
                "part": null,
                "replacement-node": 0
            }
        ],
        "rule-22": [
            {
                "expression-node": 125,
                "node-pos": 216,
                "template-line-number": 480,
                "part": null,
                "replacement-node": 124
            }
        ],
        "rule-25": [
            {
                "node-pos": 230,
                "template-line-number": 511,
                "part": null,
                "replacement-node": 133
            }
        ],
        "rule-18": [
            {
                "expression-node": 113,
                "node-pos": 200,
                "template-line-number": 443,
                "part": null,
                "replacement-node": 112
            }
        ],
        "rule-24": [
            {
                "node-pos": 226,
                "template-line-number": 501,
                "part": null,
                "replacement-node": 130
            }
        ],
        "rule-11": [
            {
                "html": true,
                "node-pos": 53,
                "template-line-number": 92,
                "part": null,
                "replacement-node": 30
            }
        ],
        "rule-2": [
            {
                "expression-node": 4,
                "node-pos": 13,
                "template-line-number": 27,
                "part": null,
                "replacement-node": 3
            }
        ],
        "rule-10": [
            {
                "expression-node": 28,
                "node-pos": 47,
                "template-line-number": 82,
                "part": null,
                "replacement-node": 27
            }
        ],
        "rule-5": [
            {
                "html": true,
                "node-pos": 26,
                "template-line-number": 51,
                "part": null,
                "replacement-node": 12
            }
        ],
        "rule-12": [
            {
                "html": true,
                "node-pos": 58,
                "template-line-number": 104,
                "part": null,
                "replacement-node": 33
            }
        ],
        "rule-21": [
            {
                "expression-node": 122,
                "node-pos": 212,
                "template-line-number": 471,
                "part": null,
                "replacement-node": 121
            }
        ],
        "rule-13": [
            {
                "expression-node": 98,
                "node-pos": 179,
                "template-line-number": 397,
                "part": null,
                "replacement-node": 97
            }
        ],
        "rule-7": [
            {
                "expression-node": 19,
                "node-pos": 35,
                "template-line-number": 67,
                "part": null,
                "replacement-node": 18
            }
        ],
        "rule-6": [
            {
                "node-pos": 31,
                "template-line-number": 62,
                "part": null,
                "replacement-node": 15
            }
        ],
        "rule-26": {
            "subs": [
                {
                    "template-line-number": 176,
                    "name": "TransStatsHeadings",
                    "extras": {},
                    "node-pos": 91,
                    "replacement-node": 39,
                    "part": "1"
                },
                {
                    "template-line-number": 172,
                    "name": "TransStatsHeadings",
                    "extras": {},
                    "node-pos": 89,
                    "replacement-node": 37,
                    "part": "3"
                }
            ],
            "name": "TransStatsHeadings"
        },
        "rule-17": [
            {
                "expression-node": 110,
                "node-pos": 196,
                "template-line-number": 434,
                "part": null,
                "replacement-node": 109
            }
        ],
        "rule-9": [
            {
                "expression-node": 25,
                "node-pos": 43,
                "template-line-number": 77,
                "part": null,
                "replacement-node": 24
            }
        ],
        "rule-14": [
            {
                "expression-node": 101,
                "node-pos": 183,
                "template-line-number": 406,
                "part": null,
                "replacement-node": 100
            }
        ],
        "rule-8": [
            {
                "node-pos": 39,
                "template-line-number": 72,
                "part": null,
                "replacement-node": 21
            }
        ],
        "rule-27": {
            "subs": [
                {
                    "template-line-number": 202,
                    "name": "TransStatsHeadings2",
                    "extras": {},
                    "node-pos": 99,
                    "replacement-node": 43,
                    "part": "2"
                }
            ],
            "name": "TransStatsHeadings2"
        },
        "rule-16": [
            {
                "expression-node": 107,
                "node-pos": 192,
                "template-line-number": 425,
                "part": null,
                "replacement-node": 106
            }
        ],
        "rule-28": {
            "subs": [
                {
                    "template-line-number": 347,
                    "name": "TransmissionLineStatistics",
                    "part": "10",
                    "node-pos": 140,
                    "expression-node": 74,
                    "replacement-node": 73
                },
                {
                    "template-line-number": 352,
                    "name": "TransmissionLineStatistics",
                    "part": "11",
                    "node-pos": 144,
                    "expression-node": 77,
                    "replacement-node": 76
                },
                {
                    "template-line-number": 357,
                    "name": "TransmissionLineStatistics",
                    "part": "12",
                    "node-pos": 148,
                    "expression-node": 80,
                    "replacement-node": 79
                },
                {
                    "template-line-number": 362,
                    "name": "TransmissionLineStatistics",
                    "part": "13",
                    "node-pos": 152,
                    "expression-node": 83,
                    "replacement-node": 82
                },
                {
                    "template-line-number": 367,
                    "name": "TransmissionLineStatistics",
                    "part": "14",
                    "node-pos": 156,
                    "expression-node": 86,
                    "replacement-node": 85
                },
                {
                    "template-line-number": 372,
                    "name": "TransmissionLineStatistics",
                    "part": "15",
                    "node-pos": 160,
                    "expression-node": 89,
                    "replacement-node": 88
                },
                {
                    "template-line-number": 377,
                    "name": "TransmissionLineStatistics",
                    "part": "16",
                    "node-pos": 164,
                    "expression-node": 92,
                    "replacement-node": 91
                },
                {
                    "template-line-number": 382,
                    "name": "TransmissionLineStatistics",
                    "part": "17",
                    "node-pos": 168,
                    "expression-node": 95,
                    "replacement-node": 94
                },
                {
                    "template-line-number": 307,
                    "name": "TransmissionLineStatistics",
                    "part": "2",
                    "node-pos": 108,
                    "expression-node": 50,
                    "replacement-node": 49
                },
                {
                    "template-line-number": 312,
                    "name": "TransmissionLineStatistics",
                    "part": "3",
                    "node-pos": 112,
                    "expression-node": 53,
                    "replacement-node": 52
                },
                {
                    "template-line-number": 317,
                    "name": "TransmissionLineStatistics",
                    "part": "4",
                    "node-pos": 116,
                    "expression-node": 56,
                    "replacement-node": 55
                },
                {
                    "template-line-number": 322,
                    "name": "TransmissionLineStatistics",
                    "part": "5",
                    "node-pos": 120,
                    "expression-node": 59,
                    "replacement-node": 58
                },
                {
                    "template-line-number": 327,
                    "name": "TransmissionLineStatistics",
                    "part": "6",
                    "node-pos": 124,
                    "expression-node": 62,
                    "replacement-node": 61
                },
                {
                    "template-line-number": 332,
                    "name": "TransmissionLineStatistics",
                    "part": "7",
                    "node-pos": 128,
                    "expression-node": 65,
                    "replacement-node": 64
                },
                {
                    "template-line-number": 337,
                    "name": "TransmissionLineStatistics",
                    "part": "8",
                    "node-pos": 132,
                    "expression-node": 68,
                    "replacement-node": 67
                },
                {
                    "template-line-number": 342,
                    "name": "TransmissionLineStatistics",
                    "part": "9",
                    "node-pos": 136,
                    "expression-node": 71,
                    "replacement-node": 70
                }
            ],
            "name": "TransmissionLineStatistics"
        },
        "rule-4": [
            {
                "html": true,
                "node-pos": 21,
                "template-line-number": 39,
                "part": null,
                "replacement-node": 9
            }
        ],
        "rule-15": [
            {
                "expression-node": 104,
                "node-pos": 187,
                "template-line-number": 415,
                "part": null,
                "replacement-node": 103
            }
        ],
        "rule-3": [
            {
                "node-pos": 17,
                "template-line-number": 33,
                "part": null,
                "replacement-node": 6
            }
        ],
        "rule-20": [
            {
                "expression-node": 119,
                "node-pos": 208,
                "template-line-number": 462,
                "part": null,
                "replacement-node": 118
            }
        ]
    }
}