{
    "line-numbers": {
        "CapitalStockLineItems": [
            {
                "template-line-number": 790,
                "start-number": 2,
                "line-number-node": 156
            }
        ],
        "CommonStockLineItems": [
            {
                "template-line-number": 277,
                "start-number": 2,
                "line-number-node": 50
            }
        ],
        "PreferredStockLineItems": [
            {
                "template-line-number": 535,
                "line-number-node": 104,
                "start-rule": "rule-40"
            }
        ]
    },
    "showifs": {
        "rule-1": {
            "template-line-number": 18,
            "type": "showif"
        }
    },
    "substitutions": {
        "rule-25": [
            {
                "replacement-node": 146,
                "expression-node": 147,
                "part": null,
                "node-pos": 266,
                "template-line-number": 669
            }
        ],
        "rule-22": [
            {
                "replacement-node": 137,
                "template-line-number": 623,
                "part": null,
                "node-pos": 251
            }
        ],
        "rule-36": {
            "subs": [
                {
                    "expression-node": 183,
                    "node-pos": 331,
                    "replacement-node": 182,
                    "template-line-number": 867,
                    "part": "10",
                    "name": "CapitalStockLineItems"
                },
                {
                    "expression-node": 186,
                    "node-pos": 335,
                    "replacement-node": 185,
                    "template-line-number": 876,
                    "part": "11",
                    "name": "CapitalStockLineItems"
                },
                {
                    "expression-node": 159,
                    "node-pos": 299,
                    "replacement-node": 158,
                    "template-line-number": 796,
                    "part": "2",
                    "name": "CapitalStockLineItems"
                },
                {
                    "expression-node": 162,
                    "node-pos": 303,
                    "replacement-node": 161,
                    "template-line-number": 806,
                    "part": "3",
                    "name": "CapitalStockLineItems"
                },
                {
                    "expression-node": 165,
                    "node-pos": 307,
                    "replacement-node": 164,
                    "template-line-number": 813,
                    "part": "4",
                    "name": "CapitalStockLineItems"
                },
                {
                    "expression-node": 168,
                    "node-pos": 311,
                    "replacement-node": 167,
                    "template-line-number": 822,
                    "part": "5",
                    "name": "CapitalStockLineItems"
                },
                {
                    "expression-node": 171,
                    "node-pos": 315,
                    "replacement-node": 170,
                    "template-line-number": 831,
                    "part": "6",
                    "name": "CapitalStockLineItems"
                },
                {
                    "expression-node": 174,
                    "node-pos": 319,
                    "replacement-node": 173,
                    "template-line-number": 840,
                    "part": "7",
                    "name": "CapitalStockLineItems"
                },
                {
                    "expression-node": 177,
                    "node-pos": 323,
                    "replacement-node": 176,
                    "template-line-number": 849,
                    "part": "8",
                    "name": "CapitalStockLineItems"
                },
                {
                    "expression-node": 180,
                    "node-pos": 327,
                    "replacement-node": 179,
                    "template-line-number": 858,
                    "part": "9",
                    "name": "CapitalStockLineItems"
                }
            ],
            "name": "CapitalStockLineItems"
        },
        "rule-16": [
            {
                "replacement-node": 85,
                "template-line-number": 375,
                "part": null,
                "node-pos": 162
            }
        ],
        "rule-30": [
            {
                "replacement-node": 194,
                "expression-node": 195,
                "part": null,
                "node-pos": 349,
                "template-line-number": 914
            }
        ],
        "rule-20": [
            {
                "replacement-node": 97,
                "template-line-number": 423,
                "part": null,
                "node-pos": 186
            }
        ],
        "rule-28": [
            {
                "replacement-node": 188,
                "template-line-number": 885,
                "part": null,
                "node-pos": 340
            }
        ],
        "rule-21": [
            {
                "replacement-node": 100,
                "template-line-number": 437,
                "part": null,
                "node-pos": 190
            }
        ],
        "rule-11": [
            {
                "replacement-node": 28,
                "expression-node": 29,
                "part": null,
                "node-pos": 49,
                "template-line-number": 85
            }
        ],
        "rule-19": [
            {
                "replacement-node": 94,
                "expression-node": 95,
                "part": null,
                "node-pos": 177,
                "template-line-number": 408
            }
        ],
        "rule-34": [
            {
                "replacement-node": 206,
                "template-line-number": 956,
                "part": null,
                "node-pos": 373
            }
        ],
        "rule-3": [
            {
                "replacement-node": 4,
                "expression-node": 5,
                "part": null,
                "node-pos": 15,
                "template-line-number": 32
            }
        ],
        "rule-6": [
            {
                "replacement-node": 13,
                "template-line-number": 56,
                "part": null,
                "html": true,
                "node-pos": 28
            }
        ],
        "rule-2": [
            {
                "replacement-node": 1,
                "template-line-number": 28,
                "part": null,
                "node-pos": 11
            }
        ],
        "rule-7": [
            {
                "replacement-node": 16,
                "template-line-number": 67,
                "part": null,
                "node-pos": 33
            }
        ],
        "rule-29": [
            {
                "replacement-node": 191,
                "template-line-number": 901,
                "part": null,
                "node-pos": 344
            }
        ],
        "rule-13": [
            {
                "replacement-node": 34,
                "template-line-number": 107,
                "part": null,
                "html": true,
                "node-pos": 60
            }
        ],
        "rule-31": [
            {
                "replacement-node": 197,
                "expression-node": 198,
                "part": null,
                "node-pos": 355,
                "template-line-number": 925
            }
        ],
        "rule-14": [
            {
                "replacement-node": 46,
                "template-line-number": 179,
                "part": null,
                "node-pos": 98
            }
        ],
        "rule-32": [
            {
                "replacement-node": 200,
                "expression-node": 201,
                "part": null,
                "node-pos": 359,
                "template-line-number": 934
            }
        ],
        "rule-9": [
            {
                "replacement-node": 22,
                "template-line-number": 76,
                "part": null,
                "node-pos": 41
            }
        ],
        "rule-10": [
            {
                "replacement-node": 25,
                "expression-node": 26,
                "part": null,
                "node-pos": 45,
                "template-line-number": 80
            }
        ],
        "rule-39": {
            "subs": [
                {
                    "node-pos": 88,
                    "extras": {},
                    "replacement-node": 40,
                    "template-line-number": 159,
                    "part": "1",
                    "name": "ColumnHeadings"
                },
                {
                    "node-pos": 92,
                    "extras": {},
                    "replacement-node": 43,
                    "template-line-number": 167,
                    "part": "2",
                    "name": "ColumnHeadings"
                },
                {
                    "node-pos": 86,
                    "extras": {},
                    "replacement-node": 38,
                    "template-line-number": 155,
                    "part": "3",
                    "name": "ColumnHeadings"
                }
            ],
            "name": "ColumnHeadings"
        },
        "rule-27": [
            {
                "replacement-node": 152,
                "template-line-number": 695,
                "part": null,
                "node-pos": 280
            }
        ],
        "rule-12": [
            {
                "replacement-node": 31,
                "template-line-number": 96,
                "part": null,
                "node-pos": 55
            }
        ],
        "rule-26": [
            {
                "replacement-node": 149,
                "expression-node": 150,
                "part": null,
                "node-pos": 270,
                "template-line-number": 678
            }
        ],
        "rule-5": [
            {
                "replacement-node": 10,
                "template-line-number": 44,
                "part": null,
                "html": true,
                "node-pos": 23
            }
        ],
        "rule-8": [
            {
                "replacement-node": 19,
                "expression-node": 20,
                "part": null,
                "node-pos": 37,
                "template-line-number": 71
            }
        ],
        "rule-4": [
            {
                "replacement-node": 7,
                "template-line-number": 38,
                "part": null,
                "node-pos": 19
            }
        ],
        "rule-17": [
            {
                "replacement-node": 88,
                "expression-node": 89,
                "part": null,
                "node-pos": 167,
                "template-line-number": 388
            }
        ],
        "rule-23": [
            {
                "replacement-node": 140,
                "template-line-number": 645,
                "part": null,
                "node-pos": 255
            }
        ],
        "rule-15": [
            {
                "replacement-node": 82,
                "template-line-number": 358,
                "part": null,
                "node-pos": 158
            }
        ],
        "rule-35": [
            {
                "replacement-node": 209,
                "template-line-number": 965,
                "part": null,
                "node-pos": 377
            }
        ],
        "rule-37": {
            "subs": [
                {
                    "expression-node": 77,
                    "node-pos": 149,
                    "replacement-node": 76,
                    "template-line-number": 342,
                    "part": "10",
                    "name": "CommonStockLineItems"
                },
                {
                    "expression-node": 80,
                    "node-pos": 153,
                    "replacement-node": 79,
                    "template-line-number": 349,
                    "part": "11",
                    "name": "CommonStockLineItems"
                },
                {
                    "expression-node": 53,
                    "node-pos": 117,
                    "replacement-node": 52,
                    "template-line-number": 284,
                    "part": "2",
                    "name": "CommonStockLineItems"
                },
                {
                    "expression-node": 56,
                    "node-pos": 121,
                    "replacement-node": 55,
                    "template-line-number": 292,
                    "part": "3",
                    "name": "CommonStockLineItems"
                },
                {
                    "expression-node": 59,
                    "node-pos": 125,
                    "replacement-node": 58,
                    "template-line-number": 300,
                    "part": "4",
                    "name": "CommonStockLineItems"
                },
                {
                    "expression-node": 62,
                    "node-pos": 129,
                    "replacement-node": 61,
                    "template-line-number": 307,
                    "part": "5",
                    "name": "CommonStockLineItems"
                },
                {
                    "expression-node": 65,
                    "node-pos": 133,
                    "replacement-node": 64,
                    "template-line-number": 314,
                    "part": "6",
                    "name": "CommonStockLineItems"
                },
                {
                    "expression-node": 68,
                    "node-pos": 137,
                    "replacement-node": 67,
                    "template-line-number": 321,
                    "part": "7",
                    "name": "CommonStockLineItems"
                },
                {
                    "expression-node": 71,
                    "node-pos": 141,
                    "replacement-node": 70,
                    "template-line-number": 328,
                    "part": "8",
                    "name": "CommonStockLineItems"
                },
                {
                    "expression-node": 74,
                    "node-pos": 145,
                    "replacement-node": 73,
                    "template-line-number": 335,
                    "part": "9",
                    "name": "CommonStockLineItems"
                }
            ],
            "name": "CommonStockLineItems"
        },
        "rule-18": [
            {
                "replacement-node": 91,
                "expression-node": 92,
                "part": null,
                "node-pos": 173,
                "template-line-number": 399
            }
        ],
        "rule-24": [
            {
                "replacement-node": 143,
                "expression-node": 144,
                "part": null,
                "node-pos": 260,
                "template-line-number": 658
            }
        ],
        "rule-38": {
            "subs": [
                {
                    "expression-node": 132,
                    "node-pos": 242,
                    "replacement-node": 131,
                    "template-line-number": 607,
                    "part": "10",
                    "name": "PreferredStockLineItems"
                },
                {
                    "expression-node": 135,
                    "node-pos": 246,
                    "replacement-node": 134,
                    "template-line-number": 614,
                    "part": "11",
                    "name": "PreferredStockLineItems"
                },
                {
                    "expression-node": 108,
                    "node-pos": 210,
                    "replacement-node": 107,
                    "template-line-number": 551,
                    "part": "2",
                    "name": "PreferredStockLineItems"
                },
                {
                    "expression-node": 111,
                    "node-pos": 214,
                    "replacement-node": 110,
                    "template-line-number": 557,
                    "part": "3",
                    "name": "PreferredStockLineItems"
                },
                {
                    "expression-node": 114,
                    "node-pos": 218,
                    "replacement-node": 113,
                    "template-line-number": 565,
                    "part": "4",
                    "name": "PreferredStockLineItems"
                },
                {
                    "expression-node": 117,
                    "node-pos": 222,
                    "replacement-node": 116,
                    "template-line-number": 572,
                    "part": "5",
                    "name": "PreferredStockLineItems"
                },
                {
                    "expression-node": 120,
                    "node-pos": 226,
                    "replacement-node": 119,
                    "template-line-number": 579,
                    "part": "6",
                    "name": "PreferredStockLineItems"
                },
                {
                    "expression-node": 123,
                    "node-pos": 230,
                    "replacement-node": 122,
                    "template-line-number": 586,
                    "part": "7",
                    "name": "PreferredStockLineItems"
                },
                {
                    "expression-node": 126,
                    "node-pos": 234,
                    "replacement-node": 125,
                    "template-line-number": 593,
                    "part": "8",
                    "name": "PreferredStockLineItems"
                },
                {
                    "expression-node": 129,
                    "node-pos": 238,
                    "replacement-node": 128,
                    "template-line-number": 600,
                    "part": "9",
                    "name": "PreferredStockLineItems"
                }
            ],
            "name": "PreferredStockLineItems"
        },
        "rule-33": [
            {
                "replacement-node": 203,
                "expression-node": 204,
                "part": null,
                "node-pos": 369,
                "template-line-number": 951
            }
        ]
    }
}