{
    "substitutions": {
        "rule-6": [
            {
                "html": true,
                "node-pos": 27,
                "part": null,
                "template-line-number": 55,
                "replacement-node": 13
            }
        ],
        "rule-17": [
            {
                "expression-node": 71,
                "node-pos": 122,
                "part": null,
                "template-line-number": 267,
                "replacement-node": 70
            }
        ],
        "rule-3": [
            {
                "expression-node": 5,
                "node-pos": 14,
                "part": null,
                "template-line-number": 31,
                "replacement-node": 4
            }
        ],
        "rule-8": [
            {
                "expression-node": 20,
                "node-pos": 36,
                "part": null,
                "template-line-number": 70,
                "replacement-node": 19
            }
        ],
        "rule-12": [
            {
                "node-pos": 54,
                "part": null,
                "template-line-number": 94,
                "replacement-node": 31
            }
        ],
        "rule-5": [
            {
                "html": true,
                "node-pos": 22,
                "part": null,
                "template-line-number": 43,
                "replacement-node": 10
            }
        ],
        "rule-4": [
            {
                "node-pos": 18,
                "part": null,
                "template-line-number": 37,
                "replacement-node": 7
            }
        ],
        "rule-14": [
            {
                "node-pos": 106,
                "part": null,
                "template-line-number": 230,
                "replacement-node": 61
            }
        ],
        "rule-20": {
            "name": "TransmissionAndCompressionOfGasByOthers",
            "subs": [
                {
                    "expression-node": 50,
                    "part": "2",
                    "name": "TransmissionAndCompressionOfGasByOthers",
                    "replacement-node": 49,
                    "template-line-number": 203,
                    "node-pos": 88
                },
                {
                    "extras": {},
                    "part": "3",
                    "name": "TransmissionAndCompressionOfGasByOthers",
                    "replacement-node": 52,
                    "template-line-number": 208,
                    "node-pos": 92
                },
                {
                    "expression-node": 56,
                    "part": "4",
                    "name": "TransmissionAndCompressionOfGasByOthers",
                    "replacement-node": 55,
                    "template-line-number": 214,
                    "node-pos": 96
                },
                {
                    "expression-node": 59,
                    "part": "5",
                    "name": "TransmissionAndCompressionOfGasByOthers",
                    "replacement-node": 58,
                    "template-line-number": 220,
                    "node-pos": 100
                }
            ]
        },
        "rule-16": [
            {
                "expression-node": 68,
                "node-pos": 116,
                "part": null,
                "template-line-number": 254,
                "replacement-node": 67
            }
        ],
        "rule-2": [
            {
                "node-pos": 10,
                "part": null,
                "template-line-number": 27,
                "replacement-node": 1
            }
        ],
        "rule-15": [
            {
                "expression-node": 65,
                "node-pos": 112,
                "part": null,
                "template-line-number": 244,
                "replacement-node": 64
            }
        ],
        "rule-7": [
            {
                "node-pos": 32,
                "part": null,
                "template-line-number": 66,
                "replacement-node": 16
            }
        ],
        "rule-21": {
            "name": "InvHeadings",
            "subs": [
                {
                    "extras": {},
                    "part": "1",
                    "name": "InvHeadings",
                    "replacement-node": 40,
                    "template-line-number": 139,
                    "node-pos": 75
                },
                {
                    "extras": {},
                    "part": "2",
                    "name": "InvHeadings",
                    "replacement-node": 43,
                    "template-line-number": 148,
                    "node-pos": 79
                },
                {
                    "extras": {},
                    "part": "3",
                    "name": "InvHeadings",
                    "replacement-node": 38,
                    "template-line-number": 135,
                    "node-pos": 73
                }
            ]
        },
        "rule-11": [
            {
                "expression-node": 29,
                "node-pos": 48,
                "part": null,
                "template-line-number": 84,
                "replacement-node": 28
            }
        ],
        "rule-13": [
            {
                "html": true,
                "node-pos": 59,
                "part": null,
                "template-line-number": 105,
                "replacement-node": 34
            }
        ],
        "rule-19": [
            {
                "node-pos": 130,
                "part": null,
                "template-line-number": 281,
                "replacement-node": 76
            }
        ],
        "rule-9": [
            {
                "node-pos": 40,
                "part": null,
                "template-line-number": 75,
                "replacement-node": 22
            }
        ],
        "rule-18": [
            {
                "node-pos": 126,
                "part": null,
                "template-line-number": 272,
                "replacement-node": 73
            }
        ],
        "rule-10": [
            {
                "expression-node": 26,
                "node-pos": 44,
                "part": null,
                "template-line-number": 79,
                "replacement-node": 25
            }
        ]
    },
    "showifs": {
        "rule-1": {
            "template-line-number": 17,
            "type": "showif"
        }
    },
    "line-numbers": {
        "TransmissionAndCompressionOfGasByOthers": [
            {
                "line-number-node": 47,
                "start-number": 1,
                "template-line-number": 200
            }
        ]
    }
}