{
    "substitutions": {
        "rule-8": [
            {
                "expression-node": 20,
                "part": null,
                "replacement-node": 19,
                "node-pos": 36,
                "template-line-number": 75
            }
        ],
        "rule-9": [
            {
                "part": null,
                "replacement-node": 22,
                "node-pos": 40,
                "template-line-number": 80
            }
        ],
        "rule-14": [
            {
                "part": null,
                "replacement-node": 62,
                "node-pos": 102,
                "template-line-number": 220
            }
        ],
        "rule-5": [
            {
                "html": true,
                "part": null,
                "replacement-node": 10,
                "node-pos": 22,
                "template-line-number": 47
            }
        ],
        "rule-17": {
            "subs": [
                {
                    "node-pos": 62,
                    "name": "BSHeadings",
                    "part": "1",
                    "replacement-node": 35,
                    "extras": {},
                    "template-line-number": 124
                },
                {
                    "node-pos": 66,
                    "name": "BSHeadings",
                    "part": "2",
                    "replacement-node": 38,
                    "extras": {},
                    "template-line-number": 131
                }
            ],
            "name": "BSHeadings"
        },
        "rule-3": [
            {
                "expression-node": 5,
                "part": null,
                "replacement-node": 4,
                "node-pos": 14,
                "template-line-number": 35
            }
        ],
        "rule-2": [
            {
                "part": null,
                "replacement-node": 1,
                "node-pos": 10,
                "template-line-number": 30
            }
        ],
        "rule-7": [
            {
                "part": null,
                "replacement-node": 16,
                "node-pos": 32,
                "template-line-number": 70
            }
        ],
        "rule-11": [
            {
                "expression-node": 29,
                "part": null,
                "replacement-node": 28,
                "node-pos": 48,
                "template-line-number": 90
            }
        ],
        "rule-13": [
            {
                "expression-node": 60,
                "part": null,
                "replacement-node": 59,
                "node-pos": 98,
                "template-line-number": 213
            }
        ],
        "rule-16": {
            "subs": [
                {
                    "node-pos": 72,
                    "name": "BSLineItems",
                    "part": "1",
                    "replacement-node": 42,
                    "extras": {},
                    "template-line-number": 170
                },
                {
                    "node-pos": 80,
                    "name": "BSLineItems",
                    "part": "2",
                    "replacement-node": 47,
                    "extras": {},
                    "template-line-number": 181
                },
                {
                    "node-pos": 85,
                    "name": "BSLineItems",
                    "part": "3",
                    "replacement-node": 51,
                    "extras": {},
                    "template-line-number": 190
                },
                {
                    "node-pos": 88,
                    "name": "BSLineItems",
                    "expression-node": 54,
                    "part": "4",
                    "replacement-node": 53,
                    "template-line-number": 195
                },
                {
                    "node-pos": 92,
                    "name": "BSLineItems",
                    "expression-node": 57,
                    "part": "5",
                    "replacement-node": 56,
                    "template-line-number": 201
                },
                {
                    "node-pos": 78,
                    "name": "BSLineItems",
                    "part": "6",
                    "replacement-node": 45,
                    "extras": {},
                    "template-line-number": 177
                }
            ],
            "name": "BSLineItems"
        },
        "rule-6": [
            {
                "html": true,
                "part": null,
                "replacement-node": 13,
                "node-pos": 27,
                "template-line-number": 59
            }
        ],
        "rule-15": [
            {
                "part": null,
                "replacement-node": 65,
                "node-pos": 106,
                "template-line-number": 230
            }
        ],
        "rule-4": [
            {
                "part": null,
                "replacement-node": 7,
                "node-pos": 18,
                "template-line-number": 41
            }
        ],
        "rule-12": [
            {
                "part": null,
                "replacement-node": 31,
                "node-pos": 54,
                "template-line-number": 100
            }
        ],
        "rule-10": [
            {
                "expression-node": 26,
                "part": null,
                "replacement-node": 25,
                "node-pos": 44,
                "template-line-number": 85
            }
        ]
    },
    "line-numbers": {},
    "showifs": {
        "rule-1": {
            "type": "showif",
            "template-line-number": 18
        }
    }
}