{
    "substitutions": {
        "rule-19": [
            {
                "expression-node": 86,
                "replacement-node": 85,
                "template-line-number": 329,
                "node-pos": 149,
                "part": null
            }
        ],
        "rule-4": [
            {
                "html": true,
                "replacement-node": 9,
                "template-line-number": 37,
                "node-pos": 21,
                "part": null
            }
        ],
        "rule-22": {
            "subs": [
                {
                    "expression-node": 49,
                    "template-line-number": 224,
                    "node-pos": 89,
                    "part": "2",
                    "name": "OtherRegulatoryAssets",
                    "replacement-node": 48
                },
                {
                    "expression-node": 51,
                    "template-line-number": 227,
                    "node-pos": 92,
                    "part": "2",
                    "name": "OtherRegulatoryAssets",
                    "replacement-node": 50
                },
                {
                    "expression-node": 53,
                    "template-line-number": 230,
                    "node-pos": 95,
                    "part": "2",
                    "name": "OtherRegulatoryAssets",
                    "replacement-node": 52
                },
                {
                    "expression-node": 55,
                    "template-line-number": 233,
                    "node-pos": 98,
                    "part": "3",
                    "name": "OtherRegulatoryAssets",
                    "replacement-node": 54
                },
                {
                    "expression-node": 57,
                    "template-line-number": 236,
                    "node-pos": 101,
                    "part": "4",
                    "name": "OtherRegulatoryAssets",
                    "replacement-node": 56
                },
                {
                    "expression-node": 59,
                    "template-line-number": 239,
                    "node-pos": 104,
                    "part": "5",
                    "name": "OtherRegulatoryAssets",
                    "replacement-node": 58
                },
                {
                    "expression-node": 61,
                    "template-line-number": 242,
                    "node-pos": 107,
                    "part": "6",
                    "name": "OtherRegulatoryAssets",
                    "replacement-node": 60
                },
                {
                    "expression-node": 63,
                    "template-line-number": 245,
                    "node-pos": 110,
                    "part": "7",
                    "name": "OtherRegulatoryAssets",
                    "replacement-node": 62
                },
                {
                    "expression-node": 65,
                    "template-line-number": 248,
                    "node-pos": 113,
                    "part": "8",
                    "name": "OtherRegulatoryAssets",
                    "replacement-node": 64
                }
            ],
            "name": "OtherRegulatoryAssets"
        },
        "rule-6": [
            {
                "replacement-node": 15,
                "template-line-number": 60,
                "node-pos": 31,
                "part": null
            }
        ],
        "rule-13": [
            {
                "replacement-node": 67,
                "template-line-number": 259,
                "node-pos": 119,
                "part": null
            }
        ],
        "rule-3": [
            {
                "replacement-node": 6,
                "template-line-number": 31,
                "node-pos": 17,
                "part": null
            }
        ],
        "rule-5": [
            {
                "html": true,
                "replacement-node": 12,
                "template-line-number": 49,
                "node-pos": 26,
                "part": null
            }
        ],
        "rule-20": [
            {
                "replacement-node": 88,
                "template-line-number": 334,
                "node-pos": 153,
                "part": null
            }
        ],
        "rule-9": [
            {
                "expression-node": 25,
                "replacement-node": 24,
                "template-line-number": 73,
                "node-pos": 43,
                "part": null
            }
        ],
        "rule-1": [
            {
                "replacement-node": 0,
                "template-line-number": 21,
                "node-pos": 9,
                "part": null
            }
        ],
        "rule-14": [
            {
                "expression-node": 71,
                "replacement-node": 70,
                "template-line-number": 277,
                "node-pos": 126,
                "part": null
            }
        ],
        "rule-16": [
            {
                "expression-node": 77,
                "replacement-node": 76,
                "template-line-number": 298,
                "node-pos": 135,
                "part": null
            }
        ],
        "rule-18": [
            {
                "expression-node": 83,
                "replacement-node": 82,
                "template-line-number": 316,
                "node-pos": 143,
                "part": null
            }
        ],
        "rule-10": [
            {
                "expression-node": 28,
                "replacement-node": 27,
                "template-line-number": 78,
                "node-pos": 47,
                "part": null
            }
        ],
        "rule-15": [
            {
                "expression-node": 74,
                "replacement-node": 73,
                "template-line-number": 286,
                "node-pos": 130,
                "part": null
            }
        ],
        "rule-2": [
            {
                "expression-node": 4,
                "replacement-node": 3,
                "template-line-number": 25,
                "node-pos": 13,
                "part": null
            }
        ],
        "rule-7": [
            {
                "expression-node": 19,
                "replacement-node": 18,
                "template-line-number": 64,
                "node-pos": 35,
                "part": null
            }
        ],
        "rule-11": [
            {
                "replacement-node": 30,
                "template-line-number": 88,
                "node-pos": 53,
                "part": null
            }
        ],
        "rule-21": [
            {
                "replacement-node": 91,
                "template-line-number": 343,
                "node-pos": 157,
                "part": null
            }
        ],
        "rule-17": [
            {
                "expression-node": 80,
                "replacement-node": 79,
                "template-line-number": 307,
                "node-pos": 139,
                "part": null
            }
        ],
        "rule-8": [
            {
                "replacement-node": 21,
                "template-line-number": 69,
                "node-pos": 39,
                "part": null
            }
        ],
        "rule-12": [
            {
                "html": true,
                "replacement-node": 33,
                "template-line-number": 99,
                "node-pos": 58,
                "part": null
            }
        ],
        "rule-23": {
            "subs": [
                {
                    "template-line-number": 135,
                    "node-pos": 76,
                    "part": "1",
                    "name": "OtherRegAssetsHeadings",
                    "extras": {},
                    "replacement-node": 39
                },
                {
                    "template-line-number": 144,
                    "node-pos": 80,
                    "part": "2",
                    "name": "OtherRegAssetsHeadings",
                    "extras": {},
                    "replacement-node": 42
                },
                {
                    "template-line-number": 131,
                    "node-pos": 74,
                    "part": "3",
                    "name": "OtherRegAssetsHeadings",
                    "extras": {},
                    "replacement-node": 37
                }
            ],
            "name": "OtherRegAssetsHeadings"
        }
    },
    "line-numbers": {
        "OtherRegulatoryAssets": [
            {
                "template-line-number": 221,
                "line-number-node": 46,
                "start-number": 1
            }
        ]
    },
    "showifs": {}
}