{
    "substitutions": {
        "rule-16": [
            {
                "replacement-node": 76,
                "template-line-number": 298,
                "part": null,
                "node-pos": 135,
                "expression-node": 77
            }
        ],
        "rule-4": [
            {
                "replacement-node": 9,
                "template-line-number": 37,
                "part": null,
                "node-pos": 21,
                "html": true
            }
        ],
        "rule-17": [
            {
                "replacement-node": 79,
                "template-line-number": 307,
                "part": null,
                "node-pos": 139,
                "expression-node": 80
            }
        ],
        "rule-9": [
            {
                "replacement-node": 24,
                "template-line-number": 73,
                "part": null,
                "node-pos": 43,
                "expression-node": 25
            }
        ],
        "rule-14": [
            {
                "replacement-node": 70,
                "template-line-number": 277,
                "part": null,
                "node-pos": 126,
                "expression-node": 71
            }
        ],
        "rule-18": [
            {
                "replacement-node": 82,
                "template-line-number": 316,
                "part": null,
                "node-pos": 143,
                "expression-node": 83
            }
        ],
        "rule-2": [
            {
                "replacement-node": 3,
                "template-line-number": 25,
                "part": null,
                "node-pos": 13,
                "expression-node": 4
            }
        ],
        "rule-19": [
            {
                "replacement-node": 85,
                "template-line-number": 329,
                "part": null,
                "node-pos": 149,
                "expression-node": 86
            }
        ],
        "rule-12": [
            {
                "replacement-node": 33,
                "template-line-number": 99,
                "part": null,
                "node-pos": 58,
                "html": true
            }
        ],
        "rule-15": [
            {
                "replacement-node": 73,
                "template-line-number": 286,
                "part": null,
                "node-pos": 130,
                "expression-node": 74
            }
        ],
        "rule-13": [
            {
                "replacement-node": 67,
                "template-line-number": 259,
                "part": null,
                "node-pos": 119
            }
        ],
        "rule-3": [
            {
                "replacement-node": 6,
                "template-line-number": 31,
                "part": null,
                "node-pos": 17
            }
        ],
        "rule-22": {
            "name": "OtherRegulatoryAssets",
            "subs": [
                {
                    "name": "OtherRegulatoryAssets",
                    "part": "2",
                    "node-pos": 89,
                    "replacement-node": 48,
                    "template-line-number": 224,
                    "expression-node": 49
                },
                {
                    "name": "OtherRegulatoryAssets",
                    "part": "2",
                    "node-pos": 92,
                    "replacement-node": 50,
                    "template-line-number": 227,
                    "expression-node": 51
                },
                {
                    "name": "OtherRegulatoryAssets",
                    "part": "2",
                    "node-pos": 95,
                    "replacement-node": 52,
                    "template-line-number": 230,
                    "expression-node": 53
                },
                {
                    "name": "OtherRegulatoryAssets",
                    "part": "3",
                    "node-pos": 98,
                    "replacement-node": 54,
                    "template-line-number": 233,
                    "expression-node": 55
                },
                {
                    "name": "OtherRegulatoryAssets",
                    "part": "4",
                    "node-pos": 101,
                    "replacement-node": 56,
                    "template-line-number": 236,
                    "expression-node": 57
                },
                {
                    "name": "OtherRegulatoryAssets",
                    "part": "5",
                    "node-pos": 104,
                    "replacement-node": 58,
                    "template-line-number": 239,
                    "expression-node": 59
                },
                {
                    "name": "OtherRegulatoryAssets",
                    "part": "6",
                    "node-pos": 107,
                    "replacement-node": 60,
                    "template-line-number": 242,
                    "expression-node": 61
                },
                {
                    "name": "OtherRegulatoryAssets",
                    "part": "7",
                    "node-pos": 110,
                    "replacement-node": 62,
                    "template-line-number": 245,
                    "expression-node": 63
                },
                {
                    "name": "OtherRegulatoryAssets",
                    "part": "8",
                    "node-pos": 113,
                    "replacement-node": 64,
                    "template-line-number": 248,
                    "expression-node": 65
                }
            ]
        },
        "rule-7": [
            {
                "replacement-node": 18,
                "template-line-number": 64,
                "part": null,
                "node-pos": 35,
                "expression-node": 19
            }
        ],
        "rule-11": [
            {
                "replacement-node": 30,
                "template-line-number": 88,
                "part": null,
                "node-pos": 53
            }
        ],
        "rule-10": [
            {
                "replacement-node": 27,
                "template-line-number": 78,
                "part": null,
                "node-pos": 47,
                "expression-node": 28
            }
        ],
        "rule-6": [
            {
                "replacement-node": 15,
                "template-line-number": 60,
                "part": null,
                "node-pos": 31
            }
        ],
        "rule-8": [
            {
                "replacement-node": 21,
                "template-line-number": 69,
                "part": null,
                "node-pos": 39
            }
        ],
        "rule-5": [
            {
                "replacement-node": 12,
                "template-line-number": 49,
                "part": null,
                "node-pos": 26,
                "html": true
            }
        ],
        "rule-1": [
            {
                "replacement-node": 0,
                "template-line-number": 21,
                "part": null,
                "node-pos": 9
            }
        ],
        "rule-23": {
            "name": "OtherRegAssetsHeadings",
            "subs": [
                {
                    "extras": {},
                    "part": "1",
                    "node-pos": 76,
                    "name": "OtherRegAssetsHeadings",
                    "replacement-node": 39,
                    "template-line-number": 135
                },
                {
                    "extras": {},
                    "part": "2",
                    "node-pos": 80,
                    "name": "OtherRegAssetsHeadings",
                    "replacement-node": 42,
                    "template-line-number": 144
                },
                {
                    "extras": {},
                    "part": "3",
                    "node-pos": 74,
                    "name": "OtherRegAssetsHeadings",
                    "replacement-node": 37,
                    "template-line-number": 131
                }
            ]
        },
        "rule-21": [
            {
                "replacement-node": 91,
                "template-line-number": 343,
                "part": null,
                "node-pos": 157
            }
        ],
        "rule-20": [
            {
                "replacement-node": 88,
                "template-line-number": 334,
                "part": null,
                "node-pos": 153
            }
        ]
    },
    "line-numbers": {
        "OtherRegulatoryAssets": [
            {
                "start-number": 1,
                "template-line-number": 221,
                "line-number-node": 46
            }
        ]
    },
    "showifs": {}
}