{
    "line-numbers": {
        "RevenuesLineItems": [
            {
                "line-number-node": 364,
                "start-number": 96,
                "template-line-number": 1281
            }
        ],
        "GatheringLineItems": [
            {
                "line-number-node": 310,
                "start-number": 92,
                "template-line-number": 1089
            }
        ],
        "TransportationLineItems": [
            {
                "line-number-node": 97,
                "start-number": 3,
                "template-line-number": 409
            }
        ],
        "StorageLineItems": [
            {
                "line-number-node": 205,
                "start-number": 65,
                "template-line-number": 774
            }
        ]
    },
    "showifs": {
        "rule-1": {
            "type": "showif",
            "template-line-number": 17
        }
    },
    "substitutions": {
        "rule-7": [
            {
                "replacement-node": 16,
                "part": null,
                "template-line-number": 69,
                "node-pos": 32
            }
        ],
        "rule-12": [
            {
                "replacement-node": 31,
                "part": null,
                "template-line-number": 99,
                "node-pos": 54
            }
        ],
        "rule-29": {
            "name": "RDHeadings",
            "subs": [
                {
                    "node-pos": 73,
                    "replacement-node": 38,
                    "name": "RDHeadings",
                    "part": "1",
                    "template-line-number": 139,
                    "extras": {}
                },
                {
                    "node-pos": 77,
                    "replacement-node": 41,
                    "name": "RDHeadings",
                    "part": "2",
                    "template-line-number": 146,
                    "extras": {}
                }
            ]
        },
        "rule-14": [
            {
                "replacement-node": 45,
                "part": null,
                "template-line-number": 173,
                "node-pos": 84
            }
        ],
        "rule-25": {
            "name": "SalesLineItems",
            "subs": [
                {
                    "expression-node": 70,
                    "replacement-node": 69,
                    "name": "SalesLineItems",
                    "part": "10",
                    "template-line-number": 242,
                    "node-pos": 117
                },
                {
                    "expression-node": 73,
                    "replacement-node": 72,
                    "name": "SalesLineItems",
                    "part": "11",
                    "template-line-number": 250,
                    "node-pos": 121
                },
                {
                    "expression-node": 76,
                    "replacement-node": 75,
                    "name": "SalesLineItems",
                    "part": "12",
                    "template-line-number": 258,
                    "node-pos": 125
                },
                {
                    "expression-node": 79,
                    "replacement-node": 78,
                    "name": "SalesLineItems",
                    "part": "13",
                    "template-line-number": 266,
                    "node-pos": 129
                },
                {
                    "expression-node": 82,
                    "replacement-node": 81,
                    "name": "SalesLineItems",
                    "part": "14",
                    "template-line-number": 274,
                    "node-pos": 133
                },
                {
                    "expression-node": 85,
                    "replacement-node": 84,
                    "name": "SalesLineItems",
                    "part": "15",
                    "template-line-number": 282,
                    "node-pos": 137
                },
                {
                    "expression-node": 88,
                    "replacement-node": 87,
                    "name": "SalesLineItems",
                    "part": "16",
                    "template-line-number": 290,
                    "node-pos": 141
                },
                {
                    "expression-node": 91,
                    "replacement-node": 90,
                    "name": "SalesLineItems",
                    "part": "17",
                    "template-line-number": 298,
                    "node-pos": 145
                },
                {
                    "expression-node": 49,
                    "replacement-node": 48,
                    "name": "SalesLineItems",
                    "part": "3",
                    "template-line-number": 186,
                    "node-pos": 89
                },
                {
                    "expression-node": 64,
                    "replacement-node": 63,
                    "name": "SalesLineItems",
                    "part": "3",
                    "template-line-number": 226,
                    "node-pos": 109
                },
                {
                    "expression-node": 52,
                    "replacement-node": 51,
                    "name": "SalesLineItems",
                    "part": "4",
                    "template-line-number": 194,
                    "node-pos": 93
                },
                {
                    "expression-node": 55,
                    "replacement-node": 54,
                    "name": "SalesLineItems",
                    "part": "5",
                    "template-line-number": 202,
                    "node-pos": 97
                },
                {
                    "expression-node": 58,
                    "replacement-node": 57,
                    "name": "SalesLineItems",
                    "part": "6",
                    "template-line-number": 210,
                    "node-pos": 101
                },
                {
                    "expression-node": 61,
                    "replacement-node": 60,
                    "name": "SalesLineItems",
                    "part": "7",
                    "template-line-number": 218,
                    "node-pos": 105
                },
                {
                    "expression-node": 67,
                    "replacement-node": 66,
                    "name": "SalesLineItems",
                    "part": "9",
                    "template-line-number": 234,
                    "node-pos": 113
                }
            ]
        },
        "rule-21": [
            {
                "replacement-node": 360,
                "part": null,
                "template-line-number": 1225,
                "node-pos": 567
            }
        ],
        "rule-6": [
            {
                "replacement-node": 13,
                "part": null,
                "html": true,
                "template-line-number": 58,
                "node-pos": 27
            }
        ],
        "rule-24": [
            {
                "replacement-node": 420,
                "part": null,
                "template-line-number": 1431,
                "node-pos": 666
            }
        ],
        "rule-28": {
            "name": "RevenuesLineItems",
            "subs": [
                {
                    "node-pos": 593,
                    "replacement-node": 367,
                    "name": "RevenuesLineItems",
                    "part": "1",
                    "template-line-number": 1289,
                    "extras": {}
                },
                {
                    "expression-node": 391,
                    "replacement-node": 390,
                    "name": "RevenuesLineItems",
                    "part": "10",
                    "template-line-number": 1351,
                    "node-pos": 624
                },
                {
                    "expression-node": 394,
                    "replacement-node": 393,
                    "name": "RevenuesLineItems",
                    "part": "11",
                    "template-line-number": 1359,
                    "node-pos": 628
                },
                {
                    "expression-node": 397,
                    "replacement-node": 396,
                    "name": "RevenuesLineItems",
                    "part": "12",
                    "template-line-number": 1367,
                    "node-pos": 632
                },
                {
                    "expression-node": 400,
                    "replacement-node": 399,
                    "name": "RevenuesLineItems",
                    "part": "13",
                    "template-line-number": 1375,
                    "node-pos": 636
                },
                {
                    "expression-node": 403,
                    "replacement-node": 402,
                    "name": "RevenuesLineItems",
                    "part": "14",
                    "template-line-number": 1383,
                    "node-pos": 640
                },
                {
                    "expression-node": 406,
                    "replacement-node": 405,
                    "name": "RevenuesLineItems",
                    "part": "15",
                    "template-line-number": 1391,
                    "node-pos": 644
                },
                {
                    "expression-node": 409,
                    "replacement-node": 408,
                    "name": "RevenuesLineItems",
                    "part": "16",
                    "template-line-number": 1399,
                    "node-pos": 648
                },
                {
                    "expression-node": 412,
                    "replacement-node": 411,
                    "name": "RevenuesLineItems",
                    "part": "17",
                    "template-line-number": 1407,
                    "node-pos": 652
                },
                {
                    "expression-node": 370,
                    "replacement-node": 369,
                    "name": "RevenuesLineItems",
                    "part": "3",
                    "template-line-number": 1295,
                    "node-pos": 596
                },
                {
                    "expression-node": 385,
                    "replacement-node": 384,
                    "name": "RevenuesLineItems",
                    "part": "3",
                    "template-line-number": 1335,
                    "node-pos": 616
                },
                {
                    "expression-node": 373,
                    "replacement-node": 372,
                    "name": "RevenuesLineItems",
                    "part": "4",
                    "template-line-number": 1303,
                    "node-pos": 600
                },
                {
                    "expression-node": 376,
                    "replacement-node": 375,
                    "name": "RevenuesLineItems",
                    "part": "5",
                    "template-line-number": 1311,
                    "node-pos": 604
                },
                {
                    "expression-node": 379,
                    "replacement-node": 378,
                    "name": "RevenuesLineItems",
                    "part": "6",
                    "template-line-number": 1319,
                    "node-pos": 608
                },
                {
                    "expression-node": 382,
                    "replacement-node": 381,
                    "name": "RevenuesLineItems",
                    "part": "7",
                    "template-line-number": 1327,
                    "node-pos": 612
                },
                {
                    "expression-node": 388,
                    "replacement-node": 387,
                    "name": "RevenuesLineItems",
                    "part": "9",
                    "template-line-number": 1343,
                    "node-pos": 620
                }
            ]
        },
        "rule-32": {
            "name": "StorageLineItems",
            "subs": [
                {
                    "expression-node": 234,
                    "replacement-node": 233,
                    "name": "StorageLineItems",
                    "part": "10",
                    "template-line-number": 829,
                    "node-pos": 374
                },
                {
                    "expression-node": 237,
                    "replacement-node": 236,
                    "name": "StorageLineItems",
                    "part": "11",
                    "template-line-number": 835,
                    "node-pos": 378
                },
                {
                    "expression-node": 240,
                    "replacement-node": 239,
                    "name": "StorageLineItems",
                    "part": "12",
                    "template-line-number": 841,
                    "node-pos": 382
                },
                {
                    "expression-node": 243,
                    "replacement-node": 242,
                    "name": "StorageLineItems",
                    "part": "13",
                    "template-line-number": 847,
                    "node-pos": 386
                },
                {
                    "expression-node": 246,
                    "replacement-node": 245,
                    "name": "StorageLineItems",
                    "part": "14",
                    "template-line-number": 853,
                    "node-pos": 390
                },
                {
                    "expression-node": 249,
                    "replacement-node": 248,
                    "name": "StorageLineItems",
                    "part": "15",
                    "template-line-number": 859,
                    "node-pos": 394
                },
                {
                    "expression-node": 252,
                    "replacement-node": 251,
                    "name": "StorageLineItems",
                    "part": "16",
                    "template-line-number": 865,
                    "node-pos": 398
                },
                {
                    "expression-node": 255,
                    "replacement-node": 254,
                    "name": "StorageLineItems",
                    "part": "17",
                    "template-line-number": 871,
                    "node-pos": 402
                },
                {
                    "expression-node": 209,
                    "replacement-node": 208,
                    "name": "StorageLineItems",
                    "part": "2",
                    "template-line-number": 779,
                    "node-pos": 341
                },
                {
                    "expression-node": 213,
                    "replacement-node": 212,
                    "name": "StorageLineItems",
                    "part": "3",
                    "template-line-number": 787,
                    "node-pos": 346
                },
                {
                    "expression-node": 216,
                    "replacement-node": 215,
                    "name": "StorageLineItems",
                    "part": "4",
                    "template-line-number": 793,
                    "node-pos": 350
                },
                {
                    "expression-node": 219,
                    "replacement-node": 218,
                    "name": "StorageLineItems",
                    "part": "5",
                    "template-line-number": 799,
                    "node-pos": 354
                },
                {
                    "expression-node": 222,
                    "replacement-node": 221,
                    "name": "StorageLineItems",
                    "part": "6",
                    "template-line-number": 805,
                    "node-pos": 358
                },
                {
                    "expression-node": 225,
                    "replacement-node": 224,
                    "name": "StorageLineItems",
                    "part": "7",
                    "template-line-number": 811,
                    "node-pos": 362
                },
                {
                    "expression-node": 228,
                    "replacement-node": 227,
                    "name": "StorageLineItems",
                    "part": "8",
                    "template-line-number": 817,
                    "node-pos": 366
                },
                {
                    "expression-node": 231,
                    "replacement-node": 230,
                    "name": "StorageLineItems",
                    "part": "9",
                    "template-line-number": 823,
                    "node-pos": 370
                }
            ]
        },
        "rule-13": [
            {
                "replacement-node": 34,
                "part": null,
                "html": true,
                "template-line-number": 110,
                "node-pos": 59
            }
        ],
        "rule-9": [
            {
                "replacement-node": 22,
                "part": null,
                "template-line-number": 79,
                "node-pos": 40
            }
        ],
        "rule-20": [
            {
                "replacement-node": 306,
                "part": null,
                "template-line-number": 1033,
                "node-pos": 476
            }
        ],
        "rule-19": [
            {
                "replacement-node": 258,
                "part": null,
                "template-line-number": 898,
                "node-pos": 409
            }
        ],
        "rule-16": [
            {
                "replacement-node": 150,
                "part": null,
                "template-line-number": 533,
                "node-pos": 245
            }
        ],
        "rule-17": [
            {
                "replacement-node": 198,
                "part": null,
                "template-line-number": 666,
                "node-pos": 311
            }
        ],
        "rule-23": [
            {
                "replacement-node": 417,
                "part": null,
                "template-line-number": 1422,
                "node-pos": 662
            }
        ],
        "rule-31": {
            "name": "TransportationLineItems",
            "subs": [
                {
                    "expression-node": 126,
                    "replacement-node": 125,
                    "name": "TransportationLineItems",
                    "part": "10",
                    "template-line-number": 464,
                    "node-pos": 210
                },
                {
                    "expression-node": 129,
                    "replacement-node": 128,
                    "name": "TransportationLineItems",
                    "part": "11",
                    "template-line-number": 470,
                    "node-pos": 214
                },
                {
                    "expression-node": 132,
                    "replacement-node": 131,
                    "name": "TransportationLineItems",
                    "part": "12",
                    "template-line-number": 476,
                    "node-pos": 218
                },
                {
                    "expression-node": 135,
                    "replacement-node": 134,
                    "name": "TransportationLineItems",
                    "part": "13",
                    "template-line-number": 482,
                    "node-pos": 222
                },
                {
                    "expression-node": 138,
                    "replacement-node": 137,
                    "name": "TransportationLineItems",
                    "part": "14",
                    "template-line-number": 488,
                    "node-pos": 226
                },
                {
                    "expression-node": 141,
                    "replacement-node": 140,
                    "name": "TransportationLineItems",
                    "part": "15",
                    "template-line-number": 494,
                    "node-pos": 230
                },
                {
                    "expression-node": 144,
                    "replacement-node": 143,
                    "name": "TransportationLineItems",
                    "part": "16",
                    "template-line-number": 500,
                    "node-pos": 234
                },
                {
                    "expression-node": 147,
                    "replacement-node": 146,
                    "name": "TransportationLineItems",
                    "part": "17",
                    "template-line-number": 506,
                    "node-pos": 238
                },
                {
                    "expression-node": 101,
                    "replacement-node": 100,
                    "name": "TransportationLineItems",
                    "part": "2",
                    "template-line-number": 414,
                    "node-pos": 177
                },
                {
                    "expression-node": 105,
                    "replacement-node": 104,
                    "name": "TransportationLineItems",
                    "part": "3",
                    "template-line-number": 422,
                    "node-pos": 182
                },
                {
                    "expression-node": 108,
                    "replacement-node": 107,
                    "name": "TransportationLineItems",
                    "part": "4",
                    "template-line-number": 428,
                    "node-pos": 186
                },
                {
                    "expression-node": 111,
                    "replacement-node": 110,
                    "name": "TransportationLineItems",
                    "part": "5",
                    "template-line-number": 434,
                    "node-pos": 190
                },
                {
                    "expression-node": 114,
                    "replacement-node": 113,
                    "name": "TransportationLineItems",
                    "part": "6",
                    "template-line-number": 440,
                    "node-pos": 194
                },
                {
                    "expression-node": 117,
                    "replacement-node": 116,
                    "name": "TransportationLineItems",
                    "part": "7",
                    "template-line-number": 446,
                    "node-pos": 198
                },
                {
                    "expression-node": 120,
                    "replacement-node": 119,
                    "name": "TransportationLineItems",
                    "part": "8",
                    "template-line-number": 452,
                    "node-pos": 202
                },
                {
                    "expression-node": 123,
                    "replacement-node": 122,
                    "name": "TransportationLineItems",
                    "part": "9",
                    "template-line-number": 458,
                    "node-pos": 206
                }
            ]
        },
        "rule-26": {
            "name": "TotalStorageLineItems",
            "subs": [
                {
                    "expression-node": 283,
                    "replacement-node": 282,
                    "name": "TotalStorageLineItems",
                    "part": "10",
                    "template-line-number": 967,
                    "node-pos": 442
                },
                {
                    "expression-node": 286,
                    "replacement-node": 285,
                    "name": "TotalStorageLineItems",
                    "part": "11",
                    "template-line-number": 975,
                    "node-pos": 446
                },
                {
                    "expression-node": 289,
                    "replacement-node": 288,
                    "name": "TotalStorageLineItems",
                    "part": "12",
                    "template-line-number": 983,
                    "node-pos": 450
                },
                {
                    "expression-node": 292,
                    "replacement-node": 291,
                    "name": "TotalStorageLineItems",
                    "part": "13",
                    "template-line-number": 991,
                    "node-pos": 454
                },
                {
                    "expression-node": 295,
                    "replacement-node": 294,
                    "name": "TotalStorageLineItems",
                    "part": "14",
                    "template-line-number": 999,
                    "node-pos": 458
                },
                {
                    "expression-node": 298,
                    "replacement-node": 297,
                    "name": "TotalStorageLineItems",
                    "part": "15",
                    "template-line-number": 1007,
                    "node-pos": 462
                },
                {
                    "expression-node": 301,
                    "replacement-node": 300,
                    "name": "TotalStorageLineItems",
                    "part": "16",
                    "template-line-number": 1015,
                    "node-pos": 466
                },
                {
                    "expression-node": 304,
                    "replacement-node": 303,
                    "name": "TotalStorageLineItems",
                    "part": "17",
                    "template-line-number": 1023,
                    "node-pos": 470
                },
                {
                    "expression-node": 262,
                    "replacement-node": 261,
                    "name": "TotalStorageLineItems",
                    "part": "3",
                    "template-line-number": 911,
                    "node-pos": 414
                },
                {
                    "expression-node": 277,
                    "replacement-node": 276,
                    "name": "TotalStorageLineItems",
                    "part": "3",
                    "template-line-number": 951,
                    "node-pos": 434
                },
                {
                    "expression-node": 265,
                    "replacement-node": 264,
                    "name": "TotalStorageLineItems",
                    "part": "4",
                    "template-line-number": 919,
                    "node-pos": 418
                },
                {
                    "expression-node": 268,
                    "replacement-node": 267,
                    "name": "TotalStorageLineItems",
                    "part": "5",
                    "template-line-number": 927,
                    "node-pos": 422
                },
                {
                    "expression-node": 271,
                    "replacement-node": 270,
                    "name": "TotalStorageLineItems",
                    "part": "6",
                    "template-line-number": 935,
                    "node-pos": 426
                },
                {
                    "expression-node": 274,
                    "replacement-node": 273,
                    "name": "TotalStorageLineItems",
                    "part": "7",
                    "template-line-number": 943,
                    "node-pos": 430
                },
                {
                    "expression-node": 280,
                    "replacement-node": 279,
                    "name": "TotalStorageLineItems",
                    "part": "9",
                    "template-line-number": 959,
                    "node-pos": 438
                }
            ]
        },
        "rule-30": {
            "name": "GatheringLineItems",
            "subs": [
                {
                    "node-pos": 502,
                    "replacement-node": 313,
                    "name": "GatheringLineItems",
                    "part": "1",
                    "template-line-number": 1097,
                    "extras": {}
                },
                {
                    "expression-node": 337,
                    "replacement-node": 336,
                    "name": "GatheringLineItems",
                    "part": "10",
                    "template-line-number": 1159,
                    "node-pos": 533
                },
                {
                    "expression-node": 340,
                    "replacement-node": 339,
                    "name": "GatheringLineItems",
                    "part": "11",
                    "template-line-number": 1167,
                    "node-pos": 537
                },
                {
                    "expression-node": 343,
                    "replacement-node": 342,
                    "name": "GatheringLineItems",
                    "part": "12",
                    "template-line-number": 1175,
                    "node-pos": 541
                },
                {
                    "expression-node": 346,
                    "replacement-node": 345,
                    "name": "GatheringLineItems",
                    "part": "13",
                    "template-line-number": 1183,
                    "node-pos": 545
                },
                {
                    "expression-node": 349,
                    "replacement-node": 348,
                    "name": "GatheringLineItems",
                    "part": "14",
                    "template-line-number": 1191,
                    "node-pos": 549
                },
                {
                    "expression-node": 352,
                    "replacement-node": 351,
                    "name": "GatheringLineItems",
                    "part": "15",
                    "template-line-number": 1199,
                    "node-pos": 553
                },
                {
                    "expression-node": 355,
                    "replacement-node": 354,
                    "name": "GatheringLineItems",
                    "part": "16",
                    "template-line-number": 1207,
                    "node-pos": 557
                },
                {
                    "expression-node": 358,
                    "replacement-node": 357,
                    "name": "GatheringLineItems",
                    "part": "17",
                    "template-line-number": 1215,
                    "node-pos": 561
                },
                {
                    "expression-node": 316,
                    "replacement-node": 315,
                    "name": "GatheringLineItems",
                    "part": "3",
                    "template-line-number": 1103,
                    "node-pos": 505
                },
                {
                    "expression-node": 331,
                    "replacement-node": 330,
                    "name": "GatheringLineItems",
                    "part": "3",
                    "template-line-number": 1143,
                    "node-pos": 525
                },
                {
                    "expression-node": 319,
                    "replacement-node": 318,
                    "name": "GatheringLineItems",
                    "part": "4",
                    "template-line-number": 1111,
                    "node-pos": 509
                },
                {
                    "expression-node": 322,
                    "replacement-node": 321,
                    "name": "GatheringLineItems",
                    "part": "5",
                    "template-line-number": 1119,
                    "node-pos": 513
                },
                {
                    "expression-node": 325,
                    "replacement-node": 324,
                    "name": "GatheringLineItems",
                    "part": "6",
                    "template-line-number": 1127,
                    "node-pos": 517
                },
                {
                    "expression-node": 328,
                    "replacement-node": 327,
                    "name": "GatheringLineItems",
                    "part": "7",
                    "template-line-number": 1135,
                    "node-pos": 521
                },
                {
                    "expression-node": 334,
                    "replacement-node": 333,
                    "name": "GatheringLineItems",
                    "part": "9",
                    "template-line-number": 1151,
                    "node-pos": 529
                }
            ]
        },
        "rule-3": [
            {
                "replacement-node": 4,
                "part": null,
                "template-line-number": 34,
                "expression-node": 5,
                "node-pos": 14
            }
        ],
        "rule-4": [
            {
                "replacement-node": 7,
                "part": null,
                "template-line-number": 40,
                "node-pos": 18
            }
        ],
        "rule-22": [
            {
                "replacement-node": 414,
                "part": null,
                "template-line-number": 1417,
                "expression-node": 415,
                "node-pos": 658
            }
        ],
        "rule-18": [
            {
                "replacement-node": 201,
                "part": null,
                "template-line-number": 671,
                "node-pos": 315
            }
        ],
        "rule-27": {
            "name": "TotalTransportationLineItems",
            "subs": [
                {
                    "expression-node": 175,
                    "replacement-node": 174,
                    "name": "TotalTransportationLineItems",
                    "part": "10",
                    "template-line-number": 602,
                    "node-pos": 278
                },
                {
                    "expression-node": 178,
                    "replacement-node": 177,
                    "name": "TotalTransportationLineItems",
                    "part": "11",
                    "template-line-number": 610,
                    "node-pos": 282
                },
                {
                    "expression-node": 181,
                    "replacement-node": 180,
                    "name": "TotalTransportationLineItems",
                    "part": "12",
                    "template-line-number": 618,
                    "node-pos": 286
                },
                {
                    "expression-node": 184,
                    "replacement-node": 183,
                    "name": "TotalTransportationLineItems",
                    "part": "13",
                    "template-line-number": 626,
                    "node-pos": 290
                },
                {
                    "expression-node": 187,
                    "replacement-node": 186,
                    "name": "TotalTransportationLineItems",
                    "part": "14",
                    "template-line-number": 634,
                    "node-pos": 294
                },
                {
                    "expression-node": 190,
                    "replacement-node": 189,
                    "name": "TotalTransportationLineItems",
                    "part": "15",
                    "template-line-number": 642,
                    "node-pos": 298
                },
                {
                    "expression-node": 193,
                    "replacement-node": 192,
                    "name": "TotalTransportationLineItems",
                    "part": "16",
                    "template-line-number": 650,
                    "node-pos": 302
                },
                {
                    "expression-node": 196,
                    "replacement-node": 195,
                    "name": "TotalTransportationLineItems",
                    "part": "17",
                    "template-line-number": 658,
                    "node-pos": 306
                },
                {
                    "expression-node": 154,
                    "replacement-node": 153,
                    "name": "TotalTransportationLineItems",
                    "part": "3",
                    "template-line-number": 546,
                    "node-pos": 250
                },
                {
                    "expression-node": 169,
                    "replacement-node": 168,
                    "name": "TotalTransportationLineItems",
                    "part": "3",
                    "template-line-number": 586,
                    "node-pos": 270
                },
                {
                    "expression-node": 157,
                    "replacement-node": 156,
                    "name": "TotalTransportationLineItems",
                    "part": "4",
                    "template-line-number": 554,
                    "node-pos": 254
                },
                {
                    "expression-node": 160,
                    "replacement-node": 159,
                    "name": "TotalTransportationLineItems",
                    "part": "5",
                    "template-line-number": 562,
                    "node-pos": 258
                },
                {
                    "expression-node": 163,
                    "replacement-node": 162,
                    "name": "TotalTransportationLineItems",
                    "part": "6",
                    "template-line-number": 570,
                    "node-pos": 262
                },
                {
                    "expression-node": 166,
                    "replacement-node": 165,
                    "name": "TotalTransportationLineItems",
                    "part": "7",
                    "template-line-number": 578,
                    "node-pos": 266
                },
                {
                    "expression-node": 172,
                    "replacement-node": 171,
                    "name": "TotalTransportationLineItems",
                    "part": "9",
                    "template-line-number": 594,
                    "node-pos": 274
                }
            ]
        },
        "rule-11": [
            {
                "replacement-node": 28,
                "part": null,
                "template-line-number": 89,
                "expression-node": 29,
                "node-pos": 48
            }
        ],
        "rule-8": [
            {
                "replacement-node": 19,
                "part": null,
                "template-line-number": 74,
                "expression-node": 20,
                "node-pos": 36
            }
        ],
        "rule-5": [
            {
                "replacement-node": 10,
                "part": null,
                "html": true,
                "template-line-number": 46,
                "node-pos": 22
            }
        ],
        "rule-15": [
            {
                "replacement-node": 93,
                "part": null,
                "template-line-number": 307,
                "node-pos": 151
            }
        ],
        "rule-2": [
            {
                "replacement-node": 1,
                "part": null,
                "template-line-number": 28,
                "node-pos": 10
            }
        ],
        "rule-10": [
            {
                "replacement-node": 25,
                "part": null,
                "template-line-number": 84,
                "expression-node": 26,
                "node-pos": 44
            }
        ]
    }
}