{
    "showifs": {
        "rule-1": {
            "type": "showif",
            "template-line-number": 18
        }
    },
    "line-numbers": {},
    "substitutions": {
        "rule-18": {
            "subs": [
                {
                    "node-pos": 85,
                    "part": "1",
                    "replacement-node": 45,
                    "extras": {},
                    "template-line-number": 213,
                    "name": "ExpenseAccountsLineItems"
                },
                {
                    "node-pos": 122,
                    "part": "10",
                    "replacement-node": 72,
                    "template-line-number": 270,
                    "name": "ExpenseAccountsLineItems",
                    "expression-node": 73
                },
                {
                    "node-pos": 126,
                    "part": "11",
                    "replacement-node": 75,
                    "template-line-number": 276,
                    "name": "ExpenseAccountsLineItems",
                    "expression-node": 76
                },
                {
                    "node-pos": 93,
                    "part": "2",
                    "replacement-node": 50,
                    "extras": {},
                    "template-line-number": 224,
                    "name": "ExpenseAccountsLineItems"
                },
                {
                    "node-pos": 98,
                    "part": "4",
                    "replacement-node": 54,
                    "template-line-number": 234,
                    "name": "ExpenseAccountsLineItems",
                    "expression-node": 55
                },
                {
                    "node-pos": 102,
                    "part": "5",
                    "replacement-node": 57,
                    "template-line-number": 240,
                    "name": "ExpenseAccountsLineItems",
                    "expression-node": 58
                },
                {
                    "node-pos": 91,
                    "part": "6",
                    "replacement-node": 48,
                    "extras": {},
                    "template-line-number": 220,
                    "name": "ExpenseAccountsLineItems"
                },
                {
                    "node-pos": 106,
                    "part": "6",
                    "replacement-node": 60,
                    "template-line-number": 246,
                    "name": "ExpenseAccountsLineItems",
                    "expression-node": 61
                },
                {
                    "node-pos": 110,
                    "part": "7",
                    "replacement-node": 63,
                    "template-line-number": 252,
                    "name": "ExpenseAccountsLineItems",
                    "expression-node": 64
                },
                {
                    "node-pos": 114,
                    "part": "8",
                    "replacement-node": 66,
                    "template-line-number": 258,
                    "name": "ExpenseAccountsLineItems",
                    "expression-node": 67
                },
                {
                    "node-pos": 118,
                    "part": "9",
                    "replacement-node": 69,
                    "template-line-number": 264,
                    "name": "ExpenseAccountsLineItems",
                    "expression-node": 70
                }
            ],
            "name": "ExpenseAccountsLineItems"
        },
        "rule-6": [
            {
                "node-pos": 28,
                "part": null,
                "html": true,
                "template-line-number": 57,
                "replacement-node": 13
            }
        ],
        "rule-8": [
            {
                "node-pos": 37,
                "part": null,
                "template-line-number": 73,
                "replacement-node": 19,
                "expression-node": 20
            }
        ],
        "rule-3": [
            {
                "node-pos": 15,
                "part": null,
                "template-line-number": 33,
                "replacement-node": 4,
                "expression-node": 5
            }
        ],
        "rule-11": [
            {
                "node-pos": 49,
                "part": null,
                "template-line-number": 88,
                "replacement-node": 28,
                "expression-node": 29
            }
        ],
        "rule-7": [
            {
                "node-pos": 33,
                "part": null,
                "template-line-number": 68,
                "replacement-node": 16
            }
        ],
        "rule-4": [
            {
                "node-pos": 19,
                "part": null,
                "template-line-number": 39,
                "replacement-node": 7
            }
        ],
        "rule-15": [
            {
                "node-pos": 136,
                "part": null,
                "template-line-number": 292,
                "replacement-node": 81
            }
        ],
        "rule-12": [
            {
                "node-pos": 55,
                "part": null,
                "template-line-number": 98,
                "replacement-node": 31
            }
        ],
        "rule-5": [
            {
                "node-pos": 23,
                "part": null,
                "html": true,
                "template-line-number": 45,
                "replacement-node": 10
            }
        ],
        "rule-10": [
            {
                "node-pos": 45,
                "part": null,
                "template-line-number": 83,
                "replacement-node": 25,
                "expression-node": 26
            }
        ],
        "rule-14": [
            {
                "node-pos": 132,
                "part": null,
                "template-line-number": 287,
                "replacement-node": 78,
                "expression-node": 79
            }
        ],
        "rule-2": [
            {
                "node-pos": 11,
                "part": null,
                "template-line-number": 28,
                "replacement-node": 1
            }
        ],
        "rule-17": {
            "subs": [
                {
                    "node-pos": 75,
                    "part": "1",
                    "replacement-node": 38,
                    "extras": {},
                    "template-line-number": 139,
                    "name": "ExpenseAccountsHeadings"
                },
                {
                    "node-pos": 79,
                    "part": "2",
                    "replacement-node": 41,
                    "extras": {},
                    "template-line-number": 146,
                    "name": "ExpenseAccountsHeadings"
                }
            ],
            "name": "ExpenseAccountsHeadings"
        },
        "rule-9": [
            {
                "node-pos": 41,
                "part": null,
                "template-line-number": 78,
                "replacement-node": 22
            }
        ],
        "rule-16": [
            {
                "node-pos": 140,
                "part": null,
                "template-line-number": 301,
                "replacement-node": 84
            }
        ],
        "rule-13": [
            {
                "node-pos": 60,
                "part": null,
                "html": true,
                "template-line-number": 109,
                "replacement-node": 34
            }
        ]
    }
}