{
    "substitutions": {
        "rule-1": [
            {
                "part": null,
                "replacement-node": 0,
                "template-line-number": 23,
                "node-pos": 10
            }
        ],
        "rule-2": [
            {
                "part": null,
                "replacement-node": 3,
                "expression-node": 4,
                "template-line-number": 28,
                "node-pos": 15
            }
        ],
        "rule-3": [
            {
                "part": null,
                "replacement-node": 6,
                "template-line-number": 34,
                "node-pos": 19
            }
        ],
        "rule-4": [
            {
                "part": null,
                "replacement-node": 9,
                "template-line-number": 40,
                "node-pos": 23,
                "html": true
            }
        ],
        "rule-5": [
            {
                "part": null,
                "replacement-node": 12,
                "template-line-number": 52,
                "node-pos": 28,
                "html": true
            }
        ],
        "rule-6": [
            {
                "part": null,
                "replacement-node": 15,
                "template-line-number": 63,
                "node-pos": 33
            }
        ],
        "rule-7": [
            {
                "part": null,
                "replacement-node": 18,
                "expression-node": 19,
                "template-line-number": 68,
                "node-pos": 38
            }
        ],
        "rule-8": [
            {
                "part": null,
                "replacement-node": 21,
                "template-line-number": 73,
                "node-pos": 42
            }
        ],
        "rule-9": [
            {
                "part": null,
                "replacement-node": 24,
                "expression-node": 25,
                "template-line-number": 78,
                "node-pos": 47
            }
        ],
        "rule-10": [
            {
                "part": null,
                "replacement-node": 27,
                "expression-node": 28,
                "template-line-number": 83,
                "node-pos": 51
            }
        ],
        "rule-11": [
            {
                "part": null,
                "replacement-node": 30,
                "template-line-number": 93,
                "node-pos": 57
            }
        ],
        "rule-12": [
            {
                "part": null,
                "replacement-node": 33,
                "template-line-number": 105,
                "node-pos": 62,
                "html": true
            }
        ],
        "rule-13": [
            {
                "part": null,
                "replacement-node": 155,
                "expression-node": 156,
                "template-line-number": 872,
                "node-pos": 244
            }
        ],
        "rule-14": [
            {
                "part": null,
                "replacement-node": 158,
                "template-line-number": 877,
                "node-pos": 248
            }
        ],
        "rule-15": [
            {
                "part": null,
                "replacement-node": 161,
                "template-line-number": 886,
                "node-pos": 252
            }
        ],
        "rule-16": {
            "name": "AllowanceInventryLineItems",
            "subs": [
                {
                    "name": "AllowanceInventryLineItems",
                    "part": "1",
                    "replacement-node": 46,
                    "template-line-number": 558,
                    "extras": {},
                    "node-pos": 104
                },
                {
                    "name": "AllowanceInventryLineItems",
                    "part": "10",
                    "replacement-node": 76,
                    "expression-node": 77,
                    "template-line-number": 613,
                    "node-pos": 142
                },
                {
                    "name": "AllowanceInventryLineItems",
                    "part": "11",
                    "replacement-node": 80,
                    "expression-node": 81,
                    "template-line-number": 620,
                    "node-pos": 147
                },
                {
                    "name": "AllowanceInventryLineItems",
                    "part": "12",
                    "replacement-node": 84,
                    "expression-node": 85,
                    "template-line-number": 627,
                    "node-pos": 152
                },
                {
                    "name": "AllowanceInventryLineItems",
                    "part": "13",
                    "replacement-node": 88,
                    "expression-node": 89,
                    "template-line-number": 634,
                    "node-pos": 157
                },
                {
                    "name": "AllowanceInventryLineItems",
                    "part": "14",
                    "replacement-node": 92,
                    "expression-node": 93,
                    "template-line-number": 641,
                    "node-pos": 162
                },
                {
                    "name": "AllowanceInventryLineItems",
                    "part": "15",
                    "replacement-node": 96,
                    "expression-node": 97,
                    "template-line-number": 648,
                    "node-pos": 167
                },
                {
                    "name": "AllowanceInventryLineItems",
                    "part": "2",
                    "replacement-node": 49,
                    "template-line-number": 565,
                    "extras": {},
                    "node-pos": 108
                },
                {
                    "name": "AllowanceInventryLineItems",
                    "part": "3",
                    "replacement-node": 52,
                    "expression-node": 53,
                    "template-line-number": 571,
                    "node-pos": 112
                },
                {
                    "name": "AllowanceInventryLineItems",
                    "part": "4",
                    "replacement-node": 56,
                    "expression-node": 57,
                    "template-line-number": 578,
                    "node-pos": 117
                },
                {
                    "name": "AllowanceInventryLineItems",
                    "part": "6",
                    "replacement-node": 60,
                    "expression-node": 61,
                    "template-line-number": 585,
                    "node-pos": 122
                },
                {
                    "name": "AllowanceInventryLineItems",
                    "part": "7",
                    "replacement-node": 64,
                    "expression-node": 65,
                    "template-line-number": 592,
                    "node-pos": 127
                },
                {
                    "name": "AllowanceInventryLineItems",
                    "part": "8",
                    "replacement-node": 68,
                    "expression-node": 69,
                    "template-line-number": 599,
                    "node-pos": 132
                },
                {
                    "name": "AllowanceInventryLineItems",
                    "part": "9",
                    "replacement-node": 72,
                    "expression-node": 73,
                    "template-line-number": 606,
                    "node-pos": 137
                }
            ]
        },
        "rule-17": {
            "name": "ColumnHeadings",
            "subs": [
                {
                    "name": "ColumnHeadings",
                    "part": "1",
                    "replacement-node": 39,
                    "template-line-number": 160,
                    "extras": {},
                    "node-pos": 94
                },
                {
                    "name": "ColumnHeadings",
                    "part": "2",
                    "replacement-node": 42,
                    "template-line-number": 169,
                    "extras": {},
                    "node-pos": 98
                },
                {
                    "name": "ColumnHeadings",
                    "part": "3",
                    "replacement-node": 37,
                    "template-line-number": 156,
                    "extras": {},
                    "node-pos": 92
                }
            ]
        },
        "rule-18": {
            "name": "AllowanceInventryLineItems2",
            "subs": [
                {
                    "name": "AllowanceInventryLineItems2",
                    "part": "1",
                    "replacement-node": 101,
                    "template-line-number": 771,
                    "extras": {},
                    "node-pos": 174
                },
                {
                    "name": "AllowanceInventryLineItems2",
                    "part": "10",
                    "replacement-node": 131,
                    "expression-node": 132,
                    "template-line-number": 824,
                    "node-pos": 212
                },
                {
                    "name": "AllowanceInventryLineItems2",
                    "part": "11",
                    "replacement-node": 135,
                    "expression-node": 136,
                    "template-line-number": 831,
                    "node-pos": 217
                },
                {
                    "name": "AllowanceInventryLineItems2",
                    "part": "12",
                    "replacement-node": 139,
                    "expression-node": 140,
                    "template-line-number": 838,
                    "node-pos": 222
                },
                {
                    "name": "AllowanceInventryLineItems2",
                    "part": "13",
                    "replacement-node": 143,
                    "expression-node": 144,
                    "template-line-number": 845,
                    "node-pos": 227
                },
                {
                    "name": "AllowanceInventryLineItems2",
                    "part": "14",
                    "replacement-node": 147,
                    "expression-node": 148,
                    "template-line-number": 852,
                    "node-pos": 232
                },
                {
                    "name": "AllowanceInventryLineItems2",
                    "part": "15",
                    "replacement-node": 151,
                    "expression-node": 152,
                    "template-line-number": 859,
                    "node-pos": 237
                },
                {
                    "name": "AllowanceInventryLineItems2",
                    "part": "2",
                    "replacement-node": 104,
                    "template-line-number": 776,
                    "extras": {},
                    "node-pos": 178
                },
                {
                    "name": "AllowanceInventryLineItems2",
                    "part": "3",
                    "replacement-node": 107,
                    "expression-node": 108,
                    "template-line-number": 782,
                    "node-pos": 182
                },
                {
                    "name": "AllowanceInventryLineItems2",
                    "part": "4",
                    "replacement-node": 111,
                    "expression-node": 112,
                    "template-line-number": 789,
                    "node-pos": 187
                },
                {
                    "name": "AllowanceInventryLineItems2",
                    "part": "6",
                    "replacement-node": 115,
                    "expression-node": 116,
                    "template-line-number": 796,
                    "node-pos": 192
                },
                {
                    "name": "AllowanceInventryLineItems2",
                    "part": "7",
                    "replacement-node": 119,
                    "expression-node": 120,
                    "template-line-number": 803,
                    "node-pos": 197
                },
                {
                    "name": "AllowanceInventryLineItems2",
                    "part": "8",
                    "replacement-node": 123,
                    "expression-node": 124,
                    "template-line-number": 810,
                    "node-pos": 202
                },
                {
                    "name": "AllowanceInventryLineItems2",
                    "part": "9",
                    "replacement-node": 127,
                    "expression-node": 128,
                    "template-line-number": 817,
                    "node-pos": 207
                }
            ]
        }
    },
    "line-numbers": {},
    "showifs": {},
    "footnotes": {},
    "standard-rules": [
        "rule-1",
        "rule-2",
        "rule-3",
        "rule-4",
        "rule-5",
        "rule-6",
        "rule-7",
        "rule-8",
        "rule-9",
        "rule-10",
        "rule-11",
        "rule-12",
        "rule-13",
        "rule-14",
        "rule-15",
        "rule-16",
        "rule-17",
        "rule-18"
    ],
    "footnote-rules": []
}