{
    "line-numbers": {},
    "showifs": {},
    "substitutions": {
        "rule-14": [
            {
                "part": null,
                "replacement-node": 59,
                "template-line-number": 210,
                "node-pos": 101
            }
        ],
        "rule-1": [
            {
                "part": null,
                "replacement-node": 0,
                "template-line-number": 23,
                "node-pos": 10
            }
        ],
        "rule-6": [
            {
                "part": null,
                "replacement-node": 15,
                "template-line-number": 63,
                "node-pos": 32
            }
        ],
        "rule-9": [
            {
                "part": null,
                "replacement-node": 24,
                "expression-node": 25,
                "template-line-number": 78,
                "node-pos": 44
            }
        ],
        "rule-4": [
            {
                "part": null,
                "replacement-node": 9,
                "template-line-number": 40,
                "html": true,
                "node-pos": 22
            }
        ],
        "rule-11": [
            {
                "part": null,
                "replacement-node": 30,
                "template-line-number": 94,
                "node-pos": 54
            }
        ],
        "rule-2": [
            {
                "part": null,
                "replacement-node": 3,
                "expression-node": 4,
                "template-line-number": 28,
                "node-pos": 14
            }
        ],
        "rule-13": [
            {
                "part": null,
                "replacement-node": 56,
                "expression-node": 57,
                "template-line-number": 203,
                "node-pos": 97
            }
        ],
        "rule-8": [
            {
                "part": null,
                "replacement-node": 21,
                "template-line-number": 73,
                "node-pos": 40
            }
        ],
        "rule-7": [
            {
                "part": null,
                "replacement-node": 18,
                "expression-node": 19,
                "template-line-number": 68,
                "node-pos": 36
            }
        ],
        "rule-16": {
            "name": "ElectricGeneralExpensesLineItems",
            "subs": [
                {
                    "name": "ElectricGeneralExpensesLineItems",
                    "part": "1",
                    "template-line-number": 171,
                    "replacement-node": 44,
                    "node-pos": 78,
                    "extras": {}
                },
                {
                    "name": "ElectricGeneralExpensesLineItems",
                    "part": "2",
                    "template-line-number": 178,
                    "replacement-node": 47,
                    "node-pos": 84,
                    "extras": {}
                },
                {
                    "name": "ElectricGeneralExpensesLineItems",
                    "part": "3",
                    "template-line-number": 182,
                    "replacement-node": 49,
                    "node-pos": 86,
                    "extras": {}
                },
                {
                    "name": "ElectricGeneralExpensesLineItems",
                    "part": "4",
                    "template-line-number": 191,
                    "expression-node": 54,
                    "replacement-node": 53,
                    "node-pos": 91
                }
            ]
        },
        "rule-3": [
            {
                "part": null,
                "replacement-node": 6,
                "template-line-number": 34,
                "node-pos": 18
            }
        ],
        "rule-5": [
            {
                "part": null,
                "replacement-node": 12,
                "template-line-number": 52,
                "html": true,
                "node-pos": 27
            }
        ],
        "rule-10": [
            {
                "part": null,
                "replacement-node": 27,
                "expression-node": 28,
                "template-line-number": 83,
                "node-pos": 48
            }
        ],
        "rule-17": {
            "name": "ColumnHeadings",
            "subs": [
                {
                    "name": "ColumnHeadings",
                    "part": "1",
                    "template-line-number": 131,
                    "replacement-node": 37,
                    "node-pos": 68,
                    "extras": {}
                },
                {
                    "name": "ColumnHeadings",
                    "part": "2",
                    "template-line-number": 138,
                    "replacement-node": 40,
                    "node-pos": 72,
                    "extras": {}
                }
            ]
        },
        "rule-12": [
            {
                "part": null,
                "replacement-node": 33,
                "template-line-number": 107,
                "html": true,
                "node-pos": 59
            }
        ],
        "rule-15": [
            {
                "part": null,
                "replacement-node": 62,
                "template-line-number": 220,
                "node-pos": 105
            }
        ]
    }
}