{
    "showifs": {},
    "substitutions": {
        "rule-20": [
            {
                "part": null,
                "replacement-node": 124,
                "template-line-number": 524,
                "node-pos": 225
            }
        ],
        "rule-28": [
            {
                "part": null,
                "replacement-node": 175,
                "template-line-number": 790,
                "expression-node": 176,
                "node-pos": 314
            }
        ],
        "rule-36": [
            {
                "part": null,
                "replacement-node": 226,
                "template-line-number": 1074,
                "expression-node": 227,
                "node-pos": 403
            }
        ],
        "rule-49": {
            "subs": [
                {
                    "node-pos": 80,
                    "replacement-node": 39,
                    "part": "1",
                    "name": "LongTermDebtHeadings",
                    "template-line-number": 139,
                    "extras": {}
                },
                {
                    "node-pos": 84,
                    "replacement-node": 42,
                    "part": "2",
                    "name": "LongTermDebtHeadings",
                    "template-line-number": 148,
                    "extras": {}
                },
                {
                    "node-pos": 78,
                    "replacement-node": 37,
                    "part": "3",
                    "name": "LongTermDebtHeadings",
                    "template-line-number": 135,
                    "extras": {}
                }
            ],
            "name": "LongTermDebtHeadings"
        },
        "rule-10": [
            {
                "part": null,
                "replacement-node": 27,
                "template-line-number": 78,
                "expression-node": 28,
                "node-pos": 47
            }
        ],
        "rule-50": {
            "subs": [
                {
                    "replacement-node": 214,
                    "part": "10",
                    "name": "OtherLongTermDebtLineItems",
                    "template-line-number": 1002,
                    "expression-node": 215,
                    "node-pos": 381
                },
                {
                    "replacement-node": 193,
                    "part": "2",
                    "name": "OtherLongTermDebtLineItems",
                    "template-line-number": 954,
                    "expression-node": 194,
                    "node-pos": 352
                },
                {
                    "replacement-node": 196,
                    "part": "3",
                    "name": "OtherLongTermDebtLineItems",
                    "template-line-number": 960,
                    "expression-node": 197,
                    "node-pos": 356
                },
                {
                    "replacement-node": 199,
                    "part": "4",
                    "name": "OtherLongTermDebtLineItems",
                    "template-line-number": 966,
                    "expression-node": 200,
                    "node-pos": 360
                },
                {
                    "replacement-node": 202,
                    "part": "5",
                    "name": "OtherLongTermDebtLineItems",
                    "template-line-number": 972,
                    "expression-node": 203,
                    "node-pos": 364
                },
                {
                    "replacement-node": 205,
                    "part": "6",
                    "name": "OtherLongTermDebtLineItems",
                    "template-line-number": 978,
                    "expression-node": 206,
                    "node-pos": 368
                },
                {
                    "replacement-node": 208,
                    "part": "7",
                    "name": "OtherLongTermDebtLineItems",
                    "template-line-number": 984,
                    "expression-node": 209,
                    "node-pos": 372
                },
                {
                    "replacement-node": 211,
                    "part": "9",
                    "name": "OtherLongTermDebtLineItems",
                    "template-line-number": 996,
                    "expression-node": 212,
                    "node-pos": 377
                }
            ],
            "name": "OtherLongTermDebtLineItems"
        },
        "rule-45": {
            "subs": [
                {
                    "replacement-node": 121,
                    "part": "10",
                    "name": "ReacquiredBondsLineItems",
                    "template-line-number": 515,
                    "expression-node": 122,
                    "node-pos": 220
                },
                {
                    "replacement-node": 97,
                    "part": "2",
                    "name": "ReacquiredBondsLineItems",
                    "template-line-number": 467,
                    "expression-node": 98,
                    "node-pos": 188
                },
                {
                    "replacement-node": 100,
                    "part": "3",
                    "name": "ReacquiredBondsLineItems",
                    "template-line-number": 473,
                    "expression-node": 101,
                    "node-pos": 192
                },
                {
                    "replacement-node": 103,
                    "part": "4",
                    "name": "ReacquiredBondsLineItems",
                    "template-line-number": 479,
                    "expression-node": 104,
                    "node-pos": 196
                },
                {
                    "replacement-node": 106,
                    "part": "5",
                    "name": "ReacquiredBondsLineItems",
                    "template-line-number": 485,
                    "expression-node": 107,
                    "node-pos": 200
                },
                {
                    "replacement-node": 109,
                    "part": "6",
                    "name": "ReacquiredBondsLineItems",
                    "template-line-number": 491,
                    "expression-node": 110,
                    "node-pos": 204
                },
                {
                    "replacement-node": 112,
                    "part": "7",
                    "name": "ReacquiredBondsLineItems",
                    "template-line-number": 497,
                    "expression-node": 113,
                    "node-pos": 208
                },
                {
                    "replacement-node": 115,
                    "part": "8",
                    "name": "ReacquiredBondsLineItems",
                    "template-line-number": 503,
                    "expression-node": 116,
                    "node-pos": 212
                },
                {
                    "replacement-node": 118,
                    "part": "9",
                    "name": "ReacquiredBondsLineItems",
                    "template-line-number": 509,
                    "expression-node": 119,
                    "node-pos": 216
                }
            ],
            "name": "ReacquiredBondsLineItems"
        },
        "rule-48": {
            "subs": [
                {
                    "node-pos": 410,
                    "replacement-node": 230,
                    "part": "1",
                    "name": "LongTermDebtHeader",
                    "template-line-number": 1094,
                    "extras": {}
                }
            ],
            "name": "LongTermDebtHeader"
        },
        "rule-34": [
            {
                "part": null,
                "replacement-node": 220,
                "template-line-number": 1043,
                "expression-node": 221,
                "node-pos": 393
            }
        ],
        "rule-25": [
            {
                "part": null,
                "replacement-node": 139,
                "template-line-number": 590,
                "node-pos": 251
            }
        ],
        "rule-23": [
            {
                "part": null,
                "replacement-node": 133,
                "template-line-number": 569,
                "expression-node": 134,
                "node-pos": 241
            }
        ],
        "rule-44": {
            "subs": [
                {
                    "replacement-node": 260,
                    "part": "10",
                    "name": "LongTermDebtLineItems",
                    "template-line-number": 1206,
                    "expression-node": 261,
                    "node-pos": 451
                },
                {
                    "replacement-node": 236,
                    "part": "2",
                    "name": "LongTermDebtLineItems",
                    "template-line-number": 1158,
                    "expression-node": 237,
                    "node-pos": 419
                },
                {
                    "replacement-node": 239,
                    "part": "3",
                    "name": "LongTermDebtLineItems",
                    "template-line-number": 1164,
                    "expression-node": 240,
                    "node-pos": 423
                },
                {
                    "replacement-node": 242,
                    "part": "4",
                    "name": "LongTermDebtLineItems",
                    "template-line-number": 1170,
                    "expression-node": 243,
                    "node-pos": 427
                },
                {
                    "replacement-node": 245,
                    "part": "5",
                    "name": "LongTermDebtLineItems",
                    "template-line-number": 1176,
                    "expression-node": 246,
                    "node-pos": 431
                },
                {
                    "replacement-node": 248,
                    "part": "6",
                    "name": "LongTermDebtLineItems",
                    "template-line-number": 1182,
                    "expression-node": 249,
                    "node-pos": 435
                },
                {
                    "replacement-node": 251,
                    "part": "7",
                    "name": "LongTermDebtLineItems",
                    "template-line-number": 1188,
                    "expression-node": 252,
                    "node-pos": 439
                },
                {
                    "replacement-node": 254,
                    "part": "8",
                    "name": "LongTermDebtLineItems",
                    "template-line-number": 1194,
                    "expression-node": 255,
                    "node-pos": 443
                },
                {
                    "replacement-node": 257,
                    "part": "9",
                    "name": "LongTermDebtLineItems",
                    "template-line-number": 1200,
                    "expression-node": 258,
                    "node-pos": 447
                }
            ],
            "name": "LongTermDebtLineItems"
        },
        "rule-39": [
            {
                "part": null,
                "replacement-node": 269,
                "template-line-number": 1242,
                "expression-node": 270,
                "node-pos": 469
            }
        ],
        "rule-7": [
            {
                "part": null,
                "replacement-node": 18,
                "template-line-number": 64,
                "expression-node": 19,
                "node-pos": 35
            }
        ],
        "rule-32": [
            {
                "part": null,
                "replacement-node": 186,
                "template-line-number": 852,
                "node-pos": 333
            }
        ],
        "rule-30": [
            {
                "part": null,
                "replacement-node": 181,
                "template-line-number": 821,
                "expression-node": 182,
                "node-pos": 324
            }
        ],
        "rule-27": [
            {
                "part": null,
                "replacement-node": 172,
                "template-line-number": 761,
                "node-pos": 307
            }
        ],
        "rule-14": [
            {
                "part": null,
                "replacement-node": 76,
                "template-line-number": 298,
                "node-pos": 143
            }
        ],
        "rule-6": [
            {
                "part": null,
                "replacement-node": 15,
                "template-line-number": 60,
                "node-pos": 31
            }
        ],
        "rule-15": [
            {
                "part": null,
                "replacement-node": 79,
                "template-line-number": 318,
                "expression-node": 80,
                "node-pos": 150
            }
        ],
        "rule-3": [
            {
                "part": null,
                "replacement-node": 6,
                "template-line-number": 31,
                "node-pos": 17
            }
        ],
        "rule-4": [
            {
                "html": true,
                "part": null,
                "replacement-node": 9,
                "template-line-number": 37,
                "node-pos": 21
            }
        ],
        "rule-21": [
            {
                "part": null,
                "replacement-node": 127,
                "template-line-number": 548,
                "expression-node": 128,
                "node-pos": 232
            }
        ],
        "rule-46": {
            "subs": [
                {
                    "replacement-node": 169,
                    "part": "10",
                    "name": "AdvancesLineItems",
                    "template-line-number": 752,
                    "expression-node": 170,
                    "node-pos": 302
                },
                {
                    "replacement-node": 148,
                    "part": "2",
                    "name": "AdvancesLineItems",
                    "template-line-number": 704,
                    "expression-node": 149,
                    "node-pos": 273
                },
                {
                    "replacement-node": 151,
                    "part": "3",
                    "name": "AdvancesLineItems",
                    "template-line-number": 710,
                    "expression-node": 152,
                    "node-pos": 277
                },
                {
                    "replacement-node": 154,
                    "part": "4",
                    "name": "AdvancesLineItems",
                    "template-line-number": 716,
                    "expression-node": 155,
                    "node-pos": 281
                },
                {
                    "replacement-node": 157,
                    "part": "5",
                    "name": "AdvancesLineItems",
                    "template-line-number": 722,
                    "expression-node": 158,
                    "node-pos": 285
                },
                {
                    "replacement-node": 160,
                    "part": "6",
                    "name": "AdvancesLineItems",
                    "template-line-number": 728,
                    "expression-node": 161,
                    "node-pos": 289
                },
                {
                    "replacement-node": 163,
                    "part": "7",
                    "name": "AdvancesLineItems",
                    "template-line-number": 734,
                    "expression-node": 164,
                    "node-pos": 293
                },
                {
                    "replacement-node": 166,
                    "part": "9",
                    "name": "AdvancesLineItems",
                    "template-line-number": 746,
                    "expression-node": 167,
                    "node-pos": 298
                }
            ],
            "name": "AdvancesLineItems"
        },
        "rule-17": [
            {
                "part": null,
                "replacement-node": 85,
                "template-line-number": 351,
                "expression-node": 86,
                "node-pos": 160
            }
        ],
        "rule-40": [
            {
                "part": null,
                "replacement-node": 272,
                "template-line-number": 1252,
                "expression-node": 273,
                "node-pos": 473
            }
        ],
        "rule-11": [
            {
                "part": null,
                "replacement-node": 30,
                "template-line-number": 88,
                "node-pos": 53
            }
        ],
        "rule-22": [
            {
                "part": null,
                "replacement-node": 130,
                "template-line-number": 559,
                "expression-node": 131,
                "node-pos": 237
            }
        ],
        "rule-18": [
            {
                "part": null,
                "replacement-node": 88,
                "template-line-number": 362,
                "node-pos": 166
            }
        ],
        "rule-19": [
            {
                "part": null,
                "replacement-node": 90,
                "template-line-number": 374,
                "node-pos": 169
            }
        ],
        "rule-33": [
            {
                "part": null,
                "replacement-node": 217,
                "template-line-number": 1011,
                "node-pos": 386
            }
        ],
        "rule-24": [
            {
                "part": null,
                "replacement-node": 136,
                "template-line-number": 579,
                "expression-node": 137,
                "node-pos": 245
            }
        ],
        "rule-42": [
            {
                "part": null,
                "replacement-node": 278,
                "template-line-number": 1271,
                "node-pos": 484
            }
        ],
        "rule-31": [
            {
                "part": null,
                "replacement-node": 184,
                "template-line-number": 832,
                "node-pos": 330
            }
        ],
        "rule-29": [
            {
                "part": null,
                "replacement-node": 178,
                "template-line-number": 801,
                "expression-node": 179,
                "node-pos": 319
            }
        ],
        "rule-43": [
            {
                "part": null,
                "replacement-node": 281,
                "template-line-number": 1280,
                "node-pos": 488
            }
        ],
        "rule-1": [
            {
                "part": null,
                "replacement-node": 0,
                "template-line-number": 21,
                "node-pos": 9
            }
        ],
        "rule-41": [
            {
                "part": null,
                "replacement-node": 275,
                "template-line-number": 1266,
                "expression-node": 276,
                "node-pos": 480
            }
        ],
        "rule-9": [
            {
                "part": null,
                "replacement-node": 24,
                "template-line-number": 73,
                "expression-node": 25,
                "node-pos": 43
            }
        ],
        "rule-2": [
            {
                "part": null,
                "replacement-node": 3,
                "template-line-number": 25,
                "expression-node": 4,
                "node-pos": 13
            }
        ],
        "rule-8": [
            {
                "part": null,
                "replacement-node": 21,
                "template-line-number": 69,
                "node-pos": 39
            }
        ],
        "rule-26": [
            {
                "part": null,
                "replacement-node": 141,
                "template-line-number": 606,
                "node-pos": 254
            }
        ],
        "rule-37": [
            {
                "part": null,
                "replacement-node": 263,
                "template-line-number": 1221,
                "expression-node": 264,
                "node-pos": 460
            }
        ],
        "rule-35": [
            {
                "part": null,
                "replacement-node": 223,
                "template-line-number": 1054,
                "expression-node": 224,
                "node-pos": 398
            }
        ],
        "rule-12": [
            {
                "html": true,
                "part": null,
                "replacement-node": 33,
                "template-line-number": 99,
                "node-pos": 58
            }
        ],
        "rule-13": [
            {
                "part": null,
                "replacement-node": 45,
                "template-line-number": 160,
                "node-pos": 90
            }
        ],
        "rule-16": [
            {
                "part": null,
                "replacement-node": 82,
                "template-line-number": 330,
                "expression-node": 83,
                "node-pos": 155
            }
        ],
        "rule-47": {
            "subs": [
                {
                    "replacement-node": 73,
                    "part": "10",
                    "name": "BondsLineItems",
                    "template-line-number": 289,
                    "expression-node": 74,
                    "node-pos": 138
                },
                {
                    "replacement-node": 52,
                    "part": "2",
                    "name": "BondsLineItems",
                    "template-line-number": 241,
                    "expression-node": 53,
                    "node-pos": 109
                },
                {
                    "replacement-node": 55,
                    "part": "3",
                    "name": "BondsLineItems",
                    "template-line-number": 247,
                    "expression-node": 56,
                    "node-pos": 113
                },
                {
                    "replacement-node": 58,
                    "part": "4",
                    "name": "BondsLineItems",
                    "template-line-number": 253,
                    "expression-node": 59,
                    "node-pos": 117
                },
                {
                    "replacement-node": 61,
                    "part": "5",
                    "name": "BondsLineItems",
                    "template-line-number": 259,
                    "expression-node": 62,
                    "node-pos": 121
                },
                {
                    "replacement-node": 64,
                    "part": "6",
                    "name": "BondsLineItems",
                    "template-line-number": 265,
                    "expression-node": 65,
                    "node-pos": 125
                },
                {
                    "replacement-node": 67,
                    "part": "7",
                    "name": "BondsLineItems",
                    "template-line-number": 271,
                    "expression-node": 68,
                    "node-pos": 129
                },
                {
                    "replacement-node": 70,
                    "part": "9",
                    "name": "BondsLineItems",
                    "template-line-number": 283,
                    "expression-node": 71,
                    "node-pos": 134
                }
            ],
            "name": "BondsLineItems"
        },
        "rule-5": [
            {
                "html": true,
                "part": null,
                "replacement-node": 12,
                "template-line-number": 49,
                "node-pos": 26
            }
        ],
        "rule-38": [
            {
                "part": null,
                "replacement-node": 266,
                "template-line-number": 1232,
                "expression-node": 267,
                "node-pos": 465
            }
        ]
    },
    "line-numbers": {
        "BondsLineItems": [
            {
                "line-number-node": 49,
                "template-line-number": 237,
                "start-number": 2
            }
        ],
        "LongTermDebtLineItems": [
            {
                "line-number-node": 233,
                "template-line-number": 1154,
                "start-number": 1
            }
        ],
        "OtherLongTermDebtLineItems": [
            {
                "line-number-node": 190,
                "template-line-number": 934,
                "start-rule": "rule-53"
            }
        ],
        "ReacquiredBondsLineItems": [
            {
                "line-number-node": 94,
                "template-line-number": 453,
                "start-rule": "rule-51"
            }
        ],
        "AdvancesLineItems": [
            {
                "line-number-node": 145,
                "template-line-number": 688,
                "start-rule": "rule-52"
            }
        ]
    }
}