{
    "line-numbers": {
        "AccountsReceivableFromAssociateCompanies": [
            {
                "line-number-node": 55,
                "template-line-number": 255,
                "start-number": 3
            }
        ]
    },
    "showifs": {},
    "substitutions": {
        "rule-9": [
            {
                "template-line-number": 77,
                "replacement-node": 24,
                "node-pos": 44,
                "part": null,
                "expression-node": 25
            }
        ],
        "rule-4": [
            {
                "html": true,
                "template-line-number": 39,
                "replacement-node": 9,
                "node-pos": 22,
                "part": null
            }
        ],
        "rule-1": [
            {
                "template-line-number": 22,
                "replacement-node": 0,
                "node-pos": 10,
                "part": null
            }
        ],
        "rule-16": [
            {
                "template-line-number": 298,
                "replacement-node": 70,
                "node-pos": 133,
                "part": null
            }
        ],
        "rule-3": [
            {
                "template-line-number": 33,
                "replacement-node": 6,
                "node-pos": 18,
                "part": null
            }
        ],
        "rule-18": [
            {
                "template-line-number": 322,
                "replacement-node": 76,
                "node-pos": 143,
                "part": null,
                "expression-node": 77
            }
        ],
        "rule-11": [
            {
                "template-line-number": 92,
                "replacement-node": 30,
                "node-pos": 54,
                "part": null
            }
        ],
        "rule-6": [
            {
                "template-line-number": 62,
                "replacement-node": 15,
                "node-pos": 32,
                "part": null
            }
        ],
        "rule-22": {
            "name": "AccountsReceivableFromAssociateCompanies",
            "subs": [
                {
                    "template-line-number": 263,
                    "replacement-node": 58,
                    "part": "2",
                    "node-pos": 115,
                    "name": "AccountsReceivableFromAssociateCompanies",
                    "expression-node": 59
                },
                {
                    "template-line-number": 271,
                    "replacement-node": 61,
                    "part": "3",
                    "node-pos": 119,
                    "name": "AccountsReceivableFromAssociateCompanies",
                    "expression-node": 62
                },
                {
                    "template-line-number": 279,
                    "replacement-node": 64,
                    "part": "4",
                    "node-pos": 123,
                    "name": "AccountsReceivableFromAssociateCompanies",
                    "expression-node": 65
                },
                {
                    "template-line-number": 287,
                    "replacement-node": 67,
                    "part": "5",
                    "node-pos": 127,
                    "name": "AccountsReceivableFromAssociateCompanies",
                    "expression-node": 68
                }
            ]
        },
        "rule-2": [
            {
                "template-line-number": 27,
                "replacement-node": 3,
                "node-pos": 14,
                "part": null,
                "expression-node": 4
            }
        ],
        "rule-8": [
            {
                "template-line-number": 72,
                "replacement-node": 21,
                "node-pos": 40,
                "part": null
            }
        ],
        "rule-13": [
            {
                "template-line-number": 161,
                "replacement-node": 45,
                "node-pos": 84,
                "part": null
            }
        ],
        "rule-7": [
            {
                "template-line-number": 67,
                "replacement-node": 18,
                "node-pos": 36,
                "part": null,
                "expression-node": 19
            }
        ],
        "rule-17": [
            {
                "template-line-number": 313,
                "replacement-node": 73,
                "node-pos": 139,
                "part": null,
                "expression-node": 74
            }
        ],
        "rule-19": [
            {
                "template-line-number": 337,
                "replacement-node": 79,
                "node-pos": 150,
                "part": null,
                "expression-node": 80
            }
        ],
        "rule-14": [
            {
                "template-line-number": 173,
                "replacement-node": 48,
                "node-pos": 89,
                "part": null
            }
        ],
        "rule-20": [
            {
                "template-line-number": 343,
                "replacement-node": 82,
                "node-pos": 154,
                "part": null
            }
        ],
        "rule-5": [
            {
                "html": true,
                "template-line-number": 51,
                "replacement-node": 12,
                "node-pos": 27,
                "part": null
            }
        ],
        "rule-21": [
            {
                "template-line-number": 352,
                "replacement-node": 85,
                "node-pos": 158,
                "part": null
            }
        ],
        "rule-15": [
            {
                "template-line-number": 192,
                "replacement-node": 51,
                "node-pos": 100,
                "part": null
            }
        ],
        "rule-12": [
            {
                "html": true,
                "template-line-number": 103,
                "replacement-node": 33,
                "node-pos": 59,
                "part": null
            }
        ],
        "rule-10": [
            {
                "template-line-number": 82,
                "replacement-node": 27,
                "node-pos": 48,
                "part": null,
                "expression-node": 28
            }
        ],
        "rule-23": {
            "name": "ColumnHeading",
            "subs": [
                {
                    "template-line-number": 141,
                    "replacement-node": 39,
                    "part": "1",
                    "node-pos": 74,
                    "name": "ColumnHeading",
                    "extras": {}
                },
                {
                    "template-line-number": 150,
                    "replacement-node": 42,
                    "part": "2",
                    "node-pos": 78,
                    "name": "ColumnHeading",
                    "extras": {}
                },
                {
                    "template-line-number": 137,
                    "replacement-node": 37,
                    "part": "3",
                    "node-pos": 72,
                    "name": "ColumnHeading",
                    "extras": {}
                }
            ]
        }
    }
}