{
    "substitutions": {
        "rule-4": [
            {
                "template-line-number": 38,
                "part": null,
                "node-pos": 21,
                "html": true,
                "replacement-node": 9
            }
        ],
        "rule-9": [
            {
                "template-line-number": 76,
                "part": null,
                "node-pos": 43,
                "expression-node": 25,
                "replacement-node": 24
            }
        ],
        "rule-12": [
            {
                "template-line-number": 102,
                "part": null,
                "node-pos": 58,
                "html": true,
                "replacement-node": 33
            }
        ],
        "rule-14": [
            {
                "template-line-number": 226,
                "part": null,
                "node-pos": 102,
                "expression-node": 58,
                "replacement-node": 57
            }
        ],
        "rule-7": [
            {
                "template-line-number": 66,
                "part": null,
                "node-pos": 35,
                "expression-node": 19,
                "replacement-node": 18
            }
        ],
        "rule-11": [
            {
                "template-line-number": 91,
                "part": null,
                "node-pos": 53,
                "replacement-node": 30
            }
        ],
        "rule-18": {
            "name": "ConstructionWorkInProgres",
            "subs": [
                {
                    "template-line-number": 198,
                    "part": "2",
                    "name": "ConstructionWorkInProgres",
                    "expression-node": 49,
                    "node-pos": 87,
                    "replacement-node": 48
                },
                {
                    "template-line-number": 203,
                    "part": "3",
                    "name": "ConstructionWorkInProgres",
                    "expression-node": 52,
                    "node-pos": 91,
                    "replacement-node": 51
                }
            ]
        },
        "rule-3": [
            {
                "template-line-number": 32,
                "part": null,
                "node-pos": 17,
                "replacement-node": 6
            }
        ],
        "rule-2": [
            {
                "template-line-number": 26,
                "part": null,
                "node-pos": 13,
                "expression-node": 4,
                "replacement-node": 3
            }
        ],
        "rule-19": {
            "name": "ColumnHeadings",
            "subs": [
                {
                    "template-line-number": 141,
                    "part": "1",
                    "name": "ColumnHeadings",
                    "node-pos": 74,
                    "extras": {},
                    "replacement-node": 39
                },
                {
                    "template-line-number": 149,
                    "part": "2",
                    "name": "ColumnHeadings",
                    "node-pos": 78,
                    "extras": {},
                    "replacement-node": 42
                },
                {
                    "template-line-number": 137,
                    "part": "3",
                    "name": "ColumnHeadings",
                    "node-pos": 72,
                    "extras": {},
                    "replacement-node": 37
                }
            ]
        },
        "rule-8": [
            {
                "template-line-number": 71,
                "part": null,
                "node-pos": 39,
                "replacement-node": 21
            }
        ],
        "rule-17": [
            {
                "template-line-number": 254,
                "part": null,
                "node-pos": 116,
                "replacement-node": 66
            }
        ],
        "rule-5": [
            {
                "template-line-number": 50,
                "part": null,
                "node-pos": 26,
                "html": true,
                "replacement-node": 12
            }
        ],
        "rule-10": [
            {
                "template-line-number": 81,
                "part": null,
                "node-pos": 47,
                "expression-node": 28,
                "replacement-node": 27
            }
        ],
        "rule-1": [
            {
                "template-line-number": 21,
                "part": null,
                "node-pos": 9,
                "replacement-node": 0
            }
        ],
        "rule-13": [
            {
                "template-line-number": 214,
                "part": null,
                "node-pos": 97,
                "replacement-node": 54
            }
        ],
        "rule-6": [
            {
                "template-line-number": 61,
                "part": null,
                "node-pos": 31,
                "replacement-node": 15
            }
        ],
        "rule-15": [
            {
                "template-line-number": 240,
                "part": null,
                "node-pos": 108,
                "expression-node": 61,
                "replacement-node": 60
            }
        ],
        "rule-16": [
            {
                "template-line-number": 245,
                "part": null,
                "node-pos": 112,
                "replacement-node": 63
            }
        ]
    },
    "line-numbers": {
        "ConstructionWorkInProgres": [
            {
                "start-number": 1,
                "template-line-number": 194,
                "line-number-node": 46
            }
        ]
    },
    "showifs": {}
}