{
    "substitutions": {
        "rule-2": [
            {
                "node-pos": 13,
                "expression-node": 4,
                "replacement-node": 3,
                "template-line-number": 26,
                "part": null
            }
        ],
        "rule-13": [
            {
                "node-pos": 98,
                "expression-node": 55,
                "replacement-node": 54,
                "template-line-number": 227,
                "part": null
            }
        ],
        "rule-6": [
            {
                "node-pos": 31,
                "replacement-node": 15,
                "template-line-number": 61,
                "part": null
            }
        ],
        "rule-10": [
            {
                "node-pos": 47,
                "expression-node": 28,
                "replacement-node": 27,
                "template-line-number": 81,
                "part": null
            }
        ],
        "rule-4": [
            {
                "html": true,
                "node-pos": 21,
                "replacement-node": 9,
                "template-line-number": 38,
                "part": null
            }
        ],
        "rule-7": [
            {
                "node-pos": 35,
                "expression-node": 19,
                "replacement-node": 18,
                "template-line-number": 66,
                "part": null
            }
        ],
        "rule-5": [
            {
                "html": true,
                "node-pos": 26,
                "replacement-node": 12,
                "template-line-number": 50,
                "part": null
            }
        ],
        "rule-11": [
            {
                "node-pos": 53,
                "replacement-node": 30,
                "template-line-number": 91,
                "part": null
            }
        ],
        "rule-16": [
            {
                "node-pos": 112,
                "replacement-node": 63,
                "template-line-number": 255,
                "part": null
            }
        ],
        "rule-17": {
            "subs": [
                {
                    "replacement-node": 48,
                    "template-line-number": 198,
                    "part": "2",
                    "expression-node": 49,
                    "node-pos": 87,
                    "name": "ConstructionWorkInProgres"
                },
                {
                    "replacement-node": 51,
                    "template-line-number": 203,
                    "part": "3",
                    "expression-node": 52,
                    "node-pos": 91,
                    "name": "ConstructionWorkInProgres"
                }
            ],
            "name": "ConstructionWorkInProgres"
        },
        "rule-3": [
            {
                "node-pos": 17,
                "replacement-node": 6,
                "template-line-number": 32,
                "part": null
            }
        ],
        "rule-18": {
            "subs": [
                {
                    "extras": {},
                    "replacement-node": 39,
                    "template-line-number": 141,
                    "part": "1",
                    "node-pos": 74,
                    "name": "ColumnHeadings"
                },
                {
                    "extras": {},
                    "replacement-node": 42,
                    "template-line-number": 149,
                    "part": "2",
                    "node-pos": 78,
                    "name": "ColumnHeadings"
                },
                {
                    "extras": {},
                    "replacement-node": 37,
                    "template-line-number": 137,
                    "part": "3",
                    "node-pos": 72,
                    "name": "ColumnHeadings"
                }
            ],
            "name": "ColumnHeadings"
        },
        "rule-14": [
            {
                "node-pos": 104,
                "expression-node": 58,
                "replacement-node": 57,
                "template-line-number": 241,
                "part": null
            }
        ],
        "rule-15": [
            {
                "node-pos": 108,
                "replacement-node": 60,
                "template-line-number": 246,
                "part": null
            }
        ],
        "rule-12": [
            {
                "html": true,
                "node-pos": 58,
                "replacement-node": 33,
                "template-line-number": 102,
                "part": null
            }
        ],
        "rule-1": [
            {
                "node-pos": 9,
                "replacement-node": 0,
                "template-line-number": 21,
                "part": null
            }
        ],
        "rule-9": [
            {
                "node-pos": 43,
                "expression-node": 25,
                "replacement-node": 24,
                "template-line-number": 76,
                "part": null
            }
        ],
        "rule-8": [
            {
                "node-pos": 39,
                "replacement-node": 21,
                "template-line-number": 71,
                "part": null
            }
        ]
    },
    "showifs": {},
    "line-numbers": {
        "ConstructionWorkInProgres": [
            {
                "start-number": 1,
                "line-number-node": 46,
                "template-line-number": 194
            }
        ]
    }
}