{
    "substitutions": {
        "rule-5": [
            {
                "html": true,
                "part": null,
                "node-pos": 23,
                "replacement-node": 10,
                "template-line-number": 46
            }
        ],
        "rule-11": [
            {
                "part": null,
                "node-pos": 49,
                "replacement-node": 28,
                "template-line-number": 89,
                "expression-node": 29
            }
        ],
        "rule-14": [
            {
                "part": null,
                "node-pos": 96,
                "replacement-node": 57,
                "template-line-number": 199
            }
        ],
        "rule-16": {
            "subs": [
                {
                    "extras": {},
                    "node-pos": 63,
                    "name": "ElectricOperationsAndMaintenanceExpensesHeadings",
                    "part": "1",
                    "replacement-node": 35,
                    "template-line-number": 122
                },
                {
                    "extras": {},
                    "node-pos": 67,
                    "name": "ElectricOperationsAndMaintenanceExpensesHeadings",
                    "part": "2",
                    "replacement-node": 38,
                    "template-line-number": 129
                }
            ],
            "name": "ElectricOperationsAndMaintenanceExpensesHeadings"
        },
        "rule-17": {
            "subs": [
                {
                    "extras": {},
                    "node-pos": 73,
                    "name": "ElectricOperationsAndMaintenanceExpensesLineItems",
                    "part": "1",
                    "replacement-node": 42,
                    "template-line-number": 163
                },
                {
                    "extras": {},
                    "node-pos": 79,
                    "name": "ElectricOperationsAndMaintenanceExpensesLineItems",
                    "part": "2",
                    "replacement-node": 45,
                    "template-line-number": 170
                },
                {
                    "extras": {},
                    "node-pos": 81,
                    "name": "ElectricOperationsAndMaintenanceExpensesLineItems",
                    "part": "3",
                    "replacement-node": 47,
                    "template-line-number": 174
                },
                {
                    "node-pos": 86,
                    "expression-node": 52,
                    "name": "ElectricOperationsAndMaintenanceExpensesLineItems",
                    "part": "4",
                    "replacement-node": 51,
                    "template-line-number": 183
                }
            ],
            "name": "ElectricOperationsAndMaintenanceExpensesLineItems"
        },
        "rule-6": [
            {
                "html": true,
                "part": null,
                "node-pos": 28,
                "replacement-node": 13,
                "template-line-number": 58
            }
        ],
        "rule-8": [
            {
                "part": null,
                "node-pos": 37,
                "replacement-node": 19,
                "template-line-number": 74,
                "expression-node": 20
            }
        ],
        "rule-10": [
            {
                "part": null,
                "node-pos": 45,
                "replacement-node": 25,
                "template-line-number": 84,
                "expression-node": 26
            }
        ],
        "rule-13": [
            {
                "part": null,
                "node-pos": 92,
                "replacement-node": 54,
                "template-line-number": 194,
                "expression-node": 55
            }
        ],
        "rule-3": [
            {
                "part": null,
                "node-pos": 15,
                "replacement-node": 4,
                "template-line-number": 34,
                "expression-node": 5
            }
        ],
        "rule-7": [
            {
                "part": null,
                "node-pos": 33,
                "replacement-node": 16,
                "template-line-number": 69
            }
        ],
        "rule-2": [
            {
                "part": null,
                "node-pos": 11,
                "replacement-node": 1,
                "template-line-number": 29
            }
        ],
        "rule-9": [
            {
                "part": null,
                "node-pos": 41,
                "replacement-node": 22,
                "template-line-number": 79
            }
        ],
        "rule-12": [
            {
                "part": null,
                "node-pos": 55,
                "replacement-node": 31,
                "template-line-number": 99
            }
        ],
        "rule-4": [
            {
                "part": null,
                "node-pos": 19,
                "replacement-node": 7,
                "template-line-number": 40
            }
        ],
        "rule-15": [
            {
                "part": null,
                "node-pos": 100,
                "replacement-node": 60,
                "template-line-number": 209
            }
        ]
    },
    "showifs": {
        "rule-1": {
            "type": "showif",
            "template-line-number": 19
        }
    },
    "line-numbers": {}
}