{
    "substitutions": {
        "rule-1": [
            {
                "node-pos": 9,
                "part": null,
                "template-line-number": 21,
                "replacement-node": 0
            }
        ],
        "rule-9": [
            {
                "node-pos": 43,
                "part": null,
                "expression-node": 25,
                "template-line-number": 76,
                "replacement-node": 24
            }
        ],
        "rule-6": [
            {
                "node-pos": 31,
                "part": null,
                "template-line-number": 61,
                "replacement-node": 15
            }
        ],
        "rule-8": [
            {
                "node-pos": 39,
                "part": null,
                "template-line-number": 71,
                "replacement-node": 21
            }
        ],
        "rule-5": [
            {
                "node-pos": 26,
                "part": null,
                "html": true,
                "template-line-number": 50,
                "replacement-node": 12
            }
        ],
        "rule-10": [
            {
                "node-pos": 47,
                "part": null,
                "expression-node": 28,
                "template-line-number": 81,
                "replacement-node": 27
            }
        ],
        "rule-17": {
            "subs": [
                {
                    "part": "1",
                    "template-line-number": 149,
                    "name": "ISHeadings",
                    "node-pos": 84,
                    "extras": {},
                    "replacement-node": 37
                },
                {
                    "part": "2",
                    "template-line-number": 156,
                    "name": "ISHeadings",
                    "node-pos": 88,
                    "extras": {},
                    "replacement-node": 40
                }
            ],
            "name": "ISHeadings"
        },
        "rule-11": [
            {
                "node-pos": 53,
                "part": null,
                "template-line-number": 91,
                "replacement-node": 30
            }
        ],
        "rule-14": [
            {
                "node-pos": 167,
                "part": null,
                "template-line-number": 364,
                "replacement-node": 99
            }
        ],
        "rule-16": {
            "subs": [
                {
                    "part": "1",
                    "template-line-number": 235,
                    "name": "ISLineItems",
                    "node-pos": 94,
                    "extras": {},
                    "replacement-node": 44
                },
                {
                    "part": "10",
                    "template-line-number": 318,
                    "name": "ISLineItems",
                    "node-pos": 141,
                    "expression-node": 81,
                    "replacement-node": 80
                },
                {
                    "part": "11",
                    "template-line-number": 327,
                    "name": "ISLineItems",
                    "node-pos": 146,
                    "expression-node": 85,
                    "replacement-node": 84
                },
                {
                    "part": "12",
                    "template-line-number": 336,
                    "name": "ISLineItems",
                    "node-pos": 151,
                    "expression-node": 89,
                    "replacement-node": 88
                },
                {
                    "part": "13",
                    "template-line-number": 345,
                    "name": "ISLineItems",
                    "node-pos": 156,
                    "expression-node": 93,
                    "replacement-node": 92
                },
                {
                    "part": "2",
                    "template-line-number": 246,
                    "name": "ISLineItems",
                    "node-pos": 102,
                    "extras": {},
                    "replacement-node": 49
                },
                {
                    "part": "3",
                    "template-line-number": 253,
                    "name": "ISLineItems",
                    "node-pos": 107,
                    "extras": {},
                    "replacement-node": 53
                },
                {
                    "part": "4",
                    "template-line-number": 263,
                    "name": "ISLineItems",
                    "node-pos": 111,
                    "expression-node": 57,
                    "replacement-node": 56
                },
                {
                    "part": "5",
                    "template-line-number": 272,
                    "name": "ISLineItems",
                    "node-pos": 116,
                    "expression-node": 61,
                    "replacement-node": 60
                },
                {
                    "part": "6",
                    "template-line-number": 242,
                    "name": "ISLineItems",
                    "node-pos": 100,
                    "extras": {},
                    "replacement-node": 47
                },
                {
                    "part": "6",
                    "template-line-number": 281,
                    "name": "ISLineItems",
                    "node-pos": 121,
                    "expression-node": 65,
                    "replacement-node": 64
                },
                {
                    "part": "7",
                    "template-line-number": 290,
                    "name": "ISLineItems",
                    "node-pos": 126,
                    "expression-node": 69,
                    "replacement-node": 68
                },
                {
                    "part": "8",
                    "template-line-number": 299,
                    "name": "ISLineItems",
                    "node-pos": 131,
                    "expression-node": 73,
                    "replacement-node": 72
                },
                {
                    "part": "9",
                    "template-line-number": 308,
                    "name": "ISLineItems",
                    "node-pos": 136,
                    "expression-node": 77,
                    "replacement-node": 76
                }
            ],
            "name": "ISLineItems"
        },
        "rule-3": [
            {
                "node-pos": 17,
                "part": null,
                "template-line-number": 32,
                "replacement-node": 6
            }
        ],
        "rule-7": [
            {
                "node-pos": 35,
                "part": null,
                "expression-node": 19,
                "template-line-number": 66,
                "replacement-node": 18
            }
        ],
        "rule-13": [
            {
                "node-pos": 163,
                "part": null,
                "expression-node": 97,
                "template-line-number": 359,
                "replacement-node": 96
            }
        ],
        "rule-4": [
            {
                "node-pos": 21,
                "part": null,
                "html": true,
                "template-line-number": 38,
                "replacement-node": 9
            }
        ],
        "rule-15": [
            {
                "node-pos": 171,
                "part": null,
                "template-line-number": 373,
                "replacement-node": 102
            }
        ],
        "rule-12": [
            {
                "node-pos": 58,
                "part": null,
                "html": true,
                "template-line-number": 102,
                "replacement-node": 33
            }
        ],
        "rule-2": [
            {
                "node-pos": 13,
                "part": null,
                "expression-node": 4,
                "template-line-number": 26,
                "replacement-node": 3
            }
        ]
    },
    "showifs": {},
    "line-numbers": {}
}