{
    "substitutions": {
        "rule-6": [
            {
                "part": null,
                "html": true,
                "node-pos": 27,
                "template-line-number": 56,
                "replacement-node": 13
            }
        ],
        "rule-22": [
            {
                "part": null,
                "node-pos": 216,
                "template-line-number": 747,
                "replacement-node": 112
            }
        ],
        "rule-3": [
            {
                "expression-node": 5,
                "part": null,
                "node-pos": 14,
                "template-line-number": 32,
                "replacement-node": 4
            }
        ],
        "rule-12": [
            {
                "part": null,
                "node-pos": 54,
                "template-line-number": 97,
                "replacement-node": 31
            }
        ],
        "rule-5": [
            {
                "part": null,
                "html": true,
                "node-pos": 22,
                "template-line-number": 44,
                "replacement-node": 10
            }
        ],
        "rule-20": [
            {
                "expression-node": 107,
                "part": null,
                "node-pos": 208,
                "template-line-number": 733,
                "replacement-node": 106
            }
        ],
        "rule-23": {
            "subs": [
                {
                    "node-pos": 97,
                    "extras": {},
                    "part": "1",
                    "name": "ShipperSuppliedHeadings",
                    "template-line-number": 166,
                    "replacement-node": 40
                },
                {
                    "node-pos": 101,
                    "extras": {},
                    "part": "2",
                    "name": "ShipperSuppliedHeadings",
                    "template-line-number": 175,
                    "replacement-node": 43
                },
                {
                    "node-pos": 95,
                    "extras": {},
                    "part": "3",
                    "name": "ShipperSuppliedHeadings",
                    "template-line-number": 162,
                    "replacement-node": 38
                }
            ],
            "name": "ShipperSuppliedHeadings"
        },
        "rule-17": [
            {
                "expression-node": 101,
                "part": null,
                "node-pos": 195,
                "template-line-number": 697,
                "replacement-node": 100
            }
        ],
        "rule-24": {
            "subs": [
                {
                    "node-pos": 107,
                    "extras": {},
                    "part": "1",
                    "name": "ShipperLineItems",
                    "template-line-number": 540,
                    "replacement-node": 47
                },
                {
                    "node-pos": 110,
                    "expression-node": 50,
                    "part": "1",
                    "name": "ShipperLineItems",
                    "template-line-number": 546,
                    "replacement-node": 49
                },
                {
                    "node-pos": 146,
                    "expression-node": 77,
                    "part": "10",
                    "name": "ShipperLineItems",
                    "template-line-number": 604,
                    "replacement-node": 76
                },
                {
                    "node-pos": 150,
                    "expression-node": 80,
                    "part": "11",
                    "name": "ShipperLineItems",
                    "template-line-number": 610,
                    "replacement-node": 79
                },
                {
                    "node-pos": 154,
                    "expression-node": 83,
                    "part": "12",
                    "name": "ShipperLineItems",
                    "template-line-number": 616,
                    "replacement-node": 82
                },
                {
                    "node-pos": 158,
                    "expression-node": 86,
                    "part": "13",
                    "name": "ShipperLineItems",
                    "template-line-number": 623,
                    "replacement-node": 85
                },
                {
                    "node-pos": 162,
                    "expression-node": 89,
                    "part": "14",
                    "name": "ShipperLineItems",
                    "template-line-number": 629,
                    "replacement-node": 88
                },
                {
                    "node-pos": 166,
                    "expression-node": 92,
                    "part": "15",
                    "name": "ShipperLineItems",
                    "template-line-number": 635,
                    "replacement-node": 91
                },
                {
                    "node-pos": 114,
                    "expression-node": 53,
                    "part": "2",
                    "name": "ShipperLineItems",
                    "template-line-number": 553,
                    "replacement-node": 52
                },
                {
                    "node-pos": 118,
                    "expression-node": 56,
                    "part": "3",
                    "name": "ShipperLineItems",
                    "template-line-number": 559,
                    "replacement-node": 55
                },
                {
                    "node-pos": 122,
                    "expression-node": 59,
                    "part": "4",
                    "name": "ShipperLineItems",
                    "template-line-number": 565,
                    "replacement-node": 58
                },
                {
                    "node-pos": 126,
                    "expression-node": 62,
                    "part": "5",
                    "name": "ShipperLineItems",
                    "template-line-number": 571,
                    "replacement-node": 61
                },
                {
                    "node-pos": 130,
                    "expression-node": 65,
                    "part": "6",
                    "name": "ShipperLineItems",
                    "template-line-number": 580,
                    "replacement-node": 64
                },
                {
                    "node-pos": 134,
                    "expression-node": 68,
                    "part": "7",
                    "name": "ShipperLineItems",
                    "template-line-number": 586,
                    "replacement-node": 67
                },
                {
                    "node-pos": 138,
                    "expression-node": 71,
                    "part": "8",
                    "name": "ShipperLineItems",
                    "template-line-number": 592,
                    "replacement-node": 70
                },
                {
                    "node-pos": 142,
                    "expression-node": 74,
                    "part": "9",
                    "name": "ShipperLineItems",
                    "template-line-number": 598,
                    "replacement-node": 73
                }
            ],
            "name": "ShipperLineItems"
        },
        "rule-9": [
            {
                "part": null,
                "node-pos": 40,
                "template-line-number": 77,
                "replacement-node": 22
            }
        ],
        "rule-2": [
            {
                "part": null,
                "node-pos": 10,
                "template-line-number": 27,
                "replacement-node": 1
            }
        ],
        "rule-10": [
            {
                "expression-node": 26,
                "part": null,
                "node-pos": 44,
                "template-line-number": 82,
                "replacement-node": 25
            }
        ],
        "rule-7": [
            {
                "part": null,
                "node-pos": 32,
                "template-line-number": 67,
                "replacement-node": 16
            }
        ],
        "rule-4": [
            {
                "part": null,
                "node-pos": 18,
                "template-line-number": 38,
                "replacement-node": 7
            }
        ],
        "rule-15": [
            {
                "expression-node": 97,
                "part": null,
                "node-pos": 187,
                "template-line-number": 677,
                "replacement-node": 96
            }
        ],
        "rule-11": [
            {
                "expression-node": 29,
                "part": null,
                "node-pos": 48,
                "template-line-number": 87,
                "replacement-node": 28
            }
        ],
        "rule-13": [
            {
                "part": null,
                "html": true,
                "node-pos": 59,
                "template-line-number": 108,
                "replacement-node": 34
            }
        ],
        "rule-18": [
            {
                "part": null,
                "node-pos": 200,
                "template-line-number": 711,
                "replacement-node": 102
            }
        ],
        "rule-8": [
            {
                "expression-node": 20,
                "part": null,
                "node-pos": 36,
                "template-line-number": 72,
                "replacement-node": 19
            }
        ],
        "rule-19": [
            {
                "expression-node": 105,
                "part": null,
                "node-pos": 203,
                "template-line-number": 718,
                "replacement-node": 104
            }
        ],
        "rule-14": [
            {
                "part": null,
                "node-pos": 184,
                "template-line-number": 670,
                "replacement-node": 94
            }
        ],
        "rule-21": [
            {
                "part": null,
                "node-pos": 212,
                "template-line-number": 738,
                "replacement-node": 109
            }
        ],
        "rule-16": [
            {
                "part": null,
                "node-pos": 192,
                "template-line-number": 690,
                "replacement-node": 98
            }
        ]
    },
    "showifs": {
        "rule-1": {
            "type": "showif",
            "template-line-number": 17
        }
    },
    "line-numbers": {}
}