{
    "showifs": {},
    "substitutions": {
        "rule-1": [
            {
                "part": null,
                "replacement-node": 0,
                "node-pos": 10,
                "template-line-number": 22
            }
        ],
        "rule-6": [
            {
                "part": null,
                "replacement-node": 15,
                "node-pos": 32,
                "template-line-number": 62
            }
        ],
        "rule-17": [
            {
                "expression-node": 86,
                "part": null,
                "replacement-node": 85,
                "node-pos": 170,
                "template-line-number": 349
            }
        ],
        "rule-22": [
            {
                "part": null,
                "replacement-node": 100,
                "node-pos": 205,
                "template-line-number": 419
            }
        ],
        "rule-12": [
            {
                "part": null,
                "replacement-node": 33,
                "node-pos": 59,
                "html": true,
                "template-line-number": 104
            }
        ],
        "rule-7": [
            {
                "expression-node": 19,
                "part": null,
                "replacement-node": 18,
                "node-pos": 36,
                "template-line-number": 67
            }
        ],
        "rule-24": [
            {
                "expression-node": 137,
                "part": null,
                "replacement-node": 136,
                "node-pos": 273,
                "template-line-number": 580
            }
        ],
        "rule-19": [
            {
                "expression-node": 92,
                "part": null,
                "replacement-node": 91,
                "node-pos": 178,
                "template-line-number": 367
            }
        ],
        "rule-11": [
            {
                "part": null,
                "replacement-node": 30,
                "node-pos": 54,
                "template-line-number": 93
            }
        ],
        "rule-16": [
            {
                "part": null,
                "replacement-node": 82,
                "node-pos": 160,
                "template-line-number": 330
            }
        ],
        "rule-20": [
            {
                "part": null,
                "replacement-node": 94,
                "node-pos": 184,
                "template-line-number": 380
            }
        ],
        "rule-10": [
            {
                "expression-node": 28,
                "part": null,
                "replacement-node": 27,
                "node-pos": 48,
                "template-line-number": 82
            }
        ],
        "rule-15": [
            {
                "part": null,
                "replacement-node": 49,
                "node-pos": 102,
                "template-line-number": 187
            }
        ],
        "rule-28": [
            {
                "part": null,
                "replacement-node": 148,
                "node-pos": 291,
                "template-line-number": 619
            }
        ],
        "rule-23": [
            {
                "part": null,
                "replacement-node": 133,
                "node-pos": 263,
                "template-line-number": 563
            }
        ],
        "rule-13": [
            {
                "part": null,
                "replacement-node": 43,
                "node-pos": 81,
                "template-line-number": 150
            }
        ],
        "rule-8": [
            {
                "part": null,
                "replacement-node": 21,
                "node-pos": 40,
                "template-line-number": 72
            }
        ],
        "rule-30": {
            "name": "ColumnHeadings",
            "subs": [
                {
                    "name": "ColumnHeadings",
                    "node-pos": 71,
                    "part": "1",
                    "replacement-node": 37,
                    "extras": {},
                    "template-line-number": 131
                },
                {
                    "name": "ColumnHeadings",
                    "node-pos": 75,
                    "part": "2",
                    "replacement-node": 40,
                    "extras": {},
                    "template-line-number": 138
                }
            ]
        },
        "rule-9": [
            {
                "expression-node": 25,
                "part": null,
                "replacement-node": 24,
                "node-pos": 44,
                "template-line-number": 77
            }
        ],
        "rule-2": [
            {
                "expression-node": 4,
                "part": null,
                "replacement-node": 3,
                "node-pos": 14,
                "template-line-number": 27
            }
        ],
        "rule-29": [
            {
                "part": null,
                "replacement-node": 151,
                "node-pos": 295,
                "template-line-number": 628
            }
        ],
        "rule-18": [
            {
                "expression-node": 89,
                "part": null,
                "replacement-node": 88,
                "node-pos": 174,
                "template-line-number": 358
            }
        ],
        "rule-32": {
            "name": "Transactions2",
            "subs": [
                {
                    "name": "Transactions2",
                    "node-pos": 256,
                    "part": "10",
                    "expression-node": 131,
                    "replacement-node": 130,
                    "template-line-number": 551
                },
                {
                    "name": "Transactions2",
                    "node-pos": 224,
                    "part": "2",
                    "expression-node": 107,
                    "replacement-node": 106,
                    "template-line-number": 511
                },
                {
                    "name": "Transactions2",
                    "node-pos": 228,
                    "part": "3",
                    "expression-node": 110,
                    "replacement-node": 109,
                    "template-line-number": 516
                },
                {
                    "name": "Transactions2",
                    "node-pos": 232,
                    "part": "4",
                    "expression-node": 113,
                    "replacement-node": 112,
                    "template-line-number": 521
                },
                {
                    "name": "Transactions2",
                    "node-pos": 236,
                    "part": "5",
                    "expression-node": 116,
                    "replacement-node": 115,
                    "template-line-number": 526
                },
                {
                    "name": "Transactions2",
                    "node-pos": 240,
                    "part": "6",
                    "expression-node": 119,
                    "replacement-node": 118,
                    "template-line-number": 531
                },
                {
                    "name": "Transactions2",
                    "node-pos": 244,
                    "part": "7",
                    "expression-node": 122,
                    "replacement-node": 121,
                    "template-line-number": 536
                },
                {
                    "name": "Transactions2",
                    "node-pos": 248,
                    "part": "8",
                    "expression-node": 125,
                    "replacement-node": 124,
                    "template-line-number": 541
                },
                {
                    "name": "Transactions2",
                    "node-pos": 252,
                    "part": "9",
                    "expression-node": 128,
                    "replacement-node": 127,
                    "template-line-number": 546
                }
            ]
        },
        "rule-26": [
            {
                "expression-node": 143,
                "part": null,
                "replacement-node": 142,
                "node-pos": 281,
                "template-line-number": 598
            }
        ],
        "rule-27": [
            {
                "expression-node": 146,
                "part": null,
                "replacement-node": 145,
                "node-pos": 287,
                "template-line-number": 613
            }
        ],
        "rule-3": [
            {
                "part": null,
                "replacement-node": 6,
                "node-pos": 18,
                "template-line-number": 33
            }
        ],
        "rule-4": [
            {
                "part": null,
                "replacement-node": 9,
                "node-pos": 22,
                "html": true,
                "template-line-number": 39
            }
        ],
        "rule-5": [
            {
                "part": null,
                "replacement-node": 12,
                "node-pos": 27,
                "html": true,
                "template-line-number": 51
            }
        ],
        "rule-21": [
            {
                "part": null,
                "replacement-node": 97,
                "node-pos": 189,
                "template-line-number": 392
            }
        ],
        "rule-25": [
            {
                "expression-node": 140,
                "part": null,
                "replacement-node": 139,
                "node-pos": 277,
                "template-line-number": 589
            }
        ],
        "rule-14": [
            {
                "part": null,
                "replacement-node": 46,
                "node-pos": 86,
                "template-line-number": 162
            }
        ],
        "rule-31": {
            "name": "Transactions",
            "subs": [
                {
                    "name": "Transactions",
                    "node-pos": 149,
                    "part": "10",
                    "expression-node": 77,
                    "replacement-node": 76,
                    "template-line-number": 313
                },
                {
                    "name": "Transactions",
                    "node-pos": 153,
                    "part": "11",
                    "expression-node": 80,
                    "replacement-node": 79,
                    "template-line-number": 318
                },
                {
                    "name": "Transactions",
                    "node-pos": 121,
                    "part": "3",
                    "expression-node": 56,
                    "replacement-node": 55,
                    "template-line-number": 278
                },
                {
                    "name": "Transactions",
                    "node-pos": 125,
                    "part": "4",
                    "expression-node": 59,
                    "replacement-node": 58,
                    "template-line-number": 283
                },
                {
                    "name": "Transactions",
                    "node-pos": 129,
                    "part": "5",
                    "expression-node": 62,
                    "replacement-node": 61,
                    "template-line-number": 288
                },
                {
                    "name": "Transactions",
                    "node-pos": 133,
                    "part": "6",
                    "expression-node": 65,
                    "replacement-node": 64,
                    "template-line-number": 293
                },
                {
                    "name": "Transactions",
                    "node-pos": 137,
                    "part": "7",
                    "expression-node": 68,
                    "replacement-node": 67,
                    "template-line-number": 298
                },
                {
                    "name": "Transactions",
                    "node-pos": 141,
                    "part": "8",
                    "expression-node": 71,
                    "replacement-node": 70,
                    "template-line-number": 303
                },
                {
                    "name": "Transactions",
                    "node-pos": 145,
                    "part": "9",
                    "expression-node": 74,
                    "replacement-node": 73,
                    "template-line-number": 308
                }
            ]
        }
    },
    "line-numbers": {
        "Transactions": [
            {
                "template-line-number": 273,
                "start-number": 3,
                "line-number-node": 53
            }
        ],
        "Transactions2": [
            {
                "template-line-number": 506,
                "start-number": 16,
                "line-number-node": 104
            }
        ]
    }
}