{
    "showifs": {},
    "substitutions": {
        "rule-2": [
            {
                "replacement-node": 3,
                "part": null,
                "template-line-number": 30,
                "node-pos": 15
            }
        ],
        "rule-15": [
            {
                "replacement-node": 48,
                "part": null,
                "template-line-number": 166,
                "node-pos": 83
            }
        ],
        "rule-11": [
            {
                "replacement-node": 36,
                "part": null,
                "template-line-number": 128,
                "node-pos": 66
            }
        ],
        "rule-27": [
            {
                "replacement-node": 84,
                "part": null,
                "template-line-number": 311,
                "node-pos": 150
            }
        ],
        "rule-28": [
            {
                "replacement-node": 87,
                "part": null,
                "template-line-number": 319,
                "node-pos": 154,
                "expression-node": 88
            }
        ],
        "rule-23": [
            {
                "replacement-node": 72,
                "part": null,
                "template-line-number": 246,
                "node-pos": 121,
                "expression-node": 73
            }
        ],
        "rule-25": [
            {
                "replacement-node": 78,
                "part": null,
                "template-line-number": 293,
                "node-pos": 142
            }
        ],
        "rule-20": [
            {
                "replacement-node": 63,
                "html": true,
                "part": null,
                "template-line-number": 214,
                "node-pos": 106
            }
        ],
        "rule-33": [
            {
                "replacement-node": 102,
                "part": null,
                "template-line-number": 381,
                "node-pos": 182,
                "expression-node": 103
            }
        ],
        "rule-12": [
            {
                "replacement-node": 39,
                "part": null,
                "template-line-number": 136,
                "node-pos": 70,
                "expression-node": 40
            }
        ],
        "rule-21": [
            {
                "replacement-node": 66,
                "html": true,
                "part": null,
                "template-line-number": 226,
                "node-pos": 111
            }
        ],
        "rule-37": {
            "name": "PreviousName",
            "subs": [
                {
                    "template-line-number": 91,
                    "name": "PreviousName",
                    "expression-node": 25,
                    "replacement-node": 24,
                    "part": "1",
                    "node-pos": 47
                }
            ]
        },
        "rule-1": [
            {
                "replacement-node": 0,
                "part": null,
                "template-line-number": 21,
                "node-pos": 9,
                "expression-node": 1
            }
        ],
        "rule-16": [
            {
                "replacement-node": 51,
                "part": null,
                "template-line-number": 174,
                "node-pos": 88,
                "expression-node": 52
            }
        ],
        "rule-31": [
            {
                "replacement-node": 96,
                "part": null,
                "template-line-number": 349,
                "node-pos": 168
            }
        ],
        "rule-29": [
            {
                "replacement-node": 90,
                "part": null,
                "template-line-number": 331,
                "node-pos": 159
            }
        ],
        "rule-36": {
            "name": "RespondentLegalName",
            "subs": [
                {
                    "template-line-number": 49,
                    "name": "RespondentLegalName",
                    "expression-node": 10,
                    "replacement-node": 9,
                    "part": "1",
                    "node-pos": 24
                }
            ]
        },
        "rule-17": [
            {
                "replacement-node": 54,
                "part": null,
                "template-line-number": 186,
                "node-pos": 93
            }
        ],
        "rule-35": [
            {
                "replacement-node": 108,
                "part": null,
                "template-line-number": 396,
                "node-pos": 190
            }
        ],
        "rule-5": [
            {
                "replacement-node": 15,
                "part": null,
                "template-line-number": 69,
                "node-pos": 33,
                "expression-node": 16
            }
        ],
        "rule-26": [
            {
                "replacement-node": 81,
                "part": null,
                "template-line-number": 301,
                "node-pos": 146,
                "expression-node": 82
            }
        ],
        "rule-3": [
            {
                "replacement-node": 6,
                "part": null,
                "template-line-number": 41,
                "node-pos": 20
            }
        ],
        "rule-32": [
            {
                "replacement-node": 99,
                "part": null,
                "template-line-number": 357,
                "node-pos": 172,
                "expression-node": 100
            }
        ],
        "rule-6": [
            {
                "replacement-node": 18,
                "part": null,
                "template-line-number": 74,
                "node-pos": 37,
                "expression-node": 19
            }
        ],
        "rule-14": [
            {
                "replacement-node": 45,
                "part": null,
                "template-line-number": 154,
                "node-pos": 78,
                "expression-node": 46
            }
        ],
        "rule-10": [
            {
                "replacement-node": 33,
                "part": null,
                "template-line-number": 116,
                "node-pos": 61,
                "expression-node": 34
            }
        ],
        "rule-19": [
            {
                "replacement-node": 60,
                "part": null,
                "template-line-number": 204,
                "node-pos": 102
            }
        ],
        "rule-7": [
            {
                "replacement-node": 21,
                "part": null,
                "template-line-number": 83,
                "node-pos": 42
            }
        ],
        "rule-4": [
            {
                "replacement-node": 12,
                "part": null,
                "template-line-number": 59,
                "node-pos": 28
            }
        ],
        "rule-9": [
            {
                "replacement-node": 30,
                "part": null,
                "template-line-number": 108,
                "node-pos": 56
            }
        ],
        "rule-30": [
            {
                "replacement-node": 93,
                "part": null,
                "template-line-number": 339,
                "node-pos": 163,
                "expression-node": 94
            }
        ],
        "rule-24": [
            {
                "replacement-node": 75,
                "part": null,
                "template-line-number": 264,
                "node-pos": 130
            }
        ],
        "rule-13": [
            {
                "replacement-node": 42,
                "part": null,
                "template-line-number": 146,
                "node-pos": 74
            }
        ],
        "rule-22": [
            {
                "replacement-node": 69,
                "part": null,
                "template-line-number": 238,
                "node-pos": 116
            }
        ],
        "rule-18": [
            {
                "replacement-node": 57,
                "part": null,
                "template-line-number": 194,
                "node-pos": 98,
                "expression-node": 58
            }
        ],
        "rule-8": [
            {
                "replacement-node": 27,
                "part": null,
                "template-line-number": 99,
                "node-pos": 51,
                "expression-node": 28
            }
        ],
        "rule-34": [
            {
                "replacement-node": 105,
                "part": null,
                "template-line-number": 387,
                "node-pos": 186
            }
        ]
    },
    "line-numbers": {}
}