{
    "showifs": {},
    "substitutions": {
        "rule-1": [
            {
                "replacement-node": 0,
                "template-line-number": 22,
                "part": null,
                "node-pos": 10
            }
        ],
        "rule-7": [
            {
                "expression-node": 19,
                "replacement-node": 18,
                "template-line-number": 67,
                "part": null,
                "node-pos": 36
            }
        ],
        "rule-5": [
            {
                "replacement-node": 12,
                "html": true,
                "template-line-number": 51,
                "part": null,
                "node-pos": 27
            }
        ],
        "rule-11": [
            {
                "replacement-node": 30,
                "template-line-number": 92,
                "part": null,
                "node-pos": 54
            }
        ],
        "rule-16": {
            "subs": [
                {
                    "extras": {},
                    "replacement-node": 37,
                    "template-line-number": 129,
                    "node-pos": 70,
                    "name": "BSHeadings",
                    "part": "1"
                },
                {
                    "extras": {},
                    "replacement-node": 40,
                    "template-line-number": 136,
                    "node-pos": 74,
                    "name": "BSHeadings",
                    "part": "2"
                }
            ],
            "name": "BSHeadings"
        },
        "rule-12": [
            {
                "replacement-node": 33,
                "html": true,
                "template-line-number": 103,
                "part": null,
                "node-pos": 59
            }
        ],
        "rule-2": [
            {
                "expression-node": 4,
                "replacement-node": 3,
                "template-line-number": 27,
                "part": null,
                "node-pos": 14
            }
        ],
        "rule-3": [
            {
                "replacement-node": 6,
                "template-line-number": 33,
                "part": null,
                "node-pos": 18
            }
        ],
        "rule-14": [
            {
                "replacement-node": 65,
                "template-line-number": 225,
                "part": null,
                "node-pos": 111
            }
        ],
        "rule-4": [
            {
                "replacement-node": 9,
                "html": true,
                "template-line-number": 39,
                "part": null,
                "node-pos": 22
            }
        ],
        "rule-9": [
            {
                "expression-node": 25,
                "replacement-node": 24,
                "template-line-number": 77,
                "part": null,
                "node-pos": 44
            }
        ],
        "rule-15": [
            {
                "replacement-node": 68,
                "template-line-number": 234,
                "part": null,
                "node-pos": 115
            }
        ],
        "rule-13": [
            {
                "expression-node": 63,
                "replacement-node": 62,
                "template-line-number": 220,
                "part": null,
                "node-pos": 107
            }
        ],
        "rule-6": [
            {
                "replacement-node": 15,
                "template-line-number": 62,
                "part": null,
                "node-pos": 32
            }
        ],
        "rule-17": {
            "subs": [
                {
                    "extras": {},
                    "replacement-node": 44,
                    "template-line-number": 177,
                    "node-pos": 80,
                    "name": "BSLineItems",
                    "part": "1"
                },
                {
                    "extras": {},
                    "replacement-node": 49,
                    "template-line-number": 188,
                    "node-pos": 88,
                    "name": "BSLineItems",
                    "part": "2"
                },
                {
                    "extras": {},
                    "replacement-node": 54,
                    "template-line-number": 198,
                    "node-pos": 94,
                    "name": "BSLineItems",
                    "part": "3"
                },
                {
                    "expression-node": 57,
                    "replacement-node": 56,
                    "template-line-number": 203,
                    "node-pos": 97,
                    "name": "BSLineItems",
                    "part": "4"
                },
                {
                    "expression-node": 60,
                    "replacement-node": 59,
                    "template-line-number": 209,
                    "node-pos": 101,
                    "name": "BSLineItems",
                    "part": "5"
                },
                {
                    "extras": {},
                    "replacement-node": 47,
                    "template-line-number": 184,
                    "node-pos": 86,
                    "name": "BSLineItems",
                    "part": "6"
                }
            ],
            "name": "BSLineItems"
        },
        "rule-8": [
            {
                "replacement-node": 21,
                "template-line-number": 72,
                "part": null,
                "node-pos": 40
            }
        ],
        "rule-10": [
            {
                "expression-node": 28,
                "replacement-node": 27,
                "template-line-number": 82,
                "part": null,
                "node-pos": 48
            }
        ]
    },
    "line-numbers": {}
}