{
    "showifs": {
        "rule-1": {
            "template-line-number": 17,
            "type": "showif"
        }
    },
    "substitutions": {
        "rule-18": [
            {
                "expression-node": 83,
                "part": null,
                "template-line-number": 336,
                "node-pos": 143,
                "replacement-node": 82
            }
        ],
        "rule-12": [
            {
                "part": null,
                "template-line-number": 95,
                "node-pos": 54,
                "replacement-node": 31
            }
        ],
        "rule-7": [
            {
                "part": null,
                "template-line-number": 66,
                "node-pos": 32,
                "replacement-node": 16
            }
        ],
        "rule-22": [
            {
                "expression-node": 95,
                "part": null,
                "template-line-number": 379,
                "node-pos": 162,
                "replacement-node": 94
            }
        ],
        "rule-19": [
            {
                "expression-node": 86,
                "part": null,
                "template-line-number": 345,
                "node-pos": 147,
                "replacement-node": 85
            }
        ],
        "rule-8": [
            {
                "expression-node": 20,
                "part": null,
                "template-line-number": 70,
                "node-pos": 36,
                "replacement-node": 19
            }
        ],
        "rule-9": [
            {
                "part": null,
                "template-line-number": 75,
                "node-pos": 40,
                "replacement-node": 22
            }
        ],
        "rule-24": [
            {
                "part": null,
                "template-line-number": 393,
                "node-pos": 170,
                "replacement-node": 100
            }
        ],
        "rule-16": [
            {
                "expression-node": 77,
                "part": null,
                "template-line-number": 308,
                "node-pos": 131,
                "replacement-node": 76
            }
        ],
        "rule-3": [
            {
                "expression-node": 5,
                "part": null,
                "template-line-number": 31,
                "node-pos": 14,
                "replacement-node": 4
            }
        ],
        "rule-26": {
            "subs": [
                {
                    "name": "MisDefDebit",
                    "extras": {},
                    "part": "1",
                    "replacement-node": 40,
                    "template-line-number": 140,
                    "node-pos": 75
                },
                {
                    "name": "MisDefDebit",
                    "extras": {},
                    "part": "2",
                    "replacement-node": 43,
                    "template-line-number": 149,
                    "node-pos": 79
                },
                {
                    "name": "MisDefDebit",
                    "extras": {},
                    "part": "3",
                    "replacement-node": 38,
                    "template-line-number": 136,
                    "node-pos": 73
                }
            ],
            "name": "MisDefDebit"
        },
        "rule-2": [
            {
                "part": null,
                "template-line-number": 27,
                "node-pos": 10,
                "replacement-node": 1
            }
        ],
        "rule-10": [
            {
                "expression-node": 26,
                "part": null,
                "template-line-number": 79,
                "node-pos": 44,
                "replacement-node": 25
            }
        ],
        "rule-11": [
            {
                "expression-node": 29,
                "part": null,
                "template-line-number": 84,
                "node-pos": 48,
                "replacement-node": 28
            }
        ],
        "rule-20": [
            {
                "expression-node": 89,
                "part": null,
                "template-line-number": 357,
                "node-pos": 152,
                "replacement-node": 88
            }
        ],
        "rule-13": [
            {
                "html": true,
                "part": null,
                "template-line-number": 106,
                "node-pos": 59,
                "replacement-node": 34
            }
        ],
        "rule-21": [
            {
                "expression-node": 92,
                "part": null,
                "template-line-number": 366,
                "node-pos": 156,
                "replacement-node": 91
            }
        ],
        "rule-5": [
            {
                "html": true,
                "part": null,
                "template-line-number": 43,
                "node-pos": 22,
                "replacement-node": 10
            }
        ],
        "rule-25": {
            "subs": [
                {
                    "expression-node": 50,
                    "name": "MiscellaneousDeferredDebits",
                    "replacement-node": 49,
                    "part": "2",
                    "template-line-number": 235,
                    "node-pos": 88
                },
                {
                    "expression-node": 53,
                    "name": "MiscellaneousDeferredDebits",
                    "replacement-node": 52,
                    "part": "2",
                    "template-line-number": 240,
                    "node-pos": 92
                },
                {
                    "expression-node": 56,
                    "name": "MiscellaneousDeferredDebits",
                    "replacement-node": 55,
                    "part": "3",
                    "template-line-number": 245,
                    "node-pos": 96
                },
                {
                    "expression-node": 59,
                    "name": "MiscellaneousDeferredDebits",
                    "replacement-node": 58,
                    "part": "4",
                    "template-line-number": 250,
                    "node-pos": 100
                },
                {
                    "expression-node": 62,
                    "name": "MiscellaneousDeferredDebits",
                    "replacement-node": 61,
                    "part": "5",
                    "template-line-number": 255,
                    "node-pos": 104
                },
                {
                    "expression-node": 65,
                    "name": "MiscellaneousDeferredDebits",
                    "replacement-node": 64,
                    "part": "6",
                    "template-line-number": 260,
                    "node-pos": 108
                },
                {
                    "expression-node": 68,
                    "name": "MiscellaneousDeferredDebits",
                    "replacement-node": 67,
                    "part": "7",
                    "template-line-number": 265,
                    "node-pos": 112
                }
            ],
            "name": "MiscellaneousDeferredDebits"
        },
        "rule-14": [
            {
                "part": null,
                "template-line-number": 277,
                "node-pos": 118,
                "replacement-node": 70
            }
        ],
        "rule-17": [
            {
                "part": null,
                "template-line-number": 321,
                "node-pos": 137,
                "replacement-node": 79
            }
        ],
        "rule-23": [
            {
                "part": null,
                "template-line-number": 384,
                "node-pos": 166,
                "replacement-node": 97
            }
        ],
        "rule-4": [
            {
                "part": null,
                "template-line-number": 37,
                "node-pos": 18,
                "replacement-node": 7
            }
        ],
        "rule-6": [
            {
                "html": true,
                "part": null,
                "template-line-number": 55,
                "node-pos": 27,
                "replacement-node": 13
            }
        ],
        "rule-15": [
            {
                "expression-node": 74,
                "part": null,
                "template-line-number": 290,
                "node-pos": 124,
                "replacement-node": 73
            }
        ]
    },
    "line-numbers": {
        "MiscellaneousDeferredDebits": [
            {
                "start-number": 1,
                "line-number-node": 47,
                "template-line-number": 232
            }
        ]
    }
}