{
    "substitutions": {
        "rule-5": [
            {
                "template-line-number": 49,
                "node-pos": 26,
                "part": null,
                "replacement-node": 12,
                "html": true
            }
        ],
        "rule-8": [
            {
                "template-line-number": 69,
                "node-pos": 39,
                "part": null,
                "replacement-node": 21
            }
        ],
        "rule-14": [
            {
                "template-line-number": 215,
                "node-pos": 101,
                "part": null,
                "replacement-node": 57
            }
        ],
        "rule-2": [
            {
                "template-line-number": 25,
                "node-pos": 13,
                "part": null,
                "replacement-node": 3,
                "expression-node": 4
            }
        ],
        "rule-3": [
            {
                "template-line-number": 31,
                "node-pos": 17,
                "part": null,
                "replacement-node": 6
            }
        ],
        "rule-16": [
            {
                "template-line-number": 241,
                "node-pos": 112,
                "part": null,
                "replacement-node": 63,
                "expression-node": 64
            }
        ],
        "rule-19": {
            "name": "ConsultativeServices",
            "subs": [
                {
                    "name": "ConsultativeServices",
                    "expression-node": 49,
                    "template-line-number": 191,
                    "node-pos": 88,
                    "part": "2",
                    "replacement-node": 48
                },
                {
                    "name": "ConsultativeServices",
                    "expression-node": 52,
                    "template-line-number": 196,
                    "node-pos": 92,
                    "part": "3",
                    "replacement-node": 51
                }
            ]
        },
        "rule-18": [
            {
                "template-line-number": 255,
                "node-pos": 120,
                "part": null,
                "replacement-node": 69
            }
        ],
        "rule-20": {
            "name": "GasPlantInServiceHeadings",
            "subs": [
                {
                    "name": "GasPlantInServiceHeadings",
                    "extras": {},
                    "template-line-number": 136,
                    "node-pos": 75,
                    "part": "1",
                    "replacement-node": 39
                },
                {
                    "name": "GasPlantInServiceHeadings",
                    "extras": {},
                    "template-line-number": 145,
                    "node-pos": 79,
                    "part": "2",
                    "replacement-node": 42
                },
                {
                    "name": "GasPlantInServiceHeadings",
                    "extras": {},
                    "template-line-number": 132,
                    "node-pos": 73,
                    "part": "3",
                    "replacement-node": 37
                }
            ]
        },
        "rule-11": [
            {
                "template-line-number": 88,
                "node-pos": 53,
                "part": null,
                "replacement-node": 30
            }
        ],
        "rule-17": [
            {
                "template-line-number": 246,
                "node-pos": 116,
                "part": null,
                "replacement-node": 66
            }
        ],
        "rule-13": [
            {
                "template-line-number": 204,
                "node-pos": 97,
                "part": null,
                "replacement-node": 54
            }
        ],
        "rule-9": [
            {
                "template-line-number": 73,
                "node-pos": 43,
                "part": null,
                "replacement-node": 24,
                "expression-node": 25
            }
        ],
        "rule-15": [
            {
                "template-line-number": 227,
                "node-pos": 106,
                "part": null,
                "replacement-node": 60,
                "expression-node": 61
            }
        ],
        "rule-12": [
            {
                "template-line-number": 99,
                "node-pos": 58,
                "part": null,
                "replacement-node": 33,
                "html": true
            }
        ],
        "rule-1": [
            {
                "template-line-number": 21,
                "node-pos": 9,
                "part": null,
                "replacement-node": 0
            }
        ],
        "rule-4": [
            {
                "template-line-number": 37,
                "node-pos": 21,
                "part": null,
                "replacement-node": 9,
                "html": true
            }
        ],
        "rule-10": [
            {
                "template-line-number": 78,
                "node-pos": 47,
                "part": null,
                "replacement-node": 27,
                "expression-node": 28
            }
        ],
        "rule-6": [
            {
                "template-line-number": 60,
                "node-pos": 31,
                "part": null,
                "replacement-node": 15
            }
        ],
        "rule-7": [
            {
                "template-line-number": 64,
                "node-pos": 35,
                "part": null,
                "replacement-node": 18,
                "expression-node": 19
            }
        ]
    },
    "showifs": {},
    "line-numbers": {
        "ConsultativeServices": [
            {
                "template-line-number": 188,
                "start-number": 1,
                "line-number-node": 46
            }
        ]
    }
}