{
    "substitutions": {
        "rule-1": [
            {
                "part": null,
                "replacement-node": 0,
                "template-line-number": 18,
                "node-pos": 9
            }
        ],
        "rule-2": [
            {
                "part": null,
                "replacement-node": 3,
                "expression-node": 4,
                "template-line-number": 25,
                "node-pos": 13
            }
        ],
        "rule-3": [
            {
                "part": null,
                "replacement-node": 6,
                "template-line-number": 32,
                "node-pos": 17
            }
        ],
        "rule-4": [
            {
                "part": null,
                "replacement-node": 9,
                "template-line-number": 40,
                "node-pos": 21,
                "html": true
            }
        ],
        "rule-5": [
            {
                "part": null,
                "replacement-node": 12,
                "template-line-number": 57,
                "node-pos": 26,
                "html": true
            }
        ],
        "rule-6": [
            {
                "part": null,
                "replacement-node": 15,
                "template-line-number": 75,
                "node-pos": 31
            }
        ],
        "rule-7": [
            {
                "part": null,
                "replacement-node": 18,
                "expression-node": 19,
                "template-line-number": 82,
                "node-pos": 35
            }
        ],
        "rule-8": [
            {
                "part": null,
                "replacement-node": 21,
                "template-line-number": 89,
                "node-pos": 39
            }
        ],
        "rule-9": [
            {
                "part": null,
                "replacement-node": 24,
                "expression-node": 25,
                "template-line-number": 96,
                "node-pos": 43
            }
        ],
        "rule-10": [
            {
                "part": null,
                "replacement-node": 27,
                "expression-node": 28,
                "template-line-number": 102,
                "node-pos": 47
            }
        ],
        "rule-11": [
            {
                "part": null,
                "replacement-node": 30,
                "template-line-number": 114,
                "node-pos": 53,
                "html": true
            }
        ],
        "rule-12": [
            {
                "part": null,
                "replacement-node": 33,
                "template-line-number": 129,
                "node-pos": 58,
                "html": true
            }
        ],
        "rule-13": [
            {
                "part": null,
                "replacement-node": 103,
                "expression-node": 104,
                "template-line-number": 482,
                "node-pos": 170
            }
        ],
        "rule-14": [
            {
                "part": null,
                "replacement-node": 106,
                "expression-node": 107,
                "template-line-number": 491,
                "node-pos": 174
            }
        ],
        "rule-15": [
            {
                "part": null,
                "replacement-node": 109,
                "expression-node": 110,
                "template-line-number": 500,
                "node-pos": 178
            }
        ],
        "rule-16": [
            {
                "part": null,
                "replacement-node": 112,
                "expression-node": 113,
                "template-line-number": 509,
                "node-pos": 182
            }
        ],
        "rule-17": [
            {
                "part": null,
                "replacement-node": 115,
                "expression-node": 116,
                "template-line-number": 518,
                "node-pos": 186
            }
        ],
        "rule-18": [
            {
                "part": null,
                "replacement-node": 118,
                "expression-node": 119,
                "template-line-number": 527,
                "node-pos": 190
            }
        ],
        "rule-19": [
            {
                "part": null,
                "replacement-node": 121,
                "expression-node": 122,
                "template-line-number": 536,
                "node-pos": 194
            }
        ],
        "rule-20": [
            {
                "part": null,
                "replacement-node": 124,
                "expression-node": 125,
                "template-line-number": 545,
                "node-pos": 198
            }
        ],
        "rule-21": [
            {
                "part": null,
                "replacement-node": 127,
                "expression-node": 128,
                "template-line-number": 554,
                "node-pos": 202
            }
        ],
        "rule-22": [
            {
                "part": null,
                "replacement-node": 130,
                "expression-node": 131,
                "template-line-number": 563,
                "node-pos": 206
            }
        ],
        "rule-23": [
            {
                "part": null,
                "replacement-node": 133,
                "expression-node": 134,
                "template-line-number": 572,
                "node-pos": 210
            }
        ],
        "rule-24": [
            {
                "part": null,
                "replacement-node": 136,
                "expression-node": 137,
                "template-line-number": 581,
                "node-pos": 214
            }
        ],
        "rule-25": [
            {
                "part": null,
                "replacement-node": 139,
                "expression-node": 140,
                "template-line-number": 591,
                "node-pos": 219
            }
        ],
        "rule-26": [
            {
                "part": null,
                "replacement-node": 142,
                "expression-node": 143,
                "template-line-number": 600,
                "node-pos": 223
            }
        ],
        "rule-27": [
            {
                "part": null,
                "replacement-node": 145,
                "expression-node": 146,
                "template-line-number": 609,
                "node-pos": 227
            }
        ],
        "rule-28": [
            {
                "part": null,
                "replacement-node": 148,
                "expression-node": 149,
                "template-line-number": 628,
                "node-pos": 233
            }
        ],
        "rule-29": [
            {
                "part": null,
                "replacement-node": 151,
                "template-line-number": 635,
                "node-pos": 237
            }
        ],
        "rule-30": [
            {
                "part": null,
                "replacement-node": 154,
                "template-line-number": 645,
                "node-pos": 241
            }
        ],
        "rule-31": {
            "name": "SalesForResale",
            "subs": [
                {
                    "name": "SalesForResale",
                    "part": "10",
                    "replacement-node": 70,
                    "expression-node": 71,
                    "template-line-number": 372,
                    "node-pos": 121
                },
                {
                    "name": "SalesForResale",
                    "part": "11",
                    "replacement-node": 73,
                    "expression-node": 74,
                    "template-line-number": 381,
                    "node-pos": 125
                },
                {
                    "name": "SalesForResale",
                    "part": "12",
                    "replacement-node": 76,
                    "expression-node": 77,
                    "template-line-number": 390,
                    "node-pos": 129
                },
                {
                    "name": "SalesForResale",
                    "part": "13",
                    "replacement-node": 79,
                    "expression-node": 80,
                    "template-line-number": 400,
                    "node-pos": 133
                },
                {
                    "name": "SalesForResale",
                    "part": "14",
                    "replacement-node": 82,
                    "expression-node": 83,
                    "template-line-number": 409,
                    "node-pos": 137
                },
                {
                    "name": "SalesForResale",
                    "part": "15",
                    "replacement-node": 85,
                    "expression-node": 86,
                    "template-line-number": 418,
                    "node-pos": 141
                },
                {
                    "name": "SalesForResale",
                    "part": "16",
                    "replacement-node": 88,
                    "expression-node": 89,
                    "template-line-number": 427,
                    "node-pos": 145
                },
                {
                    "name": "SalesForResale",
                    "part": "17",
                    "replacement-node": 91,
                    "expression-node": 92,
                    "template-line-number": 436,
                    "node-pos": 149
                },
                {
                    "name": "SalesForResale",
                    "part": "18",
                    "replacement-node": 94,
                    "expression-node": 95,
                    "template-line-number": 446,
                    "node-pos": 153
                },
                {
                    "name": "SalesForResale",
                    "part": "19",
                    "replacement-node": 97,
                    "expression-node": 98,
                    "template-line-number": 455,
                    "node-pos": 157
                },
                {
                    "name": "SalesForResale",
                    "part": "2",
                    "replacement-node": 46,
                    "expression-node": 47,
                    "template-line-number": 300,
                    "node-pos": 89
                },
                {
                    "name": "SalesForResale",
                    "part": "20",
                    "replacement-node": 100,
                    "expression-node": 101,
                    "template-line-number": 464,
                    "node-pos": 161
                },
                {
                    "name": "SalesForResale",
                    "part": "3",
                    "replacement-node": 49,
                    "expression-node": 50,
                    "template-line-number": 309,
                    "node-pos": 93
                },
                {
                    "name": "SalesForResale",
                    "part": "4",
                    "replacement-node": 52,
                    "expression-node": 53,
                    "template-line-number": 318,
                    "node-pos": 97
                },
                {
                    "name": "SalesForResale",
                    "part": "5",
                    "replacement-node": 55,
                    "expression-node": 56,
                    "template-line-number": 327,
                    "node-pos": 101
                },
                {
                    "name": "SalesForResale",
                    "part": "6",
                    "replacement-node": 58,
                    "expression-node": 59,
                    "template-line-number": 336,
                    "node-pos": 105
                },
                {
                    "name": "SalesForResale",
                    "part": "7",
                    "replacement-node": 61,
                    "expression-node": 62,
                    "template-line-number": 345,
                    "node-pos": 109
                },
                {
                    "name": "SalesForResale",
                    "part": "8",
                    "replacement-node": 64,
                    "expression-node": 65,
                    "template-line-number": 354,
                    "node-pos": 113
                },
                {
                    "name": "SalesForResale",
                    "part": "9",
                    "replacement-node": 67,
                    "expression-node": 68,
                    "template-line-number": 363,
                    "node-pos": 117
                }
            ]
        },
        "rule-32": {
            "name": "ISHeadings",
            "subs": [
                {
                    "name": "ISHeadings",
                    "part": "1",
                    "replacement-node": 37,
                    "template-line-number": 166,
                    "extras": {},
                    "node-pos": 76
                },
                {
                    "name": "ISHeadings",
                    "part": "2",
                    "replacement-node": 40,
                    "template-line-number": 173,
                    "extras": {},
                    "node-pos": 80
                }
            ]
        }
    },
    "line-numbers": {
        "SalesForResale": [
            {
                "line-number-node": 44,
                "start-number": 1,
                "template-line-number": 295
            }
        ]
    },
    "showifs": {},
    "footnotes": {},
    "standard-rules": [
        "rule-1",
        "rule-2",
        "rule-3",
        "rule-4",
        "rule-5",
        "rule-6",
        "rule-7",
        "rule-8",
        "rule-9",
        "rule-10",
        "rule-11",
        "rule-12",
        "rule-13",
        "rule-14",
        "rule-15",
        "rule-16",
        "rule-17",
        "rule-18",
        "rule-19",
        "rule-20",
        "rule-21",
        "rule-22",
        "rule-23",
        "rule-24",
        "rule-25",
        "rule-26",
        "rule-27",
        "rule-28",
        "rule-29",
        "rule-30",
        "rule-31",
        "rule-32"
    ],
    "footnote-rules": []
}