{
    "showifs": {
        "rule-1": {
            "type": "showif",
            "template-line-number": 16
        }
    },
    "line-numbers": {
        "RevenuesLineItems": [
            {
                "line-number-node": 364,
                "start-number": 96,
                "template-line-number": 1285
            }
        ],
        "StorageLineItems": [
            {
                "line-number-node": 205,
                "start-number": 65,
                "template-line-number": 778
            }
        ],
        "TransportationLineItems": [
            {
                "line-number-node": 97,
                "start-number": 3,
                "template-line-number": 413
            }
        ],
        "GatheringLineItems": [
            {
                "line-number-node": 310,
                "start-number": 92,
                "template-line-number": 1093
            }
        ]
    },
    "substitutions": {
        "rule-22": [
            {
                "replacement-node": 414,
                "node-pos": 658,
                "template-line-number": 1421,
                "part": null,
                "expression-node": 415
            }
        ],
        "rule-21": [
            {
                "replacement-node": 360,
                "node-pos": 567,
                "part": null,
                "template-line-number": 1229
            }
        ],
        "rule-27": {
            "subs": [
                {
                    "replacement-node": 174,
                    "node-pos": 278,
                    "part": "10",
                    "name": "TotalTransportationLineItems",
                    "expression-node": 175,
                    "template-line-number": 606
                },
                {
                    "replacement-node": 177,
                    "node-pos": 282,
                    "part": "11",
                    "name": "TotalTransportationLineItems",
                    "expression-node": 178,
                    "template-line-number": 614
                },
                {
                    "replacement-node": 180,
                    "node-pos": 286,
                    "part": "12",
                    "name": "TotalTransportationLineItems",
                    "expression-node": 181,
                    "template-line-number": 622
                },
                {
                    "replacement-node": 183,
                    "node-pos": 290,
                    "part": "13",
                    "name": "TotalTransportationLineItems",
                    "expression-node": 184,
                    "template-line-number": 630
                },
                {
                    "replacement-node": 186,
                    "node-pos": 294,
                    "part": "14",
                    "name": "TotalTransportationLineItems",
                    "expression-node": 187,
                    "template-line-number": 638
                },
                {
                    "replacement-node": 189,
                    "node-pos": 298,
                    "part": "15",
                    "name": "TotalTransportationLineItems",
                    "expression-node": 190,
                    "template-line-number": 646
                },
                {
                    "replacement-node": 192,
                    "node-pos": 302,
                    "part": "16",
                    "name": "TotalTransportationLineItems",
                    "expression-node": 193,
                    "template-line-number": 654
                },
                {
                    "replacement-node": 195,
                    "node-pos": 306,
                    "part": "17",
                    "name": "TotalTransportationLineItems",
                    "expression-node": 196,
                    "template-line-number": 662
                },
                {
                    "replacement-node": 153,
                    "node-pos": 250,
                    "part": "3",
                    "name": "TotalTransportationLineItems",
                    "expression-node": 154,
                    "template-line-number": 550
                },
                {
                    "replacement-node": 168,
                    "node-pos": 270,
                    "part": "3",
                    "name": "TotalTransportationLineItems",
                    "expression-node": 169,
                    "template-line-number": 590
                },
                {
                    "replacement-node": 156,
                    "node-pos": 254,
                    "part": "4",
                    "name": "TotalTransportationLineItems",
                    "expression-node": 157,
                    "template-line-number": 558
                },
                {
                    "replacement-node": 159,
                    "node-pos": 258,
                    "part": "5",
                    "name": "TotalTransportationLineItems",
                    "expression-node": 160,
                    "template-line-number": 566
                },
                {
                    "replacement-node": 162,
                    "node-pos": 262,
                    "part": "6",
                    "name": "TotalTransportationLineItems",
                    "expression-node": 163,
                    "template-line-number": 574
                },
                {
                    "replacement-node": 165,
                    "node-pos": 266,
                    "part": "7",
                    "name": "TotalTransportationLineItems",
                    "expression-node": 166,
                    "template-line-number": 582
                },
                {
                    "replacement-node": 171,
                    "node-pos": 274,
                    "part": "9",
                    "name": "TotalTransportationLineItems",
                    "expression-node": 172,
                    "template-line-number": 598
                }
            ],
            "name": "TotalTransportationLineItems"
        },
        "rule-3": [
            {
                "replacement-node": 4,
                "node-pos": 14,
                "template-line-number": 38,
                "part": null,
                "expression-node": 5
            }
        ],
        "rule-12": [
            {
                "replacement-node": 31,
                "node-pos": 54,
                "part": null,
                "template-line-number": 103
            }
        ],
        "rule-9": [
            {
                "replacement-node": 22,
                "node-pos": 40,
                "part": null,
                "template-line-number": 83
            }
        ],
        "rule-30": {
            "subs": [
                {
                    "replacement-node": 125,
                    "node-pos": 210,
                    "part": "10",
                    "name": "TransportationLineItems",
                    "expression-node": 126,
                    "template-line-number": 468
                },
                {
                    "replacement-node": 128,
                    "node-pos": 214,
                    "part": "11",
                    "name": "TransportationLineItems",
                    "expression-node": 129,
                    "template-line-number": 474
                },
                {
                    "replacement-node": 131,
                    "node-pos": 218,
                    "part": "12",
                    "name": "TransportationLineItems",
                    "expression-node": 132,
                    "template-line-number": 480
                },
                {
                    "replacement-node": 134,
                    "node-pos": 222,
                    "part": "13",
                    "name": "TransportationLineItems",
                    "expression-node": 135,
                    "template-line-number": 486
                },
                {
                    "replacement-node": 137,
                    "node-pos": 226,
                    "part": "14",
                    "name": "TransportationLineItems",
                    "expression-node": 138,
                    "template-line-number": 492
                },
                {
                    "replacement-node": 140,
                    "node-pos": 230,
                    "part": "15",
                    "name": "TransportationLineItems",
                    "expression-node": 141,
                    "template-line-number": 498
                },
                {
                    "replacement-node": 143,
                    "node-pos": 234,
                    "part": "16",
                    "name": "TransportationLineItems",
                    "expression-node": 144,
                    "template-line-number": 504
                },
                {
                    "replacement-node": 146,
                    "node-pos": 238,
                    "part": "17",
                    "name": "TransportationLineItems",
                    "expression-node": 147,
                    "template-line-number": 510
                },
                {
                    "replacement-node": 100,
                    "node-pos": 177,
                    "part": "2",
                    "name": "TransportationLineItems",
                    "expression-node": 101,
                    "template-line-number": 418
                },
                {
                    "replacement-node": 104,
                    "node-pos": 182,
                    "part": "3",
                    "name": "TransportationLineItems",
                    "expression-node": 105,
                    "template-line-number": 426
                },
                {
                    "replacement-node": 107,
                    "node-pos": 186,
                    "part": "4",
                    "name": "TransportationLineItems",
                    "expression-node": 108,
                    "template-line-number": 432
                },
                {
                    "replacement-node": 110,
                    "node-pos": 190,
                    "part": "5",
                    "name": "TransportationLineItems",
                    "expression-node": 111,
                    "template-line-number": 438
                },
                {
                    "replacement-node": 113,
                    "node-pos": 194,
                    "part": "6",
                    "name": "TransportationLineItems",
                    "expression-node": 114,
                    "template-line-number": 444
                },
                {
                    "replacement-node": 116,
                    "node-pos": 198,
                    "part": "7",
                    "name": "TransportationLineItems",
                    "expression-node": 117,
                    "template-line-number": 450
                },
                {
                    "replacement-node": 119,
                    "node-pos": 202,
                    "part": "8",
                    "name": "TransportationLineItems",
                    "expression-node": 120,
                    "template-line-number": 456
                },
                {
                    "replacement-node": 122,
                    "node-pos": 206,
                    "part": "9",
                    "name": "TransportationLineItems",
                    "expression-node": 123,
                    "template-line-number": 462
                }
            ],
            "name": "TransportationLineItems"
        },
        "rule-11": [
            {
                "replacement-node": 28,
                "node-pos": 48,
                "template-line-number": 93,
                "part": null,
                "expression-node": 29
            }
        ],
        "rule-16": [
            {
                "replacement-node": 150,
                "node-pos": 245,
                "part": null,
                "template-line-number": 537
            }
        ],
        "rule-15": [
            {
                "replacement-node": 93,
                "node-pos": 151,
                "part": null,
                "template-line-number": 311
            }
        ],
        "rule-26": {
            "subs": [
                {
                    "replacement-node": 282,
                    "node-pos": 442,
                    "part": "10",
                    "name": "TotalStorageLineItems",
                    "expression-node": 283,
                    "template-line-number": 971
                },
                {
                    "replacement-node": 285,
                    "node-pos": 446,
                    "part": "11",
                    "name": "TotalStorageLineItems",
                    "expression-node": 286,
                    "template-line-number": 979
                },
                {
                    "replacement-node": 288,
                    "node-pos": 450,
                    "part": "12",
                    "name": "TotalStorageLineItems",
                    "expression-node": 289,
                    "template-line-number": 987
                },
                {
                    "replacement-node": 291,
                    "node-pos": 454,
                    "part": "13",
                    "name": "TotalStorageLineItems",
                    "expression-node": 292,
                    "template-line-number": 995
                },
                {
                    "replacement-node": 294,
                    "node-pos": 458,
                    "part": "14",
                    "name": "TotalStorageLineItems",
                    "expression-node": 295,
                    "template-line-number": 1003
                },
                {
                    "replacement-node": 297,
                    "node-pos": 462,
                    "part": "15",
                    "name": "TotalStorageLineItems",
                    "expression-node": 298,
                    "template-line-number": 1011
                },
                {
                    "replacement-node": 300,
                    "node-pos": 466,
                    "part": "16",
                    "name": "TotalStorageLineItems",
                    "expression-node": 301,
                    "template-line-number": 1019
                },
                {
                    "replacement-node": 303,
                    "node-pos": 470,
                    "part": "17",
                    "name": "TotalStorageLineItems",
                    "expression-node": 304,
                    "template-line-number": 1027
                },
                {
                    "replacement-node": 261,
                    "node-pos": 414,
                    "part": "3",
                    "name": "TotalStorageLineItems",
                    "expression-node": 262,
                    "template-line-number": 915
                },
                {
                    "replacement-node": 276,
                    "node-pos": 434,
                    "part": "3",
                    "name": "TotalStorageLineItems",
                    "expression-node": 277,
                    "template-line-number": 955
                },
                {
                    "replacement-node": 264,
                    "node-pos": 418,
                    "part": "4",
                    "name": "TotalStorageLineItems",
                    "expression-node": 265,
                    "template-line-number": 923
                },
                {
                    "replacement-node": 267,
                    "node-pos": 422,
                    "part": "5",
                    "name": "TotalStorageLineItems",
                    "expression-node": 268,
                    "template-line-number": 931
                },
                {
                    "replacement-node": 270,
                    "node-pos": 426,
                    "part": "6",
                    "name": "TotalStorageLineItems",
                    "expression-node": 271,
                    "template-line-number": 939
                },
                {
                    "replacement-node": 273,
                    "node-pos": 430,
                    "part": "7",
                    "name": "TotalStorageLineItems",
                    "expression-node": 274,
                    "template-line-number": 947
                },
                {
                    "replacement-node": 279,
                    "node-pos": 438,
                    "part": "9",
                    "name": "TotalStorageLineItems",
                    "expression-node": 280,
                    "template-line-number": 963
                }
            ],
            "name": "TotalStorageLineItems"
        },
        "rule-24": [
            {
                "replacement-node": 420,
                "node-pos": 666,
                "part": null,
                "template-line-number": 1435
            }
        ],
        "rule-6": [
            {
                "replacement-node": 13,
                "node-pos": 27,
                "html": true,
                "part": null,
                "template-line-number": 62
            }
        ],
        "rule-8": [
            {
                "replacement-node": 19,
                "node-pos": 36,
                "template-line-number": 78,
                "part": null,
                "expression-node": 20
            }
        ],
        "rule-5": [
            {
                "replacement-node": 10,
                "node-pos": 22,
                "html": true,
                "part": null,
                "template-line-number": 50
            }
        ],
        "rule-2": [
            {
                "replacement-node": 1,
                "node-pos": 10,
                "part": null,
                "template-line-number": 32
            }
        ],
        "rule-10": [
            {
                "replacement-node": 25,
                "node-pos": 44,
                "template-line-number": 88,
                "part": null,
                "expression-node": 26
            }
        ],
        "rule-31": {
            "subs": [
                {
                    "replacement-node": 233,
                    "node-pos": 374,
                    "part": "10",
                    "name": "StorageLineItems",
                    "expression-node": 234,
                    "template-line-number": 833
                },
                {
                    "replacement-node": 236,
                    "node-pos": 378,
                    "part": "11",
                    "name": "StorageLineItems",
                    "expression-node": 237,
                    "template-line-number": 839
                },
                {
                    "replacement-node": 239,
                    "node-pos": 382,
                    "part": "12",
                    "name": "StorageLineItems",
                    "expression-node": 240,
                    "template-line-number": 845
                },
                {
                    "replacement-node": 242,
                    "node-pos": 386,
                    "part": "13",
                    "name": "StorageLineItems",
                    "expression-node": 243,
                    "template-line-number": 851
                },
                {
                    "replacement-node": 245,
                    "node-pos": 390,
                    "part": "14",
                    "name": "StorageLineItems",
                    "expression-node": 246,
                    "template-line-number": 857
                },
                {
                    "replacement-node": 248,
                    "node-pos": 394,
                    "part": "15",
                    "name": "StorageLineItems",
                    "expression-node": 249,
                    "template-line-number": 863
                },
                {
                    "replacement-node": 251,
                    "node-pos": 398,
                    "part": "16",
                    "name": "StorageLineItems",
                    "expression-node": 252,
                    "template-line-number": 869
                },
                {
                    "replacement-node": 254,
                    "node-pos": 402,
                    "part": "17",
                    "name": "StorageLineItems",
                    "expression-node": 255,
                    "template-line-number": 875
                },
                {
                    "replacement-node": 208,
                    "node-pos": 341,
                    "part": "2",
                    "name": "StorageLineItems",
                    "expression-node": 209,
                    "template-line-number": 783
                },
                {
                    "replacement-node": 212,
                    "node-pos": 346,
                    "part": "3",
                    "name": "StorageLineItems",
                    "expression-node": 213,
                    "template-line-number": 791
                },
                {
                    "replacement-node": 215,
                    "node-pos": 350,
                    "part": "4",
                    "name": "StorageLineItems",
                    "expression-node": 216,
                    "template-line-number": 797
                },
                {
                    "replacement-node": 218,
                    "node-pos": 354,
                    "part": "5",
                    "name": "StorageLineItems",
                    "expression-node": 219,
                    "template-line-number": 803
                },
                {
                    "replacement-node": 221,
                    "node-pos": 358,
                    "part": "6",
                    "name": "StorageLineItems",
                    "expression-node": 222,
                    "template-line-number": 809
                },
                {
                    "replacement-node": 224,
                    "node-pos": 362,
                    "part": "7",
                    "name": "StorageLineItems",
                    "expression-node": 225,
                    "template-line-number": 815
                },
                {
                    "replacement-node": 227,
                    "node-pos": 366,
                    "part": "8",
                    "name": "StorageLineItems",
                    "expression-node": 228,
                    "template-line-number": 821
                },
                {
                    "replacement-node": 230,
                    "node-pos": 370,
                    "part": "9",
                    "name": "StorageLineItems",
                    "expression-node": 231,
                    "template-line-number": 827
                }
            ],
            "name": "StorageLineItems"
        },
        "rule-4": [
            {
                "replacement-node": 7,
                "node-pos": 18,
                "part": null,
                "template-line-number": 44
            }
        ],
        "rule-14": [
            {
                "replacement-node": 45,
                "node-pos": 84,
                "part": null,
                "template-line-number": 177
            }
        ],
        "rule-13": [
            {
                "replacement-node": 34,
                "node-pos": 59,
                "html": true,
                "part": null,
                "template-line-number": 114
            }
        ],
        "rule-29": {
            "subs": [
                {
                    "replacement-node": 69,
                    "node-pos": 117,
                    "part": "10",
                    "name": "SalesLineItems",
                    "expression-node": 70,
                    "template-line-number": 246
                },
                {
                    "replacement-node": 72,
                    "node-pos": 121,
                    "part": "11",
                    "name": "SalesLineItems",
                    "expression-node": 73,
                    "template-line-number": 254
                },
                {
                    "replacement-node": 75,
                    "node-pos": 125,
                    "part": "12",
                    "name": "SalesLineItems",
                    "expression-node": 76,
                    "template-line-number": 262
                },
                {
                    "replacement-node": 78,
                    "node-pos": 129,
                    "part": "13",
                    "name": "SalesLineItems",
                    "expression-node": 79,
                    "template-line-number": 270
                },
                {
                    "replacement-node": 81,
                    "node-pos": 133,
                    "part": "14",
                    "name": "SalesLineItems",
                    "expression-node": 82,
                    "template-line-number": 278
                },
                {
                    "replacement-node": 84,
                    "node-pos": 137,
                    "part": "15",
                    "name": "SalesLineItems",
                    "expression-node": 85,
                    "template-line-number": 286
                },
                {
                    "replacement-node": 87,
                    "node-pos": 141,
                    "part": "16",
                    "name": "SalesLineItems",
                    "expression-node": 88,
                    "template-line-number": 294
                },
                {
                    "replacement-node": 90,
                    "node-pos": 145,
                    "part": "17",
                    "name": "SalesLineItems",
                    "expression-node": 91,
                    "template-line-number": 302
                },
                {
                    "replacement-node": 48,
                    "node-pos": 89,
                    "part": "3",
                    "name": "SalesLineItems",
                    "expression-node": 49,
                    "template-line-number": 190
                },
                {
                    "replacement-node": 63,
                    "node-pos": 109,
                    "part": "3",
                    "name": "SalesLineItems",
                    "expression-node": 64,
                    "template-line-number": 230
                },
                {
                    "replacement-node": 51,
                    "node-pos": 93,
                    "part": "4",
                    "name": "SalesLineItems",
                    "expression-node": 52,
                    "template-line-number": 198
                },
                {
                    "replacement-node": 54,
                    "node-pos": 97,
                    "part": "5",
                    "name": "SalesLineItems",
                    "expression-node": 55,
                    "template-line-number": 206
                },
                {
                    "replacement-node": 57,
                    "node-pos": 101,
                    "part": "6",
                    "name": "SalesLineItems",
                    "expression-node": 58,
                    "template-line-number": 214
                },
                {
                    "replacement-node": 60,
                    "node-pos": 105,
                    "part": "7",
                    "name": "SalesLineItems",
                    "expression-node": 61,
                    "template-line-number": 222
                },
                {
                    "replacement-node": 66,
                    "node-pos": 113,
                    "part": "9",
                    "name": "SalesLineItems",
                    "expression-node": 67,
                    "template-line-number": 238
                }
            ],
            "name": "SalesLineItems"
        },
        "rule-28": {
            "subs": [
                {
                    "replacement-node": 367,
                    "node-pos": 593,
                    "part": "1",
                    "name": "RevenuesLineItems",
                    "extras": {},
                    "template-line-number": 1293
                },
                {
                    "replacement-node": 390,
                    "node-pos": 624,
                    "part": "10",
                    "name": "RevenuesLineItems",
                    "expression-node": 391,
                    "template-line-number": 1355
                },
                {
                    "replacement-node": 393,
                    "node-pos": 628,
                    "part": "11",
                    "name": "RevenuesLineItems",
                    "expression-node": 394,
                    "template-line-number": 1363
                },
                {
                    "replacement-node": 396,
                    "node-pos": 632,
                    "part": "12",
                    "name": "RevenuesLineItems",
                    "expression-node": 397,
                    "template-line-number": 1371
                },
                {
                    "replacement-node": 399,
                    "node-pos": 636,
                    "part": "13",
                    "name": "RevenuesLineItems",
                    "expression-node": 400,
                    "template-line-number": 1379
                },
                {
                    "replacement-node": 402,
                    "node-pos": 640,
                    "part": "14",
                    "name": "RevenuesLineItems",
                    "expression-node": 403,
                    "template-line-number": 1387
                },
                {
                    "replacement-node": 405,
                    "node-pos": 644,
                    "part": "15",
                    "name": "RevenuesLineItems",
                    "expression-node": 406,
                    "template-line-number": 1395
                },
                {
                    "replacement-node": 408,
                    "node-pos": 648,
                    "part": "16",
                    "name": "RevenuesLineItems",
                    "expression-node": 409,
                    "template-line-number": 1403
                },
                {
                    "replacement-node": 411,
                    "node-pos": 652,
                    "part": "17",
                    "name": "RevenuesLineItems",
                    "expression-node": 412,
                    "template-line-number": 1411
                },
                {
                    "replacement-node": 369,
                    "node-pos": 596,
                    "part": "3",
                    "name": "RevenuesLineItems",
                    "expression-node": 370,
                    "template-line-number": 1299
                },
                {
                    "replacement-node": 384,
                    "node-pos": 616,
                    "part": "3",
                    "name": "RevenuesLineItems",
                    "expression-node": 385,
                    "template-line-number": 1339
                },
                {
                    "replacement-node": 372,
                    "node-pos": 600,
                    "part": "4",
                    "name": "RevenuesLineItems",
                    "expression-node": 373,
                    "template-line-number": 1307
                },
                {
                    "replacement-node": 375,
                    "node-pos": 604,
                    "part": "5",
                    "name": "RevenuesLineItems",
                    "expression-node": 376,
                    "template-line-number": 1315
                },
                {
                    "replacement-node": 378,
                    "node-pos": 608,
                    "part": "6",
                    "name": "RevenuesLineItems",
                    "expression-node": 379,
                    "template-line-number": 1323
                },
                {
                    "replacement-node": 381,
                    "node-pos": 612,
                    "part": "7",
                    "name": "RevenuesLineItems",
                    "expression-node": 382,
                    "template-line-number": 1331
                },
                {
                    "replacement-node": 387,
                    "node-pos": 620,
                    "part": "9",
                    "name": "RevenuesLineItems",
                    "expression-node": 388,
                    "template-line-number": 1347
                }
            ],
            "name": "RevenuesLineItems"
        },
        "rule-17": [
            {
                "replacement-node": 198,
                "node-pos": 311,
                "part": null,
                "template-line-number": 670
            }
        ],
        "rule-19": [
            {
                "replacement-node": 258,
                "node-pos": 409,
                "part": null,
                "template-line-number": 902
            }
        ],
        "rule-32": {
            "subs": [
                {
                    "replacement-node": 313,
                    "node-pos": 502,
                    "part": "1",
                    "name": "GatheringLineItems",
                    "extras": {},
                    "template-line-number": 1101
                },
                {
                    "replacement-node": 336,
                    "node-pos": 533,
                    "part": "10",
                    "name": "GatheringLineItems",
                    "expression-node": 337,
                    "template-line-number": 1163
                },
                {
                    "replacement-node": 339,
                    "node-pos": 537,
                    "part": "11",
                    "name": "GatheringLineItems",
                    "expression-node": 340,
                    "template-line-number": 1171
                },
                {
                    "replacement-node": 342,
                    "node-pos": 541,
                    "part": "12",
                    "name": "GatheringLineItems",
                    "expression-node": 343,
                    "template-line-number": 1179
                },
                {
                    "replacement-node": 345,
                    "node-pos": 545,
                    "part": "13",
                    "name": "GatheringLineItems",
                    "expression-node": 346,
                    "template-line-number": 1187
                },
                {
                    "replacement-node": 348,
                    "node-pos": 549,
                    "part": "14",
                    "name": "GatheringLineItems",
                    "expression-node": 349,
                    "template-line-number": 1195
                },
                {
                    "replacement-node": 351,
                    "node-pos": 553,
                    "part": "15",
                    "name": "GatheringLineItems",
                    "expression-node": 352,
                    "template-line-number": 1203
                },
                {
                    "replacement-node": 354,
                    "node-pos": 557,
                    "part": "16",
                    "name": "GatheringLineItems",
                    "expression-node": 355,
                    "template-line-number": 1211
                },
                {
                    "replacement-node": 357,
                    "node-pos": 561,
                    "part": "17",
                    "name": "GatheringLineItems",
                    "expression-node": 358,
                    "template-line-number": 1219
                },
                {
                    "replacement-node": 315,
                    "node-pos": 505,
                    "part": "3",
                    "name": "GatheringLineItems",
                    "expression-node": 316,
                    "template-line-number": 1107
                },
                {
                    "replacement-node": 330,
                    "node-pos": 525,
                    "part": "3",
                    "name": "GatheringLineItems",
                    "expression-node": 331,
                    "template-line-number": 1147
                },
                {
                    "replacement-node": 318,
                    "node-pos": 509,
                    "part": "4",
                    "name": "GatheringLineItems",
                    "expression-node": 319,
                    "template-line-number": 1115
                },
                {
                    "replacement-node": 321,
                    "node-pos": 513,
                    "part": "5",
                    "name": "GatheringLineItems",
                    "expression-node": 322,
                    "template-line-number": 1123
                },
                {
                    "replacement-node": 324,
                    "node-pos": 517,
                    "part": "6",
                    "name": "GatheringLineItems",
                    "expression-node": 325,
                    "template-line-number": 1131
                },
                {
                    "replacement-node": 327,
                    "node-pos": 521,
                    "part": "7",
                    "name": "GatheringLineItems",
                    "expression-node": 328,
                    "template-line-number": 1139
                },
                {
                    "replacement-node": 333,
                    "node-pos": 529,
                    "part": "9",
                    "name": "GatheringLineItems",
                    "expression-node": 334,
                    "template-line-number": 1155
                }
            ],
            "name": "GatheringLineItems"
        },
        "rule-25": {
            "subs": [
                {
                    "replacement-node": 38,
                    "node-pos": 73,
                    "part": "1",
                    "name": "RDHeadings",
                    "extras": {},
                    "template-line-number": 143
                },
                {
                    "replacement-node": 41,
                    "node-pos": 77,
                    "part": "2",
                    "name": "RDHeadings",
                    "extras": {},
                    "template-line-number": 150
                }
            ],
            "name": "RDHeadings"
        },
        "rule-23": [
            {
                "replacement-node": 417,
                "node-pos": 662,
                "part": null,
                "template-line-number": 1426
            }
        ],
        "rule-18": [
            {
                "replacement-node": 201,
                "node-pos": 315,
                "part": null,
                "template-line-number": 675
            }
        ],
        "rule-7": [
            {
                "replacement-node": 16,
                "node-pos": 32,
                "part": null,
                "template-line-number": 73
            }
        ],
        "rule-20": [
            {
                "replacement-node": 306,
                "node-pos": 476,
                "part": null,
                "template-line-number": 1037
            }
        ]
    }
}