{
    "line-numbers": {
        "UnrecoveredPlantAndRegulatoryStudyCosts": [
            {
                "line-number-node": 47,
                "template-line-number": 240,
                "start-number": 16
            }
        ]
    },
    "showifs": {
        "rule-1": {
            "template-line-number": 17,
            "type": "showif"
        }
    },
    "substitutions": {
        "rule-2": [
            {
                "node-pos": 10,
                "template-line-number": 27,
                "replacement-node": 1,
                "part": null
            }
        ],
        "rule-9": [
            {
                "node-pos": 40,
                "template-line-number": 75,
                "replacement-node": 22,
                "part": null
            }
        ],
        "rule-15": [
            {
                "node-pos": 125,
                "template-line-number": 301,
                "replacement-node": 74,
                "part": null,
                "expression-node": 75
            }
        ],
        "rule-12": [
            {
                "node-pos": 56,
                "template-line-number": 98,
                "replacement-node": 31,
                "part": null
            }
        ],
        "rule-8": [
            {
                "node-pos": 36,
                "template-line-number": 70,
                "replacement-node": 19,
                "part": null,
                "expression-node": 20
            }
        ],
        "rule-5": [
            {
                "node-pos": 22,
                "template-line-number": 43,
                "html": true,
                "replacement-node": 10,
                "part": null
            }
        ],
        "rule-7": [
            {
                "node-pos": 32,
                "template-line-number": 66,
                "replacement-node": 16,
                "part": null
            }
        ],
        "rule-18": [
            {
                "node-pos": 138,
                "template-line-number": 331,
                "replacement-node": 83,
                "part": null,
                "expression-node": 84
            }
        ],
        "rule-21": [
            {
                "node-pos": 152,
                "template-line-number": 358,
                "replacement-node": 92,
                "part": null
            }
        ],
        "rule-4": [
            {
                "node-pos": 18,
                "template-line-number": 37,
                "replacement-node": 7,
                "part": null
            }
        ],
        "rule-13": [
            {
                "node-pos": 61,
                "template-line-number": 109,
                "html": true,
                "replacement-node": 34,
                "part": null
            }
        ],
        "rule-19": [
            {
                "node-pos": 142,
                "template-line-number": 340,
                "replacement-node": 86,
                "part": null,
                "expression-node": 87
            }
        ],
        "rule-6": [
            {
                "node-pos": 27,
                "template-line-number": 55,
                "html": true,
                "replacement-node": 13,
                "part": null
            }
        ],
        "rule-23": {
            "name": "StudyCostHeadings",
            "subs": [
                {
                    "node-pos": 76,
                    "name": "StudyCostHeadings",
                    "extras": {},
                    "template-line-number": 142,
                    "part": "1",
                    "replacement-node": 40
                },
                {
                    "node-pos": 80,
                    "name": "StudyCostHeadings",
                    "extras": {},
                    "template-line-number": 151,
                    "part": "2",
                    "replacement-node": 43
                },
                {
                    "node-pos": 74,
                    "name": "StudyCostHeadings",
                    "extras": {},
                    "template-line-number": 138,
                    "part": "3",
                    "replacement-node": 38
                }
            ]
        },
        "rule-16": [
            {
                "node-pos": 129,
                "template-line-number": 310,
                "replacement-node": 77,
                "part": null,
                "expression-node": 78
            }
        ],
        "rule-22": [
            {
                "node-pos": 156,
                "template-line-number": 367,
                "replacement-node": 95,
                "part": null
            }
        ],
        "rule-3": [
            {
                "node-pos": 14,
                "template-line-number": 31,
                "replacement-node": 4,
                "part": null,
                "expression-node": 5
            }
        ],
        "rule-24": {
            "name": "UnrecoveredPlantAndRegulatoryStudyCosts",
            "subs": [
                {
                    "node-pos": 90,
                    "name": "UnrecoveredPlantAndRegulatoryStudyCosts",
                    "expression-node": 51,
                    "template-line-number": 244,
                    "part": "2",
                    "replacement-node": 50
                },
                {
                    "node-pos": 94,
                    "name": "UnrecoveredPlantAndRegulatoryStudyCosts",
                    "expression-node": 54,
                    "template-line-number": 249,
                    "part": "3",
                    "replacement-node": 53
                },
                {
                    "node-pos": 98,
                    "name": "UnrecoveredPlantAndRegulatoryStudyCosts",
                    "expression-node": 57,
                    "template-line-number": 254,
                    "part": "4",
                    "replacement-node": 56
                },
                {
                    "node-pos": 102,
                    "name": "UnrecoveredPlantAndRegulatoryStudyCosts",
                    "expression-node": 60,
                    "template-line-number": 259,
                    "part": "5",
                    "replacement-node": 59
                },
                {
                    "node-pos": 106,
                    "name": "UnrecoveredPlantAndRegulatoryStudyCosts",
                    "expression-node": 63,
                    "template-line-number": 266,
                    "part": "6",
                    "replacement-node": 62
                },
                {
                    "node-pos": 110,
                    "name": "UnrecoveredPlantAndRegulatoryStudyCosts",
                    "expression-node": 66,
                    "template-line-number": 273,
                    "part": "7",
                    "replacement-node": 65
                },
                {
                    "node-pos": 114,
                    "name": "UnrecoveredPlantAndRegulatoryStudyCosts",
                    "expression-node": 69,
                    "template-line-number": 278,
                    "part": "8",
                    "replacement-node": 68
                }
            ]
        },
        "rule-14": [
            {
                "node-pos": 120,
                "template-line-number": 289,
                "replacement-node": 71,
                "part": null
            }
        ],
        "rule-11": [
            {
                "node-pos": 48,
                "template-line-number": 84,
                "replacement-node": 28,
                "part": null,
                "expression-node": 29
            }
        ],
        "rule-20": [
            {
                "node-pos": 148,
                "template-line-number": 353,
                "replacement-node": 89,
                "part": null,
                "expression-node": 90
            }
        ],
        "rule-10": [
            {
                "node-pos": 44,
                "template-line-number": 79,
                "replacement-node": 25,
                "part": null,
                "expression-node": 26
            }
        ],
        "rule-17": [
            {
                "node-pos": 133,
                "template-line-number": 319,
                "replacement-node": 80,
                "part": null,
                "expression-node": 81
            }
        ]
    }
}