{
    "line-numbers": {
        "StatisticsOperations": [
            {
                "line-number-node": 46,
                "template-line-number": 584,
                "start-number": 1
            }
        ]
    },
    "substitutions": {
        "rule-11": [
            {
                "template-line-number": 92,
                "replacement-node": 30,
                "node-pos": 53,
                "part": null
            }
        ],
        "rule-2": [
            {
                "expression-node": 4,
                "template-line-number": 27,
                "replacement-node": 3,
                "node-pos": 13,
                "part": null
            }
        ],
        "rule-16": {
            "subs": [
                {
                    "template-line-number": 185,
                    "extras": {},
                    "node-pos": 113,
                    "replacement-node": 39,
                    "name": "ColumnHeadings",
                    "part": "1"
                },
                {
                    "template-line-number": 193,
                    "extras": {},
                    "node-pos": 117,
                    "replacement-node": 42,
                    "name": "ColumnHeadings",
                    "part": "2"
                },
                {
                    "template-line-number": 181,
                    "extras": {},
                    "node-pos": 111,
                    "replacement-node": 37,
                    "name": "ColumnHeadings",
                    "part": "3"
                }
            ],
            "name": "ColumnHeadings"
        },
        "rule-15": [
            {
                "template-line-number": 706,
                "replacement-node": 98,
                "node-pos": 190,
                "part": null
            }
        ],
        "rule-3": [
            {
                "template-line-number": 33,
                "replacement-node": 6,
                "node-pos": 17,
                "part": null
            }
        ],
        "rule-13": [
            {
                "expression-node": 93,
                "template-line-number": 692,
                "replacement-node": 92,
                "node-pos": 182,
                "part": null
            }
        ],
        "rule-9": [
            {
                "expression-node": 25,
                "template-line-number": 77,
                "replacement-node": 24,
                "node-pos": 43,
                "part": null
            }
        ],
        "rule-6": [
            {
                "template-line-number": 62,
                "replacement-node": 15,
                "node-pos": 31,
                "part": null
            }
        ],
        "rule-1": [
            {
                "template-line-number": 21,
                "replacement-node": 0,
                "node-pos": 9,
                "part": null
            }
        ],
        "rule-8": [
            {
                "template-line-number": 72,
                "replacement-node": 21,
                "node-pos": 39,
                "part": null
            }
        ],
        "rule-12": [
            {
                "template-line-number": 103,
                "replacement-node": 33,
                "html": true,
                "node-pos": 58,
                "part": null
            }
        ],
        "rule-14": [
            {
                "template-line-number": 697,
                "replacement-node": 95,
                "node-pos": 186,
                "part": null
            }
        ],
        "rule-4": [
            {
                "template-line-number": 39,
                "replacement-node": 9,
                "html": true,
                "node-pos": 21,
                "part": null
            }
        ],
        "rule-7": [
            {
                "expression-node": 19,
                "template-line-number": 67,
                "replacement-node": 18,
                "node-pos": 35,
                "part": null
            }
        ],
        "rule-5": [
            {
                "template-line-number": 51,
                "replacement-node": 12,
                "html": true,
                "node-pos": 26,
                "part": null
            }
        ],
        "rule-17": {
            "subs": [
                {
                    "expression-node": 85,
                    "template-line-number": 666,
                    "replacement-node": 84,
                    "node-pos": 170,
                    "name": "StatisticsOperations",
                    "part": "10"
                },
                {
                    "expression-node": 89,
                    "template-line-number": 675,
                    "replacement-node": 88,
                    "node-pos": 175,
                    "name": "StatisticsOperations",
                    "part": "11"
                },
                {
                    "expression-node": 49,
                    "template-line-number": 589,
                    "replacement-node": 48,
                    "node-pos": 126,
                    "name": "StatisticsOperations",
                    "part": "2"
                },
                {
                    "expression-node": 56,
                    "template-line-number": 601,
                    "replacement-node": 55,
                    "node-pos": 134,
                    "name": "StatisticsOperations",
                    "part": "3"
                },
                {
                    "expression-node": 61,
                    "template-line-number": 612,
                    "replacement-node": 60,
                    "node-pos": 140,
                    "name": "StatisticsOperations",
                    "part": "4"
                },
                {
                    "expression-node": 65,
                    "template-line-number": 621,
                    "replacement-node": 64,
                    "node-pos": 145,
                    "name": "StatisticsOperations",
                    "part": "5"
                },
                {
                    "expression-node": 69,
                    "template-line-number": 630,
                    "replacement-node": 68,
                    "node-pos": 150,
                    "name": "StatisticsOperations",
                    "part": "6"
                },
                {
                    "expression-node": 73,
                    "template-line-number": 639,
                    "replacement-node": 72,
                    "node-pos": 155,
                    "name": "StatisticsOperations",
                    "part": "7"
                },
                {
                    "expression-node": 77,
                    "template-line-number": 648,
                    "replacement-node": 76,
                    "node-pos": 160,
                    "name": "StatisticsOperations",
                    "part": "8"
                },
                {
                    "expression-node": 81,
                    "template-line-number": 657,
                    "replacement-node": 80,
                    "node-pos": 165,
                    "name": "StatisticsOperations",
                    "part": "9"
                }
            ],
            "name": "StatisticsOperations"
        },
        "rule-10": [
            {
                "expression-node": 28,
                "template-line-number": 82,
                "replacement-node": 27,
                "node-pos": 47,
                "part": null
            }
        ]
    },
    "showifs": {}
}