{
    "showifs": {},
    "substitutions": {
        "rule-10": [
            {
                "node-pos": 63,
                "replacement-node": 27,
                "expression-node": 28,
                "template-line-number": 155,
                "part": null
            }
        ],
        "rule-3": [
            {
                "node-pos": 27,
                "replacement-node": 6,
                "template-line-number": 66,
                "part": null
            }
        ],
        "rule-11": [
            {
                "node-pos": 67,
                "replacement-node": 30,
                "template-line-number": 160,
                "part": null
            }
        ],
        "rule-9": [
            {
                "node-pos": 53,
                "replacement-node": 24,
                "expression-node": 25,
                "template-line-number": 129,
                "part": null
            }
        ],
        "rule-6": [
            {
                "node-pos": 41,
                "replacement-node": 15,
                "expression-node": 16,
                "template-line-number": 102,
                "part": null
            }
        ],
        "rule-2": [
            {
                "node-pos": 23,
                "replacement-node": 3,
                "template-line-number": 55,
                "part": null
            }
        ],
        "rule-8": [
            {
                "node-pos": 49,
                "replacement-node": 21,
                "expression-node": 22,
                "template-line-number": 120,
                "part": null
            }
        ],
        "rule-7": [
            {
                "node-pos": 45,
                "replacement-node": 18,
                "expression-node": 19,
                "template-line-number": 111,
                "part": null
            }
        ],
        "rule-1": [
            {
                "node-pos": 10,
                "replacement-node": 0,
                "template-line-number": 23,
                "part": null
            }
        ],
        "rule-4": [
            {
                "node-pos": 31,
                "replacement-node": 9,
                "template-line-number": 77,
                "part": null
            }
        ],
        "rule-5": [
            {
                "node-pos": 35,
                "replacement-node": 12,
                "template-line-number": 88,
                "part": null
            }
        ],
        "rule-12": [
            {
                "node-pos": 71,
                "replacement-node": 33,
                "template-line-number": 169,
                "part": null
            }
        ]
    },
    "line-numbers": {}
}