{
    "line-numbers": {},
    "showifs": {},
    "substitutions": {
        "rule-7": [
            {
                "expression-node": 19,
                "replacement-node": 18,
                "part": null,
                "node-pos": 45,
                "template-line-number": 111
            }
        ],
        "rule-5": [
            {
                "template-line-number": 88,
                "replacement-node": 12,
                "part": null,
                "node-pos": 35
            }
        ],
        "rule-1": [
            {
                "template-line-number": 23,
                "replacement-node": 0,
                "part": null,
                "node-pos": 10
            }
        ],
        "rule-6": [
            {
                "expression-node": 16,
                "replacement-node": 15,
                "part": null,
                "node-pos": 41,
                "template-line-number": 102
            }
        ],
        "rule-10": [
            {
                "expression-node": 28,
                "replacement-node": 27,
                "part": null,
                "node-pos": 63,
                "template-line-number": 155
            }
        ],
        "rule-3": [
            {
                "template-line-number": 66,
                "replacement-node": 6,
                "part": null,
                "node-pos": 27
            }
        ],
        "rule-9": [
            {
                "expression-node": 25,
                "replacement-node": 24,
                "part": null,
                "node-pos": 53,
                "template-line-number": 129
            }
        ],
        "rule-11": [
            {
                "template-line-number": 160,
                "replacement-node": 30,
                "part": null,
                "node-pos": 67
            }
        ],
        "rule-4": [
            {
                "template-line-number": 77,
                "replacement-node": 9,
                "part": null,
                "node-pos": 31
            }
        ],
        "rule-2": [
            {
                "template-line-number": 55,
                "replacement-node": 3,
                "part": null,
                "node-pos": 23
            }
        ],
        "rule-8": [
            {
                "expression-node": 22,
                "replacement-node": 21,
                "part": null,
                "node-pos": 49,
                "template-line-number": 120
            }
        ],
        "rule-12": [
            {
                "template-line-number": 169,
                "replacement-node": 33,
                "part": null,
                "node-pos": 71
            }
        ]
    }
}