{
    "line-numbers": {},
    "showifs": {},
    "substitutions": {
        "rule-9": [
            {
                "expression-node": 25,
                "replacement-node": 24,
                "part": null,
                "template-line-number": 78,
                "node-pos": 44
            }
        ],
        "rule-2": [
            {
                "expression-node": 4,
                "replacement-node": 3,
                "part": null,
                "template-line-number": 28,
                "node-pos": 14
            }
        ],
        "rule-15": [
            {
                "replacement-node": 63,
                "part": null,
                "template-line-number": 226,
                "node-pos": 109
            }
        ],
        "rule-10": [
            {
                "expression-node": 28,
                "replacement-node": 27,
                "part": null,
                "template-line-number": 83,
                "node-pos": 48
            }
        ],
        "rule-7": [
            {
                "expression-node": 19,
                "replacement-node": 18,
                "part": null,
                "template-line-number": 68,
                "node-pos": 36
            }
        ],
        "rule-14": [
            {
                "replacement-node": 60,
                "part": null,
                "template-line-number": 217,
                "node-pos": 105
            }
        ],
        "rule-4": [
            {
                "html": true,
                "replacement-node": 9,
                "part": null,
                "template-line-number": 40,
                "node-pos": 22
            }
        ],
        "rule-16": {
            "subs": [
                {
                    "replacement-node": 44,
                    "extras": {},
                    "template-line-number": 172,
                    "part": "1",
                    "name": "ListLineItems",
                    "node-pos": 79
                },
                {
                    "replacement-node": 49,
                    "extras": {},
                    "template-line-number": 183,
                    "part": "2",
                    "name": "ListLineItems",
                    "node-pos": 87
                },
                {
                    "replacement-node": 52,
                    "extras": {},
                    "template-line-number": 194,
                    "part": "3",
                    "name": "ListLineItems",
                    "node-pos": 92
                },
                {
                    "replacement-node": 55,
                    "template-line-number": 201,
                    "expression-node": 56,
                    "part": "5",
                    "name": "ListLineItems",
                    "node-pos": 96
                },
                {
                    "replacement-node": 47,
                    "extras": {},
                    "template-line-number": 179,
                    "part": "6",
                    "name": "ListLineItems",
                    "node-pos": 85
                }
            ],
            "name": "ListLineItems"
        },
        "rule-3": [
            {
                "replacement-node": 6,
                "part": null,
                "template-line-number": 34,
                "node-pos": 18
            }
        ],
        "rule-1": [
            {
                "replacement-node": 0,
                "part": null,
                "template-line-number": 23,
                "node-pos": 10
            }
        ],
        "rule-6": [
            {
                "replacement-node": 15,
                "part": null,
                "template-line-number": 63,
                "node-pos": 32
            }
        ],
        "rule-12": [
            {
                "html": true,
                "replacement-node": 33,
                "part": null,
                "template-line-number": 104,
                "node-pos": 59
            }
        ],
        "rule-5": [
            {
                "html": true,
                "replacement-node": 12,
                "part": null,
                "template-line-number": 52,
                "node-pos": 27
            }
        ],
        "rule-11": [
            {
                "replacement-node": 30,
                "part": null,
                "template-line-number": 93,
                "node-pos": 54
            }
        ],
        "rule-13": [
            {
                "expression-node": 58,
                "replacement-node": 57,
                "part": null,
                "template-line-number": 211,
                "node-pos": 101
            }
        ],
        "rule-17": {
            "subs": [
                {
                    "replacement-node": 37,
                    "extras": {},
                    "template-line-number": 129,
                    "part": "1",
                    "name": "ListHeadings",
                    "node-pos": 69
                },
                {
                    "replacement-node": 40,
                    "extras": {},
                    "template-line-number": 136,
                    "part": "2",
                    "name": "ListHeadings",
                    "node-pos": 73
                }
            ],
            "name": "ListHeadings"
        },
        "rule-8": [
            {
                "replacement-node": 21,
                "part": null,
                "template-line-number": 73,
                "node-pos": 40
            }
        ]
    }
}