{
    "substitutions": {
        "rule-13": [
            {
                "part": null,
                "replacement-node": 57,
                "node-pos": 101,
                "template-line-number": 211,
                "expression-node": 58
            }
        ],
        "rule-3": [
            {
                "part": null,
                "replacement-node": 6,
                "node-pos": 18,
                "template-line-number": 34
            }
        ],
        "rule-1": [
            {
                "part": null,
                "replacement-node": 0,
                "node-pos": 10,
                "template-line-number": 23
            }
        ],
        "rule-17": {
            "name": "ListHeadings",
            "subs": [
                {
                    "extras": {},
                    "replacement-node": 37,
                    "part": "1",
                    "name": "ListHeadings",
                    "node-pos": 69,
                    "template-line-number": 129
                },
                {
                    "extras": {},
                    "replacement-node": 40,
                    "part": "2",
                    "name": "ListHeadings",
                    "node-pos": 73,
                    "template-line-number": 136
                }
            ]
        },
        "rule-4": [
            {
                "html": true,
                "part": null,
                "replacement-node": 9,
                "node-pos": 22,
                "template-line-number": 40
            }
        ],
        "rule-7": [
            {
                "part": null,
                "replacement-node": 18,
                "node-pos": 36,
                "template-line-number": 68,
                "expression-node": 19
            }
        ],
        "rule-2": [
            {
                "part": null,
                "replacement-node": 3,
                "node-pos": 14,
                "template-line-number": 28,
                "expression-node": 4
            }
        ],
        "rule-16": {
            "name": "ListLineItems",
            "subs": [
                {
                    "extras": {},
                    "replacement-node": 44,
                    "part": "1",
                    "name": "ListLineItems",
                    "node-pos": 79,
                    "template-line-number": 172
                },
                {
                    "extras": {},
                    "replacement-node": 49,
                    "part": "2",
                    "name": "ListLineItems",
                    "node-pos": 87,
                    "template-line-number": 183
                },
                {
                    "extras": {},
                    "replacement-node": 52,
                    "part": "3",
                    "name": "ListLineItems",
                    "node-pos": 92,
                    "template-line-number": 194
                },
                {
                    "replacement-node": 55,
                    "part": "5",
                    "name": "ListLineItems",
                    "node-pos": 96,
                    "template-line-number": 201,
                    "expression-node": 56
                },
                {
                    "extras": {},
                    "replacement-node": 47,
                    "part": "6",
                    "name": "ListLineItems",
                    "node-pos": 85,
                    "template-line-number": 179
                }
            ]
        },
        "rule-15": [
            {
                "part": null,
                "replacement-node": 63,
                "node-pos": 109,
                "template-line-number": 226
            }
        ],
        "rule-12": [
            {
                "html": true,
                "part": null,
                "replacement-node": 33,
                "node-pos": 59,
                "template-line-number": 104
            }
        ],
        "rule-11": [
            {
                "part": null,
                "replacement-node": 30,
                "node-pos": 54,
                "template-line-number": 93
            }
        ],
        "rule-14": [
            {
                "part": null,
                "replacement-node": 60,
                "node-pos": 105,
                "template-line-number": 217
            }
        ],
        "rule-6": [
            {
                "part": null,
                "replacement-node": 15,
                "node-pos": 32,
                "template-line-number": 63
            }
        ],
        "rule-5": [
            {
                "html": true,
                "part": null,
                "replacement-node": 12,
                "node-pos": 27,
                "template-line-number": 52
            }
        ],
        "rule-10": [
            {
                "part": null,
                "replacement-node": 27,
                "node-pos": 48,
                "template-line-number": 83,
                "expression-node": 28
            }
        ],
        "rule-9": [
            {
                "part": null,
                "replacement-node": 24,
                "node-pos": 44,
                "template-line-number": 78,
                "expression-node": 25
            }
        ],
        "rule-8": [
            {
                "part": null,
                "replacement-node": 21,
                "node-pos": 40,
                "template-line-number": 73
            }
        ]
    },
    "showifs": {},
    "line-numbers": {}
}