{
    "showifs": {},
    "line-numbers": {
        "AccumDeprAmortProvisionLineItems": [
            {
                "start-number": 1,
                "template-line-number": 185,
                "line-number-node": 44
            }
        ]
    },
    "substitutions": {
        "rule-14": [
            {
                "node-pos": 109,
                "replacement-node": 64,
                "part": null,
                "template-line-number": 258
            }
        ],
        "rule-2": [
            {
                "node-pos": 14,
                "replacement-node": 3,
                "part": null,
                "expression-node": 4,
                "template-line-number": 28
            }
        ],
        "rule-6": [
            {
                "node-pos": 32,
                "replacement-node": 15,
                "part": null,
                "template-line-number": 63
            }
        ],
        "rule-3": [
            {
                "node-pos": 18,
                "replacement-node": 6,
                "part": null,
                "template-line-number": 34
            }
        ],
        "rule-4": [
            {
                "node-pos": 22,
                "replacement-node": 9,
                "part": null,
                "template-line-number": 40,
                "html": true
            }
        ],
        "rule-8": [
            {
                "node-pos": 40,
                "replacement-node": 21,
                "part": null,
                "template-line-number": 73
            }
        ],
        "rule-16": {
            "name": "ColumnHeadings",
            "subs": [
                {
                    "name": "ColumnHeadings",
                    "node-pos": 69,
                    "replacement-node": 37,
                    "part": "1",
                    "template-line-number": 129,
                    "extras": {}
                },
                {
                    "name": "ColumnHeadings",
                    "node-pos": 73,
                    "replacement-node": 40,
                    "part": "2",
                    "template-line-number": 136,
                    "extras": {}
                }
            ]
        },
        "rule-5": [
            {
                "node-pos": 27,
                "replacement-node": 12,
                "part": null,
                "template-line-number": 52,
                "html": true
            }
        ],
        "rule-1": [
            {
                "node-pos": 10,
                "replacement-node": 0,
                "part": null,
                "template-line-number": 23
            }
        ],
        "rule-11": [
            {
                "node-pos": 54,
                "replacement-node": 30,
                "part": null,
                "template-line-number": 93
            }
        ],
        "rule-9": [
            {
                "node-pos": 44,
                "replacement-node": 24,
                "part": null,
                "expression-node": 25,
                "template-line-number": 78
            }
        ],
        "rule-12": [
            {
                "node-pos": 59,
                "replacement-node": 33,
                "part": null,
                "template-line-number": 104,
                "html": true
            }
        ],
        "rule-10": [
            {
                "node-pos": 48,
                "replacement-node": 27,
                "part": null,
                "expression-node": 28,
                "template-line-number": 83
            }
        ],
        "rule-15": [
            {
                "node-pos": 113,
                "replacement-node": 67,
                "part": null,
                "template-line-number": 267
            }
        ],
        "rule-17": {
            "name": "AccumDeprAmortProvisionLineItems",
            "subs": [
                {
                    "name": "AccumDeprAmortProvisionLineItems",
                    "node-pos": 83,
                    "replacement-node": 47,
                    "part": "1",
                    "template-line-number": 193,
                    "extras": {}
                },
                {
                    "name": "AccumDeprAmortProvisionLineItems",
                    "node-pos": 86,
                    "replacement-node": 49,
                    "part": "2",
                    "template-line-number": 200,
                    "extras": {}
                },
                {
                    "name": "AccumDeprAmortProvisionLineItems",
                    "node-pos": 89,
                    "replacement-node": 51,
                    "part": "3",
                    "expression-node": 52,
                    "template-line-number": 208
                },
                {
                    "name": "AccumDeprAmortProvisionLineItems",
                    "node-pos": 92,
                    "replacement-node": 53,
                    "part": "4",
                    "expression-node": 54,
                    "template-line-number": 216
                },
                {
                    "name": "AccumDeprAmortProvisionLineItems",
                    "node-pos": 95,
                    "replacement-node": 55,
                    "part": "5",
                    "expression-node": 56,
                    "template-line-number": 224
                },
                {
                    "name": "AccumDeprAmortProvisionLineItems",
                    "node-pos": 98,
                    "replacement-node": 57,
                    "part": "6",
                    "expression-node": 58,
                    "template-line-number": 234
                },
                {
                    "name": "AccumDeprAmortProvisionLineItems",
                    "node-pos": 101,
                    "replacement-node": 59,
                    "part": "7",
                    "expression-node": 60,
                    "template-line-number": 241
                }
            ]
        },
        "rule-7": [
            {
                "node-pos": 36,
                "replacement-node": 18,
                "part": null,
                "expression-node": 19,
                "template-line-number": 68
            }
        ],
        "rule-13": [
            {
                "node-pos": 105,
                "replacement-node": 61,
                "part": null,
                "expression-node": 62,
                "template-line-number": 252
            }
        ]
    }
}