{
    "showifs": {},
    "line-numbers": {},
    "substitutions": {
        "rule-1": [
            {
                "node-pos": 7,
                "replacement-node": 0,
                "part": null,
                "template-line-number": 19,
                "html": true
            }
        ],
        "rule-2": [
            {
                "node-pos": 107,
                "replacement-node": 3,
                "expression-node": 4,
                "part": null,
                "template-line-number": 201
            }
        ]
    }
}