{
    "showifs": {},
    "substitutions": {
        "rule-4": [
            {
                "node-pos": 22,
                "html": true,
                "template-line-number": 39,
                "part": null,
                "replacement-node": 9
            }
        ],
        "rule-13": [
            {
                "node-pos": 130,
                "expression-node": 79,
                "template-line-number": 386,
                "part": null,
                "replacement-node": 78
            }
        ],
        "rule-5": [
            {
                "node-pos": 27,
                "html": true,
                "template-line-number": 51,
                "part": null,
                "replacement-node": 12
            }
        ],
        "rule-12": [
            {
                "node-pos": 61,
                "html": true,
                "template-line-number": 105,
                "part": null,
                "replacement-node": 33
            }
        ],
        "rule-10": [
            {
                "node-pos": 50,
                "expression-node": 28,
                "template-line-number": 82,
                "part": null,
                "replacement-node": 27
            }
        ],
        "rule-8": [
            {
                "node-pos": 41,
                "template-line-number": 72,
                "part": null,
                "replacement-node": 21
            }
        ],
        "rule-7": [
            {
                "node-pos": 37,
                "expression-node": 19,
                "template-line-number": 67,
                "part": null,
                "replacement-node": 18
            }
        ],
        "rule-1": [
            {
                "node-pos": 10,
                "template-line-number": 22,
                "part": null,
                "replacement-node": 0
            }
        ],
        "rule-9": [
            {
                "node-pos": 46,
                "expression-node": 25,
                "template-line-number": 77,
                "part": null,
                "replacement-node": 24
            }
        ],
        "rule-2": [
            {
                "node-pos": 14,
                "expression-node": 4,
                "template-line-number": 27,
                "part": null,
                "replacement-node": 3
            }
        ],
        "rule-11": [
            {
                "node-pos": 56,
                "template-line-number": 94,
                "part": null,
                "replacement-node": 30
            }
        ],
        "rule-16": {
            "name": "AOCIHeadings",
            "subs": [
                {
                    "node-pos": 72,
                    "template-line-number": 130,
                    "replacement-node": 36,
                    "name": "AOCIHeadings",
                    "part": "1",
                    "extras": {}
                },
                {
                    "node-pos": 76,
                    "template-line-number": 137,
                    "replacement-node": 39,
                    "name": "AOCIHeadings",
                    "part": "2",
                    "extras": {}
                }
            ]
        },
        "rule-17": {
            "name": "movement_prior",
            "subs": [
                {
                    "node-pos": 118,
                    "expression-node": 71,
                    "template-line-number": 363,
                    "replacement-node": 70,
                    "name": "movement_prior",
                    "part": "10"
                },
                {
                    "node-pos": 123,
                    "expression-node": 75,
                    "template-line-number": 373,
                    "replacement-node": 74,
                    "name": "movement_prior",
                    "part": "11"
                },
                {
                    "node-pos": 86,
                    "template-line-number": 321,
                    "replacement-node": 46,
                    "name": "movement_prior",
                    "part": "2",
                    "extras": {}
                },
                {
                    "node-pos": 90,
                    "expression-node": 50,
                    "template-line-number": 326,
                    "replacement-node": 49,
                    "name": "movement_prior",
                    "part": "3"
                },
                {
                    "node-pos": 94,
                    "expression-node": 53,
                    "template-line-number": 331,
                    "replacement-node": 52,
                    "name": "movement_prior",
                    "part": "4"
                },
                {
                    "node-pos": 98,
                    "expression-node": 56,
                    "template-line-number": 336,
                    "replacement-node": 55,
                    "name": "movement_prior",
                    "part": "5"
                },
                {
                    "node-pos": 102,
                    "expression-node": 59,
                    "template-line-number": 341,
                    "replacement-node": 58,
                    "name": "movement_prior",
                    "part": "6"
                },
                {
                    "node-pos": 106,
                    "expression-node": 62,
                    "template-line-number": 346,
                    "replacement-node": 61,
                    "name": "movement_prior",
                    "part": "7"
                },
                {
                    "node-pos": 110,
                    "expression-node": 65,
                    "template-line-number": 351,
                    "replacement-node": 64,
                    "name": "movement_prior",
                    "part": "8"
                },
                {
                    "node-pos": 114,
                    "expression-node": 68,
                    "template-line-number": 356,
                    "replacement-node": 67,
                    "name": "movement_prior",
                    "part": "9"
                }
            ]
        },
        "rule-6": [
            {
                "node-pos": 32,
                "template-line-number": 62,
                "part": null,
                "replacement-node": 15
            }
        ],
        "rule-3": [
            {
                "node-pos": 18,
                "template-line-number": 33,
                "part": null,
                "replacement-node": 6
            }
        ],
        "rule-15": [
            {
                "node-pos": 138,
                "template-line-number": 400,
                "part": null,
                "replacement-node": 84
            }
        ],
        "rule-14": [
            {
                "node-pos": 134,
                "template-line-number": 391,
                "part": null,
                "replacement-node": 81
            }
        ]
    },
    "line-numbers": {
        "movement_prior": [
            {
                "line-number-node": 43,
                "template-line-number": 318,
                "start-number": 1
            }
        ]
    }
}