{
    "substitutions": {
        "rule-16": {
            "name": "AOCIHeadings",
            "subs": [
                {
                    "extras": {},
                    "template-line-number": 130,
                    "name": "AOCIHeadings",
                    "replacement-node": 36,
                    "part": "1",
                    "node-pos": 72
                },
                {
                    "extras": {},
                    "template-line-number": 137,
                    "name": "AOCIHeadings",
                    "replacement-node": 39,
                    "part": "2",
                    "node-pos": 76
                }
            ]
        },
        "rule-9": [
            {
                "part": null,
                "template-line-number": 77,
                "expression-node": 25,
                "node-pos": 46,
                "replacement-node": 24
            }
        ],
        "rule-8": [
            {
                "part": null,
                "template-line-number": 72,
                "node-pos": 41,
                "replacement-node": 21
            }
        ],
        "rule-3": [
            {
                "part": null,
                "template-line-number": 33,
                "node-pos": 18,
                "replacement-node": 6
            }
        ],
        "rule-2": [
            {
                "part": null,
                "template-line-number": 27,
                "expression-node": 4,
                "node-pos": 14,
                "replacement-node": 3
            }
        ],
        "rule-10": [
            {
                "part": null,
                "template-line-number": 82,
                "expression-node": 28,
                "node-pos": 50,
                "replacement-node": 27
            }
        ],
        "rule-5": [
            {
                "part": null,
                "template-line-number": 51,
                "html": true,
                "node-pos": 27,
                "replacement-node": 12
            }
        ],
        "rule-14": [
            {
                "part": null,
                "template-line-number": 391,
                "node-pos": 134,
                "replacement-node": 81
            }
        ],
        "rule-6": [
            {
                "part": null,
                "template-line-number": 62,
                "node-pos": 32,
                "replacement-node": 15
            }
        ],
        "rule-12": [
            {
                "part": null,
                "template-line-number": 105,
                "html": true,
                "node-pos": 61,
                "replacement-node": 33
            }
        ],
        "rule-1": [
            {
                "part": null,
                "template-line-number": 22,
                "node-pos": 10,
                "replacement-node": 0
            }
        ],
        "rule-11": [
            {
                "part": null,
                "template-line-number": 94,
                "node-pos": 56,
                "replacement-node": 30
            }
        ],
        "rule-15": [
            {
                "part": null,
                "template-line-number": 400,
                "node-pos": 138,
                "replacement-node": 84
            }
        ],
        "rule-13": [
            {
                "part": null,
                "template-line-number": 386,
                "expression-node": 79,
                "node-pos": 130,
                "replacement-node": 78
            }
        ],
        "rule-7": [
            {
                "part": null,
                "template-line-number": 67,
                "expression-node": 19,
                "node-pos": 37,
                "replacement-node": 18
            }
        ],
        "rule-17": {
            "name": "movement_prior",
            "subs": [
                {
                    "template-line-number": 363,
                    "name": "movement_prior",
                    "replacement-node": 70,
                    "part": "10",
                    "node-pos": 118,
                    "expression-node": 71
                },
                {
                    "template-line-number": 373,
                    "name": "movement_prior",
                    "replacement-node": 74,
                    "part": "11",
                    "node-pos": 123,
                    "expression-node": 75
                },
                {
                    "extras": {},
                    "template-line-number": 321,
                    "name": "movement_prior",
                    "replacement-node": 46,
                    "part": "2",
                    "node-pos": 86
                },
                {
                    "template-line-number": 326,
                    "name": "movement_prior",
                    "replacement-node": 49,
                    "part": "3",
                    "node-pos": 90,
                    "expression-node": 50
                },
                {
                    "template-line-number": 331,
                    "name": "movement_prior",
                    "replacement-node": 52,
                    "part": "4",
                    "node-pos": 94,
                    "expression-node": 53
                },
                {
                    "template-line-number": 336,
                    "name": "movement_prior",
                    "replacement-node": 55,
                    "part": "5",
                    "node-pos": 98,
                    "expression-node": 56
                },
                {
                    "template-line-number": 341,
                    "name": "movement_prior",
                    "replacement-node": 58,
                    "part": "6",
                    "node-pos": 102,
                    "expression-node": 59
                },
                {
                    "template-line-number": 346,
                    "name": "movement_prior",
                    "replacement-node": 61,
                    "part": "7",
                    "node-pos": 106,
                    "expression-node": 62
                },
                {
                    "template-line-number": 351,
                    "name": "movement_prior",
                    "replacement-node": 64,
                    "part": "8",
                    "node-pos": 110,
                    "expression-node": 65
                },
                {
                    "template-line-number": 356,
                    "name": "movement_prior",
                    "replacement-node": 67,
                    "part": "9",
                    "node-pos": 114,
                    "expression-node": 68
                }
            ]
        },
        "rule-4": [
            {
                "part": null,
                "template-line-number": 39,
                "html": true,
                "node-pos": 22,
                "replacement-node": 9
            }
        ]
    },
    "showifs": {},
    "line-numbers": {
        "movement_prior": [
            {
                "line-number-node": 43,
                "template-line-number": 318,
                "start-number": 1
            }
        ]
    }
}