{
    "substitutions": {
        "rule-6": [
            {
                "template-line-number": 57,
                "replacement-node": 13,
                "part": null,
                "html": true,
                "node-pos": 28
            }
        ],
        "rule-13": [
            {
                "template-line-number": 109,
                "replacement-node": 34,
                "part": null,
                "html": true,
                "node-pos": 60
            }
        ],
        "rule-3": [
            {
                "expression-node": 5,
                "replacement-node": 4,
                "part": null,
                "template-line-number": 33,
                "node-pos": 15
            }
        ],
        "rule-5": [
            {
                "template-line-number": 45,
                "replacement-node": 10,
                "part": null,
                "html": true,
                "node-pos": 23
            }
        ],
        "rule-10": [
            {
                "expression-node": 26,
                "replacement-node": 25,
                "part": null,
                "template-line-number": 83,
                "node-pos": 45
            }
        ],
        "rule-18": {
            "subs": [
                {
                    "template-line-number": 138,
                    "part": "1",
                    "extras": {},
                    "node-pos": 74,
                    "name": "UnappropriatedHeadings",
                    "replacement-node": 38
                },
                {
                    "template-line-number": 145,
                    "part": "2",
                    "extras": {},
                    "node-pos": 78,
                    "name": "UnappropriatedHeadings",
                    "replacement-node": 41
                }
            ],
            "name": "UnappropriatedHeadings"
        },
        "rule-9": [
            {
                "template-line-number": 78,
                "replacement-node": 22,
                "part": null,
                "node-pos": 41
            }
        ],
        "rule-12": [
            {
                "template-line-number": 98,
                "replacement-node": 31,
                "part": null,
                "node-pos": 55
            }
        ],
        "rule-4": [
            {
                "template-line-number": 39,
                "replacement-node": 7,
                "part": null,
                "node-pos": 19
            }
        ],
        "rule-11": [
            {
                "expression-node": 29,
                "replacement-node": 28,
                "part": null,
                "template-line-number": 88,
                "node-pos": 49
            }
        ],
        "rule-7": [
            {
                "template-line-number": 68,
                "replacement-node": 16,
                "part": null,
                "node-pos": 33
            }
        ],
        "rule-17": {
            "subs": [
                {
                    "template-line-number": 217,
                    "part": "1",
                    "extras": {},
                    "node-pos": 84,
                    "name": "UnappropriatedLineItems",
                    "replacement-node": 45
                },
                {
                    "template-line-number": 228,
                    "part": "2",
                    "extras": {},
                    "node-pos": 92,
                    "name": "UnappropriatedLineItems",
                    "replacement-node": 50
                },
                {
                    "template-line-number": 235,
                    "part": "3",
                    "extras": {},
                    "node-pos": 97,
                    "name": "UnappropriatedLineItems",
                    "replacement-node": 54
                },
                {
                    "template-line-number": 241,
                    "part": "4",
                    "node-pos": 100,
                    "expression-node": 57,
                    "name": "UnappropriatedLineItems",
                    "replacement-node": 56
                },
                {
                    "template-line-number": 247,
                    "part": "5",
                    "node-pos": 103,
                    "expression-node": 59,
                    "name": "UnappropriatedLineItems",
                    "replacement-node": 58
                },
                {
                    "template-line-number": 224,
                    "part": "6",
                    "extras": {},
                    "node-pos": 90,
                    "name": "UnappropriatedLineItems",
                    "replacement-node": 48
                }
            ],
            "name": "UnappropriatedLineItems"
        },
        "rule-16": [
            {
                "template-line-number": 272,
                "replacement-node": 66,
                "part": null,
                "node-pos": 116
            }
        ],
        "rule-15": [
            {
                "template-line-number": 263,
                "replacement-node": 63,
                "part": null,
                "node-pos": 112
            }
        ],
        "rule-2": [
            {
                "template-line-number": 28,
                "replacement-node": 1,
                "part": null,
                "node-pos": 11
            }
        ],
        "rule-14": [
            {
                "expression-node": 61,
                "replacement-node": 60,
                "part": null,
                "template-line-number": 258,
                "node-pos": 108
            }
        ],
        "rule-8": [
            {
                "expression-node": 20,
                "replacement-node": 19,
                "part": null,
                "template-line-number": 73,
                "node-pos": 37
            }
        ]
    },
    "line-numbers": {},
    "showifs": {
        "rule-1": {
            "template-line-number": 18,
            "type": "showif"
        }
    }
}