{
    "showifs": {},
    "line-numbers": {},
    "substitutions": {
        "rule-3": [
            {
                "replacement-node": 6,
                "part": null,
                "template-line-number": 34,
                "node-pos": 18
            }
        ],
        "rule-6": [
            {
                "replacement-node": 15,
                "part": null,
                "template-line-number": 63,
                "node-pos": 32
            }
        ],
        "rule-11": [
            {
                "replacement-node": 30,
                "part": null,
                "template-line-number": 93,
                "node-pos": 54
            }
        ],
        "rule-12": [
            {
                "replacement-node": 33,
                "part": null,
                "html": true,
                "template-line-number": 104,
                "node-pos": 59
            }
        ],
        "rule-7": [
            {
                "replacement-node": 18,
                "node-pos": 36,
                "part": null,
                "template-line-number": 68,
                "expression-node": 19
            }
        ],
        "rule-17": {
            "subs": [
                {
                    "replacement-node": 37,
                    "part": "1",
                    "name": "ColumnHeadings",
                    "node-pos": 74,
                    "extras": {},
                    "template-line-number": 136
                },
                {
                    "replacement-node": 40,
                    "part": "2",
                    "name": "ColumnHeadings",
                    "node-pos": 78,
                    "extras": {},
                    "template-line-number": 143
                }
            ],
            "name": "ColumnHeadings"
        },
        "rule-10": [
            {
                "replacement-node": 27,
                "node-pos": 48,
                "part": null,
                "template-line-number": 83,
                "expression-node": 28
            }
        ],
        "rule-13": [
            {
                "replacement-node": 71,
                "node-pos": 123,
                "part": null,
                "template-line-number": 265,
                "expression-node": 72
            }
        ],
        "rule-14": [
            {
                "replacement-node": 74,
                "part": null,
                "template-line-number": 270,
                "node-pos": 127
            }
        ],
        "rule-1": [
            {
                "replacement-node": 0,
                "part": null,
                "template-line-number": 23,
                "node-pos": 10
            }
        ],
        "rule-9": [
            {
                "replacement-node": 24,
                "node-pos": 44,
                "part": null,
                "template-line-number": 78,
                "expression-node": 25
            }
        ],
        "rule-8": [
            {
                "replacement-node": 21,
                "part": null,
                "template-line-number": 73,
                "node-pos": 40
            }
        ],
        "rule-16": {
            "subs": [
                {
                    "replacement-node": 44,
                    "part": "1",
                    "name": "CarrierPropertyItems",
                    "node-pos": 84,
                    "extras": {},
                    "template-line-number": 198
                },
                {
                    "replacement-node": 49,
                    "part": "2",
                    "name": "CarrierPropertyItems",
                    "node-pos": 92,
                    "extras": {},
                    "template-line-number": 210
                },
                {
                    "replacement-node": 52,
                    "part": "2",
                    "name": "CarrierPropertyItems",
                    "expression-node": 53,
                    "node-pos": 96,
                    "template-line-number": 219
                },
                {
                    "replacement-node": 55,
                    "part": "3",
                    "name": "CarrierPropertyItems",
                    "expression-node": 56,
                    "node-pos": 100,
                    "template-line-number": 226
                },
                {
                    "replacement-node": 58,
                    "part": "4",
                    "name": "CarrierPropertyItems",
                    "expression-node": 59,
                    "node-pos": 104,
                    "template-line-number": 233
                },
                {
                    "replacement-node": 62,
                    "part": "5",
                    "name": "CarrierPropertyItems",
                    "expression-node": 63,
                    "node-pos": 109,
                    "template-line-number": 241
                },
                {
                    "replacement-node": 47,
                    "part": "6",
                    "name": "CarrierPropertyItems",
                    "node-pos": 90,
                    "extras": {},
                    "template-line-number": 206
                },
                {
                    "replacement-node": 65,
                    "part": "6",
                    "name": "CarrierPropertyItems",
                    "expression-node": 66,
                    "node-pos": 113,
                    "template-line-number": 248
                },
                {
                    "replacement-node": 68,
                    "part": "7",
                    "name": "CarrierPropertyItems",
                    "expression-node": 69,
                    "node-pos": 117,
                    "template-line-number": 255
                }
            ],
            "name": "CarrierPropertyItems"
        },
        "rule-2": [
            {
                "replacement-node": 3,
                "node-pos": 14,
                "part": null,
                "template-line-number": 28,
                "expression-node": 4
            }
        ],
        "rule-5": [
            {
                "replacement-node": 12,
                "part": null,
                "html": true,
                "template-line-number": 52,
                "node-pos": 27
            }
        ],
        "rule-4": [
            {
                "replacement-node": 9,
                "part": null,
                "html": true,
                "template-line-number": 40,
                "node-pos": 22
            }
        ],
        "rule-15": [
            {
                "replacement-node": 77,
                "part": null,
                "template-line-number": 279,
                "node-pos": 131
            }
        ]
    }
}