{
    "templates": [
        {
            "name": "Form 2 - 000 - Instructions",
            "template": "templates/t0/t0-template.html",
            "rule-meta-data": "templates/t0/t0-rule-meta-data.json",
            "xule-text": "templates/t0/t0-xule-text.xule",
            "xule-rule-set": "templates/t0/t0-xule-rule-set.zip"
        },
        {
            "name": "Form 2 - 001 - 2A - Identification",
            "template": "templates/t1/t1-template.html",
            "rule-meta-data": "templates/t1/t1-rule-meta-data.json",
            "xule-text": "templates/t1/t1-xule-text.xule",
            "xule-rule-set": "templates/t1/t1-xule-rule-set.zip"
        },
        {
            "name": "Form 2 - 002 - 2A - List of Schedules (Natural Gas Company)",
            "template": "templates/t2/t2-template.html",
            "rule-meta-data": "templates/t2/t2-rule-meta-data.json",
            "xule-text": "templates/t2/t2-xule-text.xule",
            "xule-rule-set": "templates/t2/t2-xule-rule-set.zip"
        },
        {
            "name": "Form 2 - 107 - Security Holders and Voting Powers",
            "template": "templates/t3/t3-template.html",
            "rule-meta-data": "templates/t3/t3-rule-meta-data.json",
            "xule-text": "templates/t3/t3-xule-text.xule",
            "xule-rule-set": "templates/t3/t3-xule-rule-set.zip"
        },
        {
            "name": "Form 2 - 108 - Important Changes During QuarterYear",
            "template": "templates/t4/t4-template.html",
            "rule-meta-data": "templates/t4/t4-rule-meta-data.json",
            "xule-text": "templates/t4/t4-xule-text.xule",
            "xule-rule-set": "templates/t4/t4-xule-rule-set.zip"
        },
        {
            "name": "Form 2 - 110 - Comparative Balance Sheet - Assets And Other Debits",
            "template": "templates/t5/t5-template.html",
            "rule-meta-data": "templates/t5/t5-rule-meta-data.json",
            "xule-text": "templates/t5/t5-xule-text.xule",
            "xule-rule-set": "templates/t5/t5-xule-rule-set.zip"
        },
        {
            "name": "Form 2 - 110 - Comparative Balance Sheet - Liabilities and Other Credits",
            "template": "templates/t6/t6-template.html",
            "rule-meta-data": "templates/t6/t6-rule-meta-data.json",
            "xule-text": "templates/t6/t6-xule-text.xule",
            "xule-rule-set": "templates/t6/t6-xule-rule-set.zip"
        },
        {
            "name": "Form 2 - 114 - Statement of Income",
            "template": "templates/t7/t7-template.html",
            "rule-meta-data": "templates/t7/t7-rule-meta-data.json",
            "xule-text": "templates/t7/t7-xule-text.xule",
            "xule-rule-set": "templates/t7/t7-xule-rule-set.zip"
        },
        {
            "name": "Form 2 - 117 - Statement of Accumulated Other Comprehensive Income and Hedging Activities",
            "template": "templates/t8/t8-template.html",
            "rule-meta-data": "templates/t8/t8-rule-meta-data.json",
            "xule-text": "templates/t8/t8-xule-text.xule",
            "xule-rule-set": "templates/t8/t8-xule-rule-set.zip"
        },
        {
            "name": "Form 2 - 118 - Statement of Retained Earnings",
            "template": "templates/t9/t9-template.html",
            "rule-meta-data": "templates/t9/t9-rule-meta-data.json",
            "xule-text": "templates/t9/t9-xule-text.xule",
            "xule-rule-set": "templates/t9/t9-xule-rule-set.zip"
        },
        {
            "name": "Form 2 - 120 - Statement of Cash Flows",
            "template": "templates/t10/t10-template.html",
            "rule-meta-data": "templates/t10/t10-rule-meta-data.json",
            "xule-text": "templates/t10/t10-xule-text.xule",
            "xule-rule-set": "templates/t10/t10-xule-rule-set.zip"
        },
        {
            "name": "Form 2 - 122 - Notes to Financial Statements",
            "template": "templates/t11/t11-template.html",
            "rule-meta-data": "templates/t11/t11-rule-meta-data.json",
            "xule-text": "templates/t11/t11-xule-text.xule",
            "xule-rule-set": "templates/t11/t11-xule-rule-set.zip"
        },
        {
            "name": "Form 2 - 204 - Gas Plant in Service (Accounts 101, 102, 103, and 106)",
            "template": "templates/t12/t12-template.html",
            "rule-meta-data": "templates/t12/t12-rule-meta-data.json",
            "xule-text": "templates/t12/t12-xule-text.xule",
            "xule-rule-set": "templates/t12/t12-xule-rule-set.zip"
        },
        {
            "name": "Form 2 - 211.1 - 2A - General Information on Plant and Operations",
            "template": "templates/t13/t13-template.html",
            "rule-meta-data": "templates/t13/t13-rule-meta-data.json",
            "xule-text": "templates/t13/t13-xule-text.xule",
            "xule-rule-set": "templates/t13/t13-xule-rule-set.zip"
        },
        {
            "name": "Form 2 - 212 - Gas Property and Capacity Leased from Others",
            "template": "templates/t14/t14-template.html",
            "rule-meta-data": "templates/t14/t14-rule-meta-data.json",
            "xule-text": "templates/t14/t14-xule-text.xule",
            "xule-rule-set": "templates/t14/t14-xule-rule-set.zip"
        },
        {
            "name": "Form 2 - 213 - Gas Property and Capacity Leased to Others",
            "template": "templates/t15/t15-template.html",
            "rule-meta-data": "templates/t15/t15-rule-meta-data.json",
            "xule-text": "templates/t15/t15-xule-text.xule",
            "xule-rule-set": "templates/t15/t15-xule-rule-set.zip"
        },
        {
            "name": "Form 2 - 217 - Non-Traditional Rate Treatment Afforded New Projects",
            "template": "templates/t16/t16-template.html",
            "rule-meta-data": "templates/t16/t16-rule-meta-data.json",
            "xule-text": "templates/t16/t16-xule-text.xule",
            "xule-rule-set": "templates/t16/t16-xule-rule-set.zip"
        },
        {
            "name": "Form 2 - 219 - Accumulated Provision for Depreciation of Gas Utility Plant (Account 108)",
            "template": "templates/t17/t17-template.html",
            "rule-meta-data": "templates/t17/t17-rule-meta-data.json",
            "xule-text": "templates/t17/t17-xule-text.xule",
            "xule-rule-set": "templates/t17/t17-xule-rule-set.zip"
        },
        {
            "name": "Form 2 - 232 - Other Regulatory Assets",
            "template": "templates/t18/t18-template.html",
            "rule-meta-data": "templates/t18/t18-rule-meta-data.json",
            "xule-text": "templates/t18/t18-xule-text.xule",
            "xule-rule-set": "templates/t18/t18-xule-rule-set.zip"
        },
        {
            "name": "Form 2 - 234 - Accumulated Deferred Income Taxes (Account 190)",
            "template": "templates/t19/t19-template.html",
            "rule-meta-data": "templates/t19/t19-rule-meta-data.json",
            "xule-text": "templates/t19/t19-xule-text.xule",
            "xule-rule-set": "templates/t19/t19-xule-rule-set.zip"
        },
        {
            "name": "Form 2 - 250 - 2A - Capital Stock",
            "template": "templates/t20/t20-template.html",
            "rule-meta-data": "templates/t20/t20-rule-meta-data.json",
            "xule-text": "templates/t20/t20-xule-text.xule",
            "xule-rule-set": "templates/t20/t20-xule-rule-set.zip"
        },
        {
            "name": "Form 2 - 262 - Taxes Accrued, Prepaid and Charged",
            "template": "templates/t21/t21-template.html",
            "rule-meta-data": "templates/t21/t21-rule-meta-data.json",
            "xule-text": "templates/t21/t21-xule-text.xule",
            "xule-rule-set": "templates/t21/t21-xule-rule-set.zip"
        },
        {
            "name": "Form 2 - 274 - Accumulated Deferred Income Taxes - Other Property (Account 282)",
            "template": "templates/t22/t22-template.html",
            "rule-meta-data": "templates/t22/t22-rule-meta-data.json",
            "xule-text": "templates/t22/t22-xule-text.xule",
            "xule-rule-set": "templates/t22/t22-xule-rule-set.zip"
        },
        {
            "name": "Form 2 - 276 - Accumulated Deferred Income Taxes-Other",
            "template": "templates/t23/t23-template.html",
            "rule-meta-data": "templates/t23/t23-rule-meta-data.json",
            "xule-text": "templates/t23/t23-xule-text.xule",
            "xule-rule-set": "templates/t23/t23-xule-rule-set.zip"
        },
        {
            "name": "Form 2 - 278 - Other Regulatory Liabilities (Account 254)",
            "template": "templates/t24/t24-template.html",
            "rule-meta-data": "templates/t24/t24-rule-meta-data.json",
            "xule-text": "templates/t24/t24-xule-text.xule",
            "xule-rule-set": "templates/t24/t24-xule-rule-set.zip"
        },
        {
            "name": "Form 2 - 300 - Gas Operating Revenues",
            "template": "templates/t25/t25-template.html",
            "rule-meta-data": "templates/t25/t25-rule-meta-data.json",
            "xule-text": "templates/t25/t25-xule-text.xule",
            "xule-rule-set": "templates/t25/t25-xule-rule-set.zip"
        },
        {
            "name": "Form 2 - 308 - Other Gas Revenues (Account 495)",
            "template": "templates/t26/t26-template.html",
            "rule-meta-data": "templates/t26/t26-rule-meta-data.json",
            "xule-text": "templates/t26/t26-xule-text.xule",
            "xule-rule-set": "templates/t26/t26-xule-rule-set.zip"
        },
        {
            "name": "Form 2 - 313 - Discounted Rate Services and Negotiated Rate Services",
            "template": "templates/t27/t27-template.html",
            "rule-meta-data": "templates/t27/t27-rule-meta-data.json",
            "xule-text": "templates/t27/t27-xule-text.xule",
            "xule-rule-set": "templates/t27/t27-xule-rule-set.zip"
        },
        {
            "name": "Form 2 - 317 - Gas Operation And Maintenance Expenses",
            "template": "templates/t28/t28-template.html",
            "rule-meta-data": "templates/t28/t28-rule-meta-data.json",
            "xule-text": "templates/t28/t28-xule-text.xule",
            "xule-rule-set": "templates/t28/t28-xule-rule-set.zip"
        },
        {
            "name": "Form 2 - 352 - Employee Pensions And Benefits (Account 926)",
            "template": "templates/t29/t29-template.html",
            "rule-meta-data": "templates/t29/t29-rule-meta-data.json",
            "xule-text": "templates/t29/t29-xule-text.xule",
            "xule-rule-set": "templates/t29/t29-xule-rule-set.zip"
        },
        {
            "name": "Form 2 - 357 - Charges for Outside Professional and Other Consultative Services",
            "template": "templates/t30/t30-template.html",
            "rule-meta-data": "templates/t30/t30-rule-meta-data.json",
            "xule-text": "templates/t30/t30-xule-text.xule",
            "xule-rule-set": "templates/t30/t30-xule-rule-set.zip"
        },
        {
            "name": "Form 2 - 358 - Transactions With Associated (Affiliated) Companies",
            "template": "templates/t31/t31-template.html",
            "rule-meta-data": "templates/t31/t31-rule-meta-data.json",
            "xule-text": "templates/t31/t31-xule-text.xule",
            "xule-rule-set": "templates/t31/t31-xule-rule-set.zip"
        },
        {
            "name": "Form 2 - 520 - Gas Account - Natural Gas",
            "template": "templates/t32/t32-template.html",
            "rule-meta-data": "templates/t32/t32-rule-meta-data.json",
            "xule-text": "templates/t32/t32-xule-text.xule",
            "xule-rule-set": "templates/t32/t32-xule-rule-set.zip"
        },
        {
            "name": "Form 2 - 521 - Shipper Supplied Gas for the Current Quarter-M1",
            "template": "templates/t33/t33-template.html",
            "rule-meta-data": "templates/t33/t33-rule-meta-data.json",
            "xule-text": "templates/t33/t33-xule-text.xule",
            "xule-rule-set": "templates/t33/t33-xule-rule-set.zip"
        },
        {
            "name": "Form 2 - 521 - Shipper Supplied Gas for the Current Quarter-M2",
            "template": "templates/t34/t34-template.html",
            "rule-meta-data": "templates/t34/t34-rule-meta-data.json",
            "xule-text": "templates/t34/t34-xule-text.xule",
            "xule-rule-set": "templates/t34/t34-xule-rule-set.zip"
        },
        {
            "name": "Form 2 - 521 - Shipper Supplied Gas for the Current Quarter-M3",
            "template": "templates/t35/t35-template.html",
            "rule-meta-data": "templates/t35/t35-rule-meta-data.json",
            "xule-text": "templates/t35/t35-xule-text.xule",
            "xule-rule-set": "templates/t35/t35-xule-rule-set.zip"
        },
        {
            "name": "Form 2 - 522.1 - System Maps",
            "template": "templates/t36/t36-template.html",
            "rule-meta-data": "templates/t36/t36-rule-meta-data.json",
            "xule-text": "templates/t36/t36-xule-text.xule",
            "xule-rule-set": "templates/t36/t36-xule-rule-set.zip"
        }
    ],
    "css": [
        "form-template.css"
    ]
}