{
    "substitutions": {
        "rule-13": [
            {
                "replacement-node": 43,
                "expression-node": 44,
                "part": null,
                "node-pos": 83,
                "template-line-number": 178
            }
        ],
        "rule-20": [
            {
                "replacement-node": 74,
                "template-line-number": 349,
                "part": null,
                "node-pos": 147
            }
        ],
        "rule-14": [
            {
                "replacement-node": 46,
                "expression-node": 47,
                "part": null,
                "node-pos": 92,
                "template-line-number": 197
            }
        ],
        "rule-21": {
            "name": "MiscellaneousGeneralExpenses",
            "subs": [
                {
                    "replacement-node": 59,
                    "template-line-number": 291,
                    "name": "MiscellaneousGeneralExpenses",
                    "expression-node": 60,
                    "part": "2",
                    "node-pos": 120
                },
                {
                    "replacement-node": 62,
                    "template-line-number": 299,
                    "name": "MiscellaneousGeneralExpenses",
                    "expression-node": 63,
                    "part": "3",
                    "node-pos": 124
                }
            ]
        },
        "rule-9": [
            {
                "replacement-node": 24,
                "expression-node": 25,
                "part": null,
                "node-pos": 43,
                "template-line-number": 95
            }
        ],
        "rule-11": [
            {
                "replacement-node": 30,
                "template-line-number": 112,
                "part": null,
                "node-pos": 53
            }
        ],
        "rule-1": [
            {
                "replacement-node": 0,
                "template-line-number": 18,
                "part": null,
                "node-pos": 9
            }
        ],
        "rule-15": [
            {
                "replacement-node": 49,
                "expression-node": 50,
                "part": null,
                "node-pos": 101,
                "template-line-number": 216
            }
        ],
        "rule-7": [
            {
                "replacement-node": 18,
                "expression-node": 19,
                "part": null,
                "node-pos": 35,
                "template-line-number": 81
            }
        ],
        "rule-5": [
            {
                "replacement-node": 12,
                "template-line-number": 56,
                "part": null,
                "node-pos": 26,
                "html": true
            }
        ],
        "rule-2": [
            {
                "replacement-node": 3,
                "expression-node": 4,
                "part": null,
                "node-pos": 13,
                "template-line-number": 25
            }
        ],
        "rule-6": [
            {
                "replacement-node": 15,
                "template-line-number": 74,
                "part": null,
                "node-pos": 31
            }
        ],
        "rule-22": {
            "name": "DistributionHeadings",
            "subs": [
                {
                    "replacement-node": 34,
                    "template-line-number": 135,
                    "node-pos": 61,
                    "name": "DistributionHeadings",
                    "part": "1",
                    "extras": {}
                },
                {
                    "replacement-node": 37,
                    "template-line-number": 142,
                    "node-pos": 65,
                    "name": "DistributionHeadings",
                    "part": "2",
                    "extras": {}
                }
            ]
        },
        "rule-17": [
            {
                "replacement-node": 65,
                "expression-node": 66,
                "part": null,
                "node-pos": 133,
                "template-line-number": 317
            }
        ],
        "rule-8": [
            {
                "replacement-node": 21,
                "template-line-number": 88,
                "part": null,
                "node-pos": 39
            }
        ],
        "rule-19": [
            {
                "replacement-node": 71,
                "template-line-number": 339,
                "part": null,
                "node-pos": 143
            }
        ],
        "rule-10": [
            {
                "replacement-node": 27,
                "expression-node": 28,
                "part": null,
                "node-pos": 47,
                "template-line-number": 101
            }
        ],
        "rule-16": [
            {
                "replacement-node": 52,
                "expression-node": 53,
                "part": null,
                "node-pos": 110,
                "template-line-number": 235
            }
        ],
        "rule-18": [
            {
                "replacement-node": 68,
                "expression-node": 69,
                "part": null,
                "node-pos": 139,
                "template-line-number": 332
            }
        ],
        "rule-3": [
            {
                "replacement-node": 6,
                "template-line-number": 32,
                "part": null,
                "node-pos": 17
            }
        ],
        "rule-12": [
            {
                "replacement-node": 40,
                "expression-node": 41,
                "part": null,
                "node-pos": 74,
                "template-line-number": 159
            }
        ],
        "rule-4": [
            {
                "replacement-node": 9,
                "template-line-number": 40,
                "part": null,
                "node-pos": 21,
                "html": true
            }
        ]
    },
    "line-numbers": {
        "MiscellaneousGeneralExpenses": [
            {
                "template-line-number": 284,
                "start-number": 6,
                "line-number-node": 56
            }
        ]
    },
    "showifs": {}
}