{
    "substitutions": {
        "rule-11": [
            {
                "template-line-number": 92,
                "part": null,
                "replacement-node": 30,
                "node-pos": 54
            }
        ],
        "rule-2": [
            {
                "template-line-number": 27,
                "part": null,
                "expression-node": 4,
                "replacement-node": 3,
                "node-pos": 14
            }
        ],
        "rule-7": [
            {
                "template-line-number": 67,
                "part": null,
                "expression-node": 19,
                "replacement-node": 18,
                "node-pos": 36
            }
        ],
        "rule-8": [
            {
                "template-line-number": 72,
                "part": null,
                "replacement-node": 21,
                "node-pos": 40
            }
        ],
        "rule-18": {
            "name": "RevenueAccountsLineItems2",
            "subs": [
                {
                    "replacement-node": 81,
                    "template-line-number": 362,
                    "name": "RevenueAccountsLineItems2",
                    "part": "1",
                    "extras": {},
                    "node-pos": 148
                },
                {
                    "replacement-node": 86,
                    "template-line-number": 373,
                    "name": "RevenueAccountsLineItems2",
                    "part": "2",
                    "extras": {},
                    "node-pos": 156
                },
                {
                    "replacement-node": 90,
                    "expression-node": 91,
                    "template-line-number": 383,
                    "name": "RevenueAccountsLineItems2",
                    "part": "4",
                    "node-pos": 161
                },
                {
                    "replacement-node": 93,
                    "expression-node": 94,
                    "template-line-number": 390,
                    "name": "RevenueAccountsLineItems2",
                    "part": "5",
                    "node-pos": 165
                },
                {
                    "replacement-node": 84,
                    "template-line-number": 369,
                    "name": "RevenueAccountsLineItems2",
                    "part": "6",
                    "extras": {},
                    "node-pos": 154
                },
                {
                    "replacement-node": 96,
                    "expression-node": 97,
                    "template-line-number": 396,
                    "name": "RevenueAccountsLineItems2",
                    "part": "6",
                    "node-pos": 169
                },
                {
                    "replacement-node": 99,
                    "expression-node": 100,
                    "template-line-number": 402,
                    "name": "RevenueAccountsLineItems2",
                    "part": "7",
                    "node-pos": 173
                },
                {
                    "replacement-node": 102,
                    "expression-node": 103,
                    "template-line-number": 408,
                    "name": "RevenueAccountsLineItems2",
                    "part": "8",
                    "node-pos": 177
                },
                {
                    "replacement-node": 105,
                    "expression-node": 106,
                    "template-line-number": 414,
                    "name": "RevenueAccountsLineItems2",
                    "part": "9",
                    "node-pos": 181
                }
            ]
        },
        "rule-3": [
            {
                "template-line-number": 33,
                "part": null,
                "replacement-node": 6,
                "node-pos": 18
            }
        ],
        "rule-1": [
            {
                "template-line-number": 22,
                "part": null,
                "replacement-node": 0,
                "node-pos": 10
            }
        ],
        "rule-4": [
            {
                "template-line-number": 39,
                "part": null,
                "html": true,
                "replacement-node": 9,
                "node-pos": 22
            }
        ],
        "rule-5": [
            {
                "template-line-number": 51,
                "part": null,
                "html": true,
                "replacement-node": 12,
                "node-pos": 27
            }
        ],
        "rule-12": [
            {
                "template-line-number": 103,
                "part": null,
                "html": true,
                "replacement-node": 33,
                "node-pos": 59
            }
        ],
        "rule-17": {
            "name": "RevenueAccountsHeadings2",
            "subs": [
                {
                    "replacement-node": 74,
                    "template-line-number": 295,
                    "name": "RevenueAccountsHeadings2",
                    "part": "1",
                    "extras": {},
                    "node-pos": 138
                },
                {
                    "replacement-node": 77,
                    "template-line-number": 302,
                    "name": "RevenueAccountsHeadings2",
                    "part": "2",
                    "extras": {},
                    "node-pos": 142
                }
            ]
        },
        "rule-14": [
            {
                "template-line-number": 430,
                "part": null,
                "replacement-node": 111,
                "node-pos": 191
            }
        ],
        "rule-19": {
            "name": "ListHeadings",
            "subs": [
                {
                    "replacement-node": 39,
                    "template-line-number": 140,
                    "name": "ListHeadings",
                    "part": "1",
                    "extras": {},
                    "node-pos": 78
                },
                {
                    "replacement-node": 42,
                    "template-line-number": 149,
                    "name": "ListHeadings",
                    "part": "2",
                    "extras": {},
                    "node-pos": 82
                },
                {
                    "replacement-node": 37,
                    "template-line-number": 136,
                    "name": "ListHeadings",
                    "part": "3",
                    "extras": {},
                    "node-pos": 76
                }
            ]
        },
        "rule-9": [
            {
                "template-line-number": 77,
                "part": null,
                "expression-node": 25,
                "replacement-node": 24,
                "node-pos": 44
            }
        ],
        "rule-16": {
            "name": "RevenueAccountsLineItems1",
            "subs": [
                {
                    "replacement-node": 46,
                    "template-line-number": 208,
                    "name": "RevenueAccountsLineItems1",
                    "part": "1",
                    "extras": {},
                    "node-pos": 88
                },
                {
                    "replacement-node": 51,
                    "template-line-number": 219,
                    "name": "RevenueAccountsLineItems1",
                    "part": "2",
                    "extras": {},
                    "node-pos": 96
                },
                {
                    "replacement-node": 55,
                    "expression-node": 56,
                    "template-line-number": 229,
                    "name": "RevenueAccountsLineItems1",
                    "part": "4",
                    "node-pos": 101
                },
                {
                    "replacement-node": 58,
                    "expression-node": 59,
                    "template-line-number": 236,
                    "name": "RevenueAccountsLineItems1",
                    "part": "5",
                    "node-pos": 105
                },
                {
                    "replacement-node": 49,
                    "template-line-number": 215,
                    "name": "RevenueAccountsLineItems1",
                    "part": "6",
                    "extras": {},
                    "node-pos": 94
                },
                {
                    "replacement-node": 61,
                    "expression-node": 62,
                    "template-line-number": 242,
                    "name": "RevenueAccountsLineItems1",
                    "part": "6",
                    "node-pos": 109
                },
                {
                    "replacement-node": 64,
                    "expression-node": 65,
                    "template-line-number": 248,
                    "name": "RevenueAccountsLineItems1",
                    "part": "7",
                    "node-pos": 113
                },
                {
                    "replacement-node": 67,
                    "expression-node": 68,
                    "template-line-number": 254,
                    "name": "RevenueAccountsLineItems1",
                    "part": "8",
                    "node-pos": 117
                },
                {
                    "replacement-node": 70,
                    "expression-node": 71,
                    "template-line-number": 260,
                    "name": "RevenueAccountsLineItems1",
                    "part": "9",
                    "node-pos": 121
                }
            ]
        },
        "rule-15": [
            {
                "template-line-number": 440,
                "part": null,
                "replacement-node": 114,
                "node-pos": 195
            }
        ],
        "rule-6": [
            {
                "template-line-number": 62,
                "part": null,
                "replacement-node": 15,
                "node-pos": 32
            }
        ],
        "rule-10": [
            {
                "template-line-number": 82,
                "part": null,
                "expression-node": 28,
                "replacement-node": 27,
                "node-pos": 48
            }
        ],
        "rule-13": [
            {
                "template-line-number": 425,
                "part": null,
                "expression-node": 109,
                "replacement-node": 108,
                "node-pos": 187
            }
        ]
    },
    "line-numbers": {},
    "showifs": {}
}