{
    "substitutions": {
        "rule-5": [
            {
                "node-pos": 22,
                "replacement-node": 10,
                "template-line-number": 43,
                "part": null,
                "html": true
            }
        ],
        "rule-16": [
            {
                "node-pos": 192,
                "replacement-node": 117,
                "template-line-number": 509,
                "part": null,
                "expression-node": 118
            }
        ],
        "rule-19": [
            {
                "node-pos": 204,
                "replacement-node": 126,
                "template-line-number": 536,
                "part": null,
                "expression-node": 127
            }
        ],
        "rule-7": [
            {
                "node-pos": 32,
                "replacement-node": 16,
                "template-line-number": 66,
                "part": null
            }
        ],
        "rule-26": [
            {
                "node-pos": 232,
                "replacement-node": 147,
                "template-line-number": 599,
                "part": null,
                "expression-node": 148
            }
        ],
        "rule-10": [
            {
                "node-pos": 44,
                "replacement-node": 25,
                "template-line-number": 79,
                "part": null,
                "expression-node": 26
            }
        ],
        "rule-11": [
            {
                "node-pos": 48,
                "replacement-node": 28,
                "template-line-number": 84,
                "part": null,
                "expression-node": 29
            }
        ],
        "rule-13": [
            {
                "node-pos": 59,
                "replacement-node": 34,
                "template-line-number": 106,
                "part": null,
                "html": true
            }
        ],
        "rule-30": [
            {
                "node-pos": 251,
                "replacement-node": 159,
                "template-line-number": 640,
                "part": null,
                "expression-node": 160
            }
        ],
        "rule-2": [
            {
                "node-pos": 10,
                "replacement-node": 1,
                "template-line-number": 27,
                "part": null
            }
        ],
        "rule-3": [
            {
                "node-pos": 14,
                "replacement-node": 4,
                "template-line-number": 31,
                "part": null,
                "expression-node": 5
            }
        ],
        "rule-24": [
            {
                "node-pos": 224,
                "replacement-node": 141,
                "template-line-number": 581,
                "part": null,
                "expression-node": 142
            }
        ],
        "rule-29": [
            {
                "node-pos": 244,
                "replacement-node": 156,
                "template-line-number": 626,
                "part": null,
                "expression-node": 157
            }
        ],
        "rule-22": [
            {
                "node-pos": 216,
                "replacement-node": 135,
                "template-line-number": 563,
                "part": null,
                "expression-node": 136
            }
        ],
        "rule-20": [
            {
                "node-pos": 208,
                "replacement-node": 129,
                "template-line-number": 545,
                "part": null,
                "expression-node": 130
            }
        ],
        "rule-21": [
            {
                "node-pos": 212,
                "replacement-node": 132,
                "template-line-number": 554,
                "part": null,
                "expression-node": 133
            }
        ],
        "rule-15": [
            {
                "node-pos": 188,
                "replacement-node": 114,
                "template-line-number": 500,
                "part": null,
                "expression-node": 115
            }
        ],
        "rule-9": [
            {
                "node-pos": 40,
                "replacement-node": 22,
                "template-line-number": 75,
                "part": null
            }
        ],
        "rule-4": [
            {
                "node-pos": 18,
                "replacement-node": 7,
                "template-line-number": 37,
                "part": null
            }
        ],
        "rule-18": [
            {
                "node-pos": 200,
                "replacement-node": 123,
                "template-line-number": 527,
                "part": null,
                "expression-node": 124
            }
        ],
        "rule-32": [
            {
                "node-pos": 259,
                "replacement-node": 165,
                "template-line-number": 654,
                "part": null
            }
        ],
        "rule-14": [
            {
                "node-pos": 180,
                "replacement-node": 111,
                "template-line-number": 485,
                "part": null
            }
        ],
        "rule-27": [
            {
                "node-pos": 236,
                "replacement-node": 150,
                "template-line-number": 608,
                "part": null,
                "expression-node": 151
            }
        ],
        "rule-31": [
            {
                "node-pos": 255,
                "replacement-node": 162,
                "template-line-number": 645,
                "part": null
            }
        ],
        "rule-28": [
            {
                "node-pos": 240,
                "replacement-node": 153,
                "template-line-number": 617,
                "part": null,
                "expression-node": 154
            }
        ],
        "rule-12": [
            {
                "node-pos": 54,
                "replacement-node": 31,
                "template-line-number": 95,
                "part": null
            }
        ],
        "rule-25": [
            {
                "node-pos": 228,
                "replacement-node": 144,
                "template-line-number": 590,
                "part": null,
                "expression-node": 145
            }
        ],
        "rule-33": {
            "subs": [
                {
                    "replacement-node": 84,
                    "expression-node": 85,
                    "node-pos": 142,
                    "name": "TaxesAccrued",
                    "template-line-number": 434,
                    "part": "10"
                },
                {
                    "replacement-node": 87,
                    "expression-node": 88,
                    "node-pos": 146,
                    "name": "TaxesAccrued",
                    "template-line-number": 439,
                    "part": "11"
                },
                {
                    "replacement-node": 90,
                    "expression-node": 91,
                    "node-pos": 150,
                    "name": "TaxesAccrued",
                    "template-line-number": 444,
                    "part": "12"
                },
                {
                    "replacement-node": 93,
                    "expression-node": 94,
                    "node-pos": 154,
                    "name": "TaxesAccrued",
                    "template-line-number": 449,
                    "part": "13"
                },
                {
                    "replacement-node": 96,
                    "expression-node": 97,
                    "node-pos": 158,
                    "name": "TaxesAccrued",
                    "template-line-number": 454,
                    "part": "14"
                },
                {
                    "replacement-node": 99,
                    "expression-node": 100,
                    "node-pos": 162,
                    "name": "TaxesAccrued",
                    "template-line-number": 459,
                    "part": "15"
                },
                {
                    "replacement-node": 102,
                    "expression-node": 103,
                    "node-pos": 166,
                    "name": "TaxesAccrued",
                    "template-line-number": 464,
                    "part": "16"
                },
                {
                    "replacement-node": 105,
                    "expression-node": 106,
                    "node-pos": 170,
                    "name": "TaxesAccrued",
                    "template-line-number": 469,
                    "part": "17"
                },
                {
                    "replacement-node": 108,
                    "expression-node": 109,
                    "node-pos": 174,
                    "name": "TaxesAccrued",
                    "template-line-number": 474,
                    "part": "18"
                },
                {
                    "replacement-node": 49,
                    "expression-node": 50,
                    "node-pos": 96,
                    "name": "TaxesAccrued",
                    "template-line-number": 376,
                    "part": "2"
                },
                {
                    "replacement-node": 54,
                    "expression-node": 55,
                    "node-pos": 102,
                    "name": "TaxesAccrued",
                    "template-line-number": 384,
                    "part": "2"
                },
                {
                    "replacement-node": 57,
                    "expression-node": 58,
                    "node-pos": 106,
                    "name": "TaxesAccrued",
                    "template-line-number": 389,
                    "part": "2"
                },
                {
                    "replacement-node": 60,
                    "expression-node": 61,
                    "node-pos": 110,
                    "name": "TaxesAccrued",
                    "template-line-number": 394,
                    "part": "2"
                },
                {
                    "replacement-node": 63,
                    "expression-node": 64,
                    "node-pos": 114,
                    "name": "TaxesAccrued",
                    "template-line-number": 399,
                    "part": "3"
                },
                {
                    "replacement-node": 66,
                    "expression-node": 67,
                    "node-pos": 118,
                    "name": "TaxesAccrued",
                    "template-line-number": 404,
                    "part": "4"
                },
                {
                    "replacement-node": 69,
                    "expression-node": 70,
                    "node-pos": 122,
                    "name": "TaxesAccrued",
                    "template-line-number": 409,
                    "part": "5"
                },
                {
                    "replacement-node": 72,
                    "expression-node": 73,
                    "node-pos": 126,
                    "name": "TaxesAccrued",
                    "template-line-number": 414,
                    "part": "6"
                },
                {
                    "replacement-node": 75,
                    "expression-node": 76,
                    "node-pos": 130,
                    "name": "TaxesAccrued",
                    "template-line-number": 419,
                    "part": "7"
                },
                {
                    "replacement-node": 78,
                    "expression-node": 79,
                    "node-pos": 134,
                    "name": "TaxesAccrued",
                    "template-line-number": 424,
                    "part": "8"
                },
                {
                    "replacement-node": 81,
                    "expression-node": 82,
                    "node-pos": 138,
                    "name": "TaxesAccrued",
                    "template-line-number": 429,
                    "part": "9"
                }
            ],
            "name": "TaxesAccrued"
        },
        "rule-6": [
            {
                "node-pos": 27,
                "replacement-node": 13,
                "template-line-number": 55,
                "part": null,
                "html": true
            }
        ],
        "rule-34": {
            "subs": [
                {
                    "extras": {},
                    "replacement-node": 40,
                    "node-pos": 83,
                    "name": "TaxesAccruedHead",
                    "template-line-number": 149,
                    "part": "1"
                },
                {
                    "extras": {},
                    "replacement-node": 43,
                    "node-pos": 87,
                    "name": "TaxesAccruedHead",
                    "template-line-number": 158,
                    "part": "2"
                },
                {
                    "extras": {},
                    "replacement-node": 38,
                    "node-pos": 81,
                    "name": "TaxesAccruedHead",
                    "template-line-number": 145,
                    "part": "3"
                }
            ],
            "name": "TaxesAccruedHead"
        },
        "rule-23": [
            {
                "node-pos": 220,
                "replacement-node": 138,
                "template-line-number": 572,
                "part": null,
                "expression-node": 139
            }
        ],
        "rule-17": [
            {
                "node-pos": 196,
                "replacement-node": 120,
                "template-line-number": 518,
                "part": null,
                "expression-node": 121
            }
        ],
        "rule-8": [
            {
                "node-pos": 36,
                "replacement-node": 19,
                "template-line-number": 70,
                "part": null,
                "expression-node": 20
            }
        ]
    },
    "showifs": {
        "rule-1": {
            "template-line-number": 17,
            "type": "showif"
        }
    },
    "line-numbers": {
        "TaxesAccrued": [
            {
                "start-number": 1,
                "line-number-node": 47,
                "template-line-number": 373
            }
        ]
    }
}