{
    "showifs": {
        "rule-1": {
            "template-line-number": 17,
            "type": "showif"
        }
    },
    "substitutions": {
        "rule-12": [
            {
                "replacement-node": 31,
                "part": null,
                "template-line-number": 97,
                "node-pos": 54
            }
        ],
        "rule-5": [
            {
                "replacement-node": 10,
                "html": true,
                "part": null,
                "template-line-number": 44,
                "node-pos": 22
            }
        ],
        "rule-7": [
            {
                "replacement-node": 16,
                "part": null,
                "template-line-number": 67,
                "node-pos": 32
            }
        ],
        "rule-18": {
            "subs": [
                {
                    "replacement-node": 47,
                    "part": "1",
                    "name": "ShipperLineItems",
                    "template-line-number": 540,
                    "extras": {},
                    "node-pos": 107
                },
                {
                    "replacement-node": 49,
                    "part": "1",
                    "expression-node": 50,
                    "name": "ShipperLineItems",
                    "template-line-number": 546,
                    "node-pos": 110
                },
                {
                    "replacement-node": 76,
                    "part": "10",
                    "expression-node": 77,
                    "name": "ShipperLineItems",
                    "template-line-number": 603,
                    "node-pos": 146
                },
                {
                    "replacement-node": 79,
                    "part": "11",
                    "expression-node": 80,
                    "name": "ShipperLineItems",
                    "template-line-number": 609,
                    "node-pos": 150
                },
                {
                    "replacement-node": 82,
                    "part": "12",
                    "expression-node": 83,
                    "name": "ShipperLineItems",
                    "template-line-number": 615,
                    "node-pos": 154
                },
                {
                    "replacement-node": 85,
                    "part": "13",
                    "expression-node": 86,
                    "name": "ShipperLineItems",
                    "template-line-number": 622,
                    "node-pos": 158
                },
                {
                    "replacement-node": 88,
                    "part": "14",
                    "expression-node": 89,
                    "name": "ShipperLineItems",
                    "template-line-number": 628,
                    "node-pos": 162
                },
                {
                    "replacement-node": 91,
                    "part": "15",
                    "expression-node": 92,
                    "name": "ShipperLineItems",
                    "template-line-number": 634,
                    "node-pos": 166
                },
                {
                    "replacement-node": 52,
                    "part": "2",
                    "expression-node": 53,
                    "name": "ShipperLineItems",
                    "template-line-number": 553,
                    "node-pos": 114
                },
                {
                    "replacement-node": 55,
                    "part": "3",
                    "expression-node": 56,
                    "name": "ShipperLineItems",
                    "template-line-number": 559,
                    "node-pos": 118
                },
                {
                    "replacement-node": 58,
                    "part": "4",
                    "expression-node": 59,
                    "name": "ShipperLineItems",
                    "template-line-number": 565,
                    "node-pos": 122
                },
                {
                    "replacement-node": 61,
                    "part": "5",
                    "expression-node": 62,
                    "name": "ShipperLineItems",
                    "template-line-number": 571,
                    "node-pos": 126
                },
                {
                    "replacement-node": 64,
                    "part": "6",
                    "expression-node": 65,
                    "name": "ShipperLineItems",
                    "template-line-number": 579,
                    "node-pos": 130
                },
                {
                    "replacement-node": 67,
                    "part": "7",
                    "expression-node": 68,
                    "name": "ShipperLineItems",
                    "template-line-number": 585,
                    "node-pos": 134
                },
                {
                    "replacement-node": 70,
                    "part": "8",
                    "expression-node": 71,
                    "name": "ShipperLineItems",
                    "template-line-number": 591,
                    "node-pos": 138
                },
                {
                    "replacement-node": 73,
                    "part": "9",
                    "expression-node": 74,
                    "name": "ShipperLineItems",
                    "template-line-number": 597,
                    "node-pos": 142
                }
            ],
            "name": "ShipperLineItems"
        },
        "rule-17": {
            "subs": [
                {
                    "replacement-node": 40,
                    "part": "1",
                    "name": "ShipperSuppliedHeadings",
                    "template-line-number": 166,
                    "extras": {},
                    "node-pos": 97
                },
                {
                    "replacement-node": 43,
                    "part": "2",
                    "name": "ShipperSuppliedHeadings",
                    "template-line-number": 175,
                    "extras": {},
                    "node-pos": 101
                },
                {
                    "replacement-node": 38,
                    "part": "3",
                    "name": "ShipperSuppliedHeadings",
                    "template-line-number": 162,
                    "extras": {},
                    "node-pos": 95
                }
            ],
            "name": "ShipperSuppliedHeadings"
        },
        "rule-2": [
            {
                "replacement-node": 1,
                "part": null,
                "template-line-number": 27,
                "node-pos": 10
            }
        ],
        "rule-14": [
            {
                "node-pos": 172,
                "replacement-node": 94,
                "part": null,
                "template-line-number": 654,
                "expression-node": 95
            }
        ],
        "rule-4": [
            {
                "replacement-node": 7,
                "part": null,
                "template-line-number": 38,
                "node-pos": 18
            }
        ],
        "rule-3": [
            {
                "node-pos": 14,
                "replacement-node": 4,
                "part": null,
                "template-line-number": 32,
                "expression-node": 5
            }
        ],
        "rule-6": [
            {
                "replacement-node": 13,
                "html": true,
                "part": null,
                "template-line-number": 56,
                "node-pos": 27
            }
        ],
        "rule-8": [
            {
                "node-pos": 36,
                "replacement-node": 19,
                "part": null,
                "template-line-number": 72,
                "expression-node": 20
            }
        ],
        "rule-10": [
            {
                "node-pos": 44,
                "replacement-node": 25,
                "part": null,
                "template-line-number": 82,
                "expression-node": 26
            }
        ],
        "rule-13": [
            {
                "replacement-node": 34,
                "html": true,
                "part": null,
                "template-line-number": 108,
                "node-pos": 59
            }
        ],
        "rule-16": [
            {
                "replacement-node": 100,
                "part": null,
                "template-line-number": 668,
                "node-pos": 180
            }
        ],
        "rule-9": [
            {
                "replacement-node": 22,
                "part": null,
                "template-line-number": 77,
                "node-pos": 40
            }
        ],
        "rule-15": [
            {
                "replacement-node": 97,
                "part": null,
                "template-line-number": 659,
                "node-pos": 176
            }
        ],
        "rule-11": [
            {
                "node-pos": 48,
                "replacement-node": 28,
                "part": null,
                "template-line-number": 87,
                "expression-node": 29
            }
        ]
    },
    "line-numbers": {}
}