{
    "line-numbers": {},
    "substitutions": {
        "rule-14": [
            {
                "part": null,
                "node-pos": 175,
                "replacement-node": 96,
                "template-line-number": 653
            }
        ],
        "rule-17": {
            "subs": [
                {
                    "template-line-number": 160,
                    "extras": {},
                    "part": "1",
                    "node-pos": 96,
                    "replacement-node": 39,
                    "name": "ShipperSuppliedHeadings"
                },
                {
                    "template-line-number": 169,
                    "extras": {},
                    "part": "2",
                    "node-pos": 100,
                    "replacement-node": 42,
                    "name": "ShipperSuppliedHeadings"
                },
                {
                    "template-line-number": 156,
                    "extras": {},
                    "part": "3",
                    "node-pos": 94,
                    "replacement-node": 37,
                    "name": "ShipperSuppliedHeadings"
                }
            ],
            "name": "ShipperSuppliedHeadings"
        },
        "rule-5": [
            {
                "part": null,
                "node-pos": 26,
                "replacement-node": 12,
                "html": true,
                "template-line-number": 50
            }
        ],
        "rule-1": [
            {
                "part": null,
                "node-pos": 9,
                "replacement-node": 0,
                "template-line-number": 21
            }
        ],
        "rule-4": [
            {
                "part": null,
                "node-pos": 21,
                "replacement-node": 9,
                "html": true,
                "template-line-number": 38
            }
        ],
        "rule-3": [
            {
                "part": null,
                "node-pos": 17,
                "replacement-node": 6,
                "template-line-number": 32
            }
        ],
        "rule-9": [
            {
                "expression-node": 25,
                "part": null,
                "node-pos": 43,
                "replacement-node": 24,
                "template-line-number": 76
            }
        ],
        "rule-8": [
            {
                "part": null,
                "node-pos": 39,
                "replacement-node": 21,
                "template-line-number": 71
            }
        ],
        "rule-6": [
            {
                "part": null,
                "node-pos": 31,
                "replacement-node": 15,
                "template-line-number": 61
            }
        ],
        "rule-16": {
            "subs": [
                {
                    "template-line-number": 534,
                    "extras": {},
                    "part": "1",
                    "node-pos": 106,
                    "replacement-node": 46,
                    "name": "ShipperLineItems"
                },
                {
                    "expression-node": 49,
                    "template-line-number": 540,
                    "part": "1",
                    "node-pos": 109,
                    "replacement-node": 48,
                    "name": "ShipperLineItems"
                },
                {
                    "expression-node": 76,
                    "template-line-number": 597,
                    "part": "10",
                    "node-pos": 145,
                    "replacement-node": 75,
                    "name": "ShipperLineItems"
                },
                {
                    "expression-node": 79,
                    "template-line-number": 603,
                    "part": "11",
                    "node-pos": 149,
                    "replacement-node": 78,
                    "name": "ShipperLineItems"
                },
                {
                    "expression-node": 82,
                    "template-line-number": 609,
                    "part": "12",
                    "node-pos": 153,
                    "replacement-node": 81,
                    "name": "ShipperLineItems"
                },
                {
                    "expression-node": 85,
                    "template-line-number": 616,
                    "part": "13",
                    "node-pos": 157,
                    "replacement-node": 84,
                    "name": "ShipperLineItems"
                },
                {
                    "expression-node": 88,
                    "template-line-number": 622,
                    "part": "14",
                    "node-pos": 161,
                    "replacement-node": 87,
                    "name": "ShipperLineItems"
                },
                {
                    "expression-node": 91,
                    "template-line-number": 628,
                    "part": "15",
                    "node-pos": 165,
                    "replacement-node": 90,
                    "name": "ShipperLineItems"
                },
                {
                    "expression-node": 52,
                    "template-line-number": 547,
                    "part": "2",
                    "node-pos": 113,
                    "replacement-node": 51,
                    "name": "ShipperLineItems"
                },
                {
                    "expression-node": 55,
                    "template-line-number": 553,
                    "part": "3",
                    "node-pos": 117,
                    "replacement-node": 54,
                    "name": "ShipperLineItems"
                },
                {
                    "expression-node": 58,
                    "template-line-number": 559,
                    "part": "4",
                    "node-pos": 121,
                    "replacement-node": 57,
                    "name": "ShipperLineItems"
                },
                {
                    "expression-node": 61,
                    "template-line-number": 565,
                    "part": "5",
                    "node-pos": 125,
                    "replacement-node": 60,
                    "name": "ShipperLineItems"
                },
                {
                    "expression-node": 64,
                    "template-line-number": 573,
                    "part": "6",
                    "node-pos": 129,
                    "replacement-node": 63,
                    "name": "ShipperLineItems"
                },
                {
                    "expression-node": 67,
                    "template-line-number": 579,
                    "part": "7",
                    "node-pos": 133,
                    "replacement-node": 66,
                    "name": "ShipperLineItems"
                },
                {
                    "expression-node": 70,
                    "template-line-number": 585,
                    "part": "8",
                    "node-pos": 137,
                    "replacement-node": 69,
                    "name": "ShipperLineItems"
                },
                {
                    "expression-node": 73,
                    "template-line-number": 591,
                    "part": "9",
                    "node-pos": 141,
                    "replacement-node": 72,
                    "name": "ShipperLineItems"
                }
            ],
            "name": "ShipperLineItems"
        },
        "rule-10": [
            {
                "expression-node": 28,
                "part": null,
                "node-pos": 47,
                "replacement-node": 27,
                "template-line-number": 81
            }
        ],
        "rule-11": [
            {
                "part": null,
                "node-pos": 53,
                "replacement-node": 30,
                "template-line-number": 91
            }
        ],
        "rule-13": [
            {
                "expression-node": 94,
                "part": null,
                "node-pos": 171,
                "replacement-node": 93,
                "template-line-number": 648
            }
        ],
        "rule-7": [
            {
                "expression-node": 19,
                "part": null,
                "node-pos": 35,
                "replacement-node": 18,
                "template-line-number": 66
            }
        ],
        "rule-15": [
            {
                "part": null,
                "node-pos": 179,
                "replacement-node": 99,
                "template-line-number": 662
            }
        ],
        "rule-12": [
            {
                "part": null,
                "node-pos": 58,
                "replacement-node": 33,
                "html": true,
                "template-line-number": 102
            }
        ],
        "rule-2": [
            {
                "expression-node": 4,
                "part": null,
                "node-pos": 13,
                "replacement-node": 3,
                "template-line-number": 26
            }
        ]
    },
    "showifs": {}
}