{
    "showifs": {},
    "line-numbers": {
        "ExtraordinaryPropertyLosses": [
            {
                "template-line-number": 225,
                "start-number": 1,
                "line-number-node": 43
            }
        ]
    },
    "substitutions": {
        "rule-3": [
            {
                "node-pos": 17,
                "part": null,
                "replacement-node": 6,
                "template-line-number": 32
            }
        ],
        "rule-2": [
            {
                "template-line-number": 25,
                "node-pos": 13,
                "part": null,
                "replacement-node": 3,
                "expression-node": 4
            }
        ],
        "rule-8": [
            {
                "node-pos": 39,
                "part": null,
                "replacement-node": 21,
                "template-line-number": 88
            }
        ],
        "rule-17": [
            {
                "node-pos": 136,
                "part": null,
                "replacement-node": 79,
                "template-line-number": 343
            }
        ],
        "rule-19": {
            "name": "ExtraordinaryPropertyLosses",
            "subs": [
                {
                    "node-pos": 86,
                    "part": "2",
                    "expression-node": 47,
                    "name": "ExtraordinaryPropertyLosses",
                    "template-line-number": 232,
                    "replacement-node": 46
                },
                {
                    "node-pos": 90,
                    "part": "3",
                    "expression-node": 50,
                    "name": "ExtraordinaryPropertyLosses",
                    "template-line-number": 242,
                    "replacement-node": 49
                },
                {
                    "node-pos": 94,
                    "part": "4",
                    "expression-node": 53,
                    "name": "ExtraordinaryPropertyLosses",
                    "template-line-number": 251,
                    "replacement-node": 52
                },
                {
                    "node-pos": 98,
                    "part": "5",
                    "expression-node": 56,
                    "name": "ExtraordinaryPropertyLosses",
                    "template-line-number": 259,
                    "replacement-node": 55
                },
                {
                    "node-pos": 102,
                    "part": "6",
                    "expression-node": 59,
                    "name": "ExtraordinaryPropertyLosses",
                    "template-line-number": 270,
                    "replacement-node": 58
                },
                {
                    "node-pos": 106,
                    "part": "7",
                    "expression-node": 62,
                    "name": "ExtraordinaryPropertyLosses",
                    "template-line-number": 279,
                    "replacement-node": 61
                }
            ]
        },
        "rule-4": [
            {
                "node-pos": 21,
                "part": null,
                "replacement-node": 9,
                "template-line-number": 40,
                "html": true
            }
        ],
        "rule-18": [
            {
                "node-pos": 140,
                "part": null,
                "replacement-node": 82,
                "template-line-number": 352
            }
        ],
        "rule-9": [
            {
                "template-line-number": 95,
                "node-pos": 43,
                "part": null,
                "replacement-node": 24,
                "expression-node": 25
            }
        ],
        "rule-15": [
            {
                "template-line-number": 324,
                "node-pos": 126,
                "part": null,
                "replacement-node": 73,
                "expression-node": 74
            }
        ],
        "rule-7": [
            {
                "template-line-number": 81,
                "node-pos": 35,
                "part": null,
                "replacement-node": 18,
                "expression-node": 19
            }
        ],
        "rule-16": [
            {
                "template-line-number": 338,
                "node-pos": 132,
                "part": null,
                "replacement-node": 76,
                "expression-node": 77
            }
        ],
        "rule-14": [
            {
                "template-line-number": 314,
                "node-pos": 122,
                "part": null,
                "replacement-node": 70,
                "expression-node": 71
            }
        ],
        "rule-6": [
            {
                "node-pos": 31,
                "part": null,
                "replacement-node": 15,
                "template-line-number": 74
            }
        ],
        "rule-10": [
            {
                "template-line-number": 101,
                "node-pos": 47,
                "part": null,
                "replacement-node": 27,
                "expression-node": 28
            }
        ],
        "rule-1": [
            {
                "node-pos": 9,
                "part": null,
                "replacement-node": 0,
                "template-line-number": 18
            }
        ],
        "rule-5": [
            {
                "node-pos": 26,
                "part": null,
                "replacement-node": 12,
                "template-line-number": 56,
                "html": true
            }
        ],
        "rule-20": {
            "name": "ColumnHeadings",
            "subs": [
                {
                    "node-pos": 72,
                    "part": "1",
                    "extras": {},
                    "name": "ColumnHeadings",
                    "template-line-number": 155,
                    "replacement-node": 36
                },
                {
                    "node-pos": 76,
                    "part": "2",
                    "extras": {},
                    "name": "ColumnHeadings",
                    "template-line-number": 163,
                    "replacement-node": 39
                },
                {
                    "node-pos": 70,
                    "part": "3",
                    "extras": {},
                    "name": "ColumnHeadings",
                    "template-line-number": 151,
                    "replacement-node": 34
                }
            ]
        },
        "rule-13": [
            {
                "template-line-number": 303,
                "node-pos": 117,
                "part": null,
                "replacement-node": 67,
                "expression-node": 68
            }
        ],
        "rule-12": [
            {
                "template-line-number": 293,
                "node-pos": 113,
                "part": null,
                "replacement-node": 64,
                "expression-node": 65
            }
        ],
        "rule-11": [
            {
                "node-pos": 53,
                "part": null,
                "replacement-node": 30,
                "template-line-number": 112
            }
        ]
    }
}