{
    "substitutions": {
        "rule-6": [
            {
                "part": null,
                "replacement-node": 15,
                "template-line-number": 61,
                "node-pos": 32
            }
        ],
        "rule-7": [
            {
                "part": null,
                "replacement-node": 18,
                "template-line-number": 65,
                "expression-node": 19,
                "node-pos": 36
            }
        ],
        "rule-13": [
            {
                "part": null,
                "replacement-node": 64,
                "template-line-number": 251,
                "expression-node": 65,
                "node-pos": 107
            }
        ],
        "rule-12": [
            {
                "part": null,
                "replacement-node": 33,
                "html": true,
                "template-line-number": 100,
                "node-pos": 59
            }
        ],
        "rule-14": [
            {
                "part": null,
                "replacement-node": 67,
                "template-line-number": 257,
                "node-pos": 111
            }
        ],
        "rule-3": [
            {
                "part": null,
                "replacement-node": 6,
                "template-line-number": 32,
                "node-pos": 18
            }
        ],
        "rule-10": [
            {
                "part": null,
                "replacement-node": 27,
                "template-line-number": 79,
                "expression-node": 28,
                "node-pos": 48
            }
        ],
        "rule-5": [
            {
                "part": null,
                "replacement-node": 12,
                "html": true,
                "template-line-number": 50,
                "node-pos": 27
            }
        ],
        "rule-9": [
            {
                "part": null,
                "replacement-node": 24,
                "template-line-number": 74,
                "expression-node": 25,
                "node-pos": 44
            }
        ],
        "rule-16": {
            "name": "CommonStockLineItems",
            "subs": [
                {
                    "part": "2",
                    "name": "CommonStockLineItems",
                    "expression-node": 47,
                    "node-pos": 81,
                    "replacement-node": 46,
                    "template-line-number": 201
                },
                {
                    "part": "3",
                    "name": "CommonStockLineItems",
                    "expression-node": 50,
                    "node-pos": 85,
                    "replacement-node": 49,
                    "template-line-number": 209
                },
                {
                    "part": "4",
                    "name": "CommonStockLineItems",
                    "expression-node": 53,
                    "node-pos": 89,
                    "replacement-node": 52,
                    "template-line-number": 217
                },
                {
                    "part": "5",
                    "name": "CommonStockLineItems",
                    "expression-node": 56,
                    "node-pos": 93,
                    "replacement-node": 55,
                    "template-line-number": 224
                },
                {
                    "part": "6",
                    "name": "CommonStockLineItems",
                    "expression-node": 59,
                    "node-pos": 97,
                    "replacement-node": 58,
                    "template-line-number": 231
                },
                {
                    "part": "7",
                    "name": "CommonStockLineItems",
                    "expression-node": 62,
                    "node-pos": 101,
                    "replacement-node": 61,
                    "template-line-number": 238
                }
            ]
        },
        "rule-15": [
            {
                "part": null,
                "replacement-node": 70,
                "template-line-number": 267,
                "node-pos": 115
            }
        ],
        "rule-4": [
            {
                "part": null,
                "replacement-node": 9,
                "html": true,
                "template-line-number": 38,
                "node-pos": 22
            }
        ],
        "rule-8": [
            {
                "part": null,
                "replacement-node": 21,
                "template-line-number": 70,
                "node-pos": 40
            }
        ],
        "rule-11": [
            {
                "part": null,
                "replacement-node": 30,
                "template-line-number": 89,
                "node-pos": 54
            }
        ],
        "rule-2": [
            {
                "part": null,
                "replacement-node": 3,
                "template-line-number": 26,
                "expression-node": 4,
                "node-pos": 14
            }
        ],
        "rule-17": {
            "name": "CPHeadings",
            "subs": [
                {
                    "part": "1",
                    "name": "CPHeadings",
                    "node-pos": 68,
                    "extras": {},
                    "replacement-node": 37,
                    "template-line-number": 125
                },
                {
                    "part": "2",
                    "name": "CPHeadings",
                    "node-pos": 72,
                    "extras": {},
                    "replacement-node": 40,
                    "template-line-number": 132
                }
            ]
        },
        "rule-1": [
            {
                "part": null,
                "replacement-node": 0,
                "template-line-number": 22,
                "node-pos": 10
            }
        ]
    },
    "showifs": {},
    "line-numbers": {
        "CommonStockLineItems": [
            {
                "template-line-number": 194,
                "line-number-node": 44,
                "start-number": 1
            }
        ]
    }
}