{
    "line-numbers": {
        "TransmissionOfElectricity": [
            {
                "line-number-node": 46,
                "start-number": 1,
                "template-line-number": 255
            }
        ]
    },
    "showifs": {},
    "substitutions": {
        "rule-5": [
            {
                "template-line-number": 57,
                "part": null,
                "html": true,
                "replacement-node": 12,
                "node-pos": 26
            }
        ],
        "rule-17": [
            {
                "template-line-number": 367,
                "part": null,
                "expression-node": 85,
                "replacement-node": 84,
                "node-pos": 150
            }
        ],
        "rule-8": [
            {
                "template-line-number": 89,
                "part": null,
                "replacement-node": 21,
                "node-pos": 39
            }
        ],
        "rule-24": {
            "subs": [
                {
                    "name": "ColumnHeadings",
                    "node-pos": 85,
                    "template-line-number": 178,
                    "part": "1",
                    "replacement-node": 39,
                    "extras": {}
                },
                {
                    "name": "ColumnHeadings",
                    "node-pos": 89,
                    "template-line-number": 186,
                    "part": "2",
                    "replacement-node": 42,
                    "extras": {}
                },
                {
                    "name": "ColumnHeadings",
                    "node-pos": 83,
                    "template-line-number": 174,
                    "part": "3",
                    "replacement-node": 37,
                    "extras": {}
                }
            ],
            "name": "ColumnHeadings"
        },
        "rule-12": [
            {
                "template-line-number": 126,
                "part": null,
                "html": true,
                "replacement-node": 33,
                "node-pos": 58
            }
        ],
        "rule-7": [
            {
                "template-line-number": 82,
                "part": null,
                "expression-node": 19,
                "replacement-node": 18,
                "node-pos": 35
            }
        ],
        "rule-2": [
            {
                "template-line-number": 25,
                "part": null,
                "expression-node": 4,
                "replacement-node": 3,
                "node-pos": 13
            }
        ],
        "rule-13": [
            {
                "template-line-number": 327,
                "part": null,
                "replacement-node": 72,
                "node-pos": 132
            }
        ],
        "rule-19": [
            {
                "template-line-number": 385,
                "part": null,
                "expression-node": 91,
                "replacement-node": 90,
                "node-pos": 158
            }
        ],
        "rule-11": [
            {
                "template-line-number": 115,
                "part": null,
                "replacement-node": 30,
                "node-pos": 53
            }
        ],
        "rule-15": [
            {
                "template-line-number": 349,
                "part": null,
                "expression-node": 79,
                "replacement-node": 78,
                "node-pos": 142
            }
        ],
        "rule-3": [
            {
                "template-line-number": 32,
                "part": null,
                "replacement-node": 6,
                "node-pos": 17
            }
        ],
        "rule-16": [
            {
                "template-line-number": 358,
                "part": null,
                "expression-node": 82,
                "replacement-node": 81,
                "node-pos": 146
            }
        ],
        "rule-9": [
            {
                "template-line-number": 96,
                "part": null,
                "expression-node": 25,
                "replacement-node": 24,
                "node-pos": 43
            }
        ],
        "rule-6": [
            {
                "template-line-number": 75,
                "part": null,
                "replacement-node": 15,
                "node-pos": 31
            }
        ],
        "rule-23": {
            "subs": [
                {
                    "name": "TransmissionOfElectricity",
                    "node-pos": 98,
                    "template-line-number": 260,
                    "part": "2",
                    "expression-node": 49,
                    "replacement-node": 48
                },
                {
                    "name": "TransmissionOfElectricity",
                    "node-pos": 102,
                    "template-line-number": 268,
                    "part": "3",
                    "expression-node": 52,
                    "replacement-node": 51
                },
                {
                    "name": "TransmissionOfElectricity",
                    "node-pos": 106,
                    "template-line-number": 276,
                    "part": "4",
                    "expression-node": 55,
                    "replacement-node": 54
                },
                {
                    "name": "TransmissionOfElectricity",
                    "node-pos": 110,
                    "template-line-number": 284,
                    "part": "5",
                    "expression-node": 58,
                    "replacement-node": 57
                },
                {
                    "name": "TransmissionOfElectricity",
                    "node-pos": 114,
                    "template-line-number": 292,
                    "part": "6",
                    "expression-node": 61,
                    "replacement-node": 60
                },
                {
                    "name": "TransmissionOfElectricity",
                    "node-pos": 118,
                    "template-line-number": 300,
                    "part": "7",
                    "expression-node": 64,
                    "replacement-node": 63
                },
                {
                    "name": "TransmissionOfElectricity",
                    "node-pos": 122,
                    "template-line-number": 308,
                    "part": "8",
                    "expression-node": 67,
                    "replacement-node": 66
                },
                {
                    "name": "TransmissionOfElectricity",
                    "node-pos": 126,
                    "template-line-number": 316,
                    "part": "9",
                    "expression-node": 70,
                    "replacement-node": 69
                }
            ],
            "name": "TransmissionOfElectricity"
        },
        "rule-4": [
            {
                "template-line-number": 40,
                "part": null,
                "html": true,
                "replacement-node": 9,
                "node-pos": 21
            }
        ],
        "rule-22": [
            {
                "template-line-number": 416,
                "part": null,
                "replacement-node": 99,
                "node-pos": 172
            }
        ],
        "rule-1": [
            {
                "template-line-number": 18,
                "part": null,
                "replacement-node": 0,
                "node-pos": 9
            }
        ],
        "rule-18": [
            {
                "template-line-number": 376,
                "part": null,
                "expression-node": 88,
                "replacement-node": 87,
                "node-pos": 154
            }
        ],
        "rule-10": [
            {
                "template-line-number": 102,
                "part": null,
                "expression-node": 28,
                "replacement-node": 27,
                "node-pos": 47
            }
        ],
        "rule-21": [
            {
                "template-line-number": 406,
                "part": null,
                "replacement-node": 96,
                "node-pos": 168
            }
        ],
        "rule-20": [
            {
                "template-line-number": 399,
                "part": null,
                "expression-node": 94,
                "replacement-node": 93,
                "node-pos": 164
            }
        ],
        "rule-14": [
            {
                "template-line-number": 340,
                "part": null,
                "expression-node": 76,
                "replacement-node": 75,
                "node-pos": 138
            }
        ]
    }
}