{
    "showifs": {},
    "line-numbers": {
        "MiscellaneousDeferredDebits": [
            {
                "line-number-node": 55,
                "start-number": 3,
                "template-line-number": 254
            }
        ]
    },
    "substitutions": {
        "rule-13": [
            {
                "replacement-node": 45,
                "node-pos": 83,
                "part": null,
                "template-line-number": 160
            }
        ],
        "rule-5": [
            {
                "replacement-node": 12,
                "node-pos": 27,
                "part": null,
                "html": true,
                "template-line-number": 52
            }
        ],
        "rule-20": [
            {
                "replacement-node": 79,
                "node-pos": 146,
                "part": null,
                "template-line-number": 334
            }
        ],
        "rule-17": [
            {
                "replacement-node": 70,
                "node-pos": 132,
                "part": null,
                "template-line-number": 305,
                "expression-node": 71
            }
        ],
        "rule-1": [
            {
                "replacement-node": 0,
                "node-pos": 10,
                "part": null,
                "template-line-number": 23
            }
        ],
        "rule-4": [
            {
                "replacement-node": 9,
                "node-pos": 22,
                "part": null,
                "html": true,
                "template-line-number": 40
            }
        ],
        "rule-18": [
            {
                "replacement-node": 73,
                "node-pos": 136,
                "part": null,
                "template-line-number": 314,
                "expression-node": 74
            }
        ],
        "rule-3": [
            {
                "replacement-node": 6,
                "node-pos": 18,
                "part": null,
                "template-line-number": 34
            }
        ],
        "rule-15": [
            {
                "replacement-node": 51,
                "node-pos": 98,
                "part": null,
                "template-line-number": 195
            }
        ],
        "rule-23": {
            "subs": [
                {
                    "template-line-number": 262,
                    "name": "MiscellaneousDeferredDebits",
                    "expression-node": 59,
                    "replacement-node": 58,
                    "node-pos": 112,
                    "part": "2"
                },
                {
                    "template-line-number": 270,
                    "name": "MiscellaneousDeferredDebits",
                    "expression-node": 62,
                    "replacement-node": 61,
                    "node-pos": 116,
                    "part": "3"
                },
                {
                    "template-line-number": 278,
                    "name": "MiscellaneousDeferredDebits",
                    "expression-node": 65,
                    "replacement-node": 64,
                    "node-pos": 120,
                    "part": "4"
                }
            ],
            "name": "MiscellaneousDeferredDebits"
        },
        "rule-10": [
            {
                "replacement-node": 27,
                "node-pos": 48,
                "part": null,
                "template-line-number": 83,
                "expression-node": 28
            }
        ],
        "rule-19": [
            {
                "replacement-node": 76,
                "node-pos": 142,
                "part": null,
                "template-line-number": 328,
                "expression-node": 77
            }
        ],
        "rule-6": [
            {
                "replacement-node": 15,
                "node-pos": 32,
                "part": null,
                "template-line-number": 63
            }
        ],
        "rule-14": [
            {
                "replacement-node": 48,
                "node-pos": 88,
                "part": null,
                "template-line-number": 173
            }
        ],
        "rule-2": [
            {
                "replacement-node": 3,
                "node-pos": 14,
                "part": null,
                "template-line-number": 28,
                "expression-node": 4
            }
        ],
        "rule-7": [
            {
                "replacement-node": 18,
                "node-pos": 36,
                "part": null,
                "template-line-number": 68,
                "expression-node": 19
            }
        ],
        "rule-16": [
            {
                "replacement-node": 67,
                "node-pos": 126,
                "part": null,
                "template-line-number": 290
            }
        ],
        "rule-21": [
            {
                "replacement-node": 82,
                "node-pos": 150,
                "part": null,
                "template-line-number": 343
            }
        ],
        "rule-8": [
            {
                "replacement-node": 21,
                "node-pos": 40,
                "part": null,
                "template-line-number": 73
            }
        ],
        "rule-12": [
            {
                "replacement-node": 33,
                "node-pos": 59,
                "part": null,
                "html": true,
                "template-line-number": 104
            }
        ],
        "rule-9": [
            {
                "replacement-node": 24,
                "node-pos": 44,
                "part": null,
                "template-line-number": 78,
                "expression-node": 25
            }
        ],
        "rule-11": [
            {
                "replacement-node": 30,
                "node-pos": 54,
                "part": null,
                "template-line-number": 93
            }
        ],
        "rule-22": {
            "subs": [
                {
                    "template-line-number": 141,
                    "name": "ColumnHeadings",
                    "replacement-node": 39,
                    "extras": {},
                    "part": "1",
                    "node-pos": 73
                },
                {
                    "template-line-number": 149,
                    "name": "ColumnHeadings",
                    "replacement-node": 42,
                    "extras": {},
                    "part": "2",
                    "node-pos": 77
                },
                {
                    "template-line-number": 137,
                    "name": "ColumnHeadings",
                    "replacement-node": 37,
                    "extras": {},
                    "part": "3",
                    "node-pos": 71
                }
            ],
            "name": "ColumnHeadings"
        }
    }
}