{
    "line-numbers": {
        "ConsultativeServices": [
            {
                "start-number": 1,
                "template-line-number": 194,
                "line-number-node": 47
            }
        ]
    },
    "showifs": {
        "rule-1": {
            "type": "showif",
            "template-line-number": 17
        }
    },
    "substitutions": {
        "rule-12": [
            {
                "replacement-node": 31,
                "part": null,
                "template-line-number": 94,
                "node-pos": 54
            }
        ],
        "rule-17": [
            {
                "replacement-node": 64,
                "part": null,
                "expression-node": 65,
                "node-pos": 113,
                "template-line-number": 247
            }
        ],
        "rule-9": [
            {
                "replacement-node": 22,
                "part": null,
                "template-line-number": 75,
                "node-pos": 40
            }
        ],
        "rule-14": [
            {
                "replacement-node": 55,
                "part": null,
                "template-line-number": 210,
                "node-pos": 98
            }
        ],
        "rule-19": [
            {
                "replacement-node": 70,
                "part": null,
                "template-line-number": 261,
                "node-pos": 121
            }
        ],
        "rule-13": [
            {
                "html": true,
                "replacement-node": 34,
                "part": null,
                "template-line-number": 105,
                "node-pos": 59
            }
        ],
        "rule-7": [
            {
                "replacement-node": 16,
                "part": null,
                "template-line-number": 66,
                "node-pos": 32
            }
        ],
        "rule-3": [
            {
                "replacement-node": 4,
                "part": null,
                "expression-node": 5,
                "node-pos": 14,
                "template-line-number": 31
            }
        ],
        "rule-8": [
            {
                "replacement-node": 19,
                "part": null,
                "expression-node": 20,
                "node-pos": 36,
                "template-line-number": 70
            }
        ],
        "rule-20": {
            "subs": [
                {
                    "replacement-node": 49,
                    "template-line-number": 197,
                    "node-pos": 89,
                    "part": "2",
                    "expression-node": 50,
                    "name": "ConsultativeServices"
                },
                {
                    "replacement-node": 52,
                    "template-line-number": 202,
                    "node-pos": 93,
                    "part": "3",
                    "expression-node": 53,
                    "name": "ConsultativeServices"
                }
            ],
            "name": "ConsultativeServices"
        },
        "rule-21": {
            "subs": [
                {
                    "replacement-node": 40,
                    "template-line-number": 142,
                    "node-pos": 76,
                    "part": "1",
                    "name": "GasPlantInServiceHeadings",
                    "extras": {}
                },
                {
                    "replacement-node": 43,
                    "template-line-number": 151,
                    "node-pos": 80,
                    "part": "2",
                    "name": "GasPlantInServiceHeadings",
                    "extras": {}
                },
                {
                    "replacement-node": 38,
                    "template-line-number": 138,
                    "node-pos": 74,
                    "part": "3",
                    "name": "GasPlantInServiceHeadings",
                    "extras": {}
                }
            ],
            "name": "GasPlantInServiceHeadings"
        },
        "rule-4": [
            {
                "replacement-node": 7,
                "part": null,
                "template-line-number": 37,
                "node-pos": 18
            }
        ],
        "rule-16": [
            {
                "replacement-node": 61,
                "part": null,
                "expression-node": 62,
                "node-pos": 107,
                "template-line-number": 233
            }
        ],
        "rule-11": [
            {
                "replacement-node": 28,
                "part": null,
                "expression-node": 29,
                "node-pos": 48,
                "template-line-number": 84
            }
        ],
        "rule-5": [
            {
                "html": true,
                "replacement-node": 10,
                "part": null,
                "template-line-number": 43,
                "node-pos": 22
            }
        ],
        "rule-6": [
            {
                "html": true,
                "replacement-node": 13,
                "part": null,
                "template-line-number": 55,
                "node-pos": 27
            }
        ],
        "rule-18": [
            {
                "replacement-node": 67,
                "part": null,
                "template-line-number": 252,
                "node-pos": 117
            }
        ],
        "rule-10": [
            {
                "replacement-node": 25,
                "part": null,
                "expression-node": 26,
                "node-pos": 44,
                "template-line-number": 79
            }
        ],
        "rule-2": [
            {
                "replacement-node": 1,
                "part": null,
                "template-line-number": 27,
                "node-pos": 10
            }
        ],
        "rule-15": [
            {
                "replacement-node": 58,
                "part": null,
                "template-line-number": 221,
                "node-pos": 102
            }
        ]
    }
}