{
    "line-numbers": {
        "TransmissionOfElectricityIsoRto": [
            {
                "start-number": 1,
                "template-line-number": 222,
                "line-number-node": 44
            }
        ]
    },
    "showifs": {},
    "substitutions": {
        "rule-16": [
            {
                "template-line-number": 316,
                "part": null,
                "node-pos": 125,
                "replacement-node": 70,
                "expression-node": 71
            }
        ],
        "rule-4": [
            {
                "template-line-number": 40,
                "part": null,
                "node-pos": 21,
                "replacement-node": 9,
                "html": true
            }
        ],
        "rule-19": {
            "name": "TransmissionOfElectricityIsoRto",
            "subs": [
                {
                    "part": "2",
                    "name": "TransmissionOfElectricityIsoRto",
                    "node-pos": 86,
                    "replacement-node": 46,
                    "expression-node": 47,
                    "template-line-number": 227
                },
                {
                    "part": "3",
                    "name": "TransmissionOfElectricityIsoRto",
                    "node-pos": 90,
                    "replacement-node": 49,
                    "expression-node": 50,
                    "template-line-number": 237
                },
                {
                    "part": "4",
                    "name": "TransmissionOfElectricityIsoRto",
                    "node-pos": 94,
                    "replacement-node": 52,
                    "expression-node": 53,
                    "template-line-number": 246
                },
                {
                    "part": "5",
                    "name": "TransmissionOfElectricityIsoRto",
                    "node-pos": 98,
                    "replacement-node": 55,
                    "expression-node": 56,
                    "template-line-number": 256
                },
                {
                    "part": "6",
                    "name": "TransmissionOfElectricityIsoRto",
                    "node-pos": 102,
                    "replacement-node": 58,
                    "expression-node": 59,
                    "template-line-number": 266
                }
            ]
        },
        "rule-7": [
            {
                "template-line-number": 82,
                "part": null,
                "node-pos": 35,
                "replacement-node": 18,
                "expression-node": 19
            }
        ],
        "rule-14": [
            {
                "template-line-number": 293,
                "part": null,
                "node-pos": 115,
                "replacement-node": 64,
                "expression-node": 65
            }
        ],
        "rule-12": [
            {
                "template-line-number": 126,
                "part": null,
                "node-pos": 58,
                "replacement-node": 33,
                "html": true
            }
        ],
        "rule-2": [
            {
                "template-line-number": 25,
                "part": null,
                "node-pos": 13,
                "replacement-node": 3,
                "expression-node": 4
            }
        ],
        "rule-18": [
            {
                "template-line-number": 333,
                "part": null,
                "node-pos": 133,
                "replacement-node": 76
            }
        ],
        "rule-15": [
            {
                "template-line-number": 302,
                "part": null,
                "node-pos": 119,
                "replacement-node": 67,
                "expression-node": 68
            }
        ],
        "rule-11": [
            {
                "template-line-number": 115,
                "part": null,
                "node-pos": 53,
                "replacement-node": 30
            }
        ],
        "rule-6": [
            {
                "template-line-number": 75,
                "part": null,
                "node-pos": 31,
                "replacement-node": 15
            }
        ],
        "rule-3": [
            {
                "template-line-number": 32,
                "part": null,
                "node-pos": 17,
                "replacement-node": 6
            }
        ],
        "rule-5": [
            {
                "template-line-number": 57,
                "part": null,
                "node-pos": 26,
                "replacement-node": 12,
                "html": true
            }
        ],
        "rule-1": [
            {
                "template-line-number": 18,
                "part": null,
                "node-pos": 9,
                "replacement-node": 0
            }
        ],
        "rule-17": [
            {
                "template-line-number": 323,
                "part": null,
                "node-pos": 129,
                "replacement-node": 73
            }
        ],
        "rule-10": [
            {
                "template-line-number": 102,
                "part": null,
                "node-pos": 47,
                "replacement-node": 27,
                "expression-node": 28
            }
        ],
        "rule-13": [
            {
                "template-line-number": 279,
                "part": null,
                "node-pos": 108,
                "replacement-node": 61
            }
        ],
        "rule-8": [
            {
                "template-line-number": 89,
                "part": null,
                "node-pos": 39,
                "replacement-node": 21
            }
        ],
        "rule-9": [
            {
                "template-line-number": 96,
                "part": null,
                "node-pos": 43,
                "replacement-node": 24,
                "expression-node": 25
            }
        ],
        "rule-20": {
            "name": "ColumnHeadings",
            "subs": [
                {
                    "part": "1",
                    "name": "ColumnHeadings",
                    "node-pos": 73,
                    "replacement-node": 37,
                    "extras": {},
                    "template-line-number": 157
                },
                {
                    "part": "2",
                    "name": "ColumnHeadings",
                    "node-pos": 77,
                    "replacement-node": 40,
                    "extras": {},
                    "template-line-number": 164
                }
            ]
        }
    }
}