{
    "line-numbers": {
        "Transactions": [
            {
                "start-number": 2,
                "template-line-number": 230,
                "line-number-node": 50
            }
        ],
        "Transactions2": [
            {
                "start-number": 21,
                "template-line-number": 359,
                "line-number-node": 74
            }
        ]
    },
    "showifs": {
        "rule-1": {
            "template-line-number": 17,
            "type": "showif"
        }
    },
    "substitutions": {
        "rule-2": [
            {
                "node-pos": 10,
                "template-line-number": 27,
                "part": null,
                "replacement-node": 1
            }
        ],
        "rule-19": [
            {
                "node-pos": 168,
                "template-line-number": 403,
                "part": null,
                "expression-node": 92,
                "replacement-node": 91
            }
        ],
        "rule-7": [
            {
                "node-pos": 32,
                "template-line-number": 66,
                "part": null,
                "replacement-node": 16
            }
        ],
        "rule-10": [
            {
                "node-pos": 44,
                "template-line-number": 79,
                "part": null,
                "expression-node": 26,
                "replacement-node": 25
            }
        ],
        "rule-11": [
            {
                "node-pos": 48,
                "template-line-number": 84,
                "part": null,
                "expression-node": 29,
                "replacement-node": 28
            }
        ],
        "rule-25": {
            "name": "Transactions2",
            "subs": [
                {
                    "template-line-number": 363,
                    "expression-node": 77,
                    "node-pos": 143,
                    "part": "2",
                    "name": "Transactions2",
                    "replacement-node": 76
                },
                {
                    "template-line-number": 368,
                    "expression-node": 80,
                    "node-pos": 147,
                    "part": "3",
                    "name": "Transactions2",
                    "replacement-node": 79
                },
                {
                    "template-line-number": 373,
                    "expression-node": 83,
                    "node-pos": 151,
                    "part": "4",
                    "name": "Transactions2",
                    "replacement-node": 82
                },
                {
                    "template-line-number": 378,
                    "expression-node": 86,
                    "node-pos": 155,
                    "part": "5",
                    "name": "Transactions2",
                    "replacement-node": 85
                }
            ]
        },
        "rule-23": {
            "name": "Transactions",
            "subs": [
                {
                    "template-line-number": 234,
                    "expression-node": 53,
                    "node-pos": 99,
                    "part": "2",
                    "name": "Transactions",
                    "replacement-node": 52
                },
                {
                    "template-line-number": 239,
                    "expression-node": 56,
                    "node-pos": 103,
                    "part": "3",
                    "name": "Transactions",
                    "replacement-node": 55
                },
                {
                    "template-line-number": 244,
                    "expression-node": 59,
                    "node-pos": 107,
                    "part": "4",
                    "name": "Transactions",
                    "replacement-node": 58
                },
                {
                    "template-line-number": 249,
                    "expression-node": 62,
                    "node-pos": 111,
                    "part": "5",
                    "name": "Transactions",
                    "replacement-node": 61
                }
            ]
        },
        "rule-12": [
            {
                "node-pos": 54,
                "template-line-number": 94,
                "part": null,
                "replacement-node": 31
            }
        ],
        "rule-18": [
            {
                "node-pos": 161,
                "template-line-number": 389,
                "part": null,
                "replacement-node": 88
            }
        ],
        "rule-17": [
            {
                "node-pos": 130,
                "template-line-number": 287,
                "part": null,
                "replacement-node": 70
            }
        ],
        "rule-8": [
            {
                "node-pos": 36,
                "template-line-number": 70,
                "part": null,
                "expression-node": 20,
                "replacement-node": 19
            }
        ],
        "rule-9": [
            {
                "node-pos": 40,
                "template-line-number": 75,
                "part": null,
                "replacement-node": 22
            }
        ],
        "rule-4": [
            {
                "node-pos": 18,
                "template-line-number": 37,
                "part": null,
                "replacement-node": 7
            }
        ],
        "rule-15": [
            {
                "node-pos": 117,
                "template-line-number": 260,
                "part": null,
                "replacement-node": 64
            }
        ],
        "rule-16": [
            {
                "node-pos": 124,
                "template-line-number": 274,
                "part": null,
                "expression-node": 68,
                "replacement-node": 67
            }
        ],
        "rule-5": [
            {
                "html": true,
                "node-pos": 22,
                "template-line-number": 43,
                "part": null,
                "replacement-node": 10
            }
        ],
        "rule-14": [
            {
                "node-pos": 86,
                "template-line-number": 161,
                "part": null,
                "replacement-node": 46
            }
        ],
        "rule-3": [
            {
                "node-pos": 14,
                "template-line-number": 31,
                "part": null,
                "expression-node": 5,
                "replacement-node": 4
            }
        ],
        "rule-6": [
            {
                "html": true,
                "node-pos": 27,
                "template-line-number": 55,
                "part": null,
                "replacement-node": 13
            }
        ],
        "rule-20": [
            {
                "node-pos": 174,
                "template-line-number": 416,
                "part": null,
                "expression-node": 95,
                "replacement-node": 94
            }
        ],
        "rule-13": [
            {
                "html": true,
                "node-pos": 59,
                "template-line-number": 105,
                "part": null,
                "replacement-node": 34
            }
        ],
        "rule-22": [
            {
                "node-pos": 182,
                "template-line-number": 430,
                "part": null,
                "replacement-node": 100
            }
        ],
        "rule-21": [
            {
                "node-pos": 178,
                "template-line-number": 421,
                "part": null,
                "replacement-node": 97
            }
        ],
        "rule-24": {
            "name": "HeadingRow",
            "subs": [
                {
                    "extras": {},
                    "template-line-number": 140,
                    "node-pos": 76,
                    "part": "1",
                    "name": "HeadingRow",
                    "replacement-node": 40
                },
                {
                    "extras": {},
                    "template-line-number": 149,
                    "node-pos": 80,
                    "part": "2",
                    "name": "HeadingRow",
                    "replacement-node": 43
                },
                {
                    "extras": {},
                    "template-line-number": 136,
                    "node-pos": 74,
                    "part": "3",
                    "name": "HeadingRow",
                    "replacement-node": 38
                }
            ]
        }
    }
}