{
    "showifs": {
        "rule-1": {
            "template-line-number": 18,
            "type": "showif"
        }
    },
    "substitutions": {
        "rule-16": {
            "name": "BSLineItems",
            "subs": [
                {
                    "part": "1",
                    "node-pos": 72,
                    "replacement-node": 42,
                    "template-line-number": 170,
                    "extras": {},
                    "name": "BSLineItems"
                },
                {
                    "part": "2",
                    "node-pos": 80,
                    "replacement-node": 47,
                    "template-line-number": 181,
                    "extras": {},
                    "name": "BSLineItems"
                },
                {
                    "part": "3",
                    "node-pos": 85,
                    "replacement-node": 51,
                    "template-line-number": 190,
                    "extras": {},
                    "name": "BSLineItems"
                },
                {
                    "part": "4",
                    "node-pos": 88,
                    "replacement-node": 53,
                    "template-line-number": 195,
                    "name": "BSLineItems",
                    "expression-node": 54
                },
                {
                    "part": "5",
                    "node-pos": 92,
                    "replacement-node": 56,
                    "template-line-number": 201,
                    "name": "BSLineItems",
                    "expression-node": 57
                },
                {
                    "part": "6",
                    "node-pos": 78,
                    "replacement-node": 45,
                    "template-line-number": 177,
                    "extras": {},
                    "name": "BSLineItems"
                }
            ]
        },
        "rule-6": [
            {
                "part": null,
                "node-pos": 27,
                "replacement-node": 13,
                "html": true,
                "template-line-number": 59
            }
        ],
        "rule-11": [
            {
                "part": null,
                "node-pos": 48,
                "replacement-node": 28,
                "template-line-number": 90,
                "expression-node": 29
            }
        ],
        "rule-2": [
            {
                "part": null,
                "node-pos": 10,
                "replacement-node": 1,
                "template-line-number": 30
            }
        ],
        "rule-10": [
            {
                "part": null,
                "node-pos": 44,
                "replacement-node": 25,
                "template-line-number": 85,
                "expression-node": 26
            }
        ],
        "rule-12": [
            {
                "part": null,
                "node-pos": 54,
                "replacement-node": 31,
                "template-line-number": 100
            }
        ],
        "rule-15": [
            {
                "part": null,
                "node-pos": 106,
                "replacement-node": 65,
                "template-line-number": 230
            }
        ],
        "rule-13": [
            {
                "part": null,
                "node-pos": 98,
                "replacement-node": 59,
                "template-line-number": 213,
                "expression-node": 60
            }
        ],
        "rule-9": [
            {
                "part": null,
                "node-pos": 40,
                "replacement-node": 22,
                "template-line-number": 80
            }
        ],
        "rule-7": [
            {
                "part": null,
                "node-pos": 32,
                "replacement-node": 16,
                "template-line-number": 70
            }
        ],
        "rule-17": {
            "name": "BSHeadings",
            "subs": [
                {
                    "part": "1",
                    "node-pos": 62,
                    "replacement-node": 35,
                    "template-line-number": 124,
                    "extras": {},
                    "name": "BSHeadings"
                },
                {
                    "part": "2",
                    "node-pos": 66,
                    "replacement-node": 38,
                    "template-line-number": 131,
                    "extras": {},
                    "name": "BSHeadings"
                }
            ]
        },
        "rule-8": [
            {
                "part": null,
                "node-pos": 36,
                "replacement-node": 19,
                "template-line-number": 75,
                "expression-node": 20
            }
        ],
        "rule-5": [
            {
                "part": null,
                "node-pos": 22,
                "replacement-node": 10,
                "html": true,
                "template-line-number": 47
            }
        ],
        "rule-4": [
            {
                "part": null,
                "node-pos": 18,
                "replacement-node": 7,
                "template-line-number": 41
            }
        ],
        "rule-3": [
            {
                "part": null,
                "node-pos": 14,
                "replacement-node": 4,
                "template-line-number": 35,
                "expression-node": 5
            }
        ],
        "rule-14": [
            {
                "part": null,
                "node-pos": 102,
                "replacement-node": 62,
                "template-line-number": 220
            }
        ]
    },
    "line-numbers": {}
}