{
    "showifs": {
        "rule-1": {
            "type": "showif",
            "template-line-number": 18
        }
    },
    "substitutions": {
        "rule-7": [
            {
                "template-line-number": 70,
                "part": null,
                "node-pos": 32,
                "replacement-node": 16
            }
        ],
        "rule-11": [
            {
                "template-line-number": 90,
                "expression-node": 29,
                "part": null,
                "node-pos": 48,
                "replacement-node": 28
            }
        ],
        "rule-14": [
            {
                "template-line-number": 220,
                "part": null,
                "node-pos": 102,
                "replacement-node": 62
            }
        ],
        "rule-4": [
            {
                "template-line-number": 41,
                "part": null,
                "node-pos": 18,
                "replacement-node": 7
            }
        ],
        "rule-8": [
            {
                "template-line-number": 75,
                "expression-node": 20,
                "part": null,
                "node-pos": 36,
                "replacement-node": 19
            }
        ],
        "rule-2": [
            {
                "template-line-number": 30,
                "part": null,
                "node-pos": 10,
                "replacement-node": 1
            }
        ],
        "rule-16": {
            "name": "BSHeadings",
            "subs": [
                {
                    "template-line-number": 124,
                    "node-pos": 62,
                    "replacement-node": 35,
                    "extras": {},
                    "part": "1",
                    "name": "BSHeadings"
                },
                {
                    "template-line-number": 131,
                    "node-pos": 66,
                    "replacement-node": 38,
                    "extras": {},
                    "part": "2",
                    "name": "BSHeadings"
                }
            ]
        },
        "rule-9": [
            {
                "template-line-number": 80,
                "part": null,
                "node-pos": 40,
                "replacement-node": 22
            }
        ],
        "rule-3": [
            {
                "template-line-number": 35,
                "expression-node": 5,
                "part": null,
                "node-pos": 14,
                "replacement-node": 4
            }
        ],
        "rule-15": [
            {
                "template-line-number": 230,
                "part": null,
                "node-pos": 106,
                "replacement-node": 65
            }
        ],
        "rule-13": [
            {
                "template-line-number": 213,
                "expression-node": 60,
                "part": null,
                "node-pos": 98,
                "replacement-node": 59
            }
        ],
        "rule-12": [
            {
                "template-line-number": 100,
                "part": null,
                "node-pos": 54,
                "replacement-node": 31
            }
        ],
        "rule-5": [
            {
                "template-line-number": 47,
                "html": true,
                "part": null,
                "node-pos": 22,
                "replacement-node": 10
            }
        ],
        "rule-6": [
            {
                "template-line-number": 59,
                "html": true,
                "part": null,
                "node-pos": 27,
                "replacement-node": 13
            }
        ],
        "rule-10": [
            {
                "template-line-number": 85,
                "expression-node": 26,
                "part": null,
                "node-pos": 44,
                "replacement-node": 25
            }
        ],
        "rule-17": {
            "name": "BSLineItems",
            "subs": [
                {
                    "template-line-number": 170,
                    "node-pos": 72,
                    "replacement-node": 42,
                    "extras": {},
                    "part": "1",
                    "name": "BSLineItems"
                },
                {
                    "template-line-number": 181,
                    "node-pos": 80,
                    "replacement-node": 47,
                    "extras": {},
                    "part": "2",
                    "name": "BSLineItems"
                },
                {
                    "template-line-number": 190,
                    "node-pos": 85,
                    "replacement-node": 51,
                    "extras": {},
                    "part": "3",
                    "name": "BSLineItems"
                },
                {
                    "template-line-number": 195,
                    "node-pos": 88,
                    "expression-node": 54,
                    "replacement-node": 53,
                    "part": "4",
                    "name": "BSLineItems"
                },
                {
                    "template-line-number": 201,
                    "node-pos": 92,
                    "expression-node": 57,
                    "replacement-node": 56,
                    "part": "5",
                    "name": "BSLineItems"
                },
                {
                    "template-line-number": 177,
                    "node-pos": 78,
                    "replacement-node": 45,
                    "extras": {},
                    "part": "6",
                    "name": "BSLineItems"
                }
            ]
        }
    },
    "line-numbers": {}
}