{
    "line-numbers": {
        "StoresExpenseUndistributed": [
            {
                "template-line-number": 280,
                "start-number": 3,
                "line-number-node": 55
            }
        ]
    },
    "substitutions": {
        "rule-5": [
            {
                "html": true,
                "template-line-number": 57,
                "replacement-node": 12,
                "part": null,
                "node-pos": 27
            }
        ],
        "rule-12": [
            {
                "html": true,
                "template-line-number": 124,
                "replacement-node": 33,
                "part": null,
                "node-pos": 59
            }
        ],
        "rule-15": [
            {
                "template-line-number": 215,
                "replacement-node": 51,
                "part": null,
                "node-pos": 99
            }
        ],
        "rule-4": [
            {
                "html": true,
                "template-line-number": 41,
                "replacement-node": 9,
                "part": null,
                "node-pos": 22
            }
        ],
        "rule-20": [
            {
                "template-line-number": 380,
                "node-pos": 152,
                "replacement-node": 82,
                "part": null,
                "expression-node": 83
            }
        ],
        "rule-1": [
            {
                "template-line-number": 19,
                "replacement-node": 0,
                "part": null,
                "node-pos": 10
            }
        ],
        "rule-22": [
            {
                "template-line-number": 395,
                "replacement-node": 88,
                "part": null,
                "node-pos": 160
            }
        ],
        "rule-7": [
            {
                "template-line-number": 82,
                "node-pos": 36,
                "replacement-node": 18,
                "part": null,
                "expression-node": 19
            }
        ],
        "rule-3": [
            {
                "template-line-number": 33,
                "replacement-node": 6,
                "part": null,
                "node-pos": 18
            }
        ],
        "rule-14": [
            {
                "template-line-number": 193,
                "replacement-node": 48,
                "part": null,
                "node-pos": 88
            }
        ],
        "rule-17": [
            {
                "template-line-number": 344,
                "node-pos": 138,
                "replacement-node": 73,
                "part": null,
                "expression-node": 74
            }
        ],
        "rule-16": [
            {
                "template-line-number": 330,
                "replacement-node": 70,
                "part": null,
                "node-pos": 132
            }
        ],
        "rule-21": [
            {
                "template-line-number": 386,
                "replacement-node": 85,
                "part": null,
                "node-pos": 156
            }
        ],
        "rule-24": {
            "subs": [
                {
                    "replacement-node": 58,
                    "expression-node": 59,
                    "template-line-number": 288,
                    "name": "StoresExpenseUndistributed",
                    "part": "2",
                    "node-pos": 114
                },
                {
                    "replacement-node": 61,
                    "expression-node": 62,
                    "template-line-number": 298,
                    "name": "StoresExpenseUndistributed",
                    "part": "3",
                    "node-pos": 118
                },
                {
                    "replacement-node": 64,
                    "expression-node": 65,
                    "template-line-number": 307,
                    "name": "StoresExpenseUndistributed",
                    "part": "4",
                    "node-pos": 122
                },
                {
                    "replacement-node": 67,
                    "expression-node": 68,
                    "template-line-number": 317,
                    "name": "StoresExpenseUndistributed",
                    "part": "5",
                    "node-pos": 126
                }
            ],
            "name": "StoresExpenseUndistributed"
        },
        "rule-11": [
            {
                "template-line-number": 113,
                "replacement-node": 30,
                "part": null,
                "node-pos": 54
            }
        ],
        "rule-23": {
            "subs": [
                {
                    "replacement-node": 39,
                    "name": "ColumnHeadings",
                    "extras": {},
                    "template-line-number": 162,
                    "part": "1",
                    "node-pos": 73
                },
                {
                    "replacement-node": 42,
                    "name": "ColumnHeadings",
                    "extras": {},
                    "template-line-number": 170,
                    "part": "2",
                    "node-pos": 77
                },
                {
                    "replacement-node": 37,
                    "name": "ColumnHeadings",
                    "extras": {},
                    "template-line-number": 158,
                    "part": "3",
                    "node-pos": 71
                }
            ],
            "name": "ColumnHeadings"
        },
        "rule-13": [
            {
                "template-line-number": 181,
                "replacement-node": 45,
                "part": null,
                "node-pos": 83
            }
        ],
        "rule-9": [
            {
                "template-line-number": 96,
                "node-pos": 44,
                "replacement-node": 24,
                "part": null,
                "expression-node": 25
            }
        ],
        "rule-19": [
            {
                "template-line-number": 365,
                "node-pos": 146,
                "replacement-node": 79,
                "part": null,
                "expression-node": 80
            }
        ],
        "rule-6": [
            {
                "template-line-number": 75,
                "replacement-node": 15,
                "part": null,
                "node-pos": 32
            }
        ],
        "rule-18": [
            {
                "template-line-number": 354,
                "node-pos": 142,
                "replacement-node": 76,
                "part": null,
                "expression-node": 77
            }
        ],
        "rule-8": [
            {
                "template-line-number": 89,
                "replacement-node": 21,
                "part": null,
                "node-pos": 40
            }
        ],
        "rule-10": [
            {
                "template-line-number": 102,
                "node-pos": 48,
                "replacement-node": 27,
                "part": null,
                "expression-node": 28
            }
        ],
        "rule-2": [
            {
                "template-line-number": 26,
                "node-pos": 14,
                "replacement-node": 3,
                "part": null,
                "expression-node": 4
            }
        ]
    },
    "showifs": {}
}