{
    "substitutions": {
        "rule-4": [
            {
                "part": null,
                "replacement-node": 7,
                "template-line-number": 39,
                "node-pos": 19
            }
        ],
        "rule-8": [
            {
                "part": null,
                "replacement-node": 19,
                "template-line-number": 73,
                "node-pos": 37,
                "expression-node": 20
            }
        ],
        "rule-6": [
            {
                "part": null,
                "replacement-node": 13,
                "template-line-number": 57,
                "node-pos": 28,
                "html": true
            }
        ],
        "rule-3": [
            {
                "part": null,
                "replacement-node": 4,
                "template-line-number": 33,
                "node-pos": 15,
                "expression-node": 5
            }
        ],
        "rule-13": [
            {
                "part": null,
                "replacement-node": 34,
                "template-line-number": 109,
                "node-pos": 60,
                "html": true
            }
        ],
        "rule-12": [
            {
                "part": null,
                "replacement-node": 31,
                "template-line-number": 98,
                "node-pos": 55
            }
        ],
        "rule-10": [
            {
                "part": null,
                "replacement-node": 25,
                "template-line-number": 83,
                "node-pos": 45,
                "expression-node": 26
            }
        ],
        "rule-2": [
            {
                "part": null,
                "replacement-node": 1,
                "template-line-number": 28,
                "node-pos": 11
            }
        ],
        "rule-16": [
            {
                "part": null,
                "replacement-node": 69,
                "template-line-number": 240,
                "node-pos": 116
            }
        ],
        "rule-17": {
            "name": "BSHeadings",
            "subs": [
                {
                    "name": "BSHeadings",
                    "replacement-node": 38,
                    "template-line-number": 135,
                    "part": "1",
                    "node-pos": 71,
                    "extras": {}
                },
                {
                    "name": "BSHeadings",
                    "replacement-node": 41,
                    "template-line-number": 142,
                    "part": "2",
                    "node-pos": 75,
                    "extras": {}
                }
            ]
        },
        "rule-11": [
            {
                "part": null,
                "replacement-node": 28,
                "template-line-number": 88,
                "node-pos": 49,
                "expression-node": 29
            }
        ],
        "rule-18": {
            "name": "BSLineItems",
            "subs": [
                {
                    "name": "BSLineItems",
                    "replacement-node": 45,
                    "template-line-number": 183,
                    "part": "1",
                    "node-pos": 81,
                    "extras": {}
                },
                {
                    "name": "BSLineItems",
                    "replacement-node": 50,
                    "template-line-number": 194,
                    "part": "2",
                    "node-pos": 89,
                    "extras": {}
                },
                {
                    "name": "BSLineItems",
                    "replacement-node": 55,
                    "template-line-number": 204,
                    "part": "3",
                    "node-pos": 95,
                    "extras": {}
                },
                {
                    "name": "BSLineItems",
                    "replacement-node": 57,
                    "template-line-number": 209,
                    "part": "4",
                    "node-pos": 98,
                    "expression-node": 58
                },
                {
                    "name": "BSLineItems",
                    "replacement-node": 60,
                    "template-line-number": 215,
                    "part": "5",
                    "node-pos": 102,
                    "expression-node": 61
                },
                {
                    "name": "BSLineItems",
                    "replacement-node": 48,
                    "template-line-number": 190,
                    "part": "6",
                    "node-pos": 87,
                    "extras": {}
                }
            ]
        },
        "rule-15": [
            {
                "part": null,
                "replacement-node": 66,
                "template-line-number": 231,
                "node-pos": 112
            }
        ],
        "rule-9": [
            {
                "part": null,
                "replacement-node": 22,
                "template-line-number": 78,
                "node-pos": 41
            }
        ],
        "rule-5": [
            {
                "part": null,
                "replacement-node": 10,
                "template-line-number": 45,
                "node-pos": 23,
                "html": true
            }
        ],
        "rule-14": [
            {
                "part": null,
                "replacement-node": 63,
                "template-line-number": 226,
                "node-pos": 108,
                "expression-node": 64
            }
        ],
        "rule-7": [
            {
                "part": null,
                "replacement-node": 16,
                "template-line-number": 68,
                "node-pos": 33
            }
        ]
    },
    "showifs": {
        "rule-1": {
            "template-line-number": 18,
            "type": "showif"
        }
    },
    "line-numbers": {}
}