{
    "substitutions": {
        "rule-1": [
            {
                "part": null,
                "node-pos": 9,
                "template-line-number": 21,
                "replacement-node": 0
            }
        ],
        "rule-8": [
            {
                "part": null,
                "node-pos": 39,
                "template-line-number": 71,
                "replacement-node": 21
            }
        ],
        "rule-20": [
            {
                "part": null,
                "node-pos": 211,
                "template-line-number": 732,
                "replacement-node": 108
            }
        ],
        "rule-19": [
            {
                "part": null,
                "node-pos": 207,
                "template-line-number": 727,
                "replacement-node": 105,
                "expression-node": 106
            }
        ],
        "rule-6": [
            {
                "part": null,
                "node-pos": 31,
                "template-line-number": 61,
                "replacement-node": 15
            }
        ],
        "rule-17": [
            {
                "part": null,
                "node-pos": 199,
                "template-line-number": 705,
                "replacement-node": 101
            }
        ],
        "rule-13": [
            {
                "part": null,
                "node-pos": 183,
                "template-line-number": 664,
                "replacement-node": 93
            }
        ],
        "rule-5": [
            {
                "part": null,
                "node-pos": 26,
                "template-line-number": 50,
                "replacement-node": 12,
                "html": true
            }
        ],
        "rule-16": [
            {
                "part": null,
                "node-pos": 194,
                "template-line-number": 691,
                "replacement-node": 99,
                "expression-node": 100
            }
        ],
        "rule-22": {
            "subs": [
                {
                    "part": "1",
                    "node-pos": 106,
                    "name": "ShipperLineItems",
                    "extras": {},
                    "template-line-number": 534,
                    "replacement-node": 46
                },
                {
                    "part": "1",
                    "node-pos": 109,
                    "name": "ShipperLineItems",
                    "template-line-number": 540,
                    "replacement-node": 48,
                    "expression-node": 49
                },
                {
                    "part": "10",
                    "node-pos": 145,
                    "name": "ShipperLineItems",
                    "template-line-number": 598,
                    "replacement-node": 75,
                    "expression-node": 76
                },
                {
                    "part": "11",
                    "node-pos": 149,
                    "name": "ShipperLineItems",
                    "template-line-number": 604,
                    "replacement-node": 78,
                    "expression-node": 79
                },
                {
                    "part": "12",
                    "node-pos": 153,
                    "name": "ShipperLineItems",
                    "template-line-number": 610,
                    "replacement-node": 81,
                    "expression-node": 82
                },
                {
                    "part": "13",
                    "node-pos": 157,
                    "name": "ShipperLineItems",
                    "template-line-number": 617,
                    "replacement-node": 84,
                    "expression-node": 85
                },
                {
                    "part": "14",
                    "node-pos": 161,
                    "name": "ShipperLineItems",
                    "template-line-number": 623,
                    "replacement-node": 87,
                    "expression-node": 88
                },
                {
                    "part": "15",
                    "node-pos": 165,
                    "name": "ShipperLineItems",
                    "template-line-number": 629,
                    "replacement-node": 90,
                    "expression-node": 91
                },
                {
                    "part": "2",
                    "node-pos": 113,
                    "name": "ShipperLineItems",
                    "template-line-number": 547,
                    "replacement-node": 51,
                    "expression-node": 52
                },
                {
                    "part": "3",
                    "node-pos": 117,
                    "name": "ShipperLineItems",
                    "template-line-number": 553,
                    "replacement-node": 54,
                    "expression-node": 55
                },
                {
                    "part": "4",
                    "node-pos": 121,
                    "name": "ShipperLineItems",
                    "template-line-number": 559,
                    "replacement-node": 57,
                    "expression-node": 58
                },
                {
                    "part": "5",
                    "node-pos": 125,
                    "name": "ShipperLineItems",
                    "template-line-number": 565,
                    "replacement-node": 60,
                    "expression-node": 61
                },
                {
                    "part": "6",
                    "node-pos": 129,
                    "name": "ShipperLineItems",
                    "template-line-number": 574,
                    "replacement-node": 63,
                    "expression-node": 64
                },
                {
                    "part": "7",
                    "node-pos": 133,
                    "name": "ShipperLineItems",
                    "template-line-number": 580,
                    "replacement-node": 66,
                    "expression-node": 67
                },
                {
                    "part": "8",
                    "node-pos": 137,
                    "name": "ShipperLineItems",
                    "template-line-number": 586,
                    "replacement-node": 69,
                    "expression-node": 70
                },
                {
                    "part": "9",
                    "node-pos": 141,
                    "name": "ShipperLineItems",
                    "template-line-number": 592,
                    "replacement-node": 72,
                    "expression-node": 73
                }
            ],
            "name": "ShipperLineItems"
        },
        "rule-18": [
            {
                "part": null,
                "node-pos": 202,
                "template-line-number": 712,
                "replacement-node": 103,
                "expression-node": 104
            }
        ],
        "rule-7": [
            {
                "part": null,
                "node-pos": 35,
                "template-line-number": 66,
                "replacement-node": 18,
                "expression-node": 19
            }
        ],
        "rule-15": [
            {
                "part": null,
                "node-pos": 191,
                "template-line-number": 684,
                "replacement-node": 97
            }
        ],
        "rule-21": [
            {
                "part": null,
                "node-pos": 215,
                "template-line-number": 741,
                "replacement-node": 111
            }
        ],
        "rule-14": [
            {
                "part": null,
                "node-pos": 186,
                "template-line-number": 671,
                "replacement-node": 95,
                "expression-node": 96
            }
        ],
        "rule-4": [
            {
                "part": null,
                "node-pos": 21,
                "template-line-number": 38,
                "replacement-node": 9,
                "html": true
            }
        ],
        "rule-2": [
            {
                "part": null,
                "node-pos": 13,
                "template-line-number": 26,
                "replacement-node": 3,
                "expression-node": 4
            }
        ],
        "rule-3": [
            {
                "part": null,
                "node-pos": 17,
                "template-line-number": 32,
                "replacement-node": 6
            }
        ],
        "rule-9": [
            {
                "part": null,
                "node-pos": 43,
                "template-line-number": 76,
                "replacement-node": 24,
                "expression-node": 25
            }
        ],
        "rule-12": [
            {
                "part": null,
                "node-pos": 58,
                "template-line-number": 102,
                "replacement-node": 33,
                "html": true
            }
        ],
        "rule-11": [
            {
                "part": null,
                "node-pos": 53,
                "template-line-number": 91,
                "replacement-node": 30
            }
        ],
        "rule-23": {
            "subs": [
                {
                    "part": "1",
                    "node-pos": 96,
                    "name": "ShipperSuppliedHeadings",
                    "extras": {},
                    "template-line-number": 160,
                    "replacement-node": 39
                },
                {
                    "part": "2",
                    "node-pos": 100,
                    "name": "ShipperSuppliedHeadings",
                    "extras": {},
                    "template-line-number": 169,
                    "replacement-node": 42
                },
                {
                    "part": "3",
                    "node-pos": 94,
                    "name": "ShipperSuppliedHeadings",
                    "extras": {},
                    "template-line-number": 156,
                    "replacement-node": 37
                }
            ],
            "name": "ShipperSuppliedHeadings"
        },
        "rule-10": [
            {
                "part": null,
                "node-pos": 47,
                "template-line-number": 81,
                "replacement-node": 27,
                "expression-node": 28
            }
        ]
    },
    "line-numbers": {},
    "showifs": {}
}