{
    "line-numbers": {
        "StudyCostsIncurred2": [
            {
                "line-number-node": 79,
                "start-number": 22,
                "template-line-number": 380
            }
        ],
        "StudyCostsIncurred": [
            {
                "line-number-node": 49,
                "start-number": 2,
                "template-line-number": 240
            }
        ]
    },
    "showifs": {},
    "substitutions": {
        "rule-1": [
            {
                "node-pos": 9,
                "part": null,
                "template-line-number": 21,
                "replacement-node": 0
            }
        ],
        "rule-13": [
            {
                "node-pos": 88,
                "part": null,
                "template-line-number": 168,
                "replacement-node": 45
            }
        ],
        "rule-16": [
            {
                "node-pos": 134,
                "part": null,
                "expression-node": 73,
                "template-line-number": 298,
                "replacement-node": 72
            }
        ],
        "rule-12": [
            {
                "node-pos": 58,
                "html": true,
                "part": null,
                "template-line-number": 105,
                "replacement-node": 33
            }
        ],
        "rule-8": [
            {
                "node-pos": 39,
                "part": null,
                "template-line-number": 71,
                "replacement-node": 21
            }
        ],
        "rule-6": [
            {
                "node-pos": 31,
                "part": null,
                "template-line-number": 61,
                "replacement-node": 15
            }
        ],
        "rule-26": {
            "name": "StudyCostsIncurred2",
            "subs": [
                {
                    "name": "StudyCostsIncurred2",
                    "node-pos": 155,
                    "part": "2",
                    "template-line-number": 385,
                    "replacement-node": 81,
                    "expression-node": 82
                },
                {
                    "name": "StudyCostsIncurred2",
                    "node-pos": 159,
                    "part": "3",
                    "template-line-number": 390,
                    "replacement-node": 84,
                    "expression-node": 85
                },
                {
                    "name": "StudyCostsIncurred2",
                    "node-pos": 163,
                    "part": "4",
                    "template-line-number": 395,
                    "replacement-node": 87,
                    "expression-node": 88
                },
                {
                    "name": "StudyCostsIncurred2",
                    "node-pos": 167,
                    "part": "5",
                    "template-line-number": 400,
                    "replacement-node": 90,
                    "expression-node": 91
                },
                {
                    "name": "StudyCostsIncurred2",
                    "node-pos": 171,
                    "part": "6",
                    "template-line-number": 405,
                    "replacement-node": 93,
                    "expression-node": 94
                }
            ]
        },
        "rule-2": [
            {
                "node-pos": 13,
                "part": null,
                "expression-node": 4,
                "template-line-number": 26,
                "replacement-node": 3
            }
        ],
        "rule-24": [
            {
                "node-pos": 211,
                "part": null,
                "template-line-number": 484,
                "replacement-node": 114
            }
        ],
        "rule-19": [
            {
                "node-pos": 182,
                "part": null,
                "expression-node": 100,
                "template-line-number": 428,
                "replacement-node": 99
            }
        ],
        "rule-27": {
            "name": "StudyCostsIncurred",
            "subs": [
                {
                    "name": "StudyCostsIncurred",
                    "node-pos": 102,
                    "part": "2",
                    "template-line-number": 245,
                    "replacement-node": 51,
                    "expression-node": 52
                },
                {
                    "name": "StudyCostsIncurred",
                    "node-pos": 106,
                    "part": "3",
                    "template-line-number": 250,
                    "replacement-node": 54,
                    "expression-node": 55
                },
                {
                    "name": "StudyCostsIncurred",
                    "node-pos": 110,
                    "part": "4",
                    "template-line-number": 255,
                    "replacement-node": 57,
                    "expression-node": 58
                },
                {
                    "name": "StudyCostsIncurred",
                    "node-pos": 114,
                    "part": "5",
                    "template-line-number": 260,
                    "replacement-node": 60,
                    "expression-node": 61
                },
                {
                    "name": "StudyCostsIncurred",
                    "node-pos": 118,
                    "part": "6",
                    "template-line-number": 265,
                    "replacement-node": 63,
                    "expression-node": 64
                }
            ]
        },
        "rule-7": [
            {
                "node-pos": 35,
                "part": null,
                "expression-node": 19,
                "template-line-number": 66,
                "replacement-node": 18
            }
        ],
        "rule-23": [
            {
                "node-pos": 207,
                "part": null,
                "expression-node": 112,
                "template-line-number": 479,
                "replacement-node": 111
            }
        ],
        "rule-14": [
            {
                "node-pos": 124,
                "part": null,
                "template-line-number": 276,
                "replacement-node": 66
            }
        ],
        "rule-28": {
            "name": "ColumnHeadings",
            "subs": [
                {
                    "name": "ColumnHeadings",
                    "node-pos": 78,
                    "part": "1",
                    "template-line-number": 148,
                    "replacement-node": 39,
                    "extras": {}
                },
                {
                    "name": "ColumnHeadings",
                    "node-pos": 82,
                    "part": "2",
                    "template-line-number": 156,
                    "replacement-node": 42,
                    "extras": {}
                },
                {
                    "name": "ColumnHeadings",
                    "node-pos": 76,
                    "part": "3",
                    "template-line-number": 144,
                    "replacement-node": 37,
                    "extras": {}
                }
            ]
        },
        "rule-21": [
            {
                "node-pos": 195,
                "part": null,
                "expression-node": 106,
                "template-line-number": 455,
                "replacement-node": 105
            }
        ],
        "rule-25": [
            {
                "node-pos": 215,
                "part": null,
                "template-line-number": 493,
                "replacement-node": 117
            }
        ],
        "rule-18": [
            {
                "node-pos": 177,
                "part": null,
                "template-line-number": 416,
                "replacement-node": 96
            }
        ],
        "rule-3": [
            {
                "node-pos": 17,
                "part": null,
                "template-line-number": 32,
                "replacement-node": 6
            }
        ],
        "rule-10": [
            {
                "node-pos": 47,
                "part": null,
                "expression-node": 28,
                "template-line-number": 81,
                "replacement-node": 27
            }
        ],
        "rule-15": [
            {
                "node-pos": 129,
                "part": null,
                "expression-node": 70,
                "template-line-number": 288,
                "replacement-node": 69
            }
        ],
        "rule-22": [
            {
                "node-pos": 200,
                "part": null,
                "expression-node": 109,
                "template-line-number": 465,
                "replacement-node": 108
            }
        ],
        "rule-5": [
            {
                "node-pos": 26,
                "html": true,
                "part": null,
                "template-line-number": 50,
                "replacement-node": 12
            }
        ],
        "rule-4": [
            {
                "node-pos": 21,
                "html": true,
                "part": null,
                "template-line-number": 38,
                "replacement-node": 9
            }
        ],
        "rule-9": [
            {
                "node-pos": 43,
                "part": null,
                "expression-node": 25,
                "template-line-number": 76,
                "replacement-node": 24
            }
        ],
        "rule-17": [
            {
                "node-pos": 141,
                "part": null,
                "template-line-number": 313,
                "replacement-node": 75
            }
        ],
        "rule-20": [
            {
                "node-pos": 187,
                "part": null,
                "expression-node": 103,
                "template-line-number": 438,
                "replacement-node": 102
            }
        ],
        "rule-11": [
            {
                "node-pos": 53,
                "part": null,
                "template-line-number": 93,
                "replacement-node": 30
            }
        ]
    }
}