{
    "line-numbers": {
        "TemporaryCashLineItems": [
            {
                "template-line-number": 700,
                "start-number": 1,
                "line-number-node": 173
            }
        ],
        "OtherInvestmentsLineItems": [
            {
                "template-line-number": 475,
                "start-number": 1,
                "line-number-node": 110
            }
        ],
        "InvestmentLineItems": [
            {
                "template-line-number": 241,
                "start-number": 1,
                "line-number-node": 47
            }
        ],
        "AllInvestmentLineItems": [
            {
                "template-line-number": 924,
                "start-number": 1,
                "line-number-node": 236
            }
        ]
    },
    "substitutions": {
        "rule-21": [
            {
                "part": null,
                "template-line-number": 385,
                "node-pos": 174,
                "replacement-node": 106,
                "expression-node": 107
            }
        ],
        "rule-43": [
            {
                "part": null,
                "template-line-number": 1048,
                "node-pos": 442,
                "replacement-node": 289,
                "expression-node": 290
            }
        ],
        "rule-16": [
            {
                "part": null,
                "template-line-number": 338,
                "node-pos": 152,
                "replacement-node": 91,
                "expression-node": 92
            }
        ],
        "rule-35": [
            {
                "part": null,
                "template-line-number": 828,
                "node-pos": 350,
                "replacement-node": 226,
                "expression-node": 227
            }
        ],
        "rule-39": [
            {
                "part": null,
                "template-line-number": 1004,
                "replacement-node": 277,
                "node-pos": 420
            }
        ],
        "rule-19": [
            {
                "part": null,
                "template-line-number": 367,
                "node-pos": 166,
                "replacement-node": 100,
                "expression-node": 101
            }
        ],
        "rule-25": [
            {
                "part": null,
                "template-line-number": 584,
                "node-pos": 248,
                "replacement-node": 157,
                "expression-node": 158
            }
        ],
        "rule-53": {
            "name": "InvHeadings",
            "subs": [
                {
                    "extras": {},
                    "name": "InvHeadings",
                    "node-pos": 78,
                    "part": "1",
                    "template-line-number": 144,
                    "replacement-node": 40
                },
                {
                    "extras": {},
                    "name": "InvHeadings",
                    "node-pos": 82,
                    "part": "2",
                    "template-line-number": 153,
                    "replacement-node": 43
                },
                {
                    "extras": {},
                    "name": "InvHeadings",
                    "node-pos": 76,
                    "part": "3",
                    "template-line-number": 140,
                    "replacement-node": 38
                }
            ]
        },
        "rule-23": [
            {
                "part": null,
                "template-line-number": 560,
                "replacement-node": 151,
                "node-pos": 236
            }
        ],
        "rule-13": [
            {
                "part": null,
                "template-line-number": 105,
                "html": true,
                "replacement-node": 34,
                "node-pos": 59
            }
        ],
        "rule-2": [
            {
                "part": null,
                "template-line-number": 27,
                "replacement-node": 1,
                "node-pos": 10
            }
        ],
        "rule-50": {
            "name": "TemporaryCashLineItems",
            "subs": [
                {
                    "node-pos": 307,
                    "name": "TemporaryCashLineItems",
                    "expression-node": 200,
                    "part": "10",
                    "template-line-number": 743,
                    "replacement-node": 199
                },
                {
                    "node-pos": 311,
                    "name": "TemporaryCashLineItems",
                    "expression-node": 203,
                    "part": "11",
                    "template-line-number": 748,
                    "replacement-node": 202
                },
                {
                    "node-pos": 315,
                    "name": "TemporaryCashLineItems",
                    "expression-node": 206,
                    "part": "12",
                    "template-line-number": 753,
                    "replacement-node": 205
                },
                {
                    "node-pos": 319,
                    "name": "TemporaryCashLineItems",
                    "expression-node": 209,
                    "part": "13",
                    "template-line-number": 758,
                    "replacement-node": 208
                },
                {
                    "node-pos": 275,
                    "name": "TemporaryCashLineItems",
                    "expression-node": 176,
                    "part": "2",
                    "template-line-number": 703,
                    "replacement-node": 175
                },
                {
                    "node-pos": 279,
                    "name": "TemporaryCashLineItems",
                    "expression-node": 179,
                    "part": "3",
                    "template-line-number": 708,
                    "replacement-node": 178
                },
                {
                    "node-pos": 283,
                    "name": "TemporaryCashLineItems",
                    "expression-node": 182,
                    "part": "4",
                    "template-line-number": 713,
                    "replacement-node": 181
                },
                {
                    "node-pos": 287,
                    "name": "TemporaryCashLineItems",
                    "expression-node": 185,
                    "part": "5",
                    "template-line-number": 718,
                    "replacement-node": 184
                },
                {
                    "node-pos": 291,
                    "name": "TemporaryCashLineItems",
                    "expression-node": 188,
                    "part": "6",
                    "template-line-number": 723,
                    "replacement-node": 187
                },
                {
                    "node-pos": 295,
                    "name": "TemporaryCashLineItems",
                    "expression-node": 191,
                    "part": "7",
                    "template-line-number": 728,
                    "replacement-node": 190
                },
                {
                    "node-pos": 299,
                    "name": "TemporaryCashLineItems",
                    "expression-node": 194,
                    "part": "8",
                    "template-line-number": 733,
                    "replacement-node": 193
                },
                {
                    "node-pos": 303,
                    "name": "TemporaryCashLineItems",
                    "expression-node": 197,
                    "part": "9",
                    "template-line-number": 738,
                    "replacement-node": 196
                }
            ]
        },
        "rule-4": [
            {
                "part": null,
                "template-line-number": 37,
                "replacement-node": 7,
                "node-pos": 18
            }
        ],
        "rule-14": [
            {
                "part": null,
                "template-line-number": 307,
                "replacement-node": 85,
                "node-pos": 140
            }
        ],
        "rule-49": {
            "name": "OtherInvestmentsLineItems",
            "subs": [
                {
                    "node-pos": 215,
                    "name": "OtherInvestmentsLineItems",
                    "expression-node": 137,
                    "part": "10",
                    "template-line-number": 519,
                    "replacement-node": 136
                },
                {
                    "node-pos": 219,
                    "name": "OtherInvestmentsLineItems",
                    "expression-node": 140,
                    "part": "11",
                    "template-line-number": 524,
                    "replacement-node": 139
                },
                {
                    "node-pos": 223,
                    "name": "OtherInvestmentsLineItems",
                    "expression-node": 143,
                    "part": "12",
                    "template-line-number": 529,
                    "replacement-node": 142
                },
                {
                    "node-pos": 227,
                    "name": "OtherInvestmentsLineItems",
                    "expression-node": 146,
                    "part": "13",
                    "template-line-number": 534,
                    "replacement-node": 145
                },
                {
                    "node-pos": 183,
                    "name": "OtherInvestmentsLineItems",
                    "expression-node": 113,
                    "part": "2",
                    "template-line-number": 479,
                    "replacement-node": 112
                },
                {
                    "node-pos": 187,
                    "name": "OtherInvestmentsLineItems",
                    "expression-node": 116,
                    "part": "3",
                    "template-line-number": 484,
                    "replacement-node": 115
                },
                {
                    "node-pos": 191,
                    "name": "OtherInvestmentsLineItems",
                    "expression-node": 119,
                    "part": "4",
                    "template-line-number": 489,
                    "replacement-node": 118
                },
                {
                    "node-pos": 195,
                    "name": "OtherInvestmentsLineItems",
                    "expression-node": 122,
                    "part": "5",
                    "template-line-number": 494,
                    "replacement-node": 121
                },
                {
                    "node-pos": 199,
                    "name": "OtherInvestmentsLineItems",
                    "expression-node": 125,
                    "part": "6",
                    "template-line-number": 499,
                    "replacement-node": 124
                },
                {
                    "node-pos": 203,
                    "name": "OtherInvestmentsLineItems",
                    "expression-node": 128,
                    "part": "7",
                    "template-line-number": 504,
                    "replacement-node": 127
                },
                {
                    "node-pos": 207,
                    "name": "OtherInvestmentsLineItems",
                    "expression-node": 131,
                    "part": "8",
                    "template-line-number": 509,
                    "replacement-node": 130
                },
                {
                    "node-pos": 211,
                    "name": "OtherInvestmentsLineItems",
                    "expression-node": 134,
                    "part": "9",
                    "template-line-number": 514,
                    "replacement-node": 133
                }
            ]
        },
        "rule-38": [
            {
                "part": null,
                "template-line-number": 990,
                "replacement-node": 274,
                "node-pos": 416
            }
        ],
        "rule-32": [
            {
                "part": null,
                "template-line-number": 799,
                "node-pos": 336,
                "replacement-node": 217,
                "expression-node": 218
            }
        ],
        "rule-24": [
            {
                "part": null,
                "template-line-number": 575,
                "node-pos": 244,
                "replacement-node": 154,
                "expression-node": 155
            }
        ],
        "rule-18": [
            {
                "part": null,
                "template-line-number": 356,
                "node-pos": 160,
                "replacement-node": 97,
                "expression-node": 98
            }
        ],
        "rule-11": [
            {
                "part": null,
                "template-line-number": 84,
                "node-pos": 48,
                "replacement-node": 28,
                "expression-node": 29
            }
        ],
        "rule-31": [
            {
                "part": null,
                "template-line-number": 784,
                "replacement-node": 214,
                "node-pos": 328
            }
        ],
        "rule-30": [
            {
                "part": null,
                "template-line-number": 767,
                "replacement-node": 211,
                "node-pos": 324
            }
        ],
        "rule-8": [
            {
                "part": null,
                "template-line-number": 70,
                "node-pos": 36,
                "replacement-node": 19,
                "expression-node": 20
            }
        ],
        "rule-42": [
            {
                "part": null,
                "template-line-number": 1037,
                "node-pos": 436,
                "replacement-node": 286,
                "expression-node": 287
            }
        ],
        "rule-34": [
            {
                "part": null,
                "template-line-number": 817,
                "node-pos": 344,
                "replacement-node": 223,
                "expression-node": 224
            }
        ],
        "rule-26": [
            {
                "part": null,
                "template-line-number": 593,
                "node-pos": 252,
                "replacement-node": 160,
                "expression-node": 161
            }
        ],
        "rule-27": [
            {
                "part": null,
                "template-line-number": 604,
                "node-pos": 258,
                "replacement-node": 163,
                "expression-node": 164
            }
        ],
        "rule-12": [
            {
                "part": null,
                "template-line-number": 95,
                "replacement-node": 31,
                "node-pos": 54
            }
        ],
        "rule-40": [
            {
                "part": null,
                "template-line-number": 1019,
                "node-pos": 428,
                "replacement-node": 280,
                "expression-node": 281
            }
        ],
        "rule-51": {
            "name": "AllInvestmentLineItems",
            "subs": [
                {
                    "node-pos": 399,
                    "name": "AllInvestmentLineItems",
                    "expression-node": 263,
                    "part": "10",
                    "template-line-number": 967,
                    "replacement-node": 262
                },
                {
                    "node-pos": 403,
                    "name": "AllInvestmentLineItems",
                    "expression-node": 266,
                    "part": "11",
                    "template-line-number": 972,
                    "replacement-node": 265
                },
                {
                    "node-pos": 407,
                    "name": "AllInvestmentLineItems",
                    "expression-node": 269,
                    "part": "12",
                    "template-line-number": 977,
                    "replacement-node": 268
                },
                {
                    "node-pos": 411,
                    "name": "AllInvestmentLineItems",
                    "expression-node": 272,
                    "part": "13",
                    "template-line-number": 982,
                    "replacement-node": 271
                },
                {
                    "node-pos": 367,
                    "name": "AllInvestmentLineItems",
                    "expression-node": 239,
                    "part": "2",
                    "template-line-number": 927,
                    "replacement-node": 238
                },
                {
                    "node-pos": 371,
                    "name": "AllInvestmentLineItems",
                    "expression-node": 242,
                    "part": "3",
                    "template-line-number": 932,
                    "replacement-node": 241
                },
                {
                    "node-pos": 375,
                    "name": "AllInvestmentLineItems",
                    "expression-node": 245,
                    "part": "4",
                    "template-line-number": 937,
                    "replacement-node": 244
                },
                {
                    "node-pos": 379,
                    "name": "AllInvestmentLineItems",
                    "expression-node": 248,
                    "part": "5",
                    "template-line-number": 942,
                    "replacement-node": 247
                },
                {
                    "node-pos": 383,
                    "name": "AllInvestmentLineItems",
                    "expression-node": 251,
                    "part": "6",
                    "template-line-number": 947,
                    "replacement-node": 250
                },
                {
                    "node-pos": 387,
                    "name": "AllInvestmentLineItems",
                    "expression-node": 254,
                    "part": "7",
                    "template-line-number": 952,
                    "replacement-node": 253
                },
                {
                    "node-pos": 391,
                    "name": "AllInvestmentLineItems",
                    "expression-node": 257,
                    "part": "8",
                    "template-line-number": 957,
                    "replacement-node": 256
                },
                {
                    "node-pos": 395,
                    "name": "AllInvestmentLineItems",
                    "expression-node": 260,
                    "part": "9",
                    "template-line-number": 962,
                    "replacement-node": 259
                }
            ]
        },
        "rule-47": [
            {
                "part": null,
                "template-line-number": 1085,
                "replacement-node": 301,
                "node-pos": 460
            }
        ],
        "rule-7": [
            {
                "part": null,
                "template-line-number": 66,
                "replacement-node": 16,
                "node-pos": 32
            }
        ],
        "rule-36": [
            {
                "part": null,
                "template-line-number": 837,
                "node-pos": 354,
                "replacement-node": 229,
                "expression-node": 230
            }
        ],
        "rule-41": [
            {
                "part": null,
                "template-line-number": 1028,
                "node-pos": 432,
                "replacement-node": 283,
                "expression-node": 284
            }
        ],
        "rule-5": [
            {
                "part": null,
                "template-line-number": 43,
                "html": true,
                "replacement-node": 10,
                "node-pos": 22
            }
        ],
        "rule-37": [
            {
                "part": null,
                "template-line-number": 846,
                "node-pos": 358,
                "replacement-node": 232,
                "expression-node": 233
            }
        ],
        "rule-20": [
            {
                "part": null,
                "template-line-number": 376,
                "node-pos": 170,
                "replacement-node": 103,
                "expression-node": 104
            }
        ],
        "rule-33": [
            {
                "part": null,
                "template-line-number": 808,
                "node-pos": 340,
                "replacement-node": 220,
                "expression-node": 221
            }
        ],
        "rule-29": [
            {
                "part": null,
                "template-line-number": 622,
                "node-pos": 266,
                "replacement-node": 169,
                "expression-node": 170
            }
        ],
        "rule-45": [
            {
                "part": null,
                "template-line-number": 1066,
                "node-pos": 450,
                "replacement-node": 295,
                "expression-node": 296
            }
        ],
        "rule-48": [
            {
                "part": null,
                "template-line-number": 1094,
                "replacement-node": 304,
                "node-pos": 464
            }
        ],
        "rule-44": [
            {
                "part": null,
                "template-line-number": 1057,
                "node-pos": 446,
                "replacement-node": 292,
                "expression-node": 293
            }
        ],
        "rule-3": [
            {
                "part": null,
                "template-line-number": 31,
                "node-pos": 14,
                "replacement-node": 4,
                "expression-node": 5
            }
        ],
        "rule-6": [
            {
                "part": null,
                "template-line-number": 55,
                "html": true,
                "replacement-node": 13,
                "node-pos": 27
            }
        ],
        "rule-46": [
            {
                "part": null,
                "template-line-number": 1080,
                "node-pos": 456,
                "replacement-node": 298,
                "expression-node": 299
            }
        ],
        "rule-22": [
            {
                "part": null,
                "template-line-number": 543,
                "replacement-node": 148,
                "node-pos": 232
            }
        ],
        "rule-28": [
            {
                "part": null,
                "template-line-number": 613,
                "node-pos": 262,
                "replacement-node": 166,
                "expression-node": 167
            }
        ],
        "rule-10": [
            {
                "part": null,
                "template-line-number": 79,
                "node-pos": 44,
                "replacement-node": 25,
                "expression-node": 26
            }
        ],
        "rule-9": [
            {
                "part": null,
                "template-line-number": 75,
                "replacement-node": 22,
                "node-pos": 40
            }
        ],
        "rule-15": [
            {
                "part": null,
                "template-line-number": 323,
                "replacement-node": 88,
                "node-pos": 144
            }
        ],
        "rule-52": {
            "name": "InvestmentLineItems",
            "subs": [
                {
                    "node-pos": 123,
                    "name": "InvestmentLineItems",
                    "expression-node": 74,
                    "part": "10",
                    "template-line-number": 284,
                    "replacement-node": 73
                },
                {
                    "node-pos": 127,
                    "name": "InvestmentLineItems",
                    "expression-node": 77,
                    "part": "11",
                    "template-line-number": 289,
                    "replacement-node": 76
                },
                {
                    "node-pos": 131,
                    "name": "InvestmentLineItems",
                    "expression-node": 80,
                    "part": "12",
                    "template-line-number": 294,
                    "replacement-node": 79
                },
                {
                    "node-pos": 135,
                    "name": "InvestmentLineItems",
                    "expression-node": 83,
                    "part": "13",
                    "template-line-number": 299,
                    "replacement-node": 82
                },
                {
                    "node-pos": 91,
                    "name": "InvestmentLineItems",
                    "expression-node": 50,
                    "part": "2",
                    "template-line-number": 244,
                    "replacement-node": 49
                },
                {
                    "node-pos": 95,
                    "name": "InvestmentLineItems",
                    "expression-node": 53,
                    "part": "3",
                    "template-line-number": 249,
                    "replacement-node": 52
                },
                {
                    "node-pos": 99,
                    "name": "InvestmentLineItems",
                    "expression-node": 56,
                    "part": "4",
                    "template-line-number": 254,
                    "replacement-node": 55
                },
                {
                    "node-pos": 103,
                    "name": "InvestmentLineItems",
                    "expression-node": 59,
                    "part": "5",
                    "template-line-number": 259,
                    "replacement-node": 58
                },
                {
                    "node-pos": 107,
                    "name": "InvestmentLineItems",
                    "expression-node": 62,
                    "part": "6",
                    "template-line-number": 264,
                    "replacement-node": 61
                },
                {
                    "node-pos": 111,
                    "name": "InvestmentLineItems",
                    "expression-node": 65,
                    "part": "7",
                    "template-line-number": 269,
                    "replacement-node": 64
                },
                {
                    "node-pos": 115,
                    "name": "InvestmentLineItems",
                    "expression-node": 68,
                    "part": "8",
                    "template-line-number": 274,
                    "replacement-node": 67
                },
                {
                    "node-pos": 119,
                    "name": "InvestmentLineItems",
                    "expression-node": 71,
                    "part": "9",
                    "template-line-number": 279,
                    "replacement-node": 70
                }
            ]
        },
        "rule-17": [
            {
                "part": null,
                "template-line-number": 347,
                "node-pos": 156,
                "replacement-node": 94,
                "expression-node": 95
            }
        ]
    },
    "showifs": {
        "rule-1": {
            "template-line-number": 17,
            "type": "showif"
        }
    }
}