{
    "showifs": {},
    "line-numbers": {},
    "substitutions": {
        "rule-10": [
            {
                "expression-node": 28,
                "replacement-node": 27,
                "node-pos": 47,
                "template-line-number": 82,
                "part": null
            }
        ],
        "rule-9": [
            {
                "expression-node": 25,
                "replacement-node": 24,
                "node-pos": 43,
                "template-line-number": 77,
                "part": null
            }
        ],
        "rule-5": [
            {
                "replacement-node": 12,
                "node-pos": 26,
                "template-line-number": 51,
                "part": null,
                "html": true
            }
        ],
        "rule-16": {
            "subs": [
                {
                    "extras": {},
                    "name": "ColumnHeadings",
                    "node-pos": 89,
                    "template-line-number": 162,
                    "part": "1",
                    "replacement-node": 39
                },
                {
                    "extras": {},
                    "name": "ColumnHeadings",
                    "node-pos": 93,
                    "template-line-number": 170,
                    "part": "2",
                    "replacement-node": 42
                },
                {
                    "extras": {},
                    "name": "ColumnHeadings",
                    "node-pos": 87,
                    "template-line-number": 158,
                    "part": "3",
                    "replacement-node": 37
                }
            ],
            "name": "ColumnHeadings"
        },
        "rule-6": [
            {
                "replacement-node": 15,
                "node-pos": 31,
                "template-line-number": 62,
                "part": null
            }
        ],
        "rule-1": [
            {
                "replacement-node": 0,
                "node-pos": 9,
                "template-line-number": 22,
                "part": null
            }
        ],
        "rule-8": [
            {
                "replacement-node": 21,
                "node-pos": 39,
                "template-line-number": 72,
                "part": null
            }
        ],
        "rule-17": {
            "subs": [
                {
                    "extras": {},
                    "name": "GeneratingPlantStatistics",
                    "node-pos": 99,
                    "template-line-number": 256,
                    "part": "1",
                    "replacement-node": 46
                },
                {
                    "expression-node": 75,
                    "name": "GeneratingPlantStatistics",
                    "node-pos": 136,
                    "template-line-number": 299,
                    "part": "10",
                    "replacement-node": 74
                },
                {
                    "expression-node": 78,
                    "name": "GeneratingPlantStatistics",
                    "node-pos": 140,
                    "template-line-number": 304,
                    "part": "11",
                    "replacement-node": 77
                },
                {
                    "expression-node": 81,
                    "name": "GeneratingPlantStatistics",
                    "node-pos": 144,
                    "template-line-number": 309,
                    "part": "12",
                    "replacement-node": 80
                },
                {
                    "expression-node": 84,
                    "name": "GeneratingPlantStatistics",
                    "node-pos": 148,
                    "template-line-number": 314,
                    "part": "13",
                    "replacement-node": 83
                },
                {
                    "expression-node": 51,
                    "name": "GeneratingPlantStatistics",
                    "node-pos": 104,
                    "template-line-number": 259,
                    "part": "2",
                    "replacement-node": 50
                },
                {
                    "expression-node": 54,
                    "name": "GeneratingPlantStatistics",
                    "node-pos": 108,
                    "template-line-number": 264,
                    "part": "3",
                    "replacement-node": 53
                },
                {
                    "expression-node": 57,
                    "name": "GeneratingPlantStatistics",
                    "node-pos": 112,
                    "template-line-number": 269,
                    "part": "4",
                    "replacement-node": 56
                },
                {
                    "expression-node": 60,
                    "name": "GeneratingPlantStatistics",
                    "node-pos": 116,
                    "template-line-number": 274,
                    "part": "5",
                    "replacement-node": 59
                },
                {
                    "expression-node": 63,
                    "name": "GeneratingPlantStatistics",
                    "node-pos": 120,
                    "template-line-number": 279,
                    "part": "6",
                    "replacement-node": 62
                },
                {
                    "expression-node": 66,
                    "name": "GeneratingPlantStatistics",
                    "node-pos": 124,
                    "template-line-number": 284,
                    "part": "7",
                    "replacement-node": 65
                },
                {
                    "expression-node": 69,
                    "name": "GeneratingPlantStatistics",
                    "node-pos": 128,
                    "template-line-number": 289,
                    "part": "8",
                    "replacement-node": 68
                },
                {
                    "expression-node": 72,
                    "name": "GeneratingPlantStatistics",
                    "node-pos": 132,
                    "template-line-number": 294,
                    "part": "9",
                    "replacement-node": 71
                }
            ],
            "name": "GeneratingPlantStatistics"
        },
        "rule-4": [
            {
                "replacement-node": 9,
                "node-pos": 21,
                "template-line-number": 39,
                "part": null,
                "html": true
            }
        ],
        "rule-3": [
            {
                "replacement-node": 6,
                "node-pos": 17,
                "template-line-number": 33,
                "part": null
            }
        ],
        "rule-12": [
            {
                "replacement-node": 33,
                "node-pos": 58,
                "template-line-number": 104,
                "part": null,
                "html": true
            }
        ],
        "rule-11": [
            {
                "replacement-node": 30,
                "node-pos": 53,
                "template-line-number": 92,
                "part": null,
                "html": true
            }
        ],
        "rule-14": [
            {
                "replacement-node": 89,
                "node-pos": 158,
                "template-line-number": 336,
                "part": null
            }
        ],
        "rule-15": [
            {
                "replacement-node": 92,
                "node-pos": 162,
                "template-line-number": 346,
                "part": null
            }
        ],
        "rule-7": [
            {
                "expression-node": 19,
                "replacement-node": 18,
                "node-pos": 35,
                "template-line-number": 67,
                "part": null
            }
        ],
        "rule-2": [
            {
                "expression-node": 4,
                "replacement-node": 3,
                "node-pos": 13,
                "template-line-number": 27,
                "part": null
            }
        ],
        "rule-13": [
            {
                "expression-node": 87,
                "replacement-node": 86,
                "node-pos": 154,
                "template-line-number": 329,
                "part": null
            }
        ]
    }
}