{
    "showifs": {},
    "line-numbers": {
        "SalesOfElectricityByRateSchedule": [
            {
                "template-line-number": 227,
                "start-number": 1,
                "line-number-node": 44
            }
        ]
    },
    "substitutions": {
        "rule-25": [
            {
                "expression-node": 102,
                "template-line-number": 429,
                "replacement-node": 101,
                "part": null,
                "node-pos": 168
            }
        ],
        "rule-31": {
            "name": "SalesOfElectricityByRateSchedule",
            "subs": [
                {
                    "name": "SalesOfElectricityByRateSchedule",
                    "part": "2",
                    "expression-node": 48,
                    "template-line-number": 235,
                    "replacement-node": 47,
                    "node-pos": 87
                },
                {
                    "name": "SalesOfElectricityByRateSchedule",
                    "part": "3",
                    "expression-node": 51,
                    "template-line-number": 245,
                    "replacement-node": 50,
                    "node-pos": 91
                },
                {
                    "name": "SalesOfElectricityByRateSchedule",
                    "part": "4",
                    "expression-node": 54,
                    "template-line-number": 254,
                    "replacement-node": 53,
                    "node-pos": 95
                },
                {
                    "name": "SalesOfElectricityByRateSchedule",
                    "part": "5",
                    "expression-node": 57,
                    "template-line-number": 262,
                    "replacement-node": 56,
                    "node-pos": 99
                },
                {
                    "name": "SalesOfElectricityByRateSchedule",
                    "part": "6",
                    "expression-node": 60,
                    "template-line-number": 273,
                    "replacement-node": 59,
                    "node-pos": 103
                },
                {
                    "name": "SalesOfElectricityByRateSchedule",
                    "part": "7",
                    "expression-node": 63,
                    "template-line-number": 282,
                    "replacement-node": 62,
                    "node-pos": 107
                }
            ]
        },
        "rule-11": [
            {
                "template-line-number": 113,
                "replacement-node": 30,
                "part": null,
                "node-pos": 53
            }
        ],
        "rule-7": [
            {
                "expression-node": 19,
                "template-line-number": 82,
                "replacement-node": 18,
                "part": null,
                "node-pos": 35
            }
        ],
        "rule-14": [
            {
                "expression-node": 69,
                "template-line-number": 307,
                "replacement-node": 68,
                "part": null,
                "node-pos": 118
            }
        ],
        "rule-30": [
            {
                "template-line-number": 481,
                "replacement-node": 116,
                "part": null,
                "node-pos": 190
            }
        ],
        "rule-27": [
            {
                "expression-node": 108,
                "template-line-number": 449,
                "replacement-node": 107,
                "part": null,
                "node-pos": 176
            }
        ],
        "rule-1": [
            {
                "template-line-number": 19,
                "replacement-node": 0,
                "part": null,
                "node-pos": 9
            }
        ],
        "rule-13": [
            {
                "expression-node": 66,
                "template-line-number": 297,
                "replacement-node": 65,
                "part": null,
                "node-pos": 114
            }
        ],
        "rule-8": [
            {
                "template-line-number": 89,
                "replacement-node": 21,
                "part": null,
                "node-pos": 39
            }
        ],
        "rule-22": [
            {
                "expression-node": 93,
                "template-line-number": 393,
                "replacement-node": 92,
                "part": null,
                "node-pos": 153
            }
        ],
        "rule-3": [
            {
                "template-line-number": 33,
                "replacement-node": 6,
                "part": null,
                "node-pos": 17
            }
        ],
        "rule-16": [
            {
                "expression-node": 75,
                "template-line-number": 327,
                "replacement-node": 74,
                "part": null,
                "node-pos": 126
            }
        ],
        "rule-6": [
            {
                "template-line-number": 75,
                "replacement-node": 15,
                "part": null,
                "node-pos": 31
            }
        ],
        "rule-19": [
            {
                "expression-node": 84,
                "template-line-number": 363,
                "replacement-node": 83,
                "part": null,
                "node-pos": 141
            }
        ],
        "rule-4": [
            {
                "html": true,
                "template-line-number": 41,
                "replacement-node": 9,
                "part": null,
                "node-pos": 21
            }
        ],
        "rule-32": {
            "name": "ColumnHeadings",
            "subs": [
                {
                    "name": "ColumnHeadings",
                    "part": "1",
                    "extras": {},
                    "template-line-number": 155,
                    "replacement-node": 37,
                    "node-pos": 73
                },
                {
                    "name": "ColumnHeadings",
                    "part": "2",
                    "extras": {},
                    "template-line-number": 162,
                    "replacement-node": 40,
                    "node-pos": 77
                }
            ]
        },
        "rule-18": [
            {
                "expression-node": 81,
                "template-line-number": 353,
                "replacement-node": 80,
                "part": null,
                "node-pos": 137
            }
        ],
        "rule-24": [
            {
                "expression-node": 99,
                "template-line-number": 419,
                "replacement-node": 98,
                "part": null,
                "node-pos": 164
            }
        ],
        "rule-23": [
            {
                "expression-node": 96,
                "template-line-number": 409,
                "replacement-node": 95,
                "part": null,
                "node-pos": 160
            }
        ],
        "rule-20": [
            {
                "expression-node": 87,
                "template-line-number": 373,
                "replacement-node": 86,
                "part": null,
                "node-pos": 145
            }
        ],
        "rule-12": [
            {
                "html": true,
                "template-line-number": 124,
                "replacement-node": 33,
                "part": null,
                "node-pos": 58
            }
        ],
        "rule-2": [
            {
                "expression-node": 4,
                "template-line-number": 26,
                "replacement-node": 3,
                "part": null,
                "node-pos": 13
            }
        ],
        "rule-21": [
            {
                "expression-node": 90,
                "template-line-number": 383,
                "replacement-node": 89,
                "part": null,
                "node-pos": 149
            }
        ],
        "rule-17": [
            {
                "expression-node": 78,
                "template-line-number": 337,
                "replacement-node": 77,
                "part": null,
                "node-pos": 130
            }
        ],
        "rule-9": [
            {
                "expression-node": 25,
                "template-line-number": 96,
                "replacement-node": 24,
                "part": null,
                "node-pos": 43
            }
        ],
        "rule-28": [
            {
                "expression-node": 111,
                "template-line-number": 464,
                "replacement-node": 110,
                "part": null,
                "node-pos": 182
            }
        ],
        "rule-29": [
            {
                "template-line-number": 471,
                "replacement-node": 113,
                "part": null,
                "node-pos": 186
            }
        ],
        "rule-5": [
            {
                "html": true,
                "template-line-number": 57,
                "replacement-node": 12,
                "part": null,
                "node-pos": 26
            }
        ],
        "rule-10": [
            {
                "expression-node": 28,
                "template-line-number": 102,
                "replacement-node": 27,
                "part": null,
                "node-pos": 47
            }
        ],
        "rule-26": [
            {
                "expression-node": 105,
                "template-line-number": 439,
                "replacement-node": 104,
                "part": null,
                "node-pos": 172
            }
        ],
        "rule-15": [
            {
                "expression-node": 72,
                "template-line-number": 317,
                "replacement-node": 71,
                "part": null,
                "node-pos": 122
            }
        ]
    }
}