{
    "substitutions": {
        "rule-1": [
            {
                "part": null,
                "replacement-node": 0,
                "template-line-number": 22,
                "node-pos": 9
            }
        ],
        "rule-2": [
            {
                "part": null,
                "replacement-node": 3,
                "expression-node": 4,
                "template-line-number": 27,
                "node-pos": 13
            }
        ],
        "rule-3": [
            {
                "part": null,
                "replacement-node": 6,
                "template-line-number": 33,
                "node-pos": 17
            }
        ],
        "rule-4": [
            {
                "part": null,
                "replacement-node": 9,
                "template-line-number": 39,
                "node-pos": 21,
                "html": true
            }
        ],
        "rule-5": [
            {
                "part": null,
                "replacement-node": 12,
                "template-line-number": 51,
                "node-pos": 26,
                "html": true
            }
        ],
        "rule-6": [
            {
                "part": null,
                "replacement-node": 15,
                "template-line-number": 62,
                "node-pos": 31
            }
        ],
        "rule-7": [
            {
                "part": null,
                "replacement-node": 18,
                "expression-node": 19,
                "template-line-number": 67,
                "node-pos": 35
            }
        ],
        "rule-8": [
            {
                "part": null,
                "replacement-node": 21,
                "template-line-number": 72,
                "node-pos": 39
            }
        ],
        "rule-9": [
            {
                "part": null,
                "replacement-node": 24,
                "expression-node": 25,
                "template-line-number": 77,
                "node-pos": 43
            }
        ],
        "rule-10": [
            {
                "part": null,
                "replacement-node": 27,
                "expression-node": 28,
                "template-line-number": 82,
                "node-pos": 47
            }
        ],
        "rule-11": [
            {
                "part": null,
                "replacement-node": 30,
                "template-line-number": 92,
                "node-pos": 53
            }
        ],
        "rule-12": [
            {
                "part": null,
                "replacement-node": 63,
                "template-line-number": 238,
                "node-pos": 104
            }
        ],
        "rule-13": [
            {
                "part": null,
                "replacement-node": 66,
                "expression-node": 67,
                "template-line-number": 254,
                "node-pos": 113
            }
        ],
        "rule-14": [
            {
                "part": null,
                "replacement-node": 69,
                "expression-node": 70,
                "template-line-number": 268,
                "node-pos": 119
            }
        ],
        "rule-15": [
            {
                "part": null,
                "replacement-node": 72,
                "template-line-number": 273,
                "node-pos": 123
            }
        ],
        "rule-16": [
            {
                "part": null,
                "replacement-node": 75,
                "template-line-number": 282,
                "node-pos": 127
            }
        ],
        "rule-17": {
            "name": "ElectricPlantLeasedToOthers",
            "subs": [
                {
                    "name": "ElectricPlantLeasedToOthers",
                    "part": "2",
                    "replacement-node": 45,
                    "expression-node": 46,
                    "template-line-number": 201,
                    "node-pos": 78
                },
                {
                    "name": "ElectricPlantLeasedToOthers",
                    "part": "3",
                    "replacement-node": 48,
                    "template-line-number": 206,
                    "extras": {},
                    "node-pos": 82
                },
                {
                    "name": "ElectricPlantLeasedToOthers",
                    "part": "4",
                    "replacement-node": 51,
                    "expression-node": 52,
                    "template-line-number": 211,
                    "node-pos": 86
                },
                {
                    "name": "ElectricPlantLeasedToOthers",
                    "part": "5",
                    "replacement-node": 54,
                    "expression-node": 55,
                    "template-line-number": 216,
                    "node-pos": 90
                },
                {
                    "name": "ElectricPlantLeasedToOthers",
                    "part": "6",
                    "replacement-node": 57,
                    "expression-node": 58,
                    "template-line-number": 221,
                    "node-pos": 94
                },
                {
                    "name": "ElectricPlantLeasedToOthers",
                    "part": "7",
                    "replacement-node": 60,
                    "expression-node": 61,
                    "template-line-number": 226,
                    "node-pos": 98
                }
            ]
        },
        "rule-18": {
            "name": "ColumnHeadings",
            "subs": [
                {
                    "name": "ColumnHeadings",
                    "part": "1",
                    "replacement-node": 36,
                    "template-line-number": 128,
                    "extras": {},
                    "node-pos": 65
                },
                {
                    "name": "ColumnHeadings",
                    "part": "2",
                    "replacement-node": 39,
                    "template-line-number": 136,
                    "extras": {},
                    "node-pos": 69
                },
                {
                    "name": "ColumnHeadings",
                    "part": "3",
                    "replacement-node": 34,
                    "template-line-number": 124,
                    "extras": {},
                    "node-pos": 63
                }
            ]
        }
    },
    "line-numbers": {
        "ElectricPlantLeasedToOthers": [
            {
                "line-number-node": 43,
                "start-number": 1,
                "template-line-number": 198
            }
        ]
    },
    "showifs": {},
    "footnotes": {},
    "standard-rules": [
        "rule-1",
        "rule-2",
        "rule-3",
        "rule-4",
        "rule-5",
        "rule-6",
        "rule-7",
        "rule-8",
        "rule-9",
        "rule-10",
        "rule-11",
        "rule-12",
        "rule-13",
        "rule-14",
        "rule-15",
        "rule-16",
        "rule-17",
        "rule-18"
    ],
    "footnote-rules": []
}