{
    "line-numbers": {
        "MiscellaneousDeferredDebits": [
            {
                "line-number-node": 55,
                "template-line-number": 254,
                "start-number": 3
            }
        ]
    },
    "showifs": {},
    "substitutions": {
        "rule-18": [
            {
                "node-pos": 136,
                "expression-node": 74,
                "replacement-node": 73,
                "part": null,
                "template-line-number": 314
            }
        ],
        "rule-12": [
            {
                "node-pos": 59,
                "html": true,
                "replacement-node": 33,
                "part": null,
                "template-line-number": 104
            }
        ],
        "rule-7": [
            {
                "node-pos": 36,
                "expression-node": 19,
                "replacement-node": 18,
                "part": null,
                "template-line-number": 68
            }
        ],
        "rule-21": [
            {
                "node-pos": 150,
                "replacement-node": 82,
                "part": null,
                "template-line-number": 343
            }
        ],
        "rule-11": [
            {
                "node-pos": 54,
                "replacement-node": 30,
                "part": null,
                "template-line-number": 93
            }
        ],
        "rule-17": [
            {
                "node-pos": 132,
                "expression-node": 71,
                "replacement-node": 70,
                "part": null,
                "template-line-number": 305
            }
        ],
        "rule-15": [
            {
                "node-pos": 98,
                "replacement-node": 51,
                "part": null,
                "template-line-number": 195
            }
        ],
        "rule-8": [
            {
                "node-pos": 40,
                "replacement-node": 21,
                "part": null,
                "template-line-number": 73
            }
        ],
        "rule-16": [
            {
                "node-pos": 126,
                "replacement-node": 67,
                "part": null,
                "template-line-number": 290
            }
        ],
        "rule-5": [
            {
                "node-pos": 27,
                "html": true,
                "replacement-node": 12,
                "part": null,
                "template-line-number": 52
            }
        ],
        "rule-10": [
            {
                "node-pos": 48,
                "expression-node": 28,
                "replacement-node": 27,
                "part": null,
                "template-line-number": 83
            }
        ],
        "rule-6": [
            {
                "node-pos": 32,
                "replacement-node": 15,
                "part": null,
                "template-line-number": 63
            }
        ],
        "rule-23": {
            "subs": [
                {
                    "replacement-node": 39,
                    "name": "ColumnHeadings",
                    "part": "1",
                    "extras": {},
                    "node-pos": 73,
                    "template-line-number": 141
                },
                {
                    "replacement-node": 42,
                    "name": "ColumnHeadings",
                    "part": "2",
                    "extras": {},
                    "node-pos": 77,
                    "template-line-number": 149
                },
                {
                    "replacement-node": 37,
                    "name": "ColumnHeadings",
                    "part": "3",
                    "extras": {},
                    "node-pos": 71,
                    "template-line-number": 137
                }
            ],
            "name": "ColumnHeadings"
        },
        "rule-9": [
            {
                "node-pos": 44,
                "expression-node": 25,
                "replacement-node": 24,
                "part": null,
                "template-line-number": 78
            }
        ],
        "rule-22": {
            "subs": [
                {
                    "expression-node": 59,
                    "replacement-node": 58,
                    "name": "MiscellaneousDeferredDebits",
                    "part": "2",
                    "node-pos": 112,
                    "template-line-number": 262
                },
                {
                    "expression-node": 62,
                    "replacement-node": 61,
                    "name": "MiscellaneousDeferredDebits",
                    "part": "3",
                    "node-pos": 116,
                    "template-line-number": 270
                },
                {
                    "expression-node": 65,
                    "replacement-node": 64,
                    "name": "MiscellaneousDeferredDebits",
                    "part": "4",
                    "node-pos": 120,
                    "template-line-number": 278
                }
            ],
            "name": "MiscellaneousDeferredDebits"
        },
        "rule-20": [
            {
                "node-pos": 146,
                "replacement-node": 79,
                "part": null,
                "template-line-number": 334
            }
        ],
        "rule-13": [
            {
                "node-pos": 83,
                "replacement-node": 45,
                "part": null,
                "template-line-number": 160
            }
        ],
        "rule-1": [
            {
                "node-pos": 10,
                "replacement-node": 0,
                "part": null,
                "template-line-number": 23
            }
        ],
        "rule-4": [
            {
                "node-pos": 22,
                "html": true,
                "replacement-node": 9,
                "part": null,
                "template-line-number": 40
            }
        ],
        "rule-2": [
            {
                "node-pos": 14,
                "expression-node": 4,
                "replacement-node": 3,
                "part": null,
                "template-line-number": 28
            }
        ],
        "rule-19": [
            {
                "node-pos": 142,
                "expression-node": 77,
                "replacement-node": 76,
                "part": null,
                "template-line-number": 328
            }
        ],
        "rule-14": [
            {
                "node-pos": 88,
                "replacement-node": 48,
                "part": null,
                "template-line-number": 173
            }
        ],
        "rule-3": [
            {
                "node-pos": 18,
                "replacement-node": 6,
                "part": null,
                "template-line-number": 34
            }
        ]
    }
}