{
    "substitutions": {
        "rule-4": [
            {
                "template-line-number": 41,
                "part": null,
                "node-pos": 18,
                "replacement-node": 7
            }
        ],
        "rule-23": [
            {
                "expression-node": 112,
                "part": null,
                "node-pos": 191,
                "replacement-node": 111,
                "template-line-number": 451
            }
        ],
        "rule-16": [
            {
                "expression-node": 51,
                "part": null,
                "node-pos": 95,
                "replacement-node": 50,
                "template-line-number": 187
            }
        ],
        "rule-38": [
            {
                "expression-node": 197,
                "part": null,
                "node-pos": 329,
                "replacement-node": 196,
                "template-line-number": 815
            }
        ],
        "rule-51": {
            "subs": [
                {
                    "template-line-number": 274,
                    "part": "1",
                    "extras": {},
                    "name": "APLineItems",
                    "node-pos": 120,
                    "replacement-node": 63
                },
                {
                    "template-line-number": 285,
                    "part": "2",
                    "extras": {},
                    "name": "APLineItems",
                    "node-pos": 128,
                    "replacement-node": 68
                },
                {
                    "template-line-number": 295,
                    "part": "4",
                    "name": "APLineItems",
                    "expression-node": 73,
                    "node-pos": 133,
                    "replacement-node": 72
                },
                {
                    "template-line-number": 302,
                    "part": "5",
                    "name": "APLineItems",
                    "expression-node": 76,
                    "node-pos": 137,
                    "replacement-node": 75
                },
                {
                    "template-line-number": 281,
                    "part": "6",
                    "extras": {},
                    "name": "APLineItems",
                    "node-pos": 126,
                    "replacement-node": 66
                },
                {
                    "template-line-number": 309,
                    "part": "6",
                    "name": "APLineItems",
                    "expression-node": 79,
                    "node-pos": 141,
                    "replacement-node": 78
                },
                {
                    "template-line-number": 315,
                    "part": "7",
                    "name": "APLineItems",
                    "expression-node": 82,
                    "node-pos": 145,
                    "replacement-node": 81
                }
            ],
            "name": "APLineItems"
        },
        "rule-48": [
            {
                "template-line-number": 1019,
                "part": null,
                "node-pos": 409,
                "replacement-node": 248
            }
        ],
        "rule-30": [
            {
                "expression-node": 155,
                "part": null,
                "node-pos": 262,
                "replacement-node": 154,
                "template-line-number": 632
            }
        ],
        "rule-10": [
            {
                "expression-node": 26,
                "part": null,
                "node-pos": 44,
                "replacement-node": 25,
                "template-line-number": 83
            }
        ],
        "rule-20": [
            {
                "template-line-number": 420,
                "part": null,
                "node-pos": 178,
                "replacement-node": 102
            }
        ],
        "rule-3": [
            {
                "expression-node": 5,
                "part": null,
                "node-pos": 14,
                "replacement-node": 4,
                "template-line-number": 35
            }
        ],
        "rule-22": [
            {
                "expression-node": 109,
                "part": null,
                "node-pos": 187,
                "replacement-node": 108,
                "template-line-number": 442
            }
        ],
        "rule-49": {
            "subs": [
                {
                    "template-line-number": 893,
                    "part": "1",
                    "extras": {},
                    "name": "APLineItems3",
                    "node-pos": 345,
                    "replacement-node": 206
                },
                {
                    "template-line-number": 904,
                    "part": "2",
                    "extras": {},
                    "name": "APLineItems3",
                    "node-pos": 353,
                    "replacement-node": 211
                },
                {
                    "template-line-number": 914,
                    "part": "4",
                    "name": "APLineItems3",
                    "expression-node": 216,
                    "node-pos": 358,
                    "replacement-node": 215
                },
                {
                    "template-line-number": 921,
                    "part": "5",
                    "name": "APLineItems3",
                    "expression-node": 219,
                    "node-pos": 362,
                    "replacement-node": 218
                },
                {
                    "template-line-number": 900,
                    "part": "6",
                    "extras": {},
                    "name": "APLineItems3",
                    "node-pos": 351,
                    "replacement-node": 209
                },
                {
                    "template-line-number": 928,
                    "part": "6",
                    "name": "APLineItems3",
                    "expression-node": 222,
                    "node-pos": 366,
                    "replacement-node": 221
                },
                {
                    "template-line-number": 934,
                    "part": "7",
                    "name": "APLineItems3",
                    "expression-node": 225,
                    "node-pos": 370,
                    "replacement-node": 224
                }
            ],
            "name": "APLineItems3"
        },
        "rule-33": [
            {
                "expression-node": 182,
                "part": null,
                "node-pos": 304,
                "replacement-node": 181,
                "template-line-number": 758
            }
        ],
        "rule-24": [
            {
                "expression-node": 115,
                "part": null,
                "node-pos": 195,
                "replacement-node": 114,
                "template-line-number": 460
            }
        ],
        "rule-40": [
            {
                "expression-node": 203,
                "part": null,
                "node-pos": 337,
                "replacement-node": 202,
                "template-line-number": 833
            }
        ],
        "rule-14": [
            {
                "template-line-number": 165,
                "part": null,
                "node-pos": 86,
                "replacement-node": 44
            }
        ],
        "rule-31": [
            {
                "template-line-number": 736,
                "part": null,
                "node-pos": 295,
                "replacement-node": 175
            }
        ],
        "rule-52": {
            "subs": [
                {
                    "template-line-number": 382,
                    "part": "2",
                    "name": "SectionASequence1",
                    "expression-node": 88,
                    "node-pos": 154,
                    "replacement-node": 87
                },
                {
                    "template-line-number": 387,
                    "part": "3",
                    "name": "SectionASequence1",
                    "expression-node": 91,
                    "node-pos": 158,
                    "replacement-node": 90
                },
                {
                    "template-line-number": 392,
                    "part": "4",
                    "name": "SectionASequence1",
                    "expression-node": 94,
                    "node-pos": 162,
                    "replacement-node": 93
                },
                {
                    "template-line-number": 397,
                    "part": "5",
                    "name": "SectionASequence1",
                    "expression-node": 97,
                    "node-pos": 166,
                    "replacement-node": 96
                },
                {
                    "template-line-number": 402,
                    "part": "6",
                    "name": "SectionASequence1",
                    "expression-node": 100,
                    "node-pos": 170,
                    "replacement-node": 99
                }
            ],
            "name": "SectionASequence1"
        },
        "rule-26": [
            {
                "template-line-number": 592,
                "part": null,
                "node-pos": 245,
                "replacement-node": 142
            }
        ],
        "rule-5": [
            {
                "html": true,
                "template-line-number": 47,
                "part": null,
                "node-pos": 22,
                "replacement-node": 10
            }
        ],
        "rule-32": [
            {
                "expression-node": 179,
                "part": null,
                "node-pos": 300,
                "replacement-node": 178,
                "template-line-number": 749
            }
        ],
        "rule-12": [
            {
                "template-line-number": 98,
                "part": null,
                "node-pos": 54,
                "replacement-node": 31
            }
        ],
        "rule-45": [
            {
                "expression-node": 240,
                "part": null,
                "node-pos": 395,
                "replacement-node": 239,
                "template-line-number": 989
            }
        ],
        "rule-8": [
            {
                "expression-node": 20,
                "part": null,
                "node-pos": 36,
                "replacement-node": 19,
                "template-line-number": 74
            }
        ],
        "rule-42": [
            {
                "expression-node": 231,
                "part": null,
                "node-pos": 383,
                "replacement-node": 230,
                "template-line-number": 962
            }
        ],
        "rule-6": [
            {
                "html": true,
                "template-line-number": 59,
                "part": null,
                "node-pos": 27,
                "replacement-node": 13
            }
        ],
        "rule-46": [
            {
                "expression-node": 243,
                "part": null,
                "node-pos": 401,
                "replacement-node": 242,
                "template-line-number": 1005
            }
        ],
        "rule-11": [
            {
                "expression-node": 29,
                "part": null,
                "node-pos": 48,
                "replacement-node": 28,
                "template-line-number": 88
            }
        ],
        "rule-36": [
            {
                "template-line-number": 793,
                "part": null,
                "node-pos": 320,
                "replacement-node": 190
            }
        ],
        "rule-21": [
            {
                "expression-node": 106,
                "part": null,
                "node-pos": 183,
                "replacement-node": 105,
                "template-line-number": 433
            }
        ],
        "rule-43": [
            {
                "expression-node": 234,
                "part": null,
                "node-pos": 387,
                "replacement-node": 233,
                "template-line-number": 971
            }
        ],
        "rule-18": [
            {
                "expression-node": 57,
                "part": null,
                "node-pos": 103,
                "replacement-node": 56,
                "template-line-number": 205
            }
        ],
        "rule-44": [
            {
                "expression-node": 237,
                "part": null,
                "node-pos": 391,
                "replacement-node": 236,
                "template-line-number": 980
            }
        ],
        "rule-15": [
            {
                "expression-node": 48,
                "part": null,
                "node-pos": 91,
                "replacement-node": 47,
                "template-line-number": 178
            }
        ],
        "rule-34": [
            {
                "expression-node": 185,
                "part": null,
                "node-pos": 308,
                "replacement-node": 184,
                "template-line-number": 767
            }
        ],
        "rule-47": [
            {
                "template-line-number": 1010,
                "part": null,
                "node-pos": 405,
                "replacement-node": 245
            }
        ],
        "rule-25": [
            {
                "template-line-number": 475,
                "part": null,
                "node-pos": 201,
                "replacement-node": 117
            }
        ],
        "rule-19": [
            {
                "template-line-number": 218,
                "part": null,
                "node-pos": 109,
                "replacement-node": 59
            }
        ],
        "rule-17": [
            {
                "expression-node": 54,
                "part": null,
                "node-pos": 99,
                "replacement-node": 53,
                "template-line-number": 196
            }
        ],
        "rule-13": [
            {
                "html": true,
                "template-line-number": 110,
                "part": null,
                "node-pos": 59,
                "replacement-node": 34
            }
        ],
        "rule-29": [
            {
                "expression-node": 152,
                "part": null,
                "node-pos": 258,
                "replacement-node": 151,
                "template-line-number": 623
            }
        ],
        "rule-28": [
            {
                "expression-node": 149,
                "part": null,
                "node-pos": 254,
                "replacement-node": 148,
                "template-line-number": 614
            }
        ],
        "rule-2": [
            {
                "template-line-number": 31,
                "part": null,
                "node-pos": 10,
                "replacement-node": 1
            }
        ],
        "rule-50": {
            "subs": [
                {
                    "template-line-number": 534,
                    "part": "1",
                    "extras": {},
                    "name": "APLineItems2",
                    "node-pos": 212,
                    "replacement-node": 121
                },
                {
                    "template-line-number": 545,
                    "part": "2",
                    "extras": {},
                    "name": "APLineItems2",
                    "node-pos": 220,
                    "replacement-node": 126
                },
                {
                    "template-line-number": 555,
                    "part": "4",
                    "name": "APLineItems2",
                    "expression-node": 131,
                    "node-pos": 225,
                    "replacement-node": 130
                },
                {
                    "template-line-number": 562,
                    "part": "5",
                    "name": "APLineItems2",
                    "expression-node": 134,
                    "node-pos": 229,
                    "replacement-node": 133
                },
                {
                    "template-line-number": 541,
                    "part": "6",
                    "extras": {},
                    "name": "APLineItems2",
                    "node-pos": 218,
                    "replacement-node": 124
                },
                {
                    "template-line-number": 569,
                    "part": "6",
                    "name": "APLineItems2",
                    "expression-node": 137,
                    "node-pos": 233,
                    "replacement-node": 136
                },
                {
                    "template-line-number": 575,
                    "part": "7",
                    "name": "APLineItems2",
                    "expression-node": 140,
                    "node-pos": 237,
                    "replacement-node": 139
                }
            ],
            "name": "APLineItems2"
        },
        "rule-27": [
            {
                "expression-node": 146,
                "part": null,
                "node-pos": 250,
                "replacement-node": 145,
                "template-line-number": 605
            }
        ],
        "rule-54": {
            "subs": [
                {
                    "template-line-number": 701,
                    "part": "2",
                    "name": "SectionASequence2",
                    "expression-node": 161,
                    "node-pos": 271,
                    "replacement-node": 160
                },
                {
                    "template-line-number": 706,
                    "part": "3",
                    "name": "SectionASequence2",
                    "expression-node": 164,
                    "node-pos": 275,
                    "replacement-node": 163
                },
                {
                    "template-line-number": 711,
                    "part": "4",
                    "name": "SectionASequence2",
                    "expression-node": 167,
                    "node-pos": 279,
                    "replacement-node": 166
                },
                {
                    "template-line-number": 716,
                    "part": "5",
                    "name": "SectionASequence2",
                    "expression-node": 170,
                    "node-pos": 283,
                    "replacement-node": 169
                },
                {
                    "template-line-number": 721,
                    "part": "6",
                    "name": "SectionASequence2",
                    "expression-node": 173,
                    "node-pos": 287,
                    "replacement-node": 172
                }
            ],
            "name": "SectionASequence2"
        },
        "rule-35": [
            {
                "expression-node": 188,
                "part": null,
                "node-pos": 312,
                "replacement-node": 187,
                "template-line-number": 776
            }
        ],
        "rule-39": [
            {
                "expression-node": 200,
                "part": null,
                "node-pos": 333,
                "replacement-node": 199,
                "template-line-number": 824
            }
        ],
        "rule-37": [
            {
                "expression-node": 194,
                "part": null,
                "node-pos": 325,
                "replacement-node": 193,
                "template-line-number": 806
            }
        ],
        "rule-53": {
            "subs": [
                {
                    "template-line-number": 138,
                    "part": "1",
                    "extras": {},
                    "name": "APHeadings",
                    "node-pos": 72,
                    "replacement-node": 38
                },
                {
                    "template-line-number": 145,
                    "part": "2",
                    "extras": {},
                    "name": "APHeadings",
                    "node-pos": 76,
                    "replacement-node": 41
                }
            ],
            "name": "APHeadings"
        },
        "rule-41": [
            {
                "template-line-number": 949,
                "part": null,
                "node-pos": 378,
                "replacement-node": 227
            }
        ],
        "rule-7": [
            {
                "template-line-number": 70,
                "part": null,
                "node-pos": 32,
                "replacement-node": 16
            }
        ],
        "rule-9": [
            {
                "template-line-number": 79,
                "part": null,
                "node-pos": 40,
                "replacement-node": 22
            }
        ]
    },
    "showifs": {
        "rule-1": {
            "template-line-number": 18,
            "type": "showif"
        }
    },
    "line-numbers": {
        "SectionASequence1": [
            {
                "line-number-node": 85,
                "template-line-number": 378,
                "start-number": 9,
                "sub-number": true
            }
        ],
        "SectionASequence2": [
            {
                "line-number-node": 158,
                "template-line-number": 697,
                "start-number": 17,
                "sub-number": true
            }
        ]
    }
}