{
    "substitutions": {
        "rule-23": {
            "subs": [
                {
                    "replacement-node": 39,
                    "name": "ShipperSuppliedHeadings",
                    "template-line-number": 160,
                    "extras": {},
                    "part": "1",
                    "node-pos": 96
                },
                {
                    "replacement-node": 42,
                    "name": "ShipperSuppliedHeadings",
                    "template-line-number": 169,
                    "extras": {},
                    "part": "2",
                    "node-pos": 100
                },
                {
                    "replacement-node": 37,
                    "name": "ShipperSuppliedHeadings",
                    "template-line-number": 156,
                    "extras": {},
                    "part": "3",
                    "node-pos": 94
                }
            ],
            "name": "ShipperSuppliedHeadings"
        },
        "rule-18": [
            {
                "part": null,
                "replacement-node": 103,
                "node-pos": 202,
                "template-line-number": 712,
                "expression-node": 104
            }
        ],
        "rule-8": [
            {
                "part": null,
                "replacement-node": 21,
                "node-pos": 39,
                "template-line-number": 71
            }
        ],
        "rule-16": [
            {
                "part": null,
                "replacement-node": 99,
                "node-pos": 194,
                "template-line-number": 691,
                "expression-node": 100
            }
        ],
        "rule-14": [
            {
                "part": null,
                "replacement-node": 95,
                "node-pos": 186,
                "template-line-number": 671,
                "expression-node": 96
            }
        ],
        "rule-13": [
            {
                "part": null,
                "replacement-node": 93,
                "node-pos": 183,
                "template-line-number": 664
            }
        ],
        "rule-1": [
            {
                "part": null,
                "replacement-node": 0,
                "node-pos": 9,
                "template-line-number": 21
            }
        ],
        "rule-21": [
            {
                "part": null,
                "replacement-node": 111,
                "node-pos": 215,
                "template-line-number": 741
            }
        ],
        "rule-4": [
            {
                "part": null,
                "replacement-node": 9,
                "node-pos": 21,
                "template-line-number": 38,
                "html": true
            }
        ],
        "rule-10": [
            {
                "part": null,
                "replacement-node": 27,
                "node-pos": 47,
                "template-line-number": 81,
                "expression-node": 28
            }
        ],
        "rule-12": [
            {
                "part": null,
                "replacement-node": 33,
                "node-pos": 58,
                "template-line-number": 102,
                "html": true
            }
        ],
        "rule-20": [
            {
                "part": null,
                "replacement-node": 108,
                "node-pos": 211,
                "template-line-number": 732
            }
        ],
        "rule-3": [
            {
                "part": null,
                "replacement-node": 6,
                "node-pos": 17,
                "template-line-number": 32
            }
        ],
        "rule-6": [
            {
                "part": null,
                "replacement-node": 15,
                "node-pos": 31,
                "template-line-number": 61
            }
        ],
        "rule-9": [
            {
                "part": null,
                "replacement-node": 24,
                "node-pos": 43,
                "template-line-number": 76,
                "expression-node": 25
            }
        ],
        "rule-17": [
            {
                "part": null,
                "replacement-node": 101,
                "node-pos": 199,
                "template-line-number": 705
            }
        ],
        "rule-2": [
            {
                "part": null,
                "replacement-node": 3,
                "node-pos": 13,
                "template-line-number": 26,
                "expression-node": 4
            }
        ],
        "rule-7": [
            {
                "part": null,
                "replacement-node": 18,
                "node-pos": 35,
                "template-line-number": 66,
                "expression-node": 19
            }
        ],
        "rule-22": {
            "subs": [
                {
                    "replacement-node": 46,
                    "name": "ShipperLineItems",
                    "template-line-number": 534,
                    "extras": {},
                    "part": "1",
                    "node-pos": 106
                },
                {
                    "replacement-node": 48,
                    "name": "ShipperLineItems",
                    "template-line-number": 540,
                    "expression-node": 49,
                    "part": "1",
                    "node-pos": 109
                },
                {
                    "replacement-node": 75,
                    "name": "ShipperLineItems",
                    "template-line-number": 598,
                    "expression-node": 76,
                    "part": "10",
                    "node-pos": 145
                },
                {
                    "replacement-node": 78,
                    "name": "ShipperLineItems",
                    "template-line-number": 604,
                    "expression-node": 79,
                    "part": "11",
                    "node-pos": 149
                },
                {
                    "replacement-node": 81,
                    "name": "ShipperLineItems",
                    "template-line-number": 610,
                    "expression-node": 82,
                    "part": "12",
                    "node-pos": 153
                },
                {
                    "replacement-node": 84,
                    "name": "ShipperLineItems",
                    "template-line-number": 617,
                    "expression-node": 85,
                    "part": "13",
                    "node-pos": 157
                },
                {
                    "replacement-node": 87,
                    "name": "ShipperLineItems",
                    "template-line-number": 623,
                    "expression-node": 88,
                    "part": "14",
                    "node-pos": 161
                },
                {
                    "replacement-node": 90,
                    "name": "ShipperLineItems",
                    "template-line-number": 629,
                    "expression-node": 91,
                    "part": "15",
                    "node-pos": 165
                },
                {
                    "replacement-node": 51,
                    "name": "ShipperLineItems",
                    "template-line-number": 547,
                    "expression-node": 52,
                    "part": "2",
                    "node-pos": 113
                },
                {
                    "replacement-node": 54,
                    "name": "ShipperLineItems",
                    "template-line-number": 553,
                    "expression-node": 55,
                    "part": "3",
                    "node-pos": 117
                },
                {
                    "replacement-node": 57,
                    "name": "ShipperLineItems",
                    "template-line-number": 559,
                    "expression-node": 58,
                    "part": "4",
                    "node-pos": 121
                },
                {
                    "replacement-node": 60,
                    "name": "ShipperLineItems",
                    "template-line-number": 565,
                    "expression-node": 61,
                    "part": "5",
                    "node-pos": 125
                },
                {
                    "replacement-node": 63,
                    "name": "ShipperLineItems",
                    "template-line-number": 574,
                    "expression-node": 64,
                    "part": "6",
                    "node-pos": 129
                },
                {
                    "replacement-node": 66,
                    "name": "ShipperLineItems",
                    "template-line-number": 580,
                    "expression-node": 67,
                    "part": "7",
                    "node-pos": 133
                },
                {
                    "replacement-node": 69,
                    "name": "ShipperLineItems",
                    "template-line-number": 586,
                    "expression-node": 70,
                    "part": "8",
                    "node-pos": 137
                },
                {
                    "replacement-node": 72,
                    "name": "ShipperLineItems",
                    "template-line-number": 592,
                    "expression-node": 73,
                    "part": "9",
                    "node-pos": 141
                }
            ],
            "name": "ShipperLineItems"
        },
        "rule-15": [
            {
                "part": null,
                "replacement-node": 97,
                "node-pos": 191,
                "template-line-number": 684
            }
        ],
        "rule-11": [
            {
                "part": null,
                "replacement-node": 30,
                "node-pos": 53,
                "template-line-number": 91
            }
        ],
        "rule-19": [
            {
                "part": null,
                "replacement-node": 105,
                "node-pos": 207,
                "template-line-number": 727,
                "expression-node": 106
            }
        ],
        "rule-5": [
            {
                "part": null,
                "replacement-node": 12,
                "node-pos": 26,
                "template-line-number": 50,
                "html": true
            }
        ]
    },
    "showifs": {},
    "line-numbers": {}
}