{
    "substitutions": {
        "rule-1": [
            {
                "template-line-number": 21,
                "part": null,
                "node-pos": 9,
                "replacement-node": 0
            }
        ],
        "rule-6": [
            {
                "template-line-number": 61,
                "part": null,
                "node-pos": 31,
                "replacement-node": 15
            }
        ],
        "rule-19": [
            {
                "expression-node": 106,
                "template-line-number": 727,
                "part": null,
                "node-pos": 207,
                "replacement-node": 105
            }
        ],
        "rule-17": [
            {
                "template-line-number": 705,
                "part": null,
                "node-pos": 199,
                "replacement-node": 101
            }
        ],
        "rule-11": [
            {
                "template-line-number": 91,
                "part": null,
                "node-pos": 53,
                "replacement-node": 30
            }
        ],
        "rule-4": [
            {
                "html": true,
                "template-line-number": 38,
                "part": null,
                "node-pos": 21,
                "replacement-node": 9
            }
        ],
        "rule-3": [
            {
                "template-line-number": 32,
                "part": null,
                "node-pos": 17,
                "replacement-node": 6
            }
        ],
        "rule-14": [
            {
                "expression-node": 96,
                "template-line-number": 671,
                "part": null,
                "node-pos": 186,
                "replacement-node": 95
            }
        ],
        "rule-16": [
            {
                "expression-node": 100,
                "template-line-number": 691,
                "part": null,
                "node-pos": 194,
                "replacement-node": 99
            }
        ],
        "rule-2": [
            {
                "expression-node": 4,
                "template-line-number": 26,
                "part": null,
                "node-pos": 13,
                "replacement-node": 3
            }
        ],
        "rule-12": [
            {
                "html": true,
                "template-line-number": 102,
                "part": null,
                "node-pos": 58,
                "replacement-node": 33
            }
        ],
        "rule-21": [
            {
                "template-line-number": 741,
                "part": null,
                "node-pos": 215,
                "replacement-node": 111
            }
        ],
        "rule-20": [
            {
                "template-line-number": 732,
                "part": null,
                "node-pos": 211,
                "replacement-node": 108
            }
        ],
        "rule-23": {
            "subs": [
                {
                    "extras": {},
                    "part": "1",
                    "node-pos": 106,
                    "template-line-number": 534,
                    "name": "ShipperLineItems",
                    "replacement-node": 46
                },
                {
                    "part": "1",
                    "node-pos": 109,
                    "template-line-number": 540,
                    "expression-node": 49,
                    "name": "ShipperLineItems",
                    "replacement-node": 48
                },
                {
                    "part": "10",
                    "node-pos": 145,
                    "template-line-number": 598,
                    "expression-node": 76,
                    "name": "ShipperLineItems",
                    "replacement-node": 75
                },
                {
                    "part": "11",
                    "node-pos": 149,
                    "template-line-number": 604,
                    "expression-node": 79,
                    "name": "ShipperLineItems",
                    "replacement-node": 78
                },
                {
                    "part": "12",
                    "node-pos": 153,
                    "template-line-number": 610,
                    "expression-node": 82,
                    "name": "ShipperLineItems",
                    "replacement-node": 81
                },
                {
                    "part": "13",
                    "node-pos": 157,
                    "template-line-number": 617,
                    "expression-node": 85,
                    "name": "ShipperLineItems",
                    "replacement-node": 84
                },
                {
                    "part": "14",
                    "node-pos": 161,
                    "template-line-number": 623,
                    "expression-node": 88,
                    "name": "ShipperLineItems",
                    "replacement-node": 87
                },
                {
                    "part": "15",
                    "node-pos": 165,
                    "template-line-number": 629,
                    "expression-node": 91,
                    "name": "ShipperLineItems",
                    "replacement-node": 90
                },
                {
                    "part": "2",
                    "node-pos": 113,
                    "template-line-number": 547,
                    "expression-node": 52,
                    "name": "ShipperLineItems",
                    "replacement-node": 51
                },
                {
                    "part": "3",
                    "node-pos": 117,
                    "template-line-number": 553,
                    "expression-node": 55,
                    "name": "ShipperLineItems",
                    "replacement-node": 54
                },
                {
                    "part": "4",
                    "node-pos": 121,
                    "template-line-number": 559,
                    "expression-node": 58,
                    "name": "ShipperLineItems",
                    "replacement-node": 57
                },
                {
                    "part": "5",
                    "node-pos": 125,
                    "template-line-number": 565,
                    "expression-node": 61,
                    "name": "ShipperLineItems",
                    "replacement-node": 60
                },
                {
                    "part": "6",
                    "node-pos": 129,
                    "template-line-number": 574,
                    "expression-node": 64,
                    "name": "ShipperLineItems",
                    "replacement-node": 63
                },
                {
                    "part": "7",
                    "node-pos": 133,
                    "template-line-number": 580,
                    "expression-node": 67,
                    "name": "ShipperLineItems",
                    "replacement-node": 66
                },
                {
                    "part": "8",
                    "node-pos": 137,
                    "template-line-number": 586,
                    "expression-node": 70,
                    "name": "ShipperLineItems",
                    "replacement-node": 69
                },
                {
                    "part": "9",
                    "node-pos": 141,
                    "template-line-number": 592,
                    "expression-node": 73,
                    "name": "ShipperLineItems",
                    "replacement-node": 72
                }
            ],
            "name": "ShipperLineItems"
        },
        "rule-7": [
            {
                "expression-node": 19,
                "template-line-number": 66,
                "part": null,
                "node-pos": 35,
                "replacement-node": 18
            }
        ],
        "rule-5": [
            {
                "html": true,
                "template-line-number": 50,
                "part": null,
                "node-pos": 26,
                "replacement-node": 12
            }
        ],
        "rule-9": [
            {
                "expression-node": 25,
                "template-line-number": 76,
                "part": null,
                "node-pos": 43,
                "replacement-node": 24
            }
        ],
        "rule-15": [
            {
                "template-line-number": 684,
                "part": null,
                "node-pos": 191,
                "replacement-node": 97
            }
        ],
        "rule-13": [
            {
                "template-line-number": 664,
                "part": null,
                "node-pos": 183,
                "replacement-node": 93
            }
        ],
        "rule-10": [
            {
                "expression-node": 28,
                "template-line-number": 81,
                "part": null,
                "node-pos": 47,
                "replacement-node": 27
            }
        ],
        "rule-18": [
            {
                "expression-node": 104,
                "template-line-number": 712,
                "part": null,
                "node-pos": 202,
                "replacement-node": 103
            }
        ],
        "rule-22": {
            "subs": [
                {
                    "extras": {},
                    "part": "1",
                    "node-pos": 96,
                    "template-line-number": 160,
                    "name": "ShipperSuppliedHeadings",
                    "replacement-node": 39
                },
                {
                    "extras": {},
                    "part": "2",
                    "node-pos": 100,
                    "template-line-number": 169,
                    "name": "ShipperSuppliedHeadings",
                    "replacement-node": 42
                },
                {
                    "extras": {},
                    "part": "3",
                    "node-pos": 94,
                    "template-line-number": 156,
                    "name": "ShipperSuppliedHeadings",
                    "replacement-node": 37
                }
            ],
            "name": "ShipperSuppliedHeadings"
        },
        "rule-8": [
            {
                "template-line-number": 71,
                "part": null,
                "node-pos": 39,
                "replacement-node": 21
            }
        ]
    },
    "line-numbers": {},
    "showifs": {}
}