{
    "substitutions": {
        "rule-2": [
            {
                "template-line-number": 26,
                "expression-node": 4,
                "node-pos": 13,
                "replacement-node": 3,
                "part": null
            }
        ],
        "rule-17": [
            {
                "template-line-number": 705,
                "node-pos": 199,
                "replacement-node": 101,
                "part": null
            }
        ],
        "rule-21": [
            {
                "template-line-number": 741,
                "node-pos": 215,
                "replacement-node": 111,
                "part": null
            }
        ],
        "rule-23": {
            "name": "ShipperSuppliedHeadings",
            "subs": [
                {
                    "name": "ShipperSuppliedHeadings",
                    "node-pos": 96,
                    "replacement-node": 39,
                    "template-line-number": 160,
                    "extras": {},
                    "part": "1"
                },
                {
                    "name": "ShipperSuppliedHeadings",
                    "node-pos": 100,
                    "replacement-node": 42,
                    "template-line-number": 169,
                    "extras": {},
                    "part": "2"
                },
                {
                    "name": "ShipperSuppliedHeadings",
                    "node-pos": 94,
                    "replacement-node": 37,
                    "template-line-number": 156,
                    "extras": {},
                    "part": "3"
                }
            ]
        },
        "rule-22": {
            "name": "ShipperLineItems",
            "subs": [
                {
                    "name": "ShipperLineItems",
                    "node-pos": 106,
                    "replacement-node": 46,
                    "template-line-number": 534,
                    "extras": {},
                    "part": "1"
                },
                {
                    "name": "ShipperLineItems",
                    "replacement-node": 48,
                    "expression-node": 49,
                    "template-line-number": 540,
                    "node-pos": 109,
                    "part": "1"
                },
                {
                    "name": "ShipperLineItems",
                    "replacement-node": 75,
                    "expression-node": 76,
                    "template-line-number": 598,
                    "node-pos": 145,
                    "part": "10"
                },
                {
                    "name": "ShipperLineItems",
                    "replacement-node": 78,
                    "expression-node": 79,
                    "template-line-number": 604,
                    "node-pos": 149,
                    "part": "11"
                },
                {
                    "name": "ShipperLineItems",
                    "replacement-node": 81,
                    "expression-node": 82,
                    "template-line-number": 610,
                    "node-pos": 153,
                    "part": "12"
                },
                {
                    "name": "ShipperLineItems",
                    "replacement-node": 84,
                    "expression-node": 85,
                    "template-line-number": 617,
                    "node-pos": 157,
                    "part": "13"
                },
                {
                    "name": "ShipperLineItems",
                    "replacement-node": 87,
                    "expression-node": 88,
                    "template-line-number": 623,
                    "node-pos": 161,
                    "part": "14"
                },
                {
                    "name": "ShipperLineItems",
                    "replacement-node": 90,
                    "expression-node": 91,
                    "template-line-number": 629,
                    "node-pos": 165,
                    "part": "15"
                },
                {
                    "name": "ShipperLineItems",
                    "replacement-node": 51,
                    "expression-node": 52,
                    "template-line-number": 547,
                    "node-pos": 113,
                    "part": "2"
                },
                {
                    "name": "ShipperLineItems",
                    "replacement-node": 54,
                    "expression-node": 55,
                    "template-line-number": 553,
                    "node-pos": 117,
                    "part": "3"
                },
                {
                    "name": "ShipperLineItems",
                    "replacement-node": 57,
                    "expression-node": 58,
                    "template-line-number": 559,
                    "node-pos": 121,
                    "part": "4"
                },
                {
                    "name": "ShipperLineItems",
                    "replacement-node": 60,
                    "expression-node": 61,
                    "template-line-number": 565,
                    "node-pos": 125,
                    "part": "5"
                },
                {
                    "name": "ShipperLineItems",
                    "replacement-node": 63,
                    "expression-node": 64,
                    "template-line-number": 574,
                    "node-pos": 129,
                    "part": "6"
                },
                {
                    "name": "ShipperLineItems",
                    "replacement-node": 66,
                    "expression-node": 67,
                    "template-line-number": 580,
                    "node-pos": 133,
                    "part": "7"
                },
                {
                    "name": "ShipperLineItems",
                    "replacement-node": 69,
                    "expression-node": 70,
                    "template-line-number": 586,
                    "node-pos": 137,
                    "part": "8"
                },
                {
                    "name": "ShipperLineItems",
                    "replacement-node": 72,
                    "expression-node": 73,
                    "template-line-number": 592,
                    "node-pos": 141,
                    "part": "9"
                }
            ]
        },
        "rule-3": [
            {
                "template-line-number": 32,
                "node-pos": 17,
                "replacement-node": 6,
                "part": null
            }
        ],
        "rule-11": [
            {
                "template-line-number": 91,
                "node-pos": 53,
                "replacement-node": 30,
                "part": null
            }
        ],
        "rule-9": [
            {
                "template-line-number": 76,
                "expression-node": 25,
                "node-pos": 43,
                "replacement-node": 24,
                "part": null
            }
        ],
        "rule-14": [
            {
                "template-line-number": 671,
                "expression-node": 96,
                "node-pos": 186,
                "replacement-node": 95,
                "part": null
            }
        ],
        "rule-16": [
            {
                "template-line-number": 691,
                "expression-node": 100,
                "node-pos": 194,
                "replacement-node": 99,
                "part": null
            }
        ],
        "rule-15": [
            {
                "template-line-number": 684,
                "node-pos": 191,
                "replacement-node": 97,
                "part": null
            }
        ],
        "rule-19": [
            {
                "template-line-number": 727,
                "expression-node": 106,
                "node-pos": 207,
                "replacement-node": 105,
                "part": null
            }
        ],
        "rule-6": [
            {
                "template-line-number": 61,
                "node-pos": 31,
                "replacement-node": 15,
                "part": null
            }
        ],
        "rule-4": [
            {
                "template-line-number": 38,
                "html": true,
                "node-pos": 21,
                "replacement-node": 9,
                "part": null
            }
        ],
        "rule-8": [
            {
                "template-line-number": 71,
                "node-pos": 39,
                "replacement-node": 21,
                "part": null
            }
        ],
        "rule-12": [
            {
                "template-line-number": 102,
                "html": true,
                "node-pos": 58,
                "replacement-node": 33,
                "part": null
            }
        ],
        "rule-18": [
            {
                "template-line-number": 712,
                "expression-node": 104,
                "node-pos": 202,
                "replacement-node": 103,
                "part": null
            }
        ],
        "rule-20": [
            {
                "template-line-number": 732,
                "node-pos": 211,
                "replacement-node": 108,
                "part": null
            }
        ],
        "rule-5": [
            {
                "template-line-number": 50,
                "html": true,
                "node-pos": 26,
                "replacement-node": 12,
                "part": null
            }
        ],
        "rule-10": [
            {
                "template-line-number": 81,
                "expression-node": 28,
                "node-pos": 47,
                "replacement-node": 27,
                "part": null
            }
        ],
        "rule-7": [
            {
                "template-line-number": 66,
                "expression-node": 19,
                "node-pos": 35,
                "replacement-node": 18,
                "part": null
            }
        ],
        "rule-1": [
            {
                "template-line-number": 21,
                "node-pos": 9,
                "replacement-node": 0,
                "part": null
            }
        ],
        "rule-13": [
            {
                "template-line-number": 664,
                "node-pos": 183,
                "replacement-node": 93,
                "part": null
            }
        ]
    },
    "line-numbers": {},
    "showifs": {}
}