{
    "line-numbers": {},
    "showifs": {
        "rule-1": {
            "type": "showif",
            "template-line-number": 19
        }
    },
    "substitutions": {
        "rule-18": {
            "subs": [
                {
                    "node-pos": 84,
                    "template-line-number": 150,
                    "part": "1",
                    "replacement-node": 38,
                    "extras": {},
                    "name": "ISHeadings"
                },
                {
                    "node-pos": 88,
                    "template-line-number": 157,
                    "part": "2",
                    "replacement-node": 41,
                    "extras": {},
                    "name": "ISHeadings"
                }
            ],
            "name": "ISHeadings"
        },
        "rule-11": [
            {
                "node-pos": 49,
                "expression-node": 29,
                "template-line-number": 89,
                "replacement-node": 28,
                "part": null
            }
        ],
        "rule-5": [
            {
                "node-pos": 23,
                "template-line-number": 46,
                "replacement-node": 10,
                "part": null,
                "html": true
            }
        ],
        "rule-16": [
            {
                "node-pos": 162,
                "template-line-number": 358,
                "replacement-node": 96,
                "part": null
            }
        ],
        "rule-3": [
            {
                "node-pos": 15,
                "expression-node": 5,
                "template-line-number": 34,
                "replacement-node": 4,
                "part": null
            }
        ],
        "rule-9": [
            {
                "node-pos": 41,
                "template-line-number": 79,
                "replacement-node": 22,
                "part": null
            }
        ],
        "rule-7": [
            {
                "node-pos": 33,
                "template-line-number": 69,
                "replacement-node": 16,
                "part": null
            }
        ],
        "rule-8": [
            {
                "node-pos": 37,
                "expression-node": 20,
                "template-line-number": 74,
                "replacement-node": 19,
                "part": null
            }
        ],
        "rule-2": [
            {
                "node-pos": 11,
                "template-line-number": 29,
                "replacement-node": 1,
                "part": null
            }
        ],
        "rule-4": [
            {
                "node-pos": 19,
                "template-line-number": 40,
                "replacement-node": 7,
                "part": null
            }
        ],
        "rule-14": [
            {
                "node-pos": 154,
                "expression-node": 91,
                "template-line-number": 343,
                "replacement-node": 90,
                "part": null
            }
        ],
        "rule-13": [
            {
                "node-pos": 60,
                "template-line-number": 110,
                "replacement-node": 34,
                "part": null,
                "html": true
            }
        ],
        "rule-10": [
            {
                "node-pos": 45,
                "expression-node": 26,
                "template-line-number": 84,
                "replacement-node": 25,
                "part": null
            }
        ],
        "rule-15": [
            {
                "node-pos": 158,
                "template-line-number": 348,
                "replacement-node": 93,
                "part": null
            }
        ],
        "rule-17": {
            "subs": [
                {
                    "node-pos": 94,
                    "template-line-number": 233,
                    "part": "1",
                    "replacement-node": 45,
                    "extras": {},
                    "name": "ISLineItems"
                },
                {
                    "node-pos": 137,
                    "template-line-number": 312,
                    "replacement-node": 78,
                    "expression-node": 79,
                    "part": "10",
                    "name": "ISLineItems"
                },
                {
                    "node-pos": 142,
                    "template-line-number": 321,
                    "replacement-node": 82,
                    "expression-node": 83,
                    "part": "11",
                    "name": "ISLineItems"
                },
                {
                    "node-pos": 147,
                    "template-line-number": 329,
                    "part": "11",
                    "replacement-node": 86,
                    "extras": {},
                    "name": "ISLineItems"
                },
                {
                    "node-pos": 102,
                    "template-line-number": 244,
                    "part": "2",
                    "replacement-node": 50,
                    "extras": {},
                    "name": "ISLineItems"
                },
                {
                    "node-pos": 107,
                    "template-line-number": 253,
                    "replacement-node": 54,
                    "expression-node": 55,
                    "part": "4",
                    "name": "ISLineItems"
                },
                {
                    "node-pos": 112,
                    "template-line-number": 262,
                    "replacement-node": 58,
                    "expression-node": 59,
                    "part": "5",
                    "name": "ISLineItems"
                },
                {
                    "node-pos": 100,
                    "template-line-number": 240,
                    "part": "6",
                    "replacement-node": 48,
                    "extras": {},
                    "name": "ISLineItems"
                },
                {
                    "node-pos": 117,
                    "template-line-number": 275,
                    "replacement-node": 62,
                    "expression-node": 63,
                    "part": "6",
                    "name": "ISLineItems"
                },
                {
                    "node-pos": 122,
                    "template-line-number": 284,
                    "replacement-node": 66,
                    "expression-node": 67,
                    "part": "7",
                    "name": "ISLineItems"
                },
                {
                    "node-pos": 127,
                    "template-line-number": 294,
                    "replacement-node": 70,
                    "expression-node": 71,
                    "part": "8",
                    "name": "ISLineItems"
                },
                {
                    "node-pos": 132,
                    "template-line-number": 303,
                    "replacement-node": 74,
                    "expression-node": 75,
                    "part": "9",
                    "name": "ISLineItems"
                }
            ],
            "name": "ISLineItems"
        },
        "rule-6": [
            {
                "node-pos": 28,
                "template-line-number": 58,
                "replacement-node": 13,
                "part": null,
                "html": true
            }
        ],
        "rule-12": [
            {
                "node-pos": 55,
                "template-line-number": 99,
                "replacement-node": 31,
                "part": null
            }
        ]
    }
}