{
    "line-numbers": {},
    "showifs": {
        "rule-1": {
            "template-line-number": 19,
            "type": "showif"
        }
    },
    "substitutions": {
        "rule-7": [
            {
                "template-line-number": 69,
                "part": null,
                "node-pos": 33,
                "replacement-node": 16
            }
        ],
        "rule-6": [
            {
                "template-line-number": 58,
                "part": null,
                "node-pos": 28,
                "replacement-node": 13,
                "html": true
            }
        ],
        "rule-10": [
            {
                "template-line-number": 84,
                "part": null,
                "expression-node": 26,
                "replacement-node": 25,
                "node-pos": 45
            }
        ],
        "rule-9": [
            {
                "template-line-number": 79,
                "part": null,
                "node-pos": 41,
                "replacement-node": 22
            }
        ],
        "rule-3": [
            {
                "template-line-number": 34,
                "part": null,
                "expression-node": 5,
                "replacement-node": 4,
                "node-pos": 15
            }
        ],
        "rule-17": {
            "subs": [
                {
                    "part": "1",
                    "node-pos": 94,
                    "template-line-number": 233,
                    "extras": {},
                    "name": "ISLineItems",
                    "replacement-node": 45
                },
                {
                    "part": "10",
                    "expression-node": 83,
                    "node-pos": 141,
                    "template-line-number": 316,
                    "name": "ISLineItems",
                    "replacement-node": 82
                },
                {
                    "part": "11",
                    "expression-node": 88,
                    "node-pos": 147,
                    "template-line-number": 326,
                    "name": "ISLineItems",
                    "replacement-node": 87
                },
                {
                    "part": "11",
                    "node-pos": 153,
                    "template-line-number": 335,
                    "extras": {},
                    "name": "ISLineItems",
                    "replacement-node": 92
                },
                {
                    "part": "2",
                    "node-pos": 102,
                    "template-line-number": 244,
                    "extras": {},
                    "name": "ISLineItems",
                    "replacement-node": 50
                },
                {
                    "part": "4",
                    "expression-node": 55,
                    "node-pos": 107,
                    "template-line-number": 253,
                    "name": "ISLineItems",
                    "replacement-node": 54
                },
                {
                    "part": "5",
                    "expression-node": 59,
                    "node-pos": 112,
                    "template-line-number": 262,
                    "name": "ISLineItems",
                    "replacement-node": 58
                },
                {
                    "part": "6",
                    "node-pos": 100,
                    "template-line-number": 240,
                    "extras": {},
                    "name": "ISLineItems",
                    "replacement-node": 48
                },
                {
                    "part": "6",
                    "expression-node": 63,
                    "node-pos": 117,
                    "template-line-number": 275,
                    "name": "ISLineItems",
                    "replacement-node": 62
                },
                {
                    "part": "7",
                    "expression-node": 68,
                    "node-pos": 123,
                    "template-line-number": 285,
                    "name": "ISLineItems",
                    "replacement-node": 67
                },
                {
                    "part": "8",
                    "expression-node": 73,
                    "node-pos": 129,
                    "template-line-number": 296,
                    "name": "ISLineItems",
                    "replacement-node": 72
                },
                {
                    "part": "9",
                    "expression-node": 78,
                    "node-pos": 135,
                    "template-line-number": 306,
                    "name": "ISLineItems",
                    "replacement-node": 77
                }
            ],
            "name": "ISLineItems"
        },
        "rule-13": [
            {
                "template-line-number": 110,
                "part": null,
                "node-pos": 60,
                "replacement-node": 34,
                "html": true
            }
        ],
        "rule-12": [
            {
                "template-line-number": 99,
                "part": null,
                "node-pos": 55,
                "replacement-node": 31
            }
        ],
        "rule-5": [
            {
                "template-line-number": 46,
                "part": null,
                "node-pos": 23,
                "replacement-node": 10,
                "html": true
            }
        ],
        "rule-8": [
            {
                "template-line-number": 74,
                "part": null,
                "expression-node": 20,
                "replacement-node": 19,
                "node-pos": 37
            }
        ],
        "rule-18": {
            "subs": [
                {
                    "part": "1",
                    "node-pos": 84,
                    "template-line-number": 150,
                    "extras": {},
                    "name": "ISHeadings",
                    "replacement-node": 38
                },
                {
                    "part": "2",
                    "node-pos": 88,
                    "template-line-number": 157,
                    "extras": {},
                    "name": "ISHeadings",
                    "replacement-node": 41
                }
            ],
            "name": "ISHeadings"
        },
        "rule-14": [
            {
                "template-line-number": 349,
                "part": null,
                "expression-node": 97,
                "replacement-node": 96,
                "node-pos": 160
            }
        ],
        "rule-4": [
            {
                "template-line-number": 40,
                "part": null,
                "node-pos": 19,
                "replacement-node": 7
            }
        ],
        "rule-2": [
            {
                "template-line-number": 29,
                "part": null,
                "node-pos": 11,
                "replacement-node": 1
            }
        ],
        "rule-11": [
            {
                "template-line-number": 89,
                "part": null,
                "expression-node": 29,
                "replacement-node": 28,
                "node-pos": 49
            }
        ],
        "rule-15": [
            {
                "template-line-number": 354,
                "part": null,
                "node-pos": 164,
                "replacement-node": 99
            }
        ],
        "rule-16": [
            {
                "template-line-number": 364,
                "part": null,
                "node-pos": 168,
                "replacement-node": 102
            }
        ]
    }
}