{
    "substitutions": {
        "rule-16": [
            {
                "replacement-node": 72,
                "expression-node": 73,
                "node-pos": 123,
                "part": null,
                "template-line-number": 281
            }
        ],
        "rule-10": [
            {
                "replacement-node": 25,
                "expression-node": 26,
                "node-pos": 44,
                "part": null,
                "template-line-number": 79
            }
        ],
        "rule-9": [
            {
                "replacement-node": 22,
                "template-line-number": 75,
                "node-pos": 40,
                "part": null
            }
        ],
        "rule-8": [
            {
                "replacement-node": 19,
                "expression-node": 20,
                "node-pos": 36,
                "part": null,
                "template-line-number": 70
            }
        ],
        "rule-2": [
            {
                "replacement-node": 1,
                "template-line-number": 27,
                "node-pos": 10,
                "part": null
            }
        ],
        "rule-13": [
            {
                "replacement-node": 34,
                "template-line-number": 105,
                "html": true,
                "node-pos": 59,
                "part": null
            }
        ],
        "rule-17": [
            {
                "replacement-node": 75,
                "expression-node": 76,
                "node-pos": 129,
                "part": null,
                "template-line-number": 294
            }
        ],
        "rule-22": {
            "name": "OtherGasRevenues",
            "subs": [
                {
                    "template-line-number": 252,
                    "node-pos": 108,
                    "expression-node": 64,
                    "replacement-node": 63,
                    "name": "OtherGasRevenues",
                    "part": "2"
                },
                {
                    "template-line-number": 257,
                    "node-pos": 112,
                    "expression-node": 67,
                    "replacement-node": 66,
                    "name": "OtherGasRevenues",
                    "part": "3"
                }
            ]
        },
        "rule-19": [
            {
                "replacement-node": 81,
                "template-line-number": 308,
                "node-pos": 137,
                "part": null
            }
        ],
        "rule-18": [
            {
                "replacement-node": 78,
                "template-line-number": 299,
                "node-pos": 133,
                "part": null
            }
        ],
        "rule-3": [
            {
                "replacement-node": 4,
                "expression-node": 5,
                "node-pos": 14,
                "part": null,
                "template-line-number": 31
            }
        ],
        "rule-7": [
            {
                "replacement-node": 16,
                "template-line-number": 66,
                "node-pos": 32,
                "part": null
            }
        ],
        "rule-12": [
            {
                "replacement-node": 31,
                "template-line-number": 94,
                "node-pos": 54,
                "part": null
            }
        ],
        "rule-6": [
            {
                "replacement-node": 13,
                "template-line-number": 55,
                "html": true,
                "node-pos": 27,
                "part": null
            }
        ],
        "rule-20": {
            "name": "OtherGasRevenuesHeadings",
            "subs": [
                {
                    "template-line-number": 128,
                    "extras": {},
                    "node-pos": 68,
                    "part": "1",
                    "replacement-node": 38,
                    "name": "OtherGasRevenuesHeadings"
                },
                {
                    "template-line-number": 135,
                    "extras": {},
                    "node-pos": 72,
                    "part": "2",
                    "replacement-node": 41,
                    "name": "OtherGasRevenuesHeadings"
                }
            ]
        },
        "rule-14": [
            {
                "replacement-node": 56,
                "template-line-number": 198,
                "node-pos": 96,
                "part": null
            }
        ],
        "rule-4": [
            {
                "replacement-node": 7,
                "template-line-number": 37,
                "node-pos": 18,
                "part": null
            }
        ],
        "rule-11": [
            {
                "replacement-node": 28,
                "expression-node": 29,
                "node-pos": 48,
                "part": null,
                "template-line-number": 84
            }
        ],
        "rule-15": [
            {
                "replacement-node": 69,
                "template-line-number": 269,
                "node-pos": 118,
                "part": null
            }
        ],
        "rule-21": {
            "name": "OtherGasRevenuesLineItems",
            "subs": [
                {
                    "template-line-number": 175,
                    "extras": {},
                    "node-pos": 83,
                    "part": "2",
                    "replacement-node": 47,
                    "name": "OtherGasRevenuesLineItems"
                },
                {
                    "template-line-number": 179,
                    "extras": {},
                    "node-pos": 85,
                    "part": "3",
                    "replacement-node": 49,
                    "name": "OtherGasRevenuesLineItems"
                },
                {
                    "template-line-number": 187,
                    "node-pos": 90,
                    "expression-node": 54,
                    "replacement-node": 53,
                    "name": "OtherGasRevenuesLineItems",
                    "part": "4"
                }
            ]
        },
        "rule-5": [
            {
                "replacement-node": 10,
                "template-line-number": 43,
                "html": true,
                "node-pos": 22,
                "part": null
            }
        ]
    },
    "showifs": {
        "rule-1": {
            "template-line-number": 17,
            "type": "showif"
        }
    },
    "line-numbers": {
        "OtherGasRevenuesLineItems": [
            {
                "template-line-number": 168,
                "start-number": 1,
                "line-number-node": 45
            }
        ],
        "OtherGasRevenues": [
            {
                "template-line-number": 248,
                "start-number": 12,
                "line-number-node": 60
            }
        ]
    }
}