{
    "substitutions": {
        "rule-16": [
            {
                "replacement-node": 71,
                "part": null,
                "node-pos": 120,
                "template-line-number": 374
            }
        ],
        "rule-7": [
            {
                "replacement-node": 16,
                "part": null,
                "node-pos": 33,
                "template-line-number": 68
            }
        ],
        "rule-9": [
            {
                "replacement-node": 22,
                "part": null,
                "node-pos": 41,
                "template-line-number": 78
            }
        ],
        "rule-11": [
            {
                "replacement-node": 28,
                "part": null,
                "expression-node": 29,
                "template-line-number": 88,
                "node-pos": 50
            }
        ],
        "rule-4": [
            {
                "replacement-node": 7,
                "part": null,
                "node-pos": 19,
                "template-line-number": 39
            }
        ],
        "rule-2": [
            {
                "replacement-node": 1,
                "part": null,
                "node-pos": 11,
                "template-line-number": 28
            }
        ],
        "rule-15": [
            {
                "replacement-node": 68,
                "part": null,
                "node-pos": 116,
                "template-line-number": 365
            }
        ],
        "rule-12": [
            {
                "replacement-node": 31,
                "part": null,
                "node-pos": 56,
                "template-line-number": 98
            }
        ],
        "rule-8": [
            {
                "replacement-node": 19,
                "part": null,
                "expression-node": 20,
                "template-line-number": 73,
                "node-pos": 37
            }
        ],
        "rule-6": [
            {
                "replacement-node": 13,
                "part": null,
                "node-pos": 28,
                "template-line-number": 57,
                "html": true
            }
        ],
        "rule-17": {
            "name": "ISHeadings",
            "subs": [
                {
                    "extras": {},
                    "name": "ISHeadings",
                    "replacement-node": 38,
                    "part": "1",
                    "node-pos": 74,
                    "template-line-number": 137
                },
                {
                    "extras": {},
                    "name": "ISHeadings",
                    "replacement-node": 41,
                    "part": "2",
                    "node-pos": 78,
                    "template-line-number": 144
                }
            ]
        },
        "rule-13": [
            {
                "replacement-node": 34,
                "part": null,
                "node-pos": 61,
                "template-line-number": 109,
                "html": true
            }
        ],
        "rule-14": [
            {
                "replacement-node": 65,
                "part": null,
                "expression-node": 66,
                "template-line-number": 360,
                "node-pos": 112
            }
        ],
        "rule-10": [
            {
                "replacement-node": 25,
                "part": null,
                "expression-node": 26,
                "template-line-number": 83,
                "node-pos": 46
            }
        ],
        "rule-18": {
            "name": "CFLineItems",
            "subs": [
                {
                    "extras": {},
                    "name": "CFLineItems",
                    "replacement-node": 45,
                    "part": "1",
                    "node-pos": 84,
                    "template-line-number": 311
                },
                {
                    "name": "CFLineItems",
                    "replacement-node": 50,
                    "part": "2",
                    "expression-node": 51,
                    "template-line-number": 322,
                    "node-pos": 92
                },
                {
                    "name": "CFLineItems",
                    "replacement-node": 55,
                    "part": "4",
                    "expression-node": 56,
                    "template-line-number": 334,
                    "node-pos": 98
                },
                {
                    "name": "CFLineItems",
                    "replacement-node": 60,
                    "part": "5",
                    "expression-node": 61,
                    "template-line-number": 344,
                    "node-pos": 104
                },
                {
                    "extras": {},
                    "name": "CFLineItems",
                    "replacement-node": 48,
                    "part": "6",
                    "node-pos": 90,
                    "template-line-number": 318
                }
            ]
        },
        "rule-3": [
            {
                "replacement-node": 4,
                "part": null,
                "expression-node": 5,
                "template-line-number": 33,
                "node-pos": 15
            }
        ],
        "rule-5": [
            {
                "replacement-node": 10,
                "part": null,
                "node-pos": 23,
                "template-line-number": 45,
                "html": true
            }
        ]
    },
    "showifs": {
        "rule-1": {
            "type": "showif",
            "template-line-number": 18
        }
    },
    "line-numbers": {}
}