{
    "line-numbers": {},
    "substitutions": {
        "rule-30": [
            {
                "replacement-node": 87,
                "expression-node": 88,
                "template-line-number": 328,
                "node-pos": 177,
                "part": null
            }
        ],
        "rule-33": [
            {
                "replacement-node": 96,
                "template-line-number": 361,
                "node-pos": 196,
                "part": null
            }
        ],
        "rule-16": [
            {
                "replacement-node": 45,
                "expression-node": 46,
                "template-line-number": 162,
                "node-pos": 90,
                "part": null
            }
        ],
        "rule-14": [
            {
                "replacement-node": 39,
                "expression-node": 40,
                "template-line-number": 142,
                "node-pos": 79,
                "part": null
            }
        ],
        "rule-24": [
            {
                "replacement-node": 69,
                "template-line-number": 251,
                "node-pos": 136,
                "part": null
            }
        ],
        "rule-2": [
            {
                "replacement-node": 3,
                "template-line-number": 29,
                "node-pos": 15,
                "part": null
            }
        ],
        "rule-11": [
            {
                "replacement-node": 30,
                "template-line-number": 111,
                "node-pos": 61,
                "part": null
            }
        ],
        "rule-22": [
            {
                "replacement-node": 63,
                "html": true,
                "template-line-number": 227,
                "node-pos": 126,
                "part": null
            }
        ],
        "rule-36": [
            {
                "replacement-node": 105,
                "template-line-number": 403,
                "node-pos": 220,
                "part": null
            }
        ],
        "rule-21": [
            {
                "replacement-node": 60,
                "template-line-number": 217,
                "node-pos": 122,
                "part": null
            }
        ],
        "rule-3": [
            {
                "replacement-node": 6,
                "template-line-number": 40,
                "node-pos": 20,
                "part": null
            }
        ],
        "rule-28": [
            {
                "replacement-node": 81,
                "expression-node": 82,
                "template-line-number": 308,
                "node-pos": 166,
                "part": null
            }
        ],
        "rule-32": [
            {
                "replacement-node": 93,
                "expression-node": 94,
                "template-line-number": 350,
                "node-pos": 189,
                "part": null
            }
        ],
        "rule-12": [
            {
                "replacement-node": 33,
                "expression-node": 34,
                "template-line-number": 120,
                "node-pos": 67,
                "part": null
            }
        ],
        "rule-37": [
            {
                "replacement-node": 108,
                "template-line-number": 412,
                "node-pos": 224,
                "part": null
            }
        ],
        "rule-15": [
            {
                "replacement-node": 42,
                "template-line-number": 153,
                "node-pos": 85,
                "part": null
            }
        ],
        "rule-29": [
            {
                "replacement-node": 84,
                "template-line-number": 319,
                "node-pos": 172,
                "part": null
            }
        ],
        "rule-25": [
            {
                "replacement-node": 72,
                "expression-node": 73,
                "template-line-number": 260,
                "node-pos": 142,
                "part": null
            }
        ],
        "rule-10": [
            {
                "replacement-node": 27,
                "expression-node": 28,
                "template-line-number": 101,
                "node-pos": 54,
                "part": null
            }
        ],
        "rule-13": [
            {
                "replacement-node": 36,
                "template-line-number": 133,
                "node-pos": 74,
                "part": null
            }
        ],
        "rule-17": [
            {
                "replacement-node": 48,
                "template-line-number": 175,
                "node-pos": 97,
                "part": null
            }
        ],
        "rule-18": [
            {
                "replacement-node": 51,
                "expression-node": 52,
                "template-line-number": 184,
                "node-pos": 103,
                "part": null
            }
        ],
        "rule-35": [
            {
                "replacement-node": 102,
                "expression-node": 103,
                "template-line-number": 398,
                "node-pos": 216,
                "part": null
            }
        ],
        "rule-26": [
            {
                "replacement-node": 75,
                "template-line-number": 273,
                "node-pos": 149,
                "part": null
            }
        ],
        "rule-4": [
            {
                "replacement-node": 9,
                "expression-node": 10,
                "template-line-number": 49,
                "node-pos": 25,
                "part": null
            }
        ],
        "rule-5": [
            {
                "replacement-node": 12,
                "template-line-number": 61,
                "node-pos": 31,
                "part": null
            }
        ],
        "rule-8": [
            {
                "replacement-node": 21,
                "template-line-number": 84,
                "node-pos": 44,
                "part": null
            }
        ],
        "rule-23": [
            {
                "replacement-node": 66,
                "html": true,
                "template-line-number": 239,
                "node-pos": 131,
                "part": null
            }
        ],
        "rule-34": [
            {
                "replacement-node": 99,
                "expression-node": 100,
                "template-line-number": 369,
                "node-pos": 200,
                "part": null
            }
        ],
        "rule-6": [
            {
                "replacement-node": 15,
                "expression-node": 16,
                "template-line-number": 71,
                "node-pos": 35,
                "part": null
            }
        ],
        "rule-31": [
            {
                "replacement-node": 90,
                "template-line-number": 341,
                "node-pos": 184,
                "part": null
            }
        ],
        "rule-19": [
            {
                "replacement-node": 54,
                "template-line-number": 197,
                "node-pos": 110,
                "part": null
            }
        ],
        "rule-1": [
            {
                "replacement-node": 0,
                "expression-node": 1,
                "template-line-number": 21,
                "node-pos": 9,
                "part": null
            }
        ],
        "rule-9": [
            {
                "replacement-node": 24,
                "expression-node": 25,
                "template-line-number": 93,
                "node-pos": 50,
                "part": null
            }
        ],
        "rule-20": [
            {
                "replacement-node": 57,
                "expression-node": 58,
                "template-line-number": 206,
                "node-pos": 116,
                "part": null
            }
        ],
        "rule-27": [
            {
                "replacement-node": 78,
                "template-line-number": 299,
                "node-pos": 161,
                "part": null
            }
        ],
        "rule-7": [
            {
                "replacement-node": 18,
                "expression-node": 19,
                "template-line-number": 76,
                "node-pos": 39,
                "part": null
            }
        ]
    },
    "showifs": {}
}