{
    "line-numbers": {},
    "showifs": {},
    "substitutions": {
        "rule-30": [
            {
                "expression-node": 88,
                "node-pos": 177,
                "replacement-node": 87,
                "part": null,
                "template-line-number": 328
            }
        ],
        "rule-8": [
            {
                "node-pos": 44,
                "replacement-node": 21,
                "part": null,
                "template-line-number": 84
            }
        ],
        "rule-21": [
            {
                "node-pos": 122,
                "replacement-node": 60,
                "part": null,
                "template-line-number": 217
            }
        ],
        "rule-24": [
            {
                "node-pos": 136,
                "replacement-node": 69,
                "part": null,
                "template-line-number": 251
            }
        ],
        "rule-28": [
            {
                "expression-node": 82,
                "node-pos": 166,
                "replacement-node": 81,
                "part": null,
                "template-line-number": 308
            }
        ],
        "rule-26": [
            {
                "node-pos": 149,
                "replacement-node": 75,
                "part": null,
                "template-line-number": 273
            }
        ],
        "rule-34": [
            {
                "expression-node": 100,
                "node-pos": 200,
                "replacement-node": 99,
                "part": null,
                "template-line-number": 369
            }
        ],
        "rule-19": [
            {
                "node-pos": 110,
                "replacement-node": 54,
                "part": null,
                "template-line-number": 197
            }
        ],
        "rule-20": [
            {
                "expression-node": 58,
                "node-pos": 116,
                "replacement-node": 57,
                "part": null,
                "template-line-number": 206
            }
        ],
        "rule-23": [
            {
                "node-pos": 131,
                "html": true,
                "replacement-node": 66,
                "part": null,
                "template-line-number": 239
            }
        ],
        "rule-2": [
            {
                "node-pos": 15,
                "replacement-node": 3,
                "part": null,
                "template-line-number": 29
            }
        ],
        "rule-18": [
            {
                "expression-node": 52,
                "node-pos": 103,
                "replacement-node": 51,
                "part": null,
                "template-line-number": 184
            }
        ],
        "rule-37": [
            {
                "node-pos": 224,
                "replacement-node": 108,
                "part": null,
                "template-line-number": 412
            }
        ],
        "rule-33": [
            {
                "node-pos": 196,
                "replacement-node": 96,
                "part": null,
                "template-line-number": 361
            }
        ],
        "rule-27": [
            {
                "node-pos": 161,
                "replacement-node": 78,
                "part": null,
                "template-line-number": 299
            }
        ],
        "rule-17": [
            {
                "node-pos": 97,
                "replacement-node": 48,
                "part": null,
                "template-line-number": 175
            }
        ],
        "rule-25": [
            {
                "expression-node": 73,
                "node-pos": 142,
                "replacement-node": 72,
                "part": null,
                "template-line-number": 260
            }
        ],
        "rule-36": [
            {
                "node-pos": 220,
                "replacement-node": 105,
                "part": null,
                "template-line-number": 403
            }
        ],
        "rule-7": [
            {
                "expression-node": 19,
                "node-pos": 39,
                "replacement-node": 18,
                "part": null,
                "template-line-number": 76
            }
        ],
        "rule-1": [
            {
                "expression-node": 1,
                "node-pos": 9,
                "replacement-node": 0,
                "part": null,
                "template-line-number": 21
            }
        ],
        "rule-14": [
            {
                "expression-node": 40,
                "node-pos": 79,
                "replacement-node": 39,
                "part": null,
                "template-line-number": 142
            }
        ],
        "rule-3": [
            {
                "node-pos": 20,
                "replacement-node": 6,
                "part": null,
                "template-line-number": 40
            }
        ],
        "rule-16": [
            {
                "expression-node": 46,
                "node-pos": 90,
                "replacement-node": 45,
                "part": null,
                "template-line-number": 162
            }
        ],
        "rule-11": [
            {
                "node-pos": 61,
                "replacement-node": 30,
                "part": null,
                "template-line-number": 111
            }
        ],
        "rule-9": [
            {
                "expression-node": 25,
                "node-pos": 50,
                "replacement-node": 24,
                "part": null,
                "template-line-number": 93
            }
        ],
        "rule-5": [
            {
                "node-pos": 31,
                "replacement-node": 12,
                "part": null,
                "template-line-number": 61
            }
        ],
        "rule-10": [
            {
                "expression-node": 28,
                "node-pos": 54,
                "replacement-node": 27,
                "part": null,
                "template-line-number": 101
            }
        ],
        "rule-29": [
            {
                "node-pos": 172,
                "replacement-node": 84,
                "part": null,
                "template-line-number": 319
            }
        ],
        "rule-6": [
            {
                "expression-node": 16,
                "node-pos": 35,
                "replacement-node": 15,
                "part": null,
                "template-line-number": 71
            }
        ],
        "rule-22": [
            {
                "node-pos": 126,
                "html": true,
                "replacement-node": 63,
                "part": null,
                "template-line-number": 227
            }
        ],
        "rule-35": [
            {
                "expression-node": 103,
                "node-pos": 216,
                "replacement-node": 102,
                "part": null,
                "template-line-number": 398
            }
        ],
        "rule-31": [
            {
                "node-pos": 184,
                "replacement-node": 90,
                "part": null,
                "template-line-number": 341
            }
        ],
        "rule-15": [
            {
                "node-pos": 85,
                "replacement-node": 42,
                "part": null,
                "template-line-number": 153
            }
        ],
        "rule-13": [
            {
                "node-pos": 74,
                "replacement-node": 36,
                "part": null,
                "template-line-number": 133
            }
        ],
        "rule-4": [
            {
                "expression-node": 10,
                "node-pos": 25,
                "replacement-node": 9,
                "part": null,
                "template-line-number": 49
            }
        ],
        "rule-32": [
            {
                "expression-node": 94,
                "node-pos": 189,
                "replacement-node": 93,
                "part": null,
                "template-line-number": 350
            }
        ],
        "rule-12": [
            {
                "expression-node": 34,
                "node-pos": 67,
                "replacement-node": 33,
                "part": null,
                "template-line-number": 120
            }
        ]
    }
}