{
    "showifs": {},
    "substitutions": {
        "rule-6": [
            {
                "replacement-node": 15,
                "template-line-number": 63,
                "node-pos": 32,
                "part": null
            }
        ],
        "rule-16": {
            "subs": [
                {
                    "replacement-node": 41,
                    "template-line-number": 156,
                    "node-pos": 71,
                    "part": "1",
                    "name": "ListLineItems",
                    "extras": {}
                },
                {
                    "replacement-node": 46,
                    "template-line-number": 167,
                    "node-pos": 79,
                    "part": "2",
                    "name": "ListLineItems",
                    "extras": {}
                },
                {
                    "replacement-node": 50,
                    "template-line-number": 177,
                    "node-pos": 85,
                    "part": "3",
                    "name": "ListLineItems",
                    "extras": {}
                },
                {
                    "replacement-node": 44,
                    "template-line-number": 163,
                    "node-pos": 77,
                    "part": "6",
                    "name": "ListLineItems",
                    "extras": {}
                }
            ],
            "name": "ListLineItems"
        },
        "rule-8": [
            {
                "replacement-node": 21,
                "template-line-number": 73,
                "node-pos": 40,
                "part": null
            }
        ],
        "rule-5": [
            {
                "replacement-node": 12,
                "template-line-number": 52,
                "node-pos": 27,
                "part": null,
                "html": true
            }
        ],
        "rule-15": {
            "subs": [
                {
                    "replacement-node": 34,
                    "template-line-number": 114,
                    "node-pos": 61,
                    "part": "1",
                    "name": "ListHeadings",
                    "extras": {}
                },
                {
                    "replacement-node": 37,
                    "template-line-number": 121,
                    "node-pos": 65,
                    "part": "2",
                    "name": "ListHeadings",
                    "extras": {}
                }
            ],
            "name": "ListHeadings"
        },
        "rule-10": [
            {
                "replacement-node": 27,
                "template-line-number": 83,
                "node-pos": 48,
                "part": null,
                "expression-node": 28
            }
        ],
        "rule-14": [
            {
                "replacement-node": 59,
                "template-line-number": 218,
                "node-pos": 99,
                "part": null
            }
        ],
        "rule-9": [
            {
                "replacement-node": 24,
                "template-line-number": 78,
                "node-pos": 44,
                "part": null,
                "expression-node": 25
            }
        ],
        "rule-7": [
            {
                "replacement-node": 18,
                "template-line-number": 68,
                "node-pos": 36,
                "part": null,
                "expression-node": 19
            }
        ],
        "rule-12": [
            {
                "replacement-node": 53,
                "template-line-number": 203,
                "node-pos": 91,
                "part": null,
                "expression-node": 54
            }
        ],
        "rule-2": [
            {
                "replacement-node": 3,
                "template-line-number": 28,
                "node-pos": 14,
                "part": null,
                "expression-node": 4
            }
        ],
        "rule-1": [
            {
                "replacement-node": 0,
                "template-line-number": 23,
                "node-pos": 10,
                "part": null
            }
        ],
        "rule-11": [
            {
                "replacement-node": 30,
                "template-line-number": 93,
                "node-pos": 54,
                "part": null
            }
        ],
        "rule-3": [
            {
                "replacement-node": 6,
                "template-line-number": 34,
                "node-pos": 18,
                "part": null
            }
        ],
        "rule-13": [
            {
                "replacement-node": 56,
                "template-line-number": 208,
                "node-pos": 95,
                "part": null
            }
        ],
        "rule-4": [
            {
                "replacement-node": 9,
                "template-line-number": 40,
                "node-pos": 22,
                "part": null,
                "html": true
            }
        ]
    },
    "line-numbers": {}
}