{
    "showifs": {
        "rule-1": {
            "template-line-number": 17,
            "type": "showif"
        }
    },
    "line-numbers": {},
    "substitutions": {
        "rule-18": {
            "subs": [
                {
                    "template-line-number": 277,
                    "extras": {},
                    "name": "GALineItems",
                    "part": "1",
                    "replacement-node": 45,
                    "node-pos": 88
                },
                {
                    "template-line-number": 291,
                    "name": "GALineItems",
                    "part": "2",
                    "replacement-node": 50,
                    "expression-node": 51,
                    "node-pos": 96
                },
                {
                    "template-line-number": 301,
                    "extras": {},
                    "name": "GALineItems",
                    "part": "3",
                    "replacement-node": 55,
                    "node-pos": 102
                },
                {
                    "template-line-number": 309,
                    "name": "GALineItems",
                    "part": "4",
                    "replacement-node": 59,
                    "expression-node": 60,
                    "node-pos": 107
                },
                {
                    "template-line-number": 319,
                    "name": "GALineItems",
                    "part": "5",
                    "replacement-node": 66,
                    "expression-node": 67,
                    "node-pos": 115
                },
                {
                    "template-line-number": 287,
                    "extras": {},
                    "name": "GALineItems",
                    "part": "6",
                    "replacement-node": 48,
                    "node-pos": 94
                }
            ],
            "name": "GALineItems"
        },
        "rule-16": [
            {
                "template-line-number": 345,
                "part": null,
                "replacement-node": 77,
                "node-pos": 131
            }
        ],
        "rule-2": [
            {
                "template-line-number": 27,
                "part": null,
                "replacement-node": 1,
                "node-pos": 10
            }
        ],
        "rule-15": [
            {
                "template-line-number": 336,
                "part": null,
                "replacement-node": 74,
                "node-pos": 127
            }
        ],
        "rule-8": [
            {
                "template-line-number": 70,
                "part": null,
                "replacement-node": 19,
                "expression-node": 20,
                "node-pos": 36
            }
        ],
        "rule-6": [
            {
                "template-line-number": 55,
                "part": null,
                "html": true,
                "replacement-node": 13,
                "node-pos": 27
            }
        ],
        "rule-11": [
            {
                "template-line-number": 84,
                "part": null,
                "replacement-node": 28,
                "expression-node": 29,
                "node-pos": 48
            }
        ],
        "rule-10": [
            {
                "template-line-number": 79,
                "part": null,
                "replacement-node": 25,
                "expression-node": 26,
                "node-pos": 44
            }
        ],
        "rule-14": [
            {
                "template-line-number": 331,
                "part": null,
                "replacement-node": 71,
                "expression-node": 72,
                "node-pos": 123
            }
        ],
        "rule-9": [
            {
                "template-line-number": 75,
                "part": null,
                "replacement-node": 22,
                "node-pos": 40
            }
        ],
        "rule-4": [
            {
                "template-line-number": 37,
                "part": null,
                "replacement-node": 7,
                "node-pos": 18
            }
        ],
        "rule-3": [
            {
                "template-line-number": 31,
                "part": null,
                "replacement-node": 4,
                "expression-node": 5,
                "node-pos": 14
            }
        ],
        "rule-5": [
            {
                "template-line-number": 43,
                "part": null,
                "html": true,
                "replacement-node": 10,
                "node-pos": 22
            }
        ],
        "rule-12": [
            {
                "template-line-number": 94,
                "part": null,
                "replacement-node": 31,
                "node-pos": 54
            }
        ],
        "rule-13": [
            {
                "template-line-number": 105,
                "part": null,
                "html": true,
                "replacement-node": 34,
                "node-pos": 59
            }
        ],
        "rule-17": {
            "subs": [
                {
                    "template-line-number": 139,
                    "extras": {},
                    "name": "GAHeadings",
                    "part": "1",
                    "replacement-node": 38,
                    "node-pos": 78
                },
                {
                    "template-line-number": 146,
                    "extras": {},
                    "name": "GAHeadings",
                    "part": "2",
                    "replacement-node": 41,
                    "node-pos": 82
                }
            ],
            "name": "GAHeadings"
        },
        "rule-7": [
            {
                "template-line-number": 66,
                "part": null,
                "replacement-node": 16,
                "node-pos": 32
            }
        ]
    }
}