{
    "line-numbers": {},
    "substitutions": {
        "rule-15": [
            {
                "part": null,
                "replacement-node": 42,
                "node-pos": 76,
                "template-line-number": 137
            }
        ],
        "rule-13": [
            {
                "part": null,
                "replacement-node": 36,
                "node-pos": 66,
                "expression-node": 37,
                "template-line-number": 117
            }
        ],
        "rule-5": [
            {
                "part": null,
                "replacement-node": 12,
                "html": true,
                "node-pos": 27,
                "template-line-number": 52
            }
        ],
        "rule-12": [
            {
                "part": null,
                "replacement-node": 33,
                "html": true,
                "node-pos": 59,
                "template-line-number": 104
            }
        ],
        "rule-8": [
            {
                "part": null,
                "replacement-node": 21,
                "node-pos": 40,
                "template-line-number": 73
            }
        ],
        "rule-7": [
            {
                "part": null,
                "replacement-node": 18,
                "node-pos": 36,
                "expression-node": 19,
                "template-line-number": 68
            }
        ],
        "rule-1": [
            {
                "part": null,
                "replacement-node": 0,
                "node-pos": 10,
                "template-line-number": 23
            }
        ],
        "rule-2": [
            {
                "part": null,
                "replacement-node": 3,
                "node-pos": 14,
                "expression-node": 4,
                "template-line-number": 28
            }
        ],
        "rule-3": [
            {
                "part": null,
                "replacement-node": 6,
                "node-pos": 18,
                "template-line-number": 34
            }
        ],
        "rule-6": [
            {
                "part": null,
                "replacement-node": 15,
                "node-pos": 32,
                "template-line-number": 63
            }
        ],
        "rule-11": [
            {
                "part": null,
                "replacement-node": 30,
                "node-pos": 54,
                "template-line-number": 93
            }
        ],
        "rule-9": [
            {
                "part": null,
                "replacement-node": 24,
                "node-pos": 44,
                "expression-node": 25,
                "template-line-number": 78
            }
        ],
        "rule-16": [
            {
                "part": null,
                "replacement-node": 45,
                "node-pos": 80,
                "template-line-number": 146
            }
        ],
        "rule-4": [
            {
                "part": null,
                "replacement-node": 9,
                "html": true,
                "node-pos": 22,
                "template-line-number": 40
            }
        ],
        "rule-14": [
            {
                "part": null,
                "replacement-node": 39,
                "node-pos": 72,
                "expression-node": 40,
                "template-line-number": 131
            }
        ],
        "rule-10": [
            {
                "part": null,
                "replacement-node": 27,
                "node-pos": 48,
                "expression-node": 28,
                "template-line-number": 83
            }
        ]
    },
    "showifs": {}
}