{
    "showifs": {
        "rule-1": {
            "type": "showif",
            "template-line-number": 15
        }
    },
    "substitutions": {
        "rule-11": [
            {
                "expression-node": 29,
                "part": null,
                "node-pos": 48,
                "template-line-number": 112,
                "replacement-node": 28
            }
        ],
        "rule-9": [
            {
                "part": null,
                "node-pos": 40,
                "template-line-number": 99,
                "replacement-node": 22
            }
        ],
        "rule-22": [
            {
                "expression-node": 91,
                "part": null,
                "node-pos": 155,
                "template-line-number": 404,
                "replacement-node": 90
            }
        ],
        "rule-21": [
            {
                "expression-node": 88,
                "part": null,
                "node-pos": 148,
                "template-line-number": 388,
                "replacement-node": 87
            }
        ],
        "rule-23": [
            {
                "expression-node": 94,
                "part": null,
                "node-pos": 159,
                "template-line-number": 414,
                "replacement-node": 93
            }
        ],
        "rule-3": [
            {
                "expression-node": 5,
                "part": null,
                "node-pos": 14,
                "template-line-number": 36,
                "replacement-node": 4
            }
        ],
        "rule-15": [
            {
                "expression-node": 70,
                "part": null,
                "node-pos": 119,
                "template-line-number": 316,
                "replacement-node": 69
            }
        ],
        "rule-13": [
            {
                "html": true,
                "part": null,
                "node-pos": 59,
                "template-line-number": 134,
                "replacement-node": 34
            }
        ],
        "rule-7": [
            {
                "part": null,
                "node-pos": 32,
                "template-line-number": 85,
                "replacement-node": 16
            }
        ],
        "rule-18": [
            {
                "expression-node": 79,
                "part": null,
                "node-pos": 131,
                "template-line-number": 346,
                "replacement-node": 78
            }
        ],
        "rule-19": [
            {
                "expression-node": 82,
                "part": null,
                "node-pos": 138,
                "template-line-number": 362,
                "replacement-node": 81
            }
        ],
        "rule-10": [
            {
                "expression-node": 26,
                "part": null,
                "node-pos": 44,
                "template-line-number": 106,
                "replacement-node": 25
            }
        ],
        "rule-30": {
            "subs": [
                {
                    "part": "2",
                    "node-pos": 88,
                    "template-line-number": 244,
                    "replacement-node": 48,
                    "expression-node": 49,
                    "name": "SalesOfElectricityByRateSchedule"
                },
                {
                    "part": "3",
                    "node-pos": 92,
                    "template-line-number": 254,
                    "replacement-node": 51,
                    "expression-node": 52,
                    "name": "SalesOfElectricityByRateSchedule"
                },
                {
                    "part": "4",
                    "node-pos": 96,
                    "template-line-number": 263,
                    "replacement-node": 54,
                    "expression-node": 55,
                    "name": "SalesOfElectricityByRateSchedule"
                },
                {
                    "part": "5",
                    "node-pos": 100,
                    "template-line-number": 271,
                    "replacement-node": 57,
                    "expression-node": 58,
                    "name": "SalesOfElectricityByRateSchedule"
                },
                {
                    "part": "6",
                    "node-pos": 104,
                    "template-line-number": 282,
                    "replacement-node": 60,
                    "expression-node": 61,
                    "name": "SalesOfElectricityByRateSchedule"
                },
                {
                    "part": "7",
                    "node-pos": 108,
                    "template-line-number": 291,
                    "replacement-node": 63,
                    "expression-node": 64,
                    "name": "SalesOfElectricityByRateSchedule"
                }
            ],
            "name": "SalesOfElectricityByRateSchedule"
        },
        "rule-14": [
            {
                "expression-node": 67,
                "part": null,
                "node-pos": 115,
                "template-line-number": 306,
                "replacement-node": 66
            }
        ],
        "rule-2": [
            {
                "part": null,
                "node-pos": 10,
                "template-line-number": 29,
                "replacement-node": 1
            }
        ],
        "rule-6": [
            {
                "html": true,
                "part": null,
                "node-pos": 27,
                "template-line-number": 67,
                "replacement-node": 13
            }
        ],
        "rule-31": {
            "subs": [
                {
                    "part": "1",
                    "node-pos": 74,
                    "template-line-number": 165,
                    "extras": {},
                    "replacement-node": 38,
                    "name": "ColumnHeadings"
                },
                {
                    "part": "2",
                    "node-pos": 78,
                    "template-line-number": 172,
                    "extras": {},
                    "replacement-node": 41,
                    "name": "ColumnHeadings"
                }
            ],
            "name": "ColumnHeadings"
        },
        "rule-24": [
            {
                "expression-node": 97,
                "part": null,
                "node-pos": 163,
                "template-line-number": 424,
                "replacement-node": 96
            }
        ],
        "rule-5": [
            {
                "html": true,
                "part": null,
                "node-pos": 22,
                "template-line-number": 51,
                "replacement-node": 10
            }
        ],
        "rule-12": [
            {
                "part": null,
                "node-pos": 54,
                "template-line-number": 123,
                "replacement-node": 31
            }
        ],
        "rule-25": [
            {
                "expression-node": 100,
                "part": null,
                "node-pos": 167,
                "template-line-number": 434,
                "replacement-node": 99
            }
        ],
        "rule-20": [
            {
                "expression-node": 85,
                "part": null,
                "node-pos": 142,
                "template-line-number": 372,
                "replacement-node": 84
            }
        ],
        "rule-17": [
            {
                "expression-node": 76,
                "part": null,
                "node-pos": 127,
                "template-line-number": 336,
                "replacement-node": 75
            }
        ],
        "rule-28": [
            {
                "part": null,
                "node-pos": 181,
                "template-line-number": 466,
                "replacement-node": 108
            }
        ],
        "rule-8": [
            {
                "expression-node": 20,
                "part": null,
                "node-pos": 36,
                "template-line-number": 92,
                "replacement-node": 19
            }
        ],
        "rule-26": [
            {
                "expression-node": 103,
                "part": null,
                "node-pos": 171,
                "template-line-number": 444,
                "replacement-node": 102
            }
        ],
        "rule-4": [
            {
                "part": null,
                "node-pos": 18,
                "template-line-number": 43,
                "replacement-node": 7
            }
        ],
        "rule-16": [
            {
                "expression-node": 73,
                "part": null,
                "node-pos": 123,
                "template-line-number": 326,
                "replacement-node": 72
            }
        ],
        "rule-29": [
            {
                "part": null,
                "node-pos": 185,
                "template-line-number": 476,
                "replacement-node": 111
            }
        ],
        "rule-27": [
            {
                "expression-node": 106,
                "part": null,
                "node-pos": 177,
                "template-line-number": 459,
                "replacement-node": 105
            }
        ]
    },
    "line-numbers": {
        "SalesOfElectricityByRateSchedule": [
            {
                "line-number-node": 45,
                "start-number": 1,
                "template-line-number": 236
            }
        ]
    }
}