{
    "substitutions": {
        "rule-3": [
            {
                "node-pos": 19,
                "template-line-number": 33,
                "part": null,
                "replacement-node": 6
            }
        ],
        "rule-9": [
            {
                "node-pos": 47,
                "template-line-number": 77,
                "expression-node": 25,
                "part": null,
                "replacement-node": 24
            }
        ],
        "rule-10": [
            {
                "node-pos": 51,
                "template-line-number": 82,
                "expression-node": 28,
                "part": null,
                "replacement-node": 27
            }
        ],
        "rule-6": [
            {
                "node-pos": 33,
                "template-line-number": 62,
                "part": null,
                "replacement-node": 15
            }
        ],
        "rule-8": [
            {
                "node-pos": 42,
                "template-line-number": 72,
                "part": null,
                "replacement-node": 21
            }
        ],
        "rule-13": [
            {
                "node-pos": 104,
                "template-line-number": 288,
                "part": null,
                "replacement-node": 61
            }
        ],
        "rule-4": [
            {
                "node-pos": 23,
                "template-line-number": 39,
                "html": true,
                "part": null,
                "replacement-node": 9
            }
        ],
        "rule-2": [
            {
                "node-pos": 15,
                "template-line-number": 27,
                "expression-node": 4,
                "part": null,
                "replacement-node": 3
            }
        ],
        "rule-14": [
            {
                "node-pos": 108,
                "template-line-number": 298,
                "part": null,
                "replacement-node": 64
            }
        ],
        "rule-15": {
            "name": "officer",
            "subs": [
                {
                    "template-line-number": 249,
                    "name": "officer",
                    "part": "2",
                    "replacement-node": 43,
                    "node-pos": 78,
                    "expression-node": 44
                },
                {
                    "template-line-number": 254,
                    "name": "officer",
                    "part": "3",
                    "replacement-node": 46,
                    "node-pos": 82,
                    "expression-node": 47
                },
                {
                    "template-line-number": 259,
                    "name": "officer",
                    "part": "4",
                    "replacement-node": 49,
                    "node-pos": 86,
                    "expression-node": 50
                },
                {
                    "template-line-number": 264,
                    "name": "officer",
                    "part": "5",
                    "replacement-node": 52,
                    "node-pos": 90,
                    "expression-node": 53
                },
                {
                    "template-line-number": 269,
                    "name": "officer",
                    "part": "6",
                    "replacement-node": 55,
                    "node-pos": 94,
                    "expression-node": 56
                }
            ]
        },
        "rule-1": [
            {
                "node-pos": 10,
                "template-line-number": 22,
                "part": null,
                "replacement-node": 0
            }
        ],
        "rule-12": [
            {
                "node-pos": 100,
                "template-line-number": 283,
                "expression-node": 59,
                "part": null,
                "replacement-node": 58
            }
        ],
        "rule-7": [
            {
                "node-pos": 38,
                "template-line-number": 67,
                "expression-node": 19,
                "part": null,
                "replacement-node": 18
            }
        ],
        "rule-11": [
            {
                "node-pos": 57,
                "template-line-number": 92,
                "part": null,
                "replacement-node": 30
            }
        ],
        "rule-16": {
            "name": "ISHeadings",
            "subs": [
                {
                    "template-line-number": 117,
                    "name": "ISHeadings",
                    "replacement-node": 34,
                    "node-pos": 65,
                    "extras": {},
                    "part": "1"
                },
                {
                    "template-line-number": 124,
                    "name": "ISHeadings",
                    "replacement-node": 37,
                    "node-pos": 69,
                    "extras": {},
                    "part": "2"
                }
            ]
        },
        "rule-5": [
            {
                "node-pos": 28,
                "template-line-number": 51,
                "html": true,
                "part": null,
                "replacement-node": 12
            }
        ]
    },
    "line-numbers": {
        "officer": [
            {
                "template-line-number": 246,
                "start-number": 1,
                "line-number-node": 41
            }
        ]
    },
    "showifs": {}
}