{
    "showifs": {},
    "line-numbers": {},
    "substitutions": {
        "rule-15": [
            {
                "template-line-number": 234,
                "part": null,
                "replacement-node": 64,
                "node-pos": 108
            }
        ],
        "rule-10": [
            {
                "template-line-number": 82,
                "part": null,
                "replacement-node": 27,
                "node-pos": 47,
                "expression-node": 28
            }
        ],
        "rule-3": [
            {
                "template-line-number": 33,
                "part": null,
                "replacement-node": 6,
                "node-pos": 17
            }
        ],
        "rule-6": [
            {
                "template-line-number": 62,
                "part": null,
                "replacement-node": 15,
                "node-pos": 31
            }
        ],
        "rule-12": [
            {
                "template-line-number": 102,
                "part": null,
                "replacement-node": 33,
                "node-pos": 58,
                "html": true
            }
        ],
        "rule-16": {
            "subs": [
                {
                    "part": "1",
                    "template-line-number": 173,
                    "node-pos": 77,
                    "replacement-node": 44,
                    "extras": {},
                    "name": "ListLineItems"
                },
                {
                    "part": "2",
                    "template-line-number": 184,
                    "node-pos": 85,
                    "replacement-node": 49,
                    "extras": {},
                    "name": "ListLineItems"
                },
                {
                    "part": "3",
                    "template-line-number": 195,
                    "node-pos": 91,
                    "replacement-node": 53,
                    "extras": {},
                    "name": "ListLineItems"
                },
                {
                    "part": "4",
                    "template-line-number": 206,
                    "node-pos": 95,
                    "expression-node": 57,
                    "replacement-node": 56,
                    "name": "ListLineItems"
                },
                {
                    "part": "6",
                    "template-line-number": 180,
                    "node-pos": 83,
                    "replacement-node": 47,
                    "extras": {},
                    "name": "ListLineItems"
                }
            ],
            "name": "ListLineItems"
        },
        "rule-2": [
            {
                "template-line-number": 27,
                "part": null,
                "replacement-node": 3,
                "node-pos": 13,
                "expression-node": 4
            }
        ],
        "rule-8": [
            {
                "template-line-number": 72,
                "part": null,
                "replacement-node": 21,
                "node-pos": 39
            }
        ],
        "rule-11": [
            {
                "template-line-number": 92,
                "part": null,
                "replacement-node": 30,
                "node-pos": 53
            }
        ],
        "rule-13": [
            {
                "template-line-number": 217,
                "part": null,
                "replacement-node": 58,
                "node-pos": 100,
                "expression-node": 59
            }
        ],
        "rule-7": [
            {
                "template-line-number": 67,
                "part": null,
                "replacement-node": 18,
                "node-pos": 35,
                "expression-node": 19
            }
        ],
        "rule-4": [
            {
                "template-line-number": 39,
                "part": null,
                "replacement-node": 9,
                "node-pos": 21,
                "html": true
            }
        ],
        "rule-1": [
            {
                "template-line-number": 22,
                "part": null,
                "replacement-node": 0,
                "node-pos": 9
            }
        ],
        "rule-17": {
            "subs": [
                {
                    "part": "1",
                    "template-line-number": 125,
                    "node-pos": 67,
                    "replacement-node": 37,
                    "extras": {},
                    "name": "ListHeadings"
                },
                {
                    "part": "2",
                    "template-line-number": 132,
                    "node-pos": 71,
                    "replacement-node": 40,
                    "extras": {},
                    "name": "ListHeadings"
                }
            ],
            "name": "ListHeadings"
        },
        "rule-14": [
            {
                "template-line-number": 224,
                "part": null,
                "replacement-node": 61,
                "node-pos": 104
            }
        ],
        "rule-9": [
            {
                "template-line-number": 77,
                "part": null,
                "replacement-node": 24,
                "node-pos": 43,
                "expression-node": 25
            }
        ],
        "rule-5": [
            {
                "template-line-number": 51,
                "part": null,
                "replacement-node": 12,
                "node-pos": 26,
                "html": true
            }
        ]
    }
}