{
    "line-numbers": {},
    "showifs": {},
    "substitutions": {
        "rule-4": [
            {
                "part": null,
                "node-pos": 21,
                "template-line-number": 39,
                "html": true,
                "replacement-node": 9
            }
        ],
        "rule-10": [
            {
                "part": null,
                "node-pos": 47,
                "template-line-number": 82,
                "expression-node": 28,
                "replacement-node": 27
            }
        ],
        "rule-1": [
            {
                "part": null,
                "node-pos": 9,
                "template-line-number": 22,
                "replacement-node": 0
            }
        ],
        "rule-16": {
            "subs": [
                {
                    "node-pos": 77,
                    "template-line-number": 173,
                    "extras": {},
                    "name": "ListLineItems",
                    "part": "1",
                    "replacement-node": 44
                },
                {
                    "node-pos": 85,
                    "template-line-number": 184,
                    "extras": {},
                    "name": "ListLineItems",
                    "part": "2",
                    "replacement-node": 49
                },
                {
                    "node-pos": 91,
                    "template-line-number": 195,
                    "extras": {},
                    "name": "ListLineItems",
                    "part": "3",
                    "replacement-node": 53
                },
                {
                    "node-pos": 95,
                    "template-line-number": 206,
                    "expression-node": 57,
                    "name": "ListLineItems",
                    "part": "4",
                    "replacement-node": 56
                },
                {
                    "node-pos": 83,
                    "template-line-number": 180,
                    "extras": {},
                    "name": "ListLineItems",
                    "part": "6",
                    "replacement-node": 47
                }
            ],
            "name": "ListLineItems"
        },
        "rule-12": [
            {
                "part": null,
                "node-pos": 58,
                "template-line-number": 102,
                "html": true,
                "replacement-node": 33
            }
        ],
        "rule-11": [
            {
                "part": null,
                "node-pos": 53,
                "template-line-number": 92,
                "replacement-node": 30
            }
        ],
        "rule-17": {
            "subs": [
                {
                    "node-pos": 67,
                    "template-line-number": 125,
                    "extras": {},
                    "name": "ListHeadings",
                    "part": "1",
                    "replacement-node": 37
                },
                {
                    "node-pos": 71,
                    "template-line-number": 132,
                    "extras": {},
                    "name": "ListHeadings",
                    "part": "2",
                    "replacement-node": 40
                }
            ],
            "name": "ListHeadings"
        },
        "rule-7": [
            {
                "part": null,
                "node-pos": 35,
                "template-line-number": 67,
                "expression-node": 19,
                "replacement-node": 18
            }
        ],
        "rule-6": [
            {
                "part": null,
                "node-pos": 31,
                "template-line-number": 62,
                "replacement-node": 15
            }
        ],
        "rule-3": [
            {
                "part": null,
                "node-pos": 17,
                "template-line-number": 33,
                "replacement-node": 6
            }
        ],
        "rule-8": [
            {
                "part": null,
                "node-pos": 39,
                "template-line-number": 72,
                "replacement-node": 21
            }
        ],
        "rule-14": [
            {
                "part": null,
                "node-pos": 104,
                "template-line-number": 224,
                "replacement-node": 61
            }
        ],
        "rule-15": [
            {
                "part": null,
                "node-pos": 108,
                "template-line-number": 234,
                "replacement-node": 64
            }
        ],
        "rule-2": [
            {
                "part": null,
                "node-pos": 13,
                "template-line-number": 27,
                "expression-node": 4,
                "replacement-node": 3
            }
        ],
        "rule-9": [
            {
                "part": null,
                "node-pos": 43,
                "template-line-number": 77,
                "expression-node": 25,
                "replacement-node": 24
            }
        ],
        "rule-13": [
            {
                "part": null,
                "node-pos": 100,
                "template-line-number": 217,
                "expression-node": 59,
                "replacement-node": 58
            }
        ],
        "rule-5": [
            {
                "part": null,
                "node-pos": 26,
                "template-line-number": 51,
                "html": true,
                "replacement-node": 12
            }
        ]
    }
}