{
    "line-numbers": {
        "SalesForResale": [
            {
                "start-number": 1,
                "line-number-node": 44,
                "template-line-number": 291
            }
        ]
    },
    "showifs": {},
    "substitutions": {
        "rule-9": [
            {
                "replacement-node": 24,
                "template-line-number": 96,
                "expression-node": 25,
                "part": null,
                "node-pos": 43
            }
        ],
        "rule-10": [
            {
                "replacement-node": 27,
                "template-line-number": 102,
                "expression-node": 28,
                "part": null,
                "node-pos": 47
            }
        ],
        "rule-5": [
            {
                "replacement-node": 12,
                "template-line-number": 57,
                "node-pos": 26,
                "part": null,
                "html": true
            }
        ],
        "rule-2": [
            {
                "replacement-node": 3,
                "template-line-number": 25,
                "expression-node": 4,
                "part": null,
                "node-pos": 13
            }
        ],
        "rule-18": [
            {
                "replacement-node": 118,
                "template-line-number": 523,
                "expression-node": 119,
                "part": null,
                "node-pos": 190
            }
        ],
        "rule-26": [
            {
                "replacement-node": 142,
                "template-line-number": 596,
                "expression-node": 143,
                "part": null,
                "node-pos": 223
            }
        ],
        "rule-1": [
            {
                "replacement-node": 0,
                "template-line-number": 18,
                "node-pos": 9,
                "part": null
            }
        ],
        "rule-19": [
            {
                "replacement-node": 121,
                "template-line-number": 532,
                "expression-node": 122,
                "part": null,
                "node-pos": 194
            }
        ],
        "rule-28": [
            {
                "replacement-node": 148,
                "template-line-number": 624,
                "expression-node": 149,
                "part": null,
                "node-pos": 233
            }
        ],
        "rule-24": [
            {
                "replacement-node": 136,
                "template-line-number": 577,
                "expression-node": 137,
                "part": null,
                "node-pos": 214
            }
        ],
        "rule-3": [
            {
                "replacement-node": 6,
                "template-line-number": 32,
                "node-pos": 17,
                "part": null
            }
        ],
        "rule-29": [
            {
                "replacement-node": 151,
                "template-line-number": 631,
                "node-pos": 237,
                "part": null
            }
        ],
        "rule-27": [
            {
                "replacement-node": 145,
                "template-line-number": 605,
                "expression-node": 146,
                "part": null,
                "node-pos": 227
            }
        ],
        "rule-11": [
            {
                "replacement-node": 30,
                "template-line-number": 114,
                "node-pos": 53,
                "part": null,
                "html": true
            }
        ],
        "rule-22": [
            {
                "replacement-node": 130,
                "template-line-number": 559,
                "expression-node": 131,
                "part": null,
                "node-pos": 206
            }
        ],
        "rule-12": [
            {
                "replacement-node": 33,
                "template-line-number": 126,
                "node-pos": 58,
                "part": null,
                "html": true
            }
        ],
        "rule-13": [
            {
                "replacement-node": 103,
                "template-line-number": 478,
                "expression-node": 104,
                "part": null,
                "node-pos": 170
            }
        ],
        "rule-21": [
            {
                "replacement-node": 127,
                "template-line-number": 550,
                "expression-node": 128,
                "part": null,
                "node-pos": 202
            }
        ],
        "rule-4": [
            {
                "replacement-node": 9,
                "template-line-number": 40,
                "node-pos": 21,
                "part": null,
                "html": true
            }
        ],
        "rule-17": [
            {
                "replacement-node": 115,
                "template-line-number": 514,
                "expression-node": 116,
                "part": null,
                "node-pos": 186
            }
        ],
        "rule-31": {
            "subs": [
                {
                    "replacement-node": 37,
                    "extras": {},
                    "part": "1",
                    "template-line-number": 162,
                    "name": "ISHeadings",
                    "node-pos": 76
                },
                {
                    "replacement-node": 40,
                    "extras": {},
                    "part": "2",
                    "template-line-number": 169,
                    "name": "ISHeadings",
                    "node-pos": 80
                }
            ],
            "name": "ISHeadings"
        },
        "rule-8": [
            {
                "replacement-node": 21,
                "template-line-number": 89,
                "node-pos": 39,
                "part": null
            }
        ],
        "rule-6": [
            {
                "replacement-node": 15,
                "template-line-number": 75,
                "node-pos": 31,
                "part": null
            }
        ],
        "rule-16": [
            {
                "replacement-node": 112,
                "template-line-number": 505,
                "expression-node": 113,
                "part": null,
                "node-pos": 182
            }
        ],
        "rule-15": [
            {
                "replacement-node": 109,
                "template-line-number": 496,
                "expression-node": 110,
                "part": null,
                "node-pos": 178
            }
        ],
        "rule-14": [
            {
                "replacement-node": 106,
                "template-line-number": 487,
                "expression-node": 107,
                "part": null,
                "node-pos": 174
            }
        ],
        "rule-7": [
            {
                "replacement-node": 18,
                "template-line-number": 82,
                "expression-node": 19,
                "part": null,
                "node-pos": 35
            }
        ],
        "rule-23": [
            {
                "replacement-node": 133,
                "template-line-number": 568,
                "expression-node": 134,
                "part": null,
                "node-pos": 210
            }
        ],
        "rule-25": [
            {
                "replacement-node": 139,
                "template-line-number": 587,
                "expression-node": 140,
                "part": null,
                "node-pos": 219
            }
        ],
        "rule-32": {
            "subs": [
                {
                    "replacement-node": 70,
                    "expression-node": 71,
                    "part": "10",
                    "template-line-number": 368,
                    "name": "SalesForResale",
                    "node-pos": 121
                },
                {
                    "replacement-node": 73,
                    "expression-node": 74,
                    "part": "11",
                    "template-line-number": 377,
                    "name": "SalesForResale",
                    "node-pos": 125
                },
                {
                    "replacement-node": 76,
                    "expression-node": 77,
                    "part": "12",
                    "template-line-number": 386,
                    "name": "SalesForResale",
                    "node-pos": 129
                },
                {
                    "replacement-node": 79,
                    "expression-node": 80,
                    "part": "13",
                    "template-line-number": 396,
                    "name": "SalesForResale",
                    "node-pos": 133
                },
                {
                    "replacement-node": 82,
                    "expression-node": 83,
                    "part": "14",
                    "template-line-number": 405,
                    "name": "SalesForResale",
                    "node-pos": 137
                },
                {
                    "replacement-node": 85,
                    "expression-node": 86,
                    "part": "15",
                    "template-line-number": 414,
                    "name": "SalesForResale",
                    "node-pos": 141
                },
                {
                    "replacement-node": 88,
                    "expression-node": 89,
                    "part": "16",
                    "template-line-number": 423,
                    "name": "SalesForResale",
                    "node-pos": 145
                },
                {
                    "replacement-node": 91,
                    "expression-node": 92,
                    "part": "17",
                    "template-line-number": 432,
                    "name": "SalesForResale",
                    "node-pos": 149
                },
                {
                    "replacement-node": 94,
                    "expression-node": 95,
                    "part": "18",
                    "template-line-number": 442,
                    "name": "SalesForResale",
                    "node-pos": 153
                },
                {
                    "replacement-node": 97,
                    "expression-node": 98,
                    "part": "19",
                    "template-line-number": 451,
                    "name": "SalesForResale",
                    "node-pos": 157
                },
                {
                    "replacement-node": 46,
                    "expression-node": 47,
                    "part": "2",
                    "template-line-number": 296,
                    "name": "SalesForResale",
                    "node-pos": 89
                },
                {
                    "replacement-node": 100,
                    "expression-node": 101,
                    "part": "20",
                    "template-line-number": 460,
                    "name": "SalesForResale",
                    "node-pos": 161
                },
                {
                    "replacement-node": 49,
                    "expression-node": 50,
                    "part": "3",
                    "template-line-number": 305,
                    "name": "SalesForResale",
                    "node-pos": 93
                },
                {
                    "replacement-node": 52,
                    "expression-node": 53,
                    "part": "4",
                    "template-line-number": 314,
                    "name": "SalesForResale",
                    "node-pos": 97
                },
                {
                    "replacement-node": 55,
                    "expression-node": 56,
                    "part": "5",
                    "template-line-number": 323,
                    "name": "SalesForResale",
                    "node-pos": 101
                },
                {
                    "replacement-node": 58,
                    "expression-node": 59,
                    "part": "6",
                    "template-line-number": 332,
                    "name": "SalesForResale",
                    "node-pos": 105
                },
                {
                    "replacement-node": 61,
                    "expression-node": 62,
                    "part": "7",
                    "template-line-number": 341,
                    "name": "SalesForResale",
                    "node-pos": 109
                },
                {
                    "replacement-node": 64,
                    "expression-node": 65,
                    "part": "8",
                    "template-line-number": 350,
                    "name": "SalesForResale",
                    "node-pos": 113
                },
                {
                    "replacement-node": 67,
                    "expression-node": 68,
                    "part": "9",
                    "template-line-number": 359,
                    "name": "SalesForResale",
                    "node-pos": 117
                }
            ],
            "name": "SalesForResale"
        },
        "rule-30": [
            {
                "replacement-node": 154,
                "template-line-number": 641,
                "node-pos": 241,
                "part": null
            }
        ],
        "rule-20": [
            {
                "replacement-node": 124,
                "template-line-number": 541,
                "expression-node": 125,
                "part": null,
                "node-pos": 198
            }
        ]
    }
}