{
    "line-numbers": {
        "HydroelectricPlant": [
            {
                "start-number": 1,
                "template-line-number": 228,
                "line-number-node": 44
            }
        ]
    },
    "showifs": {},
    "substitutions": {
        "rule-9": [
            {
                "template-line-number": 96,
                "expression-node": 25,
                "replacement-node": 24,
                "part": null,
                "node-pos": 43
            }
        ],
        "rule-13": [
            {
                "template-line-number": 265,
                "expression-node": 57,
                "replacement-node": 56,
                "part": null,
                "node-pos": 108
            }
        ],
        "rule-3": [
            {
                "template-line-number": 33,
                "replacement-node": 6,
                "part": null,
                "node-pos": 17
            }
        ],
        "rule-5": [
            {
                "template-line-number": 57,
                "replacement-node": 12,
                "part": null,
                "html": true,
                "node-pos": 26
            }
        ],
        "rule-4": [
            {
                "template-line-number": 41,
                "replacement-node": 9,
                "part": null,
                "html": true,
                "node-pos": 21
            }
        ],
        "rule-16": {
            "subs": [
                {
                    "template-line-number": 234,
                    "name": "HydroelectricPlant",
                    "replacement-node": 45,
                    "part": "1",
                    "node-pos": 93,
                    "extras": {}
                },
                {
                    "template-line-number": 238,
                    "name": "HydroelectricPlant",
                    "replacement-node": 47,
                    "part": "2",
                    "node-pos": 95,
                    "extras": {}
                },
                {
                    "subs": [
                        {
                            "template-line-number": 250,
                            "name": "plant",
                            "replacement-node": 52,
                            "expression-node": 53,
                            "node-pos": 101,
                            "part": "3"
                        }
                    ],
                    "name": "plant"
                }
            ],
            "name": "HydroelectricPlant"
        },
        "rule-8": [
            {
                "template-line-number": 89,
                "replacement-node": 21,
                "part": null,
                "node-pos": 39
            }
        ],
        "rule-17": {
            "subs": [
                {
                    "template-line-number": 176,
                    "name": "HGPSHeadings",
                    "replacement-node": 37,
                    "expression-node": 38,
                    "node-pos": 78,
                    "part": "1"
                },
                {
                    "template-line-number": 185,
                    "name": "HGPSHeadings",
                    "replacement-node": 40,
                    "expression-node": 41,
                    "node-pos": 83,
                    "part": "2"
                }
            ],
            "name": "HGPSHeadings"
        },
        "rule-12": [
            {
                "template-line-number": 124,
                "replacement-node": 33,
                "part": null,
                "html": true,
                "node-pos": 58
            }
        ],
        "rule-1": [
            {
                "template-line-number": 19,
                "replacement-node": 0,
                "part": null,
                "node-pos": 9
            }
        ],
        "rule-6": [
            {
                "template-line-number": 75,
                "replacement-node": 15,
                "part": null,
                "node-pos": 31
            }
        ],
        "rule-11": [
            {
                "template-line-number": 113,
                "replacement-node": 30,
                "part": null,
                "node-pos": 53
            }
        ],
        "rule-7": [
            {
                "template-line-number": 82,
                "expression-node": 19,
                "replacement-node": 18,
                "part": null,
                "node-pos": 35
            }
        ],
        "rule-14": [
            {
                "template-line-number": 272,
                "replacement-node": 59,
                "part": null,
                "node-pos": 112
            }
        ],
        "rule-2": [
            {
                "template-line-number": 26,
                "expression-node": 4,
                "replacement-node": 3,
                "part": null,
                "node-pos": 13
            }
        ],
        "rule-10": [
            {
                "template-line-number": 102,
                "expression-node": 28,
                "replacement-node": 27,
                "part": null,
                "node-pos": 47
            }
        ],
        "rule-15": [
            {
                "template-line-number": 282,
                "replacement-node": 62,
                "part": null,
                "node-pos": 116
            }
        ]
    }
}