{
    "line-numbers": {
        "HydroelectricPlant": [
            {
                "start-number": 1,
                "template-line-number": 228,
                "line-number-node": 44
            }
        ]
    },
    "substitutions": {
        "rule-15": [
            {
                "part": null,
                "replacement-node": 62,
                "node-pos": 116,
                "template-line-number": 282
            }
        ],
        "rule-12": [
            {
                "html": true,
                "part": null,
                "replacement-node": 33,
                "node-pos": 58,
                "template-line-number": 124
            }
        ],
        "rule-5": [
            {
                "html": true,
                "part": null,
                "replacement-node": 12,
                "node-pos": 26,
                "template-line-number": 57
            }
        ],
        "rule-9": [
            {
                "template-line-number": 96,
                "part": null,
                "replacement-node": 24,
                "node-pos": 43,
                "expression-node": 25
            }
        ],
        "rule-16": {
            "subs": [
                {
                    "part": "1",
                    "replacement-node": 45,
                    "node-pos": 93,
                    "name": "HydroelectricPlant",
                    "extras": {},
                    "template-line-number": 234
                },
                {
                    "part": "2",
                    "replacement-node": 47,
                    "node-pos": 95,
                    "name": "HydroelectricPlant",
                    "extras": {},
                    "template-line-number": 238
                },
                {
                    "subs": [
                        {
                            "part": "3",
                            "replacement-node": 52,
                            "node-pos": 101,
                            "name": "plant",
                            "template-line-number": 250,
                            "expression-node": 53
                        }
                    ],
                    "name": "plant"
                }
            ],
            "name": "HydroelectricPlant"
        },
        "rule-11": [
            {
                "part": null,
                "replacement-node": 30,
                "node-pos": 53,
                "template-line-number": 113
            }
        ],
        "rule-13": [
            {
                "template-line-number": 265,
                "part": null,
                "replacement-node": 56,
                "node-pos": 108,
                "expression-node": 57
            }
        ],
        "rule-1": [
            {
                "part": null,
                "replacement-node": 0,
                "node-pos": 9,
                "template-line-number": 19
            }
        ],
        "rule-4": [
            {
                "html": true,
                "part": null,
                "replacement-node": 9,
                "node-pos": 21,
                "template-line-number": 41
            }
        ],
        "rule-10": [
            {
                "template-line-number": 102,
                "part": null,
                "replacement-node": 27,
                "node-pos": 47,
                "expression-node": 28
            }
        ],
        "rule-14": [
            {
                "part": null,
                "replacement-node": 59,
                "node-pos": 112,
                "template-line-number": 272
            }
        ],
        "rule-2": [
            {
                "template-line-number": 26,
                "part": null,
                "replacement-node": 3,
                "node-pos": 13,
                "expression-node": 4
            }
        ],
        "rule-7": [
            {
                "template-line-number": 82,
                "part": null,
                "replacement-node": 18,
                "node-pos": 35,
                "expression-node": 19
            }
        ],
        "rule-8": [
            {
                "part": null,
                "replacement-node": 21,
                "node-pos": 39,
                "template-line-number": 89
            }
        ],
        "rule-6": [
            {
                "part": null,
                "replacement-node": 15,
                "node-pos": 31,
                "template-line-number": 75
            }
        ],
        "rule-3": [
            {
                "part": null,
                "replacement-node": 6,
                "node-pos": 17,
                "template-line-number": 33
            }
        ],
        "rule-17": {
            "subs": [
                {
                    "part": "1",
                    "replacement-node": 37,
                    "node-pos": 78,
                    "name": "HGPSHeadings",
                    "template-line-number": 176,
                    "expression-node": 38
                },
                {
                    "part": "2",
                    "replacement-node": 40,
                    "node-pos": 83,
                    "name": "HGPSHeadings",
                    "template-line-number": 185,
                    "expression-node": 41
                }
            ],
            "name": "HGPSHeadings"
        }
    },
    "showifs": {}
}