{
    "substitutions": {
        "rule-7": [
            {
                "template-line-number": 66,
                "node-pos": 32,
                "part": null,
                "replacement-node": 16
            }
        ],
        "rule-2": [
            {
                "template-line-number": 27,
                "node-pos": 10,
                "part": null,
                "replacement-node": 1
            }
        ],
        "rule-14": [
            {
                "template-line-number": 286,
                "expression-node": 83,
                "node-pos": 135,
                "part": null,
                "replacement-node": 82
            }
        ],
        "rule-4": [
            {
                "template-line-number": 37,
                "node-pos": 18,
                "part": null,
                "replacement-node": 7
            }
        ],
        "rule-5": [
            {
                "template-line-number": 43,
                "html": true,
                "node-pos": 22,
                "part": null,
                "replacement-node": 10
            }
        ],
        "rule-11": [
            {
                "template-line-number": 84,
                "expression-node": 29,
                "node-pos": 48,
                "part": null,
                "replacement-node": 28
            }
        ],
        "rule-12": [
            {
                "template-line-number": 94,
                "node-pos": 54,
                "part": null,
                "replacement-node": 31
            }
        ],
        "rule-17": {
            "subs": [
                {
                    "name": "ODCHead",
                    "node-pos": 76,
                    "part": "1",
                    "template-line-number": 140,
                    "extras": {},
                    "replacement-node": 40
                },
                {
                    "name": "ODCHead",
                    "node-pos": 80,
                    "part": "2",
                    "template-line-number": 149,
                    "extras": {},
                    "replacement-node": 43
                },
                {
                    "name": "ODCHead",
                    "node-pos": 74,
                    "part": "3",
                    "template-line-number": 136,
                    "extras": {},
                    "replacement-node": 38
                }
            ],
            "name": "ODCHead"
        },
        "rule-6": [
            {
                "template-line-number": 55,
                "html": true,
                "node-pos": 27,
                "part": null,
                "replacement-node": 13
            }
        ],
        "rule-10": [
            {
                "template-line-number": 79,
                "expression-node": 26,
                "node-pos": 44,
                "part": null,
                "replacement-node": 25
            }
        ],
        "rule-9": [
            {
                "template-line-number": 75,
                "node-pos": 40,
                "part": null,
                "replacement-node": 22
            }
        ],
        "rule-15": [
            {
                "template-line-number": 291,
                "node-pos": 139,
                "part": null,
                "replacement-node": 85
            }
        ],
        "rule-16": [
            {
                "template-line-number": 300,
                "node-pos": 143,
                "part": null,
                "replacement-node": 88
            }
        ],
        "rule-18": {
            "subs": [
                {
                    "name": "Transportation",
                    "expression-node": 74,
                    "node-pos": 121,
                    "part": "10",
                    "template-line-number": 263,
                    "replacement-node": 73
                },
                {
                    "name": "Transportation",
                    "expression-node": 77,
                    "node-pos": 125,
                    "part": "11",
                    "template-line-number": 269,
                    "replacement-node": 76
                },
                {
                    "name": "Transportation",
                    "expression-node": 80,
                    "node-pos": 129,
                    "part": "12",
                    "template-line-number": 275,
                    "replacement-node": 79
                },
                {
                    "name": "Transportation",
                    "expression-node": 50,
                    "node-pos": 89,
                    "part": "2",
                    "template-line-number": 223,
                    "replacement-node": 49
                },
                {
                    "name": "Transportation",
                    "expression-node": 53,
                    "node-pos": 93,
                    "part": "3",
                    "template-line-number": 228,
                    "replacement-node": 52
                },
                {
                    "name": "Transportation",
                    "expression-node": 56,
                    "node-pos": 97,
                    "part": "4",
                    "template-line-number": 233,
                    "replacement-node": 55
                },
                {
                    "name": "Transportation",
                    "expression-node": 59,
                    "node-pos": 101,
                    "part": "5",
                    "template-line-number": 238,
                    "replacement-node": 58
                },
                {
                    "name": "Transportation",
                    "expression-node": 62,
                    "node-pos": 105,
                    "part": "6",
                    "template-line-number": 243,
                    "replacement-node": 61
                },
                {
                    "name": "Transportation",
                    "expression-node": 65,
                    "node-pos": 109,
                    "part": "7",
                    "template-line-number": 248,
                    "replacement-node": 64
                },
                {
                    "name": "Transportation",
                    "expression-node": 68,
                    "node-pos": 113,
                    "part": "8",
                    "template-line-number": 253,
                    "replacement-node": 67
                },
                {
                    "name": "Transportation",
                    "expression-node": 71,
                    "node-pos": 117,
                    "part": "9",
                    "template-line-number": 258,
                    "replacement-node": 70
                }
            ],
            "name": "Transportation"
        },
        "rule-13": [
            {
                "template-line-number": 105,
                "html": true,
                "node-pos": 59,
                "part": null,
                "replacement-node": 34
            }
        ],
        "rule-8": [
            {
                "template-line-number": 70,
                "expression-node": 20,
                "node-pos": 36,
                "part": null,
                "replacement-node": 19
            }
        ],
        "rule-3": [
            {
                "template-line-number": 31,
                "expression-node": 5,
                "node-pos": 14,
                "part": null,
                "replacement-node": 4
            }
        ]
    },
    "showifs": {
        "rule-1": {
            "template-line-number": 17,
            "type": "showif"
        }
    },
    "line-numbers": {
        "Transportation": [
            {
                "template-line-number": 220,
                "start-number": 1,
                "line-number-node": 47
            }
        ]
    }
}