{
    "showifs": {},
    "substitutions": {
        "rule-13": [
            {
                "expression-node": 82,
                "template-line-number": 280,
                "node-pos": 134,
                "part": null,
                "replacement-node": 81
            }
        ],
        "rule-15": [
            {
                "template-line-number": 294,
                "node-pos": 142,
                "part": null,
                "replacement-node": 87
            }
        ],
        "rule-4": [
            {
                "template-line-number": 37,
                "html": true,
                "node-pos": 21,
                "part": null,
                "replacement-node": 9
            }
        ],
        "rule-8": [
            {
                "template-line-number": 69,
                "node-pos": 39,
                "part": null,
                "replacement-node": 21
            }
        ],
        "rule-6": [
            {
                "template-line-number": 60,
                "node-pos": 31,
                "part": null,
                "replacement-node": 15
            }
        ],
        "rule-16": {
            "name": "ODCHead",
            "subs": [
                {
                    "node-pos": 75,
                    "part": "1",
                    "replacement-node": 39,
                    "name": "ODCHead",
                    "template-line-number": 134,
                    "extras": {}
                },
                {
                    "node-pos": 79,
                    "part": "2",
                    "replacement-node": 42,
                    "name": "ODCHead",
                    "template-line-number": 143,
                    "extras": {}
                },
                {
                    "node-pos": 73,
                    "part": "3",
                    "replacement-node": 37,
                    "name": "ODCHead",
                    "template-line-number": 130,
                    "extras": {}
                }
            ]
        },
        "rule-7": [
            {
                "expression-node": 19,
                "template-line-number": 64,
                "node-pos": 35,
                "part": null,
                "replacement-node": 18
            }
        ],
        "rule-10": [
            {
                "expression-node": 28,
                "template-line-number": 78,
                "node-pos": 47,
                "part": null,
                "replacement-node": 27
            }
        ],
        "rule-17": {
            "name": "Transportation",
            "subs": [
                {
                    "expression-node": 73,
                    "node-pos": 120,
                    "part": "10",
                    "replacement-node": 72,
                    "name": "Transportation",
                    "template-line-number": 257
                },
                {
                    "expression-node": 76,
                    "node-pos": 124,
                    "part": "11",
                    "replacement-node": 75,
                    "name": "Transportation",
                    "template-line-number": 263
                },
                {
                    "expression-node": 79,
                    "node-pos": 128,
                    "part": "12",
                    "replacement-node": 78,
                    "name": "Transportation",
                    "template-line-number": 269
                },
                {
                    "expression-node": 49,
                    "node-pos": 88,
                    "part": "2",
                    "replacement-node": 48,
                    "name": "Transportation",
                    "template-line-number": 217
                },
                {
                    "expression-node": 52,
                    "node-pos": 92,
                    "part": "3",
                    "replacement-node": 51,
                    "name": "Transportation",
                    "template-line-number": 222
                },
                {
                    "expression-node": 55,
                    "node-pos": 96,
                    "part": "4",
                    "replacement-node": 54,
                    "name": "Transportation",
                    "template-line-number": 227
                },
                {
                    "expression-node": 58,
                    "node-pos": 100,
                    "part": "5",
                    "replacement-node": 57,
                    "name": "Transportation",
                    "template-line-number": 232
                },
                {
                    "expression-node": 61,
                    "node-pos": 104,
                    "part": "6",
                    "replacement-node": 60,
                    "name": "Transportation",
                    "template-line-number": 237
                },
                {
                    "expression-node": 64,
                    "node-pos": 108,
                    "part": "7",
                    "replacement-node": 63,
                    "name": "Transportation",
                    "template-line-number": 242
                },
                {
                    "expression-node": 67,
                    "node-pos": 112,
                    "part": "8",
                    "replacement-node": 66,
                    "name": "Transportation",
                    "template-line-number": 247
                },
                {
                    "expression-node": 70,
                    "node-pos": 116,
                    "part": "9",
                    "replacement-node": 69,
                    "name": "Transportation",
                    "template-line-number": 252
                }
            ]
        },
        "rule-1": [
            {
                "template-line-number": 21,
                "node-pos": 9,
                "part": null,
                "replacement-node": 0
            }
        ],
        "rule-12": [
            {
                "template-line-number": 99,
                "html": true,
                "node-pos": 58,
                "part": null,
                "replacement-node": 33
            }
        ],
        "rule-14": [
            {
                "template-line-number": 285,
                "node-pos": 138,
                "part": null,
                "replacement-node": 84
            }
        ],
        "rule-2": [
            {
                "expression-node": 4,
                "template-line-number": 25,
                "node-pos": 13,
                "part": null,
                "replacement-node": 3
            }
        ],
        "rule-3": [
            {
                "template-line-number": 31,
                "node-pos": 17,
                "part": null,
                "replacement-node": 6
            }
        ],
        "rule-11": [
            {
                "template-line-number": 88,
                "node-pos": 53,
                "part": null,
                "replacement-node": 30
            }
        ],
        "rule-5": [
            {
                "template-line-number": 49,
                "html": true,
                "node-pos": 26,
                "part": null,
                "replacement-node": 12
            }
        ],
        "rule-9": [
            {
                "expression-node": 25,
                "template-line-number": 73,
                "node-pos": 43,
                "part": null,
                "replacement-node": 24
            }
        ]
    },
    "line-numbers": {
        "Transportation": [
            {
                "start-number": 1,
                "template-line-number": 214,
                "line-number-node": 46
            }
        ]
    }
}