{
    "line-numbers": {
        "SalesOfElectricityByRateSchedule": [
            {
                "template-line-number": 229,
                "start-number": 1,
                "line-number-node": 45
            }
        ]
    },
    "substitutions": {
        "rule-2": [
            {
                "template-line-number": 24,
                "node-pos": 10,
                "part": null,
                "replacement-node": 1
            }
        ],
        "rule-12": [
            {
                "template-line-number": 118,
                "node-pos": 54,
                "part": null,
                "replacement-node": 31
            }
        ],
        "rule-29": [
            {
                "template-line-number": 469,
                "node-pos": 185,
                "part": null,
                "replacement-node": 111
            }
        ],
        "rule-4": [
            {
                "template-line-number": 38,
                "node-pos": 18,
                "part": null,
                "replacement-node": 7
            }
        ],
        "rule-21": [
            {
                "template-line-number": 381,
                "expression-node": 88,
                "part": null,
                "replacement-node": 87,
                "node-pos": 148
            }
        ],
        "rule-17": [
            {
                "template-line-number": 329,
                "expression-node": 76,
                "part": null,
                "replacement-node": 75,
                "node-pos": 127
            }
        ],
        "rule-8": [
            {
                "template-line-number": 87,
                "expression-node": 20,
                "part": null,
                "replacement-node": 19,
                "node-pos": 36
            }
        ],
        "rule-19": [
            {
                "template-line-number": 355,
                "expression-node": 82,
                "part": null,
                "replacement-node": 81,
                "node-pos": 138
            }
        ],
        "rule-3": [
            {
                "template-line-number": 31,
                "expression-node": 5,
                "part": null,
                "replacement-node": 4,
                "node-pos": 14
            }
        ],
        "rule-25": [
            {
                "template-line-number": 427,
                "expression-node": 100,
                "part": null,
                "replacement-node": 99,
                "node-pos": 167
            }
        ],
        "rule-14": [
            {
                "template-line-number": 299,
                "expression-node": 67,
                "part": null,
                "replacement-node": 66,
                "node-pos": 115
            }
        ],
        "rule-24": [
            {
                "template-line-number": 417,
                "expression-node": 97,
                "part": null,
                "replacement-node": 96,
                "node-pos": 163
            }
        ],
        "rule-20": [
            {
                "template-line-number": 365,
                "expression-node": 85,
                "part": null,
                "replacement-node": 84,
                "node-pos": 142
            }
        ],
        "rule-7": [
            {
                "template-line-number": 80,
                "node-pos": 32,
                "part": null,
                "replacement-node": 16
            }
        ],
        "rule-11": [
            {
                "template-line-number": 107,
                "expression-node": 29,
                "part": null,
                "replacement-node": 28,
                "node-pos": 48
            }
        ],
        "rule-30": {
            "subs": [
                {
                    "extras": {},
                    "replacement-node": 38,
                    "template-line-number": 160,
                    "node-pos": 74,
                    "part": "1",
                    "name": "ColumnHeadings"
                },
                {
                    "extras": {},
                    "replacement-node": 41,
                    "template-line-number": 167,
                    "node-pos": 78,
                    "part": "2",
                    "name": "ColumnHeadings"
                }
            ],
            "name": "ColumnHeadings"
        },
        "rule-27": [
            {
                "template-line-number": 452,
                "expression-node": 106,
                "part": null,
                "replacement-node": 105,
                "node-pos": 177
            }
        ],
        "rule-5": [
            {
                "template-line-number": 46,
                "html": true,
                "node-pos": 22,
                "part": null,
                "replacement-node": 10
            }
        ],
        "rule-13": [
            {
                "template-line-number": 129,
                "html": true,
                "node-pos": 59,
                "part": null,
                "replacement-node": 34
            }
        ],
        "rule-10": [
            {
                "template-line-number": 101,
                "expression-node": 26,
                "part": null,
                "replacement-node": 25,
                "node-pos": 44
            }
        ],
        "rule-22": [
            {
                "template-line-number": 397,
                "expression-node": 91,
                "part": null,
                "replacement-node": 90,
                "node-pos": 155
            }
        ],
        "rule-15": [
            {
                "template-line-number": 309,
                "expression-node": 70,
                "part": null,
                "replacement-node": 69,
                "node-pos": 119
            }
        ],
        "rule-18": [
            {
                "template-line-number": 339,
                "expression-node": 79,
                "part": null,
                "replacement-node": 78,
                "node-pos": 131
            }
        ],
        "rule-16": [
            {
                "template-line-number": 319,
                "expression-node": 73,
                "part": null,
                "replacement-node": 72,
                "node-pos": 123
            }
        ],
        "rule-6": [
            {
                "template-line-number": 62,
                "html": true,
                "node-pos": 27,
                "part": null,
                "replacement-node": 13
            }
        ],
        "rule-28": [
            {
                "template-line-number": 459,
                "node-pos": 181,
                "part": null,
                "replacement-node": 108
            }
        ],
        "rule-26": [
            {
                "template-line-number": 437,
                "expression-node": 103,
                "part": null,
                "replacement-node": 102,
                "node-pos": 171
            }
        ],
        "rule-23": [
            {
                "template-line-number": 407,
                "expression-node": 94,
                "part": null,
                "replacement-node": 93,
                "node-pos": 159
            }
        ],
        "rule-9": [
            {
                "template-line-number": 94,
                "node-pos": 40,
                "part": null,
                "replacement-node": 22
            }
        ],
        "rule-31": {
            "subs": [
                {
                    "node-pos": 88,
                    "replacement-node": 48,
                    "template-line-number": 237,
                    "expression-node": 49,
                    "part": "2",
                    "name": "SalesOfElectricityByRateSchedule"
                },
                {
                    "node-pos": 92,
                    "replacement-node": 51,
                    "template-line-number": 247,
                    "expression-node": 52,
                    "part": "3",
                    "name": "SalesOfElectricityByRateSchedule"
                },
                {
                    "node-pos": 96,
                    "replacement-node": 54,
                    "template-line-number": 256,
                    "expression-node": 55,
                    "part": "4",
                    "name": "SalesOfElectricityByRateSchedule"
                },
                {
                    "node-pos": 100,
                    "replacement-node": 57,
                    "template-line-number": 264,
                    "expression-node": 58,
                    "part": "5",
                    "name": "SalesOfElectricityByRateSchedule"
                },
                {
                    "node-pos": 104,
                    "replacement-node": 60,
                    "template-line-number": 275,
                    "expression-node": 61,
                    "part": "6",
                    "name": "SalesOfElectricityByRateSchedule"
                },
                {
                    "node-pos": 108,
                    "replacement-node": 63,
                    "template-line-number": 284,
                    "expression-node": 64,
                    "part": "7",
                    "name": "SalesOfElectricityByRateSchedule"
                }
            ],
            "name": "SalesOfElectricityByRateSchedule"
        }
    },
    "showifs": {
        "rule-1": {
            "template-line-number": 14,
            "type": "showif"
        }
    }
}