{
    "line-numbers": {
        "InvestmentInSubsidiary": [
            {
                "line-number-node": 46,
                "start-number": 1,
                "template-line-number": 216
            }
        ]
    },
    "substitutions": {
        "rule-19": [
            {
                "replacement-node": 90,
                "expression-node": 91,
                "part": null,
                "template-line-number": 320,
                "node-pos": 152
            }
        ],
        "rule-11": [
            {
                "replacement-node": 30,
                "part": null,
                "template-line-number": 89,
                "node-pos": 53
            }
        ],
        "rule-15": [
            {
                "replacement-node": 78,
                "part": null,
                "template-line-number": 281,
                "node-pos": 135
            }
        ],
        "rule-6": [
            {
                "replacement-node": 15,
                "part": null,
                "template-line-number": 60,
                "node-pos": 31
            }
        ],
        "rule-20": [
            {
                "replacement-node": 93,
                "expression-node": 94,
                "part": null,
                "template-line-number": 329,
                "node-pos": 156
            }
        ],
        "rule-10": [
            {
                "replacement-node": 27,
                "expression-node": 28,
                "part": null,
                "template-line-number": 78,
                "node-pos": 47
            }
        ],
        "rule-5": [
            {
                "replacement-node": 12,
                "part": null,
                "html": true,
                "template-line-number": 49,
                "node-pos": 26
            }
        ],
        "rule-3": [
            {
                "replacement-node": 6,
                "part": null,
                "template-line-number": 31,
                "node-pos": 17
            }
        ],
        "rule-1": [
            {
                "replacement-node": 0,
                "part": null,
                "template-line-number": 21,
                "node-pos": 9
            }
        ],
        "rule-8": [
            {
                "replacement-node": 21,
                "part": null,
                "template-line-number": 69,
                "node-pos": 39
            }
        ],
        "rule-7": [
            {
                "replacement-node": 18,
                "expression-node": 19,
                "part": null,
                "template-line-number": 64,
                "node-pos": 35
            }
        ],
        "rule-4": [
            {
                "replacement-node": 9,
                "part": null,
                "html": true,
                "template-line-number": 37,
                "node-pos": 21
            }
        ],
        "rule-12": [
            {
                "replacement-node": 33,
                "part": null,
                "html": true,
                "template-line-number": 99,
                "node-pos": 58
            }
        ],
        "rule-25": {
            "subs": [
                {
                    "replacement-node": 39,
                    "extras": {},
                    "name": "InvHeadings",
                    "node-pos": 79,
                    "part": "1",
                    "template-line-number": 140
                },
                {
                    "replacement-node": 42,
                    "extras": {},
                    "name": "InvHeadings",
                    "node-pos": 83,
                    "part": "2",
                    "template-line-number": 149
                },
                {
                    "replacement-node": 37,
                    "extras": {},
                    "name": "InvHeadings",
                    "node-pos": 77,
                    "part": "3",
                    "template-line-number": 136
                }
            ],
            "name": "InvHeadings"
        },
        "rule-23": [
            {
                "replacement-node": 102,
                "part": null,
                "template-line-number": 356,
                "node-pos": 170
            }
        ],
        "rule-13": [
            {
                "replacement-node": 72,
                "part": null,
                "template-line-number": 264,
                "node-pos": 126
            }
        ],
        "rule-16": [
            {
                "replacement-node": 81,
                "expression-node": 82,
                "part": null,
                "template-line-number": 293,
                "node-pos": 140
            }
        ],
        "rule-21": [
            {
                "replacement-node": 96,
                "expression-node": 97,
                "part": null,
                "template-line-number": 342,
                "node-pos": 162
            }
        ],
        "rule-17": [
            {
                "replacement-node": 84,
                "expression-node": 85,
                "part": null,
                "template-line-number": 302,
                "node-pos": 144
            }
        ],
        "rule-18": [
            {
                "replacement-node": 87,
                "expression-node": 88,
                "part": null,
                "template-line-number": 311,
                "node-pos": 148
            }
        ],
        "rule-2": [
            {
                "replacement-node": 3,
                "expression-node": 4,
                "part": null,
                "template-line-number": 25,
                "node-pos": 13
            }
        ],
        "rule-24": {
            "subs": [
                {
                    "replacement-node": 48,
                    "name": "InvestmentInSubsidiary",
                    "node-pos": 92,
                    "expression-node": 49,
                    "part": "2",
                    "template-line-number": 219
                },
                {
                    "replacement-node": 51,
                    "name": "InvestmentInSubsidiary",
                    "node-pos": 96,
                    "expression-node": 52,
                    "part": "3",
                    "template-line-number": 224
                },
                {
                    "replacement-node": 54,
                    "name": "InvestmentInSubsidiary",
                    "node-pos": 100,
                    "expression-node": 55,
                    "part": "4",
                    "template-line-number": 229
                },
                {
                    "replacement-node": 57,
                    "name": "InvestmentInSubsidiary",
                    "node-pos": 104,
                    "expression-node": 58,
                    "part": "5",
                    "template-line-number": 234
                },
                {
                    "replacement-node": 60,
                    "name": "InvestmentInSubsidiary",
                    "node-pos": 108,
                    "expression-node": 61,
                    "part": "6",
                    "template-line-number": 239
                },
                {
                    "replacement-node": 63,
                    "name": "InvestmentInSubsidiary",
                    "node-pos": 112,
                    "expression-node": 64,
                    "part": "7",
                    "template-line-number": 244
                },
                {
                    "replacement-node": 66,
                    "name": "InvestmentInSubsidiary",
                    "node-pos": 116,
                    "expression-node": 67,
                    "part": "8",
                    "template-line-number": 249
                },
                {
                    "replacement-node": 69,
                    "name": "InvestmentInSubsidiary",
                    "node-pos": 120,
                    "expression-node": 70,
                    "part": "9",
                    "template-line-number": 254
                }
            ],
            "name": "InvestmentInSubsidiary"
        },
        "rule-14": [
            {
                "replacement-node": 75,
                "expression-node": 76,
                "part": null,
                "template-line-number": 274,
                "node-pos": 130
            }
        ],
        "rule-22": [
            {
                "replacement-node": 99,
                "part": null,
                "template-line-number": 347,
                "node-pos": 166
            }
        ],
        "rule-9": [
            {
                "replacement-node": 24,
                "expression-node": 25,
                "part": null,
                "template-line-number": 73,
                "node-pos": 43
            }
        ]
    },
    "showifs": {}
}