{
    "substitutions": {
        "rule-1": [
            {
                "part": null,
                "replacement-node": 0,
                "template-line-number": 21,
                "node-pos": 9
            }
        ],
        "rule-2": [
            {
                "part": null,
                "replacement-node": 3,
                "expression-node": 4,
                "template-line-number": 26,
                "node-pos": 13
            }
        ],
        "rule-3": [
            {
                "part": null,
                "replacement-node": 6,
                "template-line-number": 32,
                "node-pos": 17
            }
        ],
        "rule-4": [
            {
                "part": null,
                "replacement-node": 9,
                "template-line-number": 38,
                "node-pos": 21,
                "html": true
            }
        ],
        "rule-5": [
            {
                "part": null,
                "replacement-node": 12,
                "template-line-number": 50,
                "node-pos": 26,
                "html": true
            }
        ],
        "rule-6": [
            {
                "part": null,
                "replacement-node": 15,
                "template-line-number": 61,
                "node-pos": 31
            }
        ],
        "rule-7": [
            {
                "part": null,
                "replacement-node": 18,
                "expression-node": 19,
                "template-line-number": 66,
                "node-pos": 35
            }
        ],
        "rule-8": [
            {
                "part": null,
                "replacement-node": 21,
                "template-line-number": 71,
                "node-pos": 39
            }
        ],
        "rule-9": [
            {
                "part": null,
                "replacement-node": 24,
                "expression-node": 25,
                "template-line-number": 76,
                "node-pos": 43
            }
        ],
        "rule-10": [
            {
                "part": null,
                "replacement-node": 27,
                "expression-node": 28,
                "template-line-number": 81,
                "node-pos": 47
            }
        ],
        "rule-11": [
            {
                "part": null,
                "replacement-node": 30,
                "template-line-number": 93,
                "node-pos": 53
            }
        ],
        "rule-12": [
            {
                "part": null,
                "replacement-node": 33,
                "template-line-number": 104,
                "node-pos": 58,
                "html": true
            }
        ],
        "rule-13": [
            {
                "part": null,
                "replacement-node": 95,
                "template-line-number": 430,
                "node-pos": 168
            }
        ],
        "rule-14": [
            {
                "part": null,
                "replacement-node": 98,
                "expression-node": 99,
                "template-line-number": 445,
                "node-pos": 176
            }
        ],
        "rule-15": [
            {
                "part": null,
                "replacement-node": 101,
                "expression-node": 102,
                "template-line-number": 454,
                "node-pos": 180
            }
        ],
        "rule-16": [
            {
                "part": null,
                "replacement-node": 104,
                "expression-node": 105,
                "template-line-number": 463,
                "node-pos": 184
            }
        ],
        "rule-17": [
            {
                "part": null,
                "replacement-node": 107,
                "expression-node": 108,
                "template-line-number": 472,
                "node-pos": 188
            }
        ],
        "rule-18": [
            {
                "part": null,
                "replacement-node": 110,
                "expression-node": 111,
                "template-line-number": 481,
                "node-pos": 192
            }
        ],
        "rule-19": [
            {
                "part": null,
                "replacement-node": 113,
                "expression-node": 114,
                "template-line-number": 490,
                "node-pos": 196
            }
        ],
        "rule-20": [
            {
                "part": null,
                "replacement-node": 116,
                "expression-node": 117,
                "template-line-number": 499,
                "node-pos": 200
            }
        ],
        "rule-21": [
            {
                "part": null,
                "replacement-node": 119,
                "expression-node": 120,
                "template-line-number": 508,
                "node-pos": 204
            }
        ],
        "rule-22": [
            {
                "part": null,
                "replacement-node": 122,
                "expression-node": 123,
                "template-line-number": 518,
                "node-pos": 208
            }
        ],
        "rule-23": [
            {
                "part": null,
                "replacement-node": 125,
                "expression-node": 126,
                "template-line-number": 527,
                "node-pos": 212
            }
        ],
        "rule-24": [
            {
                "part": null,
                "replacement-node": 128,
                "expression-node": 129,
                "template-line-number": 536,
                "node-pos": 216
            }
        ],
        "rule-25": [
            {
                "part": null,
                "replacement-node": 131,
                "expression-node": 132,
                "template-line-number": 551,
                "node-pos": 222
            }
        ],
        "rule-26": [
            {
                "part": null,
                "replacement-node": 134,
                "template-line-number": 558,
                "node-pos": 226
            }
        ],
        "rule-27": [
            {
                "part": null,
                "replacement-node": 137,
                "template-line-number": 568,
                "node-pos": 230
            }
        ],
        "rule-28": {
            "name": "ColumnHeadings",
            "subs": [
                {
                    "name": "ColumnHeadings",
                    "part": "1",
                    "replacement-node": 39,
                    "template-line-number": 157,
                    "extras": {},
                    "node-pos": 91,
                    "html": true
                },
                {
                    "name": "ColumnHeadings",
                    "part": "2",
                    "replacement-node": 42,
                    "template-line-number": 164,
                    "extras": {},
                    "node-pos": 95
                },
                {
                    "name": "ColumnHeadings",
                    "part": "3",
                    "replacement-node": 37,
                    "template-line-number": 153,
                    "extras": {},
                    "node-pos": 89
                }
            ]
        },
        "rule-29": {
            "name": "TaxesAccrued",
            "subs": [
                {
                    "name": "TaxesAccrued",
                    "part": "10",
                    "replacement-node": 83,
                    "expression-node": 84,
                    "template-line-number": 404,
                    "node-pos": 150
                },
                {
                    "name": "TaxesAccrued",
                    "part": "13",
                    "replacement-node": 86,
                    "expression-node": 87,
                    "template-line-number": 410,
                    "node-pos": 154
                },
                {
                    "name": "TaxesAccrued",
                    "part": "14",
                    "replacement-node": 89,
                    "expression-node": 90,
                    "template-line-number": 415,
                    "node-pos": 158
                },
                {
                    "name": "TaxesAccrued",
                    "part": "15",
                    "replacement-node": 92,
                    "expression-node": 93,
                    "template-line-number": 420,
                    "node-pos": 162
                },
                {
                    "name": "TaxesAccrued",
                    "part": "2",
                    "replacement-node": 48,
                    "expression-node": 49,
                    "template-line-number": 344,
                    "node-pos": 104
                },
                {
                    "name": "TaxesAccrued",
                    "part": "2",
                    "replacement-node": 53,
                    "expression-node": 54,
                    "template-line-number": 352,
                    "node-pos": 110
                },
                {
                    "name": "TaxesAccrued",
                    "part": "3",
                    "replacement-node": 56,
                    "expression-node": 57,
                    "template-line-number": 357,
                    "node-pos": 114
                },
                {
                    "name": "TaxesAccrued",
                    "part": "4",
                    "replacement-node": 59,
                    "expression-node": 60,
                    "template-line-number": 362,
                    "node-pos": 118
                },
                {
                    "name": "TaxesAccrued",
                    "part": "4",
                    "replacement-node": 65,
                    "expression-node": 66,
                    "template-line-number": 372,
                    "node-pos": 126
                },
                {
                    "name": "TaxesAccrued",
                    "part": "5",
                    "replacement-node": 62,
                    "expression-node": 63,
                    "template-line-number": 367,
                    "node-pos": 122
                },
                {
                    "name": "TaxesAccrued",
                    "part": "5",
                    "replacement-node": 68,
                    "expression-node": 69,
                    "template-line-number": 377,
                    "node-pos": 130
                },
                {
                    "name": "TaxesAccrued",
                    "part": "6",
                    "replacement-node": 71,
                    "expression-node": 72,
                    "template-line-number": 382,
                    "node-pos": 134
                },
                {
                    "name": "TaxesAccrued",
                    "part": "7",
                    "replacement-node": 74,
                    "expression-node": 75,
                    "template-line-number": 388,
                    "node-pos": 138
                },
                {
                    "name": "TaxesAccrued",
                    "part": "8",
                    "replacement-node": 77,
                    "expression-node": 78,
                    "template-line-number": 393,
                    "node-pos": 142
                },
                {
                    "name": "TaxesAccrued",
                    "part": "9",
                    "replacement-node": 80,
                    "expression-node": 81,
                    "template-line-number": 399,
                    "node-pos": 146
                }
            ]
        }
    },
    "line-numbers": {
        "TaxesAccrued": [
            {
                "line-number-node": 46,
                "start-number": 1,
                "template-line-number": 341
            }
        ]
    },
    "showifs": {},
    "footnotes": {},
    "standard-rules": [
        "rule-1",
        "rule-2",
        "rule-3",
        "rule-4",
        "rule-5",
        "rule-6",
        "rule-7",
        "rule-8",
        "rule-9",
        "rule-10",
        "rule-11",
        "rule-12",
        "rule-13",
        "rule-14",
        "rule-15",
        "rule-16",
        "rule-17",
        "rule-18",
        "rule-19",
        "rule-20",
        "rule-21",
        "rule-22",
        "rule-23",
        "rule-24",
        "rule-25",
        "rule-26",
        "rule-27",
        "rule-28",
        "rule-29"
    ],
    "footnote-rules": []
}