{
    "substitutions": {
        "rule-12": [
            {
                "template-line-number": 94,
                "replacement-node": 31,
                "part": null,
                "node-pos": 54
            }
        ],
        "rule-9": [
            {
                "template-line-number": 75,
                "replacement-node": 22,
                "part": null,
                "node-pos": 40
            }
        ],
        "rule-14": [
            {
                "template-line-number": 227,
                "replacement-node": 61,
                "part": null,
                "node-pos": 106
            }
        ],
        "rule-2": [
            {
                "template-line-number": 27,
                "replacement-node": 1,
                "part": null,
                "node-pos": 10
            }
        ],
        "rule-10": [
            {
                "node-pos": 44,
                "template-line-number": 79,
                "replacement-node": 25,
                "part": null,
                "expression-node": 26
            }
        ],
        "rule-6": [
            {
                "html": true,
                "template-line-number": 55,
                "replacement-node": 13,
                "part": null,
                "node-pos": 27
            }
        ],
        "rule-4": [
            {
                "template-line-number": 37,
                "replacement-node": 7,
                "part": null,
                "node-pos": 18
            }
        ],
        "rule-11": [
            {
                "node-pos": 48,
                "template-line-number": 84,
                "replacement-node": 28,
                "part": null,
                "expression-node": 29
            }
        ],
        "rule-13": [
            {
                "html": true,
                "template-line-number": 105,
                "replacement-node": 34,
                "part": null,
                "node-pos": 59
            }
        ],
        "rule-17": [
            {
                "template-line-number": 260,
                "replacement-node": 70,
                "part": null,
                "node-pos": 123
            }
        ],
        "rule-16": [
            {
                "node-pos": 119,
                "template-line-number": 255,
                "replacement-node": 67,
                "part": null,
                "expression-node": 68
            }
        ],
        "rule-18": [
            {
                "template-line-number": 269,
                "replacement-node": 73,
                "part": null,
                "node-pos": 127
            }
        ],
        "rule-5": [
            {
                "html": true,
                "template-line-number": 43,
                "replacement-node": 10,
                "part": null,
                "node-pos": 22
            }
        ],
        "rule-7": [
            {
                "template-line-number": 66,
                "replacement-node": 16,
                "part": null,
                "node-pos": 32
            }
        ],
        "rule-3": [
            {
                "node-pos": 14,
                "template-line-number": 31,
                "replacement-node": 4,
                "part": null,
                "expression-node": 5
            }
        ],
        "rule-8": [
            {
                "node-pos": 36,
                "template-line-number": 70,
                "replacement-node": 19,
                "part": null,
                "expression-node": 20
            }
        ],
        "rule-19": {
            "name": "GasPlantInServiceHeadings",
            "subs": [
                {
                    "extras": {},
                    "template-line-number": 140,
                    "node-pos": 75,
                    "part": "1",
                    "name": "GasPlantInServiceHeadings",
                    "replacement-node": 40
                },
                {
                    "extras": {},
                    "template-line-number": 149,
                    "node-pos": 79,
                    "part": "2",
                    "name": "GasPlantInServiceHeadings",
                    "replacement-node": 43
                },
                {
                    "extras": {},
                    "template-line-number": 136,
                    "node-pos": 73,
                    "part": "3",
                    "name": "GasPlantInServiceHeadings",
                    "replacement-node": 38
                }
            ]
        },
        "rule-15": [
            {
                "node-pos": 113,
                "template-line-number": 241,
                "replacement-node": 64,
                "part": null,
                "expression-node": 65
            }
        ],
        "rule-20": {
            "name": "GasPropertyAndCapacityLeasedToOthers",
            "subs": [
                {
                    "template-line-number": 202,
                    "node-pos": 88,
                    "part": "2",
                    "expression-node": 50,
                    "name": "GasPropertyAndCapacityLeasedToOthers",
                    "replacement-node": 49
                },
                {
                    "extras": {},
                    "template-line-number": 207,
                    "node-pos": 92,
                    "part": "3",
                    "name": "GasPropertyAndCapacityLeasedToOthers",
                    "replacement-node": 52
                },
                {
                    "template-line-number": 212,
                    "node-pos": 96,
                    "part": "4",
                    "expression-node": 56,
                    "name": "GasPropertyAndCapacityLeasedToOthers",
                    "replacement-node": 55
                },
                {
                    "template-line-number": 217,
                    "node-pos": 100,
                    "part": "5",
                    "expression-node": 59,
                    "name": "GasPropertyAndCapacityLeasedToOthers",
                    "replacement-node": 58
                }
            ]
        }
    },
    "showifs": {
        "rule-1": {
            "template-line-number": 17,
            "type": "showif"
        }
    },
    "line-numbers": {
        "GasPropertyAndCapacityLeasedToOthers": [
            {
                "start-number": 1,
                "template-line-number": 199,
                "line-number-node": 47
            }
        ]
    }
}