{
    "substitutions": {
        "rule-7": [
            {
                "node-pos": 36,
                "replacement-node": 18,
                "template-line-number": 67,
                "part": null,
                "expression-node": 19
            }
        ],
        "rule-3": [
            {
                "node-pos": 18,
                "replacement-node": 6,
                "template-line-number": 33,
                "part": null
            }
        ],
        "rule-12": [
            {
                "node-pos": 59,
                "replacement-node": 33,
                "html": true,
                "template-line-number": 103,
                "part": null
            }
        ],
        "rule-9": [
            {
                "node-pos": 44,
                "replacement-node": 24,
                "template-line-number": 77,
                "part": null,
                "expression-node": 25
            }
        ],
        "rule-17": {
            "subs": [
                {
                    "node-pos": 66,
                    "template-line-number": 125,
                    "part": "1",
                    "name": "ListHeadings",
                    "extras": {},
                    "replacement-node": 37
                },
                {
                    "node-pos": 70,
                    "template-line-number": 132,
                    "part": "2",
                    "name": "ListHeadings",
                    "extras": {},
                    "replacement-node": 40
                }
            ],
            "name": "ListHeadings"
        },
        "rule-16": {
            "subs": [
                {
                    "node-pos": 80,
                    "template-line-number": 186,
                    "part": "2",
                    "name": "ListLineItems",
                    "extras": {},
                    "replacement-node": 46
                },
                {
                    "node-pos": 86,
                    "template-line-number": 197,
                    "part": "3",
                    "name": "ListLineItems",
                    "extras": {},
                    "replacement-node": 50
                },
                {
                    "node-pos": 90,
                    "template-line-number": 204,
                    "part": "4",
                    "name": "ListLineItems",
                    "extras": {},
                    "replacement-node": 53
                },
                {
                    "node-pos": 93,
                    "expression-node": 56,
                    "template-line-number": 208,
                    "part": "5",
                    "name": "ListLineItems",
                    "replacement-node": 55
                },
                {
                    "node-pos": 78,
                    "template-line-number": 182,
                    "part": "6",
                    "name": "ListLineItems",
                    "extras": {},
                    "replacement-node": 44
                },
                {
                    "node-pos": 95,
                    "expression-node": 58,
                    "template-line-number": 209,
                    "part": "6",
                    "name": "ListLineItems",
                    "replacement-node": 57
                },
                {
                    "node-pos": 97,
                    "expression-node": 60,
                    "template-line-number": 210,
                    "part": "7",
                    "name": "ListLineItems",
                    "replacement-node": 59
                }
            ],
            "name": "ListLineItems"
        },
        "rule-13": [
            {
                "node-pos": 111,
                "replacement-node": 61,
                "template-line-number": 228,
                "part": null,
                "expression-node": 62
            }
        ],
        "rule-4": [
            {
                "node-pos": 22,
                "replacement-node": 9,
                "html": true,
                "template-line-number": 39,
                "part": null
            }
        ],
        "rule-11": [
            {
                "node-pos": 54,
                "replacement-node": 30,
                "template-line-number": 92,
                "part": null
            }
        ],
        "rule-1": [
            {
                "node-pos": 10,
                "replacement-node": 0,
                "template-line-number": 22,
                "part": null
            }
        ],
        "rule-15": [
            {
                "node-pos": 119,
                "replacement-node": 67,
                "template-line-number": 242,
                "part": null
            }
        ],
        "rule-5": [
            {
                "node-pos": 27,
                "replacement-node": 12,
                "html": true,
                "template-line-number": 51,
                "part": null
            }
        ],
        "rule-14": [
            {
                "node-pos": 115,
                "replacement-node": 64,
                "template-line-number": 233,
                "part": null
            }
        ],
        "rule-10": [
            {
                "node-pos": 48,
                "replacement-node": 27,
                "template-line-number": 82,
                "part": null,
                "expression-node": 28
            }
        ],
        "rule-6": [
            {
                "node-pos": 32,
                "replacement-node": 15,
                "template-line-number": 62,
                "part": null
            }
        ],
        "rule-8": [
            {
                "node-pos": 40,
                "replacement-node": 21,
                "template-line-number": 72,
                "part": null
            }
        ],
        "rule-2": [
            {
                "node-pos": 14,
                "replacement-node": 3,
                "template-line-number": 27,
                "part": null,
                "expression-node": 4
            }
        ]
    },
    "line-numbers": {},
    "showifs": {}
}