{
    "line-numbers": {},
    "substitutions": {
        "rule-6": [
            {
                "node-pos": 32,
                "part": null,
                "replacement-node": 15,
                "template-line-number": 63
            }
        ],
        "rule-7": [
            {
                "node-pos": 36,
                "part": null,
                "template-line-number": 68,
                "replacement-node": 18,
                "expression-node": 19
            }
        ],
        "rule-15": [
            {
                "replacement-node": 42,
                "node-pos": 77,
                "expression-node": 43,
                "html": true,
                "part": null,
                "template-line-number": 141
            }
        ],
        "rule-2": [
            {
                "node-pos": 14,
                "part": null,
                "template-line-number": 28,
                "replacement-node": 3,
                "expression-node": 4
            }
        ],
        "rule-9": [
            {
                "node-pos": 44,
                "part": null,
                "template-line-number": 78,
                "replacement-node": 24,
                "expression-node": 25
            }
        ],
        "rule-3": [
            {
                "node-pos": 18,
                "part": null,
                "replacement-node": 6,
                "template-line-number": 34
            }
        ],
        "rule-18": [
            {
                "node-pos": 91,
                "part": null,
                "replacement-node": 51,
                "template-line-number": 169
            }
        ],
        "rule-1": [
            {
                "node-pos": 10,
                "part": null,
                "replacement-node": 0,
                "template-line-number": 23
            }
        ],
        "rule-16": [
            {
                "node-pos": 83,
                "part": null,
                "template-line-number": 154,
                "replacement-node": 45,
                "expression-node": 46
            }
        ],
        "rule-10": [
            {
                "node-pos": 48,
                "part": null,
                "template-line-number": 83,
                "replacement-node": 27,
                "expression-node": 28
            }
        ],
        "rule-14": [
            {
                "replacement-node": 39,
                "node-pos": 72,
                "expression-node": 40,
                "html": true,
                "part": null,
                "template-line-number": 130
            }
        ],
        "rule-17": [
            {
                "node-pos": 87,
                "part": null,
                "replacement-node": 48,
                "template-line-number": 160
            }
        ],
        "rule-4": [
            {
                "node-pos": 22,
                "part": null,
                "html": true,
                "replacement-node": 9,
                "template-line-number": 40
            }
        ],
        "rule-12": [
            {
                "node-pos": 59,
                "part": null,
                "html": true,
                "replacement-node": 33,
                "template-line-number": 104
            }
        ],
        "rule-5": [
            {
                "node-pos": 27,
                "part": null,
                "html": true,
                "replacement-node": 12,
                "template-line-number": 52
            }
        ],
        "rule-13": [
            {
                "replacement-node": 36,
                "node-pos": 67,
                "expression-node": 37,
                "html": true,
                "part": null,
                "template-line-number": 119
            }
        ],
        "rule-8": [
            {
                "node-pos": 40,
                "part": null,
                "replacement-node": 21,
                "template-line-number": 73
            }
        ],
        "rule-11": [
            {
                "node-pos": 54,
                "part": null,
                "replacement-node": 30,
                "template-line-number": 93
            }
        ]
    },
    "showifs": {}
}