{
    "line-numbers": {},
    "showifs": {},
    "substitutions": {
        "rule-6": [
            {
                "replacement-node": 15,
                "node-pos": 32,
                "part": null,
                "template-line-number": 63
            }
        ],
        "rule-7": [
            {
                "replacement-node": 18,
                "expression-node": 19,
                "node-pos": 36,
                "part": null,
                "template-line-number": 68
            }
        ],
        "rule-16": {
            "name": "ISLineItems",
            "subs": [
                {
                    "replacement-node": 41,
                    "extras": {},
                    "name": "ISLineItems",
                    "node-pos": 72,
                    "part": "1",
                    "template-line-number": 165
                },
                {
                    "replacement-node": 48,
                    "extras": {},
                    "name": "ISLineItems",
                    "node-pos": 83,
                    "part": "2",
                    "template-line-number": 180
                },
                {
                    "replacement-node": 44,
                    "extras": {},
                    "name": "ISLineItems",
                    "node-pos": 76,
                    "part": "3",
                    "template-line-number": 170
                },
                {
                    "replacement-node": 52,
                    "name": "ISLineItems",
                    "expression-node": 53,
                    "node-pos": 88,
                    "part": "4",
                    "template-line-number": 191
                },
                {
                    "replacement-node": 56,
                    "name": "ISLineItems",
                    "expression-node": 57,
                    "node-pos": 93,
                    "part": "5",
                    "template-line-number": 199
                },
                {
                    "replacement-node": 46,
                    "extras": {},
                    "name": "ISLineItems",
                    "node-pos": 81,
                    "part": "6",
                    "template-line-number": 176
                }
            ]
        },
        "rule-1": [
            {
                "replacement-node": 0,
                "node-pos": 10,
                "part": null,
                "template-line-number": 23
            }
        ],
        "rule-9": [
            {
                "replacement-node": 24,
                "expression-node": 25,
                "node-pos": 44,
                "part": null,
                "template-line-number": 78
            }
        ],
        "rule-15": {
            "name": "ColumnHeadings",
            "subs": [
                {
                    "replacement-node": 34,
                    "extras": {},
                    "name": "ColumnHeadings",
                    "node-pos": 62,
                    "part": "1",
                    "template-line-number": 117
                },
                {
                    "replacement-node": 37,
                    "extras": {},
                    "name": "ColumnHeadings",
                    "node-pos": 66,
                    "part": "2",
                    "template-line-number": 124
                }
            ]
        },
        "rule-8": [
            {
                "replacement-node": 21,
                "node-pos": 40,
                "part": null,
                "template-line-number": 73
            }
        ],
        "rule-11": [
            {
                "replacement-node": 30,
                "node-pos": 54,
                "part": null,
                "template-line-number": 93
            }
        ],
        "rule-13": [
            {
                "replacement-node": 63,
                "node-pos": 104,
                "part": null,
                "template-line-number": 218
            }
        ],
        "rule-12": [
            {
                "replacement-node": 60,
                "expression-node": 61,
                "node-pos": 100,
                "part": null,
                "template-line-number": 212
            }
        ],
        "rule-5": [
            {
                "replacement-node": 12,
                "node-pos": 27,
                "html": true,
                "part": null,
                "template-line-number": 52
            }
        ],
        "rule-3": [
            {
                "replacement-node": 6,
                "node-pos": 18,
                "part": null,
                "template-line-number": 34
            }
        ],
        "rule-10": [
            {
                "replacement-node": 27,
                "expression-node": 28,
                "node-pos": 48,
                "part": null,
                "template-line-number": 83
            }
        ],
        "rule-14": [
            {
                "replacement-node": 66,
                "node-pos": 108,
                "part": null,
                "template-line-number": 227
            }
        ],
        "rule-4": [
            {
                "replacement-node": 9,
                "node-pos": 22,
                "html": true,
                "part": null,
                "template-line-number": 40
            }
        ],
        "rule-2": [
            {
                "replacement-node": 3,
                "expression-node": 4,
                "node-pos": 14,
                "part": null,
                "template-line-number": 28
            }
        ]
    }
}