{
    "substitutions": {
        "rule-4": [
            {
                "template-line-number": 39,
                "part": null,
                "replacement-node": 9,
                "html": true,
                "node-pos": 21
            }
        ],
        "rule-14": [
            {
                "template-line-number": 278,
                "part": null,
                "replacement-node": 69,
                "node-pos": 122
            }
        ],
        "rule-13": [
            {
                "template-line-number": 271,
                "part": null,
                "replacement-node": 66,
                "node-pos": 118,
                "expression-node": 67
            }
        ],
        "rule-5": [
            {
                "template-line-number": 51,
                "part": null,
                "replacement-node": 12,
                "html": true,
                "node-pos": 26
            }
        ],
        "rule-11": [
            {
                "template-line-number": 92,
                "part": null,
                "replacement-node": 30,
                "node-pos": 53
            }
        ],
        "rule-3": [
            {
                "template-line-number": 33,
                "part": null,
                "replacement-node": 6,
                "node-pos": 17
            }
        ],
        "rule-17": {
            "name": "IntangiblePlantLineItems",
            "subs": [
                {
                    "extras": {},
                    "part": "1",
                    "template-line-number": 206,
                    "name": "IntangiblePlantLineItems",
                    "replacement-node": 44,
                    "node-pos": 86
                },
                {
                    "extras": {},
                    "part": "1",
                    "template-line-number": 212,
                    "name": "IntangiblePlantLineItems",
                    "replacement-node": 46,
                    "node-pos": 89
                },
                {
                    "part": "2",
                    "expression-node": 49,
                    "template-line-number": 219,
                    "name": "IntangiblePlantLineItems",
                    "replacement-node": 48,
                    "node-pos": 92
                },
                {
                    "part": "3",
                    "expression-node": 52,
                    "template-line-number": 227,
                    "name": "IntangiblePlantLineItems",
                    "replacement-node": 51,
                    "node-pos": 96
                },
                {
                    "part": "4",
                    "expression-node": 55,
                    "template-line-number": 235,
                    "name": "IntangiblePlantLineItems",
                    "replacement-node": 54,
                    "node-pos": 100
                },
                {
                    "part": "5",
                    "expression-node": 58,
                    "template-line-number": 243,
                    "name": "IntangiblePlantLineItems",
                    "replacement-node": 57,
                    "node-pos": 104
                },
                {
                    "part": "6",
                    "expression-node": 61,
                    "template-line-number": 251,
                    "name": "IntangiblePlantLineItems",
                    "replacement-node": 60,
                    "node-pos": 108
                },
                {
                    "part": "7",
                    "expression-node": 64,
                    "template-line-number": 259,
                    "name": "IntangiblePlantLineItems",
                    "replacement-node": 63,
                    "node-pos": 112
                }
            ]
        },
        "rule-9": [
            {
                "template-line-number": 77,
                "part": null,
                "replacement-node": 24,
                "node-pos": 43,
                "expression-node": 25
            }
        ],
        "rule-8": [
            {
                "template-line-number": 72,
                "part": null,
                "replacement-node": 21,
                "node-pos": 39
            }
        ],
        "rule-12": [
            {
                "template-line-number": 103,
                "part": null,
                "replacement-node": 33,
                "html": true,
                "node-pos": 58
            }
        ],
        "rule-7": [
            {
                "template-line-number": 67,
                "part": null,
                "replacement-node": 18,
                "node-pos": 35,
                "expression-node": 19
            }
        ],
        "rule-2": [
            {
                "template-line-number": 27,
                "part": null,
                "replacement-node": 3,
                "node-pos": 13,
                "expression-node": 4
            }
        ],
        "rule-15": [
            {
                "template-line-number": 288,
                "part": null,
                "replacement-node": 72,
                "node-pos": 126
            }
        ],
        "rule-10": [
            {
                "template-line-number": 82,
                "part": null,
                "replacement-node": 27,
                "node-pos": 47,
                "expression-node": 28
            }
        ],
        "rule-1": [
            {
                "template-line-number": 22,
                "part": null,
                "replacement-node": 0,
                "node-pos": 9
            }
        ],
        "rule-16": {
            "name": "ElectricPlantInServiceHeadings",
            "subs": [
                {
                    "extras": {},
                    "part": "1",
                    "template-line-number": 137,
                    "name": "ElectricPlantInServiceHeadings",
                    "replacement-node": 37,
                    "node-pos": 76
                },
                {
                    "extras": {},
                    "part": "2",
                    "template-line-number": 144,
                    "name": "ElectricPlantInServiceHeadings",
                    "replacement-node": 40,
                    "node-pos": 80
                }
            ]
        },
        "rule-6": [
            {
                "template-line-number": 62,
                "part": null,
                "replacement-node": 15,
                "node-pos": 31
            }
        ]
    },
    "line-numbers": {},
    "showifs": {}
}