{
    "showifs": {},
    "line-numbers": {},
    "substitutions": {
        "rule-12": [
            {
                "template-line-number": 103,
                "replacement-node": 33,
                "part": null,
                "html": true,
                "node-pos": 58
            }
        ],
        "rule-13": [
            {
                "template-line-number": 271,
                "replacement-node": 66,
                "part": null,
                "expression-node": 67,
                "node-pos": 118
            }
        ],
        "rule-1": [
            {
                "template-line-number": 22,
                "replacement-node": 0,
                "part": null,
                "node-pos": 9
            }
        ],
        "rule-6": [
            {
                "template-line-number": 62,
                "replacement-node": 15,
                "part": null,
                "node-pos": 31
            }
        ],
        "rule-14": [
            {
                "template-line-number": 278,
                "replacement-node": 69,
                "part": null,
                "node-pos": 122
            }
        ],
        "rule-17": {
            "subs": [
                {
                    "replacement-node": 44,
                    "part": "1",
                    "name": "IntangiblePlantLineItems",
                    "node-pos": 86,
                    "template-line-number": 206,
                    "extras": {}
                },
                {
                    "replacement-node": 46,
                    "part": "1",
                    "name": "IntangiblePlantLineItems",
                    "node-pos": 89,
                    "template-line-number": 212,
                    "extras": {}
                },
                {
                    "replacement-node": 48,
                    "part": "2",
                    "name": "IntangiblePlantLineItems",
                    "node-pos": 92,
                    "template-line-number": 219,
                    "expression-node": 49
                },
                {
                    "replacement-node": 51,
                    "part": "3",
                    "name": "IntangiblePlantLineItems",
                    "node-pos": 96,
                    "template-line-number": 227,
                    "expression-node": 52
                },
                {
                    "replacement-node": 54,
                    "part": "4",
                    "name": "IntangiblePlantLineItems",
                    "node-pos": 100,
                    "template-line-number": 235,
                    "expression-node": 55
                },
                {
                    "replacement-node": 57,
                    "part": "5",
                    "name": "IntangiblePlantLineItems",
                    "node-pos": 104,
                    "template-line-number": 243,
                    "expression-node": 58
                },
                {
                    "replacement-node": 60,
                    "part": "6",
                    "name": "IntangiblePlantLineItems",
                    "node-pos": 108,
                    "template-line-number": 251,
                    "expression-node": 61
                },
                {
                    "replacement-node": 63,
                    "part": "7",
                    "name": "IntangiblePlantLineItems",
                    "node-pos": 112,
                    "template-line-number": 259,
                    "expression-node": 64
                }
            ],
            "name": "IntangiblePlantLineItems"
        },
        "rule-3": [
            {
                "template-line-number": 33,
                "replacement-node": 6,
                "part": null,
                "node-pos": 17
            }
        ],
        "rule-4": [
            {
                "template-line-number": 39,
                "replacement-node": 9,
                "part": null,
                "html": true,
                "node-pos": 21
            }
        ],
        "rule-10": [
            {
                "template-line-number": 82,
                "replacement-node": 27,
                "part": null,
                "expression-node": 28,
                "node-pos": 47
            }
        ],
        "rule-7": [
            {
                "template-line-number": 67,
                "replacement-node": 18,
                "part": null,
                "expression-node": 19,
                "node-pos": 35
            }
        ],
        "rule-11": [
            {
                "template-line-number": 92,
                "replacement-node": 30,
                "part": null,
                "node-pos": 53
            }
        ],
        "rule-16": {
            "subs": [
                {
                    "replacement-node": 37,
                    "part": "1",
                    "name": "ElectricPlantInServiceHeadings",
                    "node-pos": 76,
                    "template-line-number": 137,
                    "extras": {}
                },
                {
                    "replacement-node": 40,
                    "part": "2",
                    "name": "ElectricPlantInServiceHeadings",
                    "node-pos": 80,
                    "template-line-number": 144,
                    "extras": {}
                }
            ],
            "name": "ElectricPlantInServiceHeadings"
        },
        "rule-15": [
            {
                "template-line-number": 288,
                "replacement-node": 72,
                "part": null,
                "node-pos": 126
            }
        ],
        "rule-2": [
            {
                "template-line-number": 27,
                "replacement-node": 3,
                "part": null,
                "expression-node": 4,
                "node-pos": 13
            }
        ],
        "rule-8": [
            {
                "template-line-number": 72,
                "replacement-node": 21,
                "part": null,
                "node-pos": 39
            }
        ],
        "rule-9": [
            {
                "template-line-number": 77,
                "replacement-node": 24,
                "part": null,
                "expression-node": 25,
                "node-pos": 43
            }
        ],
        "rule-5": [
            {
                "template-line-number": 51,
                "replacement-node": 12,
                "part": null,
                "html": true,
                "node-pos": 26
            }
        ]
    }
}