{
    "line-numbers": {},
    "substitutions": {
        "rule-2": [
            {
                "expression-node": 4,
                "part": null,
                "replacement-node": 3,
                "template-line-number": 27,
                "node-pos": 13
            }
        ],
        "rule-7": [
            {
                "expression-node": 19,
                "part": null,
                "replacement-node": 18,
                "template-line-number": 67,
                "node-pos": 35
            }
        ],
        "rule-9": [
            {
                "expression-node": 25,
                "part": null,
                "replacement-node": 24,
                "template-line-number": 77,
                "node-pos": 43
            }
        ],
        "rule-11": [
            {
                "part": null,
                "replacement-node": 30,
                "template-line-number": 92,
                "node-pos": 53
            }
        ],
        "rule-8": [
            {
                "part": null,
                "replacement-node": 21,
                "template-line-number": 72,
                "node-pos": 39
            }
        ],
        "rule-3": [
            {
                "part": null,
                "replacement-node": 6,
                "template-line-number": 33,
                "node-pos": 17
            }
        ],
        "rule-18": {
            "subs": [
                {
                    "node-pos": 67,
                    "template-line-number": 126,
                    "part": "1",
                    "replacement-node": 37,
                    "extras": {},
                    "name": "ListHeadings"
                },
                {
                    "node-pos": 71,
                    "template-line-number": 133,
                    "part": "2",
                    "replacement-node": 40,
                    "extras": {},
                    "name": "ListHeadings"
                }
            ],
            "name": "ListHeadings"
        },
        "rule-14": [
            {
                "part": null,
                "replacement-node": 61,
                "html": true,
                "template-line-number": 226,
                "node-pos": 107
            }
        ],
        "rule-13": [
            {
                "part": null,
                "replacement-node": 58,
                "html": true,
                "template-line-number": 215,
                "node-pos": 102
            }
        ],
        "rule-4": [
            {
                "part": null,
                "replacement-node": 9,
                "html": true,
                "template-line-number": 39,
                "node-pos": 21
            }
        ],
        "rule-12": [
            {
                "part": null,
                "replacement-node": 33,
                "html": true,
                "template-line-number": 103,
                "node-pos": 58
            }
        ],
        "rule-16": [
            {
                "part": null,
                "replacement-node": 67,
                "template-line-number": 258,
                "node-pos": 121
            }
        ],
        "rule-15": [
            {
                "expression-node": 65,
                "part": null,
                "replacement-node": 64,
                "template-line-number": 251,
                "node-pos": 117
            }
        ],
        "rule-10": [
            {
                "expression-node": 28,
                "part": null,
                "replacement-node": 27,
                "template-line-number": 82,
                "node-pos": 47
            }
        ],
        "rule-5": [
            {
                "part": null,
                "replacement-node": 12,
                "html": true,
                "template-line-number": 51,
                "node-pos": 26
            }
        ],
        "rule-6": [
            {
                "part": null,
                "replacement-node": 15,
                "template-line-number": 62,
                "node-pos": 31
            }
        ],
        "rule-17": [
            {
                "part": null,
                "replacement-node": 70,
                "template-line-number": 268,
                "node-pos": 125
            }
        ],
        "rule-19": {
            "subs": [
                {
                    "node-pos": 77,
                    "template-line-number": 172,
                    "part": "1",
                    "replacement-node": 44,
                    "extras": {},
                    "name": "ListLineItems"
                },
                {
                    "node-pos": 85,
                    "template-line-number": 183,
                    "part": "2",
                    "replacement-node": 49,
                    "extras": {},
                    "name": "ListLineItems"
                },
                {
                    "node-pos": 91,
                    "template-line-number": 194,
                    "part": "3",
                    "replacement-node": 53,
                    "extras": {},
                    "name": "ListLineItems"
                },
                {
                    "node-pos": 95,
                    "template-line-number": 201,
                    "expression-node": 57,
                    "part": "4",
                    "replacement-node": 56,
                    "name": "ListLineItems"
                },
                {
                    "node-pos": 83,
                    "template-line-number": 179,
                    "part": "6",
                    "replacement-node": 47,
                    "extras": {},
                    "name": "ListLineItems"
                }
            ],
            "name": "ListLineItems"
        },
        "rule-1": [
            {
                "part": null,
                "replacement-node": 0,
                "template-line-number": 22,
                "node-pos": 9
            }
        ]
    },
    "showifs": {}
}