{
    "substitutions": {
        "rule-3": [
            {
                "part": null,
                "template-line-number": 33,
                "node-pos": 17,
                "replacement-node": 6
            }
        ],
        "rule-4": [
            {
                "part": null,
                "template-line-number": 39,
                "node-pos": 21,
                "replacement-node": 9,
                "html": true
            }
        ],
        "rule-8": [
            {
                "part": null,
                "template-line-number": 72,
                "node-pos": 39,
                "replacement-node": 21
            }
        ],
        "rule-11": [
            {
                "part": null,
                "template-line-number": 92,
                "node-pos": 53,
                "replacement-node": 30
            }
        ],
        "rule-12": [
            {
                "part": null,
                "template-line-number": 103,
                "node-pos": 58,
                "replacement-node": 33,
                "html": true
            }
        ],
        "rule-5": [
            {
                "part": null,
                "template-line-number": 51,
                "node-pos": 26,
                "replacement-node": 12,
                "html": true
            }
        ],
        "rule-15": [
            {
                "part": null,
                "template-line-number": 251,
                "node-pos": 117,
                "replacement-node": 64,
                "expression-node": 65
            }
        ],
        "rule-14": [
            {
                "part": null,
                "template-line-number": 226,
                "node-pos": 107,
                "replacement-node": 61,
                "html": true
            }
        ],
        "rule-10": [
            {
                "part": null,
                "template-line-number": 82,
                "node-pos": 47,
                "replacement-node": 27,
                "expression-node": 28
            }
        ],
        "rule-18": {
            "name": "ListHeadings",
            "subs": [
                {
                    "template-line-number": 126,
                    "name": "ListHeadings",
                    "replacement-node": 37,
                    "part": "1",
                    "extras": {},
                    "node-pos": 67
                },
                {
                    "template-line-number": 133,
                    "name": "ListHeadings",
                    "replacement-node": 40,
                    "part": "2",
                    "extras": {},
                    "node-pos": 71
                }
            ]
        },
        "rule-17": [
            {
                "part": null,
                "template-line-number": 268,
                "node-pos": 125,
                "replacement-node": 70
            }
        ],
        "rule-1": [
            {
                "part": null,
                "template-line-number": 22,
                "node-pos": 9,
                "replacement-node": 0
            }
        ],
        "rule-6": [
            {
                "part": null,
                "template-line-number": 62,
                "node-pos": 31,
                "replacement-node": 15
            }
        ],
        "rule-16": [
            {
                "part": null,
                "template-line-number": 258,
                "node-pos": 121,
                "replacement-node": 67
            }
        ],
        "rule-7": [
            {
                "part": null,
                "template-line-number": 67,
                "node-pos": 35,
                "replacement-node": 18,
                "expression-node": 19
            }
        ],
        "rule-9": [
            {
                "part": null,
                "template-line-number": 77,
                "node-pos": 43,
                "replacement-node": 24,
                "expression-node": 25
            }
        ],
        "rule-19": {
            "name": "ListLineItems",
            "subs": [
                {
                    "template-line-number": 172,
                    "name": "ListLineItems",
                    "replacement-node": 44,
                    "part": "1",
                    "extras": {},
                    "node-pos": 77
                },
                {
                    "template-line-number": 183,
                    "name": "ListLineItems",
                    "replacement-node": 49,
                    "part": "2",
                    "extras": {},
                    "node-pos": 85
                },
                {
                    "template-line-number": 194,
                    "name": "ListLineItems",
                    "replacement-node": 53,
                    "part": "3",
                    "extras": {},
                    "node-pos": 91
                },
                {
                    "template-line-number": 201,
                    "name": "ListLineItems",
                    "replacement-node": 56,
                    "part": "4",
                    "expression-node": 57,
                    "node-pos": 95
                },
                {
                    "template-line-number": 179,
                    "name": "ListLineItems",
                    "replacement-node": 47,
                    "part": "6",
                    "extras": {},
                    "node-pos": 83
                }
            ]
        },
        "rule-13": [
            {
                "part": null,
                "template-line-number": 215,
                "node-pos": 102,
                "replacement-node": 58,
                "html": true
            }
        ],
        "rule-2": [
            {
                "part": null,
                "template-line-number": 27,
                "node-pos": 13,
                "replacement-node": 3,
                "expression-node": 4
            }
        ]
    },
    "line-numbers": {},
    "showifs": {}
}