{
    "substitutions": {
        "rule-8": [
            {
                "replacement-node": 21,
                "template-line-number": 72,
                "node-pos": 39,
                "part": null
            }
        ],
        "rule-3": [
            {
                "replacement-node": 6,
                "template-line-number": 33,
                "node-pos": 17,
                "part": null
            }
        ],
        "rule-13": [
            {
                "html": true,
                "replacement-node": 58,
                "template-line-number": 215,
                "node-pos": 102,
                "part": null
            }
        ],
        "rule-19": {
            "name": "ListHeadings",
            "subs": [
                {
                    "replacement-node": 37,
                    "extras": {},
                    "node-pos": 67,
                    "name": "ListHeadings",
                    "template-line-number": 126,
                    "part": "1"
                },
                {
                    "replacement-node": 40,
                    "extras": {},
                    "node-pos": 71,
                    "name": "ListHeadings",
                    "template-line-number": 133,
                    "part": "2"
                }
            ]
        },
        "rule-11": [
            {
                "replacement-node": 30,
                "template-line-number": 92,
                "node-pos": 53,
                "part": null
            }
        ],
        "rule-2": [
            {
                "replacement-node": 3,
                "node-pos": 13,
                "template-line-number": 27,
                "expression-node": 4,
                "part": null
            }
        ],
        "rule-10": [
            {
                "replacement-node": 27,
                "node-pos": 47,
                "template-line-number": 82,
                "expression-node": 28,
                "part": null
            }
        ],
        "rule-17": [
            {
                "replacement-node": 70,
                "template-line-number": 268,
                "node-pos": 125,
                "part": null
            }
        ],
        "rule-5": [
            {
                "html": true,
                "replacement-node": 12,
                "template-line-number": 51,
                "node-pos": 26,
                "part": null
            }
        ],
        "rule-1": [
            {
                "replacement-node": 0,
                "template-line-number": 22,
                "node-pos": 9,
                "part": null
            }
        ],
        "rule-18": {
            "name": "ListLineItems",
            "subs": [
                {
                    "replacement-node": 44,
                    "extras": {},
                    "node-pos": 77,
                    "name": "ListLineItems",
                    "template-line-number": 172,
                    "part": "1"
                },
                {
                    "replacement-node": 49,
                    "extras": {},
                    "node-pos": 85,
                    "name": "ListLineItems",
                    "template-line-number": 183,
                    "part": "2"
                },
                {
                    "replacement-node": 53,
                    "extras": {},
                    "node-pos": 91,
                    "name": "ListLineItems",
                    "template-line-number": 194,
                    "part": "3"
                },
                {
                    "replacement-node": 56,
                    "expression-node": 57,
                    "node-pos": 95,
                    "name": "ListLineItems",
                    "template-line-number": 201,
                    "part": "4"
                },
                {
                    "replacement-node": 47,
                    "extras": {},
                    "node-pos": 83,
                    "name": "ListLineItems",
                    "template-line-number": 179,
                    "part": "6"
                }
            ]
        },
        "rule-7": [
            {
                "replacement-node": 18,
                "node-pos": 35,
                "template-line-number": 67,
                "expression-node": 19,
                "part": null
            }
        ],
        "rule-9": [
            {
                "replacement-node": 24,
                "node-pos": 43,
                "template-line-number": 77,
                "expression-node": 25,
                "part": null
            }
        ],
        "rule-12": [
            {
                "html": true,
                "replacement-node": 33,
                "template-line-number": 103,
                "node-pos": 58,
                "part": null
            }
        ],
        "rule-4": [
            {
                "html": true,
                "replacement-node": 9,
                "template-line-number": 39,
                "node-pos": 21,
                "part": null
            }
        ],
        "rule-14": [
            {
                "html": true,
                "replacement-node": 61,
                "template-line-number": 226,
                "node-pos": 107,
                "part": null
            }
        ],
        "rule-15": [
            {
                "replacement-node": 64,
                "node-pos": 117,
                "template-line-number": 251,
                "expression-node": 65,
                "part": null
            }
        ],
        "rule-16": [
            {
                "replacement-node": 67,
                "template-line-number": 258,
                "node-pos": 121,
                "part": null
            }
        ],
        "rule-6": [
            {
                "replacement-node": 15,
                "template-line-number": 62,
                "node-pos": 31,
                "part": null
            }
        ]
    },
    "showifs": {},
    "line-numbers": {}
}