{
    "substitutions": {
        "rule-14": [
            {
                "html": true,
                "expression-node": 38,
                "replacement-node": 37,
                "template-line-number": 119,
                "part": null,
                "node-pos": 68
            }
        ],
        "rule-10": [
            {
                "replacement-node": 25,
                "template-line-number": 78,
                "expression-node": 26,
                "node-pos": 44,
                "part": null
            }
        ],
        "rule-29": [
            {
                "replacement-node": 88,
                "template-line-number": 329,
                "node-pos": 168,
                "part": null
            }
        ],
        "rule-20": [
            {
                "replacement-node": 61,
                "template-line-number": 231,
                "node-pos": 120,
                "part": null
            }
        ],
        "rule-2": [
            {
                "replacement-node": 1,
                "template-line-number": 26,
                "node-pos": 10,
                "part": null
            }
        ],
        "rule-6": [
            {
                "replacement-node": 13,
                "template-line-number": 54,
                "node-pos": 27,
                "html": true,
                "part": null
            }
        ],
        "rule-28": [
            {
                "replacement-node": 85,
                "template-line-number": 316,
                "expression-node": 86,
                "node-pos": 162,
                "part": null
            }
        ],
        "rule-51": [
            {
                "replacement-node": 154,
                "template-line-number": 574,
                "node-pos": 284,
                "part": null
            }
        ],
        "rule-4": [
            {
                "replacement-node": 7,
                "template-line-number": 36,
                "node-pos": 18,
                "part": null
            }
        ],
        "rule-11": [
            {
                "replacement-node": 28,
                "template-line-number": 83,
                "expression-node": 29,
                "node-pos": 48,
                "part": null
            }
        ],
        "rule-25": [
            {
                "replacement-node": 76,
                "template-line-number": 289,
                "expression-node": 77,
                "node-pos": 149,
                "part": null
            }
        ],
        "rule-31": [
            {
                "replacement-node": 94,
                "template-line-number": 350,
                "expression-node": 95,
                "node-pos": 178,
                "part": null
            }
        ],
        "rule-30": [
            {
                "replacement-node": 91,
                "template-line-number": 341,
                "expression-node": 92,
                "node-pos": 174,
                "part": null
            }
        ],
        "rule-24": [
            {
                "replacement-node": 73,
                "template-line-number": 280,
                "expression-node": 74,
                "node-pos": 145,
                "part": null
            }
        ],
        "rule-57": [
            {
                "replacement-node": 172,
                "template-line-number": 645,
                "node-pos": 319,
                "part": null
            }
        ],
        "rule-37": [
            {
                "replacement-node": 112,
                "template-line-number": 411,
                "expression-node": 113,
                "node-pos": 207,
                "part": null
            }
        ],
        "rule-13": [
            {
                "replacement-node": 34,
                "template-line-number": 104,
                "node-pos": 59,
                "html": true,
                "part": null
            }
        ],
        "rule-23": [
            {
                "replacement-node": 70,
                "template-line-number": 268,
                "node-pos": 139,
                "part": null
            }
        ],
        "rule-16": [
            {
                "replacement-node": 43,
                "template-line-number": 146,
                "node-pos": 83,
                "part": null
            }
        ],
        "rule-26": [
            {
                "replacement-node": 79,
                "template-line-number": 298,
                "expression-node": 80,
                "node-pos": 153,
                "part": null
            }
        ],
        "rule-3": [
            {
                "replacement-node": 4,
                "template-line-number": 30,
                "expression-node": 5,
                "node-pos": 14,
                "part": null
            }
        ],
        "rule-40": [
            {
                "replacement-node": 121,
                "template-line-number": 438,
                "expression-node": 122,
                "node-pos": 220,
                "part": null
            }
        ],
        "rule-48": [
            {
                "replacement-node": 145,
                "template-line-number": 536,
                "expression-node": 146,
                "node-pos": 267,
                "part": null
            }
        ],
        "rule-42": [
            {
                "replacement-node": 127,
                "template-line-number": 463,
                "expression-node": 128,
                "node-pos": 231,
                "part": null
            }
        ],
        "rule-36": [
            {
                "replacement-node": 109,
                "template-line-number": 402,
                "expression-node": 110,
                "node-pos": 203,
                "part": null
            }
        ],
        "rule-34": [
            {
                "replacement-node": 103,
                "template-line-number": 377,
                "expression-node": 104,
                "node-pos": 191,
                "part": null
            }
        ],
        "rule-44": [
            {
                "replacement-node": 133,
                "template-line-number": 488,
                "node-pos": 244,
                "part": null
            }
        ],
        "rule-46": [
            {
                "replacement-node": 139,
                "template-line-number": 509,
                "expression-node": 140,
                "node-pos": 254,
                "part": null
            }
        ],
        "rule-18": [
            {
                "replacement-node": 55,
                "template-line-number": 206,
                "expression-node": 56,
                "node-pos": 107,
                "part": null
            }
        ],
        "rule-22": [
            {
                "replacement-node": 67,
                "template-line-number": 255,
                "expression-node": 68,
                "node-pos": 133,
                "part": null
            }
        ],
        "rule-5": [
            {
                "replacement-node": 10,
                "template-line-number": 42,
                "node-pos": 22,
                "html": true,
                "part": null
            }
        ],
        "rule-8": [
            {
                "replacement-node": 19,
                "template-line-number": 69,
                "expression-node": 20,
                "node-pos": 36,
                "part": null
            }
        ],
        "rule-53": [
            {
                "replacement-node": 160,
                "template-line-number": 602,
                "expression-node": 161,
                "node-pos": 297,
                "part": null
            }
        ],
        "rule-21": [
            {
                "replacement-node": 64,
                "template-line-number": 246,
                "expression-node": 65,
                "node-pos": 129,
                "part": null
            }
        ],
        "rule-9": [
            {
                "replacement-node": 22,
                "template-line-number": 74,
                "node-pos": 40,
                "part": null
            }
        ],
        "rule-12": [
            {
                "replacement-node": 31,
                "template-line-number": 93,
                "node-pos": 54,
                "part": null
            }
        ],
        "rule-56": [
            {
                "replacement-node": 169,
                "template-line-number": 640,
                "expression-node": 170,
                "node-pos": 315,
                "part": null
            }
        ],
        "rule-7": [
            {
                "replacement-node": 16,
                "template-line-number": 65,
                "node-pos": 32,
                "part": null
            }
        ],
        "rule-32": [
            {
                "replacement-node": 97,
                "template-line-number": 359,
                "expression-node": 98,
                "node-pos": 182,
                "part": null
            }
        ],
        "rule-52": [
            {
                "replacement-node": 157,
                "template-line-number": 590,
                "node-pos": 292,
                "part": null
            }
        ],
        "rule-35": [
            {
                "replacement-node": 106,
                "template-line-number": 390,
                "node-pos": 197,
                "part": null
            }
        ],
        "rule-59": {
            "subs": [
                {
                    "extras": {},
                    "part": "1",
                    "replacement-node": 47,
                    "template-line-number": 175,
                    "node-pos": 92,
                    "name": "GDHeadings"
                },
                {
                    "extras": {},
                    "part": "2",
                    "replacement-node": 49,
                    "template-line-number": 182,
                    "node-pos": 95,
                    "name": "GDHeadings"
                }
            ],
            "name": "GDHeadings"
        },
        "rule-17": [
            {
                "replacement-node": 52,
                "template-line-number": 194,
                "node-pos": 101,
                "part": null
            }
        ],
        "rule-38": [
            {
                "replacement-node": 115,
                "template-line-number": 420,
                "expression-node": 116,
                "node-pos": 211,
                "part": null
            }
        ],
        "rule-27": [
            {
                "replacement-node": 82,
                "template-line-number": 307,
                "expression-node": 83,
                "node-pos": 158,
                "part": null
            }
        ],
        "rule-45": [
            {
                "replacement-node": 136,
                "template-line-number": 500,
                "expression-node": 137,
                "node-pos": 250,
                "part": null
            }
        ],
        "rule-58": [
            {
                "replacement-node": 175,
                "template-line-number": 654,
                "node-pos": 323,
                "part": null
            }
        ],
        "rule-47": [
            {
                "replacement-node": 142,
                "template-line-number": 524,
                "node-pos": 262,
                "part": null
            }
        ],
        "rule-19": [
            {
                "replacement-node": 58,
                "template-line-number": 215,
                "expression-node": 59,
                "node-pos": 111,
                "part": null
            }
        ],
        "rule-55": [
            {
                "replacement-node": 166,
                "template-line-number": 627,
                "expression-node": 167,
                "node-pos": 309,
                "part": null
            }
        ],
        "rule-49": [
            {
                "replacement-node": 148,
                "template-line-number": 549,
                "node-pos": 273,
                "part": null
            }
        ],
        "rule-41": [
            {
                "replacement-node": 124,
                "template-line-number": 451,
                "node-pos": 226,
                "part": null
            }
        ],
        "rule-43": [
            {
                "replacement-node": 130,
                "template-line-number": 473,
                "expression-node": 131,
                "node-pos": 236,
                "part": null
            }
        ],
        "rule-39": [
            {
                "replacement-node": 118,
                "template-line-number": 429,
                "expression-node": 119,
                "node-pos": 216,
                "part": null
            }
        ],
        "rule-50": [
            {
                "replacement-node": 151,
                "template-line-number": 561,
                "expression-node": 152,
                "node-pos": 278,
                "part": null
            }
        ],
        "rule-33": [
            {
                "replacement-node": 100,
                "template-line-number": 368,
                "expression-node": 101,
                "node-pos": 187,
                "part": null
            }
        ],
        "rule-54": [
            {
                "replacement-node": 163,
                "template-line-number": 615,
                "node-pos": 304,
                "part": null
            }
        ],
        "rule-15": [
            {
                "replacement-node": 40,
                "template-line-number": 130,
                "node-pos": 73,
                "html": true,
                "part": null
            }
        ]
    },
    "line-numbers": {},
    "showifs": {
        "rule-1": {
            "type": "showif",
            "template-line-number": 16
        }
    }
}