{
    "showifs": {},
    "line-numbers": {
        "OtherRegulatoryLiabilities": [
            {
                "line-number-node": 44,
                "template-line-number": 232,
                "start-number": 1
            }
        ]
    },
    "substitutions": {
        "rule-16": [
            {
                "node-pos": 130,
                "replacement-node": 73,
                "part": null,
                "template-line-number": 331,
                "expression-node": 74
            }
        ],
        "rule-13": [
            {
                "node-pos": 117,
                "replacement-node": 64,
                "part": null,
                "template-line-number": 298,
                "expression-node": 65
            }
        ],
        "rule-14": [
            {
                "node-pos": 122,
                "replacement-node": 67,
                "part": null,
                "template-line-number": 311,
                "expression-node": 68
            }
        ],
        "rule-1": [
            {
                "replacement-node": 0,
                "part": null,
                "template-line-number": 19,
                "node-pos": 9
            }
        ],
        "rule-20": {
            "name": "OtherRegulatoryLiabilities",
            "subs": [
                {
                    "replacement-node": 46,
                    "part": "2",
                    "node-pos": 90,
                    "name": "OtherRegulatoryLiabilities",
                    "template-line-number": 237,
                    "expression-node": 47
                },
                {
                    "replacement-node": 49,
                    "part": "3",
                    "node-pos": 94,
                    "name": "OtherRegulatoryLiabilities",
                    "template-line-number": 247,
                    "expression-node": 50
                },
                {
                    "replacement-node": 52,
                    "part": "4",
                    "node-pos": 98,
                    "name": "OtherRegulatoryLiabilities",
                    "template-line-number": 255,
                    "expression-node": 53
                },
                {
                    "replacement-node": 55,
                    "part": "5",
                    "node-pos": 102,
                    "name": "OtherRegulatoryLiabilities",
                    "template-line-number": 265,
                    "expression-node": 56
                },
                {
                    "replacement-node": 58,
                    "part": "6",
                    "node-pos": 106,
                    "name": "OtherRegulatoryLiabilities",
                    "template-line-number": 274,
                    "expression-node": 59
                },
                {
                    "replacement-node": 61,
                    "part": "7",
                    "node-pos": 110,
                    "name": "OtherRegulatoryLiabilities",
                    "template-line-number": 283,
                    "expression-node": 62
                }
            ]
        },
        "rule-9": [
            {
                "node-pos": 43,
                "replacement-node": 24,
                "part": null,
                "template-line-number": 97,
                "expression-node": 25
            }
        ],
        "rule-8": [
            {
                "replacement-node": 21,
                "part": null,
                "template-line-number": 90,
                "node-pos": 39
            }
        ],
        "rule-5": [
            {
                "html": true,
                "replacement-node": 12,
                "part": null,
                "template-line-number": 58,
                "node-pos": 26
            }
        ],
        "rule-10": [
            {
                "node-pos": 47,
                "replacement-node": 27,
                "part": null,
                "template-line-number": 103,
                "expression-node": 28
            }
        ],
        "rule-19": [
            {
                "replacement-node": 82,
                "part": null,
                "template-line-number": 363,
                "node-pos": 144
            }
        ],
        "rule-2": [
            {
                "node-pos": 13,
                "replacement-node": 3,
                "part": null,
                "template-line-number": 26,
                "expression-node": 4
            }
        ],
        "rule-12": [
            {
                "html": true,
                "replacement-node": 33,
                "part": null,
                "template-line-number": 126,
                "node-pos": 58
            }
        ],
        "rule-7": [
            {
                "node-pos": 35,
                "replacement-node": 18,
                "part": null,
                "template-line-number": 83,
                "expression-node": 19
            }
        ],
        "rule-15": [
            {
                "node-pos": 126,
                "replacement-node": 70,
                "part": null,
                "template-line-number": 321,
                "expression-node": 71
            }
        ],
        "rule-18": [
            {
                "replacement-node": 79,
                "part": null,
                "template-line-number": 353,
                "node-pos": 140
            }
        ],
        "rule-6": [
            {
                "replacement-node": 15,
                "part": null,
                "template-line-number": 76,
                "node-pos": 31
            }
        ],
        "rule-21": {
            "name": "ColumnHeadings",
            "subs": [
                {
                    "replacement-node": 37,
                    "part": "1",
                    "extras": {},
                    "node-pos": 77,
                    "name": "ColumnHeadings",
                    "template-line-number": 162
                },
                {
                    "replacement-node": 40,
                    "part": "2",
                    "extras": {},
                    "node-pos": 81,
                    "name": "ColumnHeadings",
                    "template-line-number": 169
                }
            ]
        },
        "rule-4": [
            {
                "html": true,
                "replacement-node": 9,
                "part": null,
                "template-line-number": 41,
                "node-pos": 21
            }
        ],
        "rule-17": [
            {
                "node-pos": 136,
                "replacement-node": 76,
                "part": null,
                "template-line-number": 346,
                "expression-node": 77
            }
        ],
        "rule-3": [
            {
                "replacement-node": 6,
                "part": null,
                "template-line-number": 33,
                "node-pos": 17
            }
        ],
        "rule-11": [
            {
                "replacement-node": 30,
                "part": null,
                "template-line-number": 115,
                "node-pos": 53
            }
        ]
    }
}