{
    "line-numbers": {
        "OtherRegulatoryLiabilities": [
            {
                "start-number": 1,
                "line-number-node": 44,
                "template-line-number": 232
            }
        ]
    },
    "substitutions": {
        "rule-4": [
            {
                "html": true,
                "part": null,
                "template-line-number": 41,
                "node-pos": 21,
                "replacement-node": 9
            }
        ],
        "rule-3": [
            {
                "part": null,
                "template-line-number": 33,
                "node-pos": 17,
                "replacement-node": 6
            }
        ],
        "rule-1": [
            {
                "part": null,
                "template-line-number": 19,
                "node-pos": 9,
                "replacement-node": 0
            }
        ],
        "rule-14": [
            {
                "expression-node": 68,
                "part": null,
                "template-line-number": 311,
                "node-pos": 122,
                "replacement-node": 67
            }
        ],
        "rule-9": [
            {
                "expression-node": 25,
                "part": null,
                "template-line-number": 97,
                "node-pos": 43,
                "replacement-node": 24
            }
        ],
        "rule-13": [
            {
                "expression-node": 65,
                "part": null,
                "template-line-number": 298,
                "node-pos": 117,
                "replacement-node": 64
            }
        ],
        "rule-6": [
            {
                "part": null,
                "template-line-number": 76,
                "node-pos": 31,
                "replacement-node": 15
            }
        ],
        "rule-15": [
            {
                "expression-node": 71,
                "part": null,
                "template-line-number": 321,
                "node-pos": 126,
                "replacement-node": 70
            }
        ],
        "rule-16": [
            {
                "expression-node": 74,
                "part": null,
                "template-line-number": 331,
                "node-pos": 130,
                "replacement-node": 73
            }
        ],
        "rule-7": [
            {
                "expression-node": 19,
                "part": null,
                "template-line-number": 83,
                "node-pos": 35,
                "replacement-node": 18
            }
        ],
        "rule-17": [
            {
                "expression-node": 77,
                "part": null,
                "template-line-number": 346,
                "node-pos": 136,
                "replacement-node": 76
            }
        ],
        "rule-12": [
            {
                "html": true,
                "part": null,
                "template-line-number": 126,
                "node-pos": 58,
                "replacement-node": 33
            }
        ],
        "rule-11": [
            {
                "part": null,
                "template-line-number": 115,
                "node-pos": 53,
                "replacement-node": 30
            }
        ],
        "rule-21": {
            "name": "ColumnHeadings",
            "subs": [
                {
                    "extras": {},
                    "name": "ColumnHeadings",
                    "node-pos": 77,
                    "replacement-node": 37,
                    "part": "1",
                    "template-line-number": 162
                },
                {
                    "extras": {},
                    "name": "ColumnHeadings",
                    "node-pos": 81,
                    "replacement-node": 40,
                    "part": "2",
                    "template-line-number": 169
                }
            ]
        },
        "rule-2": [
            {
                "expression-node": 4,
                "part": null,
                "template-line-number": 26,
                "node-pos": 13,
                "replacement-node": 3
            }
        ],
        "rule-20": {
            "name": "OtherRegulatoryLiabilities",
            "subs": [
                {
                    "expression-node": 47,
                    "name": "OtherRegulatoryLiabilities",
                    "node-pos": 90,
                    "replacement-node": 46,
                    "part": "2",
                    "template-line-number": 237
                },
                {
                    "expression-node": 50,
                    "name": "OtherRegulatoryLiabilities",
                    "node-pos": 94,
                    "replacement-node": 49,
                    "part": "3",
                    "template-line-number": 247
                },
                {
                    "expression-node": 53,
                    "name": "OtherRegulatoryLiabilities",
                    "node-pos": 98,
                    "replacement-node": 52,
                    "part": "4",
                    "template-line-number": 255
                },
                {
                    "expression-node": 56,
                    "name": "OtherRegulatoryLiabilities",
                    "node-pos": 102,
                    "replacement-node": 55,
                    "part": "5",
                    "template-line-number": 265
                },
                {
                    "expression-node": 59,
                    "name": "OtherRegulatoryLiabilities",
                    "node-pos": 106,
                    "replacement-node": 58,
                    "part": "6",
                    "template-line-number": 274
                },
                {
                    "expression-node": 62,
                    "name": "OtherRegulatoryLiabilities",
                    "node-pos": 110,
                    "replacement-node": 61,
                    "part": "7",
                    "template-line-number": 283
                }
            ]
        },
        "rule-5": [
            {
                "html": true,
                "part": null,
                "template-line-number": 58,
                "node-pos": 26,
                "replacement-node": 12
            }
        ],
        "rule-18": [
            {
                "part": null,
                "template-line-number": 353,
                "node-pos": 140,
                "replacement-node": 79
            }
        ],
        "rule-10": [
            {
                "expression-node": 28,
                "part": null,
                "template-line-number": 103,
                "node-pos": 47,
                "replacement-node": 27
            }
        ],
        "rule-19": [
            {
                "part": null,
                "template-line-number": 363,
                "node-pos": 144,
                "replacement-node": 82
            }
        ],
        "rule-8": [
            {
                "part": null,
                "template-line-number": 90,
                "node-pos": 39,
                "replacement-node": 21
            }
        ]
    },
    "showifs": {}
}