{
    "substitutions": {
        "rule-12": [
            {
                "template-line-number": 99,
                "replacement-node": 33,
                "part": null,
                "node-pos": 59,
                "html": true
            }
        ],
        "rule-10": [
            {
                "template-line-number": 78,
                "replacement-node": 27,
                "expression-node": 28,
                "part": null,
                "node-pos": 48
            }
        ],
        "rule-7": [
            {
                "template-line-number": 64,
                "replacement-node": 18,
                "expression-node": 19,
                "part": null,
                "node-pos": 36
            }
        ],
        "rule-3": [
            {
                "template-line-number": 31,
                "replacement-node": 6,
                "part": null,
                "node-pos": 18
            }
        ],
        "rule-9": [
            {
                "template-line-number": 73,
                "replacement-node": 24,
                "expression-node": 25,
                "part": null,
                "node-pos": 44
            }
        ],
        "rule-2": [
            {
                "template-line-number": 25,
                "replacement-node": 3,
                "expression-node": 4,
                "part": null,
                "node-pos": 14
            }
        ],
        "rule-16": [
            {
                "template-line-number": 144,
                "replacement-node": 45,
                "part": null,
                "node-pos": 85
            }
        ],
        "rule-5": [
            {
                "template-line-number": 49,
                "replacement-node": 12,
                "part": null,
                "node-pos": 27,
                "html": true
            }
        ],
        "rule-13": [
            {
                "expression-node": 37,
                "replacement-node": 36,
                "node-pos": 71,
                "template-line-number": 117,
                "part": null,
                "html": true
            }
        ],
        "rule-15": [
            {
                "template-line-number": 135,
                "replacement-node": 42,
                "part": null,
                "node-pos": 81
            }
        ],
        "rule-8": [
            {
                "template-line-number": 69,
                "replacement-node": 21,
                "part": null,
                "node-pos": 40
            }
        ],
        "rule-6": [
            {
                "template-line-number": 60,
                "replacement-node": 15,
                "part": null,
                "node-pos": 32
            }
        ],
        "rule-14": [
            {
                "template-line-number": 130,
                "replacement-node": 39,
                "expression-node": 40,
                "part": null,
                "node-pos": 77
            }
        ],
        "rule-4": [
            {
                "template-line-number": 37,
                "replacement-node": 9,
                "part": null,
                "node-pos": 22,
                "html": true
            }
        ],
        "rule-11": [
            {
                "template-line-number": 88,
                "replacement-node": 30,
                "part": null,
                "node-pos": 54
            }
        ],
        "rule-1": [
            {
                "template-line-number": 21,
                "replacement-node": 0,
                "part": null,
                "node-pos": 10
            }
        ]
    },
    "line-numbers": {},
    "showifs": {}
}