{
    "showifs": {
        "rule-1": {
            "template-line-number": 17,
            "type": "showif"
        }
    },
    "line-numbers": {
        "GasOperatingRevenuesLineItems": [
            {
                "start-number": 1,
                "template-line-number": 203,
                "line-number-node": 45
            }
        ]
    },
    "substitutions": {
        "rule-10": [
            {
                "node-pos": 44,
                "expression-node": 26,
                "replacement-node": 25,
                "part": null,
                "template-line-number": 82
            }
        ],
        "rule-2": [
            {
                "node-pos": 10,
                "replacement-node": 1,
                "part": null,
                "template-line-number": 27
            }
        ],
        "rule-15": [
            {
                "node-pos": 133,
                "replacement-node": 77,
                "part": null,
                "template-line-number": 316
            }
        ],
        "rule-9": [
            {
                "node-pos": 40,
                "replacement-node": 22,
                "part": null,
                "template-line-number": 77
            }
        ],
        "rule-5": [
            {
                "node-pos": 22,
                "html": true,
                "replacement-node": 10,
                "part": null,
                "template-line-number": 44
            }
        ],
        "rule-12": [
            {
                "node-pos": 54,
                "replacement-node": 31,
                "part": null,
                "template-line-number": 97
            }
        ],
        "rule-3": [
            {
                "node-pos": 14,
                "expression-node": 5,
                "replacement-node": 4,
                "part": null,
                "template-line-number": 32
            }
        ],
        "rule-7": [
            {
                "node-pos": 32,
                "replacement-node": 16,
                "part": null,
                "template-line-number": 67
            }
        ],
        "rule-16": [
            {
                "node-pos": 137,
                "replacement-node": 80,
                "part": null,
                "template-line-number": 325
            }
        ],
        "rule-6": [
            {
                "node-pos": 27,
                "html": true,
                "replacement-node": 13,
                "part": null,
                "template-line-number": 56
            }
        ],
        "rule-14": [
            {
                "node-pos": 129,
                "expression-node": 75,
                "replacement-node": 74,
                "part": null,
                "template-line-number": 311
            }
        ],
        "rule-17": {
            "subs": [
                {
                    "name": "GasOperatingRevenuesLineItems",
                    "node-pos": 92,
                    "replacement-node": 50,
                    "part": "1",
                    "template-line-number": 219,
                    "extras": {}
                },
                {
                    "name": "GasOperatingRevenuesLineItems",
                    "node-pos": 119,
                    "replacement-node": 68,
                    "part": "10",
                    "template-line-number": 291,
                    "expression-node": 69
                },
                {
                    "name": "GasOperatingRevenuesLineItems",
                    "node-pos": 123,
                    "replacement-node": 71,
                    "part": "11",
                    "template-line-number": 299,
                    "expression-node": 72
                },
                {
                    "name": "GasOperatingRevenuesLineItems",
                    "node-pos": 95,
                    "replacement-node": 52,
                    "part": "2",
                    "template-line-number": 227,
                    "expression-node": 53
                },
                {
                    "name": "GasOperatingRevenuesLineItems",
                    "node-pos": 98,
                    "replacement-node": 54,
                    "part": "3",
                    "template-line-number": 235,
                    "expression-node": 55
                },
                {
                    "name": "GasOperatingRevenuesLineItems",
                    "node-pos": 101,
                    "replacement-node": 56,
                    "part": "4",
                    "template-line-number": 243,
                    "expression-node": 57
                },
                {
                    "name": "GasOperatingRevenuesLineItems",
                    "node-pos": 104,
                    "replacement-node": 58,
                    "part": "5",
                    "template-line-number": 251,
                    "expression-node": 59
                },
                {
                    "name": "GasOperatingRevenuesLineItems",
                    "node-pos": 90,
                    "replacement-node": 48,
                    "part": "6",
                    "template-line-number": 214,
                    "extras": {}
                },
                {
                    "name": "GasOperatingRevenuesLineItems",
                    "node-pos": 107,
                    "replacement-node": 60,
                    "part": "6",
                    "template-line-number": 259,
                    "expression-node": 61
                },
                {
                    "name": "GasOperatingRevenuesLineItems",
                    "node-pos": 110,
                    "replacement-node": 62,
                    "part": "7",
                    "template-line-number": 267,
                    "expression-node": 63
                },
                {
                    "name": "GasOperatingRevenuesLineItems",
                    "node-pos": 113,
                    "replacement-node": 64,
                    "part": "8",
                    "template-line-number": 275,
                    "expression-node": 65
                },
                {
                    "name": "GasOperatingRevenuesLineItems",
                    "node-pos": 116,
                    "replacement-node": 66,
                    "part": "9",
                    "template-line-number": 283,
                    "expression-node": 67
                }
            ],
            "name": "GasOperatingRevenuesLineItems"
        },
        "rule-8": [
            {
                "node-pos": 36,
                "expression-node": 20,
                "replacement-node": 19,
                "part": null,
                "template-line-number": 72
            }
        ],
        "rule-4": [
            {
                "node-pos": 18,
                "replacement-node": 7,
                "part": null,
                "template-line-number": 38
            }
        ],
        "rule-11": [
            {
                "node-pos": 48,
                "expression-node": 29,
                "replacement-node": 28,
                "part": null,
                "template-line-number": 87
            }
        ],
        "rule-13": [
            {
                "node-pos": 59,
                "html": true,
                "replacement-node": 34,
                "part": null,
                "template-line-number": 108
            }
        ],
        "rule-18": {
            "subs": [
                {
                    "name": "GasOperatingRevenuesHeadings",
                    "node-pos": 74,
                    "replacement-node": 38,
                    "part": "1",
                    "template-line-number": 138,
                    "extras": {}
                },
                {
                    "name": "GasOperatingRevenuesHeadings",
                    "node-pos": 78,
                    "replacement-node": 41,
                    "part": "2",
                    "template-line-number": 145,
                    "extras": {}
                }
            ],
            "name": "GasOperatingRevenuesHeadings"
        }
    }
}