{
    "line-numbers": {
        "OtherOperationalLineItems3": [
            {
                "sub-number": true,
                "line-number-node": 356,
                "start-number": 36,
                "template-line-number": 1501
            }
        ],
        "OtherOperationalLineItems": [
            {
                "sub-number": true,
                "line-number-node": 188,
                "start-number": 17,
                "template-line-number": 799
            }
        ],
        "WithdrawnLineItems3": [
            {
                "sub-number": true,
                "line-number-node": 302,
                "start-number": 31,
                "template-line-number": 1278
            }
        ],
        "WithdrawnLineItems": [
            {
                "sub-number": true,
                "line-number-node": 134,
                "start-number": 12,
                "template-line-number": 574
            }
        ],
        "TransportedLineItems": [
            {
                "sub-number": true,
                "line-number-node": 80,
                "start-number": 6,
                "template-line-number": 350
            }
        ],
        "TransportedLineItems3": [
            {
                "sub-number": true,
                "line-number-node": 248,
                "start-number": 25,
                "template-line-number": 1055
            }
        ]
    },
    "substitutions": {
        "rule-27": [
            {
                "node-pos": 270,
                "part": null,
                "expression-node": 156,
                "template-line-number": 623,
                "replacement-node": 155
            }
        ],
        "rule-6": [
            {
                "node-pos": 27,
                "part": null,
                "template-line-number": 55,
                "replacement-node": 13,
                "html": true
            }
        ],
        "rule-58": {
            "subs": [
                {
                    "node-pos": 612,
                    "part": "2",
                    "expression-node": 360,
                    "name": "OtherOperationalLineItems3",
                    "template-line-number": 1504,
                    "replacement-node": 359
                },
                {
                    "node-pos": 616,
                    "part": "3",
                    "expression-node": 363,
                    "name": "OtherOperationalLineItems3",
                    "template-line-number": 1509,
                    "replacement-node": 362
                },
                {
                    "node-pos": 620,
                    "part": "4",
                    "expression-node": 366,
                    "name": "OtherOperationalLineItems3",
                    "template-line-number": 1514,
                    "replacement-node": 365
                },
                {
                    "node-pos": 624,
                    "part": "5",
                    "expression-node": 369,
                    "name": "OtherOperationalLineItems3",
                    "template-line-number": 1519,
                    "replacement-node": 368
                }
            ],
            "name": "OtherOperationalLineItems3"
        },
        "rule-8": [
            {
                "node-pos": 36,
                "part": null,
                "expression-node": 20,
                "template-line-number": 70,
                "replacement-node": 19
            }
        ],
        "rule-54": [
            {
                "node-pos": 643,
                "part": null,
                "expression-node": 381,
                "template-line-number": 1559,
                "replacement-node": 380
            }
        ],
        "rule-24": [
            {
                "node-pos": 229,
                "part": null,
                "template-line-number": 515,
                "replacement-node": 130
            }
        ],
        "rule-33": [
            {
                "node-pos": 359,
                "part": null,
                "expression-node": 210,
                "template-line-number": 848,
                "replacement-node": 209
            }
        ],
        "rule-65": {
            "subs": [
                {
                    "node-pos": 154,
                    "part": "2",
                    "expression-node": 84,
                    "name": "TransportedLineItems",
                    "template-line-number": 353,
                    "replacement-node": 83
                },
                {
                    "node-pos": 158,
                    "part": "3",
                    "expression-node": 87,
                    "name": "TransportedLineItems",
                    "template-line-number": 358,
                    "replacement-node": 86
                },
                {
                    "node-pos": 162,
                    "part": "4",
                    "expression-node": 90,
                    "name": "TransportedLineItems",
                    "template-line-number": 363,
                    "replacement-node": 89
                },
                {
                    "node-pos": 166,
                    "part": "5",
                    "expression-node": 93,
                    "name": "TransportedLineItems",
                    "template-line-number": 368,
                    "replacement-node": 92
                }
            ],
            "name": "TransportedLineItems"
        },
        "rule-38": [
            {
                "node-pos": 420,
                "part": null,
                "template-line-number": 996,
                "replacement-node": 244
            }
        ],
        "rule-5": [
            {
                "node-pos": 22,
                "part": null,
                "template-line-number": 43,
                "replacement-node": 10,
                "html": true
            }
        ],
        "rule-14": [
            {
                "node-pos": 79,
                "part": null,
                "template-line-number": 149,
                "replacement-node": 44
            }
        ],
        "rule-31": [
            {
                "node-pos": 350,
                "part": null,
                "template-line-number": 827,
                "replacement-node": 203
            }
        ],
        "rule-69": {
            "subs": [
                {
                    "node-pos": 570,
                    "part": "1",
                    "template-line-number": 1399,
                    "name": "OperationalLineItems3",
                    "extras": {},
                    "replacement-node": 333
                },
                {
                    "node-pos": 578,
                    "part": "2",
                    "expression-node": 339,
                    "name": "OperationalLineItems3",
                    "template-line-number": 1410,
                    "replacement-node": 338
                },
                {
                    "node-pos": 584,
                    "part": "4",
                    "expression-node": 344,
                    "name": "OperationalLineItems3",
                    "template-line-number": 1419,
                    "replacement-node": 343
                },
                {
                    "node-pos": 588,
                    "part": "5",
                    "expression-node": 347,
                    "name": "OperationalLineItems3",
                    "template-line-number": 1425,
                    "replacement-node": 346
                },
                {
                    "node-pos": 576,
                    "part": "6",
                    "template-line-number": 1406,
                    "name": "OperationalLineItems3",
                    "extras": {},
                    "replacement-node": 336
                },
                {
                    "node-pos": 592,
                    "part": "6",
                    "expression-node": 350,
                    "name": "OperationalLineItems3",
                    "template-line-number": 1431,
                    "replacement-node": 349
                }
            ],
            "name": "OperationalLineItems3"
        },
        "rule-49": [
            {
                "node-pos": 560,
                "part": null,
                "template-line-number": 1349,
                "replacement-node": 329
            }
        ],
        "rule-62": {
            "subs": [
                {
                    "node-pos": 243,
                    "part": "2",
                    "expression-node": 138,
                    "name": "WithdrawnLineItems",
                    "template-line-number": 577,
                    "replacement-node": 137
                },
                {
                    "node-pos": 247,
                    "part": "3",
                    "expression-node": 141,
                    "name": "WithdrawnLineItems",
                    "template-line-number": 582,
                    "replacement-node": 140
                },
                {
                    "node-pos": 251,
                    "part": "4",
                    "expression-node": 144,
                    "name": "WithdrawnLineItems",
                    "template-line-number": 587,
                    "replacement-node": 143
                },
                {
                    "node-pos": 255,
                    "part": "5",
                    "expression-node": 147,
                    "name": "WithdrawnLineItems",
                    "template-line-number": 592,
                    "replacement-node": 146
                }
            ],
            "name": "WithdrawnLineItems"
        },
        "rule-25": [
            {
                "node-pos": 261,
                "part": null,
                "template-line-number": 602,
                "replacement-node": 149
            }
        ],
        "rule-64": {
            "subs": [
                {
                    "node-pos": 392,
                    "part": "1",
                    "template-line-number": 953,
                    "name": "ThreeTransmissionLineItems",
                    "extras": {},
                    "replacement-node": 225
                },
                {
                    "node-pos": 400,
                    "part": "2",
                    "expression-node": 231,
                    "name": "ThreeTransmissionLineItems",
                    "template-line-number": 964,
                    "replacement-node": 230
                },
                {
                    "node-pos": 406,
                    "part": "4",
                    "expression-node": 236,
                    "name": "ThreeTransmissionLineItems",
                    "template-line-number": 974,
                    "replacement-node": 235
                },
                {
                    "node-pos": 410,
                    "part": "5",
                    "expression-node": 239,
                    "name": "ThreeTransmissionLineItems",
                    "template-line-number": 980,
                    "replacement-node": 238
                },
                {
                    "node-pos": 398,
                    "part": "6",
                    "template-line-number": 960,
                    "name": "ThreeTransmissionLineItems",
                    "extras": {},
                    "replacement-node": 228
                },
                {
                    "node-pos": 414,
                    "part": "6",
                    "expression-node": 242,
                    "name": "ThreeTransmissionLineItems",
                    "template-line-number": 986,
                    "replacement-node": 241
                }
            ],
            "name": "ThreeTransmissionLineItems"
        },
        "rule-51": [
            {
                "node-pos": 630,
                "part": null,
                "template-line-number": 1529,
                "replacement-node": 371
            }
        ],
        "rule-63": {
            "subs": [
                {
                    "node-pos": 112,
                    "part": "1",
                    "template-line-number": 249,
                    "name": "TransmissionLineItems",
                    "extras": {},
                    "replacement-node": 57
                },
                {
                    "node-pos": 120,
                    "part": "2",
                    "expression-node": 63,
                    "name": "TransmissionLineItems",
                    "template-line-number": 260,
                    "replacement-node": 62
                },
                {
                    "node-pos": 126,
                    "part": "4",
                    "expression-node": 68,
                    "name": "TransmissionLineItems",
                    "template-line-number": 270,
                    "replacement-node": 67
                },
                {
                    "node-pos": 130,
                    "part": "5",
                    "expression-node": 71,
                    "name": "TransmissionLineItems",
                    "template-line-number": 276,
                    "replacement-node": 70
                },
                {
                    "node-pos": 118,
                    "part": "6",
                    "template-line-number": 256,
                    "name": "TransmissionLineItems",
                    "extras": {},
                    "replacement-node": 60
                },
                {
                    "node-pos": 134,
                    "part": "6",
                    "expression-node": 74,
                    "name": "TransmissionLineItems",
                    "template-line-number": 282,
                    "replacement-node": 73
                }
            ],
            "name": "TransmissionLineItems"
        },
        "rule-28": [
            {
                "node-pos": 274,
                "part": null,
                "expression-node": 159,
                "template-line-number": 632,
                "replacement-node": 158
            }
        ],
        "rule-43": [
            {
                "node-pos": 471,
                "part": null,
                "template-line-number": 1127,
                "replacement-node": 275
            }
        ],
        "rule-39": [
            {
                "node-pos": 452,
                "part": null,
                "template-line-number": 1083,
                "replacement-node": 263
            }
        ],
        "rule-41": [
            {
                "node-pos": 461,
                "part": null,
                "expression-node": 270,
                "template-line-number": 1104,
                "replacement-node": 269
            }
        ],
        "rule-29": [
            {
                "node-pos": 280,
                "part": null,
                "template-line-number": 647,
                "replacement-node": 161
            }
        ],
        "rule-48": [
            {
                "node-pos": 554,
                "part": null,
                "expression-node": 327,
                "template-line-number": 1336,
                "replacement-node": 326
            }
        ],
        "rule-30": [
            {
                "node-pos": 318,
                "part": null,
                "template-line-number": 739,
                "replacement-node": 184
            }
        ],
        "rule-13": [
            {
                "node-pos": 59,
                "part": null,
                "template-line-number": 105,
                "replacement-node": 34,
                "html": true
            }
        ],
        "rule-52": [
            {
                "node-pos": 635,
                "part": null,
                "expression-node": 375,
                "template-line-number": 1541,
                "replacement-node": 374
            }
        ],
        "rule-45": [
            {
                "node-pos": 541,
                "part": null,
                "template-line-number": 1306,
                "replacement-node": 317
            }
        ],
        "rule-9": [
            {
                "node-pos": 40,
                "part": null,
                "template-line-number": 75,
                "replacement-node": 22
            }
        ],
        "rule-50": [
            {
                "node-pos": 598,
                "part": null,
                "template-line-number": 1440,
                "replacement-node": 352
            }
        ],
        "rule-70": {
            "subs": [
                {
                    "node-pos": 201,
                    "part": "1",
                    "template-line-number": 472,
                    "name": "StorageContractLineItems",
                    "extras": {},
                    "replacement-node": 111
                },
                {
                    "node-pos": 209,
                    "part": "2",
                    "expression-node": 117,
                    "name": "StorageContractLineItems",
                    "template-line-number": 483,
                    "replacement-node": 116
                },
                {
                    "node-pos": 215,
                    "part": "4",
                    "expression-node": 122,
                    "name": "StorageContractLineItems",
                    "template-line-number": 493,
                    "replacement-node": 121
                },
                {
                    "node-pos": 219,
                    "part": "5",
                    "expression-node": 125,
                    "name": "StorageContractLineItems",
                    "template-line-number": 499,
                    "replacement-node": 124
                },
                {
                    "node-pos": 207,
                    "part": "6",
                    "template-line-number": 479,
                    "name": "StorageContractLineItems",
                    "extras": {},
                    "replacement-node": 114
                },
                {
                    "node-pos": 223,
                    "part": "6",
                    "expression-node": 128,
                    "name": "StorageContractLineItems",
                    "template-line-number": 505,
                    "replacement-node": 127
                }
            ],
            "name": "StorageContractLineItems"
        },
        "rule-17": [
            {
                "node-pos": 102,
                "part": null,
                "template-line-number": 198,
                "replacement-node": 53
            }
        ],
        "rule-20": [
            {
                "node-pos": 177,
                "part": null,
                "expression-node": 99,
                "template-line-number": 390,
                "replacement-node": 98
            }
        ],
        "rule-26": [
            {
                "node-pos": 266,
                "part": null,
                "expression-node": 153,
                "template-line-number": 614,
                "replacement-node": 152
            }
        ],
        "rule-22": [
            {
                "node-pos": 185,
                "part": null,
                "expression-node": 105,
                "template-line-number": 408,
                "replacement-node": 104
            }
        ],
        "rule-7": [
            {
                "node-pos": 32,
                "part": null,
                "template-line-number": 66,
                "replacement-node": 16
            }
        ],
        "rule-35": [
            {
                "node-pos": 369,
                "part": null,
                "template-line-number": 872,
                "replacement-node": 215
            }
        ],
        "rule-2": [
            {
                "node-pos": 10,
                "part": null,
                "template-line-number": 27,
                "replacement-node": 1
            }
        ],
        "rule-67": {
            "subs": [
                {
                    "node-pos": 523,
                    "part": "2",
                    "expression-node": 306,
                    "name": "WithdrawnLineItems3",
                    "template-line-number": 1281,
                    "replacement-node": 305
                },
                {
                    "node-pos": 527,
                    "part": "3",
                    "expression-node": 309,
                    "name": "WithdrawnLineItems3",
                    "template-line-number": 1286,
                    "replacement-node": 308
                },
                {
                    "node-pos": 531,
                    "part": "4",
                    "expression-node": 312,
                    "name": "WithdrawnLineItems3",
                    "template-line-number": 1291,
                    "replacement-node": 311
                },
                {
                    "node-pos": 535,
                    "part": "5",
                    "expression-node": 315,
                    "name": "WithdrawnLineItems3",
                    "template-line-number": 1296,
                    "replacement-node": 314
                }
            ],
            "name": "WithdrawnLineItems3"
        },
        "rule-19": [
            {
                "node-pos": 172,
                "part": null,
                "template-line-number": 378,
                "replacement-node": 95
            }
        ],
        "rule-23": [
            {
                "node-pos": 191,
                "part": null,
                "template-line-number": 422,
                "replacement-node": 107
            }
        ],
        "rule-16": [
            {
                "node-pos": 93,
                "part": null,
                "expression-node": 51,
                "template-line-number": 184,
                "replacement-node": 50
            }
        ],
        "rule-37": [
            {
                "node-pos": 383,
                "part": null,
                "expression-node": 222,
                "template-line-number": 907,
                "replacement-node": 221
            }
        ],
        "rule-55": [
            {
                "node-pos": 649,
                "part": null,
                "expression-node": 384,
                "template-line-number": 1572,
                "replacement-node": 383
            }
        ],
        "rule-42": [
            {
                "node-pos": 465,
                "part": null,
                "expression-node": 273,
                "template-line-number": 1113,
                "replacement-node": 272
            }
        ],
        "rule-34": [
            {
                "node-pos": 363,
                "part": null,
                "expression-node": 213,
                "template-line-number": 857,
                "replacement-node": 212
            }
        ],
        "rule-12": [
            {
                "node-pos": 54,
                "part": null,
                "template-line-number": 94,
                "replacement-node": 31
            }
        ],
        "rule-4": [
            {
                "node-pos": 18,
                "part": null,
                "template-line-number": 37,
                "replacement-node": 7
            }
        ],
        "rule-36": [
            {
                "node-pos": 379,
                "part": null,
                "template-line-number": 890,
                "replacement-node": 218
            }
        ],
        "rule-66": {
            "subs": [
                {
                    "node-pos": 481,
                    "part": "1",
                    "template-line-number": 1177,
                    "name": "StorageContractLineItems3",
                    "extras": {},
                    "replacement-node": 279
                },
                {
                    "node-pos": 489,
                    "part": "2",
                    "expression-node": 285,
                    "name": "StorageContractLineItems3",
                    "template-line-number": 1188,
                    "replacement-node": 284
                },
                {
                    "node-pos": 495,
                    "part": "4",
                    "expression-node": 290,
                    "name": "StorageContractLineItems3",
                    "template-line-number": 1198,
                    "replacement-node": 289
                },
                {
                    "node-pos": 499,
                    "part": "5",
                    "expression-node": 293,
                    "name": "StorageContractLineItems3",
                    "template-line-number": 1204,
                    "replacement-node": 292
                },
                {
                    "node-pos": 487,
                    "part": "6",
                    "template-line-number": 1184,
                    "name": "StorageContractLineItems3",
                    "extras": {},
                    "replacement-node": 282
                },
                {
                    "node-pos": 503,
                    "part": "6",
                    "expression-node": 296,
                    "name": "StorageContractLineItems3",
                    "template-line-number": 1210,
                    "replacement-node": 295
                }
            ],
            "name": "StorageContractLineItems3"
        },
        "rule-44": [
            {
                "node-pos": 509,
                "part": null,
                "template-line-number": 1219,
                "replacement-node": 298
            }
        ],
        "rule-68": {
            "subs": [
                {
                    "node-pos": 290,
                    "part": "1",
                    "template-line-number": 697,
                    "name": "OperationalLineItems",
                    "extras": {},
                    "replacement-node": 165
                },
                {
                    "node-pos": 298,
                    "part": "2",
                    "expression-node": 171,
                    "name": "OperationalLineItems",
                    "template-line-number": 708,
                    "replacement-node": 170
                },
                {
                    "node-pos": 304,
                    "part": "4",
                    "expression-node": 176,
                    "name": "OperationalLineItems",
                    "template-line-number": 718,
                    "replacement-node": 175
                },
                {
                    "node-pos": 308,
                    "part": "5",
                    "expression-node": 179,
                    "name": "OperationalLineItems",
                    "template-line-number": 724,
                    "replacement-node": 178
                },
                {
                    "node-pos": 296,
                    "part": "6",
                    "template-line-number": 704,
                    "name": "OperationalLineItems",
                    "extras": {},
                    "replacement-node": 168
                },
                {
                    "node-pos": 312,
                    "part": "6",
                    "expression-node": 182,
                    "name": "OperationalLineItems",
                    "template-line-number": 730,
                    "replacement-node": 181
                }
            ],
            "name": "OperationalLineItems"
        },
        "rule-10": [
            {
                "node-pos": 44,
                "part": null,
                "expression-node": 26,
                "template-line-number": 79,
                "replacement-node": 25
            }
        ],
        "rule-46": [
            {
                "node-pos": 546,
                "part": null,
                "expression-node": 321,
                "template-line-number": 1318,
                "replacement-node": 320
            }
        ],
        "rule-3": [
            {
                "node-pos": 14,
                "part": null,
                "expression-node": 5,
                "template-line-number": 31,
                "replacement-node": 4
            }
        ],
        "rule-53": [
            {
                "node-pos": 639,
                "part": null,
                "expression-node": 378,
                "template-line-number": 1550,
                "replacement-node": 377
            }
        ],
        "rule-40": [
            {
                "node-pos": 457,
                "part": null,
                "expression-node": 267,
                "template-line-number": 1095,
                "replacement-node": 266
            }
        ],
        "rule-11": [
            {
                "node-pos": 48,
                "part": null,
                "expression-node": 29,
                "template-line-number": 84,
                "replacement-node": 28
            }
        ],
        "rule-47": [
            {
                "node-pos": 550,
                "part": null,
                "expression-node": 324,
                "template-line-number": 1327,
                "replacement-node": 323
            }
        ],
        "rule-59": {
            "subs": [
                {
                    "node-pos": 69,
                    "part": "1",
                    "template-line-number": 130,
                    "name": "Headings",
                    "extras": {},
                    "replacement-node": 38
                },
                {
                    "node-pos": 73,
                    "part": "2",
                    "template-line-number": 137,
                    "name": "Headings",
                    "extras": {},
                    "replacement-node": 41
                }
            ],
            "name": "Headings"
        },
        "rule-61": {
            "subs": [
                {
                    "node-pos": 434,
                    "part": "2",
                    "expression-node": 252,
                    "name": "TransportedLineItems3",
                    "template-line-number": 1058,
                    "replacement-node": 251
                },
                {
                    "node-pos": 438,
                    "part": "3",
                    "expression-node": 255,
                    "name": "TransportedLineItems3",
                    "template-line-number": 1063,
                    "replacement-node": 254
                },
                {
                    "node-pos": 442,
                    "part": "4",
                    "expression-node": 258,
                    "name": "TransportedLineItems3",
                    "template-line-number": 1068,
                    "replacement-node": 257
                },
                {
                    "node-pos": 446,
                    "part": "5",
                    "expression-node": 261,
                    "name": "TransportedLineItems3",
                    "template-line-number": 1073,
                    "replacement-node": 260
                }
            ],
            "name": "TransportedLineItems3"
        },
        "rule-57": [
            {
                "node-pos": 657,
                "part": null,
                "template-line-number": 1586,
                "replacement-node": 389
            }
        ],
        "rule-32": [
            {
                "node-pos": 355,
                "part": null,
                "expression-node": 207,
                "template-line-number": 839,
                "replacement-node": 206
            }
        ],
        "rule-21": [
            {
                "node-pos": 181,
                "part": null,
                "expression-node": 102,
                "template-line-number": 399,
                "replacement-node": 101
            }
        ],
        "rule-15": [
            {
                "node-pos": 89,
                "part": null,
                "template-line-number": 167,
                "replacement-node": 47
            }
        ],
        "rule-60": {
            "subs": [
                {
                    "node-pos": 332,
                    "part": "2",
                    "expression-node": 192,
                    "name": "OtherOperationalLineItems",
                    "template-line-number": 802,
                    "replacement-node": 191
                },
                {
                    "node-pos": 336,
                    "part": "3",
                    "expression-node": 195,
                    "name": "OtherOperationalLineItems",
                    "template-line-number": 807,
                    "replacement-node": 194
                },
                {
                    "node-pos": 340,
                    "part": "4",
                    "expression-node": 198,
                    "name": "OtherOperationalLineItems",
                    "template-line-number": 812,
                    "replacement-node": 197
                },
                {
                    "node-pos": 344,
                    "part": "5",
                    "expression-node": 201,
                    "name": "OtherOperationalLineItems",
                    "template-line-number": 817,
                    "replacement-node": 200
                }
            ],
            "name": "OtherOperationalLineItems"
        },
        "rule-56": [
            {
                "node-pos": 653,
                "part": null,
                "template-line-number": 1577,
                "replacement-node": 386
            }
        ],
        "rule-18": [
            {
                "node-pos": 140,
                "part": null,
                "template-line-number": 291,
                "replacement-node": 76
            }
        ]
    },
    "showifs": {
        "rule-1": {
            "type": "showif",
            "template-line-number": 17
        }
    }
}