{
    "substitutions": {
        "rule-29": [
            {
                "template-line-number": 626,
                "node-pos": 244,
                "expression-node": 157,
                "part": null,
                "replacement-node": 156
            }
        ],
        "rule-33": {
            "subs": [
                {
                    "name": "TaxesAccrued",
                    "template-line-number": 434,
                    "node-pos": 142,
                    "expression-node": 85,
                    "part": "10",
                    "replacement-node": 84
                },
                {
                    "name": "TaxesAccrued",
                    "template-line-number": 439,
                    "node-pos": 146,
                    "expression-node": 88,
                    "part": "11",
                    "replacement-node": 87
                },
                {
                    "name": "TaxesAccrued",
                    "template-line-number": 444,
                    "node-pos": 150,
                    "expression-node": 91,
                    "part": "12",
                    "replacement-node": 90
                },
                {
                    "name": "TaxesAccrued",
                    "template-line-number": 449,
                    "node-pos": 154,
                    "expression-node": 94,
                    "part": "13",
                    "replacement-node": 93
                },
                {
                    "name": "TaxesAccrued",
                    "template-line-number": 454,
                    "node-pos": 158,
                    "expression-node": 97,
                    "part": "14",
                    "replacement-node": 96
                },
                {
                    "name": "TaxesAccrued",
                    "template-line-number": 459,
                    "node-pos": 162,
                    "expression-node": 100,
                    "part": "15",
                    "replacement-node": 99
                },
                {
                    "name": "TaxesAccrued",
                    "template-line-number": 464,
                    "node-pos": 166,
                    "expression-node": 103,
                    "part": "16",
                    "replacement-node": 102
                },
                {
                    "name": "TaxesAccrued",
                    "template-line-number": 469,
                    "node-pos": 170,
                    "expression-node": 106,
                    "part": "17",
                    "replacement-node": 105
                },
                {
                    "name": "TaxesAccrued",
                    "template-line-number": 474,
                    "node-pos": 174,
                    "expression-node": 109,
                    "part": "18",
                    "replacement-node": 108
                },
                {
                    "name": "TaxesAccrued",
                    "template-line-number": 376,
                    "node-pos": 96,
                    "expression-node": 50,
                    "part": "2",
                    "replacement-node": 49
                },
                {
                    "name": "TaxesAccrued",
                    "template-line-number": 384,
                    "node-pos": 102,
                    "expression-node": 55,
                    "part": "2",
                    "replacement-node": 54
                },
                {
                    "name": "TaxesAccrued",
                    "template-line-number": 389,
                    "node-pos": 106,
                    "expression-node": 58,
                    "part": "2",
                    "replacement-node": 57
                },
                {
                    "name": "TaxesAccrued",
                    "template-line-number": 394,
                    "node-pos": 110,
                    "expression-node": 61,
                    "part": "2",
                    "replacement-node": 60
                },
                {
                    "name": "TaxesAccrued",
                    "template-line-number": 399,
                    "node-pos": 114,
                    "expression-node": 64,
                    "part": "3",
                    "replacement-node": 63
                },
                {
                    "name": "TaxesAccrued",
                    "template-line-number": 404,
                    "node-pos": 118,
                    "expression-node": 67,
                    "part": "4",
                    "replacement-node": 66
                },
                {
                    "name": "TaxesAccrued",
                    "template-line-number": 409,
                    "node-pos": 122,
                    "expression-node": 70,
                    "part": "5",
                    "replacement-node": 69
                },
                {
                    "name": "TaxesAccrued",
                    "template-line-number": 414,
                    "node-pos": 126,
                    "expression-node": 73,
                    "part": "6",
                    "replacement-node": 72
                },
                {
                    "name": "TaxesAccrued",
                    "template-line-number": 419,
                    "node-pos": 130,
                    "expression-node": 76,
                    "part": "7",
                    "replacement-node": 75
                },
                {
                    "name": "TaxesAccrued",
                    "template-line-number": 424,
                    "node-pos": 134,
                    "expression-node": 79,
                    "part": "8",
                    "replacement-node": 78
                },
                {
                    "name": "TaxesAccrued",
                    "template-line-number": 429,
                    "node-pos": 138,
                    "expression-node": 82,
                    "part": "9",
                    "replacement-node": 81
                }
            ],
            "name": "TaxesAccrued"
        },
        "rule-13": [
            {
                "template-line-number": 106,
                "node-pos": 59,
                "part": null,
                "replacement-node": 34,
                "html": true
            }
        ],
        "rule-19": [
            {
                "template-line-number": 536,
                "node-pos": 204,
                "expression-node": 127,
                "part": null,
                "replacement-node": 126
            }
        ],
        "rule-11": [
            {
                "template-line-number": 84,
                "node-pos": 48,
                "expression-node": 29,
                "part": null,
                "replacement-node": 28
            }
        ],
        "rule-21": [
            {
                "template-line-number": 554,
                "node-pos": 212,
                "expression-node": 133,
                "part": null,
                "replacement-node": 132
            }
        ],
        "rule-32": [
            {
                "template-line-number": 654,
                "node-pos": 259,
                "part": null,
                "replacement-node": 165
            }
        ],
        "rule-23": [
            {
                "template-line-number": 572,
                "node-pos": 220,
                "expression-node": 139,
                "part": null,
                "replacement-node": 138
            }
        ],
        "rule-30": [
            {
                "template-line-number": 640,
                "node-pos": 251,
                "expression-node": 160,
                "part": null,
                "replacement-node": 159
            }
        ],
        "rule-16": [
            {
                "template-line-number": 509,
                "node-pos": 192,
                "expression-node": 118,
                "part": null,
                "replacement-node": 117
            }
        ],
        "rule-34": {
            "subs": [
                {
                    "extras": {},
                    "name": "TaxesAccruedHead",
                    "template-line-number": 149,
                    "node-pos": 83,
                    "part": "1",
                    "replacement-node": 40
                },
                {
                    "extras": {},
                    "name": "TaxesAccruedHead",
                    "template-line-number": 158,
                    "node-pos": 87,
                    "part": "2",
                    "replacement-node": 43
                },
                {
                    "extras": {},
                    "name": "TaxesAccruedHead",
                    "template-line-number": 145,
                    "node-pos": 81,
                    "part": "3",
                    "replacement-node": 38
                }
            ],
            "name": "TaxesAccruedHead"
        },
        "rule-2": [
            {
                "template-line-number": 27,
                "node-pos": 10,
                "part": null,
                "replacement-node": 1
            }
        ],
        "rule-26": [
            {
                "template-line-number": 599,
                "node-pos": 232,
                "expression-node": 148,
                "part": null,
                "replacement-node": 147
            }
        ],
        "rule-10": [
            {
                "template-line-number": 79,
                "node-pos": 44,
                "expression-node": 26,
                "part": null,
                "replacement-node": 25
            }
        ],
        "rule-17": [
            {
                "template-line-number": 518,
                "node-pos": 196,
                "expression-node": 121,
                "part": null,
                "replacement-node": 120
            }
        ],
        "rule-7": [
            {
                "template-line-number": 66,
                "node-pos": 32,
                "part": null,
                "replacement-node": 16
            }
        ],
        "rule-12": [
            {
                "template-line-number": 95,
                "node-pos": 54,
                "part": null,
                "replacement-node": 31
            }
        ],
        "rule-15": [
            {
                "template-line-number": 500,
                "node-pos": 188,
                "expression-node": 115,
                "part": null,
                "replacement-node": 114
            }
        ],
        "rule-9": [
            {
                "template-line-number": 75,
                "node-pos": 40,
                "part": null,
                "replacement-node": 22
            }
        ],
        "rule-4": [
            {
                "template-line-number": 37,
                "node-pos": 18,
                "part": null,
                "replacement-node": 7
            }
        ],
        "rule-3": [
            {
                "template-line-number": 31,
                "node-pos": 14,
                "expression-node": 5,
                "part": null,
                "replacement-node": 4
            }
        ],
        "rule-22": [
            {
                "template-line-number": 563,
                "node-pos": 216,
                "expression-node": 136,
                "part": null,
                "replacement-node": 135
            }
        ],
        "rule-20": [
            {
                "template-line-number": 545,
                "node-pos": 208,
                "expression-node": 130,
                "part": null,
                "replacement-node": 129
            }
        ],
        "rule-6": [
            {
                "template-line-number": 55,
                "node-pos": 27,
                "part": null,
                "replacement-node": 13,
                "html": true
            }
        ],
        "rule-31": [
            {
                "template-line-number": 645,
                "node-pos": 255,
                "part": null,
                "replacement-node": 162
            }
        ],
        "rule-27": [
            {
                "template-line-number": 608,
                "node-pos": 236,
                "expression-node": 151,
                "part": null,
                "replacement-node": 150
            }
        ],
        "rule-25": [
            {
                "template-line-number": 590,
                "node-pos": 228,
                "expression-node": 145,
                "part": null,
                "replacement-node": 144
            }
        ],
        "rule-8": [
            {
                "template-line-number": 70,
                "node-pos": 36,
                "expression-node": 20,
                "part": null,
                "replacement-node": 19
            }
        ],
        "rule-24": [
            {
                "template-line-number": 581,
                "node-pos": 224,
                "expression-node": 142,
                "part": null,
                "replacement-node": 141
            }
        ],
        "rule-5": [
            {
                "template-line-number": 43,
                "node-pos": 22,
                "part": null,
                "replacement-node": 10,
                "html": true
            }
        ],
        "rule-18": [
            {
                "template-line-number": 527,
                "node-pos": 200,
                "expression-node": 124,
                "part": null,
                "replacement-node": 123
            }
        ],
        "rule-14": [
            {
                "template-line-number": 485,
                "node-pos": 180,
                "part": null,
                "replacement-node": 111
            }
        ],
        "rule-28": [
            {
                "template-line-number": 617,
                "node-pos": 240,
                "expression-node": 154,
                "part": null,
                "replacement-node": 153
            }
        ]
    },
    "showifs": {
        "rule-1": {
            "template-line-number": 17,
            "type": "showif"
        }
    },
    "line-numbers": {
        "TaxesAccrued": [
            {
                "start-number": 1,
                "template-line-number": 373,
                "line-number-node": 47
            }
        ]
    }
}