{
    "substitutions": {
        "rule-11": [
            {
                "part": null,
                "template-line-number": 112,
                "replacement-node": 28,
                "node-pos": 48,
                "expression-node": 29
            }
        ],
        "rule-15": [
            {
                "part": null,
                "template-line-number": 316,
                "replacement-node": 69,
                "node-pos": 119,
                "expression-node": 70
            }
        ],
        "rule-3": [
            {
                "part": null,
                "template-line-number": 36,
                "replacement-node": 4,
                "node-pos": 14,
                "expression-node": 5
            }
        ],
        "rule-26": [
            {
                "part": null,
                "template-line-number": 444,
                "replacement-node": 102,
                "node-pos": 171,
                "expression-node": 103
            }
        ],
        "rule-2": [
            {
                "part": null,
                "template-line-number": 29,
                "replacement-node": 1,
                "node-pos": 10
            }
        ],
        "rule-7": [
            {
                "part": null,
                "template-line-number": 85,
                "replacement-node": 16,
                "node-pos": 32
            }
        ],
        "rule-17": [
            {
                "part": null,
                "template-line-number": 336,
                "replacement-node": 75,
                "node-pos": 127,
                "expression-node": 76
            }
        ],
        "rule-29": [
            {
                "part": null,
                "template-line-number": 476,
                "replacement-node": 111,
                "node-pos": 185
            }
        ],
        "rule-24": [
            {
                "part": null,
                "template-line-number": 424,
                "replacement-node": 96,
                "node-pos": 163,
                "expression-node": 97
            }
        ],
        "rule-31": {
            "subs": [
                {
                    "part": "2",
                    "template-line-number": 244,
                    "expression-node": 49,
                    "replacement-node": 48,
                    "node-pos": 88,
                    "name": "SalesOfElectricityByRateSchedule"
                },
                {
                    "part": "3",
                    "template-line-number": 254,
                    "expression-node": 52,
                    "replacement-node": 51,
                    "node-pos": 92,
                    "name": "SalesOfElectricityByRateSchedule"
                },
                {
                    "part": "4",
                    "template-line-number": 263,
                    "expression-node": 55,
                    "replacement-node": 54,
                    "node-pos": 96,
                    "name": "SalesOfElectricityByRateSchedule"
                },
                {
                    "part": "5",
                    "template-line-number": 271,
                    "expression-node": 58,
                    "replacement-node": 57,
                    "node-pos": 100,
                    "name": "SalesOfElectricityByRateSchedule"
                },
                {
                    "part": "6",
                    "template-line-number": 282,
                    "expression-node": 61,
                    "replacement-node": 60,
                    "node-pos": 104,
                    "name": "SalesOfElectricityByRateSchedule"
                },
                {
                    "part": "7",
                    "template-line-number": 291,
                    "expression-node": 64,
                    "replacement-node": 63,
                    "node-pos": 108,
                    "name": "SalesOfElectricityByRateSchedule"
                }
            ],
            "name": "SalesOfElectricityByRateSchedule"
        },
        "rule-20": [
            {
                "part": null,
                "template-line-number": 372,
                "replacement-node": 84,
                "node-pos": 142,
                "expression-node": 85
            }
        ],
        "rule-5": [
            {
                "part": null,
                "html": true,
                "template-line-number": 51,
                "replacement-node": 10,
                "node-pos": 22
            }
        ],
        "rule-13": [
            {
                "part": null,
                "html": true,
                "template-line-number": 134,
                "replacement-node": 34,
                "node-pos": 59
            }
        ],
        "rule-28": [
            {
                "part": null,
                "template-line-number": 466,
                "replacement-node": 108,
                "node-pos": 181
            }
        ],
        "rule-14": [
            {
                "part": null,
                "template-line-number": 306,
                "replacement-node": 66,
                "node-pos": 115,
                "expression-node": 67
            }
        ],
        "rule-30": {
            "subs": [
                {
                    "part": "1",
                    "template-line-number": 165,
                    "extras": {},
                    "replacement-node": 38,
                    "node-pos": 74,
                    "name": "ColumnHeadings"
                },
                {
                    "part": "2",
                    "template-line-number": 172,
                    "extras": {},
                    "replacement-node": 41,
                    "node-pos": 78,
                    "name": "ColumnHeadings"
                }
            ],
            "name": "ColumnHeadings"
        },
        "rule-4": [
            {
                "part": null,
                "template-line-number": 43,
                "replacement-node": 7,
                "node-pos": 18
            }
        ],
        "rule-18": [
            {
                "part": null,
                "template-line-number": 346,
                "replacement-node": 78,
                "node-pos": 131,
                "expression-node": 79
            }
        ],
        "rule-9": [
            {
                "part": null,
                "template-line-number": 99,
                "replacement-node": 22,
                "node-pos": 40
            }
        ],
        "rule-19": [
            {
                "part": null,
                "template-line-number": 362,
                "replacement-node": 81,
                "node-pos": 138,
                "expression-node": 82
            }
        ],
        "rule-25": [
            {
                "part": null,
                "template-line-number": 434,
                "replacement-node": 99,
                "node-pos": 167,
                "expression-node": 100
            }
        ],
        "rule-12": [
            {
                "part": null,
                "template-line-number": 123,
                "replacement-node": 31,
                "node-pos": 54
            }
        ],
        "rule-10": [
            {
                "part": null,
                "template-line-number": 106,
                "replacement-node": 25,
                "node-pos": 44,
                "expression-node": 26
            }
        ],
        "rule-8": [
            {
                "part": null,
                "template-line-number": 92,
                "replacement-node": 19,
                "node-pos": 36,
                "expression-node": 20
            }
        ],
        "rule-22": [
            {
                "part": null,
                "template-line-number": 404,
                "replacement-node": 90,
                "node-pos": 155,
                "expression-node": 91
            }
        ],
        "rule-21": [
            {
                "part": null,
                "template-line-number": 388,
                "replacement-node": 87,
                "node-pos": 148,
                "expression-node": 88
            }
        ],
        "rule-27": [
            {
                "part": null,
                "template-line-number": 459,
                "replacement-node": 105,
                "node-pos": 177,
                "expression-node": 106
            }
        ],
        "rule-23": [
            {
                "part": null,
                "template-line-number": 414,
                "replacement-node": 93,
                "node-pos": 159,
                "expression-node": 94
            }
        ],
        "rule-16": [
            {
                "part": null,
                "template-line-number": 326,
                "replacement-node": 72,
                "node-pos": 123,
                "expression-node": 73
            }
        ],
        "rule-6": [
            {
                "part": null,
                "html": true,
                "template-line-number": 67,
                "replacement-node": 13,
                "node-pos": 27
            }
        ]
    },
    "line-numbers": {
        "SalesOfElectricityByRateSchedule": [
            {
                "template-line-number": 236,
                "line-number-node": 45,
                "start-number": 1
            }
        ]
    },
    "showifs": {
        "rule-1": {
            "type": "showif",
            "template-line-number": 15
        }
    }
}