{
    "showifs": {
        "rule-1": {
            "template-line-number": 17,
            "type": "showif"
        }
    },
    "line-numbers": {
        "RegulatoryCommissionExpenses": [
            {
                "line-number-node": 47,
                "start-number": 1,
                "template-line-number": 237
            }
        ]
    },
    "substitutions": {
        "rule-10": [
            {
                "template-line-number": 79,
                "replacement-node": 25,
                "part": null,
                "node-pos": 44,
                "expression-node": 26
            }
        ],
        "rule-19": [
            {
                "template-line-number": 373,
                "replacement-node": 100,
                "part": null,
                "node-pos": 164,
                "expression-node": 101
            }
        ],
        "rule-11": [
            {
                "template-line-number": 84,
                "replacement-node": 28,
                "part": null,
                "node-pos": 48,
                "expression-node": 29
            }
        ],
        "rule-22": [
            {
                "template-line-number": 404,
                "replacement-node": 109,
                "part": null,
                "node-pos": 177,
                "expression-node": 110
            }
        ],
        "rule-23": [
            {
                "template-line-number": 418,
                "replacement-node": 112,
                "part": null,
                "node-pos": 183,
                "expression-node": 113
            }
        ],
        "rule-20": [
            {
                "template-line-number": 383,
                "replacement-node": 103,
                "part": null,
                "node-pos": 168,
                "expression-node": 104
            }
        ],
        "rule-13": [
            {
                "template-line-number": 105,
                "replacement-node": 34,
                "html": true,
                "part": null,
                "node-pos": 59
            }
        ],
        "rule-12": [
            {
                "template-line-number": 94,
                "replacement-node": 31,
                "part": null,
                "node-pos": 54
            }
        ],
        "rule-6": [
            {
                "template-line-number": 55,
                "replacement-node": 13,
                "html": true,
                "part": null,
                "node-pos": 27
            }
        ],
        "rule-5": [
            {
                "template-line-number": 43,
                "replacement-node": 10,
                "html": true,
                "part": null,
                "node-pos": 22
            }
        ],
        "rule-25": [
            {
                "template-line-number": 432,
                "replacement-node": 118,
                "part": null,
                "node-pos": 191
            }
        ],
        "rule-16": [
            {
                "template-line-number": 341,
                "replacement-node": 91,
                "part": null,
                "node-pos": 150,
                "expression-node": 92
            }
        ],
        "rule-3": [
            {
                "template-line-number": 31,
                "replacement-node": 4,
                "part": null,
                "node-pos": 14,
                "expression-node": 5
            }
        ],
        "rule-7": [
            {
                "template-line-number": 66,
                "replacement-node": 16,
                "part": null,
                "node-pos": 32
            }
        ],
        "rule-27": {
            "name": "RegulatoryCommissionExpenses",
            "subs": [
                {
                    "replacement-node": 73,
                    "template-line-number": 289,
                    "node-pos": 123,
                    "expression-node": 74,
                    "name": "RegulatoryCommissionExpenses",
                    "part": "10"
                },
                {
                    "replacement-node": 76,
                    "template-line-number": 295,
                    "node-pos": 127,
                    "expression-node": 77,
                    "name": "RegulatoryCommissionExpenses",
                    "part": "11"
                },
                {
                    "replacement-node": 79,
                    "template-line-number": 301,
                    "node-pos": 131,
                    "expression-node": 80,
                    "name": "RegulatoryCommissionExpenses",
                    "part": "12"
                },
                {
                    "replacement-node": 82,
                    "template-line-number": 307,
                    "node-pos": 135,
                    "expression-node": 83,
                    "name": "RegulatoryCommissionExpenses",
                    "part": "13"
                },
                {
                    "replacement-node": 49,
                    "template-line-number": 241,
                    "node-pos": 91,
                    "expression-node": 50,
                    "name": "RegulatoryCommissionExpenses",
                    "part": "2"
                },
                {
                    "replacement-node": 52,
                    "template-line-number": 247,
                    "node-pos": 95,
                    "expression-node": 53,
                    "name": "RegulatoryCommissionExpenses",
                    "part": "3"
                },
                {
                    "replacement-node": 55,
                    "template-line-number": 253,
                    "node-pos": 99,
                    "expression-node": 56,
                    "name": "RegulatoryCommissionExpenses",
                    "part": "4"
                },
                {
                    "replacement-node": 58,
                    "template-line-number": 259,
                    "node-pos": 103,
                    "expression-node": 59,
                    "name": "RegulatoryCommissionExpenses",
                    "part": "5"
                },
                {
                    "replacement-node": 61,
                    "template-line-number": 265,
                    "node-pos": 107,
                    "expression-node": 62,
                    "name": "RegulatoryCommissionExpenses",
                    "part": "6"
                },
                {
                    "replacement-node": 64,
                    "template-line-number": 271,
                    "node-pos": 111,
                    "expression-node": 65,
                    "name": "RegulatoryCommissionExpenses",
                    "part": "7"
                },
                {
                    "replacement-node": 67,
                    "template-line-number": 277,
                    "node-pos": 115,
                    "expression-node": 68,
                    "name": "RegulatoryCommissionExpenses",
                    "part": "8"
                },
                {
                    "replacement-node": 70,
                    "template-line-number": 283,
                    "node-pos": 119,
                    "expression-node": 71,
                    "name": "RegulatoryCommissionExpenses",
                    "part": "9"
                }
            ]
        },
        "rule-24": [
            {
                "template-line-number": 423,
                "replacement-node": 115,
                "part": null,
                "node-pos": 187
            }
        ],
        "rule-14": [
            {
                "template-line-number": 318,
                "replacement-node": 85,
                "part": null,
                "node-pos": 141
            }
        ],
        "rule-15": [
            {
                "template-line-number": 331,
                "replacement-node": 88,
                "part": null,
                "node-pos": 146,
                "expression-node": 89
            }
        ],
        "rule-9": [
            {
                "template-line-number": 75,
                "replacement-node": 22,
                "part": null,
                "node-pos": 40
            }
        ],
        "rule-21": [
            {
                "template-line-number": 394,
                "replacement-node": 106,
                "part": null,
                "node-pos": 173,
                "expression-node": 107
            }
        ],
        "rule-18": [
            {
                "template-line-number": 361,
                "replacement-node": 97,
                "part": null,
                "node-pos": 158,
                "expression-node": 98
            }
        ],
        "rule-17": [
            {
                "template-line-number": 351,
                "replacement-node": 94,
                "part": null,
                "node-pos": 154,
                "expression-node": 95
            }
        ],
        "rule-26": {
            "name": "InvHeadings",
            "subs": [
                {
                    "replacement-node": 40,
                    "extras": {},
                    "node-pos": 78,
                    "template-line-number": 142,
                    "name": "InvHeadings",
                    "part": "1"
                },
                {
                    "replacement-node": 43,
                    "extras": {},
                    "node-pos": 82,
                    "template-line-number": 151,
                    "name": "InvHeadings",
                    "part": "2"
                },
                {
                    "replacement-node": 38,
                    "extras": {},
                    "node-pos": 76,
                    "template-line-number": 138,
                    "name": "InvHeadings",
                    "part": "3"
                }
            ]
        },
        "rule-4": [
            {
                "template-line-number": 37,
                "replacement-node": 7,
                "part": null,
                "node-pos": 18
            }
        ],
        "rule-2": [
            {
                "template-line-number": 27,
                "replacement-node": 1,
                "part": null,
                "node-pos": 10
            }
        ],
        "rule-8": [
            {
                "template-line-number": 70,
                "replacement-node": 19,
                "part": null,
                "node-pos": 36,
                "expression-node": 20
            }
        ]
    }
}