{
    "substitutions": {
        "rule-25": [
            {
                "replacement-node": 78,
                "node-pos": 126,
                "part": null,
                "template-line-number": 276
            }
        ],
        "rule-10": [
            {
                "replacement-node": 33,
                "node-pos": 60,
                "part": null,
                "template-line-number": 124
            }
        ],
        "rule-2": [
            {
                "replacement-node": 3,
                "node-pos": 16,
                "part": null,
                "template-line-number": 31
            }
        ],
        "rule-43": [
            {
                "replacement-node": 132,
                "expression-node": 133,
                "node-pos": 218,
                "part": null,
                "template-line-number": 482
            }
        ],
        "rule-28": [
            {
                "replacement-node": 87,
                "expression-node": 88,
                "node-pos": 140,
                "part": null,
                "template-line-number": 304
            }
        ],
        "rule-1": [
            {
                "replacement-node": 0,
                "expression-node": 1,
                "node-pos": 10,
                "part": null,
                "template-line-number": 23
            }
        ],
        "rule-8": [
            {
                "replacement-node": 24,
                "expression-node": 25,
                "node-pos": 47,
                "part": null,
                "template-line-number": 89
            }
        ],
        "rule-32": [
            {
                "replacement-node": 99,
                "expression-node": 100,
                "node-pos": 157,
                "part": null,
                "template-line-number": 343
            }
        ],
        "rule-12": [
            {
                "replacement-node": 39,
                "node-pos": 69,
                "part": null,
                "template-line-number": 143
            }
        ],
        "rule-34": [
            {
                "replacement-node": 105,
                "expression-node": 106,
                "node-pos": 166,
                "part": null,
                "template-line-number": 365
            }
        ],
        "rule-36": [
            {
                "replacement-node": 111,
                "expression-node": 112,
                "node-pos": 187,
                "part": null,
                "template-line-number": 411
            }
        ],
        "rule-27": [
            {
                "replacement-node": 84,
                "node-pos": 136,
                "part": null,
                "template-line-number": 296
            }
        ],
        "rule-15": [
            {
                "replacement-node": 48,
                "expression-node": 49,
                "node-pos": 82,
                "part": null,
                "template-line-number": 171
            }
        ],
        "rule-44": [
            {
                "replacement-node": 135,
                "node-pos": 222,
                "part": null,
                "template-line-number": 488
            }
        ],
        "rule-20": [
            {
                "replacement-node": 63,
                "node-pos": 103,
                "part": null,
                "template-line-number": 222
            }
        ],
        "rule-35": [
            {
                "replacement-node": 108,
                "node-pos": 183,
                "part": null,
                "template-line-number": 403
            }
        ],
        "rule-9": [
            {
                "replacement-node": 27,
                "node-pos": 51,
                "part": null,
                "template-line-number": 100
            }
        ],
        "rule-24": [
            {
                "replacement-node": 75,
                "node-pos": 121,
                "html": true,
                "part": null,
                "template-line-number": 264
            }
        ],
        "rule-17": [
            {
                "replacement-node": 54,
                "expression-node": 55,
                "node-pos": 90,
                "part": null,
                "template-line-number": 191
            }
        ],
        "rule-6": [
            {
                "replacement-node": 18,
                "expression-node": 19,
                "node-pos": 37,
                "part": null,
                "template-line-number": 73
            }
        ],
        "rule-26": [
            {
                "replacement-node": 81,
                "expression-node": 82,
                "node-pos": 131,
                "part": null,
                "template-line-number": 284
            }
        ],
        "rule-19": [
            {
                "replacement-node": 60,
                "expression-node": 61,
                "node-pos": 99,
                "part": null,
                "template-line-number": 211
            }
        ],
        "rule-21": [
            {
                "replacement-node": 66,
                "expression-node": 67,
                "node-pos": 107,
                "part": null,
                "template-line-number": 230
            }
        ],
        "rule-4": [
            {
                "replacement-node": 12,
                "node-pos": 29,
                "part": null,
                "template-line-number": 60
            }
        ],
        "rule-33": [
            {
                "replacement-node": 102,
                "node-pos": 162,
                "part": null,
                "template-line-number": 357
            }
        ],
        "rule-23": [
            {
                "replacement-node": 72,
                "node-pos": 116,
                "html": true,
                "part": null,
                "template-line-number": 252
            }
        ],
        "rule-46": {
            "subs": [
                {
                    "replacement-node": 9,
                    "node-pos": 25,
                    "template-line-number": 50,
                    "expression-node": 10,
                    "name": "RespondentLegalName",
                    "part": "1"
                }
            ],
            "name": "RespondentLegalName"
        },
        "rule-18": [
            {
                "replacement-node": 57,
                "node-pos": 95,
                "part": null,
                "template-line-number": 203
            }
        ],
        "rule-30": [
            {
                "replacement-node": 93,
                "expression-node": 94,
                "node-pos": 148,
                "part": null,
                "template-line-number": 323
            }
        ],
        "rule-41": [
            {
                "replacement-node": 126,
                "node-pos": 209,
                "part": null,
                "template-line-number": 461
            }
        ],
        "rule-22": [
            {
                "replacement-node": 69,
                "node-pos": 112,
                "part": null,
                "template-line-number": 242
            }
        ],
        "rule-16": [
            {
                "replacement-node": 51,
                "node-pos": 86,
                "part": null,
                "template-line-number": 183
            }
        ],
        "rule-40": [
            {
                "replacement-node": 123,
                "expression-node": 124,
                "node-pos": 204,
                "part": null,
                "template-line-number": 451
            }
        ],
        "rule-39": [
            {
                "replacement-node": 120,
                "node-pos": 200,
                "part": null,
                "template-line-number": 443
            }
        ],
        "rule-7": [
            {
                "replacement-node": 21,
                "node-pos": 42,
                "part": null,
                "template-line-number": 81
            }
        ],
        "rule-13": [
            {
                "replacement-node": 42,
                "expression-node": 43,
                "node-pos": 73,
                "part": null,
                "template-line-number": 151
            }
        ],
        "rule-45": [
            {
                "replacement-node": 138,
                "node-pos": 226,
                "part": null,
                "template-line-number": 497
            }
        ],
        "rule-14": [
            {
                "replacement-node": 45,
                "node-pos": 78,
                "part": null,
                "template-line-number": 163
            }
        ],
        "rule-37": [
            {
                "replacement-node": 114,
                "node-pos": 192,
                "part": null,
                "template-line-number": 423
            }
        ],
        "rule-31": [
            {
                "replacement-node": 96,
                "node-pos": 153,
                "part": null,
                "template-line-number": 335
            }
        ],
        "rule-11": [
            {
                "replacement-node": 36,
                "expression-node": 37,
                "node-pos": 65,
                "part": null,
                "template-line-number": 132
            }
        ],
        "rule-42": [
            {
                "replacement-node": 129,
                "expression-node": 130,
                "node-pos": 213,
                "part": null,
                "template-line-number": 469
            }
        ],
        "rule-29": [
            {
                "replacement-node": 90,
                "node-pos": 144,
                "part": null,
                "template-line-number": 315
            }
        ],
        "rule-38": [
            {
                "replacement-node": 117,
                "expression-node": 118,
                "node-pos": 196,
                "part": null,
                "template-line-number": 431
            }
        ],
        "rule-5": [
            {
                "replacement-node": 15,
                "expression-node": 16,
                "node-pos": 33,
                "part": null,
                "template-line-number": 68
            }
        ],
        "rule-3": [
            {
                "replacement-node": 6,
                "node-pos": 21,
                "part": null,
                "template-line-number": 42
            }
        ],
        "rule-47": {
            "subs": [
                {
                    "replacement-node": 30,
                    "node-pos": 55,
                    "template-line-number": 112,
                    "expression-node": 31,
                    "name": "NameChangeDate",
                    "part": "1"
                }
            ],
            "name": "NameChangeDate"
        }
    },
    "showifs": {},
    "line-numbers": {}
}