{
    "line-numbers": {},
    "showifs": {
        "rule-1": {
            "template-line-number": 18,
            "type": "showif"
        }
    },
    "substitutions": {
        "rule-3": [
            {
                "template-line-number": 36,
                "node-pos": 14,
                "part": null,
                "expression-node": 5,
                "replacement-node": 4
            }
        ],
        "rule-10": [
            {
                "template-line-number": 86,
                "node-pos": 44,
                "part": null,
                "expression-node": 26,
                "replacement-node": 25
            }
        ],
        "rule-15": [
            {
                "template-line-number": 394,
                "node-pos": 131,
                "part": null,
                "expression-node": 74,
                "replacement-node": 73
            }
        ],
        "rule-13": [
            {
                "template-line-number": 111,
                "node-pos": 59,
                "part": null,
                "html": true,
                "replacement-node": 34
            }
        ],
        "rule-18": [
            {
                "template-line-number": 420,
                "node-pos": 146,
                "part": null,
                "replacement-node": 82
            }
        ],
        "rule-17": [
            {
                "template-line-number": 411,
                "node-pos": 142,
                "part": null,
                "replacement-node": 79
            }
        ],
        "rule-14": [
            {
                "template-line-number": 384,
                "node-pos": 124,
                "part": null,
                "expression-node": 71,
                "replacement-node": 70
            }
        ],
        "rule-2": [
            {
                "template-line-number": 31,
                "node-pos": 10,
                "part": null,
                "replacement-node": 1
            }
        ],
        "rule-8": [
            {
                "template-line-number": 76,
                "node-pos": 36,
                "part": null,
                "expression-node": 20,
                "replacement-node": 19
            }
        ],
        "rule-19": {
            "name": "ElectricOperatingRevenuesHeadings",
            "subs": [
                {
                    "name": "ElectricOperatingRevenuesHeadings",
                    "node-pos": 77,
                    "part": "1",
                    "template-line-number": 144,
                    "extras": {},
                    "replacement-node": 38
                },
                {
                    "name": "ElectricOperatingRevenuesHeadings",
                    "node-pos": 81,
                    "part": "2",
                    "template-line-number": 151,
                    "extras": {},
                    "replacement-node": 41
                }
            ]
        },
        "rule-7": [
            {
                "template-line-number": 71,
                "node-pos": 32,
                "part": null,
                "replacement-node": 16
            }
        ],
        "rule-20": {
            "name": "ElectricOperatingRevenuesLineItems",
            "subs": [
                {
                    "name": "ElectricOperatingRevenuesLineItems",
                    "node-pos": 94,
                    "template-line-number": 323,
                    "part": "1",
                    "expression-node": 50,
                    "replacement-node": 49
                },
                {
                    "name": "ElectricOperatingRevenuesLineItems",
                    "node-pos": 87,
                    "part": "2",
                    "template-line-number": 309,
                    "extras": {},
                    "replacement-node": 45
                },
                {
                    "name": "ElectricOperatingRevenuesLineItems",
                    "node-pos": 98,
                    "template-line-number": 332,
                    "part": "2",
                    "expression-node": 53,
                    "replacement-node": 52
                },
                {
                    "name": "ElectricOperatingRevenuesLineItems",
                    "node-pos": 102,
                    "template-line-number": 340,
                    "part": "3",
                    "expression-node": 56,
                    "replacement-node": 55
                },
                {
                    "name": "ElectricOperatingRevenuesLineItems",
                    "node-pos": 106,
                    "template-line-number": 348,
                    "part": "4",
                    "expression-node": 59,
                    "replacement-node": 58
                },
                {
                    "name": "ElectricOperatingRevenuesLineItems",
                    "node-pos": 110,
                    "template-line-number": 356,
                    "part": "5",
                    "expression-node": 62,
                    "replacement-node": 61
                },
                {
                    "name": "ElectricOperatingRevenuesLineItems",
                    "node-pos": 92,
                    "part": "6",
                    "template-line-number": 318,
                    "extras": {},
                    "replacement-node": 47
                },
                {
                    "name": "ElectricOperatingRevenuesLineItems",
                    "node-pos": 114,
                    "template-line-number": 364,
                    "part": "6",
                    "expression-node": 65,
                    "replacement-node": 64
                },
                {
                    "name": "ElectricOperatingRevenuesLineItems",
                    "node-pos": 118,
                    "template-line-number": 372,
                    "part": "7",
                    "expression-node": 68,
                    "replacement-node": 67
                }
            ]
        },
        "rule-9": [
            {
                "template-line-number": 81,
                "node-pos": 40,
                "part": null,
                "replacement-node": 22
            }
        ],
        "rule-6": [
            {
                "template-line-number": 60,
                "node-pos": 27,
                "part": null,
                "html": true,
                "replacement-node": 13
            }
        ],
        "rule-5": [
            {
                "template-line-number": 48,
                "node-pos": 22,
                "part": null,
                "html": true,
                "replacement-node": 10
            }
        ],
        "rule-11": [
            {
                "template-line-number": 91,
                "node-pos": 48,
                "part": null,
                "expression-node": 29,
                "replacement-node": 28
            }
        ],
        "rule-12": [
            {
                "template-line-number": 100,
                "node-pos": 54,
                "part": null,
                "html": true,
                "replacement-node": 31
            }
        ],
        "rule-4": [
            {
                "template-line-number": 42,
                "node-pos": 18,
                "part": null,
                "replacement-node": 7
            }
        ],
        "rule-16": [
            {
                "template-line-number": 406,
                "node-pos": 138,
                "part": null,
                "expression-node": 77,
                "replacement-node": 76
            }
        ]
    }
}