{
    "substitutions": {
        "rule-16": [
            {
                "part": null,
                "replacement-node": 75,
                "node-pos": 131,
                "template-line-number": 399
            }
        ],
        "rule-4": [
            {
                "part": null,
                "replacement-node": 7,
                "node-pos": 18,
                "template-line-number": 42
            }
        ],
        "rule-8": [
            {
                "part": null,
                "replacement-node": 19,
                "expression-node": 20,
                "node-pos": 36,
                "template-line-number": 76
            }
        ],
        "rule-15": [
            {
                "part": null,
                "replacement-node": 72,
                "node-pos": 127,
                "template-line-number": 390
            }
        ],
        "rule-10": [
            {
                "part": null,
                "replacement-node": 25,
                "expression-node": 26,
                "node-pos": 44,
                "template-line-number": 86
            }
        ],
        "rule-12": [
            {
                "html": true,
                "part": null,
                "replacement-node": 31,
                "node-pos": 54,
                "template-line-number": 100
            }
        ],
        "rule-14": [
            {
                "part": null,
                "replacement-node": 69,
                "expression-node": 70,
                "node-pos": 123,
                "template-line-number": 385
            }
        ],
        "rule-6": [
            {
                "html": true,
                "part": null,
                "replacement-node": 13,
                "node-pos": 27,
                "template-line-number": 60
            }
        ],
        "rule-9": [
            {
                "part": null,
                "replacement-node": 22,
                "node-pos": 40,
                "template-line-number": 81
            }
        ],
        "rule-7": [
            {
                "part": null,
                "replacement-node": 16,
                "node-pos": 32,
                "template-line-number": 71
            }
        ],
        "rule-18": {
            "subs": [
                {
                    "name": "ElectricOperatingRevenuesHeadings",
                    "extras": {},
                    "part": "1",
                    "replacement-node": 38,
                    "node-pos": 77,
                    "template-line-number": 144
                },
                {
                    "name": "ElectricOperatingRevenuesHeadings",
                    "extras": {},
                    "part": "2",
                    "replacement-node": 41,
                    "node-pos": 81,
                    "template-line-number": 151
                }
            ],
            "name": "ElectricOperatingRevenuesHeadings"
        },
        "rule-3": [
            {
                "part": null,
                "replacement-node": 4,
                "expression-node": 5,
                "node-pos": 14,
                "template-line-number": 36
            }
        ],
        "rule-13": [
            {
                "html": true,
                "part": null,
                "replacement-node": 34,
                "node-pos": 59,
                "template-line-number": 111
            }
        ],
        "rule-17": {
            "subs": [
                {
                    "name": "ElectricOperatingRevenuesLineItems",
                    "extras": {},
                    "part": "1",
                    "replacement-node": 49,
                    "node-pos": 94,
                    "template-line-number": 323
                },
                {
                    "name": "ElectricOperatingRevenuesLineItems",
                    "extras": {},
                    "part": "2",
                    "replacement-node": 45,
                    "node-pos": 87,
                    "template-line-number": 309
                },
                {
                    "name": "ElectricOperatingRevenuesLineItems",
                    "part": "2",
                    "replacement-node": 51,
                    "expression-node": 52,
                    "node-pos": 97,
                    "template-line-number": 331
                },
                {
                    "name": "ElectricOperatingRevenuesLineItems",
                    "part": "3",
                    "replacement-node": 54,
                    "expression-node": 55,
                    "node-pos": 101,
                    "template-line-number": 339
                },
                {
                    "name": "ElectricOperatingRevenuesLineItems",
                    "part": "4",
                    "replacement-node": 57,
                    "expression-node": 58,
                    "node-pos": 105,
                    "template-line-number": 347
                },
                {
                    "name": "ElectricOperatingRevenuesLineItems",
                    "part": "5",
                    "replacement-node": 60,
                    "expression-node": 61,
                    "node-pos": 109,
                    "template-line-number": 355
                },
                {
                    "name": "ElectricOperatingRevenuesLineItems",
                    "extras": {},
                    "part": "6",
                    "replacement-node": 47,
                    "node-pos": 92,
                    "template-line-number": 318
                },
                {
                    "name": "ElectricOperatingRevenuesLineItems",
                    "part": "6",
                    "replacement-node": 63,
                    "expression-node": 64,
                    "node-pos": 113,
                    "template-line-number": 363
                },
                {
                    "name": "ElectricOperatingRevenuesLineItems",
                    "part": "7",
                    "replacement-node": 66,
                    "expression-node": 67,
                    "node-pos": 117,
                    "template-line-number": 371
                }
            ],
            "name": "ElectricOperatingRevenuesLineItems"
        },
        "rule-2": [
            {
                "part": null,
                "replacement-node": 1,
                "node-pos": 10,
                "template-line-number": 31
            }
        ],
        "rule-11": [
            {
                "part": null,
                "replacement-node": 28,
                "expression-node": 29,
                "node-pos": 48,
                "template-line-number": 91
            }
        ],
        "rule-5": [
            {
                "html": true,
                "part": null,
                "replacement-node": 10,
                "node-pos": 22,
                "template-line-number": 48
            }
        ]
    },
    "showifs": {
        "rule-1": {
            "type": "showif",
            "template-line-number": 18
        }
    },
    "line-numbers": {}
}