{
    "showifs": {
        "rule-1": {
            "template-line-number": 16,
            "type": "showif"
        }
    },
    "substitutions": {
        "rule-7": [
            {
                "template-line-number": 66,
                "node-pos": 32,
                "part": null,
                "replacement-node": 16
            }
        ],
        "rule-21": [
            {
                "template-line-number": 209,
                "node-pos": 105,
                "part": null,
                "replacement-node": 58
            }
        ],
        "rule-40": [
            {
                "template-line-number": 428,
                "node-pos": 203,
                "expression-node": 116,
                "part": null,
                "replacement-node": 115
            }
        ],
        "rule-8": [
            {
                "template-line-number": 71,
                "node-pos": 37,
                "expression-node": 20,
                "part": null,
                "replacement-node": 19
            }
        ],
        "rule-24": [
            {
                "template-line-number": 251,
                "node-pos": 125,
                "part": null,
                "replacement-node": 67
            }
        ],
        "rule-26": [
            {
                "template-line-number": 278,
                "node-pos": 137,
                "part": null,
                "replacement-node": 73
            }
        ],
        "rule-29": [
            {
                "template-line-number": 317,
                "node-pos": 155,
                "expression-node": 83,
                "part": null,
                "replacement-node": 82
            }
        ],
        "rule-41": [
            {
                "template-line-number": 437,
                "node-pos": 207,
                "expression-node": 119,
                "part": null,
                "replacement-node": 118
            }
        ],
        "rule-34": [
            {
                "template-line-number": 368,
                "node-pos": 177,
                "expression-node": 98,
                "part": null,
                "replacement-node": 97
            }
        ],
        "rule-33": [
            {
                "template-line-number": 358,
                "node-pos": 173,
                "part": null,
                "replacement-node": 94
            }
        ],
        "rule-37": [
            {
                "template-line-number": 395,
                "node-pos": 189,
                "expression-node": 107,
                "part": null,
                "replacement-node": 106
            }
        ],
        "rule-30": [
            {
                "template-line-number": 326,
                "node-pos": 159,
                "expression-node": 86,
                "part": null,
                "replacement-node": 85
            }
        ],
        "rule-39": [
            {
                "template-line-number": 419,
                "node-pos": 199,
                "expression-node": 113,
                "part": null,
                "replacement-node": 112
            }
        ],
        "rule-27": [
            {
                "template-line-number": 291,
                "node-pos": 143,
                "part": null,
                "replacement-node": 76
            }
        ],
        "rule-12": [
            {
                "template-line-number": 96,
                "node-pos": 56,
                "part": null,
                "replacement-node": 31
            }
        ],
        "rule-38": [
            {
                "template-line-number": 409,
                "node-pos": 195,
                "part": null,
                "replacement-node": 109
            }
        ],
        "rule-18": [
            {
                "template-line-number": 177,
                "node-pos": 90,
                "expression-node": 50,
                "part": null,
                "replacement-node": 49
            }
        ],
        "rule-43": [
            {
                "template-line-number": 537,
                "node-pos": 243,
                "expression-node": 144,
                "part": null,
                "replacement-node": 143
            }
        ],
        "rule-28": [
            {
                "template-line-number": 308,
                "node-pos": 151,
                "part": null,
                "replacement-node": 79
            }
        ],
        "rule-32": [
            {
                "template-line-number": 344,
                "node-pos": 167,
                "expression-node": 92,
                "part": null,
                "replacement-node": 91
            }
        ],
        "rule-6": [
            {
                "template-line-number": 55,
                "node-pos": 27,
                "part": null,
                "html": true,
                "replacement-node": 13
            }
        ],
        "rule-23": [
            {
                "template-line-number": 237,
                "node-pos": 120,
                "expression-node": 65,
                "part": null,
                "replacement-node": 64
            }
        ],
        "rule-31": [
            {
                "template-line-number": 335,
                "node-pos": 163,
                "expression-node": 89,
                "part": null,
                "replacement-node": 88
            }
        ],
        "rule-46": {
            "subs": [
                {
                    "template-line-number": 506,
                    "name": "VotingPowers",
                    "node-pos": 221,
                    "replacement-node": 128,
                    "part": "2",
                    "expression-node": 129
                },
                {
                    "template-line-number": 511,
                    "name": "VotingPowers",
                    "node-pos": 225,
                    "replacement-node": 131,
                    "part": "3",
                    "expression-node": 132
                },
                {
                    "template-line-number": 516,
                    "name": "VotingPowers",
                    "node-pos": 229,
                    "replacement-node": 134,
                    "part": "4",
                    "expression-node": 135
                },
                {
                    "template-line-number": 521,
                    "name": "VotingPowers",
                    "node-pos": 233,
                    "replacement-node": 137,
                    "part": "5",
                    "expression-node": 138
                },
                {
                    "template-line-number": 526,
                    "name": "VotingPowers",
                    "node-pos": 237,
                    "replacement-node": 140,
                    "part": "6",
                    "expression-node": 141
                }
            ],
            "name": "VotingPowers"
        },
        "rule-42": [
            {
                "template-line-number": 446,
                "node-pos": 211,
                "expression-node": 122,
                "part": null,
                "replacement-node": 121
            }
        ],
        "rule-13": [
            {
                "template-line-number": 107,
                "node-pos": 61,
                "part": null,
                "html": true,
                "replacement-node": 34
            }
        ],
        "rule-44": [
            {
                "template-line-number": 542,
                "node-pos": 247,
                "part": null,
                "replacement-node": 146
            }
        ],
        "rule-5": [
            {
                "template-line-number": 43,
                "node-pos": 22,
                "part": null,
                "html": true,
                "replacement-node": 10
            }
        ],
        "rule-3": [
            {
                "template-line-number": 31,
                "node-pos": 14,
                "expression-node": 5,
                "part": null,
                "replacement-node": 4
            }
        ],
        "rule-11": [
            {
                "template-line-number": 86,
                "node-pos": 50,
                "expression-node": 29,
                "part": null,
                "replacement-node": 28
            }
        ],
        "rule-19": [
            {
                "template-line-number": 186,
                "node-pos": 94,
                "part": null,
                "replacement-node": 52
            }
        ],
        "rule-17": [
            {
                "template-line-number": 169,
                "node-pos": 86,
                "expression-node": 47,
                "part": null,
                "replacement-node": 46
            }
        ],
        "rule-45": [
            {
                "template-line-number": 551,
                "node-pos": 251,
                "part": null,
                "replacement-node": 149
            }
        ],
        "rule-36": [
            {
                "template-line-number": 386,
                "node-pos": 185,
                "expression-node": 104,
                "part": null,
                "replacement-node": 103
            }
        ],
        "rule-20": [
            {
                "template-line-number": 197,
                "node-pos": 99,
                "expression-node": 56,
                "part": null,
                "replacement-node": 55
            }
        ],
        "rule-35": [
            {
                "template-line-number": 377,
                "node-pos": 181,
                "expression-node": 101,
                "part": null,
                "replacement-node": 100
            }
        ],
        "rule-14": [
            {
                "template-line-number": 137,
                "node-pos": 71,
                "part": null,
                "replacement-node": 37
            }
        ],
        "rule-2": [
            {
                "template-line-number": 26,
                "node-pos": 10,
                "part": null,
                "replacement-node": 1
            }
        ],
        "rule-15": [
            {
                "template-line-number": 148,
                "node-pos": 76,
                "expression-node": 41,
                "part": null,
                "replacement-node": 40
            }
        ],
        "rule-25": [
            {
                "template-line-number": 265,
                "node-pos": 131,
                "part": null,
                "replacement-node": 70
            }
        ],
        "rule-10": [
            {
                "template-line-number": 81,
                "node-pos": 46,
                "expression-node": 26,
                "part": null,
                "replacement-node": 25
            }
        ],
        "rule-16": [
            {
                "template-line-number": 157,
                "node-pos": 80,
                "part": null,
                "replacement-node": 43
            }
        ],
        "rule-22": [
            {
                "template-line-number": 226,
                "node-pos": 115,
                "part": null,
                "replacement-node": 61
            }
        ],
        "rule-4": [
            {
                "template-line-number": 37,
                "node-pos": 18,
                "part": null,
                "replacement-node": 7
            }
        ],
        "rule-9": [
            {
                "template-line-number": 76,
                "node-pos": 41,
                "part": null,
                "replacement-node": 22
            }
        ]
    },
    "line-numbers": {
        "VotingPowers": [
            {
                "template-line-number": 503,
                "line-number-node": 125,
                "start-number": 8
            }
        ]
    }
}