{
    "substitutions": {
        "rule-4": [
            {
                "template-line-number": 40,
                "part": null,
                "node-pos": 21,
                "html": true,
                "replacement-node": 9
            }
        ],
        "rule-2": [
            {
                "template-line-number": 25,
                "part": null,
                "node-pos": 13,
                "expression-node": 4,
                "replacement-node": 3
            }
        ],
        "rule-1": [
            {
                "template-line-number": 18,
                "part": null,
                "node-pos": 9,
                "replacement-node": 0
            }
        ],
        "rule-18": [
            {
                "template-line-number": 333,
                "part": null,
                "node-pos": 133,
                "replacement-node": 76
            }
        ],
        "rule-3": [
            {
                "template-line-number": 32,
                "part": null,
                "node-pos": 17,
                "replacement-node": 6
            }
        ],
        "rule-7": [
            {
                "template-line-number": 82,
                "part": null,
                "node-pos": 35,
                "expression-node": 19,
                "replacement-node": 18
            }
        ],
        "rule-15": [
            {
                "template-line-number": 302,
                "part": null,
                "node-pos": 119,
                "expression-node": 68,
                "replacement-node": 67
            }
        ],
        "rule-9": [
            {
                "template-line-number": 96,
                "part": null,
                "node-pos": 43,
                "expression-node": 25,
                "replacement-node": 24
            }
        ],
        "rule-14": [
            {
                "template-line-number": 293,
                "part": null,
                "node-pos": 115,
                "expression-node": 65,
                "replacement-node": 64
            }
        ],
        "rule-19": {
            "subs": [
                {
                    "template-line-number": 157,
                    "part": "1",
                    "extras": {},
                    "node-pos": 73,
                    "name": "ColumnHeadings",
                    "replacement-node": 37
                },
                {
                    "template-line-number": 164,
                    "part": "2",
                    "extras": {},
                    "node-pos": 77,
                    "name": "ColumnHeadings",
                    "replacement-node": 40
                }
            ],
            "name": "ColumnHeadings"
        },
        "rule-17": [
            {
                "template-line-number": 323,
                "part": null,
                "node-pos": 129,
                "replacement-node": 73
            }
        ],
        "rule-6": [
            {
                "template-line-number": 75,
                "part": null,
                "node-pos": 31,
                "replacement-node": 15
            }
        ],
        "rule-20": {
            "subs": [
                {
                    "template-line-number": 227,
                    "part": "2",
                    "node-pos": 86,
                    "expression-node": 47,
                    "name": "TransmissionOfElectricityIsoRto",
                    "replacement-node": 46
                },
                {
                    "template-line-number": 237,
                    "part": "3",
                    "node-pos": 90,
                    "expression-node": 50,
                    "name": "TransmissionOfElectricityIsoRto",
                    "replacement-node": 49
                },
                {
                    "template-line-number": 246,
                    "part": "4",
                    "node-pos": 94,
                    "expression-node": 53,
                    "name": "TransmissionOfElectricityIsoRto",
                    "replacement-node": 52
                },
                {
                    "template-line-number": 256,
                    "part": "5",
                    "node-pos": 98,
                    "expression-node": 56,
                    "name": "TransmissionOfElectricityIsoRto",
                    "replacement-node": 55
                },
                {
                    "template-line-number": 266,
                    "part": "6",
                    "node-pos": 102,
                    "expression-node": 59,
                    "name": "TransmissionOfElectricityIsoRto",
                    "replacement-node": 58
                }
            ],
            "name": "TransmissionOfElectricityIsoRto"
        },
        "rule-5": [
            {
                "template-line-number": 57,
                "part": null,
                "node-pos": 26,
                "html": true,
                "replacement-node": 12
            }
        ],
        "rule-11": [
            {
                "template-line-number": 115,
                "part": null,
                "node-pos": 53,
                "replacement-node": 30
            }
        ],
        "rule-16": [
            {
                "template-line-number": 316,
                "part": null,
                "node-pos": 125,
                "expression-node": 71,
                "replacement-node": 70
            }
        ],
        "rule-12": [
            {
                "template-line-number": 126,
                "part": null,
                "node-pos": 58,
                "html": true,
                "replacement-node": 33
            }
        ],
        "rule-10": [
            {
                "template-line-number": 102,
                "part": null,
                "node-pos": 47,
                "expression-node": 28,
                "replacement-node": 27
            }
        ],
        "rule-13": [
            {
                "template-line-number": 279,
                "part": null,
                "node-pos": 108,
                "replacement-node": 61
            }
        ],
        "rule-8": [
            {
                "template-line-number": 89,
                "part": null,
                "node-pos": 39,
                "replacement-node": 21
            }
        ]
    },
    "line-numbers": {
        "TransmissionOfElectricityIsoRto": [
            {
                "template-line-number": 222,
                "start-number": 1,
                "line-number-node": 44
            }
        ]
    },
    "showifs": {}
}