{
    "substitutions": {
        "rule-11": [
            {
                "replacement-node": 30,
                "template-line-number": 115,
                "part": null,
                "node-pos": 53
            }
        ],
        "rule-18": [
            {
                "replacement-node": 76,
                "template-line-number": 333,
                "part": null,
                "node-pos": 133
            }
        ],
        "rule-7": [
            {
                "replacement-node": 18,
                "template-line-number": 82,
                "part": null,
                "expression-node": 19,
                "node-pos": 35
            }
        ],
        "rule-2": [
            {
                "replacement-node": 3,
                "template-line-number": 25,
                "part": null,
                "expression-node": 4,
                "node-pos": 13
            }
        ],
        "rule-19": {
            "name": "TransmissionOfElectricityIsoRto",
            "subs": [
                {
                    "replacement-node": 46,
                    "template-line-number": 227,
                    "part": "2",
                    "name": "TransmissionOfElectricityIsoRto",
                    "node-pos": 86,
                    "expression-node": 47
                },
                {
                    "replacement-node": 49,
                    "template-line-number": 237,
                    "part": "3",
                    "name": "TransmissionOfElectricityIsoRto",
                    "node-pos": 90,
                    "expression-node": 50
                },
                {
                    "replacement-node": 52,
                    "template-line-number": 246,
                    "part": "4",
                    "name": "TransmissionOfElectricityIsoRto",
                    "node-pos": 94,
                    "expression-node": 53
                },
                {
                    "replacement-node": 55,
                    "template-line-number": 256,
                    "part": "5",
                    "name": "TransmissionOfElectricityIsoRto",
                    "node-pos": 98,
                    "expression-node": 56
                },
                {
                    "replacement-node": 58,
                    "template-line-number": 266,
                    "part": "6",
                    "name": "TransmissionOfElectricityIsoRto",
                    "node-pos": 102,
                    "expression-node": 59
                }
            ]
        },
        "rule-3": [
            {
                "replacement-node": 6,
                "template-line-number": 32,
                "part": null,
                "node-pos": 17
            }
        ],
        "rule-17": [
            {
                "replacement-node": 73,
                "template-line-number": 323,
                "part": null,
                "node-pos": 129
            }
        ],
        "rule-12": [
            {
                "replacement-node": 33,
                "template-line-number": 126,
                "part": null,
                "html": true,
                "node-pos": 58
            }
        ],
        "rule-8": [
            {
                "replacement-node": 21,
                "template-line-number": 89,
                "part": null,
                "node-pos": 39
            }
        ],
        "rule-20": {
            "name": "ColumnHeadings",
            "subs": [
                {
                    "replacement-node": 37,
                    "template-line-number": 157,
                    "part": "1",
                    "name": "ColumnHeadings",
                    "node-pos": 73,
                    "extras": {}
                },
                {
                    "replacement-node": 40,
                    "template-line-number": 164,
                    "part": "2",
                    "name": "ColumnHeadings",
                    "node-pos": 77,
                    "extras": {}
                }
            ]
        },
        "rule-5": [
            {
                "replacement-node": 12,
                "template-line-number": 57,
                "part": null,
                "html": true,
                "node-pos": 26
            }
        ],
        "rule-15": [
            {
                "replacement-node": 67,
                "template-line-number": 302,
                "part": null,
                "expression-node": 68,
                "node-pos": 119
            }
        ],
        "rule-4": [
            {
                "replacement-node": 9,
                "template-line-number": 40,
                "part": null,
                "html": true,
                "node-pos": 21
            }
        ],
        "rule-14": [
            {
                "replacement-node": 64,
                "template-line-number": 293,
                "part": null,
                "expression-node": 65,
                "node-pos": 115
            }
        ],
        "rule-16": [
            {
                "replacement-node": 70,
                "template-line-number": 316,
                "part": null,
                "expression-node": 71,
                "node-pos": 125
            }
        ],
        "rule-1": [
            {
                "replacement-node": 0,
                "template-line-number": 18,
                "part": null,
                "node-pos": 9
            }
        ],
        "rule-6": [
            {
                "replacement-node": 15,
                "template-line-number": 75,
                "part": null,
                "node-pos": 31
            }
        ],
        "rule-13": [
            {
                "replacement-node": 61,
                "template-line-number": 279,
                "part": null,
                "node-pos": 108
            }
        ],
        "rule-9": [
            {
                "replacement-node": 24,
                "template-line-number": 96,
                "part": null,
                "expression-node": 25,
                "node-pos": 43
            }
        ],
        "rule-10": [
            {
                "replacement-node": 27,
                "template-line-number": 102,
                "part": null,
                "expression-node": 28,
                "node-pos": 47
            }
        ]
    },
    "showifs": {},
    "line-numbers": {
        "TransmissionOfElectricityIsoRto": [
            {
                "line-number-node": 44,
                "template-line-number": 222,
                "start-number": 1
            }
        ]
    }
}