{
    "substitutions": {
        "rule-2": [
            {
                "template-line-number": 28,
                "part": null,
                "node-pos": 11,
                "replacement-node": 1
            }
        ],
        "rule-7": [
            {
                "template-line-number": 69,
                "part": null,
                "node-pos": 33,
                "replacement-node": 16
            }
        ],
        "rule-37": [
            {
                "node-pos": 341,
                "template-line-number": 730,
                "part": null,
                "expression-node": 182,
                "replacement-node": 181
            }
        ],
        "rule-19": [
            {
                "node-pos": 204,
                "template-line-number": 400,
                "part": null,
                "expression-node": 95,
                "replacement-node": 94
            }
        ],
        "rule-11": [
            {
                "node-pos": 49,
                "template-line-number": 89,
                "part": null,
                "expression-node": 29,
                "replacement-node": 28
            }
        ],
        "rule-44": [
            {
                "template-line-number": 828,
                "part": null,
                "node-pos": 392,
                "replacement-node": 202
            }
        ],
        "rule-15": [
            {
                "node-pos": 188,
                "template-line-number": 360,
                "part": null,
                "expression-node": 83,
                "replacement-node": 82
            }
        ],
        "rule-47": {
            "subs": [
                {
                    "replacement-node": 40,
                    "node-pos": 115,
                    "template-line-number": 191,
                    "part": "1",
                    "name": "ColumnHeadings",
                    "extras": {}
                },
                {
                    "replacement-node": 43,
                    "node-pos": 119,
                    "template-line-number": 199,
                    "part": "2",
                    "name": "ColumnHeadings",
                    "extras": {}
                },
                {
                    "replacement-node": 38,
                    "node-pos": 113,
                    "template-line-number": 187,
                    "part": "3",
                    "name": "ColumnHeadings",
                    "extras": {}
                }
            ],
            "name": "ColumnHeadings"
        },
        "rule-38": [
            {
                "node-pos": 353,
                "template-line-number": 752,
                "part": null,
                "expression-node": 185,
                "replacement-node": 184
            }
        ],
        "rule-46": {
            "subs": [
                {
                    "replacement-node": 130,
                    "node-pos": 265,
                    "expression-node": 131,
                    "template-line-number": 555,
                    "part": "10",
                    "name": "StatisticsOperations2"
                },
                {
                    "replacement-node": 133,
                    "node-pos": 269,
                    "expression-node": 134,
                    "template-line-number": 560,
                    "part": "11",
                    "name": "StatisticsOperations2"
                },
                {
                    "replacement-node": 106,
                    "node-pos": 233,
                    "expression-node": 107,
                    "template-line-number": 515,
                    "part": "2",
                    "name": "StatisticsOperations2"
                },
                {
                    "replacement-node": 109,
                    "node-pos": 237,
                    "expression-node": 110,
                    "template-line-number": 520,
                    "part": "3",
                    "name": "StatisticsOperations2"
                },
                {
                    "replacement-node": 112,
                    "node-pos": 241,
                    "expression-node": 113,
                    "template-line-number": 525,
                    "part": "4",
                    "name": "StatisticsOperations2"
                },
                {
                    "replacement-node": 115,
                    "node-pos": 245,
                    "expression-node": 116,
                    "template-line-number": 530,
                    "part": "5",
                    "name": "StatisticsOperations2"
                },
                {
                    "replacement-node": 118,
                    "node-pos": 249,
                    "expression-node": 119,
                    "template-line-number": 535,
                    "part": "6",
                    "name": "StatisticsOperations2"
                },
                {
                    "replacement-node": 121,
                    "node-pos": 253,
                    "expression-node": 122,
                    "template-line-number": 540,
                    "part": "7",
                    "name": "StatisticsOperations2"
                },
                {
                    "replacement-node": 124,
                    "node-pos": 257,
                    "expression-node": 125,
                    "template-line-number": 545,
                    "part": "8",
                    "name": "StatisticsOperations2"
                },
                {
                    "replacement-node": 127,
                    "node-pos": 261,
                    "expression-node": 128,
                    "template-line-number": 550,
                    "part": "9",
                    "name": "StatisticsOperations2"
                }
            ],
            "name": "StatisticsOperations2"
        },
        "rule-42": [
            {
                "node-pos": 384,
                "template-line-number": 814,
                "part": null,
                "expression-node": 197,
                "replacement-node": 196
            }
        ],
        "rule-24": [
            {
                "node-pos": 285,
                "template-line-number": 594,
                "part": null,
                "expression-node": 143,
                "replacement-node": 142
            }
        ],
        "rule-9": [
            {
                "template-line-number": 79,
                "part": null,
                "node-pos": 41,
                "replacement-node": 22
            }
        ],
        "rule-21": [
            {
                "node-pos": 212,
                "template-line-number": 420,
                "part": null,
                "expression-node": 101,
                "replacement-node": 100
            }
        ],
        "rule-43": [
            {
                "template-line-number": 819,
                "part": null,
                "node-pos": 388,
                "replacement-node": 199
            }
        ],
        "rule-41": [
            {
                "node-pos": 378,
                "template-line-number": 800,
                "part": null,
                "expression-node": 194,
                "replacement-node": 193
            }
        ],
        "rule-18": [
            {
                "node-pos": 200,
                "template-line-number": 390,
                "part": null,
                "expression-node": 92,
                "replacement-node": 91
            }
        ],
        "rule-4": [
            {
                "template-line-number": 40,
                "part": null,
                "node-pos": 19,
                "replacement-node": 7
            }
        ],
        "rule-16": [
            {
                "node-pos": 192,
                "template-line-number": 370,
                "part": null,
                "expression-node": 86,
                "replacement-node": 85
            }
        ],
        "rule-5": [
            {
                "html": true,
                "template-line-number": 46,
                "part": null,
                "node-pos": 23,
                "replacement-node": 10
            }
        ],
        "rule-8": [
            {
                "node-pos": 37,
                "template-line-number": 74,
                "part": null,
                "expression-node": 20,
                "replacement-node": 19
            }
        ],
        "rule-6": [
            {
                "html": true,
                "template-line-number": 58,
                "part": null,
                "node-pos": 28,
                "replacement-node": 13
            }
        ],
        "rule-32": [
            {
                "node-pos": 321,
                "template-line-number": 680,
                "part": null,
                "expression-node": 167,
                "replacement-node": 166
            }
        ],
        "rule-14": [
            {
                "node-pos": 184,
                "template-line-number": 350,
                "part": null,
                "expression-node": 80,
                "replacement-node": 79
            }
        ],
        "rule-20": [
            {
                "node-pos": 208,
                "template-line-number": 410,
                "part": null,
                "expression-node": 98,
                "replacement-node": 97
            }
        ],
        "rule-25": [
            {
                "node-pos": 289,
                "template-line-number": 604,
                "part": null,
                "expression-node": 146,
                "replacement-node": 145
            }
        ],
        "rule-27": [
            {
                "node-pos": 297,
                "template-line-number": 624,
                "part": null,
                "expression-node": 152,
                "replacement-node": 151
            }
        ],
        "rule-28": [
            {
                "node-pos": 301,
                "template-line-number": 634,
                "part": null,
                "expression-node": 155,
                "replacement-node": 154
            }
        ],
        "rule-17": [
            {
                "node-pos": 196,
                "template-line-number": 380,
                "part": null,
                "expression-node": 89,
                "replacement-node": 88
            }
        ],
        "rule-29": [
            {
                "node-pos": 305,
                "template-line-number": 644,
                "part": null,
                "expression-node": 158,
                "replacement-node": 157
            }
        ],
        "rule-23": [
            {
                "node-pos": 281,
                "template-line-number": 584,
                "part": null,
                "expression-node": 140,
                "replacement-node": 139
            }
        ],
        "rule-31": [
            {
                "node-pos": 317,
                "template-line-number": 670,
                "part": null,
                "expression-node": 164,
                "replacement-node": 163
            }
        ],
        "rule-22": [
            {
                "node-pos": 277,
                "template-line-number": 574,
                "part": null,
                "expression-node": 137,
                "replacement-node": 136
            }
        ],
        "rule-35": [
            {
                "node-pos": 333,
                "template-line-number": 710,
                "part": null,
                "expression-node": 176,
                "replacement-node": 175
            }
        ],
        "rule-34": [
            {
                "node-pos": 329,
                "template-line-number": 700,
                "part": null,
                "expression-node": 173,
                "replacement-node": 172
            }
        ],
        "rule-40": [
            {
                "node-pos": 371,
                "template-line-number": 786,
                "part": null,
                "expression-node": 191,
                "replacement-node": 190
            }
        ],
        "rule-30": [
            {
                "node-pos": 313,
                "template-line-number": 660,
                "part": null,
                "expression-node": 161,
                "replacement-node": 160
            }
        ],
        "rule-10": [
            {
                "node-pos": 45,
                "template-line-number": 84,
                "part": null,
                "expression-node": 26,
                "replacement-node": 25
            }
        ],
        "rule-39": [
            {
                "node-pos": 360,
                "template-line-number": 766,
                "part": null,
                "expression-node": 188,
                "replacement-node": 187
            }
        ],
        "rule-13": [
            {
                "html": true,
                "template-line-number": 110,
                "part": null,
                "node-pos": 60,
                "replacement-node": 34
            }
        ],
        "rule-36": [
            {
                "node-pos": 337,
                "template-line-number": 720,
                "part": null,
                "expression-node": 179,
                "replacement-node": 178
            }
        ],
        "rule-12": [
            {
                "template-line-number": 99,
                "part": null,
                "node-pos": 55,
                "replacement-node": 31
            }
        ],
        "rule-26": [
            {
                "node-pos": 293,
                "template-line-number": 614,
                "part": null,
                "expression-node": 149,
                "replacement-node": 148
            }
        ],
        "rule-33": [
            {
                "node-pos": 325,
                "template-line-number": 690,
                "part": null,
                "expression-node": 170,
                "replacement-node": 169
            }
        ],
        "rule-45": {
            "subs": [
                {
                    "replacement-node": 73,
                    "node-pos": 172,
                    "expression-node": 74,
                    "template-line-number": 330,
                    "part": "10",
                    "name": "StatisticsOperations"
                },
                {
                    "replacement-node": 76,
                    "node-pos": 176,
                    "expression-node": 77,
                    "template-line-number": 335,
                    "part": "11",
                    "name": "StatisticsOperations"
                },
                {
                    "replacement-node": 49,
                    "node-pos": 140,
                    "expression-node": 50,
                    "template-line-number": 290,
                    "part": "2",
                    "name": "StatisticsOperations"
                },
                {
                    "replacement-node": 52,
                    "node-pos": 144,
                    "expression-node": 53,
                    "template-line-number": 295,
                    "part": "3",
                    "name": "StatisticsOperations"
                },
                {
                    "replacement-node": 55,
                    "node-pos": 148,
                    "expression-node": 56,
                    "template-line-number": 300,
                    "part": "4",
                    "name": "StatisticsOperations"
                },
                {
                    "replacement-node": 58,
                    "node-pos": 152,
                    "expression-node": 59,
                    "template-line-number": 305,
                    "part": "5",
                    "name": "StatisticsOperations"
                },
                {
                    "replacement-node": 61,
                    "node-pos": 156,
                    "expression-node": 62,
                    "template-line-number": 310,
                    "part": "6",
                    "name": "StatisticsOperations"
                },
                {
                    "replacement-node": 64,
                    "node-pos": 160,
                    "expression-node": 65,
                    "template-line-number": 315,
                    "part": "7",
                    "name": "StatisticsOperations"
                },
                {
                    "replacement-node": 67,
                    "node-pos": 164,
                    "expression-node": 68,
                    "template-line-number": 320,
                    "part": "8",
                    "name": "StatisticsOperations"
                },
                {
                    "replacement-node": 70,
                    "node-pos": 168,
                    "expression-node": 71,
                    "template-line-number": 325,
                    "part": "9",
                    "name": "StatisticsOperations"
                }
            ],
            "name": "StatisticsOperations"
        },
        "rule-3": [
            {
                "node-pos": 15,
                "template-line-number": 34,
                "part": null,
                "expression-node": 5,
                "replacement-node": 4
            }
        ]
    },
    "showifs": {
        "rule-1": {
            "template-line-number": 18,
            "type": "showif"
        }
    },
    "line-numbers": {
        "StatisticsOperations": [
            {
                "start-number": 1,
                "template-line-number": 287,
                "line-number-node": 47
            }
        ],
        "StatisticsOperations2": [
            {
                "start-number": 16,
                "template-line-number": 511,
                "line-number-node": 104
            }
        ]
    }
}