{
    "substitutions": {
        "rule-32": [
            {
                "template-line-number": 838,
                "replacement-node": 185,
                "part": null,
                "node-pos": 331
            }
        ],
        "rule-12": [
            {
                "template-line-number": 94,
                "replacement-node": 31,
                "part": null,
                "node-pos": 54
            }
        ],
        "rule-6": [
            {
                "template-line-number": 55,
                "html": true,
                "replacement-node": 13,
                "part": null,
                "node-pos": 27
            }
        ],
        "rule-49": {
            "subs": [
                {
                    "template-line-number": 1008,
                    "replacement-node": 215,
                    "name": "OtherLongTermDebtLineItems",
                    "node-pos": 382,
                    "expression-node": 216,
                    "part": "10"
                },
                {
                    "template-line-number": 960,
                    "replacement-node": 194,
                    "name": "OtherLongTermDebtLineItems",
                    "node-pos": 353,
                    "expression-node": 195,
                    "part": "2"
                },
                {
                    "template-line-number": 966,
                    "replacement-node": 197,
                    "name": "OtherLongTermDebtLineItems",
                    "node-pos": 357,
                    "expression-node": 198,
                    "part": "3"
                },
                {
                    "template-line-number": 972,
                    "replacement-node": 200,
                    "name": "OtherLongTermDebtLineItems",
                    "node-pos": 361,
                    "expression-node": 201,
                    "part": "4"
                },
                {
                    "template-line-number": 978,
                    "replacement-node": 203,
                    "name": "OtherLongTermDebtLineItems",
                    "node-pos": 365,
                    "expression-node": 204,
                    "part": "5"
                },
                {
                    "template-line-number": 984,
                    "replacement-node": 206,
                    "name": "OtherLongTermDebtLineItems",
                    "node-pos": 369,
                    "expression-node": 207,
                    "part": "6"
                },
                {
                    "template-line-number": 990,
                    "replacement-node": 209,
                    "name": "OtherLongTermDebtLineItems",
                    "node-pos": 373,
                    "expression-node": 210,
                    "part": "7"
                },
                {
                    "template-line-number": 1002,
                    "replacement-node": 212,
                    "name": "OtherLongTermDebtLineItems",
                    "node-pos": 378,
                    "expression-node": 213,
                    "part": "9"
                }
            ],
            "name": "OtherLongTermDebtLineItems"
        },
        "rule-45": {
            "subs": [
                {
                    "template-line-number": 758,
                    "replacement-node": 170,
                    "name": "AdvancesLineItems",
                    "node-pos": 303,
                    "expression-node": 171,
                    "part": "10"
                },
                {
                    "template-line-number": 710,
                    "replacement-node": 149,
                    "name": "AdvancesLineItems",
                    "node-pos": 274,
                    "expression-node": 150,
                    "part": "2"
                },
                {
                    "template-line-number": 716,
                    "replacement-node": 152,
                    "name": "AdvancesLineItems",
                    "node-pos": 278,
                    "expression-node": 153,
                    "part": "3"
                },
                {
                    "template-line-number": 722,
                    "replacement-node": 155,
                    "name": "AdvancesLineItems",
                    "node-pos": 282,
                    "expression-node": 156,
                    "part": "4"
                },
                {
                    "template-line-number": 728,
                    "replacement-node": 158,
                    "name": "AdvancesLineItems",
                    "node-pos": 286,
                    "expression-node": 159,
                    "part": "5"
                },
                {
                    "template-line-number": 734,
                    "replacement-node": 161,
                    "name": "AdvancesLineItems",
                    "node-pos": 290,
                    "expression-node": 162,
                    "part": "6"
                },
                {
                    "template-line-number": 740,
                    "replacement-node": 164,
                    "name": "AdvancesLineItems",
                    "node-pos": 294,
                    "expression-node": 165,
                    "part": "7"
                },
                {
                    "template-line-number": 752,
                    "replacement-node": 167,
                    "name": "AdvancesLineItems",
                    "node-pos": 299,
                    "expression-node": 168,
                    "part": "9"
                }
            ],
            "name": "AdvancesLineItems"
        },
        "rule-20": [
            {
                "template-line-number": 380,
                "replacement-node": 91,
                "part": null,
                "node-pos": 170
            }
        ],
        "rule-24": [
            {
                "expression-node": 135,
                "template-line-number": 575,
                "replacement-node": 134,
                "part": null,
                "node-pos": 242
            }
        ],
        "rule-29": [
            {
                "expression-node": 177,
                "template-line-number": 796,
                "replacement-node": 176,
                "part": null,
                "node-pos": 315
            }
        ],
        "rule-15": [
            {
                "template-line-number": 304,
                "replacement-node": 77,
                "part": null,
                "node-pos": 144
            }
        ],
        "rule-13": [
            {
                "template-line-number": 105,
                "html": true,
                "replacement-node": 34,
                "part": null,
                "node-pos": 59
            }
        ],
        "rule-40": [
            {
                "expression-node": 271,
                "template-line-number": 1248,
                "replacement-node": 270,
                "part": null,
                "node-pos": 470
            }
        ],
        "rule-48": {
            "subs": [
                {
                    "template-line-number": 1100,
                    "extras": {},
                    "name": "LongTermDebtHeader",
                    "node-pos": 411,
                    "replacement-node": 231,
                    "part": "1"
                }
            ],
            "name": "LongTermDebtHeader"
        },
        "rule-7": [
            {
                "template-line-number": 66,
                "replacement-node": 16,
                "part": null,
                "node-pos": 32
            }
        ],
        "rule-31": [
            {
                "expression-node": 183,
                "template-line-number": 827,
                "replacement-node": 182,
                "part": null,
                "node-pos": 325
            }
        ],
        "rule-26": [
            {
                "template-line-number": 596,
                "replacement-node": 140,
                "part": null,
                "node-pos": 252
            }
        ],
        "rule-46": {
            "subs": [
                {
                    "template-line-number": 145,
                    "html": true,
                    "extras": {},
                    "name": "LongTermDebtHeadings",
                    "node-pos": 81,
                    "replacement-node": 40,
                    "part": "1"
                },
                {
                    "template-line-number": 154,
                    "extras": {},
                    "name": "LongTermDebtHeadings",
                    "node-pos": 85,
                    "replacement-node": 43,
                    "part": "2"
                },
                {
                    "template-line-number": 141,
                    "extras": {},
                    "name": "LongTermDebtHeadings",
                    "node-pos": 79,
                    "replacement-node": 38,
                    "part": "3"
                }
            ],
            "name": "LongTermDebtHeadings"
        },
        "rule-17": [
            {
                "expression-node": 84,
                "template-line-number": 336,
                "replacement-node": 83,
                "part": null,
                "node-pos": 156
            }
        ],
        "rule-19": [
            {
                "template-line-number": 368,
                "replacement-node": 89,
                "part": null,
                "node-pos": 167
            }
        ],
        "rule-35": [
            {
                "expression-node": 222,
                "template-line-number": 1049,
                "replacement-node": 221,
                "part": null,
                "node-pos": 394
            }
        ],
        "rule-51": {
            "subs": [
                {
                    "template-line-number": 295,
                    "replacement-node": 74,
                    "name": "BondsLineItems",
                    "node-pos": 139,
                    "expression-node": 75,
                    "part": "10"
                },
                {
                    "template-line-number": 247,
                    "replacement-node": 53,
                    "name": "BondsLineItems",
                    "node-pos": 110,
                    "expression-node": 54,
                    "part": "2"
                },
                {
                    "template-line-number": 253,
                    "replacement-node": 56,
                    "name": "BondsLineItems",
                    "node-pos": 114,
                    "expression-node": 57,
                    "part": "3"
                },
                {
                    "template-line-number": 259,
                    "replacement-node": 59,
                    "name": "BondsLineItems",
                    "node-pos": 118,
                    "expression-node": 60,
                    "part": "4"
                },
                {
                    "template-line-number": 265,
                    "replacement-node": 62,
                    "name": "BondsLineItems",
                    "node-pos": 122,
                    "expression-node": 63,
                    "part": "5"
                },
                {
                    "template-line-number": 271,
                    "replacement-node": 65,
                    "name": "BondsLineItems",
                    "node-pos": 126,
                    "expression-node": 66,
                    "part": "6"
                },
                {
                    "template-line-number": 277,
                    "replacement-node": 68,
                    "name": "BondsLineItems",
                    "node-pos": 130,
                    "expression-node": 69,
                    "part": "7"
                },
                {
                    "template-line-number": 289,
                    "replacement-node": 71,
                    "name": "BondsLineItems",
                    "node-pos": 135,
                    "expression-node": 72,
                    "part": "9"
                }
            ],
            "name": "BondsLineItems"
        },
        "rule-22": [
            {
                "expression-node": 129,
                "template-line-number": 554,
                "replacement-node": 128,
                "part": null,
                "node-pos": 233
            }
        ],
        "rule-38": [
            {
                "expression-node": 265,
                "template-line-number": 1227,
                "replacement-node": 264,
                "part": null,
                "node-pos": 461
            }
        ],
        "rule-33": [
            {
                "template-line-number": 858,
                "replacement-node": 187,
                "part": null,
                "node-pos": 334
            }
        ],
        "rule-4": [
            {
                "template-line-number": 37,
                "replacement-node": 7,
                "part": null,
                "node-pos": 18
            }
        ],
        "rule-23": [
            {
                "expression-node": 132,
                "template-line-number": 565,
                "replacement-node": 131,
                "part": null,
                "node-pos": 238
            }
        ],
        "rule-30": [
            {
                "expression-node": 180,
                "template-line-number": 807,
                "replacement-node": 179,
                "part": null,
                "node-pos": 320
            }
        ],
        "rule-37": [
            {
                "expression-node": 228,
                "template-line-number": 1080,
                "replacement-node": 227,
                "part": null,
                "node-pos": 404
            }
        ],
        "rule-8": [
            {
                "expression-node": 20,
                "template-line-number": 70,
                "replacement-node": 19,
                "part": null,
                "node-pos": 36
            }
        ],
        "rule-41": [
            {
                "expression-node": 274,
                "template-line-number": 1258,
                "replacement-node": 273,
                "part": null,
                "node-pos": 474
            }
        ],
        "rule-27": [
            {
                "template-line-number": 612,
                "replacement-node": 142,
                "part": null,
                "node-pos": 255
            }
        ],
        "rule-25": [
            {
                "expression-node": 138,
                "template-line-number": 585,
                "replacement-node": 137,
                "part": null,
                "node-pos": 246
            }
        ],
        "rule-36": [
            {
                "expression-node": 225,
                "template-line-number": 1060,
                "replacement-node": 224,
                "part": null,
                "node-pos": 399
            }
        ],
        "rule-9": [
            {
                "template-line-number": 75,
                "replacement-node": 22,
                "part": null,
                "node-pos": 40
            }
        ],
        "rule-5": [
            {
                "template-line-number": 43,
                "html": true,
                "replacement-node": 10,
                "part": null,
                "node-pos": 22
            }
        ],
        "rule-3": [
            {
                "expression-node": 5,
                "template-line-number": 31,
                "replacement-node": 4,
                "part": null,
                "node-pos": 14
            }
        ],
        "rule-43": [
            {
                "template-line-number": 1277,
                "replacement-node": 279,
                "part": null,
                "node-pos": 485
            }
        ],
        "rule-16": [
            {
                "expression-node": 81,
                "template-line-number": 324,
                "replacement-node": 80,
                "part": null,
                "node-pos": 151
            }
        ],
        "rule-21": [
            {
                "template-line-number": 530,
                "replacement-node": 125,
                "part": null,
                "node-pos": 226
            }
        ],
        "rule-14": [
            {
                "template-line-number": 166,
                "replacement-node": 46,
                "part": null,
                "node-pos": 91
            }
        ],
        "rule-44": [
            {
                "template-line-number": 1286,
                "replacement-node": 282,
                "part": null,
                "node-pos": 489
            }
        ],
        "rule-39": [
            {
                "expression-node": 268,
                "template-line-number": 1238,
                "replacement-node": 267,
                "part": null,
                "node-pos": 466
            }
        ],
        "rule-18": [
            {
                "expression-node": 87,
                "template-line-number": 357,
                "replacement-node": 86,
                "part": null,
                "node-pos": 161
            }
        ],
        "rule-10": [
            {
                "expression-node": 26,
                "template-line-number": 79,
                "replacement-node": 25,
                "part": null,
                "node-pos": 44
            }
        ],
        "rule-47": {
            "subs": [
                {
                    "template-line-number": 1212,
                    "replacement-node": 261,
                    "name": "LongTermDebtLineItems",
                    "node-pos": 452,
                    "expression-node": 262,
                    "part": "10"
                },
                {
                    "template-line-number": 1164,
                    "replacement-node": 237,
                    "name": "LongTermDebtLineItems",
                    "node-pos": 420,
                    "expression-node": 238,
                    "part": "2"
                },
                {
                    "template-line-number": 1170,
                    "replacement-node": 240,
                    "name": "LongTermDebtLineItems",
                    "node-pos": 424,
                    "expression-node": 241,
                    "part": "3"
                },
                {
                    "template-line-number": 1176,
                    "replacement-node": 243,
                    "name": "LongTermDebtLineItems",
                    "node-pos": 428,
                    "expression-node": 244,
                    "part": "4"
                },
                {
                    "template-line-number": 1182,
                    "replacement-node": 246,
                    "name": "LongTermDebtLineItems",
                    "node-pos": 432,
                    "expression-node": 247,
                    "part": "5"
                },
                {
                    "template-line-number": 1188,
                    "replacement-node": 249,
                    "name": "LongTermDebtLineItems",
                    "node-pos": 436,
                    "expression-node": 250,
                    "part": "6"
                },
                {
                    "template-line-number": 1194,
                    "replacement-node": 252,
                    "name": "LongTermDebtLineItems",
                    "node-pos": 440,
                    "expression-node": 253,
                    "part": "7"
                },
                {
                    "template-line-number": 1200,
                    "replacement-node": 255,
                    "name": "LongTermDebtLineItems",
                    "node-pos": 444,
                    "expression-node": 256,
                    "part": "8"
                },
                {
                    "template-line-number": 1206,
                    "replacement-node": 258,
                    "name": "LongTermDebtLineItems",
                    "node-pos": 448,
                    "expression-node": 259,
                    "part": "9"
                }
            ],
            "name": "LongTermDebtLineItems"
        },
        "rule-50": {
            "subs": [
                {
                    "template-line-number": 521,
                    "replacement-node": 122,
                    "name": "ReacquiredBondsLineItems",
                    "node-pos": 221,
                    "expression-node": 123,
                    "part": "10"
                },
                {
                    "template-line-number": 473,
                    "replacement-node": 98,
                    "name": "ReacquiredBondsLineItems",
                    "node-pos": 189,
                    "expression-node": 99,
                    "part": "2"
                },
                {
                    "template-line-number": 479,
                    "replacement-node": 101,
                    "name": "ReacquiredBondsLineItems",
                    "node-pos": 193,
                    "expression-node": 102,
                    "part": "3"
                },
                {
                    "template-line-number": 485,
                    "replacement-node": 104,
                    "name": "ReacquiredBondsLineItems",
                    "node-pos": 197,
                    "expression-node": 105,
                    "part": "4"
                },
                {
                    "template-line-number": 491,
                    "replacement-node": 107,
                    "name": "ReacquiredBondsLineItems",
                    "node-pos": 201,
                    "expression-node": 108,
                    "part": "5"
                },
                {
                    "template-line-number": 497,
                    "replacement-node": 110,
                    "name": "ReacquiredBondsLineItems",
                    "node-pos": 205,
                    "expression-node": 111,
                    "part": "6"
                },
                {
                    "template-line-number": 503,
                    "replacement-node": 113,
                    "name": "ReacquiredBondsLineItems",
                    "node-pos": 209,
                    "expression-node": 114,
                    "part": "7"
                },
                {
                    "template-line-number": 509,
                    "replacement-node": 116,
                    "name": "ReacquiredBondsLineItems",
                    "node-pos": 213,
                    "expression-node": 117,
                    "part": "8"
                },
                {
                    "template-line-number": 515,
                    "replacement-node": 119,
                    "name": "ReacquiredBondsLineItems",
                    "node-pos": 217,
                    "expression-node": 120,
                    "part": "9"
                }
            ],
            "name": "ReacquiredBondsLineItems"
        },
        "rule-11": [
            {
                "expression-node": 29,
                "template-line-number": 84,
                "replacement-node": 28,
                "part": null,
                "node-pos": 48
            }
        ],
        "rule-2": [
            {
                "template-line-number": 27,
                "replacement-node": 1,
                "part": null,
                "node-pos": 10
            }
        ],
        "rule-34": [
            {
                "template-line-number": 1017,
                "replacement-node": 218,
                "part": null,
                "node-pos": 387
            }
        ],
        "rule-42": [
            {
                "expression-node": 277,
                "template-line-number": 1272,
                "replacement-node": 276,
                "part": null,
                "node-pos": 481
            }
        ],
        "rule-28": [
            {
                "template-line-number": 767,
                "replacement-node": 173,
                "part": null,
                "node-pos": 308
            }
        ]
    },
    "showifs": {
        "rule-1": {
            "template-line-number": 17,
            "type": "showif"
        }
    },
    "line-numbers": {
        "ReacquiredBondsLineItems": [
            {
                "template-line-number": 459,
                "start-rule": "rule-52",
                "line-number-node": 95
            }
        ],
        "AdvancesLineItems": [
            {
                "template-line-number": 694,
                "start-rule": "rule-53",
                "line-number-node": 146
            }
        ],
        "LongTermDebtLineItems": [
            {
                "template-line-number": 1160,
                "start-number": 1,
                "line-number-node": 234
            }
        ],
        "BondsLineItems": [
            {
                "template-line-number": 243,
                "start-number": 2,
                "line-number-node": 50
            }
        ],
        "OtherLongTermDebtLineItems": [
            {
                "template-line-number": 940,
                "start-rule": "rule-54",
                "line-number-node": 191
            }
        ]
    }
}