{
    "substitutions": {
        "rule-13": [
            {
                "node-pos": 62,
                "html": true,
                "template-line-number": 108,
                "replacement-node": 34,
                "part": null
            }
        ],
        "rule-5": [
            {
                "node-pos": 23,
                "html": true,
                "template-line-number": 44,
                "replacement-node": 10,
                "part": null
            }
        ],
        "rule-17": [
            {
                "node-pos": 221,
                "template-line-number": 464,
                "replacement-node": 126,
                "part": null
            }
        ],
        "rule-6": [
            {
                "node-pos": 28,
                "html": true,
                "template-line-number": 56,
                "replacement-node": 13,
                "part": null
            }
        ],
        "rule-3": [
            {
                "expression-node": 5,
                "node-pos": 15,
                "template-line-number": 32,
                "replacement-node": 4,
                "part": null
            }
        ],
        "rule-14": [
            {
                "node-pos": 84,
                "template-line-number": 153,
                "replacement-node": 44,
                "part": null
            }
        ],
        "rule-21": {
            "name": "TaxClassificationLineItems",
            "subs": [
                {
                    "name": "TaxClassificationLineItems",
                    "replacement-node": 91,
                    "node-pos": 172,
                    "extras": {},
                    "template-line-number": 373,
                    "part": "1"
                },
                {
                    "name": "TaxClassificationLineItems",
                    "replacement-node": 93,
                    "node-pos": 175,
                    "expression-node": 94,
                    "template-line-number": 380,
                    "part": "2"
                },
                {
                    "name": "TaxClassificationLineItems",
                    "replacement-node": 96,
                    "node-pos": 179,
                    "expression-node": 97,
                    "template-line-number": 388,
                    "part": "3"
                },
                {
                    "name": "TaxClassificationLineItems",
                    "replacement-node": 99,
                    "node-pos": 183,
                    "expression-node": 100,
                    "template-line-number": 396,
                    "part": "4"
                },
                {
                    "name": "TaxClassificationLineItems",
                    "replacement-node": 102,
                    "node-pos": 187,
                    "expression-node": 103,
                    "template-line-number": 404,
                    "part": "5"
                },
                {
                    "name": "TaxClassificationLineItems",
                    "replacement-node": 105,
                    "node-pos": 191,
                    "expression-node": 106,
                    "template-line-number": 412,
                    "part": "6"
                },
                {
                    "name": "TaxClassificationLineItems",
                    "replacement-node": 111,
                    "node-pos": 199,
                    "expression-node": 112,
                    "template-line-number": 427,
                    "part": "6"
                },
                {
                    "name": "TaxClassificationLineItems",
                    "replacement-node": 117,
                    "node-pos": 207,
                    "expression-node": 118,
                    "template-line-number": 441,
                    "part": "6"
                },
                {
                    "name": "TaxClassificationLineItems",
                    "replacement-node": 120,
                    "node-pos": 211,
                    "expression-node": 121,
                    "template-line-number": 448,
                    "part": "6"
                },
                {
                    "name": "TaxClassificationLineItems",
                    "replacement-node": 108,
                    "node-pos": 195,
                    "expression-node": 109,
                    "template-line-number": 420,
                    "part": "7"
                },
                {
                    "name": "TaxClassificationLineItems",
                    "replacement-node": 114,
                    "node-pos": 203,
                    "expression-node": 115,
                    "template-line-number": 434,
                    "part": "7"
                }
            ]
        },
        "rule-9": [
            {
                "node-pos": 42,
                "template-line-number": 77,
                "replacement-node": 22,
                "part": null
            }
        ],
        "rule-10": [
            {
                "expression-node": 26,
                "node-pos": 47,
                "template-line-number": 82,
                "replacement-node": 25,
                "part": null
            }
        ],
        "rule-18": [
            {
                "node-pos": 225,
                "template-line-number": 473,
                "replacement-node": 129,
                "part": null
            }
        ],
        "rule-8": [
            {
                "expression-node": 20,
                "node-pos": 38,
                "template-line-number": 72,
                "replacement-node": 19,
                "part": null
            }
        ],
        "rule-20": {
            "name": "DeferredIncomeTaxesHeadings",
            "subs": [
                {
                    "name": "DeferredIncomeTaxesHeadings",
                    "replacement-node": 38,
                    "node-pos": 74,
                    "extras": {},
                    "template-line-number": 135,
                    "part": "1"
                },
                {
                    "name": "DeferredIncomeTaxesHeadings",
                    "replacement-node": 41,
                    "node-pos": 78,
                    "extras": {},
                    "template-line-number": 142,
                    "part": "2"
                }
            ]
        },
        "rule-15": [
            {
                "node-pos": 151,
                "template-line-number": 300,
                "replacement-node": 84,
                "part": null
            }
        ],
        "rule-12": [
            {
                "node-pos": 57,
                "template-line-number": 97,
                "replacement-node": 31,
                "part": null
            }
        ],
        "rule-4": [
            {
                "node-pos": 19,
                "template-line-number": 38,
                "replacement-node": 7,
                "part": null
            }
        ],
        "rule-11": [
            {
                "expression-node": 29,
                "node-pos": 51,
                "template-line-number": 87,
                "replacement-node": 28,
                "part": null
            }
        ],
        "rule-16": [
            {
                "expression-node": 124,
                "node-pos": 217,
                "template-line-number": 459,
                "replacement-node": 123,
                "part": null
            }
        ],
        "rule-2": [
            {
                "node-pos": 10,
                "template-line-number": 27,
                "replacement-node": 1,
                "part": null
            }
        ],
        "rule-7": [
            {
                "node-pos": 33,
                "template-line-number": 67,
                "replacement-node": 16,
                "part": null
            }
        ],
        "rule-19": {
            "name": "DeferredIncomeTaxesLineItems",
            "subs": [
                {
                    "name": "DeferredIncomeTaxesLineItems",
                    "replacement-node": 72,
                    "node-pos": 133,
                    "expression-node": 73,
                    "template-line-number": 270,
                    "part": "10"
                },
                {
                    "name": "DeferredIncomeTaxesLineItems",
                    "replacement-node": 75,
                    "node-pos": 137,
                    "expression-node": 76,
                    "template-line-number": 276,
                    "part": "11"
                },
                {
                    "name": "DeferredIncomeTaxesLineItems",
                    "replacement-node": 78,
                    "node-pos": 141,
                    "expression-node": 79,
                    "template-line-number": 282,
                    "part": "12"
                },
                {
                    "name": "DeferredIncomeTaxesLineItems",
                    "replacement-node": 81,
                    "node-pos": 145,
                    "expression-node": 82,
                    "template-line-number": 288,
                    "part": "13"
                },
                {
                    "name": "DeferredIncomeTaxesLineItems",
                    "replacement-node": 51,
                    "node-pos": 105,
                    "extras": {},
                    "template-line-number": 227,
                    "part": "2"
                },
                {
                    "name": "DeferredIncomeTaxesLineItems",
                    "replacement-node": 48,
                    "node-pos": 101,
                    "extras": {},
                    "template-line-number": 220,
                    "part": "3"
                },
                {
                    "name": "DeferredIncomeTaxesLineItems",
                    "replacement-node": 54,
                    "node-pos": 109,
                    "expression-node": 55,
                    "template-line-number": 234,
                    "part": "4"
                },
                {
                    "name": "DeferredIncomeTaxesLineItems",
                    "replacement-node": 57,
                    "node-pos": 113,
                    "expression-node": 58,
                    "template-line-number": 240,
                    "part": "5"
                },
                {
                    "name": "DeferredIncomeTaxesLineItems",
                    "replacement-node": 60,
                    "node-pos": 117,
                    "expression-node": 61,
                    "template-line-number": 246,
                    "part": "6"
                },
                {
                    "name": "DeferredIncomeTaxesLineItems",
                    "replacement-node": 63,
                    "node-pos": 121,
                    "expression-node": 64,
                    "template-line-number": 252,
                    "part": "7"
                },
                {
                    "name": "DeferredIncomeTaxesLineItems",
                    "replacement-node": 66,
                    "node-pos": 125,
                    "expression-node": 67,
                    "template-line-number": 258,
                    "part": "8"
                },
                {
                    "name": "DeferredIncomeTaxesLineItems",
                    "replacement-node": 69,
                    "node-pos": 129,
                    "expression-node": 70,
                    "template-line-number": 264,
                    "part": "9"
                }
            ]
        }
    },
    "line-numbers": {
        "TaxClassificationLineItems": [
            {
                "line-number-node": 88,
                "start-number": 9,
                "template-line-number": 365
            }
        ]
    },
    "showifs": {
        "rule-1": {
            "type": "showif",
            "template-line-number": 17
        }
    }
}