{
    "substitutions": {
        "rule-1": [
            {
                "node-pos": 9,
                "part": null,
                "template-line-number": 21,
                "replacement-node": 0
            }
        ],
        "rule-11": [
            {
                "node-pos": 56,
                "part": null,
                "template-line-number": 91,
                "replacement-node": 30
            }
        ],
        "rule-13": [
            {
                "node-pos": 83,
                "part": null,
                "template-line-number": 147,
                "replacement-node": 43
            }
        ],
        "rule-12": [
            {
                "node-pos": 61,
                "part": null,
                "template-line-number": 102,
                "replacement-node": 33,
                "html": true
            }
        ],
        "rule-17": [
            {
                "node-pos": 224,
                "part": null,
                "template-line-number": 467,
                "replacement-node": 128
            }
        ],
        "rule-4": [
            {
                "node-pos": 22,
                "part": null,
                "template-line-number": 38,
                "replacement-node": 9,
                "html": true
            }
        ],
        "rule-2": [
            {
                "node-pos": 14,
                "part": null,
                "expression-node": 4,
                "template-line-number": 26,
                "replacement-node": 3
            }
        ],
        "rule-14": [
            {
                "node-pos": 150,
                "part": null,
                "template-line-number": 294,
                "replacement-node": 83
            }
        ],
        "rule-15": [
            {
                "node-pos": 216,
                "part": null,
                "expression-node": 123,
                "template-line-number": 453,
                "replacement-node": 122
            }
        ],
        "rule-5": [
            {
                "node-pos": 27,
                "part": null,
                "template-line-number": 50,
                "replacement-node": 12,
                "html": true
            }
        ],
        "rule-10": [
            {
                "node-pos": 50,
                "part": null,
                "expression-node": 28,
                "template-line-number": 81,
                "replacement-node": 27
            }
        ],
        "rule-3": [
            {
                "node-pos": 18,
                "part": null,
                "template-line-number": 32,
                "replacement-node": 6
            }
        ],
        "rule-16": [
            {
                "node-pos": 220,
                "part": null,
                "template-line-number": 458,
                "replacement-node": 125
            }
        ],
        "rule-9": [
            {
                "node-pos": 46,
                "part": null,
                "expression-node": 25,
                "template-line-number": 76,
                "replacement-node": 24
            }
        ],
        "rule-19": {
            "name": "DeferredIncomeTaxesHeadings",
            "subs": [
                {
                    "part": "1",
                    "extras": {},
                    "node-pos": 73,
                    "name": "DeferredIncomeTaxesHeadings",
                    "template-line-number": 129,
                    "replacement-node": 37
                },
                {
                    "part": "2",
                    "extras": {},
                    "node-pos": 77,
                    "name": "DeferredIncomeTaxesHeadings",
                    "template-line-number": 136,
                    "replacement-node": 40
                }
            ]
        },
        "rule-6": [
            {
                "node-pos": 32,
                "part": null,
                "template-line-number": 61,
                "replacement-node": 15
            }
        ],
        "rule-8": [
            {
                "node-pos": 41,
                "part": null,
                "template-line-number": 71,
                "replacement-node": 21
            }
        ],
        "rule-7": [
            {
                "node-pos": 37,
                "part": null,
                "expression-node": 19,
                "template-line-number": 66,
                "replacement-node": 18
            }
        ],
        "rule-18": {
            "name": "TaxClassificationLineItems",
            "subs": [
                {
                    "part": "1",
                    "extras": {},
                    "node-pos": 171,
                    "name": "TaxClassificationLineItems",
                    "template-line-number": 367,
                    "replacement-node": 90
                },
                {
                    "part": "2",
                    "expression-node": 93,
                    "node-pos": 174,
                    "name": "TaxClassificationLineItems",
                    "template-line-number": 374,
                    "replacement-node": 92
                },
                {
                    "part": "3",
                    "expression-node": 96,
                    "node-pos": 178,
                    "name": "TaxClassificationLineItems",
                    "template-line-number": 382,
                    "replacement-node": 95
                },
                {
                    "part": "4",
                    "expression-node": 99,
                    "node-pos": 182,
                    "name": "TaxClassificationLineItems",
                    "template-line-number": 390,
                    "replacement-node": 98
                },
                {
                    "part": "5",
                    "expression-node": 102,
                    "node-pos": 186,
                    "name": "TaxClassificationLineItems",
                    "template-line-number": 398,
                    "replacement-node": 101
                },
                {
                    "part": "6",
                    "expression-node": 105,
                    "node-pos": 190,
                    "name": "TaxClassificationLineItems",
                    "template-line-number": 406,
                    "replacement-node": 104
                },
                {
                    "part": "6",
                    "expression-node": 111,
                    "node-pos": 198,
                    "name": "TaxClassificationLineItems",
                    "template-line-number": 421,
                    "replacement-node": 110
                },
                {
                    "part": "6",
                    "expression-node": 117,
                    "node-pos": 206,
                    "name": "TaxClassificationLineItems",
                    "template-line-number": 435,
                    "replacement-node": 116
                },
                {
                    "part": "6",
                    "expression-node": 120,
                    "node-pos": 210,
                    "name": "TaxClassificationLineItems",
                    "template-line-number": 442,
                    "replacement-node": 119
                },
                {
                    "part": "7",
                    "expression-node": 108,
                    "node-pos": 194,
                    "name": "TaxClassificationLineItems",
                    "template-line-number": 414,
                    "replacement-node": 107
                },
                {
                    "part": "7",
                    "expression-node": 114,
                    "node-pos": 202,
                    "name": "TaxClassificationLineItems",
                    "template-line-number": 428,
                    "replacement-node": 113
                }
            ]
        },
        "rule-20": {
            "name": "DeferredIncomeTaxesLineItems",
            "subs": [
                {
                    "part": "10",
                    "expression-node": 72,
                    "node-pos": 132,
                    "name": "DeferredIncomeTaxesLineItems",
                    "template-line-number": 264,
                    "replacement-node": 71
                },
                {
                    "part": "11",
                    "expression-node": 75,
                    "node-pos": 136,
                    "name": "DeferredIncomeTaxesLineItems",
                    "template-line-number": 270,
                    "replacement-node": 74
                },
                {
                    "part": "12",
                    "expression-node": 78,
                    "node-pos": 140,
                    "name": "DeferredIncomeTaxesLineItems",
                    "template-line-number": 276,
                    "replacement-node": 77
                },
                {
                    "part": "13",
                    "expression-node": 81,
                    "node-pos": 144,
                    "name": "DeferredIncomeTaxesLineItems",
                    "template-line-number": 282,
                    "replacement-node": 80
                },
                {
                    "part": "2",
                    "extras": {},
                    "node-pos": 104,
                    "name": "DeferredIncomeTaxesLineItems",
                    "template-line-number": 221,
                    "replacement-node": 50
                },
                {
                    "part": "3",
                    "extras": {},
                    "node-pos": 100,
                    "name": "DeferredIncomeTaxesLineItems",
                    "template-line-number": 214,
                    "replacement-node": 47
                },
                {
                    "part": "4",
                    "expression-node": 54,
                    "node-pos": 108,
                    "name": "DeferredIncomeTaxesLineItems",
                    "template-line-number": 228,
                    "replacement-node": 53
                },
                {
                    "part": "5",
                    "expression-node": 57,
                    "node-pos": 112,
                    "name": "DeferredIncomeTaxesLineItems",
                    "template-line-number": 234,
                    "replacement-node": 56
                },
                {
                    "part": "6",
                    "expression-node": 60,
                    "node-pos": 116,
                    "name": "DeferredIncomeTaxesLineItems",
                    "template-line-number": 240,
                    "replacement-node": 59
                },
                {
                    "part": "7",
                    "expression-node": 63,
                    "node-pos": 120,
                    "name": "DeferredIncomeTaxesLineItems",
                    "template-line-number": 246,
                    "replacement-node": 62
                },
                {
                    "part": "8",
                    "expression-node": 66,
                    "node-pos": 124,
                    "name": "DeferredIncomeTaxesLineItems",
                    "template-line-number": 252,
                    "replacement-node": 65
                },
                {
                    "part": "9",
                    "expression-node": 69,
                    "node-pos": 128,
                    "name": "DeferredIncomeTaxesLineItems",
                    "template-line-number": 258,
                    "replacement-node": 68
                }
            ]
        }
    },
    "line-numbers": {
        "TaxClassificationLineItems": [
            {
                "line-number-node": 87,
                "start-number": 9,
                "template-line-number": 359
            }
        ]
    },
    "showifs": {}
}