{
    "substitutions": {
        "rule-13": [
            {
                "replacement-node": 34,
                "template-line-number": 109,
                "html": true,
                "part": null,
                "node-pos": 60
            }
        ],
        "rule-4": [
            {
                "replacement-node": 7,
                "template-line-number": 39,
                "part": null,
                "node-pos": 19
            }
        ],
        "rule-11": [
            {
                "expression-node": 29,
                "replacement-node": 28,
                "template-line-number": 88,
                "part": null,
                "node-pos": 49
            }
        ],
        "rule-12": [
            {
                "replacement-node": 31,
                "template-line-number": 98,
                "part": null,
                "node-pos": 55
            }
        ],
        "rule-3": [
            {
                "expression-node": 5,
                "replacement-node": 4,
                "template-line-number": 33,
                "part": null,
                "node-pos": 15
            }
        ],
        "rule-7": [
            {
                "replacement-node": 16,
                "template-line-number": 68,
                "part": null,
                "node-pos": 33
            }
        ],
        "rule-2": [
            {
                "replacement-node": 1,
                "template-line-number": 28,
                "part": null,
                "node-pos": 11
            }
        ],
        "rule-8": [
            {
                "expression-node": 20,
                "replacement-node": 19,
                "template-line-number": 73,
                "part": null,
                "node-pos": 37
            }
        ],
        "rule-17": {
            "subs": [
                {
                    "name": "ADUndividedJIPropertyItems",
                    "node-pos": 85,
                    "extras": {},
                    "replacement-node": 45,
                    "template-line-number": 216,
                    "part": "1"
                },
                {
                    "name": "ADUndividedJIPropertyItems",
                    "node-pos": 90,
                    "extras": {},
                    "replacement-node": 49,
                    "template-line-number": 224,
                    "part": "1"
                },
                {
                    "name": "ADUndividedJIPropertyItems",
                    "node-pos": 94,
                    "replacement-node": 52,
                    "template-line-number": 231,
                    "expression-node": 53,
                    "part": "2"
                },
                {
                    "name": "ADUndividedJIPropertyItems",
                    "node-pos": 98,
                    "replacement-node": 55,
                    "template-line-number": 238,
                    "expression-node": 56,
                    "part": "3"
                },
                {
                    "name": "ADUndividedJIPropertyItems",
                    "node-pos": 102,
                    "replacement-node": 58,
                    "template-line-number": 245,
                    "expression-node": 59,
                    "part": "4"
                },
                {
                    "name": "ADUndividedJIPropertyItems",
                    "node-pos": 107,
                    "replacement-node": 62,
                    "template-line-number": 254,
                    "expression-node": 63,
                    "part": "5"
                },
                {
                    "name": "ADUndividedJIPropertyItems",
                    "node-pos": 111,
                    "replacement-node": 65,
                    "template-line-number": 261,
                    "expression-node": 66,
                    "part": "6"
                },
                {
                    "name": "ADUndividedJIPropertyItems",
                    "node-pos": 115,
                    "replacement-node": 68,
                    "template-line-number": 268,
                    "expression-node": 69,
                    "part": "7"
                }
            ],
            "name": "ADUndividedJIPropertyItems"
        },
        "rule-9": [
            {
                "replacement-node": 22,
                "template-line-number": 78,
                "part": null,
                "node-pos": 41
            }
        ],
        "rule-16": [
            {
                "replacement-node": 77,
                "template-line-number": 293,
                "part": null,
                "node-pos": 129
            }
        ],
        "rule-10": [
            {
                "expression-node": 26,
                "replacement-node": 25,
                "template-line-number": 83,
                "part": null,
                "node-pos": 45
            }
        ],
        "rule-18": {
            "subs": [
                {
                    "name": "ADUndividedJIPropertyHeadings",
                    "node-pos": 75,
                    "extras": {},
                    "replacement-node": 38,
                    "template-line-number": 140,
                    "part": "1"
                },
                {
                    "name": "ADUndividedJIPropertyHeadings",
                    "node-pos": 79,
                    "extras": {},
                    "replacement-node": 41,
                    "template-line-number": 147,
                    "part": "2"
                }
            ],
            "name": "ADUndividedJIPropertyHeadings"
        },
        "rule-5": [
            {
                "replacement-node": 10,
                "template-line-number": 45,
                "html": true,
                "part": null,
                "node-pos": 23
            }
        ],
        "rule-6": [
            {
                "replacement-node": 13,
                "template-line-number": 57,
                "html": true,
                "part": null,
                "node-pos": 28
            }
        ],
        "rule-15": [
            {
                "replacement-node": 74,
                "template-line-number": 284,
                "part": null,
                "node-pos": 125
            }
        ],
        "rule-14": [
            {
                "expression-node": 72,
                "replacement-node": 71,
                "template-line-number": 279,
                "part": null,
                "node-pos": 121
            }
        ]
    },
    "showifs": {
        "rule-1": {
            "template-line-number": 18,
            "type": "showif"
        }
    },
    "line-numbers": {}
}