{
    "substitutions": {
        "rule-14": [
            {
                "template-line-number": 479,
                "part": null,
                "replacement-node": 118,
                "node-pos": 207,
                "expression-node": 119
            }
        ],
        "rule-17": {
            "name": "ColumnHeadings",
            "subs": [
                {
                    "name": "ColumnHeadings",
                    "part": "1",
                    "replacement-node": 39,
                    "extras": {},
                    "template-line-number": 135,
                    "node-pos": 76
                },
                {
                    "name": "ColumnHeadings",
                    "part": "2",
                    "replacement-node": 42,
                    "extras": {},
                    "template-line-number": 144,
                    "node-pos": 80
                },
                {
                    "name": "ColumnHeadings",
                    "part": "3",
                    "replacement-node": 37,
                    "extras": {},
                    "template-line-number": 131,
                    "node-pos": 74
                }
            ]
        },
        "rule-15": [
            {
                "template-line-number": 484,
                "part": null,
                "replacement-node": 121,
                "node-pos": 211
            }
        ],
        "rule-18": {
            "name": "AmortizedLossLineItems",
            "subs": [
                {
                    "name": "AmortizedLossLineItems",
                    "part": "2",
                    "replacement-node": 49,
                    "template-line-number": 223,
                    "node-pos": 99,
                    "expression-node": 50
                },
                {
                    "name": "AmortizedLossLineItems",
                    "part": "3",
                    "replacement-node": 52,
                    "template-line-number": 228,
                    "node-pos": 103,
                    "expression-node": 53
                },
                {
                    "name": "AmortizedLossLineItems",
                    "part": "4",
                    "replacement-node": 55,
                    "template-line-number": 233,
                    "node-pos": 107,
                    "expression-node": 56
                },
                {
                    "name": "AmortizedLossLineItems",
                    "part": "5",
                    "replacement-node": 58,
                    "template-line-number": 238,
                    "node-pos": 111,
                    "expression-node": 59
                },
                {
                    "name": "AmortizedLossLineItems",
                    "part": "6",
                    "replacement-node": 61,
                    "template-line-number": 243,
                    "node-pos": 115,
                    "expression-node": 62
                },
                {
                    "name": "AmortizedLossLineItems",
                    "part": "7",
                    "replacement-node": 64,
                    "template-line-number": 248,
                    "node-pos": 119,
                    "expression-node": 65
                },
                {
                    "name": "AmortizedLossLineItems",
                    "part": "8",
                    "replacement-node": 67,
                    "template-line-number": 253,
                    "node-pos": 123,
                    "expression-node": 68
                }
            ]
        },
        "rule-2": [
            {
                "template-line-number": 25,
                "part": null,
                "replacement-node": 3,
                "node-pos": 13,
                "expression-node": 4
            }
        ],
        "rule-1": [
            {
                "template-line-number": 21,
                "part": null,
                "replacement-node": 0,
                "node-pos": 9
            }
        ],
        "rule-10": [
            {
                "template-line-number": 78,
                "part": null,
                "replacement-node": 27,
                "node-pos": 47,
                "expression-node": 28
            }
        ],
        "rule-11": [
            {
                "template-line-number": 88,
                "part": null,
                "replacement-node": 30,
                "node-pos": 53
            }
        ],
        "rule-8": [
            {
                "template-line-number": 69,
                "part": null,
                "replacement-node": 21,
                "node-pos": 39
            }
        ],
        "rule-16": [
            {
                "template-line-number": 493,
                "part": null,
                "replacement-node": 124,
                "node-pos": 215
            }
        ],
        "rule-9": [
            {
                "template-line-number": 73,
                "part": null,
                "replacement-node": 24,
                "node-pos": 43,
                "expression-node": 25
            }
        ],
        "rule-3": [
            {
                "template-line-number": 31,
                "part": null,
                "replacement-node": 6,
                "node-pos": 17
            }
        ],
        "rule-12": [
            {
                "template-line-number": 99,
                "part": null,
                "replacement-node": 33,
                "html": true,
                "node-pos": 58
            }
        ],
        "rule-4": [
            {
                "template-line-number": 37,
                "part": null,
                "replacement-node": 9,
                "html": true,
                "node-pos": 21
            }
        ],
        "rule-19": {
            "name": "RequiredDebtLineItems",
            "subs": [
                {
                    "name": "RequiredDebtLineItems",
                    "part": "2",
                    "replacement-node": 100,
                    "template-line-number": 442,
                    "node-pos": 180,
                    "expression-node": 101
                },
                {
                    "name": "RequiredDebtLineItems",
                    "part": "3",
                    "replacement-node": 103,
                    "template-line-number": 448,
                    "node-pos": 185,
                    "expression-node": 104
                },
                {
                    "name": "RequiredDebtLineItems",
                    "part": "4",
                    "replacement-node": 106,
                    "template-line-number": 453,
                    "node-pos": 189,
                    "expression-node": 107
                },
                {
                    "name": "RequiredDebtLineItems",
                    "part": "5",
                    "replacement-node": 109,
                    "template-line-number": 458,
                    "node-pos": 193,
                    "expression-node": 110
                },
                {
                    "name": "RequiredDebtLineItems",
                    "part": "6",
                    "replacement-node": 112,
                    "template-line-number": 463,
                    "node-pos": 197,
                    "expression-node": 113
                },
                {
                    "name": "RequiredDebtLineItems",
                    "part": "7",
                    "replacement-node": 115,
                    "template-line-number": 468,
                    "node-pos": 201,
                    "expression-node": 116
                }
            ]
        },
        "rule-13": [
            {
                "template-line-number": 261,
                "part": null,
                "replacement-node": 70,
                "node-pos": 128
            }
        ],
        "rule-20": {
            "name": "AmortizedGainLineItems",
            "subs": [
                {
                    "name": "AmortizedGainLineItems",
                    "part": "2",
                    "replacement-node": 76,
                    "template-line-number": 346,
                    "node-pos": 144,
                    "expression-node": 77
                },
                {
                    "name": "AmortizedGainLineItems",
                    "part": "3",
                    "replacement-node": 79,
                    "template-line-number": 351,
                    "node-pos": 148,
                    "expression-node": 80
                },
                {
                    "name": "AmortizedGainLineItems",
                    "part": "4",
                    "replacement-node": 82,
                    "template-line-number": 356,
                    "node-pos": 152,
                    "expression-node": 83
                },
                {
                    "name": "AmortizedGainLineItems",
                    "part": "5",
                    "replacement-node": 85,
                    "template-line-number": 361,
                    "node-pos": 156,
                    "expression-node": 86
                },
                {
                    "name": "AmortizedGainLineItems",
                    "part": "6",
                    "replacement-node": 88,
                    "template-line-number": 366,
                    "node-pos": 160,
                    "expression-node": 89
                },
                {
                    "name": "AmortizedGainLineItems",
                    "part": "7",
                    "replacement-node": 91,
                    "template-line-number": 371,
                    "node-pos": 164,
                    "expression-node": 92
                },
                {
                    "name": "AmortizedGainLineItems",
                    "part": "8",
                    "replacement-node": 94,
                    "template-line-number": 376,
                    "node-pos": 168,
                    "expression-node": 95
                }
            ]
        },
        "rule-5": [
            {
                "template-line-number": 49,
                "part": null,
                "replacement-node": 12,
                "html": true,
                "node-pos": 26
            }
        ],
        "rule-6": [
            {
                "template-line-number": 60,
                "part": null,
                "replacement-node": 15,
                "node-pos": 31
            }
        ],
        "rule-7": [
            {
                "template-line-number": 64,
                "part": null,
                "replacement-node": 18,
                "node-pos": 35,
                "expression-node": 19
            }
        ]
    },
    "line-numbers": {
        "AmortizedLossLineItems": [
            {
                "start-number": 2,
                "template-line-number": 220,
                "line-number-node": 46
            }
        ],
        "RequiredDebtLineItems": [
            {
                "start-number": 1,
                "template-line-number": 439,
                "line-number-node": 98
            }
        ],
        "AmortizedGainLineItems": [
            {
                "start-rule": "rule-21",
                "template-line-number": 335,
                "line-number-node": 73
            }
        ]
    },
    "showifs": {}
}