{
    "substitutions": {
        "rule-56": {
            "subs": [
                {
                    "part": "2",
                    "name": "CPRLineItems",
                    "replacement-node": 137,
                    "expression-node": 138,
                    "template-line-number": 764,
                    "node-pos": 235
                },
                {
                    "part": "3",
                    "name": "CPRLineItems",
                    "replacement-node": 140,
                    "expression-node": 141,
                    "template-line-number": 770,
                    "node-pos": 239
                }
            ],
            "name": "CPRLineItems"
        },
        "rule-48": {
            "subs": [
                {
                    "part": "1",
                    "extras": {},
                    "name": "InvHeadings",
                    "replacement-node": 40,
                    "template-line-number": 141,
                    "node-pos": 77
                },
                {
                    "part": "2",
                    "extras": {},
                    "name": "InvHeadings",
                    "replacement-node": 43,
                    "template-line-number": 150,
                    "node-pos": 81
                },
                {
                    "part": "3",
                    "extras": {},
                    "name": "InvHeadings",
                    "replacement-node": 38,
                    "template-line-number": 137,
                    "node-pos": 75
                }
            ],
            "name": "InvHeadings"
        },
        "rule-37": [
            {
                "part": null,
                "template-line-number": 993,
                "node-pos": 288,
                "replacement-node": 170
            }
        ],
        "rule-46": [
            {
                "part": null,
                "template-line-number": 1428,
                "node-pos": 374,
                "replacement-node": 224
            }
        ],
        "rule-24": [
            {
                "expression-node": 105,
                "part": null,
                "template-line-number": 505,
                "node-pos": 181,
                "replacement-node": 104
            }
        ],
        "rule-19": [
            {
                "part": null,
                "template-line-number": 350,
                "node-pos": 142,
                "replacement-node": 80
            }
        ],
        "rule-15": [
            {
                "part": null,
                "template-line-number": 232,
                "node-pos": 108,
                "replacement-node": 59
            }
        ],
        "rule-39": [
            {
                "part": null,
                "template-line-number": 1123,
                "node-pos": 312,
                "replacement-node": 185
            }
        ],
        "rule-3": [
            {
                "expression-node": 5,
                "part": null,
                "template-line-number": 31,
                "node-pos": 14,
                "replacement-node": 4
            }
        ],
        "rule-27": [
            {
                "part": null,
                "template-line-number": 625,
                "node-pos": 210,
                "replacement-node": 122
            }
        ],
        "rule-2": [
            {
                "part": null,
                "template-line-number": 27,
                "node-pos": 10,
                "replacement-node": 1
            }
        ],
        "rule-17": [
            {
                "part": null,
                "template-line-number": 259,
                "node-pos": 118,
                "replacement-node": 65
            }
        ],
        "rule-44": [
            {
                "expression-node": 210,
                "part": null,
                "template-line-number": 1358,
                "node-pos": 351,
                "replacement-node": 209
            }
        ],
        "rule-41": [
            {
                "part": null,
                "template-line-number": 1175,
                "node-pos": 322,
                "replacement-node": 191
            }
        ],
        "rule-45": [
            {
                "expression-node": 222,
                "part": null,
                "template-line-number": 1423,
                "node-pos": 370,
                "replacement-node": 221
            }
        ],
        "rule-33": [
            {
                "part": null,
                "template-line-number": 823,
                "node-pos": 254,
                "replacement-node": 149
            }
        ],
        "rule-54": {
            "subs": [
                {
                    "part": "2",
                    "name": "LifeInsuranceLineItems",
                    "replacement-node": 95,
                    "expression-node": 96,
                    "template-line-number": 464,
                    "node-pos": 167
                },
                {
                    "part": "3",
                    "name": "LifeInsuranceLineItems",
                    "replacement-node": 98,
                    "expression-node": 99,
                    "template-line-number": 470,
                    "node-pos": 171
                }
            ],
            "name": "LifeInsuranceLineItems"
        },
        "rule-34": [
            {
                "part": null,
                "template-line-number": 851,
                "node-pos": 257,
                "replacement-node": 151
            }
        ],
        "rule-30": [
            {
                "part": null,
                "template-line-number": 689,
                "node-pos": 223,
                "replacement-node": 130
            }
        ],
        "rule-5": [
            {
                "html": true,
                "part": null,
                "template-line-number": 43,
                "node-pos": 22,
                "replacement-node": 10
            }
        ],
        "rule-22": [
            {
                "part": null,
                "template-line-number": 397,
                "node-pos": 155,
                "replacement-node": 88
            }
        ],
        "rule-52": {
            "subs": [
                {
                    "part": "2",
                    "name": "InterestLineItems",
                    "replacement-node": 179,
                    "expression-node": 180,
                    "template-line-number": 1108,
                    "node-pos": 303
                },
                {
                    "part": "3",
                    "name": "InterestLineItems",
                    "replacement-node": 182,
                    "expression-node": 183,
                    "template-line-number": 1114,
                    "node-pos": 307
                }
            ],
            "name": "InterestLineItems"
        },
        "rule-4": [
            {
                "part": null,
                "template-line-number": 37,
                "node-pos": 18,
                "replacement-node": 7
            }
        ],
        "rule-40": [
            {
                "expression-node": 189,
                "part": null,
                "template-line-number": 1164,
                "node-pos": 317,
                "replacement-node": 188
            }
        ],
        "rule-20": [
            {
                "expression-node": 84,
                "part": null,
                "template-line-number": 371,
                "node-pos": 147,
                "replacement-node": 83
            }
        ],
        "rule-47": [
            {
                "part": null,
                "template-line-number": 1437,
                "node-pos": 378,
                "replacement-node": 227
            }
        ],
        "rule-28": [
            {
                "expression-node": 126,
                "part": null,
                "template-line-number": 654,
                "node-pos": 215,
                "replacement-node": 125
            }
        ],
        "rule-16": [
            {
                "expression-node": 63,
                "part": null,
                "template-line-number": 249,
                "node-pos": 113,
                "replacement-node": 62
            }
        ],
        "rule-13": [
            {
                "html": true,
                "part": null,
                "template-line-number": 105,
                "node-pos": 59,
                "replacement-node": 34
            }
        ],
        "rule-49": {
            "subs": [
                {
                    "part": "2",
                    "name": "DonationsLineItems",
                    "replacement-node": 74,
                    "expression-node": 75,
                    "template-line-number": 335,
                    "node-pos": 133
                },
                {
                    "part": "3",
                    "name": "DonationsLineItems",
                    "replacement-node": 77,
                    "expression-node": 78,
                    "template-line-number": 341,
                    "node-pos": 137
                }
            ],
            "name": "DonationsLineItems"
        },
        "rule-6": [
            {
                "html": true,
                "part": null,
                "template-line-number": 55,
                "node-pos": 27,
                "replacement-node": 13
            }
        ],
        "rule-53": {
            "subs": [
                {
                    "part": "2",
                    "name": "OtherInterestLineItems",
                    "replacement-node": 200,
                    "expression-node": 201,
                    "template-line-number": 1298,
                    "node-pos": 337
                },
                {
                    "part": "3",
                    "name": "OtherInterestLineItems",
                    "replacement-node": 203,
                    "expression-node": 204,
                    "template-line-number": 1304,
                    "node-pos": 341
                }
            ],
            "name": "OtherInterestLineItems"
        },
        "rule-35": [
            {
                "part": null,
                "template-line-number": 945,
                "node-pos": 278,
                "replacement-node": 164
            }
        ],
        "rule-8": [
            {
                "expression-node": 20,
                "part": null,
                "template-line-number": 70,
                "node-pos": 36,
                "replacement-node": 19
            }
        ],
        "rule-55": {
            "subs": [
                {
                    "part": "2",
                    "name": "OtherDeductionsLineItems",
                    "replacement-node": 158,
                    "expression-node": 159,
                    "template-line-number": 930,
                    "node-pos": 269
                },
                {
                    "part": "3",
                    "name": "OtherDeductionsLineItems",
                    "replacement-node": 161,
                    "expression-node": 162,
                    "template-line-number": 936,
                    "node-pos": 273
                }
            ],
            "name": "OtherDeductionsLineItems"
        },
        "rule-36": [
            {
                "expression-node": 168,
                "part": null,
                "template-line-number": 982,
                "node-pos": 283,
                "replacement-node": 167
            }
        ],
        "rule-21": [
            {
                "part": null,
                "template-line-number": 381,
                "node-pos": 152,
                "replacement-node": 86
            }
        ],
        "rule-12": [
            {
                "part": null,
                "template-line-number": 94,
                "node-pos": 54,
                "replacement-node": 31
            }
        ],
        "rule-43": [
            {
                "part": null,
                "template-line-number": 1313,
                "node-pos": 346,
                "replacement-node": 206
            }
        ],
        "rule-29": [
            {
                "part": null,
                "template-line-number": 665,
                "node-pos": 220,
                "replacement-node": 128
            }
        ],
        "rule-38": [
            {
                "part": null,
                "template-line-number": 1025,
                "node-pos": 291,
                "replacement-node": 172
            }
        ],
        "rule-18": [
            {
                "part": null,
                "template-line-number": 271,
                "node-pos": 121,
                "replacement-node": 67
            }
        ],
        "rule-7": [
            {
                "part": null,
                "template-line-number": 66,
                "node-pos": 32,
                "replacement-node": 16
            }
        ],
        "rule-50": {
            "subs": [
                {
                    "part": "2",
                    "name": "MiscAmortLineItems",
                    "replacement-node": 53,
                    "expression-node": 54,
                    "template-line-number": 217,
                    "node-pos": 99
                },
                {
                    "part": "3",
                    "name": "MiscAmortLineItems",
                    "replacement-node": 56,
                    "expression-node": 57,
                    "template-line-number": 223,
                    "node-pos": 103
                }
            ],
            "name": "MiscAmortLineItems"
        },
        "rule-26": [
            {
                "part": null,
                "template-line-number": 539,
                "node-pos": 189,
                "replacement-node": 109
            }
        ],
        "rule-31": [
            {
                "part": null,
                "template-line-number": 779,
                "node-pos": 244,
                "replacement-node": 143
            }
        ],
        "rule-42": [
            {
                "part": null,
                "template-line-number": 1211,
                "node-pos": 325,
                "replacement-node": 193
            }
        ],
        "rule-51": {
            "subs": [
                {
                    "part": "2",
                    "name": "PenaltiesLineItems",
                    "replacement-node": 116,
                    "expression-node": 117,
                    "template-line-number": 610,
                    "node-pos": 201
                },
                {
                    "part": "3",
                    "name": "PenaltiesLineItems",
                    "replacement-node": 119,
                    "expression-node": 120,
                    "template-line-number": 616,
                    "node-pos": 205
                }
            ],
            "name": "PenaltiesLineItems"
        },
        "rule-9": [
            {
                "part": null,
                "template-line-number": 75,
                "node-pos": 40,
                "replacement-node": 22
            }
        ],
        "rule-25": [
            {
                "part": null,
                "template-line-number": 519,
                "node-pos": 186,
                "replacement-node": 107
            }
        ],
        "rule-14": [
            {
                "part": null,
                "template-line-number": 163,
                "node-pos": 87,
                "replacement-node": 46
            }
        ],
        "rule-57": {
            "subs": [
                {
                    "part": "2",
                    "name": "DDAGP",
                    "replacement-node": 215,
                    "expression-node": 216,
                    "template-line-number": 1406,
                    "node-pos": 360
                },
                {
                    "part": "3",
                    "name": "DDAGP",
                    "replacement-node": 218,
                    "expression-node": 219,
                    "template-line-number": 1412,
                    "node-pos": 364
                }
            ],
            "name": "DDAGP"
        },
        "rule-32": [
            {
                "expression-node": 147,
                "part": null,
                "template-line-number": 812,
                "node-pos": 249,
                "replacement-node": 146
            }
        ],
        "rule-23": [
            {
                "part": null,
                "template-line-number": 479,
                "node-pos": 176,
                "replacement-node": 101
            }
        ],
        "rule-10": [
            {
                "expression-node": 26,
                "part": null,
                "template-line-number": 79,
                "node-pos": 44,
                "replacement-node": 25
            }
        ],
        "rule-11": [
            {
                "expression-node": 29,
                "part": null,
                "template-line-number": 84,
                "node-pos": 48,
                "replacement-node": 28
            }
        ]
    },
    "line-numbers": {
        "PenaltiesLineItems": [
            {
                "line-number-node": 113,
                "start-rule": "rule-60",
                "template-line-number": 589
            }
        ],
        "OtherDeductionsLineItems": [
            {
                "line-number-node": 155,
                "start-rule": "rule-62",
                "template-line-number": 901
            }
        ],
        "OtherInterestLineItems": [
            {
                "line-number-node": 197,
                "start-rule": "rule-64",
                "template-line-number": 1261
            }
        ],
        "CPRLineItems": [
            {
                "line-number-node": 134,
                "start-rule": "rule-61",
                "template-line-number": 739
            }
        ],
        "DonationsLineItems": [
            {
                "line-number-node": 71,
                "start-rule": "rule-58",
                "template-line-number": 321
            }
        ],
        "LifeInsuranceLineItems": [
            {
                "line-number-node": 92,
                "start-rule": "rule-59",
                "template-line-number": 447
            }
        ],
        "MiscAmortLineItems": [
            {
                "line-number-node": 50,
                "start-number": 2,
                "template-line-number": 213
            }
        ],
        "DDAGP": [
            {
                "line-number-node": 213,
                "start-number": 1,
                "template-line-number": 1402
            }
        ],
        "InterestLineItems": [
            {
                "line-number-node": 176,
                "start-rule": "rule-63",
                "template-line-number": 1075
            }
        ]
    },
    "showifs": {
        "rule-1": {
            "template-line-number": 17,
            "type": "showif"
        }
    }
}