{
    "substitutions": {
        "rule-5": [
            {
                "html": true,
                "replacement-node": 12,
                "part": null,
                "node-pos": 26,
                "template-line-number": 51
            }
        ],
        "rule-8": [
            {
                "replacement-node": 21,
                "part": null,
                "node-pos": 39,
                "template-line-number": 72
            }
        ],
        "rule-3": [
            {
                "replacement-node": 6,
                "part": null,
                "node-pos": 17,
                "template-line-number": 33
            }
        ],
        "rule-7": [
            {
                "replacement-node": 18,
                "part": null,
                "template-line-number": 67,
                "expression-node": 19,
                "node-pos": 35
            }
        ],
        "rule-1": [
            {
                "replacement-node": 0,
                "part": null,
                "node-pos": 9,
                "template-line-number": 22
            }
        ],
        "rule-13": [
            {
                "replacement-node": 74,
                "part": null,
                "template-line-number": 287,
                "expression-node": 75,
                "node-pos": 123
            }
        ],
        "rule-17": {
            "subs": [
                {
                    "replacement-node": 39,
                    "name": "MTSPeakLoadHeadings",
                    "template-line-number": 144,
                    "part": "1",
                    "extras": {},
                    "node-pos": 76
                },
                {
                    "replacement-node": 42,
                    "name": "MTSPeakLoadHeadings",
                    "template-line-number": 152,
                    "part": "2",
                    "extras": {},
                    "node-pos": 80
                },
                {
                    "replacement-node": 37,
                    "name": "MTSPeakLoadHeadings",
                    "template-line-number": 140,
                    "part": "3",
                    "extras": {},
                    "node-pos": 74
                }
            ],
            "name": "MTSPeakLoadHeadings"
        },
        "rule-16": {
            "subs": [
                {
                    "replacement-node": 50,
                    "name": "MTSPeakLoadLineItems",
                    "template-line-number": 229,
                    "part": "2",
                    "extras": {},
                    "node-pos": 91
                },
                {
                    "replacement-node": 46,
                    "name": "MTSPeakLoadLineItems",
                    "template-line-number": 222,
                    "part": "3",
                    "extras": {},
                    "node-pos": 86
                },
                {
                    "replacement-node": 54,
                    "name": "MTSPeakLoadLineItems",
                    "template-line-number": 238,
                    "part": "4",
                    "node-pos": 96,
                    "expression-node": 55
                },
                {
                    "replacement-node": 58,
                    "name": "MTSPeakLoadLineItems",
                    "template-line-number": 246,
                    "part": "5",
                    "node-pos": 101,
                    "expression-node": 59
                },
                {
                    "replacement-node": 62,
                    "name": "MTSPeakLoadLineItems",
                    "template-line-number": 253,
                    "part": "6",
                    "node-pos": 106,
                    "expression-node": 63
                },
                {
                    "replacement-node": 66,
                    "name": "MTSPeakLoadLineItems",
                    "template-line-number": 260,
                    "part": "7",
                    "node-pos": 111,
                    "expression-node": 67
                },
                {
                    "replacement-node": 70,
                    "name": "MTSPeakLoadLineItems",
                    "template-line-number": 267,
                    "part": "8",
                    "node-pos": 116,
                    "expression-node": 71
                }
            ],
            "name": "MTSPeakLoadLineItems"
        },
        "rule-14": [
            {
                "replacement-node": 77,
                "part": null,
                "node-pos": 127,
                "template-line-number": 294
            }
        ],
        "rule-4": [
            {
                "html": true,
                "replacement-node": 9,
                "part": null,
                "node-pos": 21,
                "template-line-number": 39
            }
        ],
        "rule-10": [
            {
                "replacement-node": 27,
                "part": null,
                "template-line-number": 82,
                "expression-node": 28,
                "node-pos": 47
            }
        ],
        "rule-2": [
            {
                "replacement-node": 3,
                "part": null,
                "template-line-number": 27,
                "expression-node": 4,
                "node-pos": 13
            }
        ],
        "rule-15": [
            {
                "replacement-node": 80,
                "part": null,
                "node-pos": 131,
                "template-line-number": 304
            }
        ],
        "rule-6": [
            {
                "replacement-node": 15,
                "part": null,
                "node-pos": 31,
                "template-line-number": 62
            }
        ],
        "rule-12": [
            {
                "html": true,
                "replacement-node": 33,
                "part": null,
                "node-pos": 58,
                "template-line-number": 103
            }
        ],
        "rule-11": [
            {
                "replacement-node": 30,
                "part": null,
                "node-pos": 53,
                "template-line-number": 92
            }
        ],
        "rule-9": [
            {
                "replacement-node": 24,
                "part": null,
                "template-line-number": 77,
                "expression-node": 25,
                "node-pos": 43
            }
        ]
    },
    "line-numbers": {},
    "showifs": {}
}