{
    "substitutions": {
        "rule-4": [
            {
                "template-line-number": 41,
                "part": null,
                "node-pos": 21,
                "html": true,
                "replacement-node": 9
            }
        ],
        "rule-13": [
            {
                "template-line-number": 263,
                "part": null,
                "expression-node": 57,
                "node-pos": 108,
                "replacement-node": 56
            }
        ],
        "rule-11": [
            {
                "template-line-number": 113,
                "part": null,
                "node-pos": 53,
                "replacement-node": 30
            }
        ],
        "rule-7": [
            {
                "template-line-number": 82,
                "part": null,
                "expression-node": 19,
                "node-pos": 35,
                "replacement-node": 18
            }
        ],
        "rule-8": [
            {
                "template-line-number": 89,
                "part": null,
                "node-pos": 39,
                "replacement-node": 21
            }
        ],
        "rule-10": [
            {
                "template-line-number": 102,
                "part": null,
                "expression-node": 28,
                "node-pos": 47,
                "replacement-node": 27
            }
        ],
        "rule-12": [
            {
                "template-line-number": 124,
                "part": null,
                "node-pos": 58,
                "html": true,
                "replacement-node": 33
            }
        ],
        "rule-3": [
            {
                "template-line-number": 33,
                "part": null,
                "node-pos": 17,
                "replacement-node": 6
            }
        ],
        "rule-6": [
            {
                "template-line-number": 75,
                "part": null,
                "node-pos": 31,
                "replacement-node": 15
            }
        ],
        "rule-1": [
            {
                "template-line-number": 19,
                "part": null,
                "node-pos": 9,
                "replacement-node": 0
            }
        ],
        "rule-9": [
            {
                "template-line-number": 96,
                "part": null,
                "expression-node": 25,
                "node-pos": 43,
                "replacement-node": 24
            }
        ],
        "rule-17": {
            "name": "HydroelectricPlant",
            "subs": [
                {
                    "name": "HydroelectricPlant",
                    "template-line-number": 232,
                    "node-pos": 93,
                    "extras": {},
                    "replacement-node": 45,
                    "part": "1"
                },
                {
                    "name": "HydroelectricPlant",
                    "template-line-number": 236,
                    "node-pos": 95,
                    "extras": {},
                    "replacement-node": 47,
                    "part": "2"
                },
                {
                    "name": "plant",
                    "subs": [
                        {
                            "name": "plant",
                            "template-line-number": 248,
                            "node-pos": 101,
                            "replacement-node": 52,
                            "part": "3",
                            "expression-node": 53
                        }
                    ]
                }
            ]
        },
        "rule-5": [
            {
                "template-line-number": 57,
                "part": null,
                "node-pos": 26,
                "html": true,
                "replacement-node": 12
            }
        ],
        "rule-16": {
            "name": "HGPSHeadings",
            "subs": [
                {
                    "name": "HGPSHeadings",
                    "template-line-number": 177,
                    "node-pos": 78,
                    "replacement-node": 37,
                    "part": "1",
                    "expression-node": 38
                },
                {
                    "name": "HGPSHeadings",
                    "template-line-number": 186,
                    "node-pos": 83,
                    "replacement-node": 40,
                    "part": "2",
                    "expression-node": 41
                }
            ]
        },
        "rule-14": [
            {
                "template-line-number": 270,
                "part": null,
                "node-pos": 112,
                "replacement-node": 59
            }
        ],
        "rule-15": [
            {
                "template-line-number": 280,
                "part": null,
                "node-pos": 116,
                "replacement-node": 62
            }
        ],
        "rule-2": [
            {
                "template-line-number": 26,
                "part": null,
                "expression-node": 4,
                "node-pos": 13,
                "replacement-node": 3
            }
        ]
    },
    "line-numbers": {
        "HydroelectricPlant": [
            {
                "line-number-node": 44,
                "start-number": 1,
                "template-line-number": 226
            }
        ]
    },
    "showifs": {}
}