{
    "substitutions": {
        "rule-17": {
            "subs": [
                {
                    "replacement-node": 39,
                    "name": "ScheduleAnalysisofChargesforServiceAssociateandNonAssociateCompanies",
                    "part": "1",
                    "extras": {},
                    "node-pos": 73,
                    "template-line-number": 141
                },
                {
                    "replacement-node": 42,
                    "name": "ScheduleAnalysisofChargesforServiceAssociateandNonAssociateCompanies",
                    "part": "2",
                    "extras": {},
                    "node-pos": 77,
                    "template-line-number": 149
                },
                {
                    "replacement-node": 37,
                    "name": "ScheduleAnalysisofChargesforServiceAssociateandNonAssociateCompanies",
                    "part": "3",
                    "extras": {},
                    "node-pos": 71,
                    "template-line-number": 137
                }
            ],
            "name": "ScheduleAnalysisofChargesforServiceAssociateandNonAssociateCompanies"
        },
        "rule-4": [
            {
                "part": null,
                "replacement-node": 9,
                "node-pos": 22,
                "html": true,
                "template-line-number": 40
            }
        ],
        "rule-3": [
            {
                "part": null,
                "replacement-node": 6,
                "node-pos": 18,
                "template-line-number": 34
            }
        ],
        "rule-7": [
            {
                "expression-node": 19,
                "part": null,
                "replacement-node": 18,
                "node-pos": 36,
                "template-line-number": 68
            }
        ],
        "rule-10": [
            {
                "expression-node": 28,
                "part": null,
                "replacement-node": 27,
                "node-pos": 48,
                "template-line-number": 83
            }
        ],
        "rule-9": [
            {
                "expression-node": 25,
                "part": null,
                "replacement-node": 24,
                "node-pos": 44,
                "template-line-number": 78
            }
        ],
        "rule-13": [
            {
                "expression-node": 72,
                "part": null,
                "replacement-node": 71,
                "node-pos": 122,
                "template-line-number": 297
            }
        ],
        "rule-1": [
            {
                "part": null,
                "replacement-node": 0,
                "node-pos": 10,
                "template-line-number": 23
            }
        ],
        "rule-14": [
            {
                "part": null,
                "replacement-node": 74,
                "node-pos": 126,
                "template-line-number": 303
            }
        ],
        "rule-12": [
            {
                "part": null,
                "replacement-node": 33,
                "node-pos": 59,
                "html": true,
                "template-line-number": 104
            }
        ],
        "rule-15": [
            {
                "part": null,
                "replacement-node": 77,
                "node-pos": 130,
                "template-line-number": 312
            }
        ],
        "rule-16": {
            "subs": [
                {
                    "replacement-node": 46,
                    "name": "ChargesLineItems",
                    "part": "1",
                    "extras": {},
                    "node-pos": 83,
                    "template-line-number": 200
                },
                {
                    "expression-node": 65,
                    "replacement-node": 64,
                    "name": "ChargesLineItems",
                    "part": "10",
                    "node-pos": 110,
                    "template-line-number": 271
                },
                {
                    "expression-node": 67,
                    "replacement-node": 66,
                    "name": "ChargesLineItems",
                    "part": "11",
                    "node-pos": 113,
                    "template-line-number": 278
                },
                {
                    "expression-node": 69,
                    "replacement-node": 68,
                    "name": "ChargesLineItems",
                    "part": "12",
                    "node-pos": 116,
                    "template-line-number": 284
                },
                {
                    "replacement-node": 48,
                    "name": "ChargesLineItems",
                    "part": "2",
                    "extras": {},
                    "node-pos": 86,
                    "template-line-number": 207
                },
                {
                    "replacement-node": 50,
                    "name": "ChargesLineItems",
                    "part": "3",
                    "extras": {},
                    "node-pos": 89,
                    "template-line-number": 215
                },
                {
                    "expression-node": 53,
                    "replacement-node": 52,
                    "name": "ChargesLineItems",
                    "part": "4",
                    "node-pos": 92,
                    "template-line-number": 223
                },
                {
                    "expression-node": 55,
                    "replacement-node": 54,
                    "name": "ChargesLineItems",
                    "part": "5",
                    "node-pos": 95,
                    "template-line-number": 233
                },
                {
                    "expression-node": 57,
                    "replacement-node": 56,
                    "name": "ChargesLineItems",
                    "part": "6",
                    "node-pos": 98,
                    "template-line-number": 243
                },
                {
                    "expression-node": 59,
                    "replacement-node": 58,
                    "name": "ChargesLineItems",
                    "part": "7",
                    "node-pos": 101,
                    "template-line-number": 250
                },
                {
                    "expression-node": 61,
                    "replacement-node": 60,
                    "name": "ChargesLineItems",
                    "part": "8",
                    "node-pos": 104,
                    "template-line-number": 257
                },
                {
                    "expression-node": 63,
                    "replacement-node": 62,
                    "name": "ChargesLineItems",
                    "part": "9",
                    "node-pos": 107,
                    "template-line-number": 264
                }
            ],
            "name": "ChargesLineItems"
        },
        "rule-11": [
            {
                "part": null,
                "replacement-node": 30,
                "node-pos": 54,
                "template-line-number": 93
            }
        ],
        "rule-2": [
            {
                "expression-node": 4,
                "part": null,
                "replacement-node": 3,
                "node-pos": 14,
                "template-line-number": 28
            }
        ],
        "rule-8": [
            {
                "part": null,
                "replacement-node": 21,
                "node-pos": 40,
                "template-line-number": 73
            }
        ],
        "rule-5": [
            {
                "part": null,
                "replacement-node": 12,
                "node-pos": 27,
                "html": true,
                "template-line-number": 52
            }
        ],
        "rule-6": [
            {
                "part": null,
                "replacement-node": 15,
                "node-pos": 32,
                "template-line-number": 63
            }
        ]
    },
    "showifs": {},
    "line-numbers": {}
}