{
    "line-numbers": {
        "OtherRegulatoryLiabilities": [
            {
                "line-number-node": 44,
                "start-number": 1,
                "template-line-number": 232
            }
        ]
    },
    "showifs": {},
    "substitutions": {
        "rule-10": [
            {
                "node-pos": 49,
                "template-line-number": 104,
                "part": null,
                "expression-node": 28,
                "replacement-node": 27
            }
        ],
        "rule-5": [
            {
                "html": true,
                "template-line-number": 59,
                "part": null,
                "node-pos": 27,
                "replacement-node": 12
            }
        ],
        "rule-4": [
            {
                "html": true,
                "template-line-number": 42,
                "part": null,
                "node-pos": 22,
                "replacement-node": 9
            }
        ],
        "rule-7": [
            {
                "node-pos": 37,
                "template-line-number": 84,
                "part": null,
                "expression-node": 19,
                "replacement-node": 18
            }
        ],
        "rule-1": [
            {
                "template-line-number": 20,
                "part": null,
                "node-pos": 10,
                "replacement-node": 0
            }
        ],
        "rule-15": [
            {
                "node-pos": 128,
                "template-line-number": 321,
                "part": null,
                "expression-node": 71,
                "replacement-node": 70
            }
        ],
        "rule-3": [
            {
                "template-line-number": 34,
                "part": null,
                "node-pos": 18,
                "replacement-node": 6
            }
        ],
        "rule-21": {
            "name": "ColumnHeadings",
            "subs": [
                {
                    "extras": {},
                    "name": "ColumnHeadings",
                    "replacement-node": 37,
                    "template-line-number": 162,
                    "node-pos": 79,
                    "part": "1"
                },
                {
                    "extras": {},
                    "name": "ColumnHeadings",
                    "replacement-node": 40,
                    "template-line-number": 169,
                    "node-pos": 83,
                    "part": "2"
                }
            ]
        },
        "rule-20": {
            "name": "OtherRegulatoryLiabilities",
            "subs": [
                {
                    "node-pos": 92,
                    "name": "OtherRegulatoryLiabilities",
                    "replacement-node": 46,
                    "template-line-number": 237,
                    "expression-node": 47,
                    "part": "2"
                },
                {
                    "node-pos": 96,
                    "name": "OtherRegulatoryLiabilities",
                    "replacement-node": 49,
                    "template-line-number": 247,
                    "expression-node": 50,
                    "part": "3"
                },
                {
                    "node-pos": 100,
                    "name": "OtherRegulatoryLiabilities",
                    "replacement-node": 52,
                    "template-line-number": 255,
                    "expression-node": 53,
                    "part": "4"
                },
                {
                    "node-pos": 104,
                    "name": "OtherRegulatoryLiabilities",
                    "replacement-node": 55,
                    "template-line-number": 265,
                    "expression-node": 56,
                    "part": "5"
                },
                {
                    "node-pos": 108,
                    "name": "OtherRegulatoryLiabilities",
                    "replacement-node": 58,
                    "template-line-number": 274,
                    "expression-node": 59,
                    "part": "6"
                },
                {
                    "node-pos": 112,
                    "name": "OtherRegulatoryLiabilities",
                    "replacement-node": 61,
                    "template-line-number": 283,
                    "expression-node": 62,
                    "part": "7"
                }
            ]
        },
        "rule-9": [
            {
                "node-pos": 45,
                "template-line-number": 98,
                "part": null,
                "expression-node": 25,
                "replacement-node": 24
            }
        ],
        "rule-14": [
            {
                "node-pos": 124,
                "template-line-number": 311,
                "part": null,
                "expression-node": 68,
                "replacement-node": 67
            }
        ],
        "rule-19": [
            {
                "template-line-number": 358,
                "part": null,
                "node-pos": 145,
                "replacement-node": 82
            }
        ],
        "rule-16": [
            {
                "node-pos": 132,
                "template-line-number": 331,
                "part": null,
                "expression-node": 74,
                "replacement-node": 73
            }
        ],
        "rule-11": [
            {
                "template-line-number": 115,
                "part": null,
                "node-pos": 55,
                "replacement-node": 30
            }
        ],
        "rule-6": [
            {
                "template-line-number": 77,
                "part": null,
                "node-pos": 32,
                "replacement-node": 15
            }
        ],
        "rule-13": [
            {
                "node-pos": 119,
                "template-line-number": 298,
                "part": null,
                "expression-node": 65,
                "replacement-node": 64
            }
        ],
        "rule-17": [
            {
                "node-pos": 137,
                "template-line-number": 344,
                "part": null,
                "expression-node": 77,
                "replacement-node": 76
            }
        ],
        "rule-12": [
            {
                "html": true,
                "template-line-number": 126,
                "part": null,
                "node-pos": 60,
                "replacement-node": 33
            }
        ],
        "rule-8": [
            {
                "template-line-number": 91,
                "part": null,
                "node-pos": 41,
                "replacement-node": 21
            }
        ],
        "rule-2": [
            {
                "node-pos": 14,
                "template-line-number": 27,
                "part": null,
                "expression-node": 4,
                "replacement-node": 3
            }
        ],
        "rule-18": [
            {
                "template-line-number": 349,
                "part": null,
                "node-pos": 141,
                "replacement-node": 79
            }
        ]
    }
}