{
    "showifs": {},
    "substitutions": {
        "rule-11": [
            {
                "part": null,
                "template-line-number": 92,
                "node-pos": 54,
                "replacement-node": 30
            }
        ],
        "rule-17": {
            "subs": [
                {
                    "replacement-node": 44,
                    "template-line-number": 210,
                    "node-pos": 92,
                    "name": "CarrierPropertyItems",
                    "part": "1",
                    "extras": {}
                },
                {
                    "replacement-node": 47,
                    "template-line-number": 216,
                    "node-pos": 96,
                    "name": "CarrierPropertyItems",
                    "part": "1",
                    "extras": {}
                },
                {
                    "replacement-node": 49,
                    "template-line-number": 223,
                    "name": "CarrierPropertyItems",
                    "expression-node": 50,
                    "part": "2",
                    "node-pos": 99
                },
                {
                    "replacement-node": 52,
                    "template-line-number": 231,
                    "name": "CarrierPropertyItems",
                    "expression-node": 53,
                    "part": "3",
                    "node-pos": 103
                },
                {
                    "replacement-node": 55,
                    "template-line-number": 239,
                    "name": "CarrierPropertyItems",
                    "expression-node": 56,
                    "part": "4",
                    "node-pos": 107
                },
                {
                    "replacement-node": 58,
                    "template-line-number": 247,
                    "name": "CarrierPropertyItems",
                    "expression-node": 59,
                    "part": "5",
                    "node-pos": 111
                },
                {
                    "replacement-node": 61,
                    "template-line-number": 255,
                    "name": "CarrierPropertyItems",
                    "expression-node": 62,
                    "part": "6",
                    "node-pos": 115
                },
                {
                    "replacement-node": 64,
                    "template-line-number": 263,
                    "name": "CarrierPropertyItems",
                    "expression-node": 65,
                    "part": "7",
                    "node-pos": 119
                },
                {
                    "replacement-node": 67,
                    "template-line-number": 271,
                    "name": "CarrierPropertyItems",
                    "expression-node": 68,
                    "part": "8",
                    "node-pos": 123
                },
                {
                    "replacement-node": 70,
                    "template-line-number": 279,
                    "name": "CarrierPropertyItems",
                    "expression-node": 71,
                    "part": "9",
                    "node-pos": 127
                }
            ],
            "name": "CarrierPropertyItems"
        },
        "rule-3": [
            {
                "part": null,
                "template-line-number": 33,
                "node-pos": 18,
                "replacement-node": 6
            }
        ],
        "rule-10": [
            {
                "part": null,
                "template-line-number": 82,
                "node-pos": 48,
                "expression-node": 28,
                "replacement-node": 27
            }
        ],
        "rule-16": {
            "subs": [
                {
                    "replacement-node": 37,
                    "template-line-number": 146,
                    "node-pos": 82,
                    "name": "ColumnHeadings",
                    "part": "1",
                    "extras": {}
                },
                {
                    "replacement-node": 40,
                    "template-line-number": 153,
                    "node-pos": 86,
                    "name": "ColumnHeadings",
                    "part": "2",
                    "extras": {}
                }
            ],
            "name": "ColumnHeadings"
        },
        "rule-1": [
            {
                "part": null,
                "template-line-number": 22,
                "node-pos": 10,
                "replacement-node": 0
            }
        ],
        "rule-5": [
            {
                "part": null,
                "template-line-number": 51,
                "html": true,
                "node-pos": 27,
                "replacement-node": 12
            }
        ],
        "rule-2": [
            {
                "part": null,
                "template-line-number": 27,
                "node-pos": 14,
                "expression-node": 4,
                "replacement-node": 3
            }
        ],
        "rule-15": [
            {
                "part": null,
                "template-line-number": 303,
                "node-pos": 141,
                "replacement-node": 79
            }
        ],
        "rule-6": [
            {
                "part": null,
                "template-line-number": 62,
                "node-pos": 32,
                "replacement-node": 15
            }
        ],
        "rule-12": [
            {
                "part": null,
                "template-line-number": 103,
                "html": true,
                "node-pos": 59,
                "replacement-node": 33
            }
        ],
        "rule-13": [
            {
                "part": null,
                "template-line-number": 289,
                "node-pos": 133,
                "expression-node": 74,
                "replacement-node": 73
            }
        ],
        "rule-7": [
            {
                "part": null,
                "template-line-number": 67,
                "node-pos": 36,
                "expression-node": 19,
                "replacement-node": 18
            }
        ],
        "rule-14": [
            {
                "part": null,
                "template-line-number": 294,
                "node-pos": 137,
                "replacement-node": 76
            }
        ],
        "rule-4": [
            {
                "part": null,
                "template-line-number": 39,
                "html": true,
                "node-pos": 22,
                "replacement-node": 9
            }
        ],
        "rule-9": [
            {
                "part": null,
                "template-line-number": 77,
                "node-pos": 44,
                "expression-node": 25,
                "replacement-node": 24
            }
        ],
        "rule-8": [
            {
                "part": null,
                "template-line-number": 72,
                "node-pos": 40,
                "replacement-node": 21
            }
        ]
    },
    "line-numbers": {}
}