{
    "showifs": {},
    "line-numbers": {
        "InvestCommStocks": [
            {
                "line-number-node": 49,
                "template-line-number": 246,
                "start-number": 1
            }
        ],
        "CoControlledDirectly": [
            {
                "line-number-node": 147,
                "template-line-number": 614,
                "start-number": 1
            }
        ]
    },
    "substitutions": {
        "rule-40": {
            "name": "CoControlledDirectly",
            "subs": [
                {
                    "node-pos": 264,
                    "replacement-node": 149,
                    "part": "2",
                    "template-line-number": 618,
                    "name": "CoControlledDirectly",
                    "expression-node": 150
                },
                {
                    "node-pos": 268,
                    "replacement-node": 152,
                    "part": "3",
                    "template-line-number": 623,
                    "name": "CoControlledDirectly",
                    "expression-node": 153
                },
                {
                    "node-pos": 272,
                    "replacement-node": 155,
                    "part": "4",
                    "template-line-number": 628,
                    "name": "CoControlledDirectly",
                    "expression-node": 156
                },
                {
                    "node-pos": 276,
                    "replacement-node": 158,
                    "part": "5",
                    "template-line-number": 633,
                    "name": "CoControlledDirectly",
                    "expression-node": 159
                },
                {
                    "node-pos": 280,
                    "replacement-node": 161,
                    "part": "6",
                    "template-line-number": 638,
                    "name": "CoControlledDirectly",
                    "expression-node": 162
                },
                {
                    "node-pos": 284,
                    "replacement-node": 164,
                    "part": "7",
                    "template-line-number": 643,
                    "name": "CoControlledDirectly",
                    "expression-node": 165
                }
            ]
        },
        "rule-7": [
            {
                "node-pos": 36,
                "part": null,
                "expression-node": 19,
                "template-line-number": 68,
                "replacement-node": 18
            }
        ],
        "rule-41": {
            "name": "ColumnHeadings",
            "subs": [
                {
                    "node-pos": 87,
                    "replacement-node": 39,
                    "part": "1",
                    "template-line-number": 154,
                    "extras": {},
                    "name": "ColumnHeadings"
                },
                {
                    "node-pos": 91,
                    "replacement-node": 42,
                    "part": "2",
                    "template-line-number": 162,
                    "extras": {},
                    "name": "ColumnHeadings"
                },
                {
                    "node-pos": 85,
                    "replacement-node": 37,
                    "part": "3",
                    "template-line-number": 150,
                    "extras": {},
                    "name": "ColumnHeadings"
                }
            ]
        },
        "rule-4": [
            {
                "node-pos": 22,
                "part": null,
                "html": true,
                "template-line-number": 40,
                "replacement-node": 9
            }
        ],
        "rule-22": [
            {
                "node-pos": 180,
                "part": null,
                "expression-node": 99,
                "template-line-number": 379,
                "replacement-node": 98
            }
        ],
        "rule-34": [
            {
                "node-pos": 233,
                "part": null,
                "template-line-number": 509,
                "replacement-node": 134
            }
        ],
        "rule-28": [
            {
                "node-pos": 206,
                "part": null,
                "expression-node": 117,
                "template-line-number": 442,
                "replacement-node": 116
            }
        ],
        "rule-32": [
            {
                "node-pos": 222,
                "part": null,
                "expression-node": 129,
                "template-line-number": 482,
                "replacement-node": 128
            }
        ],
        "rule-20": [
            {
                "node-pos": 172,
                "part": null,
                "template-line-number": 361,
                "replacement-node": 92
            }
        ],
        "rule-38": {
            "name": "ColumnHeadings2",
            "subs": [
                {
                    "node-pos": 251,
                    "replacement-node": 140,
                    "part": "1",
                    "template-line-number": 546,
                    "extras": {},
                    "name": "ColumnHeadings2"
                },
                {
                    "node-pos": 255,
                    "replacement-node": 143,
                    "part": "2",
                    "template-line-number": 554,
                    "extras": {},
                    "name": "ColumnHeadings2"
                },
                {
                    "node-pos": 249,
                    "replacement-node": 138,
                    "part": "3",
                    "template-line-number": 542,
                    "extras": {},
                    "name": "ColumnHeadings2"
                }
            ]
        },
        "rule-5": [
            {
                "node-pos": 27,
                "part": null,
                "html": true,
                "template-line-number": 52,
                "replacement-node": 12
            }
        ],
        "rule-27": [
            {
                "node-pos": 202,
                "part": null,
                "template-line-number": 433,
                "replacement-node": 113
            }
        ],
        "rule-37": [
            {
                "node-pos": 298,
                "part": null,
                "template-line-number": 668,
                "replacement-node": 173
            }
        ],
        "rule-33": [
            {
                "node-pos": 226,
                "part": null,
                "expression-node": 132,
                "template-line-number": 492,
                "replacement-node": 131
            }
        ],
        "rule-23": [
            {
                "node-pos": 184,
                "part": null,
                "expression-node": 102,
                "template-line-number": 389,
                "replacement-node": 101
            }
        ],
        "rule-11": [
            {
                "node-pos": 54,
                "part": null,
                "template-line-number": 93,
                "replacement-node": 30
            }
        ],
        "rule-9": [
            {
                "node-pos": 44,
                "part": null,
                "expression-node": 25,
                "template-line-number": 78,
                "replacement-node": 24
            }
        ],
        "rule-16": [
            {
                "node-pos": 154,
                "part": null,
                "expression-node": 81,
                "template-line-number": 316,
                "replacement-node": 80
            }
        ],
        "rule-30": [
            {
                "node-pos": 214,
                "part": null,
                "expression-node": 123,
                "template-line-number": 462,
                "replacement-node": 122
            }
        ],
        "rule-17": [
            {
                "node-pos": 158,
                "part": null,
                "expression-node": 84,
                "template-line-number": 326,
                "replacement-node": 83
            }
        ],
        "rule-18": [
            {
                "node-pos": 162,
                "part": null,
                "expression-node": 87,
                "template-line-number": 336,
                "replacement-node": 86
            }
        ],
        "rule-25": [
            {
                "node-pos": 192,
                "part": null,
                "expression-node": 108,
                "template-line-number": 409,
                "replacement-node": 107
            }
        ],
        "rule-3": [
            {
                "node-pos": 18,
                "part": null,
                "template-line-number": 34,
                "replacement-node": 6
            }
        ],
        "rule-35": [
            {
                "node-pos": 290,
                "part": null,
                "expression-node": 168,
                "template-line-number": 654,
                "replacement-node": 167
            }
        ],
        "rule-31": [
            {
                "node-pos": 218,
                "part": null,
                "expression-node": 126,
                "template-line-number": 472,
                "replacement-node": 125
            }
        ],
        "rule-1": [
            {
                "node-pos": 10,
                "part": null,
                "template-line-number": 22,
                "replacement-node": 0
            }
        ],
        "rule-24": [
            {
                "node-pos": 188,
                "part": null,
                "expression-node": 105,
                "template-line-number": 399,
                "replacement-node": 104
            }
        ],
        "rule-39": {
            "name": "InvestCommStocks",
            "subs": [
                {
                    "node-pos": 113,
                    "replacement-node": 51,
                    "part": "2",
                    "template-line-number": 249,
                    "name": "InvestCommStocks",
                    "expression-node": 52
                },
                {
                    "node-pos": 117,
                    "replacement-node": 54,
                    "part": "3",
                    "template-line-number": 254,
                    "name": "InvestCommStocks",
                    "expression-node": 55
                },
                {
                    "node-pos": 121,
                    "replacement-node": 57,
                    "part": "4",
                    "template-line-number": 259,
                    "name": "InvestCommStocks",
                    "expression-node": 58
                },
                {
                    "node-pos": 125,
                    "replacement-node": 60,
                    "part": "5",
                    "template-line-number": 264,
                    "name": "InvestCommStocks",
                    "expression-node": 61
                },
                {
                    "node-pos": 129,
                    "replacement-node": 63,
                    "part": "6",
                    "template-line-number": 269,
                    "name": "InvestCommStocks",
                    "expression-node": 64
                },
                {
                    "node-pos": 134,
                    "replacement-node": 67,
                    "part": "7",
                    "template-line-number": 276,
                    "name": "InvestCommStocks",
                    "expression-node": 68
                },
                {
                    "node-pos": 139,
                    "replacement-node": 71,
                    "part": "8",
                    "template-line-number": 283,
                    "name": "InvestCommStocks",
                    "expression-node": 72
                }
            ]
        },
        "rule-2": [
            {
                "node-pos": 14,
                "part": null,
                "expression-node": 4,
                "template-line-number": 28,
                "replacement-node": 3
            }
        ],
        "rule-6": [
            {
                "node-pos": 32,
                "part": null,
                "template-line-number": 63,
                "replacement-node": 15
            }
        ],
        "rule-36": [
            {
                "node-pos": 294,
                "part": null,
                "template-line-number": 659,
                "replacement-node": 170
            }
        ],
        "rule-21": [
            {
                "node-pos": 176,
                "part": null,
                "expression-node": 96,
                "template-line-number": 369,
                "replacement-node": 95
            }
        ],
        "rule-19": [
            {
                "node-pos": 166,
                "part": null,
                "expression-node": 90,
                "template-line-number": 346,
                "replacement-node": 89
            }
        ],
        "rule-13": [
            {
                "node-pos": 97,
                "part": null,
                "template-line-number": 173,
                "replacement-node": 45
            }
        ],
        "rule-8": [
            {
                "node-pos": 40,
                "part": null,
                "template-line-number": 73,
                "replacement-node": 21
            }
        ],
        "rule-12": [
            {
                "node-pos": 59,
                "part": null,
                "html": true,
                "template-line-number": 104,
                "replacement-node": 33
            }
        ],
        "rule-14": [
            {
                "node-pos": 146,
                "part": null,
                "expression-node": 75,
                "template-line-number": 296,
                "replacement-node": 74
            }
        ],
        "rule-26": [
            {
                "node-pos": 196,
                "part": null,
                "expression-node": 111,
                "template-line-number": 419,
                "replacement-node": 110
            }
        ],
        "rule-29": [
            {
                "node-pos": 210,
                "part": null,
                "expression-node": 120,
                "template-line-number": 452,
                "replacement-node": 119
            }
        ],
        "rule-15": [
            {
                "node-pos": 150,
                "part": null,
                "expression-node": 78,
                "template-line-number": 306,
                "replacement-node": 77
            }
        ],
        "rule-10": [
            {
                "node-pos": 48,
                "part": null,
                "expression-node": 28,
                "template-line-number": 83,
                "replacement-node": 27
            }
        ]
    }
}