{
    "substitutions": {
        "rule-26": [
            {
                "expression-node": 111,
                "node-pos": 196,
                "part": null,
                "replacement-node": 110,
                "template-line-number": 419
            }
        ],
        "rule-3": [
            {
                "node-pos": 18,
                "part": null,
                "replacement-node": 6,
                "template-line-number": 34
            }
        ],
        "rule-39": {
            "subs": [
                {
                    "node-pos": 264,
                    "name": "CoControlledDirectly",
                    "template-line-number": 618,
                    "expression-node": 150,
                    "part": "2",
                    "replacement-node": 149
                },
                {
                    "node-pos": 268,
                    "name": "CoControlledDirectly",
                    "template-line-number": 623,
                    "expression-node": 153,
                    "part": "3",
                    "replacement-node": 152
                },
                {
                    "node-pos": 272,
                    "name": "CoControlledDirectly",
                    "template-line-number": 628,
                    "expression-node": 156,
                    "part": "4",
                    "replacement-node": 155
                },
                {
                    "node-pos": 276,
                    "name": "CoControlledDirectly",
                    "template-line-number": 633,
                    "expression-node": 159,
                    "part": "5",
                    "replacement-node": 158
                },
                {
                    "node-pos": 280,
                    "name": "CoControlledDirectly",
                    "template-line-number": 638,
                    "expression-node": 162,
                    "part": "6",
                    "replacement-node": 161
                },
                {
                    "node-pos": 284,
                    "name": "CoControlledDirectly",
                    "template-line-number": 643,
                    "expression-node": 165,
                    "part": "7",
                    "replacement-node": 164
                }
            ],
            "name": "CoControlledDirectly"
        },
        "rule-22": [
            {
                "expression-node": 99,
                "node-pos": 180,
                "part": null,
                "replacement-node": 98,
                "template-line-number": 379
            }
        ],
        "rule-1": [
            {
                "node-pos": 10,
                "part": null,
                "replacement-node": 0,
                "template-line-number": 22
            }
        ],
        "rule-14": [
            {
                "expression-node": 75,
                "node-pos": 146,
                "part": null,
                "replacement-node": 74,
                "template-line-number": 296
            }
        ],
        "rule-30": [
            {
                "expression-node": 123,
                "node-pos": 214,
                "part": null,
                "replacement-node": 122,
                "template-line-number": 462
            }
        ],
        "rule-7": [
            {
                "expression-node": 19,
                "node-pos": 36,
                "part": null,
                "replacement-node": 18,
                "template-line-number": 68
            }
        ],
        "rule-24": [
            {
                "expression-node": 105,
                "node-pos": 188,
                "part": null,
                "replacement-node": 104,
                "template-line-number": 399
            }
        ],
        "rule-17": [
            {
                "expression-node": 84,
                "node-pos": 158,
                "part": null,
                "replacement-node": 83,
                "template-line-number": 326
            }
        ],
        "rule-29": [
            {
                "expression-node": 120,
                "node-pos": 210,
                "part": null,
                "replacement-node": 119,
                "template-line-number": 452
            }
        ],
        "rule-23": [
            {
                "expression-node": 102,
                "node-pos": 184,
                "part": null,
                "replacement-node": 101,
                "template-line-number": 389
            }
        ],
        "rule-12": [
            {
                "node-pos": 59,
                "part": null,
                "replacement-node": 33,
                "template-line-number": 104,
                "html": true
            }
        ],
        "rule-18": [
            {
                "expression-node": 87,
                "node-pos": 162,
                "part": null,
                "replacement-node": 86,
                "template-line-number": 336
            }
        ],
        "rule-15": [
            {
                "expression-node": 78,
                "node-pos": 150,
                "part": null,
                "replacement-node": 77,
                "template-line-number": 306
            }
        ],
        "rule-41": {
            "subs": [
                {
                    "node-pos": 87,
                    "name": "ColumnHeadings",
                    "template-line-number": 154,
                    "extras": {},
                    "part": "1",
                    "replacement-node": 39
                },
                {
                    "node-pos": 91,
                    "name": "ColumnHeadings",
                    "template-line-number": 162,
                    "extras": {},
                    "part": "2",
                    "replacement-node": 42
                },
                {
                    "node-pos": 85,
                    "name": "ColumnHeadings",
                    "template-line-number": 150,
                    "extras": {},
                    "part": "3",
                    "replacement-node": 37
                }
            ],
            "name": "ColumnHeadings"
        },
        "rule-28": [
            {
                "expression-node": 117,
                "node-pos": 206,
                "part": null,
                "replacement-node": 116,
                "template-line-number": 442
            }
        ],
        "rule-40": {
            "subs": [
                {
                    "node-pos": 251,
                    "name": "ColumnHeadings2",
                    "template-line-number": 546,
                    "extras": {},
                    "part": "1",
                    "replacement-node": 140
                },
                {
                    "node-pos": 255,
                    "name": "ColumnHeadings2",
                    "template-line-number": 554,
                    "extras": {},
                    "part": "2",
                    "replacement-node": 143
                },
                {
                    "node-pos": 249,
                    "name": "ColumnHeadings2",
                    "template-line-number": 542,
                    "extras": {},
                    "part": "3",
                    "replacement-node": 138
                }
            ],
            "name": "ColumnHeadings2"
        },
        "rule-5": [
            {
                "node-pos": 27,
                "part": null,
                "replacement-node": 12,
                "template-line-number": 52,
                "html": true
            }
        ],
        "rule-25": [
            {
                "expression-node": 108,
                "node-pos": 192,
                "part": null,
                "replacement-node": 107,
                "template-line-number": 409
            }
        ],
        "rule-13": [
            {
                "node-pos": 97,
                "part": null,
                "replacement-node": 45,
                "template-line-number": 173
            }
        ],
        "rule-38": {
            "subs": [
                {
                    "node-pos": 113,
                    "name": "InvestCommStocks",
                    "template-line-number": 249,
                    "expression-node": 52,
                    "part": "2",
                    "replacement-node": 51
                },
                {
                    "node-pos": 117,
                    "name": "InvestCommStocks",
                    "template-line-number": 254,
                    "expression-node": 55,
                    "part": "3",
                    "replacement-node": 54
                },
                {
                    "node-pos": 121,
                    "name": "InvestCommStocks",
                    "template-line-number": 259,
                    "expression-node": 58,
                    "part": "4",
                    "replacement-node": 57
                },
                {
                    "node-pos": 125,
                    "name": "InvestCommStocks",
                    "template-line-number": 264,
                    "expression-node": 61,
                    "part": "5",
                    "replacement-node": 60
                },
                {
                    "node-pos": 129,
                    "name": "InvestCommStocks",
                    "template-line-number": 269,
                    "expression-node": 64,
                    "part": "6",
                    "replacement-node": 63
                },
                {
                    "node-pos": 134,
                    "name": "InvestCommStocks",
                    "template-line-number": 276,
                    "expression-node": 68,
                    "part": "7",
                    "replacement-node": 67
                },
                {
                    "node-pos": 139,
                    "name": "InvestCommStocks",
                    "template-line-number": 283,
                    "expression-node": 72,
                    "part": "8",
                    "replacement-node": 71
                }
            ],
            "name": "InvestCommStocks"
        },
        "rule-33": [
            {
                "expression-node": 132,
                "node-pos": 226,
                "part": null,
                "replacement-node": 131,
                "template-line-number": 492
            }
        ],
        "rule-11": [
            {
                "node-pos": 54,
                "part": null,
                "replacement-node": 30,
                "template-line-number": 93
            }
        ],
        "rule-8": [
            {
                "node-pos": 40,
                "part": null,
                "replacement-node": 21,
                "template-line-number": 73
            }
        ],
        "rule-36": [
            {
                "node-pos": 294,
                "part": null,
                "replacement-node": 170,
                "template-line-number": 659
            }
        ],
        "rule-32": [
            {
                "expression-node": 129,
                "node-pos": 222,
                "part": null,
                "replacement-node": 128,
                "template-line-number": 482
            }
        ],
        "rule-31": [
            {
                "expression-node": 126,
                "node-pos": 218,
                "part": null,
                "replacement-node": 125,
                "template-line-number": 472
            }
        ],
        "rule-21": [
            {
                "expression-node": 96,
                "node-pos": 176,
                "part": null,
                "replacement-node": 95,
                "template-line-number": 369
            }
        ],
        "rule-10": [
            {
                "expression-node": 28,
                "node-pos": 48,
                "part": null,
                "replacement-node": 27,
                "template-line-number": 83
            }
        ],
        "rule-19": [
            {
                "expression-node": 90,
                "node-pos": 166,
                "part": null,
                "replacement-node": 89,
                "template-line-number": 346
            }
        ],
        "rule-34": [
            {
                "node-pos": 233,
                "part": null,
                "replacement-node": 134,
                "template-line-number": 509
            }
        ],
        "rule-9": [
            {
                "expression-node": 25,
                "node-pos": 44,
                "part": null,
                "replacement-node": 24,
                "template-line-number": 78
            }
        ],
        "rule-16": [
            {
                "expression-node": 81,
                "node-pos": 154,
                "part": null,
                "replacement-node": 80,
                "template-line-number": 316
            }
        ],
        "rule-2": [
            {
                "expression-node": 4,
                "node-pos": 14,
                "part": null,
                "replacement-node": 3,
                "template-line-number": 28
            }
        ],
        "rule-37": [
            {
                "node-pos": 298,
                "part": null,
                "replacement-node": 173,
                "template-line-number": 668
            }
        ],
        "rule-27": [
            {
                "node-pos": 202,
                "part": null,
                "replacement-node": 113,
                "template-line-number": 433
            }
        ],
        "rule-6": [
            {
                "node-pos": 32,
                "part": null,
                "replacement-node": 15,
                "template-line-number": 63
            }
        ],
        "rule-20": [
            {
                "node-pos": 172,
                "part": null,
                "replacement-node": 92,
                "template-line-number": 361
            }
        ],
        "rule-4": [
            {
                "node-pos": 22,
                "part": null,
                "replacement-node": 9,
                "template-line-number": 40,
                "html": true
            }
        ],
        "rule-35": [
            {
                "expression-node": 168,
                "node-pos": 290,
                "part": null,
                "replacement-node": 167,
                "template-line-number": 654
            }
        ]
    },
    "line-numbers": {
        "InvestCommStocks": [
            {
                "line-number-node": 49,
                "start-number": 1,
                "template-line-number": 246
            }
        ],
        "CoControlledDirectly": [
            {
                "line-number-node": 147,
                "start-number": 1,
                "template-line-number": 614
            }
        ]
    },
    "showifs": {}
}