{
    "substitutions": {
        "rule-11": [
            {
                "replacement-node": 28,
                "template-line-number": 87,
                "node-pos": 48,
                "part": null,
                "expression-node": 29
            }
        ],
        "rule-7": [
            {
                "replacement-node": 16,
                "template-line-number": 67,
                "node-pos": 32,
                "part": null
            }
        ],
        "rule-12": [
            {
                "replacement-node": 31,
                "template-line-number": 97,
                "node-pos": 54,
                "part": null
            }
        ],
        "rule-13": [
            {
                "replacement-node": 34,
                "template-line-number": 108,
                "node-pos": 59,
                "part": null,
                "html": true
            }
        ],
        "rule-6": [
            {
                "replacement-node": 13,
                "template-line-number": 56,
                "node-pos": 27,
                "part": null,
                "html": true
            }
        ],
        "rule-17": {
            "subs": [
                {
                    "template-line-number": 166,
                    "part": "1",
                    "replacement-node": 40,
                    "node-pos": 97,
                    "name": "ShipperSuppliedHeadings",
                    "extras": {}
                },
                {
                    "template-line-number": 175,
                    "part": "2",
                    "replacement-node": 43,
                    "node-pos": 101,
                    "name": "ShipperSuppliedHeadings",
                    "extras": {}
                },
                {
                    "template-line-number": 162,
                    "part": "3",
                    "replacement-node": 38,
                    "node-pos": 95,
                    "name": "ShipperSuppliedHeadings",
                    "extras": {}
                }
            ],
            "name": "ShipperSuppliedHeadings"
        },
        "rule-14": [
            {
                "replacement-node": 94,
                "template-line-number": 655,
                "node-pos": 172,
                "part": null,
                "expression-node": 95
            }
        ],
        "rule-3": [
            {
                "replacement-node": 4,
                "template-line-number": 32,
                "node-pos": 14,
                "part": null,
                "expression-node": 5
            }
        ],
        "rule-5": [
            {
                "replacement-node": 10,
                "template-line-number": 44,
                "node-pos": 22,
                "part": null,
                "html": true
            }
        ],
        "rule-4": [
            {
                "replacement-node": 7,
                "template-line-number": 38,
                "node-pos": 18,
                "part": null
            }
        ],
        "rule-16": [
            {
                "replacement-node": 100,
                "template-line-number": 669,
                "node-pos": 180,
                "part": null
            }
        ],
        "rule-2": [
            {
                "replacement-node": 1,
                "template-line-number": 27,
                "node-pos": 10,
                "part": null
            }
        ],
        "rule-18": {
            "subs": [
                {
                    "template-line-number": 541,
                    "part": "1",
                    "replacement-node": 47,
                    "node-pos": 107,
                    "name": "ShipperLineItems",
                    "extras": {}
                },
                {
                    "template-line-number": 547,
                    "part": "1",
                    "expression-node": 50,
                    "replacement-node": 49,
                    "node-pos": 110,
                    "name": "ShipperLineItems"
                },
                {
                    "template-line-number": 604,
                    "part": "10",
                    "expression-node": 77,
                    "replacement-node": 76,
                    "node-pos": 146,
                    "name": "ShipperLineItems"
                },
                {
                    "template-line-number": 610,
                    "part": "11",
                    "expression-node": 80,
                    "replacement-node": 79,
                    "node-pos": 150,
                    "name": "ShipperLineItems"
                },
                {
                    "template-line-number": 616,
                    "part": "12",
                    "expression-node": 83,
                    "replacement-node": 82,
                    "node-pos": 154,
                    "name": "ShipperLineItems"
                },
                {
                    "template-line-number": 623,
                    "part": "13",
                    "expression-node": 86,
                    "replacement-node": 85,
                    "node-pos": 158,
                    "name": "ShipperLineItems"
                },
                {
                    "template-line-number": 629,
                    "part": "14",
                    "expression-node": 89,
                    "replacement-node": 88,
                    "node-pos": 162,
                    "name": "ShipperLineItems"
                },
                {
                    "template-line-number": 635,
                    "part": "15",
                    "expression-node": 92,
                    "replacement-node": 91,
                    "node-pos": 166,
                    "name": "ShipperLineItems"
                },
                {
                    "template-line-number": 554,
                    "part": "2",
                    "expression-node": 53,
                    "replacement-node": 52,
                    "node-pos": 114,
                    "name": "ShipperLineItems"
                },
                {
                    "template-line-number": 560,
                    "part": "3",
                    "expression-node": 56,
                    "replacement-node": 55,
                    "node-pos": 118,
                    "name": "ShipperLineItems"
                },
                {
                    "template-line-number": 566,
                    "part": "4",
                    "expression-node": 59,
                    "replacement-node": 58,
                    "node-pos": 122,
                    "name": "ShipperLineItems"
                },
                {
                    "template-line-number": 572,
                    "part": "5",
                    "expression-node": 62,
                    "replacement-node": 61,
                    "node-pos": 126,
                    "name": "ShipperLineItems"
                },
                {
                    "template-line-number": 580,
                    "part": "6",
                    "expression-node": 65,
                    "replacement-node": 64,
                    "node-pos": 130,
                    "name": "ShipperLineItems"
                },
                {
                    "template-line-number": 586,
                    "part": "7",
                    "expression-node": 68,
                    "replacement-node": 67,
                    "node-pos": 134,
                    "name": "ShipperLineItems"
                },
                {
                    "template-line-number": 592,
                    "part": "8",
                    "expression-node": 71,
                    "replacement-node": 70,
                    "node-pos": 138,
                    "name": "ShipperLineItems"
                },
                {
                    "template-line-number": 598,
                    "part": "9",
                    "expression-node": 74,
                    "replacement-node": 73,
                    "node-pos": 142,
                    "name": "ShipperLineItems"
                }
            ],
            "name": "ShipperLineItems"
        },
        "rule-8": [
            {
                "replacement-node": 19,
                "template-line-number": 72,
                "node-pos": 36,
                "part": null,
                "expression-node": 20
            }
        ],
        "rule-10": [
            {
                "replacement-node": 25,
                "template-line-number": 82,
                "node-pos": 44,
                "part": null,
                "expression-node": 26
            }
        ],
        "rule-9": [
            {
                "replacement-node": 22,
                "template-line-number": 77,
                "node-pos": 40,
                "part": null
            }
        ],
        "rule-15": [
            {
                "replacement-node": 97,
                "template-line-number": 660,
                "node-pos": 176,
                "part": null
            }
        ]
    },
    "line-numbers": {},
    "showifs": {
        "rule-1": {
            "template-line-number": 17,
            "type": "showif"
        }
    }
}