{
    "substitutions": {
        "rule-11": [
            {
                "expression-node": 29,
                "part": null,
                "replacement-node": 28,
                "node-pos": 48,
                "template-line-number": 91
            }
        ],
        "rule-12": [
            {
                "html": true,
                "part": null,
                "replacement-node": 31,
                "node-pos": 54,
                "template-line-number": 100
            }
        ],
        "rule-19": {
            "name": "ElectricOperatingRevenuesLineItems",
            "subs": [
                {
                    "part": "1",
                    "expression-node": 50,
                    "node-pos": 94,
                    "replacement-node": 49,
                    "name": "ElectricOperatingRevenuesLineItems",
                    "template-line-number": 323
                },
                {
                    "part": "2",
                    "replacement-node": 45,
                    "node-pos": 87,
                    "extras": {},
                    "name": "ElectricOperatingRevenuesLineItems",
                    "template-line-number": 309
                },
                {
                    "part": "2",
                    "expression-node": 53,
                    "node-pos": 98,
                    "replacement-node": 52,
                    "name": "ElectricOperatingRevenuesLineItems",
                    "template-line-number": 332
                },
                {
                    "part": "3",
                    "expression-node": 56,
                    "node-pos": 102,
                    "replacement-node": 55,
                    "name": "ElectricOperatingRevenuesLineItems",
                    "template-line-number": 340
                },
                {
                    "part": "4",
                    "expression-node": 59,
                    "node-pos": 106,
                    "replacement-node": 58,
                    "name": "ElectricOperatingRevenuesLineItems",
                    "template-line-number": 348
                },
                {
                    "part": "5",
                    "expression-node": 62,
                    "node-pos": 110,
                    "replacement-node": 61,
                    "name": "ElectricOperatingRevenuesLineItems",
                    "template-line-number": 356
                },
                {
                    "part": "6",
                    "replacement-node": 47,
                    "node-pos": 92,
                    "extras": {},
                    "name": "ElectricOperatingRevenuesLineItems",
                    "template-line-number": 318
                },
                {
                    "part": "6",
                    "expression-node": 65,
                    "node-pos": 114,
                    "replacement-node": 64,
                    "name": "ElectricOperatingRevenuesLineItems",
                    "template-line-number": 364
                },
                {
                    "part": "7",
                    "expression-node": 68,
                    "node-pos": 118,
                    "replacement-node": 67,
                    "name": "ElectricOperatingRevenuesLineItems",
                    "template-line-number": 372
                }
            ]
        },
        "rule-17": [
            {
                "part": null,
                "replacement-node": 79,
                "node-pos": 142,
                "template-line-number": 411
            }
        ],
        "rule-8": [
            {
                "expression-node": 20,
                "part": null,
                "replacement-node": 19,
                "node-pos": 36,
                "template-line-number": 76
            }
        ],
        "rule-10": [
            {
                "expression-node": 26,
                "part": null,
                "replacement-node": 25,
                "node-pos": 44,
                "template-line-number": 86
            }
        ],
        "rule-13": [
            {
                "html": true,
                "part": null,
                "replacement-node": 34,
                "node-pos": 59,
                "template-line-number": 111
            }
        ],
        "rule-5": [
            {
                "html": true,
                "part": null,
                "replacement-node": 10,
                "node-pos": 22,
                "template-line-number": 48
            }
        ],
        "rule-7": [
            {
                "part": null,
                "replacement-node": 16,
                "node-pos": 32,
                "template-line-number": 71
            }
        ],
        "rule-3": [
            {
                "expression-node": 5,
                "part": null,
                "replacement-node": 4,
                "node-pos": 14,
                "template-line-number": 36
            }
        ],
        "rule-20": {
            "name": "ElectricOperatingRevenuesHeadings",
            "subs": [
                {
                    "part": "1",
                    "replacement-node": 38,
                    "node-pos": 77,
                    "extras": {},
                    "name": "ElectricOperatingRevenuesHeadings",
                    "template-line-number": 144
                },
                {
                    "part": "2",
                    "replacement-node": 41,
                    "node-pos": 81,
                    "extras": {},
                    "name": "ElectricOperatingRevenuesHeadings",
                    "template-line-number": 151
                }
            ]
        },
        "rule-16": [
            {
                "expression-node": 77,
                "part": null,
                "replacement-node": 76,
                "node-pos": 138,
                "template-line-number": 406
            }
        ],
        "rule-9": [
            {
                "part": null,
                "replacement-node": 22,
                "node-pos": 40,
                "template-line-number": 81
            }
        ],
        "rule-15": [
            {
                "expression-node": 74,
                "part": null,
                "replacement-node": 73,
                "node-pos": 131,
                "template-line-number": 394
            }
        ],
        "rule-6": [
            {
                "html": true,
                "part": null,
                "replacement-node": 13,
                "node-pos": 27,
                "template-line-number": 60
            }
        ],
        "rule-4": [
            {
                "part": null,
                "replacement-node": 7,
                "node-pos": 18,
                "template-line-number": 42
            }
        ],
        "rule-2": [
            {
                "part": null,
                "replacement-node": 1,
                "node-pos": 10,
                "template-line-number": 31
            }
        ],
        "rule-14": [
            {
                "expression-node": 71,
                "part": null,
                "replacement-node": 70,
                "node-pos": 124,
                "template-line-number": 384
            }
        ],
        "rule-18": [
            {
                "part": null,
                "replacement-node": 82,
                "node-pos": 146,
                "template-line-number": 420
            }
        ]
    },
    "showifs": {
        "rule-1": {
            "type": "showif",
            "template-line-number": 18
        }
    },
    "line-numbers": {}
}