{
    "line-numbers": {},
    "substitutions": {
        "rule-2": [
            {
                "part": null,
                "template-line-number": 27,
                "replacement-node": 1,
                "node-pos": 10
            }
        ],
        "rule-12": [
            {
                "part": null,
                "template-line-number": 97,
                "replacement-node": 31,
                "node-pos": 54
            }
        ],
        "rule-18": [
            {
                "part": null,
                "template-line-number": 711,
                "replacement-node": 102,
                "node-pos": 200
            }
        ],
        "rule-11": [
            {
                "part": null,
                "template-line-number": 87,
                "expression-node": 29,
                "replacement-node": 28,
                "node-pos": 48
            }
        ],
        "rule-22": [
            {
                "part": null,
                "template-line-number": 747,
                "replacement-node": 112,
                "node-pos": 216
            }
        ],
        "rule-3": [
            {
                "part": null,
                "template-line-number": 32,
                "expression-node": 5,
                "replacement-node": 4,
                "node-pos": 14
            }
        ],
        "rule-16": [
            {
                "part": null,
                "template-line-number": 690,
                "replacement-node": 98,
                "node-pos": 192
            }
        ],
        "rule-23": {
            "subs": [
                {
                    "part": "1",
                    "replacement-node": 47,
                    "node-pos": 107,
                    "name": "ShipperLineItems",
                    "template-line-number": 540,
                    "extras": {}
                },
                {
                    "part": "1",
                    "replacement-node": 49,
                    "node-pos": 110,
                    "name": "ShipperLineItems",
                    "template-line-number": 546,
                    "expression-node": 50
                },
                {
                    "part": "10",
                    "replacement-node": 76,
                    "node-pos": 146,
                    "name": "ShipperLineItems",
                    "template-line-number": 604,
                    "expression-node": 77
                },
                {
                    "part": "11",
                    "replacement-node": 79,
                    "node-pos": 150,
                    "name": "ShipperLineItems",
                    "template-line-number": 610,
                    "expression-node": 80
                },
                {
                    "part": "12",
                    "replacement-node": 82,
                    "node-pos": 154,
                    "name": "ShipperLineItems",
                    "template-line-number": 616,
                    "expression-node": 83
                },
                {
                    "part": "13",
                    "replacement-node": 85,
                    "node-pos": 158,
                    "name": "ShipperLineItems",
                    "template-line-number": 623,
                    "expression-node": 86
                },
                {
                    "part": "14",
                    "replacement-node": 88,
                    "node-pos": 162,
                    "name": "ShipperLineItems",
                    "template-line-number": 629,
                    "expression-node": 89
                },
                {
                    "part": "15",
                    "replacement-node": 91,
                    "node-pos": 166,
                    "name": "ShipperLineItems",
                    "template-line-number": 635,
                    "expression-node": 92
                },
                {
                    "part": "2",
                    "replacement-node": 52,
                    "node-pos": 114,
                    "name": "ShipperLineItems",
                    "template-line-number": 553,
                    "expression-node": 53
                },
                {
                    "part": "3",
                    "replacement-node": 55,
                    "node-pos": 118,
                    "name": "ShipperLineItems",
                    "template-line-number": 559,
                    "expression-node": 56
                },
                {
                    "part": "4",
                    "replacement-node": 58,
                    "node-pos": 122,
                    "name": "ShipperLineItems",
                    "template-line-number": 565,
                    "expression-node": 59
                },
                {
                    "part": "5",
                    "replacement-node": 61,
                    "node-pos": 126,
                    "name": "ShipperLineItems",
                    "template-line-number": 571,
                    "expression-node": 62
                },
                {
                    "part": "6",
                    "replacement-node": 64,
                    "node-pos": 130,
                    "name": "ShipperLineItems",
                    "template-line-number": 580,
                    "expression-node": 65
                },
                {
                    "part": "7",
                    "replacement-node": 67,
                    "node-pos": 134,
                    "name": "ShipperLineItems",
                    "template-line-number": 586,
                    "expression-node": 68
                },
                {
                    "part": "8",
                    "replacement-node": 70,
                    "node-pos": 138,
                    "name": "ShipperLineItems",
                    "template-line-number": 592,
                    "expression-node": 71
                },
                {
                    "part": "9",
                    "replacement-node": 73,
                    "node-pos": 142,
                    "name": "ShipperLineItems",
                    "template-line-number": 598,
                    "expression-node": 74
                }
            ],
            "name": "ShipperLineItems"
        },
        "rule-19": [
            {
                "part": null,
                "template-line-number": 718,
                "expression-node": 105,
                "replacement-node": 104,
                "node-pos": 203
            }
        ],
        "rule-7": [
            {
                "part": null,
                "template-line-number": 67,
                "replacement-node": 16,
                "node-pos": 32
            }
        ],
        "rule-15": [
            {
                "part": null,
                "template-line-number": 677,
                "expression-node": 97,
                "replacement-node": 96,
                "node-pos": 187
            }
        ],
        "rule-20": [
            {
                "part": null,
                "template-line-number": 733,
                "expression-node": 107,
                "replacement-node": 106,
                "node-pos": 208
            }
        ],
        "rule-13": [
            {
                "part": null,
                "template-line-number": 108,
                "html": true,
                "replacement-node": 34,
                "node-pos": 59
            }
        ],
        "rule-5": [
            {
                "part": null,
                "template-line-number": 44,
                "html": true,
                "replacement-node": 10,
                "node-pos": 22
            }
        ],
        "rule-10": [
            {
                "part": null,
                "template-line-number": 82,
                "expression-node": 26,
                "replacement-node": 25,
                "node-pos": 44
            }
        ],
        "rule-8": [
            {
                "part": null,
                "template-line-number": 72,
                "expression-node": 20,
                "replacement-node": 19,
                "node-pos": 36
            }
        ],
        "rule-4": [
            {
                "part": null,
                "template-line-number": 38,
                "replacement-node": 7,
                "node-pos": 18
            }
        ],
        "rule-9": [
            {
                "part": null,
                "template-line-number": 77,
                "replacement-node": 22,
                "node-pos": 40
            }
        ],
        "rule-14": [
            {
                "part": null,
                "template-line-number": 670,
                "replacement-node": 94,
                "node-pos": 184
            }
        ],
        "rule-17": [
            {
                "part": null,
                "template-line-number": 697,
                "expression-node": 101,
                "replacement-node": 100,
                "node-pos": 195
            }
        ],
        "rule-6": [
            {
                "part": null,
                "template-line-number": 56,
                "html": true,
                "replacement-node": 13,
                "node-pos": 27
            }
        ],
        "rule-24": {
            "subs": [
                {
                    "part": "1",
                    "replacement-node": 40,
                    "node-pos": 97,
                    "name": "ShipperSuppliedHeadings",
                    "template-line-number": 166,
                    "extras": {}
                },
                {
                    "part": "2",
                    "replacement-node": 43,
                    "node-pos": 101,
                    "name": "ShipperSuppliedHeadings",
                    "template-line-number": 175,
                    "extras": {}
                },
                {
                    "part": "3",
                    "replacement-node": 38,
                    "node-pos": 95,
                    "name": "ShipperSuppliedHeadings",
                    "template-line-number": 162,
                    "extras": {}
                }
            ],
            "name": "ShipperSuppliedHeadings"
        },
        "rule-21": [
            {
                "part": null,
                "template-line-number": 738,
                "replacement-node": 109,
                "node-pos": 212
            }
        ]
    },
    "showifs": {
        "rule-1": {
            "template-line-number": 17,
            "type": "showif"
        }
    }
}