{
    "line-numbers": {},
    "substitutions": {
        "rule-7": [
            {
                "node-pos": 33,
                "replacement-node": 16,
                "part": null,
                "template-line-number": 68
            }
        ],
        "rule-12": [
            {
                "node-pos": 55,
                "replacement-node": 31,
                "part": null,
                "template-line-number": 98
            }
        ],
        "rule-4": [
            {
                "node-pos": 19,
                "replacement-node": 7,
                "part": null,
                "template-line-number": 39
            }
        ],
        "rule-8": [
            {
                "node-pos": 37,
                "replacement-node": 19,
                "part": null,
                "template-line-number": 73,
                "expression-node": 20
            }
        ],
        "rule-14": [
            {
                "node-pos": 108,
                "replacement-node": 63,
                "part": null,
                "template-line-number": 226,
                "expression-node": 64
            }
        ],
        "rule-18": {
            "subs": [
                {
                    "node-pos": 71,
                    "part": "1",
                    "extras": {},
                    "replacement-node": 38,
                    "name": "BSHeadings",
                    "template-line-number": 135
                },
                {
                    "node-pos": 75,
                    "part": "2",
                    "extras": {},
                    "replacement-node": 41,
                    "name": "BSHeadings",
                    "template-line-number": 142
                }
            ],
            "name": "BSHeadings"
        },
        "rule-17": {
            "subs": [
                {
                    "node-pos": 81,
                    "part": "1",
                    "extras": {},
                    "replacement-node": 45,
                    "name": "BSLineItems",
                    "template-line-number": 183
                },
                {
                    "node-pos": 89,
                    "part": "2",
                    "extras": {},
                    "replacement-node": 50,
                    "name": "BSLineItems",
                    "template-line-number": 194
                },
                {
                    "node-pos": 95,
                    "part": "3",
                    "extras": {},
                    "replacement-node": 55,
                    "name": "BSLineItems",
                    "template-line-number": 204
                },
                {
                    "node-pos": 98,
                    "part": "4",
                    "template-line-number": 209,
                    "expression-node": 58,
                    "replacement-node": 57,
                    "name": "BSLineItems"
                },
                {
                    "node-pos": 102,
                    "part": "5",
                    "template-line-number": 215,
                    "expression-node": 61,
                    "replacement-node": 60,
                    "name": "BSLineItems"
                },
                {
                    "node-pos": 87,
                    "part": "6",
                    "extras": {},
                    "replacement-node": 48,
                    "name": "BSLineItems",
                    "template-line-number": 190
                }
            ],
            "name": "BSLineItems"
        },
        "rule-9": [
            {
                "node-pos": 41,
                "replacement-node": 22,
                "part": null,
                "template-line-number": 78
            }
        ],
        "rule-6": [
            {
                "node-pos": 28,
                "html": true,
                "replacement-node": 13,
                "part": null,
                "template-line-number": 57
            }
        ],
        "rule-2": [
            {
                "node-pos": 11,
                "replacement-node": 1,
                "part": null,
                "template-line-number": 28
            }
        ],
        "rule-11": [
            {
                "node-pos": 49,
                "replacement-node": 28,
                "part": null,
                "template-line-number": 88,
                "expression-node": 29
            }
        ],
        "rule-15": [
            {
                "node-pos": 112,
                "replacement-node": 66,
                "part": null,
                "template-line-number": 231
            }
        ],
        "rule-13": [
            {
                "node-pos": 60,
                "html": true,
                "replacement-node": 34,
                "part": null,
                "template-line-number": 109
            }
        ],
        "rule-10": [
            {
                "node-pos": 45,
                "replacement-node": 25,
                "part": null,
                "template-line-number": 83,
                "expression-node": 26
            }
        ],
        "rule-16": [
            {
                "node-pos": 116,
                "replacement-node": 69,
                "part": null,
                "template-line-number": 240
            }
        ],
        "rule-3": [
            {
                "node-pos": 15,
                "replacement-node": 4,
                "part": null,
                "template-line-number": 33,
                "expression-node": 5
            }
        ],
        "rule-5": [
            {
                "node-pos": 23,
                "html": true,
                "replacement-node": 10,
                "part": null,
                "template-line-number": 45
            }
        ]
    },
    "showifs": {
        "rule-1": {
            "template-line-number": 18,
            "type": "showif"
        }
    }
}