{
    "substitutions": {
        "rule-5": [
            {
                "replacement-node": 15,
                "expression-node": 16,
                "template-line-number": 68,
                "node-pos": 33,
                "part": null
            }
        ],
        "rule-34": [
            {
                "replacement-node": 105,
                "node-pos": 170,
                "template-line-number": 349,
                "part": null
            }
        ],
        "rule-7": [
            {
                "replacement-node": 21,
                "node-pos": 42,
                "template-line-number": 82,
                "part": null
            }
        ],
        "rule-43": [
            {
                "replacement-node": 132,
                "node-pos": 221,
                "template-line-number": 459,
                "part": null
            }
        ],
        "rule-9": [
            {
                "replacement-node": 30,
                "node-pos": 56,
                "template-line-number": 107,
                "part": null
            }
        ],
        "rule-42": [
            {
                "replacement-node": 129,
                "expression-node": 130,
                "template-line-number": 448,
                "node-pos": 216,
                "part": null
            }
        ],
        "rule-26": [
            {
                "replacement-node": 81,
                "node-pos": 134,
                "template-line-number": 275,
                "part": null
            }
        ],
        "rule-38": [
            {
                "replacement-node": 117,
                "node-pos": 192,
                "template-line-number": 394,
                "part": null
            }
        ],
        "rule-20": [
            {
                "html": true,
                "replacement-node": 63,
                "node-pos": 106,
                "template-line-number": 213,
                "part": null
            }
        ],
        "rule-13": [
            {
                "replacement-node": 42,
                "node-pos": 74,
                "template-line-number": 145,
                "part": null
            }
        ],
        "rule-33": [
            {
                "replacement-node": 102,
                "expression-node": 103,
                "template-line-number": 340,
                "node-pos": 166,
                "part": null
            }
        ],
        "rule-24": [
            {
                "replacement-node": 75,
                "node-pos": 126,
                "template-line-number": 257,
                "part": null
            }
        ],
        "rule-16": [
            {
                "replacement-node": 51,
                "expression-node": 52,
                "template-line-number": 173,
                "node-pos": 88,
                "part": null
            }
        ],
        "rule-3": [
            {
                "replacement-node": 6,
                "node-pos": 20,
                "template-line-number": 43,
                "part": null
            }
        ],
        "rule-35": [
            {
                "replacement-node": 108,
                "expression-node": 109,
                "template-line-number": 357,
                "node-pos": 174,
                "part": null
            }
        ],
        "rule-10": [
            {
                "replacement-node": 33,
                "expression-node": 34,
                "template-line-number": 115,
                "node-pos": 61,
                "part": null
            }
        ],
        "rule-17": [
            {
                "replacement-node": 54,
                "node-pos": 93,
                "template-line-number": 185,
                "part": null
            }
        ],
        "rule-19": [
            {
                "replacement-node": 60,
                "node-pos": 102,
                "template-line-number": 203,
                "part": null
            }
        ],
        "rule-40": [
            {
                "replacement-node": 123,
                "expression-node": 124,
                "template-line-number": 430,
                "node-pos": 208,
                "part": null
            }
        ],
        "rule-36": [
            {
                "replacement-node": 111,
                "node-pos": 179,
                "template-line-number": 368,
                "part": null
            }
        ],
        "rule-1": [
            {
                "replacement-node": 0,
                "expression-node": 1,
                "template-line-number": 23,
                "node-pos": 9,
                "part": null
            }
        ],
        "rule-31": [
            {
                "replacement-node": 96,
                "expression-node": 97,
                "template-line-number": 323,
                "node-pos": 157,
                "part": null
            }
        ],
        "rule-51": {
            "subs": [
                {
                    "name": "PreviousName",
                    "expression-node": 25,
                    "part": "1",
                    "replacement-node": 24,
                    "node-pos": 47,
                    "template-line-number": 90
                }
            ],
            "name": "PreviousName"
        },
        "rule-47": [
            {
                "replacement-node": 144,
                "expression-node": 145,
                "template-line-number": 510,
                "node-pos": 244,
                "part": null
            }
        ],
        "rule-18": [
            {
                "replacement-node": 57,
                "expression-node": 58,
                "template-line-number": 193,
                "node-pos": 98,
                "part": null
            }
        ],
        "rule-22": [
            {
                "replacement-node": 69,
                "node-pos": 116,
                "template-line-number": 237,
                "part": null
            }
        ],
        "rule-41": [
            {
                "replacement-node": 126,
                "node-pos": 212,
                "template-line-number": 440,
                "part": null
            }
        ],
        "rule-8": [
            {
                "replacement-node": 27,
                "expression-node": 28,
                "template-line-number": 98,
                "node-pos": 51,
                "part": null
            }
        ],
        "rule-11": [
            {
                "replacement-node": 36,
                "node-pos": 66,
                "template-line-number": 127,
                "part": null
            }
        ],
        "rule-48": [
            {
                "replacement-node": 147,
                "node-pos": 248,
                "template-line-number": 515,
                "part": null
            }
        ],
        "rule-6": [
            {
                "replacement-node": 18,
                "expression-node": 19,
                "template-line-number": 73,
                "node-pos": 37,
                "part": null
            }
        ],
        "rule-4": [
            {
                "replacement-node": 12,
                "node-pos": 28,
                "template-line-number": 60,
                "part": null
            }
        ],
        "rule-28": [
            {
                "replacement-node": 87,
                "node-pos": 143,
                "template-line-number": 295,
                "part": null
            }
        ],
        "rule-39": [
            {
                "replacement-node": 120,
                "node-pos": 204,
                "template-line-number": 422,
                "part": null
            }
        ],
        "rule-32": [
            {
                "replacement-node": 99,
                "node-pos": 161,
                "template-line-number": 332,
                "part": null
            }
        ],
        "rule-50": {
            "subs": [
                {
                    "name": "RespondentLegalName",
                    "expression-node": 10,
                    "part": "1",
                    "replacement-node": 9,
                    "node-pos": 24,
                    "template-line-number": 51
                }
            ],
            "name": "RespondentLegalName"
        },
        "rule-15": [
            {
                "replacement-node": 48,
                "node-pos": 83,
                "template-line-number": 165,
                "part": null
            }
        ],
        "rule-45": [
            {
                "replacement-node": 138,
                "node-pos": 230,
                "template-line-number": 477,
                "part": null
            }
        ],
        "rule-2": [
            {
                "replacement-node": 3,
                "node-pos": 15,
                "template-line-number": 32,
                "part": null
            }
        ],
        "rule-27": [
            {
                "replacement-node": 84,
                "expression-node": 85,
                "template-line-number": 283,
                "node-pos": 138,
                "part": null
            }
        ],
        "rule-30": [
            {
                "replacement-node": 93,
                "node-pos": 153,
                "template-line-number": 315,
                "part": null
            }
        ],
        "rule-23": [
            {
                "replacement-node": 72,
                "expression-node": 73,
                "template-line-number": 245,
                "node-pos": 121,
                "part": null
            }
        ],
        "rule-12": [
            {
                "replacement-node": 39,
                "expression-node": 40,
                "template-line-number": 135,
                "node-pos": 70,
                "part": null
            }
        ],
        "rule-37": [
            {
                "replacement-node": 114,
                "expression-node": 115,
                "template-line-number": 376,
                "node-pos": 183,
                "part": null
            }
        ],
        "rule-14": [
            {
                "replacement-node": 45,
                "expression-node": 46,
                "template-line-number": 153,
                "node-pos": 78,
                "part": null
            }
        ],
        "rule-25": [
            {
                "replacement-node": 78,
                "expression-node": 79,
                "template-line-number": 265,
                "node-pos": 130,
                "part": null
            }
        ],
        "rule-46": [
            {
                "replacement-node": 141,
                "expression-node": 142,
                "template-line-number": 485,
                "node-pos": 234,
                "part": null
            }
        ],
        "rule-21": [
            {
                "html": true,
                "replacement-node": 66,
                "node-pos": 111,
                "template-line-number": 225,
                "part": null
            }
        ],
        "rule-49": [
            {
                "replacement-node": 150,
                "node-pos": 252,
                "template-line-number": 524,
                "part": null
            }
        ],
        "rule-29": [
            {
                "replacement-node": 90,
                "expression-node": 91,
                "template-line-number": 303,
                "node-pos": 148,
                "part": null
            }
        ],
        "rule-44": [
            {
                "replacement-node": 135,
                "expression-node": 136,
                "template-line-number": 467,
                "node-pos": 225,
                "part": null
            }
        ]
    },
    "line-numbers": {},
    "showifs": {}
}