{
    "showifs": {},
    "line-numbers": {
        "Transactions": [
            {
                "template-line-number": 213,
                "line-number-node": 47,
                "start-number": 2
            }
        ],
        "Transactions2": [
            {
                "template-line-number": 331,
                "line-number-node": 71,
                "start-number": 21
            }
        ]
    },
    "substitutions": {
        "rule-19": [
            {
                "part": null,
                "template-line-number": 389,
                "replacement-node": 91,
                "expression-node": 92,
                "node-pos": 168
            }
        ],
        "rule-24": {
            "subs": [
                {
                    "template-line-number": 133,
                    "extras": {},
                    "part": "1",
                    "node-pos": 70,
                    "replacement-node": 37,
                    "name": "ColumnHeadings"
                },
                {
                    "template-line-number": 140,
                    "extras": {},
                    "part": "2",
                    "node-pos": 74,
                    "replacement-node": 40,
                    "name": "ColumnHeadings"
                }
            ],
            "name": "ColumnHeadings"
        },
        "rule-6": [
            {
                "part": null,
                "node-pos": 31,
                "replacement-node": 15,
                "template-line-number": 61
            }
        ],
        "rule-8": [
            {
                "part": null,
                "node-pos": 39,
                "replacement-node": 21,
                "template-line-number": 71
            }
        ],
        "rule-9": [
            {
                "part": null,
                "template-line-number": 76,
                "replacement-node": 24,
                "expression-node": 25,
                "node-pos": 43
            }
        ],
        "rule-18": [
            {
                "part": null,
                "template-line-number": 375,
                "replacement-node": 88,
                "expression-node": 89,
                "node-pos": 162
            }
        ],
        "rule-14": [
            {
                "part": null,
                "node-pos": 111,
                "replacement-node": 61,
                "template-line-number": 243
            }
        ],
        "rule-5": [
            {
                "part": null,
                "node-pos": 26,
                "replacement-node": 12,
                "template-line-number": 50,
                "html": true
            }
        ],
        "rule-20": [
            {
                "part": null,
                "node-pos": 172,
                "replacement-node": 94,
                "template-line-number": 396
            }
        ],
        "rule-21": [
            {
                "part": null,
                "node-pos": 176,
                "replacement-node": 97,
                "template-line-number": 406
            }
        ],
        "rule-2": [
            {
                "part": null,
                "template-line-number": 26,
                "replacement-node": 3,
                "expression-node": 4,
                "node-pos": 13
            }
        ],
        "rule-22": {
            "subs": [
                {
                    "template-line-number": 217,
                    "name": "Transactions",
                    "expression-node": 50,
                    "part": "2",
                    "node-pos": 93,
                    "replacement-node": 49
                },
                {
                    "template-line-number": 222,
                    "name": "Transactions",
                    "expression-node": 53,
                    "part": "3",
                    "node-pos": 97,
                    "replacement-node": 52
                },
                {
                    "template-line-number": 227,
                    "name": "Transactions",
                    "expression-node": 56,
                    "part": "4",
                    "node-pos": 101,
                    "replacement-node": 55
                },
                {
                    "template-line-number": 232,
                    "name": "Transactions",
                    "expression-node": 59,
                    "part": "5",
                    "node-pos": 105,
                    "replacement-node": 58
                }
            ],
            "name": "Transactions"
        },
        "rule-13": [
            {
                "part": null,
                "node-pos": 80,
                "replacement-node": 43,
                "template-line-number": 152
            }
        ],
        "rule-11": [
            {
                "part": null,
                "node-pos": 53,
                "replacement-node": 30,
                "template-line-number": 91,
                "html": true
            }
        ],
        "rule-15": [
            {
                "part": null,
                "template-line-number": 257,
                "replacement-node": 64,
                "expression-node": 65,
                "node-pos": 118
            }
        ],
        "rule-4": [
            {
                "part": null,
                "node-pos": 21,
                "replacement-node": 9,
                "template-line-number": 38,
                "html": true
            }
        ],
        "rule-17": [
            {
                "part": null,
                "node-pos": 155,
                "replacement-node": 85,
                "template-line-number": 361
            }
        ],
        "rule-7": [
            {
                "part": null,
                "template-line-number": 66,
                "replacement-node": 18,
                "expression-node": 19,
                "node-pos": 35
            }
        ],
        "rule-16": [
            {
                "part": null,
                "node-pos": 124,
                "replacement-node": 67,
                "template-line-number": 270
            }
        ],
        "rule-23": {
            "subs": [
                {
                    "template-line-number": 335,
                    "name": "Transactions2",
                    "expression-node": 74,
                    "part": "2",
                    "node-pos": 137,
                    "replacement-node": 73
                },
                {
                    "template-line-number": 340,
                    "name": "Transactions2",
                    "expression-node": 77,
                    "part": "3",
                    "node-pos": 141,
                    "replacement-node": 76
                },
                {
                    "template-line-number": 345,
                    "name": "Transactions2",
                    "expression-node": 80,
                    "part": "4",
                    "node-pos": 145,
                    "replacement-node": 79
                },
                {
                    "template-line-number": 350,
                    "name": "Transactions2",
                    "expression-node": 83,
                    "part": "5",
                    "node-pos": 149,
                    "replacement-node": 82
                }
            ],
            "name": "Transactions2"
        },
        "rule-1": [
            {
                "part": null,
                "node-pos": 9,
                "replacement-node": 0,
                "template-line-number": 21
            }
        ],
        "rule-3": [
            {
                "part": null,
                "node-pos": 17,
                "replacement-node": 6,
                "template-line-number": 32
            }
        ],
        "rule-12": [
            {
                "part": null,
                "node-pos": 58,
                "replacement-node": 33,
                "template-line-number": 103,
                "html": true
            }
        ],
        "rule-10": [
            {
                "part": null,
                "template-line-number": 81,
                "replacement-node": 27,
                "expression-node": 28,
                "node-pos": 47
            }
        ]
    }
}