{
    "substitutions": {
        "rule-19": [
            {
                "part": null,
                "expression-node": 119,
                "replacement-node": 118,
                "template-line-number": 463,
                "node-pos": 202
            }
        ],
        "rule-7": [
            {
                "part": null,
                "expression-node": 19,
                "replacement-node": 18,
                "template-line-number": 67,
                "node-pos": 35
            }
        ],
        "rule-24": [
            {
                "part": null,
                "replacement-node": 133,
                "template-line-number": 513,
                "node-pos": 225
            }
        ],
        "rule-21": [
            {
                "part": null,
                "expression-node": 125,
                "replacement-node": 124,
                "template-line-number": 483,
                "node-pos": 210
            }
        ],
        "rule-6": [
            {
                "part": null,
                "replacement-node": 15,
                "template-line-number": 62,
                "node-pos": 31
            }
        ],
        "rule-25": [
            {
                "part": null,
                "replacement-node": 136,
                "template-line-number": 522,
                "node-pos": 229
            }
        ],
        "rule-10": [
            {
                "part": null,
                "expression-node": 28,
                "replacement-node": 27,
                "template-line-number": 82,
                "node-pos": 47
            }
        ],
        "rule-28": {
            "name": "TransmissionLinesAdded",
            "subs": [
                {
                    "part": "10",
                    "template-line-number": 342,
                    "node-pos": 133,
                    "name": "TransmissionLinesAdded",
                    "expression-node": 74,
                    "replacement-node": 73
                },
                {
                    "part": "11",
                    "template-line-number": 347,
                    "node-pos": 137,
                    "name": "TransmissionLinesAdded",
                    "expression-node": 77,
                    "replacement-node": 76
                },
                {
                    "part": "12",
                    "template-line-number": 352,
                    "node-pos": 141,
                    "name": "TransmissionLinesAdded",
                    "expression-node": 80,
                    "replacement-node": 79
                },
                {
                    "part": "13",
                    "template-line-number": 357,
                    "node-pos": 145,
                    "name": "TransmissionLinesAdded",
                    "expression-node": 83,
                    "replacement-node": 82
                },
                {
                    "part": "14",
                    "template-line-number": 362,
                    "node-pos": 149,
                    "name": "TransmissionLinesAdded",
                    "expression-node": 86,
                    "replacement-node": 85
                },
                {
                    "part": "15",
                    "template-line-number": 367,
                    "node-pos": 153,
                    "name": "TransmissionLinesAdded",
                    "expression-node": 89,
                    "replacement-node": 88
                },
                {
                    "part": "16",
                    "template-line-number": 372,
                    "node-pos": 157,
                    "name": "TransmissionLinesAdded",
                    "expression-node": 92,
                    "replacement-node": 91
                },
                {
                    "part": "17",
                    "template-line-number": 377,
                    "node-pos": 161,
                    "name": "TransmissionLinesAdded",
                    "expression-node": 95,
                    "replacement-node": 94
                },
                {
                    "part": "18",
                    "template-line-number": 382,
                    "node-pos": 165,
                    "name": "TransmissionLinesAdded",
                    "expression-node": 98,
                    "replacement-node": 97
                },
                {
                    "part": "2",
                    "template-line-number": 302,
                    "node-pos": 101,
                    "name": "TransmissionLinesAdded",
                    "expression-node": 50,
                    "replacement-node": 49
                },
                {
                    "part": "3",
                    "template-line-number": 307,
                    "node-pos": 105,
                    "name": "TransmissionLinesAdded",
                    "expression-node": 53,
                    "replacement-node": 52
                },
                {
                    "part": "4",
                    "template-line-number": 312,
                    "node-pos": 109,
                    "name": "TransmissionLinesAdded",
                    "expression-node": 56,
                    "replacement-node": 55
                },
                {
                    "part": "5",
                    "template-line-number": 317,
                    "node-pos": 113,
                    "name": "TransmissionLinesAdded",
                    "expression-node": 59,
                    "replacement-node": 58
                },
                {
                    "part": "6",
                    "template-line-number": 322,
                    "node-pos": 117,
                    "name": "TransmissionLinesAdded",
                    "expression-node": 62,
                    "replacement-node": 61
                },
                {
                    "part": "7",
                    "template-line-number": 327,
                    "node-pos": 121,
                    "name": "TransmissionLinesAdded",
                    "expression-node": 65,
                    "replacement-node": 64
                },
                {
                    "part": "8",
                    "template-line-number": 332,
                    "node-pos": 125,
                    "name": "TransmissionLinesAdded",
                    "expression-node": 68,
                    "replacement-node": 67
                },
                {
                    "part": "9",
                    "template-line-number": 337,
                    "node-pos": 129,
                    "name": "TransmissionLinesAdded",
                    "expression-node": 71,
                    "replacement-node": 70
                }
            ]
        },
        "rule-8": [
            {
                "part": null,
                "replacement-node": 21,
                "template-line-number": 72,
                "node-pos": 39
            }
        ],
        "rule-3": [
            {
                "part": null,
                "replacement-node": 6,
                "template-line-number": 33,
                "node-pos": 17
            }
        ],
        "rule-13": [
            {
                "part": null,
                "replacement-node": 100,
                "template-line-number": 393,
                "node-pos": 171
            }
        ],
        "rule-23": [
            {
                "part": null,
                "expression-node": 131,
                "replacement-node": 130,
                "template-line-number": 507,
                "node-pos": 221
            }
        ],
        "rule-1": [
            {
                "part": null,
                "replacement-node": 0,
                "template-line-number": 22,
                "node-pos": 9
            }
        ],
        "rule-15": [
            {
                "part": null,
                "expression-node": 107,
                "replacement-node": 106,
                "template-line-number": 418,
                "node-pos": 182
            }
        ],
        "rule-2": [
            {
                "part": null,
                "expression-node": 4,
                "replacement-node": 3,
                "template-line-number": 27,
                "node-pos": 13
            }
        ],
        "rule-4": [
            {
                "part": null,
                "html": true,
                "replacement-node": 9,
                "template-line-number": 39,
                "node-pos": 21
            }
        ],
        "rule-17": [
            {
                "part": null,
                "expression-node": 113,
                "replacement-node": 112,
                "template-line-number": 438,
                "node-pos": 190
            }
        ],
        "rule-22": [
            {
                "part": null,
                "expression-node": 128,
                "replacement-node": 127,
                "template-line-number": 493,
                "node-pos": 214
            }
        ],
        "rule-9": [
            {
                "part": null,
                "expression-node": 25,
                "replacement-node": 24,
                "template-line-number": 77,
                "node-pos": 43
            }
        ],
        "rule-16": [
            {
                "part": null,
                "expression-node": 110,
                "replacement-node": 109,
                "template-line-number": 428,
                "node-pos": 186
            }
        ],
        "rule-14": [
            {
                "part": null,
                "expression-node": 104,
                "replacement-node": 103,
                "template-line-number": 407,
                "node-pos": 177
            }
        ],
        "rule-11": [
            {
                "part": null,
                "html": true,
                "replacement-node": 30,
                "template-line-number": 92,
                "node-pos": 53
            }
        ],
        "rule-26": {
            "name": "RevenueHeadings",
            "subs": [
                {
                    "part": "1",
                    "template-line-number": 165,
                    "extras": {},
                    "node-pos": 84,
                    "name": "RevenueHeadings",
                    "replacement-node": 39
                },
                {
                    "part": "3",
                    "template-line-number": 161,
                    "extras": {},
                    "node-pos": 82,
                    "name": "RevenueHeadings",
                    "replacement-node": 37
                }
            ]
        },
        "rule-27": {
            "name": "RevenueHeadings2",
            "subs": [
                {
                    "part": "2",
                    "template-line-number": 191,
                    "extras": {},
                    "node-pos": 92,
                    "name": "RevenueHeadings2",
                    "replacement-node": 43
                }
            ]
        },
        "rule-5": [
            {
                "part": null,
                "html": true,
                "replacement-node": 12,
                "template-line-number": 51,
                "node-pos": 26
            }
        ],
        "rule-20": [
            {
                "part": null,
                "expression-node": 122,
                "replacement-node": 121,
                "template-line-number": 473,
                "node-pos": 206
            }
        ],
        "rule-12": [
            {
                "part": null,
                "html": true,
                "replacement-node": 33,
                "template-line-number": 104,
                "node-pos": 58
            }
        ],
        "rule-18": [
            {
                "part": null,
                "expression-node": 116,
                "replacement-node": 115,
                "template-line-number": 453,
                "node-pos": 198
            }
        ]
    },
    "showifs": {},
    "line-numbers": {
        "TransmissionLinesAdded": [
            {
                "start-number": 1,
                "line-number-node": 47,
                "template-line-number": 299
            }
        ]
    }
}