{
    "substitutions": {
        "rule-17": [
            {
                "node-pos": 223,
                "replacement-node": 128,
                "part": null,
                "template-line-number": 461
            }
        ],
        "rule-12": [
            {
                "html": true,
                "node-pos": 61,
                "replacement-node": 33,
                "part": null,
                "template-line-number": 102
            }
        ],
        "rule-16": [
            {
                "node-pos": 219,
                "replacement-node": 125,
                "part": null,
                "template-line-number": 452
            }
        ],
        "rule-11": [
            {
                "node-pos": 56,
                "replacement-node": 30,
                "part": null,
                "template-line-number": 91
            }
        ],
        "rule-15": [
            {
                "expression-node": 123,
                "node-pos": 215,
                "replacement-node": 122,
                "part": null,
                "template-line-number": 447
            }
        ],
        "rule-9": [
            {
                "expression-node": 25,
                "node-pos": 46,
                "replacement-node": 24,
                "part": null,
                "template-line-number": 76
            }
        ],
        "rule-3": [
            {
                "node-pos": 18,
                "replacement-node": 6,
                "part": null,
                "template-line-number": 32
            }
        ],
        "rule-19": {
            "subs": [
                {
                    "extras": {},
                    "node-pos": 170,
                    "name": "TaxClassificationLineItems",
                    "replacement-node": 90,
                    "part": "1",
                    "template-line-number": 362
                },
                {
                    "node-pos": 173,
                    "name": "TaxClassificationLineItems",
                    "expression-node": 93,
                    "replacement-node": 92,
                    "part": "2",
                    "template-line-number": 369
                },
                {
                    "node-pos": 177,
                    "name": "TaxClassificationLineItems",
                    "expression-node": 96,
                    "replacement-node": 95,
                    "part": "3",
                    "template-line-number": 377
                },
                {
                    "node-pos": 181,
                    "name": "TaxClassificationLineItems",
                    "expression-node": 99,
                    "replacement-node": 98,
                    "part": "4",
                    "template-line-number": 385
                },
                {
                    "node-pos": 185,
                    "name": "TaxClassificationLineItems",
                    "expression-node": 102,
                    "replacement-node": 101,
                    "part": "5",
                    "template-line-number": 393
                },
                {
                    "node-pos": 189,
                    "name": "TaxClassificationLineItems",
                    "expression-node": 105,
                    "replacement-node": 104,
                    "part": "6",
                    "template-line-number": 401
                },
                {
                    "node-pos": 197,
                    "name": "TaxClassificationLineItems",
                    "expression-node": 111,
                    "replacement-node": 110,
                    "part": "6",
                    "template-line-number": 416
                },
                {
                    "node-pos": 205,
                    "name": "TaxClassificationLineItems",
                    "expression-node": 117,
                    "replacement-node": 116,
                    "part": "6",
                    "template-line-number": 430
                },
                {
                    "node-pos": 209,
                    "name": "TaxClassificationLineItems",
                    "expression-node": 120,
                    "replacement-node": 119,
                    "part": "6",
                    "template-line-number": 437
                },
                {
                    "node-pos": 193,
                    "name": "TaxClassificationLineItems",
                    "expression-node": 108,
                    "replacement-node": 107,
                    "part": "7",
                    "template-line-number": 409
                },
                {
                    "node-pos": 201,
                    "name": "TaxClassificationLineItems",
                    "expression-node": 114,
                    "replacement-node": 113,
                    "part": "7",
                    "template-line-number": 423
                }
            ],
            "name": "TaxClassificationLineItems"
        },
        "rule-10": [
            {
                "expression-node": 28,
                "node-pos": 50,
                "replacement-node": 27,
                "part": null,
                "template-line-number": 81
            }
        ],
        "rule-2": [
            {
                "expression-node": 4,
                "node-pos": 14,
                "replacement-node": 3,
                "part": null,
                "template-line-number": 26
            }
        ],
        "rule-4": [
            {
                "html": true,
                "node-pos": 22,
                "replacement-node": 9,
                "part": null,
                "template-line-number": 38
            }
        ],
        "rule-1": [
            {
                "node-pos": 9,
                "replacement-node": 0,
                "part": null,
                "template-line-number": 21
            }
        ],
        "rule-14": [
            {
                "node-pos": 149,
                "replacement-node": 83,
                "part": null,
                "template-line-number": 289
            }
        ],
        "rule-8": [
            {
                "node-pos": 41,
                "replacement-node": 21,
                "part": null,
                "template-line-number": 71
            }
        ],
        "rule-5": [
            {
                "html": true,
                "node-pos": 27,
                "replacement-node": 12,
                "part": null,
                "template-line-number": 50
            }
        ],
        "rule-6": [
            {
                "node-pos": 32,
                "replacement-node": 15,
                "part": null,
                "template-line-number": 61
            }
        ],
        "rule-20": {
            "subs": [
                {
                    "extras": {},
                    "node-pos": 72,
                    "name": "DeferredIncomeTaxesHeadings",
                    "replacement-node": 37,
                    "part": "1",
                    "template-line-number": 126
                },
                {
                    "extras": {},
                    "node-pos": 76,
                    "name": "DeferredIncomeTaxesHeadings",
                    "replacement-node": 40,
                    "part": "2",
                    "template-line-number": 133
                }
            ],
            "name": "DeferredIncomeTaxesHeadings"
        },
        "rule-7": [
            {
                "expression-node": 19,
                "node-pos": 37,
                "replacement-node": 18,
                "part": null,
                "template-line-number": 66
            }
        ],
        "rule-18": {
            "subs": [
                {
                    "node-pos": 131,
                    "name": "DeferredIncomeTaxesLineItems",
                    "expression-node": 72,
                    "replacement-node": 71,
                    "part": "10",
                    "template-line-number": 260
                },
                {
                    "node-pos": 135,
                    "name": "DeferredIncomeTaxesLineItems",
                    "expression-node": 75,
                    "replacement-node": 74,
                    "part": "11",
                    "template-line-number": 266
                },
                {
                    "node-pos": 139,
                    "name": "DeferredIncomeTaxesLineItems",
                    "expression-node": 78,
                    "replacement-node": 77,
                    "part": "12",
                    "template-line-number": 272
                },
                {
                    "node-pos": 143,
                    "name": "DeferredIncomeTaxesLineItems",
                    "expression-node": 81,
                    "replacement-node": 80,
                    "part": "13",
                    "template-line-number": 278
                },
                {
                    "extras": {},
                    "node-pos": 103,
                    "name": "DeferredIncomeTaxesLineItems",
                    "replacement-node": 50,
                    "part": "2",
                    "template-line-number": 217
                },
                {
                    "extras": {},
                    "node-pos": 99,
                    "name": "DeferredIncomeTaxesLineItems",
                    "replacement-node": 47,
                    "part": "3",
                    "template-line-number": 210
                },
                {
                    "node-pos": 107,
                    "name": "DeferredIncomeTaxesLineItems",
                    "expression-node": 54,
                    "replacement-node": 53,
                    "part": "4",
                    "template-line-number": 224
                },
                {
                    "node-pos": 111,
                    "name": "DeferredIncomeTaxesLineItems",
                    "expression-node": 57,
                    "replacement-node": 56,
                    "part": "5",
                    "template-line-number": 230
                },
                {
                    "node-pos": 115,
                    "name": "DeferredIncomeTaxesLineItems",
                    "expression-node": 60,
                    "replacement-node": 59,
                    "part": "6",
                    "template-line-number": 236
                },
                {
                    "node-pos": 119,
                    "name": "DeferredIncomeTaxesLineItems",
                    "expression-node": 63,
                    "replacement-node": 62,
                    "part": "7",
                    "template-line-number": 242
                },
                {
                    "node-pos": 123,
                    "name": "DeferredIncomeTaxesLineItems",
                    "expression-node": 66,
                    "replacement-node": 65,
                    "part": "8",
                    "template-line-number": 248
                },
                {
                    "node-pos": 127,
                    "name": "DeferredIncomeTaxesLineItems",
                    "expression-node": 69,
                    "replacement-node": 68,
                    "part": "9",
                    "template-line-number": 254
                }
            ],
            "name": "DeferredIncomeTaxesLineItems"
        },
        "rule-13": [
            {
                "node-pos": 82,
                "replacement-node": 43,
                "part": null,
                "template-line-number": 144
            }
        ]
    },
    "showifs": {},
    "line-numbers": {
        "TaxClassificationLineItems": [
            {
                "start-number": 9,
                "line-number-node": 87,
                "template-line-number": 354
            }
        ]
    }
}