{
    "substitutions": {
        "rule-13": [
            {
                "part": null,
                "template-line-number": 144,
                "node-pos": 82,
                "replacement-node": 43
            }
        ],
        "rule-6": [
            {
                "part": null,
                "template-line-number": 61,
                "node-pos": 32,
                "replacement-node": 15
            }
        ],
        "rule-7": [
            {
                "part": null,
                "template-line-number": 66,
                "node-pos": 37,
                "expression-node": 19,
                "replacement-node": 18
            }
        ],
        "rule-10": [
            {
                "part": null,
                "template-line-number": 81,
                "node-pos": 50,
                "expression-node": 28,
                "replacement-node": 27
            }
        ],
        "rule-3": [
            {
                "part": null,
                "template-line-number": 32,
                "node-pos": 18,
                "replacement-node": 6
            }
        ],
        "rule-15": [
            {
                "part": null,
                "template-line-number": 447,
                "node-pos": 215,
                "expression-node": 123,
                "replacement-node": 122
            }
        ],
        "rule-19": {
            "name": "DeferredIncomeTaxesHeadings",
            "subs": [
                {
                    "part": "1",
                    "name": "DeferredIncomeTaxesHeadings",
                    "replacement-node": 37,
                    "node-pos": 72,
                    "template-line-number": 126,
                    "extras": {}
                },
                {
                    "part": "2",
                    "name": "DeferredIncomeTaxesHeadings",
                    "replacement-node": 40,
                    "node-pos": 76,
                    "template-line-number": 133,
                    "extras": {}
                }
            ]
        },
        "rule-20": {
            "name": "DeferredIncomeTaxesLineItems",
            "subs": [
                {
                    "part": "10",
                    "name": "DeferredIncomeTaxesLineItems",
                    "replacement-node": 71,
                    "node-pos": 131,
                    "expression-node": 72,
                    "template-line-number": 260
                },
                {
                    "part": "11",
                    "name": "DeferredIncomeTaxesLineItems",
                    "replacement-node": 74,
                    "node-pos": 135,
                    "expression-node": 75,
                    "template-line-number": 266
                },
                {
                    "part": "12",
                    "name": "DeferredIncomeTaxesLineItems",
                    "replacement-node": 77,
                    "node-pos": 139,
                    "expression-node": 78,
                    "template-line-number": 272
                },
                {
                    "part": "13",
                    "name": "DeferredIncomeTaxesLineItems",
                    "replacement-node": 80,
                    "node-pos": 143,
                    "expression-node": 81,
                    "template-line-number": 278
                },
                {
                    "part": "2",
                    "name": "DeferredIncomeTaxesLineItems",
                    "replacement-node": 50,
                    "node-pos": 103,
                    "template-line-number": 217,
                    "extras": {}
                },
                {
                    "part": "3",
                    "name": "DeferredIncomeTaxesLineItems",
                    "replacement-node": 47,
                    "node-pos": 99,
                    "template-line-number": 210,
                    "extras": {}
                },
                {
                    "part": "4",
                    "name": "DeferredIncomeTaxesLineItems",
                    "replacement-node": 53,
                    "node-pos": 107,
                    "expression-node": 54,
                    "template-line-number": 224
                },
                {
                    "part": "5",
                    "name": "DeferredIncomeTaxesLineItems",
                    "replacement-node": 56,
                    "node-pos": 111,
                    "expression-node": 57,
                    "template-line-number": 230
                },
                {
                    "part": "6",
                    "name": "DeferredIncomeTaxesLineItems",
                    "replacement-node": 59,
                    "node-pos": 115,
                    "expression-node": 60,
                    "template-line-number": 236
                },
                {
                    "part": "7",
                    "name": "DeferredIncomeTaxesLineItems",
                    "replacement-node": 62,
                    "node-pos": 119,
                    "expression-node": 63,
                    "template-line-number": 242
                },
                {
                    "part": "8",
                    "name": "DeferredIncomeTaxesLineItems",
                    "replacement-node": 65,
                    "node-pos": 123,
                    "expression-node": 66,
                    "template-line-number": 248
                },
                {
                    "part": "9",
                    "name": "DeferredIncomeTaxesLineItems",
                    "replacement-node": 68,
                    "node-pos": 127,
                    "expression-node": 69,
                    "template-line-number": 254
                }
            ]
        },
        "rule-2": [
            {
                "part": null,
                "template-line-number": 26,
                "node-pos": 14,
                "expression-node": 4,
                "replacement-node": 3
            }
        ],
        "rule-5": [
            {
                "part": null,
                "template-line-number": 50,
                "node-pos": 27,
                "html": true,
                "replacement-node": 12
            }
        ],
        "rule-12": [
            {
                "part": null,
                "template-line-number": 102,
                "node-pos": 61,
                "html": true,
                "replacement-node": 33
            }
        ],
        "rule-16": [
            {
                "part": null,
                "template-line-number": 452,
                "node-pos": 219,
                "replacement-node": 125
            }
        ],
        "rule-1": [
            {
                "part": null,
                "template-line-number": 21,
                "node-pos": 9,
                "replacement-node": 0
            }
        ],
        "rule-9": [
            {
                "part": null,
                "template-line-number": 76,
                "node-pos": 46,
                "expression-node": 25,
                "replacement-node": 24
            }
        ],
        "rule-8": [
            {
                "part": null,
                "template-line-number": 71,
                "node-pos": 41,
                "replacement-node": 21
            }
        ],
        "rule-11": [
            {
                "part": null,
                "template-line-number": 91,
                "node-pos": 56,
                "replacement-node": 30
            }
        ],
        "rule-14": [
            {
                "part": null,
                "template-line-number": 289,
                "node-pos": 149,
                "replacement-node": 83
            }
        ],
        "rule-18": {
            "name": "TaxClassificationLineItems",
            "subs": [
                {
                    "part": "1",
                    "name": "TaxClassificationLineItems",
                    "replacement-node": 90,
                    "node-pos": 170,
                    "template-line-number": 362,
                    "extras": {}
                },
                {
                    "part": "2",
                    "name": "TaxClassificationLineItems",
                    "replacement-node": 92,
                    "node-pos": 173,
                    "expression-node": 93,
                    "template-line-number": 369
                },
                {
                    "part": "3",
                    "name": "TaxClassificationLineItems",
                    "replacement-node": 95,
                    "node-pos": 177,
                    "expression-node": 96,
                    "template-line-number": 377
                },
                {
                    "part": "4",
                    "name": "TaxClassificationLineItems",
                    "replacement-node": 98,
                    "node-pos": 181,
                    "expression-node": 99,
                    "template-line-number": 385
                },
                {
                    "part": "5",
                    "name": "TaxClassificationLineItems",
                    "replacement-node": 101,
                    "node-pos": 185,
                    "expression-node": 102,
                    "template-line-number": 393
                },
                {
                    "part": "6",
                    "name": "TaxClassificationLineItems",
                    "replacement-node": 104,
                    "node-pos": 189,
                    "expression-node": 105,
                    "template-line-number": 401
                },
                {
                    "part": "6",
                    "name": "TaxClassificationLineItems",
                    "replacement-node": 110,
                    "node-pos": 197,
                    "expression-node": 111,
                    "template-line-number": 416
                },
                {
                    "part": "6",
                    "name": "TaxClassificationLineItems",
                    "replacement-node": 116,
                    "node-pos": 205,
                    "expression-node": 117,
                    "template-line-number": 430
                },
                {
                    "part": "6",
                    "name": "TaxClassificationLineItems",
                    "replacement-node": 119,
                    "node-pos": 209,
                    "expression-node": 120,
                    "template-line-number": 437
                },
                {
                    "part": "7",
                    "name": "TaxClassificationLineItems",
                    "replacement-node": 107,
                    "node-pos": 193,
                    "expression-node": 108,
                    "template-line-number": 409
                },
                {
                    "part": "7",
                    "name": "TaxClassificationLineItems",
                    "replacement-node": 113,
                    "node-pos": 201,
                    "expression-node": 114,
                    "template-line-number": 423
                }
            ]
        },
        "rule-17": [
            {
                "part": null,
                "template-line-number": 461,
                "node-pos": 223,
                "replacement-node": 128
            }
        ],
        "rule-4": [
            {
                "part": null,
                "template-line-number": 38,
                "node-pos": 22,
                "html": true,
                "replacement-node": 9
            }
        ]
    },
    "line-numbers": {
        "TaxClassificationLineItems": [
            {
                "start-number": 9,
                "template-line-number": 354,
                "line-number-node": 87
            }
        ]
    },
    "showifs": {}
}