{
    "showifs": {},
    "line-numbers": {
        "OtherSpecialFunds": [
            {
                "line-number-node": 44,
                "start-number": 1,
                "template-line-number": 186
            }
        ]
    },
    "substitutions": {
        "rule-4": [
            {
                "html": true,
                "template-line-number": 39,
                "replacement-node": 9,
                "part": null,
                "node-pos": 21
            }
        ],
        "rule-5": [
            {
                "html": true,
                "template-line-number": 51,
                "replacement-node": 12,
                "part": null,
                "node-pos": 26
            }
        ],
        "rule-14": [
            {
                "template-line-number": 220,
                "replacement-node": 56,
                "part": null,
                "node-pos": 98
            }
        ],
        "rule-16": {
            "subs": [
                {
                    "expression-node": 48,
                    "template-line-number": 193,
                    "replacement-node": 47,
                    "part": "2",
                    "name": "OtherSpecialFunds",
                    "node-pos": 84
                },
                {
                    "expression-node": 51,
                    "template-line-number": 201,
                    "replacement-node": 50,
                    "part": "3",
                    "name": "OtherSpecialFunds",
                    "node-pos": 88
                }
            ],
            "name": "OtherSpecialFunds"
        },
        "rule-11": [
            {
                "template-line-number": 92,
                "replacement-node": 30,
                "part": null,
                "node-pos": 53
            }
        ],
        "rule-6": [
            {
                "template-line-number": 62,
                "replacement-node": 15,
                "part": null,
                "node-pos": 31
            }
        ],
        "rule-8": [
            {
                "template-line-number": 72,
                "replacement-node": 21,
                "part": null,
                "node-pos": 39
            }
        ],
        "rule-1": [
            {
                "template-line-number": 22,
                "replacement-node": 0,
                "part": null,
                "node-pos": 9
            }
        ],
        "rule-2": [
            {
                "expression-node": 4,
                "template-line-number": 27,
                "replacement-node": 3,
                "part": null,
                "node-pos": 13
            }
        ],
        "rule-17": {
            "subs": [
                {
                    "template-line-number": 130,
                    "replacement-node": 37,
                    "part": "1",
                    "extras": {},
                    "name": "ColumnHeadings",
                    "node-pos": 70
                },
                {
                    "template-line-number": 137,
                    "replacement-node": 40,
                    "part": "2",
                    "extras": {},
                    "name": "ColumnHeadings",
                    "node-pos": 74
                }
            ],
            "name": "ColumnHeadings"
        },
        "rule-15": [
            {
                "template-line-number": 229,
                "replacement-node": 59,
                "part": null,
                "node-pos": 102
            }
        ],
        "rule-10": [
            {
                "expression-node": 28,
                "template-line-number": 82,
                "replacement-node": 27,
                "part": null,
                "node-pos": 47
            }
        ],
        "rule-13": [
            {
                "expression-node": 54,
                "template-line-number": 214,
                "replacement-node": 53,
                "part": null,
                "node-pos": 94
            }
        ],
        "rule-12": [
            {
                "html": true,
                "template-line-number": 103,
                "replacement-node": 33,
                "part": null,
                "node-pos": 58
            }
        ],
        "rule-3": [
            {
                "template-line-number": 33,
                "replacement-node": 6,
                "part": null,
                "node-pos": 17
            }
        ],
        "rule-7": [
            {
                "expression-node": 19,
                "template-line-number": 67,
                "replacement-node": 18,
                "part": null,
                "node-pos": 35
            }
        ],
        "rule-9": [
            {
                "expression-node": 25,
                "template-line-number": 77,
                "replacement-node": 24,
                "part": null,
                "node-pos": 43
            }
        ]
    }
}