{
    "substitutions": {
        "rule-7": [
            {
                "part": null,
                "expression-node": 19,
                "replacement-node": 18,
                "node-pos": 37,
                "template-line-number": 67
            }
        ],
        "rule-11": [
            {
                "part": null,
                "replacement-node": 30,
                "node-pos": 56,
                "template-line-number": 92
            }
        ],
        "rule-4": [
            {
                "part": null,
                "html": true,
                "replacement-node": 9,
                "node-pos": 22,
                "template-line-number": 39
            }
        ],
        "rule-1": [
            {
                "part": null,
                "replacement-node": 0,
                "node-pos": 10,
                "template-line-number": 22
            }
        ],
        "rule-8": [
            {
                "part": null,
                "replacement-node": 21,
                "node-pos": 41,
                "template-line-number": 72
            }
        ],
        "rule-13": [
            {
                "part": null,
                "expression-node": 58,
                "replacement-node": 57,
                "node-pos": 102,
                "template-line-number": 221
            }
        ],
        "rule-5": [
            {
                "part": null,
                "html": true,
                "replacement-node": 12,
                "node-pos": 27,
                "template-line-number": 51
            }
        ],
        "rule-2": [
            {
                "part": null,
                "expression-node": 4,
                "replacement-node": 3,
                "node-pos": 14,
                "template-line-number": 27
            }
        ],
        "rule-17": {
            "name": "officer",
            "subs": [
                {
                    "part": "2",
                    "template-line-number": 197,
                    "name": "officer",
                    "replacement-node": 48,
                    "expression-node": 49,
                    "node-pos": 88
                },
                {
                    "part": "3",
                    "template-line-number": 202,
                    "name": "officer",
                    "replacement-node": 51,
                    "expression-node": 52,
                    "node-pos": 92
                },
                {
                    "part": "5",
                    "template-line-number": 208,
                    "name": "officer",
                    "replacement-node": 54,
                    "expression-node": 55,
                    "node-pos": 96
                }
            ]
        },
        "rule-15": [
            {
                "part": null,
                "replacement-node": 63,
                "node-pos": 110,
                "template-line-number": 236
            }
        ],
        "rule-3": [
            {
                "part": null,
                "replacement-node": 6,
                "node-pos": 18,
                "template-line-number": 33
            }
        ],
        "rule-6": [
            {
                "part": null,
                "replacement-node": 15,
                "node-pos": 32,
                "template-line-number": 62
            }
        ],
        "rule-16": {
            "name": "ListHeadings",
            "subs": [
                {
                    "extras": {},
                    "part": "1",
                    "template-line-number": 135,
                    "name": "ListHeadings",
                    "replacement-node": 39,
                    "node-pos": 75
                },
                {
                    "extras": {},
                    "part": "2",
                    "template-line-number": 144,
                    "name": "ListHeadings",
                    "replacement-node": 42,
                    "node-pos": 79
                },
                {
                    "extras": {},
                    "part": "3",
                    "template-line-number": 131,
                    "name": "ListHeadings",
                    "replacement-node": 37,
                    "node-pos": 73
                }
            ]
        },
        "rule-9": [
            {
                "part": null,
                "expression-node": 25,
                "replacement-node": 24,
                "node-pos": 46,
                "template-line-number": 77
            }
        ],
        "rule-10": [
            {
                "part": null,
                "expression-node": 28,
                "replacement-node": 27,
                "node-pos": 50,
                "template-line-number": 82
            }
        ],
        "rule-14": [
            {
                "part": null,
                "replacement-node": 60,
                "node-pos": 106,
                "template-line-number": 226
            }
        ],
        "rule-12": [
            {
                "part": null,
                "html": true,
                "replacement-node": 33,
                "node-pos": 61,
                "template-line-number": 103
            }
        ]
    },
    "line-numbers": {
        "officer": [
            {
                "template-line-number": 194,
                "line-number-node": 46,
                "start-number": 1
            }
        ]
    },
    "showifs": {}
}