{
    "css": [
        "form-template.css"
    ],
    "templates": [
        {
            "template": "templates/t0/t0-template.html",
            "rule-meta-data": "templates/t0/t0-rule-meta-data.json",
            "xule-text": "templates/t0/t0-xule-text.xule",
            "name": "Form 1 - 000 - Cover",
            "xule-rule-set": "templates/t0/t0-xule-rule-set.zip"
        },
        {
            "template": "templates/t1/t1-template.html",
            "rule-meta-data": "templates/t1/t1-rule-meta-data.json",
            "xule-text": "templates/t1/t1-xule-text.xule",
            "name": "Form 1 - 000 - Instructions",
            "xule-rule-set": "templates/t1/t1-xule-rule-set.zip"
        },
        {
            "template": "templates/t2/t2-template.html",
            "rule-meta-data": "templates/t2/t2-rule-meta-data.json",
            "xule-text": "templates/t2/t2-xule-text.xule",
            "name": "Form 1 - 001 - 3Q - Identification",
            "xule-rule-set": "templates/t2/t2-xule-rule-set.zip"
        },
        {
            "template": "templates/t3/t3-template.html",
            "rule-meta-data": "templates/t3/t3-rule-meta-data.json",
            "xule-text": "templates/t3/t3-xule-text.xule",
            "name": "Form 1 - 002 - 3Q - List of Schedules",
            "xule-rule-set": "templates/t3/t3-xule-rule-set.zip"
        },
        {
            "template": "templates/t4/t4-template.html",
            "rule-meta-data": "templates/t4/t4-rule-meta-data.json",
            "xule-text": "templates/t4/t4-xule-text.xule",
            "name": "Form 1 - 108 - Important Changes",
            "xule-rule-set": "templates/t4/t4-xule-rule-set.zip"
        },
        {
            "template": "templates/t5/t5-template.html",
            "rule-meta-data": "templates/t5/t5-rule-meta-data.json",
            "xule-text": "templates/t5/t5-xule-text.xule",
            "name": "Form 1 - 110 - Comparative Balance Sheet - Assets And Other Debits",
            "xule-rule-set": "templates/t5/t5-xule-rule-set.zip"
        },
        {
            "template": "templates/t6/t6-template.html",
            "rule-meta-data": "templates/t6/t6-rule-meta-data.json",
            "xule-text": "templates/t6/t6-xule-text.xule",
            "name": "Form 1 - 110 - Comparative Balance Sheet - Liabilities and Other Credits",
            "xule-rule-set": "templates/t6/t6-xule-rule-set.zip"
        },
        {
            "template": "templates/t7/t7-template.html",
            "rule-meta-data": "templates/t7/t7-rule-meta-data.json",
            "xule-text": "templates/t7/t7-xule-text.xule",
            "name": "Form 1 - 114 - Statement of Income",
            "xule-rule-set": "templates/t7/t7-xule-rule-set.zip"
        },
        {
            "template": "templates/t8/t8-template.html",
            "rule-meta-data": "templates/t8/t8-rule-meta-data.json",
            "xule-text": "templates/t8/t8-xule-text.xule",
            "name": "Form 1 - 118 - Statement of Retained Earnings",
            "xule-rule-set": "templates/t8/t8-xule-rule-set.zip"
        },
        {
            "template": "templates/t9/t9-template.html",
            "rule-meta-data": "templates/t9/t9-rule-meta-data.json",
            "xule-text": "templates/t9/t9-xule-text.xule",
            "name": "Form 1 - 120 - Statement of Cash Flows",
            "xule-rule-set": "templates/t9/t9-xule-rule-set.zip"
        },
        {
            "template": "templates/t10/t10-template.html",
            "rule-meta-data": "templates/t10/t10-rule-meta-data.json",
            "xule-text": "templates/t10/t10-xule-text.xule",
            "name": "Form 1 - 122 - Notes to Financials",
            "xule-rule-set": "templates/t10/t10-xule-rule-set.zip"
        },
        {
            "template": "templates/t11/t11-template.html",
            "rule-meta-data": "templates/t11/t11-rule-meta-data.json",
            "xule-text": "templates/t11/t11-xule-text.xule",
            "name": "Form 1 - 122a - Statement of Accumulated Other Comprehensive Income and Hedging Activities",
            "xule-rule-set": "templates/t11/t11-xule-rule-set.zip"
        },
        {
            "template": "templates/t12/t12-template.html",
            "rule-meta-data": "templates/t12/t12-rule-meta-data.json",
            "xule-text": "templates/t12/t12-xule-text.xule",
            "name": "Form 1 - 200 - Summary of Utility Plant and Accumulated Provisions for Depreciation, Amortization and Depletion",
            "xule-rule-set": "templates/t12/t12-xule-rule-set.zip"
        },
        {
            "template": "templates/t13/t13-template.html",
            "rule-meta-data": "templates/t13/t13-rule-meta-data.json",
            "xule-text": "templates/t13/t13-xule-text.xule",
            "name": "Form 1 - 208 - 3Q - ELECTRIC PLANT IN SERVICE AND ACCUMULATED PROVISION FOR DEPRECIATION BY FUNCTION",
            "xule-rule-set": "templates/t13/t13-xule-rule-set.zip"
        },
        {
            "template": "templates/t14/t14-template.html",
            "rule-meta-data": "templates/t14/t14-rule-meta-data.json",
            "xule-text": "templates/t14/t14-xule-text.xule",
            "name": "Form 1 - 231 - Transmission Service and Generation Interconnection Study Cost",
            "xule-rule-set": "templates/t14/t14-xule-rule-set.zip"
        },
        {
            "template": "templates/t15/t15-template.html",
            "rule-meta-data": "templates/t15/t15-rule-meta-data.json",
            "xule-text": "templates/t15/t15-xule-text.xule",
            "name": "Form 1 - 232 - Other Regulatory Assets",
            "xule-rule-set": "templates/t15/t15-xule-rule-set.zip"
        },
        {
            "template": "templates/t16/t16-template.html",
            "rule-meta-data": "templates/t16/t16-rule-meta-data.json",
            "xule-text": "templates/t16/t16-xule-text.xule",
            "name": "Form 1 - 278 - Other Regulatory Liabilities (Account 254)",
            "xule-rule-set": "templates/t16/t16-xule-rule-set.zip"
        },
        {
            "template": "templates/t17/t17-template.html",
            "rule-meta-data": "templates/t17/t17-rule-meta-data.json",
            "xule-text": "templates/t17/t17-xule-text.xule",
            "name": "Form 1 - 300 - Electric Operating Revenues",
            "xule-rule-set": "templates/t17/t17-xule-rule-set.zip"
        },
        {
            "template": "templates/t18/t18-template.html",
            "rule-meta-data": "templates/t18/t18-rule-meta-data.json",
            "xule-text": "templates/t18/t18-xule-text.xule",
            "name": "Form 1 - 302 - Regional Transmission Service Revenues",
            "xule-rule-set": "templates/t18/t18-xule-rule-set.zip"
        },
        {
            "template": "templates/t19/t19-template.html",
            "rule-meta-data": "templates/t19/t19-rule-meta-data.json",
            "xule-text": "templates/t19/t19-xule-text.xule",
            "name": "Form 1 - 324 - 3Q - Electric Production, Other Expenses",
            "xule-rule-set": "templates/t19/t19-xule-rule-set.zip"
        },
        {
            "template": "templates/t20/t20-template.html",
            "rule-meta-data": "templates/t20/t20-rule-meta-data.json",
            "xule-text": "templates/t20/t20-xule-text.xule",
            "name": "Form 1 - 325 - 3Q - Electric Customer Accounts, Service, Sales, Administrative and General Expense",
            "xule-rule-set": "templates/t20/t20-xule-rule-set.zip"
        },
        {
            "template": "templates/t21/t21-template.html",
            "rule-meta-data": "templates/t21/t21-rule-meta-data.json",
            "xule-text": "templates/t21/t21-xule-text.xule",
            "name": "Form 1 - 328 - Transmission of Electricity for Others",
            "xule-rule-set": "templates/t21/t21-xule-rule-set.zip"
        },
        {
            "template": "templates/t22/t22-template.html",
            "rule-meta-data": "templates/t22/t22-rule-meta-data.json",
            "xule-text": "templates/t22/t22-xule-text.xule",
            "name": "Form 1 - 331 - Transmission of Electricity by ISO RTOs",
            "xule-rule-set": "templates/t22/t22-xule-rule-set.zip"
        },
        {
            "template": "templates/t23/t23-template.html",
            "rule-meta-data": "templates/t23/t23-rule-meta-data.json",
            "xule-text": "templates/t23/t23-xule-text.xule",
            "name": "Form 1 - 332 - Transmission of Electricity by Others",
            "xule-rule-set": "templates/t23/t23-xule-rule-set.zip"
        },
        {
            "template": "templates/t24/t24-template.html",
            "rule-meta-data": "templates/t24/t24-rule-meta-data.json",
            "xule-text": "templates/t24/t24-xule-text.xule",
            "name": "Form 1 - 338 - 3Q - Depreciation, Depletion and Amortization of Electric Plant",
            "xule-rule-set": "templates/t24/t24-xule-rule-set.zip"
        },
        {
            "template": "templates/t25/t25-template.html",
            "rule-meta-data": "templates/t25/t25-rule-meta-data.json",
            "xule-text": "templates/t25/t25-xule-text.xule",
            "name": "Form 1 - 397 - Amounts Included in ISO RTO Settlement Statements",
            "xule-rule-set": "templates/t25/t25-xule-rule-set.zip"
        },
        {
            "template": "templates/t26/t26-template.html",
            "rule-meta-data": "templates/t26/t26-rule-meta-data.json",
            "xule-text": "templates/t26/t26-xule-text.xule",
            "name": "Form 1 - 399 - 3Q - Monthly Peaks and Output",
            "xule-rule-set": "templates/t26/t26-xule-rule-set.zip"
        },
        {
            "template": "templates/t27/t27-template.html",
            "rule-meta-data": "templates/t27/t27-rule-meta-data.json",
            "xule-text": "templates/t27/t27-xule-text.xule",
            "name": "Form 1 - 400 - Monthly Trans Peak Load",
            "xule-rule-set": "templates/t27/t27-xule-rule-set.zip"
        },
        {
            "template": "templates/t28/t28-template.html",
            "rule-meta-data": "templates/t28/t28-rule-meta-data.json",
            "xule-text": "templates/t28/t28-xule-text.xule",
            "name": "Form 1 - 400a - ISO-RTO Monthly Trans Peak Load",
            "xule-rule-set": "templates/t28/t28-xule-rule-set.zip"
        }
    ]
}