{
    "line-numbers": {},
    "substitutions": {
        "rule-11": [
            {
                "replacement-node": 28,
                "node-pos": 49,
                "template-line-number": 89,
                "part": null,
                "expression-node": 29
            }
        ],
        "rule-14": [
            {
                "replacement-node": 57,
                "node-pos": 96,
                "template-line-number": 199,
                "part": null
            }
        ],
        "rule-5": [
            {
                "replacement-node": 10,
                "node-pos": 23,
                "template-line-number": 46,
                "part": null,
                "html": true
            }
        ],
        "rule-10": [
            {
                "replacement-node": 25,
                "node-pos": 45,
                "template-line-number": 84,
                "part": null,
                "expression-node": 26
            }
        ],
        "rule-8": [
            {
                "replacement-node": 19,
                "node-pos": 37,
                "template-line-number": 74,
                "part": null,
                "expression-node": 20
            }
        ],
        "rule-15": [
            {
                "replacement-node": 60,
                "node-pos": 100,
                "template-line-number": 209,
                "part": null
            }
        ],
        "rule-9": [
            {
                "replacement-node": 22,
                "node-pos": 41,
                "template-line-number": 79,
                "part": null
            }
        ],
        "rule-4": [
            {
                "replacement-node": 7,
                "node-pos": 19,
                "template-line-number": 40,
                "part": null
            }
        ],
        "rule-17": {
            "name": "ElectricOperationsAndMaintenanceExpensesHeadings",
            "subs": [
                {
                    "node-pos": 63,
                    "name": "ElectricOperationsAndMaintenanceExpensesHeadings",
                    "replacement-node": 35,
                    "extras": {},
                    "template-line-number": 122,
                    "part": "1"
                },
                {
                    "node-pos": 67,
                    "name": "ElectricOperationsAndMaintenanceExpensesHeadings",
                    "replacement-node": 38,
                    "extras": {},
                    "template-line-number": 129,
                    "part": "2"
                }
            ]
        },
        "rule-12": [
            {
                "replacement-node": 31,
                "node-pos": 55,
                "template-line-number": 99,
                "part": null
            }
        ],
        "rule-2": [
            {
                "replacement-node": 1,
                "node-pos": 11,
                "template-line-number": 29,
                "part": null
            }
        ],
        "rule-16": {
            "name": "ElectricOperationsAndMaintenanceExpensesLineItems",
            "subs": [
                {
                    "node-pos": 73,
                    "name": "ElectricOperationsAndMaintenanceExpensesLineItems",
                    "replacement-node": 42,
                    "extras": {},
                    "template-line-number": 163,
                    "part": "1"
                },
                {
                    "node-pos": 79,
                    "name": "ElectricOperationsAndMaintenanceExpensesLineItems",
                    "replacement-node": 45,
                    "extras": {},
                    "template-line-number": 170,
                    "part": "2"
                },
                {
                    "node-pos": 81,
                    "name": "ElectricOperationsAndMaintenanceExpensesLineItems",
                    "replacement-node": 47,
                    "extras": {},
                    "template-line-number": 174,
                    "part": "3"
                },
                {
                    "node-pos": 86,
                    "name": "ElectricOperationsAndMaintenanceExpensesLineItems",
                    "expression-node": 52,
                    "replacement-node": 51,
                    "template-line-number": 183,
                    "part": "4"
                }
            ]
        },
        "rule-7": [
            {
                "replacement-node": 16,
                "node-pos": 33,
                "template-line-number": 69,
                "part": null
            }
        ],
        "rule-3": [
            {
                "replacement-node": 4,
                "node-pos": 15,
                "template-line-number": 34,
                "part": null,
                "expression-node": 5
            }
        ],
        "rule-6": [
            {
                "replacement-node": 13,
                "node-pos": 28,
                "template-line-number": 58,
                "part": null,
                "html": true
            }
        ],
        "rule-13": [
            {
                "replacement-node": 54,
                "node-pos": 92,
                "template-line-number": 194,
                "part": null,
                "expression-node": 55
            }
        ]
    },
    "showifs": {
        "rule-1": {
            "template-line-number": 19,
            "type": "showif"
        }
    }
}