{
    "substitutions": {
        "rule-1": [
            {
                "template-line-number": 21,
                "node-pos": 9,
                "replacement-node": 0,
                "part": null
            }
        ],
        "rule-7": [
            {
                "template-line-number": 66,
                "node-pos": 35,
                "replacement-node": 18,
                "part": null,
                "expression-node": 19
            }
        ],
        "rule-11": [
            {
                "template-line-number": 91,
                "node-pos": 53,
                "replacement-node": 30,
                "part": null
            }
        ],
        "rule-6": [
            {
                "template-line-number": 61,
                "node-pos": 31,
                "replacement-node": 15,
                "part": null
            }
        ],
        "rule-9": [
            {
                "template-line-number": 76,
                "node-pos": 43,
                "replacement-node": 24,
                "part": null,
                "expression-node": 25
            }
        ],
        "rule-16": {
            "subs": [
                {
                    "template-line-number": 200,
                    "part": "2",
                    "expression-node": 48,
                    "node-pos": 84,
                    "name": "OtherInvestments",
                    "replacement-node": 47
                },
                {
                    "template-line-number": 208,
                    "part": "3",
                    "expression-node": 51,
                    "node-pos": 88,
                    "name": "OtherInvestments",
                    "replacement-node": 50
                },
                {
                    "template-line-number": 216,
                    "part": "4",
                    "expression-node": 54,
                    "node-pos": 92,
                    "name": "OtherInvestments",
                    "replacement-node": 53
                },
                {
                    "template-line-number": 224,
                    "part": "5",
                    "expression-node": 57,
                    "node-pos": 96,
                    "name": "OtherInvestments",
                    "replacement-node": 56
                }
            ],
            "name": "OtherInvestments"
        },
        "rule-13": [
            {
                "template-line-number": 237,
                "node-pos": 102,
                "replacement-node": 59,
                "part": null,
                "expression-node": 60
            }
        ],
        "rule-14": [
            {
                "template-line-number": 243,
                "node-pos": 106,
                "replacement-node": 62,
                "part": null
            }
        ],
        "rule-17": {
            "subs": [
                {
                    "template-line-number": 129,
                    "extras": {},
                    "part": "1",
                    "node-pos": 70,
                    "name": "ColumnHeadings",
                    "replacement-node": 37
                },
                {
                    "template-line-number": 136,
                    "extras": {},
                    "part": "2",
                    "node-pos": 74,
                    "name": "ColumnHeadings",
                    "replacement-node": 40
                }
            ],
            "name": "ColumnHeadings"
        },
        "rule-15": [
            {
                "template-line-number": 252,
                "node-pos": 110,
                "replacement-node": 65,
                "part": null
            }
        ],
        "rule-3": [
            {
                "template-line-number": 32,
                "node-pos": 17,
                "replacement-node": 6,
                "part": null
            }
        ],
        "rule-8": [
            {
                "template-line-number": 71,
                "node-pos": 39,
                "replacement-node": 21,
                "part": null
            }
        ],
        "rule-12": [
            {
                "template-line-number": 102,
                "node-pos": 58,
                "replacement-node": 33,
                "part": null,
                "html": true
            }
        ],
        "rule-10": [
            {
                "template-line-number": 81,
                "node-pos": 47,
                "replacement-node": 27,
                "part": null,
                "expression-node": 28
            }
        ],
        "rule-2": [
            {
                "template-line-number": 26,
                "node-pos": 13,
                "replacement-node": 3,
                "part": null,
                "expression-node": 4
            }
        ],
        "rule-4": [
            {
                "template-line-number": 38,
                "node-pos": 21,
                "replacement-node": 9,
                "part": null,
                "html": true
            }
        ],
        "rule-5": [
            {
                "template-line-number": 50,
                "node-pos": 26,
                "replacement-node": 12,
                "part": null,
                "html": true
            }
        ]
    },
    "showifs": {},
    "line-numbers": {
        "OtherInvestments": [
            {
                "line-number-node": 44,
                "template-line-number": 193,
                "start-number": 1
            }
        ]
    }
}