{
    "line-numbers": {},
    "substitutions": {
        "rule-68": [
            {
                "node-pos": 276,
                "expression-node": 166,
                "template-line-number": 655,
                "part": null,
                "replacement-node": 165
            }
        ],
        "rule-24": [
            {
                "node-pos": 120,
                "expression-node": 70,
                "template-line-number": 262,
                "part": null,
                "replacement-node": 69
            }
        ],
        "rule-80": [
            {
                "node-pos": 323,
                "template-line-number": 775,
                "part": null,
                "replacement-node": 196
            }
        ],
        "rule-20": [
            {
                "node-pos": 108,
                "expression-node": 62,
                "template-line-number": 230,
                "part": null,
                "replacement-node": 61
            }
        ],
        "rule-53": [
            {
                "node-pos": 222,
                "expression-node": 133,
                "template-line-number": 519,
                "part": null,
                "replacement-node": 132
            }
        ],
        "rule-13": [
            {
                "node-pos": 83,
                "template-line-number": 167,
                "part": null,
                "replacement-node": 45
            }
        ],
        "rule-75": [
            {
                "node-pos": 301,
                "expression-node": 182,
                "template-line-number": 719,
                "part": null,
                "replacement-node": 181
            }
        ],
        "rule-48": [
            {
                "node-pos": 204,
                "expression-node": 122,
                "template-line-number": 474,
                "part": null,
                "replacement-node": 121
            }
        ],
        "rule-57": [
            {
                "node-pos": 237,
                "expression-node": 142,
                "template-line-number": 556,
                "part": null,
                "replacement-node": 141
            }
        ],
        "rule-31": [
            {
                "node-pos": 146,
                "template-line-number": 326,
                "part": null,
                "replacement-node": 84
            }
        ],
        "rule-73": [
            {
                "node-pos": 293,
                "template-line-number": 699,
                "part": null,
                "replacement-node": 175
            }
        ],
        "rule-2": [
            {
                "node-pos": 14,
                "expression-node": 4,
                "template-line-number": 28,
                "part": null,
                "replacement-node": 3
            }
        ],
        "rule-8": [
            {
                "node-pos": 40,
                "template-line-number": 73,
                "part": null,
                "replacement-node": 21
            }
        ],
        "rule-6": [
            {
                "node-pos": 32,
                "template-line-number": 63,
                "part": null,
                "replacement-node": 15
            }
        ],
        "rule-12": [
            {
                "html": true,
                "node-pos": 59,
                "template-line-number": 107,
                "part": null,
                "replacement-node": 33
            }
        ],
        "rule-27": [
            {
                "node-pos": 132,
                "expression-node": 77,
                "template-line-number": 291,
                "part": null,
                "replacement-node": 76
            }
        ],
        "rule-3": [
            {
                "node-pos": 18,
                "template-line-number": 34,
                "part": null,
                "replacement-node": 6
            }
        ],
        "rule-25": [
            {
                "node-pos": 125,
                "template-line-number": 273,
                "part": null,
                "replacement-node": 71
            }
        ],
        "rule-49": [
            {
                "node-pos": 209,
                "template-line-number": 485,
                "part": null,
                "replacement-node": 123
            }
        ],
        "rule-55": [
            {
                "node-pos": 230,
                "template-line-number": 538,
                "part": null,
                "replacement-node": 136
            }
        ],
        "rule-42": [
            {
                "node-pos": 183,
                "expression-node": 109,
                "template-line-number": 421,
                "part": null,
                "replacement-node": 108
            }
        ],
        "rule-43": [
            {
                "node-pos": 188,
                "template-line-number": 432,
                "part": null,
                "replacement-node": 110
            }
        ],
        "rule-22": [
            {
                "node-pos": 114,
                "expression-node": 66,
                "template-line-number": 246,
                "part": null,
                "replacement-node": 65
            }
        ],
        "rule-65": [
            {
                "node-pos": 264,
                "expression-node": 159,
                "template-line-number": 626,
                "part": null,
                "replacement-node": 158
            }
        ],
        "rule-10": [
            {
                "node-pos": 48,
                "expression-node": 28,
                "template-line-number": 83,
                "part": null,
                "replacement-node": 27
            }
        ],
        "rule-19": [
            {
                "node-pos": 104,
                "template-line-number": 220,
                "part": null,
                "replacement-node": 58
            }
        ],
        "rule-67": [
            {
                "node-pos": 272,
                "template-line-number": 645,
                "part": null,
                "replacement-node": 162
            }
        ],
        "rule-64": [
            {
                "node-pos": 261,
                "expression-node": 157,
                "template-line-number": 618,
                "part": null,
                "replacement-node": 156
            }
        ],
        "rule-54": [
            {
                "node-pos": 225,
                "expression-node": 135,
                "template-line-number": 527,
                "part": null,
                "replacement-node": 134
            }
        ],
        "rule-44": [
            {
                "node-pos": 192,
                "expression-node": 114,
                "template-line-number": 442,
                "part": null,
                "replacement-node": 113
            }
        ],
        "rule-4": [
            {
                "html": true,
                "node-pos": 22,
                "template-line-number": 40,
                "part": null,
                "replacement-node": 9
            }
        ],
        "rule-41": [
            {
                "node-pos": 180,
                "expression-node": 107,
                "template-line-number": 413,
                "part": null,
                "replacement-node": 106
            }
        ],
        "rule-36": [
            {
                "node-pos": 162,
                "expression-node": 96,
                "template-line-number": 368,
                "part": null,
                "replacement-node": 95
            }
        ],
        "rule-78": [
            {
                "node-pos": 313,
                "expression-node": 191,
                "template-line-number": 749,
                "part": null,
                "replacement-node": 190
            }
        ],
        "rule-58": [
            {
                "node-pos": 240,
                "expression-node": 144,
                "template-line-number": 564,
                "part": null,
                "replacement-node": 143
            }
        ],
        "rule-30": [
            {
                "node-pos": 141,
                "expression-node": 83,
                "template-line-number": 315,
                "part": null,
                "replacement-node": 82
            }
        ],
        "rule-82": {
            "subs": [
                {
                    "extras": {},
                    "node-pos": 73,
                    "template-line-number": 147,
                    "replacement-node": 39,
                    "part": "1",
                    "name": "DepreciationOfPlantHeadings"
                },
                {
                    "extras": {},
                    "node-pos": 77,
                    "template-line-number": 155,
                    "replacement-node": 42,
                    "part": "2",
                    "name": "DepreciationOfPlantHeadings"
                },
                {
                    "extras": {},
                    "node-pos": 71,
                    "template-line-number": 143,
                    "replacement-node": 37,
                    "part": "3",
                    "name": "DepreciationOfPlantHeadings"
                }
            ],
            "name": "DepreciationOfPlantHeadings"
        },
        "rule-32": [
            {
                "node-pos": 150,
                "expression-node": 88,
                "template-line-number": 336,
                "part": null,
                "replacement-node": 87
            }
        ],
        "rule-38": [
            {
                "node-pos": 171,
                "expression-node": 101,
                "template-line-number": 389,
                "part": null,
                "replacement-node": 100
            }
        ],
        "rule-50": [
            {
                "node-pos": 213,
                "expression-node": 127,
                "template-line-number": 495,
                "part": null,
                "replacement-node": 126
            }
        ],
        "rule-26": [
            {
                "node-pos": 129,
                "expression-node": 75,
                "template-line-number": 283,
                "part": null,
                "replacement-node": 74
            }
        ],
        "rule-34": [
            {
                "node-pos": 156,
                "expression-node": 92,
                "template-line-number": 352,
                "part": null,
                "replacement-node": 91
            }
        ],
        "rule-63": [
            {
                "node-pos": 258,
                "expression-node": 155,
                "template-line-number": 610,
                "part": null,
                "replacement-node": 154
            }
        ],
        "rule-47": [
            {
                "node-pos": 201,
                "expression-node": 120,
                "template-line-number": 466,
                "part": null,
                "replacement-node": 119
            }
        ],
        "rule-33": [
            {
                "node-pos": 153,
                "expression-node": 90,
                "template-line-number": 344,
                "part": null,
                "replacement-node": 89
            }
        ],
        "rule-39": [
            {
                "node-pos": 174,
                "expression-node": 103,
                "template-line-number": 397,
                "part": null,
                "replacement-node": 102
            }
        ],
        "rule-70": [
            {
                "node-pos": 282,
                "expression-node": 170,
                "template-line-number": 671,
                "part": null,
                "replacement-node": 169
            }
        ],
        "rule-21": [
            {
                "node-pos": 111,
                "expression-node": 64,
                "template-line-number": 238,
                "part": null,
                "replacement-node": 63
            }
        ],
        "rule-29": [
            {
                "node-pos": 138,
                "expression-node": 81,
                "template-line-number": 307,
                "part": null,
                "replacement-node": 80
            }
        ],
        "rule-37": [
            {
                "node-pos": 167,
                "template-line-number": 379,
                "part": null,
                "replacement-node": 97
            }
        ],
        "rule-77": [
            {
                "node-pos": 309,
                "expression-node": 188,
                "template-line-number": 739,
                "part": null,
                "replacement-node": 187
            }
        ],
        "rule-14": [
            {
                "node-pos": 87,
                "expression-node": 49,
                "template-line-number": 177,
                "part": null,
                "replacement-node": 48
            }
        ],
        "rule-59": [
            {
                "node-pos": 243,
                "expression-node": 146,
                "template-line-number": 572,
                "part": null,
                "replacement-node": 145
            }
        ],
        "rule-1": [
            {
                "node-pos": 10,
                "template-line-number": 23,
                "part": null,
                "replacement-node": 0
            }
        ],
        "rule-79": [
            {
                "node-pos": 319,
                "expression-node": 194,
                "template-line-number": 768,
                "part": null,
                "replacement-node": 193
            }
        ],
        "rule-40": [
            {
                "node-pos": 177,
                "expression-node": 105,
                "template-line-number": 405,
                "part": null,
                "replacement-node": 104
            }
        ],
        "rule-60": [
            {
                "node-pos": 246,
                "expression-node": 148,
                "template-line-number": 580,
                "part": null,
                "replacement-node": 147
            }
        ],
        "rule-81": [
            {
                "node-pos": 327,
                "template-line-number": 785,
                "part": null,
                "replacement-node": 199
            }
        ],
        "rule-28": [
            {
                "node-pos": 135,
                "expression-node": 79,
                "template-line-number": 299,
                "part": null,
                "replacement-node": 78
            }
        ],
        "rule-18": [
            {
                "node-pos": 99,
                "expression-node": 57,
                "template-line-number": 209,
                "part": null,
                "replacement-node": 56
            }
        ],
        "rule-69": [
            {
                "node-pos": 279,
                "expression-node": 168,
                "template-line-number": 663,
                "part": null,
                "replacement-node": 167
            }
        ],
        "rule-5": [
            {
                "html": true,
                "node-pos": 27,
                "template-line-number": 52,
                "part": null,
                "replacement-node": 12
            }
        ],
        "rule-45": [
            {
                "node-pos": 195,
                "expression-node": 116,
                "template-line-number": 450,
                "part": null,
                "replacement-node": 115
            }
        ],
        "rule-9": [
            {
                "node-pos": 44,
                "expression-node": 25,
                "template-line-number": 78,
                "part": null,
                "replacement-node": 24
            }
        ],
        "rule-72": [
            {
                "node-pos": 288,
                "expression-node": 174,
                "template-line-number": 687,
                "part": null,
                "replacement-node": 173
            }
        ],
        "rule-74": [
            {
                "node-pos": 297,
                "expression-node": 179,
                "template-line-number": 709,
                "part": null,
                "replacement-node": 178
            }
        ],
        "rule-62": [
            {
                "node-pos": 255,
                "expression-node": 153,
                "template-line-number": 602,
                "part": null,
                "replacement-node": 152
            }
        ],
        "rule-16": [
            {
                "node-pos": 93,
                "expression-node": 53,
                "template-line-number": 193,
                "part": null,
                "replacement-node": 52
            }
        ],
        "rule-15": [
            {
                "node-pos": 90,
                "expression-node": 51,
                "template-line-number": 185,
                "part": null,
                "replacement-node": 50
            }
        ],
        "rule-76": [
            {
                "node-pos": 305,
                "expression-node": 185,
                "template-line-number": 729,
                "part": null,
                "replacement-node": 184
            }
        ],
        "rule-66": [
            {
                "node-pos": 267,
                "expression-node": 161,
                "template-line-number": 634,
                "part": null,
                "replacement-node": 160
            }
        ],
        "rule-51": [
            {
                "node-pos": 216,
                "expression-node": 129,
                "template-line-number": 503,
                "part": null,
                "replacement-node": 128
            }
        ],
        "rule-23": [
            {
                "node-pos": 117,
                "expression-node": 68,
                "template-line-number": 254,
                "part": null,
                "replacement-node": 67
            }
        ],
        "rule-11": [
            {
                "node-pos": 54,
                "template-line-number": 94,
                "part": null,
                "replacement-node": 30
            }
        ],
        "rule-61": [
            {
                "node-pos": 251,
                "template-line-number": 592,
                "part": null,
                "replacement-node": 149
            }
        ],
        "rule-17": [
            {
                "node-pos": 96,
                "expression-node": 55,
                "template-line-number": 201,
                "part": null,
                "replacement-node": 54
            }
        ],
        "rule-7": [
            {
                "node-pos": 36,
                "expression-node": 19,
                "template-line-number": 68,
                "part": null,
                "replacement-node": 18
            }
        ],
        "rule-71": [
            {
                "node-pos": 285,
                "expression-node": 172,
                "template-line-number": 679,
                "part": null,
                "replacement-node": 171
            }
        ],
        "rule-46": [
            {
                "node-pos": 198,
                "expression-node": 118,
                "template-line-number": 458,
                "part": null,
                "replacement-node": 117
            }
        ],
        "rule-52": [
            {
                "node-pos": 219,
                "expression-node": 131,
                "template-line-number": 511,
                "part": null,
                "replacement-node": 130
            }
        ],
        "rule-56": [
            {
                "node-pos": 234,
                "expression-node": 140,
                "template-line-number": 548,
                "part": null,
                "replacement-node": 139
            }
        ],
        "rule-35": [
            {
                "node-pos": 159,
                "expression-node": 94,
                "template-line-number": 360,
                "part": null,
                "replacement-node": 93
            }
        ]
    },
    "showifs": {}
}