{
    "line-numbers": {
        "SectionASequence1": [
            {
                "template-line-number": 362,
                "sub-number": true,
                "line-number-node": 83,
                "start-number": 9
            }
        ],
        "SectionASequence2": [
            {
                "template-line-number": 668,
                "sub-number": true,
                "line-number-node": 161,
                "start-number": 17
            }
        ]
    },
    "substitutions": {
        "rule-29": [
            {
                "part": null,
                "replacement-node": 182,
                "node-pos": 300,
                "template-line-number": 706
            }
        ],
        "rule-8": [
            {
                "part": null,
                "expression-node": 20,
                "replacement-node": 19,
                "node-pos": 36,
                "template-line-number": 70
            }
        ],
        "rule-15": [
            {
                "part": null,
                "expression-node": 48,
                "replacement-node": 47,
                "node-pos": 95,
                "template-line-number": 172
            }
        ],
        "rule-45": [
            {
                "part": null,
                "replacement-node": 256,
                "node-pos": 417,
                "template-line-number": 969
            }
        ],
        "rule-2": [
            {
                "part": null,
                "replacement-node": 1,
                "node-pos": 10,
                "template-line-number": 27
            }
        ],
        "rule-5": [
            {
                "part": null,
                "html": true,
                "replacement-node": 10,
                "node-pos": 22,
                "template-line-number": 43
            }
        ],
        "rule-3": [
            {
                "part": null,
                "expression-node": 5,
                "replacement-node": 4,
                "node-pos": 14,
                "template-line-number": 31
            }
        ],
        "rule-31": [
            {
                "part": null,
                "expression-node": 190,
                "replacement-node": 189,
                "node-pos": 310,
                "template-line-number": 728
            }
        ],
        "rule-17": [
            {
                "part": null,
                "expression-node": 54,
                "replacement-node": 53,
                "node-pos": 103,
                "template-line-number": 190
            }
        ],
        "rule-32": [
            {
                "part": null,
                "expression-node": 194,
                "replacement-node": 193,
                "node-pos": 315,
                "template-line-number": 738
            }
        ],
        "rule-28": [
            {
                "part": null,
                "expression-node": 157,
                "replacement-node": 156,
                "node-pos": 264,
                "template-line-number": 604
            }
        ],
        "rule-12": [
            {
                "part": null,
                "replacement-node": 31,
                "node-pos": 54,
                "template-line-number": 94
            }
        ],
        "rule-46": [
            {
                "part": null,
                "replacement-node": 259,
                "node-pos": 421,
                "template-line-number": 978
            }
        ],
        "rule-13": [
            {
                "part": null,
                "html": true,
                "replacement-node": 34,
                "node-pos": 59,
                "template-line-number": 104
            }
        ],
        "rule-52": {
            "subs": [
                {
                    "replacement-node": 217,
                    "name": "APLineItems3",
                    "template-line-number": 861,
                    "extras": {},
                    "part": "1",
                    "node-pos": 357
                },
                {
                    "replacement-node": 222,
                    "name": "APLineItems3",
                    "template-line-number": 872,
                    "extras": {},
                    "part": "2",
                    "node-pos": 365
                },
                {
                    "replacement-node": 226,
                    "name": "APLineItems3",
                    "template-line-number": 880,
                    "part": "4",
                    "expression-node": 227,
                    "node-pos": 370
                },
                {
                    "replacement-node": 229,
                    "name": "APLineItems3",
                    "template-line-number": 885,
                    "part": "5",
                    "expression-node": 230,
                    "node-pos": 374
                },
                {
                    "replacement-node": 220,
                    "name": "APLineItems3",
                    "template-line-number": 868,
                    "extras": {},
                    "part": "6",
                    "node-pos": 363
                },
                {
                    "replacement-node": 232,
                    "name": "APLineItems3",
                    "template-line-number": 890,
                    "part": "6",
                    "expression-node": 233,
                    "node-pos": 378
                },
                {
                    "replacement-node": 235,
                    "name": "APLineItems3",
                    "template-line-number": 895,
                    "part": "7",
                    "expression-node": 236,
                    "node-pos": 382
                }
            ],
            "name": "APLineItems3"
        },
        "rule-25": [
            {
                "part": null,
                "expression-node": 145,
                "replacement-node": 144,
                "node-pos": 249,
                "template-line-number": 574
            }
        ],
        "rule-23": [
            {
                "part": null,
                "expression-node": 113,
                "replacement-node": 112,
                "node-pos": 196,
                "template-line-number": 442
            }
        ],
        "rule-50": {
            "subs": [
                {
                    "replacement-node": 116,
                    "name": "APLineItems2",
                    "template-line-number": 507,
                    "extras": {},
                    "part": "1",
                    "node-pos": 209
                },
                {
                    "replacement-node": 121,
                    "name": "APLineItems2",
                    "template-line-number": 518,
                    "extras": {},
                    "part": "2",
                    "node-pos": 217
                },
                {
                    "replacement-node": 125,
                    "name": "APLineItems2",
                    "template-line-number": 528,
                    "part": "4",
                    "expression-node": 126,
                    "node-pos": 222
                },
                {
                    "replacement-node": 129,
                    "name": "APLineItems2",
                    "template-line-number": 536,
                    "part": "5",
                    "expression-node": 130,
                    "node-pos": 227
                },
                {
                    "replacement-node": 119,
                    "name": "APLineItems2",
                    "template-line-number": 514,
                    "extras": {},
                    "part": "6",
                    "node-pos": 215
                },
                {
                    "replacement-node": 133,
                    "name": "APLineItems2",
                    "template-line-number": 544,
                    "part": "6",
                    "expression-node": 134,
                    "node-pos": 232
                },
                {
                    "replacement-node": 137,
                    "name": "APLineItems2",
                    "template-line-number": 551,
                    "part": "7",
                    "expression-node": 138,
                    "node-pos": 237
                }
            ],
            "name": "APLineItems2"
        },
        "rule-30": [
            {
                "part": null,
                "expression-node": 186,
                "replacement-node": 185,
                "node-pos": 305,
                "template-line-number": 718
            }
        ],
        "rule-49": {
            "subs": [
                {
                    "replacement-node": 38,
                    "name": "APHeadings",
                    "template-line-number": 133,
                    "extras": {},
                    "part": "1",
                    "node-pos": 73
                },
                {
                    "replacement-node": 41,
                    "name": "APHeadings",
                    "template-line-number": 140,
                    "extras": {},
                    "part": "2",
                    "node-pos": 77
                }
            ],
            "name": "APHeadings"
        },
        "rule-10": [
            {
                "part": null,
                "expression-node": 26,
                "replacement-node": 25,
                "node-pos": 44,
                "template-line-number": 79
            }
        ],
        "rule-9": [
            {
                "part": null,
                "replacement-node": 22,
                "node-pos": 40,
                "template-line-number": 75
            }
        ],
        "rule-38": [
            {
                "part": null,
                "expression-node": 214,
                "replacement-node": 213,
                "node-pos": 344,
                "template-line-number": 801
            }
        ],
        "rule-16": [
            {
                "part": null,
                "expression-node": 51,
                "replacement-node": 50,
                "node-pos": 99,
                "template-line-number": 181
            }
        ],
        "rule-11": [
            {
                "part": null,
                "expression-node": 29,
                "replacement-node": 28,
                "node-pos": 48,
                "template-line-number": 84
            }
        ],
        "rule-48": {
            "subs": [
                {
                    "replacement-node": 60,
                    "name": "APLineItems",
                    "template-line-number": 258,
                    "extras": {},
                    "part": "1",
                    "node-pos": 120
                },
                {
                    "replacement-node": 65,
                    "name": "APLineItems",
                    "template-line-number": 269,
                    "part": "2",
                    "expression-node": 66,
                    "node-pos": 128
                },
                {
                    "replacement-node": 70,
                    "name": "APLineItems",
                    "template-line-number": 280,
                    "part": "4",
                    "expression-node": 71,
                    "node-pos": 134
                },
                {
                    "replacement-node": 73,
                    "name": "APLineItems",
                    "template-line-number": 287,
                    "part": "5",
                    "expression-node": 74,
                    "node-pos": 138
                },
                {
                    "replacement-node": 63,
                    "name": "APLineItems",
                    "template-line-number": 265,
                    "extras": {},
                    "part": "6",
                    "node-pos": 126
                },
                {
                    "replacement-node": 76,
                    "name": "APLineItems",
                    "template-line-number": 294,
                    "part": "6",
                    "expression-node": 77,
                    "node-pos": 142
                },
                {
                    "replacement-node": 79,
                    "name": "APLineItems",
                    "template-line-number": 300,
                    "part": "7",
                    "expression-node": 80,
                    "node-pos": 146
                }
            ],
            "name": "APLineItems"
        },
        "rule-19": [
            {
                "part": null,
                "replacement-node": 100,
                "node-pos": 179,
                "template-line-number": 402
            }
        ],
        "rule-36": [
            {
                "part": null,
                "expression-node": 208,
                "replacement-node": 207,
                "node-pos": 336,
                "template-line-number": 783
            }
        ],
        "rule-18": [
            {
                "part": null,
                "expression-node": 57,
                "replacement-node": 56,
                "node-pos": 107,
                "template-line-number": 199
            }
        ],
        "rule-34": [
            {
                "part": null,
                "replacement-node": 201,
                "node-pos": 327,
                "template-line-number": 762
            }
        ],
        "rule-22": [
            {
                "part": null,
                "expression-node": 110,
                "replacement-node": 109,
                "node-pos": 192,
                "template-line-number": 433
            }
        ],
        "rule-47": {
            "subs": [
                {
                    "replacement-node": 85,
                    "name": "SectionASequence1",
                    "template-line-number": 366,
                    "part": "2",
                    "expression-node": 86,
                    "node-pos": 155
                },
                {
                    "replacement-node": 88,
                    "name": "SectionASequence1",
                    "template-line-number": 371,
                    "part": "3",
                    "expression-node": 89,
                    "node-pos": 159
                },
                {
                    "replacement-node": 91,
                    "name": "SectionASequence1",
                    "template-line-number": 376,
                    "part": "4",
                    "expression-node": 92,
                    "node-pos": 163
                },
                {
                    "replacement-node": 94,
                    "name": "SectionASequence1",
                    "template-line-number": 381,
                    "part": "5",
                    "expression-node": 95,
                    "node-pos": 167
                },
                {
                    "replacement-node": 97,
                    "name": "SectionASequence1",
                    "template-line-number": 386,
                    "part": "6",
                    "expression-node": 98,
                    "node-pos": 171
                }
            ],
            "name": "SectionASequence1"
        },
        "rule-51": {
            "subs": [
                {
                    "replacement-node": 163,
                    "name": "SectionASequence2",
                    "template-line-number": 672,
                    "part": "2",
                    "expression-node": 164,
                    "node-pos": 274
                },
                {
                    "replacement-node": 166,
                    "name": "SectionASequence2",
                    "template-line-number": 677,
                    "part": "3",
                    "expression-node": 167,
                    "node-pos": 278
                },
                {
                    "replacement-node": 170,
                    "name": "SectionASequence2",
                    "template-line-number": 684,
                    "part": "4",
                    "expression-node": 171,
                    "node-pos": 283
                },
                {
                    "replacement-node": 174,
                    "name": "SectionASequence2",
                    "template-line-number": 689,
                    "part": "5",
                    "expression-node": 175,
                    "node-pos": 288
                },
                {
                    "replacement-node": 178,
                    "name": "SectionASequence2",
                    "template-line-number": 694,
                    "part": "6",
                    "expression-node": 179,
                    "node-pos": 293
                }
            ],
            "name": "SectionASequence2"
        },
        "rule-41": [
            {
                "part": null,
                "expression-node": 245,
                "replacement-node": 244,
                "node-pos": 399,
                "template-line-number": 932
            }
        ],
        "rule-37": [
            {
                "part": null,
                "expression-node": 211,
                "replacement-node": 210,
                "node-pos": 340,
                "template-line-number": 792
            }
        ],
        "rule-24": [
            {
                "part": null,
                "replacement-node": 141,
                "node-pos": 244,
                "template-line-number": 562
            }
        ],
        "rule-26": [
            {
                "part": null,
                "expression-node": 149,
                "replacement-node": 148,
                "node-pos": 254,
                "template-line-number": 584
            }
        ],
        "rule-42": [
            {
                "part": null,
                "expression-node": 248,
                "replacement-node": 247,
                "node-pos": 403,
                "template-line-number": 941
            }
        ],
        "rule-20": [
            {
                "part": null,
                "expression-node": 104,
                "replacement-node": 103,
                "node-pos": 184,
                "template-line-number": 415
            }
        ],
        "rule-33": [
            {
                "part": null,
                "expression-node": 198,
                "replacement-node": 197,
                "node-pos": 320,
                "template-line-number": 748
            }
        ],
        "rule-44": [
            {
                "part": null,
                "expression-node": 254,
                "replacement-node": 253,
                "node-pos": 413,
                "template-line-number": 964
            }
        ],
        "rule-14": [
            {
                "part": null,
                "replacement-node": 44,
                "node-pos": 90,
                "template-line-number": 160
            }
        ],
        "rule-7": [
            {
                "part": null,
                "replacement-node": 16,
                "node-pos": 32,
                "template-line-number": 66
            }
        ],
        "rule-6": [
            {
                "part": null,
                "html": true,
                "replacement-node": 13,
                "node-pos": 27,
                "template-line-number": 55
            }
        ],
        "rule-35": [
            {
                "part": null,
                "expression-node": 205,
                "replacement-node": 204,
                "node-pos": 332,
                "template-line-number": 774
            }
        ],
        "rule-40": [
            {
                "part": null,
                "expression-node": 242,
                "replacement-node": 241,
                "node-pos": 395,
                "template-line-number": 923
            }
        ],
        "rule-39": [
            {
                "part": null,
                "replacement-node": 238,
                "node-pos": 390,
                "template-line-number": 910
            }
        ],
        "rule-27": [
            {
                "part": null,
                "expression-node": 153,
                "replacement-node": 152,
                "node-pos": 259,
                "template-line-number": 594
            }
        ],
        "rule-21": [
            {
                "part": null,
                "expression-node": 107,
                "replacement-node": 106,
                "node-pos": 188,
                "template-line-number": 424
            }
        ],
        "rule-4": [
            {
                "part": null,
                "replacement-node": 7,
                "node-pos": 18,
                "template-line-number": 37
            }
        ],
        "rule-43": [
            {
                "part": null,
                "expression-node": 251,
                "replacement-node": 250,
                "node-pos": 407,
                "template-line-number": 950
            }
        ]
    },
    "showifs": {
        "rule-1": {
            "type": "showif",
            "template-line-number": 17
        }
    }
}