{
    "substitutions": {
        "rule-17": [
            {
                "part": null,
                "replacement-node": 70,
                "node-pos": 130,
                "template-line-number": 287
            }
        ],
        "rule-18": [
            {
                "part": null,
                "replacement-node": 88,
                "node-pos": 161,
                "template-line-number": 389
            }
        ],
        "rule-14": [
            {
                "part": null,
                "replacement-node": 46,
                "node-pos": 86,
                "template-line-number": 161
            }
        ],
        "rule-12": [
            {
                "part": null,
                "replacement-node": 31,
                "node-pos": 54,
                "template-line-number": 94
            }
        ],
        "rule-16": [
            {
                "part": null,
                "replacement-node": 67,
                "expression-node": 68,
                "node-pos": 124,
                "template-line-number": 274
            }
        ],
        "rule-7": [
            {
                "part": null,
                "replacement-node": 16,
                "node-pos": 32,
                "template-line-number": 66
            }
        ],
        "rule-5": [
            {
                "part": null,
                "replacement-node": 10,
                "html": true,
                "node-pos": 22,
                "template-line-number": 43
            }
        ],
        "rule-23": {
            "subs": [
                {
                    "replacement-node": 40,
                    "node-pos": 76,
                    "template-line-number": 140,
                    "part": "1",
                    "name": "HeadingRow",
                    "extras": {}
                },
                {
                    "replacement-node": 43,
                    "node-pos": 80,
                    "template-line-number": 149,
                    "part": "2",
                    "name": "HeadingRow",
                    "extras": {}
                },
                {
                    "replacement-node": 38,
                    "node-pos": 74,
                    "template-line-number": 136,
                    "part": "3",
                    "name": "HeadingRow",
                    "extras": {}
                }
            ],
            "name": "HeadingRow"
        },
        "rule-2": [
            {
                "part": null,
                "replacement-node": 1,
                "node-pos": 10,
                "template-line-number": 27
            }
        ],
        "rule-6": [
            {
                "part": null,
                "replacement-node": 13,
                "html": true,
                "node-pos": 27,
                "template-line-number": 55
            }
        ],
        "rule-8": [
            {
                "part": null,
                "replacement-node": 19,
                "expression-node": 20,
                "node-pos": 36,
                "template-line-number": 70
            }
        ],
        "rule-10": [
            {
                "part": null,
                "replacement-node": 25,
                "expression-node": 26,
                "node-pos": 44,
                "template-line-number": 79
            }
        ],
        "rule-13": [
            {
                "part": null,
                "replacement-node": 34,
                "html": true,
                "node-pos": 59,
                "template-line-number": 105
            }
        ],
        "rule-25": {
            "subs": [
                {
                    "replacement-node": 52,
                    "node-pos": 99,
                    "template-line-number": 234,
                    "part": "2",
                    "expression-node": 53,
                    "name": "Transactions"
                },
                {
                    "replacement-node": 55,
                    "node-pos": 103,
                    "template-line-number": 239,
                    "part": "3",
                    "expression-node": 56,
                    "name": "Transactions"
                },
                {
                    "replacement-node": 58,
                    "node-pos": 107,
                    "template-line-number": 244,
                    "part": "4",
                    "expression-node": 59,
                    "name": "Transactions"
                },
                {
                    "replacement-node": 61,
                    "node-pos": 111,
                    "template-line-number": 249,
                    "part": "5",
                    "expression-node": 62,
                    "name": "Transactions"
                }
            ],
            "name": "Transactions"
        },
        "rule-4": [
            {
                "part": null,
                "replacement-node": 7,
                "node-pos": 18,
                "template-line-number": 37
            }
        ],
        "rule-19": [
            {
                "part": null,
                "replacement-node": 91,
                "expression-node": 92,
                "node-pos": 168,
                "template-line-number": 403
            }
        ],
        "rule-3": [
            {
                "part": null,
                "replacement-node": 4,
                "expression-node": 5,
                "node-pos": 14,
                "template-line-number": 31
            }
        ],
        "rule-9": [
            {
                "part": null,
                "replacement-node": 22,
                "node-pos": 40,
                "template-line-number": 75
            }
        ],
        "rule-24": {
            "subs": [
                {
                    "replacement-node": 76,
                    "node-pos": 143,
                    "template-line-number": 363,
                    "part": "2",
                    "expression-node": 77,
                    "name": "Transactions2"
                },
                {
                    "replacement-node": 79,
                    "node-pos": 147,
                    "template-line-number": 368,
                    "part": "3",
                    "expression-node": 80,
                    "name": "Transactions2"
                },
                {
                    "replacement-node": 82,
                    "node-pos": 151,
                    "template-line-number": 373,
                    "part": "4",
                    "expression-node": 83,
                    "name": "Transactions2"
                },
                {
                    "replacement-node": 85,
                    "node-pos": 155,
                    "template-line-number": 378,
                    "part": "5",
                    "expression-node": 86,
                    "name": "Transactions2"
                }
            ],
            "name": "Transactions2"
        },
        "rule-21": [
            {
                "part": null,
                "replacement-node": 97,
                "node-pos": 178,
                "template-line-number": 421
            }
        ],
        "rule-22": [
            {
                "part": null,
                "replacement-node": 100,
                "node-pos": 182,
                "template-line-number": 430
            }
        ],
        "rule-15": [
            {
                "part": null,
                "replacement-node": 64,
                "node-pos": 117,
                "template-line-number": 260
            }
        ],
        "rule-11": [
            {
                "part": null,
                "replacement-node": 28,
                "expression-node": 29,
                "node-pos": 48,
                "template-line-number": 84
            }
        ],
        "rule-20": [
            {
                "part": null,
                "replacement-node": 94,
                "expression-node": 95,
                "node-pos": 174,
                "template-line-number": 416
            }
        ]
    },
    "showifs": {
        "rule-1": {
            "type": "showif",
            "template-line-number": 17
        }
    },
    "line-numbers": {
        "Transactions2": [
            {
                "start-number": 21,
                "line-number-node": 74,
                "template-line-number": 359
            }
        ],
        "Transactions": [
            {
                "start-number": 2,
                "line-number-node": 50,
                "template-line-number": 230
            }
        ]
    }
}