{
    "line-numbers": {
        "movement_prior": [
            {
                "start-number": 1,
                "template-line-number": 320,
                "line-number-node": 44
            }
        ]
    },
    "showifs": {},
    "substitutions": {
        "rule-4": [
            {
                "node-pos": 21,
                "template-line-number": 38,
                "html": true,
                "replacement-node": 9,
                "part": null
            }
        ],
        "rule-9": [
            {
                "node-pos": 43,
                "template-line-number": 76,
                "expression-node": 25,
                "replacement-node": 24,
                "part": null
            }
        ],
        "rule-15": [
            {
                "node-pos": 136,
                "template-line-number": 421,
                "replacement-node": 85,
                "part": null
            }
        ],
        "rule-3": [
            {
                "node-pos": 17,
                "template-line-number": 32,
                "replacement-node": 6,
                "part": null
            }
        ],
        "rule-13": [
            {
                "node-pos": 128,
                "template-line-number": 407,
                "expression-node": 80,
                "replacement-node": 79,
                "part": null
            }
        ],
        "rule-6": [
            {
                "node-pos": 31,
                "template-line-number": 61,
                "replacement-node": 15,
                "part": null
            }
        ],
        "rule-8": [
            {
                "node-pos": 39,
                "template-line-number": 71,
                "replacement-node": 21,
                "part": null
            }
        ],
        "rule-11": [
            {
                "node-pos": 53,
                "template-line-number": 94,
                "replacement-node": 30,
                "part": null
            }
        ],
        "rule-17": {
            "name": "movement_prior",
            "subs": [
                {
                    "name": "movement_prior",
                    "replacement-node": 71,
                    "part": "10",
                    "node-pos": 116,
                    "template-line-number": 381,
                    "expression-node": 72
                },
                {
                    "name": "movement_prior",
                    "replacement-node": 75,
                    "part": "11",
                    "node-pos": 121,
                    "template-line-number": 392,
                    "expression-node": 76
                },
                {
                    "name": "movement_prior",
                    "replacement-node": 47,
                    "extras": {},
                    "part": "2",
                    "node-pos": 84,
                    "template-line-number": 323
                },
                {
                    "name": "movement_prior",
                    "replacement-node": 50,
                    "part": "3",
                    "node-pos": 88,
                    "template-line-number": 330,
                    "expression-node": 51
                },
                {
                    "name": "movement_prior",
                    "replacement-node": 53,
                    "part": "4",
                    "node-pos": 92,
                    "template-line-number": 337,
                    "expression-node": 54
                },
                {
                    "name": "movement_prior",
                    "replacement-node": 56,
                    "part": "5",
                    "node-pos": 96,
                    "template-line-number": 344,
                    "expression-node": 57
                },
                {
                    "name": "movement_prior",
                    "replacement-node": 59,
                    "part": "6",
                    "node-pos": 100,
                    "template-line-number": 351,
                    "expression-node": 60
                },
                {
                    "name": "movement_prior",
                    "replacement-node": 62,
                    "part": "7",
                    "node-pos": 104,
                    "template-line-number": 358,
                    "expression-node": 63
                },
                {
                    "name": "movement_prior",
                    "replacement-node": 65,
                    "part": "8",
                    "node-pos": 108,
                    "template-line-number": 365,
                    "expression-node": 66
                },
                {
                    "name": "movement_prior",
                    "replacement-node": 68,
                    "part": "9",
                    "node-pos": 112,
                    "template-line-number": 372,
                    "expression-node": 69
                }
            ]
        },
        "rule-5": [
            {
                "node-pos": 26,
                "template-line-number": 50,
                "html": true,
                "replacement-node": 12,
                "part": null
            }
        ],
        "rule-10": [
            {
                "node-pos": 47,
                "template-line-number": 81,
                "expression-node": 28,
                "replacement-node": 27,
                "part": null
            }
        ],
        "rule-12": [
            {
                "node-pos": 58,
                "template-line-number": 105,
                "html": true,
                "replacement-node": 33,
                "part": null
            }
        ],
        "rule-7": [
            {
                "node-pos": 35,
                "template-line-number": 66,
                "expression-node": 19,
                "replacement-node": 18,
                "part": null
            }
        ],
        "rule-16": {
            "name": "AOCIHeadings",
            "subs": [
                {
                    "name": "AOCIHeadings",
                    "replacement-node": 37,
                    "extras": {},
                    "part": "1",
                    "node-pos": 70,
                    "template-line-number": 132
                },
                {
                    "name": "AOCIHeadings",
                    "replacement-node": 40,
                    "extras": {},
                    "part": "2",
                    "node-pos": 74,
                    "template-line-number": 139
                }
            ]
        },
        "rule-2": [
            {
                "node-pos": 13,
                "template-line-number": 26,
                "expression-node": 4,
                "replacement-node": 3,
                "part": null
            }
        ],
        "rule-1": [
            {
                "node-pos": 9,
                "template-line-number": 21,
                "replacement-node": 0,
                "part": null
            }
        ],
        "rule-14": [
            {
                "node-pos": 132,
                "template-line-number": 412,
                "replacement-node": 82,
                "part": null
            }
        ]
    }
}