{
    "substitutions": {
        "rule-3": [
            {
                "part": null,
                "node-pos": 17,
                "template-line-number": 32,
                "replacement-node": 6
            }
        ],
        "rule-6": [
            {
                "part": null,
                "node-pos": 31,
                "template-line-number": 61,
                "replacement-node": 15
            }
        ],
        "rule-16": {
            "name": "ISHeadings",
            "subs": [
                {
                    "part": "1",
                    "extras": {},
                    "template-line-number": 131,
                    "replacement-node": 37,
                    "node-pos": 73,
                    "name": "ISHeadings"
                },
                {
                    "part": "2",
                    "extras": {},
                    "template-line-number": 138,
                    "replacement-node": 40,
                    "node-pos": 77,
                    "name": "ISHeadings"
                }
            ]
        },
        "rule-1": [
            {
                "part": null,
                "node-pos": 9,
                "template-line-number": 21,
                "replacement-node": 0
            }
        ],
        "rule-9": [
            {
                "part": null,
                "node-pos": 44,
                "template-line-number": 76,
                "replacement-node": 24,
                "expression-node": 25
            }
        ],
        "rule-15": [
            {
                "part": null,
                "node-pos": 122,
                "template-line-number": 397,
                "replacement-node": 72
            }
        ],
        "rule-2": [
            {
                "part": null,
                "node-pos": 13,
                "template-line-number": 26,
                "replacement-node": 3,
                "expression-node": 4
            }
        ],
        "rule-5": [
            {
                "part": null,
                "node-pos": 26,
                "template-line-number": 50,
                "replacement-node": 12,
                "html": true
            }
        ],
        "rule-10": [
            {
                "part": null,
                "node-pos": 48,
                "template-line-number": 81,
                "replacement-node": 27,
                "expression-node": 28
            }
        ],
        "rule-14": [
            {
                "part": null,
                "node-pos": 118,
                "template-line-number": 388,
                "replacement-node": 69
            }
        ],
        "rule-8": [
            {
                "part": null,
                "node-pos": 39,
                "template-line-number": 71,
                "replacement-node": 21
            }
        ],
        "rule-17": {
            "name": "CFLineItems",
            "subs": [
                {
                    "part": "1",
                    "extras": {},
                    "template-line-number": 325,
                    "replacement-node": 44,
                    "node-pos": 83,
                    "name": "CFLineItems"
                },
                {
                    "part": "2",
                    "node-pos": 91,
                    "template-line-number": 338,
                    "replacement-node": 49,
                    "name": "CFLineItems",
                    "expression-node": 50
                },
                {
                    "part": "4",
                    "node-pos": 97,
                    "template-line-number": 349,
                    "replacement-node": 54,
                    "name": "CFLineItems",
                    "expression-node": 55
                },
                {
                    "part": "4",
                    "node-pos": 102,
                    "template-line-number": 360,
                    "replacement-node": 58,
                    "name": "CFLineItems",
                    "expression-node": 59
                },
                {
                    "part": "5",
                    "node-pos": 107,
                    "template-line-number": 369,
                    "replacement-node": 62,
                    "name": "CFLineItems",
                    "expression-node": 63
                },
                {
                    "part": "6",
                    "extras": {},
                    "template-line-number": 332,
                    "replacement-node": 47,
                    "node-pos": 89,
                    "name": "CFLineItems"
                }
            ]
        },
        "rule-11": [
            {
                "part": null,
                "node-pos": 54,
                "template-line-number": 91,
                "replacement-node": 30
            }
        ],
        "rule-7": [
            {
                "part": null,
                "node-pos": 35,
                "template-line-number": 66,
                "replacement-node": 18,
                "expression-node": 19
            }
        ],
        "rule-12": [
            {
                "part": null,
                "node-pos": 59,
                "template-line-number": 102,
                "replacement-node": 33,
                "html": true
            }
        ],
        "rule-4": [
            {
                "part": null,
                "node-pos": 21,
                "template-line-number": 38,
                "replacement-node": 9,
                "html": true
            }
        ],
        "rule-13": [
            {
                "part": null,
                "node-pos": 114,
                "template-line-number": 383,
                "replacement-node": 66,
                "expression-node": 67
            }
        ]
    },
    "showifs": {},
    "line-numbers": {}
}