{
    "substitutions": {
        "rule-2": [
            {
                "part": null,
                "replacement-node": 1,
                "template-line-number": 30,
                "node-pos": 10
            }
        ],
        "rule-3": [
            {
                "part": null,
                "replacement-node": 4,
                "expression-node": 5,
                "template-line-number": 35,
                "node-pos": 14
            }
        ],
        "rule-4": [
            {
                "part": null,
                "replacement-node": 7,
                "template-line-number": 41,
                "node-pos": 18
            }
        ],
        "rule-5": [
            {
                "part": null,
                "replacement-node": 10,
                "template-line-number": 47,
                "node-pos": 22,
                "html": true
            }
        ],
        "rule-6": [
            {
                "part": null,
                "replacement-node": 13,
                "template-line-number": 59,
                "node-pos": 27,
                "html": true
            }
        ],
        "rule-7": [
            {
                "part": null,
                "replacement-node": 16,
                "template-line-number": 70,
                "node-pos": 32
            }
        ],
        "rule-8": [
            {
                "part": null,
                "replacement-node": 19,
                "expression-node": 20,
                "template-line-number": 75,
                "node-pos": 36
            }
        ],
        "rule-9": [
            {
                "part": null,
                "replacement-node": 22,
                "template-line-number": 80,
                "node-pos": 40
            }
        ],
        "rule-10": [
            {
                "part": null,
                "replacement-node": 25,
                "expression-node": 26,
                "template-line-number": 85,
                "node-pos": 44
            }
        ],
        "rule-11": [
            {
                "part": null,
                "replacement-node": 28,
                "expression-node": 29,
                "template-line-number": 90,
                "node-pos": 48
            }
        ],
        "rule-12": [
            {
                "part": null,
                "replacement-node": 31,
                "template-line-number": 101,
                "node-pos": 54
            }
        ],
        "rule-13": [
            {
                "part": null,
                "replacement-node": 34,
                "template-line-number": 112,
                "node-pos": 59,
                "html": true
            }
        ],
        "rule-14": [
            {
                "part": null,
                "replacement-node": 91,
                "expression-node": 92,
                "template-line-number": 372,
                "node-pos": 178
            }
        ],
        "rule-15": [
            {
                "part": null,
                "replacement-node": 94,
                "expression-node": 95,
                "template-line-number": 383,
                "node-pos": 182
            }
        ],
        "rule-16": [
            {
                "part": null,
                "replacement-node": 97,
                "expression-node": 98,
                "template-line-number": 395,
                "node-pos": 186
            }
        ],
        "rule-17": [
            {
                "part": null,
                "replacement-node": 100,
                "expression-node": 101,
                "template-line-number": 404,
                "node-pos": 190
            }
        ],
        "rule-18": [
            {
                "part": null,
                "replacement-node": 103,
                "expression-node": 104,
                "template-line-number": 413,
                "node-pos": 194
            }
        ],
        "rule-19": [
            {
                "part": null,
                "replacement-node": 106,
                "expression-node": 107,
                "template-line-number": 424,
                "node-pos": 198
            }
        ],
        "rule-20": [
            {
                "part": null,
                "replacement-node": 109,
                "expression-node": 110,
                "template-line-number": 433,
                "node-pos": 202
            }
        ],
        "rule-21": [
            {
                "part": null,
                "replacement-node": 112,
                "expression-node": 113,
                "template-line-number": 442,
                "node-pos": 206
            }
        ],
        "rule-22": [
            {
                "part": null,
                "replacement-node": 115,
                "expression-node": 116,
                "template-line-number": 459,
                "node-pos": 212
            }
        ],
        "rule-23": [
            {
                "part": null,
                "replacement-node": 118,
                "template-line-number": 466,
                "node-pos": 216
            }
        ],
        "rule-24": [
            {
                "part": null,
                "replacement-node": 121,
                "template-line-number": 476,
                "node-pos": 220
            }
        ],
        "rule-25": {
            "name": "PurchasedPower",
            "subs": [
                {
                    "name": "PurchasedPower",
                    "part": "10",
                    "replacement-node": 73,
                    "expression-node": 74,
                    "template-line-number": 327,
                    "node-pos": 146
                },
                {
                    "name": "PurchasedPower",
                    "part": "11",
                    "replacement-node": 76,
                    "expression-node": 77,
                    "template-line-number": 332,
                    "node-pos": 150
                },
                {
                    "name": "PurchasedPower",
                    "part": "12",
                    "replacement-node": 79,
                    "expression-node": 80,
                    "template-line-number": 337,
                    "node-pos": 154
                },
                {
                    "name": "PurchasedPower",
                    "part": "13",
                    "replacement-node": 82,
                    "expression-node": 83,
                    "template-line-number": 342,
                    "node-pos": 158
                },
                {
                    "name": "PurchasedPower",
                    "part": "14",
                    "replacement-node": 85,
                    "expression-node": 86,
                    "template-line-number": 347,
                    "node-pos": 162
                },
                {
                    "name": "PurchasedPower",
                    "part": "14",
                    "replacement-node": 88,
                    "expression-node": 89,
                    "template-line-number": 352,
                    "node-pos": 166
                },
                {
                    "name": "PurchasedPower",
                    "part": "2",
                    "replacement-node": 49,
                    "expression-node": 50,
                    "template-line-number": 287,
                    "node-pos": 114
                },
                {
                    "name": "PurchasedPower",
                    "part": "3",
                    "replacement-node": 52,
                    "expression-node": 53,
                    "template-line-number": 292,
                    "node-pos": 118
                },
                {
                    "name": "PurchasedPower",
                    "part": "4",
                    "replacement-node": 55,
                    "expression-node": 56,
                    "template-line-number": 297,
                    "node-pos": 122
                },
                {
                    "name": "PurchasedPower",
                    "part": "5",
                    "replacement-node": 58,
                    "expression-node": 59,
                    "template-line-number": 302,
                    "node-pos": 126
                },
                {
                    "name": "PurchasedPower",
                    "part": "6",
                    "replacement-node": 61,
                    "expression-node": 62,
                    "template-line-number": 307,
                    "node-pos": 130
                },
                {
                    "name": "PurchasedPower",
                    "part": "7",
                    "replacement-node": 64,
                    "expression-node": 65,
                    "template-line-number": 312,
                    "node-pos": 134
                },
                {
                    "name": "PurchasedPower",
                    "part": "8",
                    "replacement-node": 67,
                    "expression-node": 68,
                    "template-line-number": 317,
                    "node-pos": 138
                },
                {
                    "name": "PurchasedPower",
                    "part": "9",
                    "replacement-node": 70,
                    "expression-node": 71,
                    "template-line-number": 322,
                    "node-pos": 142
                }
            ]
        },
        "rule-26": {
            "name": "ColumnHeadings",
            "subs": [
                {
                    "name": "ColumnHeadings",
                    "part": "1",
                    "replacement-node": 40,
                    "template-line-number": 178,
                    "extras": {},
                    "node-pos": 101
                },
                {
                    "name": "ColumnHeadings",
                    "part": "2",
                    "replacement-node": 43,
                    "template-line-number": 186,
                    "extras": {},
                    "node-pos": 105
                },
                {
                    "name": "ColumnHeadings",
                    "part": "3",
                    "replacement-node": 38,
                    "template-line-number": 174,
                    "extras": {},
                    "node-pos": 99
                }
            ]
        }
    },
    "line-numbers": {
        "PurchasedPower": [
            {
                "line-number-node": 47,
                "start-number": 1,
                "template-line-number": 283
            }
        ]
    },
    "showifs": {
        "rule-1": {
            "type": "showif",
            "template-line-number": 18
        }
    },
    "footnotes": {},
    "standard-rules": [
        "rule-2",
        "rule-3",
        "rule-4",
        "rule-5",
        "rule-6",
        "rule-7",
        "rule-8",
        "rule-9",
        "rule-10",
        "rule-11",
        "rule-12",
        "rule-13",
        "rule-14",
        "rule-15",
        "rule-16",
        "rule-17",
        "rule-18",
        "rule-19",
        "rule-20",
        "rule-21",
        "rule-22",
        "rule-23",
        "rule-24",
        "rule-25",
        "rule-26"
    ],
    "footnote-rules": []
}