{
    "substitutions": {
        "rule-9": [
            {
                "replacement-node": 24,
                "expression-node": 25,
                "part": null,
                "node-pos": 44,
                "template-line-number": 78
            }
        ],
        "rule-10": [
            {
                "replacement-node": 27,
                "expression-node": 28,
                "part": null,
                "node-pos": 48,
                "template-line-number": 83
            }
        ],
        "rule-30": {
            "name": "ColumnHeadings",
            "subs": [
                {
                    "node-pos": 68,
                    "extras": {},
                    "part": "1",
                    "replacement-node": 37,
                    "template-line-number": 127,
                    "name": "ColumnHeadings"
                },
                {
                    "node-pos": 72,
                    "extras": {},
                    "part": "2",
                    "replacement-node": 40,
                    "template-line-number": 134,
                    "name": "ColumnHeadings"
                }
            ]
        },
        "rule-21": [
            {
                "replacement-node": 67,
                "expression-node": 68,
                "part": null,
                "node-pos": 114,
                "template-line-number": 231
            }
        ],
        "rule-8": [
            {
                "replacement-node": 21,
                "template-line-number": 73,
                "part": null,
                "node-pos": 40
            }
        ],
        "rule-4": [
            {
                "replacement-node": 9,
                "template-line-number": 40,
                "html": true,
                "part": null,
                "node-pos": 22
            }
        ],
        "rule-1": [
            {
                "replacement-node": 0,
                "template-line-number": 22,
                "part": null,
                "node-pos": 10
            }
        ],
        "rule-17": [
            {
                "replacement-node": 55,
                "expression-node": 56,
                "part": null,
                "node-pos": 96,
                "template-line-number": 188
            }
        ],
        "rule-15": [
            {
                "replacement-node": 49,
                "expression-node": 50,
                "part": null,
                "node-pos": 86,
                "template-line-number": 165
            }
        ],
        "rule-14": [
            {
                "replacement-node": 46,
                "expression-node": 47,
                "part": null,
                "node-pos": 82,
                "template-line-number": 155
            }
        ],
        "rule-22": [
            {
                "replacement-node": 70,
                "template-line-number": 245,
                "part": null,
                "node-pos": 120
            }
        ],
        "rule-11": [
            {
                "replacement-node": 30,
                "template-line-number": 93,
                "part": null,
                "node-pos": 54
            }
        ],
        "rule-29": {
            "name": "InterestAndDividend",
            "subs": [
                {
                    "node-pos": 131,
                    "expression-node": 77,
                    "part": "2",
                    "replacement-node": 76,
                    "template-line-number": 298,
                    "name": "InterestAndDividend"
                },
                {
                    "node-pos": 135,
                    "expression-node": 80,
                    "part": "3",
                    "replacement-node": 79,
                    "template-line-number": 303,
                    "name": "InterestAndDividend"
                },
                {
                    "node-pos": 139,
                    "expression-node": 83,
                    "part": "4",
                    "replacement-node": 82,
                    "template-line-number": 308,
                    "name": "InterestAndDividend"
                }
            ]
        },
        "rule-25": [
            {
                "replacement-node": 91,
                "expression-node": 92,
                "part": null,
                "node-pos": 154,
                "template-line-number": 342
            }
        ],
        "rule-20": [
            {
                "replacement-node": 64,
                "expression-node": 65,
                "part": null,
                "node-pos": 110,
                "template-line-number": 221
            }
        ],
        "rule-12": [
            {
                "replacement-node": 33,
                "template-line-number": 104,
                "html": true,
                "part": null,
                "node-pos": 59
            }
        ],
        "rule-3": [
            {
                "replacement-node": 6,
                "template-line-number": 34,
                "part": null,
                "node-pos": 18
            }
        ],
        "rule-13": [
            {
                "replacement-node": 43,
                "template-line-number": 146,
                "part": null,
                "node-pos": 78
            }
        ],
        "rule-18": [
            {
                "replacement-node": 58,
                "expression-node": 59,
                "part": null,
                "node-pos": 100,
                "template-line-number": 198
            }
        ],
        "rule-16": [
            {
                "replacement-node": 52,
                "template-line-number": 179,
                "part": null,
                "node-pos": 92
            }
        ],
        "rule-6": [
            {
                "replacement-node": 15,
                "template-line-number": 63,
                "part": null,
                "node-pos": 32
            }
        ],
        "rule-19": [
            {
                "replacement-node": 61,
                "template-line-number": 212,
                "part": null,
                "node-pos": 106
            }
        ],
        "rule-7": [
            {
                "replacement-node": 18,
                "expression-node": 19,
                "part": null,
                "node-pos": 36,
                "template-line-number": 68
            }
        ],
        "rule-5": [
            {
                "replacement-node": 12,
                "template-line-number": 52,
                "html": true,
                "part": null,
                "node-pos": 27
            }
        ],
        "rule-26": [
            {
                "replacement-node": 94,
                "expression-node": 95,
                "part": null,
                "node-pos": 160,
                "template-line-number": 356
            }
        ],
        "rule-23": [
            {
                "replacement-node": 85,
                "template-line-number": 320,
                "part": null,
                "node-pos": 145
            }
        ],
        "rule-24": [
            {
                "replacement-node": 88,
                "expression-node": 89,
                "part": null,
                "node-pos": 150,
                "template-line-number": 332
            }
        ],
        "rule-28": [
            {
                "replacement-node": 100,
                "template-line-number": 370,
                "part": null,
                "node-pos": 168
            }
        ],
        "rule-2": [
            {
                "replacement-node": 3,
                "expression-node": 4,
                "part": null,
                "node-pos": 14,
                "template-line-number": 28
            }
        ],
        "rule-27": [
            {
                "replacement-node": 97,
                "template-line-number": 361,
                "part": null,
                "node-pos": 164
            }
        ]
    },
    "showifs": {},
    "line-numbers": {
        "InterestAndDividend": [
            {
                "template-line-number": 294,
                "start-number": 5,
                "line-number-node": 74
            }
        ]
    }
}