{
    "line-numbers": {
        "NoncarrierPropertyIncome": [
            {
                "template-line-number": 195,
                "line-number-node": 46,
                "start-number": 1
            }
        ]
    },
    "showifs": {},
    "substitutions": {
        "rule-8": [
            {
                "part": null,
                "replacement-node": 21,
                "template-line-number": 73,
                "node-pos": 40
            }
        ],
        "rule-6": [
            {
                "part": null,
                "replacement-node": 15,
                "template-line-number": 63,
                "node-pos": 32
            }
        ],
        "rule-12": [
            {
                "part": null,
                "replacement-node": 33,
                "template-line-number": 104,
                "html": true,
                "node-pos": 59
            }
        ],
        "rule-17": [
            {
                "part": null,
                "replacement-node": 72,
                "template-line-number": 274,
                "node-pos": 124,
                "expression-node": 73
            }
        ],
        "rule-9": [
            {
                "part": null,
                "replacement-node": 24,
                "template-line-number": 78,
                "node-pos": 44,
                "expression-node": 25
            }
        ],
        "rule-16": [
            {
                "part": null,
                "replacement-node": 69,
                "template-line-number": 259,
                "node-pos": 118,
                "expression-node": 70
            }
        ],
        "rule-10": [
            {
                "part": null,
                "replacement-node": 27,
                "template-line-number": 83,
                "node-pos": 48,
                "expression-node": 28
            }
        ],
        "rule-7": [
            {
                "part": null,
                "replacement-node": 18,
                "template-line-number": 68,
                "node-pos": 36,
                "expression-node": 19
            }
        ],
        "rule-2": [
            {
                "part": null,
                "replacement-node": 3,
                "template-line-number": 28,
                "node-pos": 14,
                "expression-node": 4
            }
        ],
        "rule-13": [
            {
                "part": null,
                "replacement-node": 60,
                "template-line-number": 227,
                "node-pos": 105
            }
        ],
        "rule-11": [
            {
                "part": null,
                "replacement-node": 30,
                "template-line-number": 93,
                "node-pos": 54
            }
        ],
        "rule-5": [
            {
                "part": null,
                "replacement-node": 12,
                "template-line-number": 52,
                "html": true,
                "node-pos": 27
            }
        ],
        "rule-15": [
            {
                "part": null,
                "replacement-node": 66,
                "template-line-number": 249,
                "node-pos": 114,
                "expression-node": 67
            }
        ],
        "rule-3": [
            {
                "part": null,
                "replacement-node": 6,
                "template-line-number": 34,
                "node-pos": 18
            }
        ],
        "rule-18": [
            {
                "part": null,
                "replacement-node": 75,
                "template-line-number": 279,
                "node-pos": 128
            }
        ],
        "rule-19": [
            {
                "part": null,
                "replacement-node": 78,
                "template-line-number": 288,
                "node-pos": 132
            }
        ],
        "rule-20": {
            "subs": [
                {
                    "part": "1",
                    "replacement-node": 39,
                    "name": "ColumnHeadings",
                    "extras": {},
                    "node-pos": 74,
                    "template-line-number": 137
                },
                {
                    "part": "2",
                    "replacement-node": 42,
                    "name": "ColumnHeadings",
                    "extras": {},
                    "node-pos": 78,
                    "template-line-number": 145
                },
                {
                    "part": "3",
                    "replacement-node": 37,
                    "name": "ColumnHeadings",
                    "extras": {},
                    "node-pos": 72,
                    "template-line-number": 133
                }
            ],
            "name": "ColumnHeadings"
        },
        "rule-14": [
            {
                "part": null,
                "replacement-node": 63,
                "template-line-number": 239,
                "node-pos": 110,
                "expression-node": 64
            }
        ],
        "rule-4": [
            {
                "part": null,
                "replacement-node": 9,
                "template-line-number": 40,
                "html": true,
                "node-pos": 22
            }
        ],
        "rule-1": [
            {
                "part": null,
                "replacement-node": 0,
                "template-line-number": 22,
                "node-pos": 10
            }
        ],
        "rule-21": {
            "subs": [
                {
                    "part": "2",
                    "replacement-node": 48,
                    "name": "NoncarrierPropertyIncome",
                    "node-pos": 87,
                    "template-line-number": 198,
                    "expression-node": 49
                },
                {
                    "part": "3",
                    "replacement-node": 51,
                    "name": "NoncarrierPropertyIncome",
                    "node-pos": 91,
                    "template-line-number": 203,
                    "expression-node": 52
                },
                {
                    "part": "4",
                    "replacement-node": 54,
                    "name": "NoncarrierPropertyIncome",
                    "node-pos": 95,
                    "template-line-number": 208,
                    "expression-node": 55
                },
                {
                    "part": "4",
                    "replacement-node": 57,
                    "name": "NoncarrierPropertyIncome",
                    "node-pos": 99,
                    "template-line-number": 213,
                    "expression-node": 58
                }
            ],
            "name": "NoncarrierPropertyIncome"
        }
    }
}