{
    "line-numbers": {},
    "showifs": {},
    "substitutions": {
        "rule-19": [
            {
                "html": true,
                "part": null,
                "replacement-node": 54,
                "node-pos": 104,
                "expression-node": 55,
                "template-line-number": 191
            }
        ],
        "rule-17": [
            {
                "html": true,
                "part": null,
                "replacement-node": 48,
                "node-pos": 94,
                "expression-node": 49,
                "template-line-number": 169
            }
        ],
        "rule-13": [
            {
                "html": true,
                "part": null,
                "replacement-node": 36,
                "node-pos": 74,
                "expression-node": 37,
                "template-line-number": 125
            }
        ],
        "rule-10": [
            {
                "node-pos": 47,
                "part": null,
                "replacement-node": 27,
                "expression-node": 28,
                "template-line-number": 82
            }
        ],
        "rule-18": [
            {
                "html": true,
                "part": null,
                "replacement-node": 51,
                "node-pos": 99,
                "expression-node": 52,
                "template-line-number": 180
            }
        ],
        "rule-1": [
            {
                "part": null,
                "replacement-node": 0,
                "node-pos": 9,
                "template-line-number": 22
            }
        ],
        "rule-15": [
            {
                "html": true,
                "part": null,
                "replacement-node": 42,
                "node-pos": 84,
                "expression-node": 43,
                "template-line-number": 147
            }
        ],
        "rule-3": [
            {
                "part": null,
                "replacement-node": 6,
                "node-pos": 17,
                "template-line-number": 33
            }
        ],
        "rule-7": [
            {
                "node-pos": 35,
                "part": null,
                "replacement-node": 18,
                "expression-node": 19,
                "template-line-number": 67
            }
        ],
        "rule-14": [
            {
                "html": true,
                "part": null,
                "replacement-node": 39,
                "node-pos": 79,
                "expression-node": 40,
                "template-line-number": 136
            }
        ],
        "rule-9": [
            {
                "node-pos": 43,
                "part": null,
                "replacement-node": 24,
                "expression-node": 25,
                "template-line-number": 77
            }
        ],
        "rule-20": [
            {
                "html": true,
                "part": null,
                "replacement-node": 57,
                "node-pos": 109,
                "expression-node": 58,
                "template-line-number": 202
            }
        ],
        "rule-6": [
            {
                "part": null,
                "replacement-node": 15,
                "node-pos": 31,
                "template-line-number": 62
            }
        ],
        "rule-21": [
            {
                "html": true,
                "part": null,
                "replacement-node": 60,
                "node-pos": 114,
                "expression-node": 61,
                "template-line-number": 213
            }
        ],
        "rule-8": [
            {
                "part": null,
                "replacement-node": 21,
                "node-pos": 39,
                "template-line-number": 72
            }
        ],
        "rule-22": [
            {
                "node-pos": 120,
                "part": null,
                "replacement-node": 63,
                "expression-node": 64,
                "template-line-number": 228
            }
        ],
        "rule-23": [
            {
                "part": null,
                "replacement-node": 66,
                "node-pos": 124,
                "template-line-number": 235
            }
        ],
        "rule-24": [
            {
                "part": null,
                "replacement-node": 69,
                "node-pos": 128,
                "template-line-number": 245
            }
        ],
        "rule-16": [
            {
                "html": true,
                "part": null,
                "replacement-node": 45,
                "node-pos": 89,
                "expression-node": 46,
                "template-line-number": 158
            }
        ],
        "rule-2": [
            {
                "node-pos": 13,
                "part": null,
                "replacement-node": 3,
                "expression-node": 4,
                "template-line-number": 27
            }
        ],
        "rule-5": [
            {
                "html": true,
                "part": null,
                "replacement-node": 12,
                "node-pos": 26,
                "template-line-number": 51
            }
        ],
        "rule-11": [
            {
                "part": null,
                "replacement-node": 30,
                "node-pos": 53,
                "template-line-number": 92
            }
        ],
        "rule-4": [
            {
                "html": true,
                "part": null,
                "replacement-node": 9,
                "node-pos": 21,
                "template-line-number": 39
            }
        ],
        "rule-12": [
            {
                "html": true,
                "part": null,
                "replacement-node": 33,
                "node-pos": 58,
                "template-line-number": 103
            }
        ]
    }
}