{
    "substitutions": {
        "rule-1": [
            {
                "part": null,
                "replacement-node": 0,
                "template-line-number": 22,
                "node-pos": 10
            }
        ],
        "rule-2": [
            {
                "part": null,
                "replacement-node": 3,
                "expression-node": 4,
                "template-line-number": 27,
                "node-pos": 15
            }
        ],
        "rule-3": [
            {
                "part": null,
                "replacement-node": 6,
                "template-line-number": 33,
                "node-pos": 19
            }
        ],
        "rule-4": [
            {
                "part": null,
                "replacement-node": 9,
                "template-line-number": 39,
                "node-pos": 23,
                "html": true
            }
        ],
        "rule-5": [
            {
                "part": null,
                "replacement-node": 12,
                "template-line-number": 51,
                "node-pos": 28,
                "html": true
            }
        ],
        "rule-6": [
            {
                "part": null,
                "replacement-node": 15,
                "template-line-number": 62,
                "node-pos": 33
            }
        ],
        "rule-7": [
            {
                "part": null,
                "replacement-node": 18,
                "expression-node": 19,
                "template-line-number": 67,
                "node-pos": 38
            }
        ],
        "rule-8": [
            {
                "part": null,
                "replacement-node": 21,
                "template-line-number": 72,
                "node-pos": 42
            }
        ],
        "rule-9": [
            {
                "part": null,
                "replacement-node": 24,
                "expression-node": 25,
                "template-line-number": 77,
                "node-pos": 47
            }
        ],
        "rule-10": [
            {
                "part": null,
                "replacement-node": 27,
                "expression-node": 28,
                "template-line-number": 82,
                "node-pos": 51
            }
        ],
        "rule-11": [
            {
                "part": null,
                "replacement-node": 30,
                "template-line-number": 92,
                "node-pos": 57
            }
        ],
        "rule-12": [
            {
                "part": null,
                "replacement-node": 58,
                "expression-node": 59,
                "template-line-number": 282,
                "node-pos": 100
            }
        ],
        "rule-13": [
            {
                "part": null,
                "replacement-node": 61,
                "template-line-number": 287,
                "node-pos": 104
            }
        ],
        "rule-14": [
            {
                "part": null,
                "replacement-node": 64,
                "template-line-number": 297,
                "node-pos": 108
            }
        ],
        "rule-15": {
            "name": "officer",
            "subs": [
                {
                    "name": "officer",
                    "part": "2",
                    "replacement-node": 43,
                    "expression-node": 44,
                    "template-line-number": 248,
                    "node-pos": 78
                },
                {
                    "name": "officer",
                    "part": "3",
                    "replacement-node": 46,
                    "expression-node": 47,
                    "template-line-number": 253,
                    "node-pos": 82
                },
                {
                    "name": "officer",
                    "part": "4",
                    "replacement-node": 49,
                    "expression-node": 50,
                    "template-line-number": 258,
                    "node-pos": 86
                },
                {
                    "name": "officer",
                    "part": "5",
                    "replacement-node": 52,
                    "expression-node": 53,
                    "template-line-number": 263,
                    "node-pos": 90
                },
                {
                    "name": "officer",
                    "part": "6",
                    "replacement-node": 55,
                    "expression-node": 56,
                    "template-line-number": 268,
                    "node-pos": 94
                }
            ]
        },
        "rule-16": {
            "name": "ISHeadings",
            "subs": [
                {
                    "name": "ISHeadings",
                    "part": "1",
                    "replacement-node": 34,
                    "template-line-number": 117,
                    "extras": {},
                    "node-pos": 65
                },
                {
                    "name": "ISHeadings",
                    "part": "2",
                    "replacement-node": 37,
                    "template-line-number": 124,
                    "extras": {},
                    "node-pos": 69
                }
            ]
        }
    },
    "line-numbers": {
        "officer": [
            {
                "line-number-node": 41,
                "start-number": 1,
                "template-line-number": 245
            }
        ]
    },
    "showifs": {},
    "footnotes": {},
    "standard-rules": [
        "rule-1",
        "rule-2",
        "rule-3",
        "rule-4",
        "rule-5",
        "rule-6",
        "rule-7",
        "rule-8",
        "rule-9",
        "rule-10",
        "rule-11",
        "rule-12",
        "rule-13",
        "rule-14",
        "rule-15",
        "rule-16"
    ],
    "footnote-rules": []
}