{
    "substitutions": {
        "rule-1": [
            {
                "part": null,
                "replacement-node": 0,
                "node-pos": 9,
                "template-line-number": 21
            }
        ],
        "rule-15": {
            "name": "GSHeadings",
            "subs": [
                {
                    "name": "GSHeadings",
                    "part": "1",
                    "template-line-number": 112,
                    "extras": {},
                    "node-pos": 61,
                    "replacement-node": 34
                },
                {
                    "name": "GSHeadings",
                    "part": "2",
                    "template-line-number": 119,
                    "extras": {},
                    "node-pos": 65,
                    "replacement-node": 37
                }
            ]
        },
        "rule-6": [
            {
                "part": null,
                "replacement-node": 15,
                "node-pos": 31,
                "template-line-number": 61
            }
        ],
        "rule-2": [
            {
                "part": null,
                "node-pos": 13,
                "replacement-node": 3,
                "expression-node": 4,
                "template-line-number": 26
            }
        ],
        "rule-11": [
            {
                "part": null,
                "replacement-node": 30,
                "node-pos": 53,
                "template-line-number": 89
            }
        ],
        "rule-8": [
            {
                "part": null,
                "replacement-node": 21,
                "node-pos": 39,
                "template-line-number": 70
            }
        ],
        "rule-9": [
            {
                "part": null,
                "node-pos": 43,
                "replacement-node": 24,
                "expression-node": 25,
                "template-line-number": 74
            }
        ],
        "rule-16": {
            "name": "GSLineItems",
            "subs": [
                {
                    "name": "GSLineItems",
                    "part": "1",
                    "template-line-number": 155,
                    "extras": {},
                    "node-pos": 71,
                    "replacement-node": 41
                },
                {
                    "name": "GSLineItems",
                    "part": "2",
                    "template-line-number": 166,
                    "extras": {},
                    "node-pos": 79,
                    "replacement-node": 46
                },
                {
                    "name": "GSLineItems",
                    "part": "4",
                    "template-line-number": 176,
                    "expression-node": 52,
                    "node-pos": 85,
                    "replacement-node": 51
                },
                {
                    "name": "GSLineItems",
                    "part": "5",
                    "template-line-number": 182,
                    "expression-node": 55,
                    "node-pos": 89,
                    "replacement-node": 54
                },
                {
                    "name": "GSLineItems",
                    "part": "6",
                    "template-line-number": 162,
                    "extras": {},
                    "node-pos": 77,
                    "replacement-node": 44
                }
            ]
        },
        "rule-5": [
            {
                "part": null,
                "html": true,
                "replacement-node": 12,
                "node-pos": 26,
                "template-line-number": 50
            }
        ],
        "rule-4": [
            {
                "part": null,
                "html": true,
                "replacement-node": 9,
                "node-pos": 21,
                "template-line-number": 38
            }
        ],
        "rule-12": [
            {
                "part": null,
                "node-pos": 95,
                "replacement-node": 57,
                "expression-node": 58,
                "template-line-number": 193
            }
        ],
        "rule-10": [
            {
                "part": null,
                "node-pos": 47,
                "replacement-node": 27,
                "expression-node": 28,
                "template-line-number": 79
            }
        ],
        "rule-14": [
            {
                "part": null,
                "replacement-node": 63,
                "node-pos": 103,
                "template-line-number": 207
            }
        ],
        "rule-3": [
            {
                "part": null,
                "replacement-node": 6,
                "node-pos": 17,
                "template-line-number": 32
            }
        ],
        "rule-13": [
            {
                "part": null,
                "replacement-node": 60,
                "node-pos": 99,
                "template-line-number": 198
            }
        ],
        "rule-7": [
            {
                "part": null,
                "node-pos": 35,
                "replacement-node": 18,
                "expression-node": 19,
                "template-line-number": 65
            }
        ]
    },
    "line-numbers": {},
    "showifs": {}
}