{
    "substitutions": {
        "rule-34": {
            "subs": [
                {
                    "part": "10",
                    "name": "SalesForResale",
                    "template-line-number": 352,
                    "replacement-node": 71,
                    "expression-node": 72,
                    "node-pos": 141
                },
                {
                    "part": "11",
                    "name": "SalesForResale",
                    "template-line-number": 360,
                    "replacement-node": 74,
                    "expression-node": 75,
                    "node-pos": 145
                },
                {
                    "part": "12",
                    "name": "SalesForResale",
                    "template-line-number": 368,
                    "replacement-node": 77,
                    "expression-node": 78,
                    "node-pos": 149
                },
                {
                    "part": "2",
                    "name": "SalesForResale",
                    "template-line-number": 287,
                    "replacement-node": 47,
                    "expression-node": 48,
                    "node-pos": 109
                },
                {
                    "part": "3",
                    "name": "SalesForResale",
                    "template-line-number": 296,
                    "replacement-node": 50,
                    "expression-node": 51,
                    "node-pos": 113
                },
                {
                    "part": "4",
                    "name": "SalesForResale",
                    "template-line-number": 304,
                    "replacement-node": 53,
                    "expression-node": 54,
                    "node-pos": 117
                },
                {
                    "part": "5",
                    "name": "SalesForResale",
                    "template-line-number": 312,
                    "replacement-node": 56,
                    "expression-node": 57,
                    "node-pos": 121
                },
                {
                    "part": "6",
                    "name": "SalesForResale",
                    "template-line-number": 320,
                    "replacement-node": 59,
                    "expression-node": 60,
                    "node-pos": 125
                },
                {
                    "part": "7",
                    "name": "SalesForResale",
                    "template-line-number": 328,
                    "replacement-node": 62,
                    "expression-node": 63,
                    "node-pos": 129
                },
                {
                    "part": "8",
                    "name": "SalesForResale",
                    "template-line-number": 336,
                    "replacement-node": 65,
                    "expression-node": 66,
                    "node-pos": 133
                },
                {
                    "part": "9",
                    "name": "SalesForResale",
                    "template-line-number": 344,
                    "replacement-node": 68,
                    "expression-node": 69,
                    "node-pos": 137
                }
            ],
            "name": "SalesForResale"
        },
        "rule-25": [
            {
                "node-pos": 213,
                "part": null,
                "replacement-node": 113,
                "expression-node": 114,
                "template-line-number": 508
            }
        ],
        "rule-13": [
            {
                "html": true,
                "part": null,
                "replacement-node": 34,
                "template-line-number": 135,
                "node-pos": 59
            }
        ],
        "rule-24": [
            {
                "node-pos": 209,
                "part": null,
                "replacement-node": 110,
                "expression-node": 111,
                "template-line-number": 498
            }
        ],
        "rule-15": [
            {
                "node-pos": 165,
                "part": null,
                "replacement-node": 83,
                "expression-node": 84,
                "template-line-number": 397
            }
        ],
        "rule-33": [
            {
                "part": null,
                "replacement-node": 137,
                "template-line-number": 602,
                "node-pos": 255
            }
        ],
        "rule-27": [
            {
                "node-pos": 229,
                "part": null,
                "replacement-node": 119,
                "expression-node": 120,
                "template-line-number": 539
            }
        ],
        "rule-28": [
            {
                "node-pos": 233,
                "part": null,
                "replacement-node": 122,
                "expression-node": 123,
                "template-line-number": 549
            }
        ],
        "rule-22": [
            {
                "node-pos": 201,
                "part": null,
                "replacement-node": 104,
                "expression-node": 105,
                "template-line-number": 478
            }
        ],
        "rule-9": [
            {
                "part": null,
                "replacement-node": 22,
                "template-line-number": 98,
                "node-pos": 40
            }
        ],
        "rule-7": [
            {
                "part": null,
                "replacement-node": 16,
                "template-line-number": 84,
                "node-pos": 32
            }
        ],
        "rule-32": [
            {
                "part": null,
                "replacement-node": 134,
                "template-line-number": 592,
                "node-pos": 251
            }
        ],
        "rule-19": [
            {
                "node-pos": 181,
                "part": null,
                "replacement-node": 95,
                "expression-node": 96,
                "template-line-number": 437
            }
        ],
        "rule-20": [
            {
                "part": null,
                "replacement-node": 98,
                "template-line-number": 451,
                "node-pos": 187
            }
        ],
        "rule-23": [
            {
                "node-pos": 205,
                "part": null,
                "replacement-node": 107,
                "expression-node": 108,
                "template-line-number": 488
            }
        ],
        "rule-10": [
            {
                "node-pos": 44,
                "part": null,
                "replacement-node": 25,
                "expression-node": 26,
                "template-line-number": 105
            }
        ],
        "rule-6": [
            {
                "html": true,
                "part": null,
                "replacement-node": 13,
                "template-line-number": 66,
                "node-pos": 27
            }
        ],
        "rule-16": [
            {
                "node-pos": 169,
                "part": null,
                "replacement-node": 86,
                "expression-node": 87,
                "template-line-number": 407
            }
        ],
        "rule-11": [
            {
                "node-pos": 48,
                "part": null,
                "replacement-node": 28,
                "expression-node": 29,
                "template-line-number": 111
            }
        ],
        "rule-35": {
            "subs": [
                {
                    "part": "1",
                    "name": "ColumnHeadings",
                    "template-line-number": 190,
                    "replacement-node": 38,
                    "extras": {},
                    "node-pos": 96
                },
                {
                    "part": "2",
                    "name": "ColumnHeadings",
                    "template-line-number": 197,
                    "replacement-node": 41,
                    "extras": {},
                    "node-pos": 100
                }
            ],
            "name": "ColumnHeadings"
        },
        "rule-2": [
            {
                "part": null,
                "replacement-node": 1,
                "template-line-number": 27,
                "node-pos": 10
            }
        ],
        "rule-17": [
            {
                "node-pos": 173,
                "part": null,
                "replacement-node": 89,
                "expression-node": 90,
                "template-line-number": 417
            }
        ],
        "rule-30": [
            {
                "node-pos": 241,
                "part": null,
                "replacement-node": 128,
                "expression-node": 129,
                "template-line-number": 569
            }
        ],
        "rule-26": [
            {
                "node-pos": 225,
                "part": null,
                "replacement-node": 116,
                "expression-node": 117,
                "template-line-number": 529
            }
        ],
        "rule-5": [
            {
                "html": true,
                "part": null,
                "replacement-node": 10,
                "template-line-number": 49,
                "node-pos": 22
            }
        ],
        "rule-3": [
            {
                "node-pos": 14,
                "part": null,
                "replacement-node": 4,
                "expression-node": 5,
                "template-line-number": 34
            }
        ],
        "rule-29": [
            {
                "node-pos": 237,
                "part": null,
                "replacement-node": 125,
                "expression-node": 126,
                "template-line-number": 559
            }
        ],
        "rule-4": [
            {
                "part": null,
                "replacement-node": 7,
                "template-line-number": 41,
                "node-pos": 18
            }
        ],
        "rule-18": [
            {
                "node-pos": 177,
                "part": null,
                "replacement-node": 92,
                "expression-node": 93,
                "template-line-number": 427
            }
        ],
        "rule-14": [
            {
                "part": null,
                "replacement-node": 80,
                "template-line-number": 380,
                "node-pos": 155
            }
        ],
        "rule-12": [
            {
                "part": null,
                "replacement-node": 31,
                "template-line-number": 124,
                "node-pos": 54
            }
        ],
        "rule-31": [
            {
                "node-pos": 247,
                "part": null,
                "replacement-node": 131,
                "expression-node": 132,
                "template-line-number": 585
            }
        ],
        "rule-8": [
            {
                "node-pos": 36,
                "part": null,
                "replacement-node": 19,
                "expression-node": 20,
                "template-line-number": 91
            }
        ],
        "rule-21": [
            {
                "node-pos": 197,
                "part": null,
                "replacement-node": 101,
                "expression-node": 102,
                "template-line-number": 468
            }
        ]
    },
    "showifs": {
        "rule-1": {
            "template-line-number": 14,
            "type": "showif"
        }
    },
    "line-numbers": {
        "SalesForResale": [
            {
                "start-number": 1,
                "line-number-node": 45,
                "template-line-number": 282
            }
        ]
    }
}