{
    "showifs": {},
    "line-numbers": {},
    "substitutions": {
        "rule-3": [
            {
                "template-line-number": 33,
                "part": null,
                "node-pos": 17,
                "replacement-node": 6
            }
        ],
        "rule-10": [
            {
                "expression-node": 28,
                "template-line-number": 82,
                "part": null,
                "node-pos": 47,
                "replacement-node": 27
            }
        ],
        "rule-11": [
            {
                "template-line-number": 92,
                "part": null,
                "node-pos": 53,
                "replacement-node": 30
            }
        ],
        "rule-14": [
            {
                "template-line-number": 235,
                "part": null,
                "node-pos": 116,
                "replacement-node": 67
            }
        ],
        "rule-7": [
            {
                "expression-node": 19,
                "template-line-number": 67,
                "part": null,
                "node-pos": 35,
                "replacement-node": 18
            }
        ],
        "rule-2": [
            {
                "expression-node": 4,
                "template-line-number": 27,
                "part": null,
                "node-pos": 13,
                "replacement-node": 3
            }
        ],
        "rule-6": [
            {
                "template-line-number": 62,
                "part": null,
                "node-pos": 31,
                "replacement-node": 15
            }
        ],
        "rule-16": {
            "subs": [
                {
                    "name": "ListLineItems",
                    "extras": {},
                    "node-pos": 76,
                    "template-line-number": 179,
                    "part": "1",
                    "replacement-node": 44
                },
                {
                    "name": "ListLineItems",
                    "extras": {},
                    "node-pos": 84,
                    "template-line-number": 190,
                    "part": "2",
                    "replacement-node": 49
                },
                {
                    "name": "ListLineItems",
                    "extras": {},
                    "node-pos": 90,
                    "template-line-number": 201,
                    "part": "3",
                    "replacement-node": 53
                },
                {
                    "name": "ListLineItems",
                    "extras": {},
                    "node-pos": 94,
                    "template-line-number": 208,
                    "part": "4",
                    "replacement-node": 56
                },
                {
                    "name": "ListLineItems",
                    "node-pos": 97,
                    "expression-node": 59,
                    "template-line-number": 212,
                    "part": "5",
                    "replacement-node": 58
                },
                {
                    "name": "ListLineItems",
                    "extras": {},
                    "node-pos": 82,
                    "template-line-number": 186,
                    "part": "6",
                    "replacement-node": 47
                },
                {
                    "name": "ListLineItems",
                    "node-pos": 99,
                    "expression-node": 61,
                    "template-line-number": 213,
                    "part": "6",
                    "replacement-node": 60
                },
                {
                    "name": "ListLineItems",
                    "node-pos": 101,
                    "expression-node": 63,
                    "template-line-number": 214,
                    "part": "7",
                    "replacement-node": 62
                }
            ],
            "name": "ListLineItems"
        },
        "rule-13": [
            {
                "expression-node": 65,
                "template-line-number": 230,
                "part": null,
                "node-pos": 112,
                "replacement-node": 64
            }
        ],
        "rule-12": [
            {
                "html": true,
                "template-line-number": 103,
                "part": null,
                "node-pos": 58,
                "replacement-node": 33
            }
        ],
        "rule-1": [
            {
                "template-line-number": 22,
                "part": null,
                "node-pos": 9,
                "replacement-node": 0
            }
        ],
        "rule-8": [
            {
                "template-line-number": 72,
                "part": null,
                "node-pos": 39,
                "replacement-node": 21
            }
        ],
        "rule-17": {
            "subs": [
                {
                    "name": "ListHeadings",
                    "extras": {},
                    "node-pos": 66,
                    "template-line-number": 126,
                    "part": "1",
                    "replacement-node": 37
                },
                {
                    "name": "ListHeadings",
                    "extras": {},
                    "node-pos": 70,
                    "template-line-number": 133,
                    "part": "2",
                    "replacement-node": 40
                }
            ],
            "name": "ListHeadings"
        },
        "rule-5": [
            {
                "html": true,
                "template-line-number": 51,
                "part": null,
                "node-pos": 26,
                "replacement-node": 12
            }
        ],
        "rule-4": [
            {
                "html": true,
                "template-line-number": 39,
                "part": null,
                "node-pos": 21,
                "replacement-node": 9
            }
        ],
        "rule-9": [
            {
                "expression-node": 25,
                "template-line-number": 77,
                "part": null,
                "node-pos": 43,
                "replacement-node": 24
            }
        ],
        "rule-15": [
            {
                "template-line-number": 244,
                "part": null,
                "node-pos": 120,
                "replacement-node": 70
            }
        ]
    }
}