{
    "line-numbers": {
        "ControlRespondent": [
            {
                "line-number-node": 46,
                "template-line-number": 209,
                "start-number": 1
            }
        ]
    },
    "showifs": {},
    "substitutions": {
        "rule-13": [
            {
                "template-line-number": 255,
                "node-pos": 118,
                "replacement-node": 69,
                "expression-node": 70,
                "part": null
            }
        ],
        "rule-4": [
            {
                "node-pos": 22,
                "html": true,
                "replacement-node": 9,
                "template-line-number": 40,
                "part": null
            }
        ],
        "rule-1": [
            {
                "node-pos": 10,
                "replacement-node": 0,
                "template-line-number": 22,
                "part": null
            }
        ],
        "rule-17": {
            "subs": [
                {
                    "expression-node": 49,
                    "template-line-number": 212,
                    "node-pos": 88,
                    "replacement-node": 48,
                    "name": "ControlRespondent",
                    "part": "2"
                },
                {
                    "expression-node": 52,
                    "template-line-number": 217,
                    "node-pos": 92,
                    "replacement-node": 51,
                    "name": "ControlRespondent",
                    "part": "3"
                },
                {
                    "expression-node": 55,
                    "template-line-number": 222,
                    "node-pos": 96,
                    "replacement-node": 54,
                    "name": "ControlRespondent",
                    "part": "4"
                },
                {
                    "expression-node": 58,
                    "template-line-number": 227,
                    "node-pos": 100,
                    "replacement-node": 57,
                    "name": "ControlRespondent",
                    "part": "4"
                },
                {
                    "expression-node": 61,
                    "template-line-number": 232,
                    "node-pos": 104,
                    "replacement-node": 60,
                    "name": "ControlRespondent",
                    "part": "5"
                },
                {
                    "expression-node": 64,
                    "template-line-number": 237,
                    "node-pos": 108,
                    "replacement-node": 63,
                    "name": "ControlRespondent",
                    "part": "5"
                },
                {
                    "expression-node": 67,
                    "template-line-number": 242,
                    "node-pos": 112,
                    "replacement-node": 66,
                    "name": "ControlRespondent",
                    "part": "6"
                }
            ],
            "name": "ControlRespondent"
        },
        "rule-8": [
            {
                "node-pos": 40,
                "replacement-node": 21,
                "template-line-number": 73,
                "part": null
            }
        ],
        "rule-9": [
            {
                "template-line-number": 78,
                "node-pos": 44,
                "replacement-node": 24,
                "expression-node": 25,
                "part": null
            }
        ],
        "rule-7": [
            {
                "template-line-number": 68,
                "node-pos": 36,
                "replacement-node": 18,
                "expression-node": 19,
                "part": null
            }
        ],
        "rule-6": [
            {
                "node-pos": 32,
                "replacement-node": 15,
                "template-line-number": 63,
                "part": null
            }
        ],
        "rule-16": {
            "subs": [
                {
                    "template-line-number": 139,
                    "node-pos": 75,
                    "part": "1",
                    "extras": {},
                    "name": "ListHeadings",
                    "replacement-node": 39
                },
                {
                    "template-line-number": 148,
                    "node-pos": 79,
                    "part": "2",
                    "extras": {},
                    "name": "ListHeadings",
                    "replacement-node": 42
                },
                {
                    "template-line-number": 135,
                    "node-pos": 73,
                    "part": "3",
                    "extras": {},
                    "name": "ListHeadings",
                    "replacement-node": 37
                }
            ],
            "name": "ListHeadings"
        },
        "rule-14": [
            {
                "node-pos": 122,
                "replacement-node": 72,
                "template-line-number": 260,
                "part": null
            }
        ],
        "rule-12": [
            {
                "node-pos": 59,
                "html": true,
                "replacement-node": 33,
                "template-line-number": 105,
                "part": null
            }
        ],
        "rule-15": [
            {
                "node-pos": 126,
                "replacement-node": 75,
                "template-line-number": 270,
                "part": null
            }
        ],
        "rule-11": [
            {
                "node-pos": 54,
                "replacement-node": 30,
                "template-line-number": 94,
                "part": null
            }
        ],
        "rule-10": [
            {
                "template-line-number": 83,
                "node-pos": 48,
                "replacement-node": 27,
                "expression-node": 28,
                "part": null
            }
        ],
        "rule-2": [
            {
                "template-line-number": 28,
                "node-pos": 14,
                "replacement-node": 3,
                "expression-node": 4,
                "part": null
            }
        ],
        "rule-3": [
            {
                "node-pos": 18,
                "replacement-node": 6,
                "template-line-number": 34,
                "part": null
            }
        ],
        "rule-5": [
            {
                "node-pos": 27,
                "html": true,
                "replacement-node": 12,
                "template-line-number": 52,
                "part": null
            }
        ]
    }
}