{
    "line-numbers": {
        "ControlRespondent": [
            {
                "template-line-number": 209,
                "line-number-node": 46,
                "start-number": 1
            }
        ]
    },
    "showifs": {},
    "substitutions": {
        "rule-1": [
            {
                "replacement-node": 0,
                "node-pos": 10,
                "part": null,
                "template-line-number": 22
            }
        ],
        "rule-2": [
            {
                "replacement-node": 3,
                "expression-node": 4,
                "part": null,
                "node-pos": 14,
                "template-line-number": 28
            }
        ],
        "rule-14": [
            {
                "replacement-node": 72,
                "node-pos": 122,
                "part": null,
                "template-line-number": 260
            }
        ],
        "rule-8": [
            {
                "replacement-node": 21,
                "node-pos": 40,
                "part": null,
                "template-line-number": 73
            }
        ],
        "rule-16": {
            "subs": [
                {
                    "template-line-number": 212,
                    "replacement-node": 48,
                    "expression-node": 49,
                    "part": "2",
                    "name": "ControlRespondent",
                    "node-pos": 88
                },
                {
                    "template-line-number": 217,
                    "replacement-node": 51,
                    "expression-node": 52,
                    "part": "3",
                    "name": "ControlRespondent",
                    "node-pos": 92
                },
                {
                    "template-line-number": 222,
                    "replacement-node": 54,
                    "expression-node": 55,
                    "part": "4",
                    "name": "ControlRespondent",
                    "node-pos": 96
                },
                {
                    "template-line-number": 227,
                    "replacement-node": 57,
                    "expression-node": 58,
                    "part": "4",
                    "name": "ControlRespondent",
                    "node-pos": 100
                },
                {
                    "template-line-number": 232,
                    "replacement-node": 60,
                    "expression-node": 61,
                    "part": "5",
                    "name": "ControlRespondent",
                    "node-pos": 104
                },
                {
                    "template-line-number": 237,
                    "replacement-node": 63,
                    "expression-node": 64,
                    "part": "5",
                    "name": "ControlRespondent",
                    "node-pos": 108
                },
                {
                    "template-line-number": 242,
                    "replacement-node": 66,
                    "expression-node": 67,
                    "part": "6",
                    "name": "ControlRespondent",
                    "node-pos": 112
                }
            ],
            "name": "ControlRespondent"
        },
        "rule-10": [
            {
                "replacement-node": 27,
                "expression-node": 28,
                "part": null,
                "node-pos": 48,
                "template-line-number": 83
            }
        ],
        "rule-9": [
            {
                "replacement-node": 24,
                "expression-node": 25,
                "part": null,
                "node-pos": 44,
                "template-line-number": 78
            }
        ],
        "rule-6": [
            {
                "replacement-node": 15,
                "node-pos": 32,
                "part": null,
                "template-line-number": 63
            }
        ],
        "rule-4": [
            {
                "html": true,
                "replacement-node": 9,
                "node-pos": 22,
                "part": null,
                "template-line-number": 40
            }
        ],
        "rule-17": {
            "subs": [
                {
                    "extras": {},
                    "template-line-number": 139,
                    "replacement-node": 39,
                    "name": "ListHeadings",
                    "part": "1",
                    "node-pos": 75
                },
                {
                    "extras": {},
                    "template-line-number": 148,
                    "replacement-node": 42,
                    "name": "ListHeadings",
                    "part": "2",
                    "node-pos": 79
                },
                {
                    "extras": {},
                    "template-line-number": 135,
                    "replacement-node": 37,
                    "name": "ListHeadings",
                    "part": "3",
                    "node-pos": 73
                }
            ],
            "name": "ListHeadings"
        },
        "rule-15": [
            {
                "replacement-node": 75,
                "node-pos": 126,
                "part": null,
                "template-line-number": 270
            }
        ],
        "rule-11": [
            {
                "replacement-node": 30,
                "node-pos": 54,
                "part": null,
                "template-line-number": 94
            }
        ],
        "rule-3": [
            {
                "replacement-node": 6,
                "node-pos": 18,
                "part": null,
                "template-line-number": 34
            }
        ],
        "rule-5": [
            {
                "html": true,
                "replacement-node": 12,
                "node-pos": 27,
                "part": null,
                "template-line-number": 52
            }
        ],
        "rule-13": [
            {
                "replacement-node": 69,
                "expression-node": 70,
                "part": null,
                "node-pos": 118,
                "template-line-number": 255
            }
        ],
        "rule-7": [
            {
                "replacement-node": 18,
                "expression-node": 19,
                "part": null,
                "node-pos": 36,
                "template-line-number": 68
            }
        ],
        "rule-12": [
            {
                "html": true,
                "replacement-node": 33,
                "node-pos": 59,
                "part": null,
                "template-line-number": 105
            }
        ]
    }
}