{
    "showifs": {
        "rule-1": {
            "type": "showif",
            "template-line-number": 19
        }
    },
    "substitutions": {
        "rule-5": [
            {
                "template-line-number": 46,
                "node-pos": 23,
                "part": null,
                "html": true,
                "replacement-node": 10
            }
        ],
        "rule-4": [
            {
                "template-line-number": 40,
                "node-pos": 19,
                "part": null,
                "replacement-node": 7
            }
        ],
        "rule-16": {
            "subs": [
                {
                    "name": "UtilityPlantHeadings",
                    "part": "1",
                    "node-pos": 63,
                    "extras": {},
                    "template-line-number": 122,
                    "replacement-node": 35
                },
                {
                    "name": "UtilityPlantHeadings",
                    "part": "2",
                    "node-pos": 67,
                    "extras": {},
                    "template-line-number": 129,
                    "replacement-node": 38
                }
            ],
            "name": "UtilityPlantHeadings"
        },
        "rule-10": [
            {
                "template-line-number": 84,
                "expression-node": 26,
                "node-pos": 45,
                "part": null,
                "replacement-node": 25
            }
        ],
        "rule-6": [
            {
                "template-line-number": 58,
                "node-pos": 28,
                "part": null,
                "html": true,
                "replacement-node": 13
            }
        ],
        "rule-11": [
            {
                "template-line-number": 89,
                "expression-node": 29,
                "node-pos": 49,
                "part": null,
                "replacement-node": 28
            }
        ],
        "rule-15": {
            "subs": [
                {
                    "name": "UtilityPlantLineItems",
                    "part": "1",
                    "node-pos": 73,
                    "extras": {},
                    "template-line-number": 276,
                    "replacement-node": 42
                },
                {
                    "name": "UtilityPlantLineItems",
                    "part": "2",
                    "node-pos": 81,
                    "extras": {},
                    "template-line-number": 288,
                    "replacement-node": 47
                },
                {
                    "node-pos": 87,
                    "part": "2",
                    "expression-node": 53,
                    "name": "UtilityPlantLineItems",
                    "template-line-number": 298,
                    "replacement-node": 52
                },
                {
                    "node-pos": 91,
                    "part": "3",
                    "expression-node": 56,
                    "name": "UtilityPlantLineItems",
                    "template-line-number": 306,
                    "replacement-node": 55
                },
                {
                    "node-pos": 95,
                    "part": "4",
                    "expression-node": 59,
                    "name": "UtilityPlantLineItems",
                    "template-line-number": 314,
                    "replacement-node": 58
                },
                {
                    "node-pos": 99,
                    "part": "5",
                    "expression-node": 62,
                    "name": "UtilityPlantLineItems",
                    "template-line-number": 322,
                    "replacement-node": 61
                },
                {
                    "name": "UtilityPlantLineItems",
                    "part": "6",
                    "node-pos": 79,
                    "extras": {},
                    "template-line-number": 284,
                    "replacement-node": 45
                },
                {
                    "node-pos": 103,
                    "part": "6",
                    "expression-node": 65,
                    "name": "UtilityPlantLineItems",
                    "template-line-number": 330,
                    "replacement-node": 64
                }
            ],
            "name": "UtilityPlantLineItems"
        },
        "rule-14": [
            {
                "template-line-number": 359,
                "node-pos": 113,
                "part": null,
                "replacement-node": 70
            }
        ],
        "rule-7": [
            {
                "template-line-number": 69,
                "node-pos": 33,
                "part": null,
                "replacement-node": 16
            }
        ],
        "rule-9": [
            {
                "template-line-number": 79,
                "node-pos": 41,
                "part": null,
                "replacement-node": 22
            }
        ],
        "rule-2": [
            {
                "template-line-number": 29,
                "node-pos": 11,
                "part": null,
                "replacement-node": 1
            }
        ],
        "rule-12": [
            {
                "template-line-number": 99,
                "node-pos": 55,
                "part": null,
                "replacement-node": 31
            }
        ],
        "rule-3": [
            {
                "template-line-number": 34,
                "expression-node": 5,
                "node-pos": 15,
                "part": null,
                "replacement-node": 4
            }
        ],
        "rule-8": [
            {
                "template-line-number": 74,
                "expression-node": 20,
                "node-pos": 37,
                "part": null,
                "replacement-node": 19
            }
        ],
        "rule-13": [
            {
                "template-line-number": 350,
                "node-pos": 109,
                "part": null,
                "replacement-node": 67
            }
        ]
    },
    "line-numbers": {}
}