{
    "line-numbers": {
        "ADITElectricLineItems": [
            {
                "start-number": 2,
                "line-number-node": 49,
                "template-line-number": 238
            }
        ],
        "ADITGasLineItems": [
            {
                "start-number": 10,
                "line-number-node": 82,
                "template-line-number": 404
            }
        ]
    },
    "substitutions": {
        "rule-11": [
            {
                "part": null,
                "template-line-number": 113,
                "node-pos": 53,
                "replacement-node": 30
            }
        ],
        "rule-38": {
            "name": "ADITGasLineItems",
            "subs": [
                {
                    "part": "2",
                    "node-pos": 151,
                    "template-line-number": 410,
                    "name": "ADITGasLineItems",
                    "replacement-node": 84,
                    "expression-node": 85
                },
                {
                    "part": "3",
                    "node-pos": 155,
                    "template-line-number": 419,
                    "name": "ADITGasLineItems",
                    "replacement-node": 87,
                    "expression-node": 88
                },
                {
                    "part": "4",
                    "node-pos": 159,
                    "template-line-number": 428,
                    "name": "ADITGasLineItems",
                    "replacement-node": 90,
                    "expression-node": 91
                }
            ]
        },
        "rule-19": [
            {
                "part": null,
                "expression-node": 76,
                "template-line-number": 335,
                "node-pos": 133,
                "replacement-node": 75
            }
        ],
        "rule-6": [
            {
                "part": null,
                "template-line-number": 75,
                "node-pos": 31,
                "replacement-node": 15
            }
        ],
        "rule-8": [
            {
                "part": null,
                "template-line-number": 89,
                "node-pos": 39,
                "replacement-node": 21
            }
        ],
        "rule-12": [
            {
                "html": true,
                "part": null,
                "template-line-number": 124,
                "node-pos": 58,
                "replacement-node": 33
            }
        ],
        "rule-40": {
            "name": "DeferredIncomeTaxesHeadings",
            "subs": [
                {
                    "part": "1",
                    "extras": {},
                    "node-pos": 73,
                    "template-line-number": 163,
                    "name": "DeferredIncomeTaxesHeadings",
                    "replacement-node": 39
                },
                {
                    "part": "2",
                    "extras": {},
                    "node-pos": 77,
                    "template-line-number": 171,
                    "name": "DeferredIncomeTaxesHeadings",
                    "replacement-node": 42
                },
                {
                    "part": "3",
                    "extras": {},
                    "node-pos": 71,
                    "template-line-number": 159,
                    "name": "DeferredIncomeTaxesHeadings",
                    "replacement-node": 37
                }
            ]
        },
        "rule-21": [
            {
                "part": null,
                "template-line-number": 442,
                "node-pos": 165,
                "replacement-node": 93
            }
        ],
        "rule-32": [
            {
                "part": null,
                "expression-node": 139,
                "template-line-number": 659,
                "node-pos": 236,
                "replacement-node": 138
            }
        ],
        "rule-1": [
            {
                "part": null,
                "template-line-number": 19,
                "node-pos": 9,
                "replacement-node": 0
            }
        ],
        "rule-30": [
            {
                "part": null,
                "template-line-number": 637,
                "node-pos": 227,
                "replacement-node": 132
            }
        ],
        "rule-25": [
            {
                "part": null,
                "expression-node": 106,
                "template-line-number": 491,
                "node-pos": 185,
                "replacement-node": 105
            }
        ],
        "rule-18": [
            {
                "part": null,
                "expression-node": 73,
                "template-line-number": 325,
                "node-pos": 129,
                "replacement-node": 72
            }
        ],
        "rule-9": [
            {
                "part": null,
                "expression-node": 25,
                "template-line-number": 96,
                "node-pos": 43,
                "replacement-node": 24
            }
        ],
        "rule-27": [
            {
                "part": null,
                "template-line-number": 600,
                "node-pos": 212,
                "replacement-node": 123
            }
        ],
        "rule-35": [
            {
                "part": null,
                "template-line-number": 701,
                "node-pos": 254,
                "replacement-node": 147
            }
        ],
        "rule-33": [
            {
                "part": null,
                "node-pos": 244,
                "template-line-number": 679,
                "html": true,
                "replacement-node": 141,
                "expression-node": 142
            }
        ],
        "rule-5": [
            {
                "html": true,
                "part": null,
                "template-line-number": 58,
                "node-pos": 26,
                "replacement-node": 12
            }
        ],
        "rule-28": [
            {
                "part": null,
                "expression-node": 127,
                "template-line-number": 612,
                "node-pos": 217,
                "replacement-node": 126
            }
        ],
        "rule-22": [
            {
                "part": null,
                "expression-node": 97,
                "template-line-number": 454,
                "node-pos": 170,
                "replacement-node": 96
            }
        ],
        "rule-14": [
            {
                "part": null,
                "template-line-number": 276,
                "node-pos": 109,
                "replacement-node": 60
            }
        ],
        "rule-3": [
            {
                "part": null,
                "template-line-number": 34,
                "node-pos": 17,
                "replacement-node": 6
            }
        ],
        "rule-23": [
            {
                "part": null,
                "expression-node": 100,
                "template-line-number": 464,
                "node-pos": 174,
                "replacement-node": 99
            }
        ],
        "rule-2": [
            {
                "part": null,
                "expression-node": 4,
                "template-line-number": 27,
                "node-pos": 13,
                "replacement-node": 3
            }
        ],
        "rule-20": [
            {
                "part": null,
                "template-line-number": 350,
                "node-pos": 139,
                "replacement-node": 78
            }
        ],
        "rule-17": [
            {
                "part": null,
                "template-line-number": 313,
                "node-pos": 124,
                "replacement-node": 69
            }
        ],
        "rule-37": {
            "name": "ADITElectricLineItems",
            "subs": [
                {
                    "part": "2",
                    "node-pos": 95,
                    "template-line-number": 244,
                    "name": "ADITElectricLineItems",
                    "replacement-node": 51,
                    "expression-node": 52
                },
                {
                    "part": "3",
                    "node-pos": 99,
                    "template-line-number": 253,
                    "name": "ADITElectricLineItems",
                    "replacement-node": 54,
                    "expression-node": 55
                },
                {
                    "part": "4",
                    "node-pos": 103,
                    "template-line-number": 262,
                    "name": "ADITElectricLineItems",
                    "replacement-node": 57,
                    "expression-node": 58
                }
            ]
        },
        "rule-36": [
            {
                "part": null,
                "template-line-number": 711,
                "node-pos": 258,
                "replacement-node": 150
            }
        ],
        "rule-15": [
            {
                "part": null,
                "expression-node": 64,
                "template-line-number": 288,
                "node-pos": 114,
                "replacement-node": 63
            }
        ],
        "rule-29": [
            {
                "part": null,
                "expression-node": 130,
                "template-line-number": 622,
                "node-pos": 221,
                "replacement-node": 129
            }
        ],
        "rule-7": [
            {
                "part": null,
                "expression-node": 19,
                "template-line-number": 82,
                "node-pos": 35,
                "replacement-node": 18
            }
        ],
        "rule-16": [
            {
                "part": null,
                "expression-node": 67,
                "template-line-number": 298,
                "node-pos": 118,
                "replacement-node": 66
            }
        ],
        "rule-24": [
            {
                "part": null,
                "template-line-number": 479,
                "node-pos": 180,
                "replacement-node": 102
            }
        ],
        "rule-31": [
            {
                "part": null,
                "expression-node": 136,
                "template-line-number": 649,
                "node-pos": 232,
                "replacement-node": 135
            }
        ],
        "rule-4": [
            {
                "html": true,
                "part": null,
                "template-line-number": 42,
                "node-pos": 21,
                "replacement-node": 9
            }
        ],
        "rule-10": [
            {
                "part": null,
                "expression-node": 28,
                "template-line-number": 102,
                "node-pos": 47,
                "replacement-node": 27
            }
        ],
        "rule-26": [
            {
                "part": null,
                "expression-node": 109,
                "template-line-number": 501,
                "node-pos": 189,
                "replacement-node": 108
            }
        ],
        "rule-13": [
            {
                "part": null,
                "template-line-number": 184,
                "node-pos": 83,
                "replacement-node": 45
            }
        ],
        "rule-34": [
            {
                "part": null,
                "expression-node": 145,
                "template-line-number": 694,
                "node-pos": 250,
                "replacement-node": 144
            }
        ],
        "rule-39": {
            "name": "ADITOtherLineItems",
            "subs": [
                {
                    "part": "1",
                    "extras": {},
                    "node-pos": 195,
                    "template-line-number": 562,
                    "name": "ADITOtherLineItems",
                    "replacement-node": 112
                },
                {
                    "part": "2",
                    "node-pos": 198,
                    "template-line-number": 568,
                    "name": "ADITOtherLineItems",
                    "replacement-node": 114,
                    "expression-node": 115
                },
                {
                    "part": "3",
                    "node-pos": 202,
                    "template-line-number": 577,
                    "name": "ADITOtherLineItems",
                    "replacement-node": 117,
                    "expression-node": 118
                },
                {
                    "part": "4",
                    "node-pos": 206,
                    "template-line-number": 586,
                    "name": "ADITOtherLineItems",
                    "replacement-node": 120,
                    "expression-node": 121
                }
            ]
        }
    },
    "showifs": {}
}