{
    "substitutions": {
        "rule-18": [
            {
                "expression-node": 73,
                "replacement-node": 72,
                "node-pos": 129,
                "part": null,
                "template-line-number": 325
            }
        ],
        "rule-26": [
            {
                "expression-node": 109,
                "replacement-node": 108,
                "node-pos": 189,
                "part": null,
                "template-line-number": 501
            }
        ],
        "rule-22": [
            {
                "expression-node": 97,
                "replacement-node": 96,
                "node-pos": 170,
                "part": null,
                "template-line-number": 454
            }
        ],
        "rule-16": [
            {
                "expression-node": 67,
                "replacement-node": 66,
                "node-pos": 118,
                "part": null,
                "template-line-number": 298
            }
        ],
        "rule-17": [
            {
                "template-line-number": 313,
                "replacement-node": 69,
                "node-pos": 124,
                "part": null
            }
        ],
        "rule-37": {
            "subs": [
                {
                    "name": "DeferredIncomeTaxesHeadings",
                    "part": "1",
                    "extras": {},
                    "template-line-number": 163,
                    "replacement-node": 39,
                    "node-pos": 73
                },
                {
                    "name": "DeferredIncomeTaxesHeadings",
                    "part": "2",
                    "extras": {},
                    "template-line-number": 171,
                    "replacement-node": 42,
                    "node-pos": 77
                },
                {
                    "name": "DeferredIncomeTaxesHeadings",
                    "part": "3",
                    "extras": {},
                    "template-line-number": 159,
                    "replacement-node": 37,
                    "node-pos": 71
                }
            ],
            "name": "DeferredIncomeTaxesHeadings"
        },
        "rule-5": [
            {
                "template-line-number": 58,
                "replacement-node": 12,
                "node-pos": 26,
                "part": null,
                "html": true
            }
        ],
        "rule-2": [
            {
                "expression-node": 4,
                "replacement-node": 3,
                "node-pos": 13,
                "part": null,
                "template-line-number": 27
            }
        ],
        "rule-30": [
            {
                "template-line-number": 637,
                "replacement-node": 132,
                "node-pos": 227,
                "part": null
            }
        ],
        "rule-39": {
            "subs": [
                {
                    "name": "ADITElectricLineItems",
                    "expression-node": 52,
                    "template-line-number": 244,
                    "part": "2",
                    "replacement-node": 51,
                    "node-pos": 95
                },
                {
                    "name": "ADITElectricLineItems",
                    "expression-node": 55,
                    "template-line-number": 253,
                    "part": "3",
                    "replacement-node": 54,
                    "node-pos": 99
                },
                {
                    "name": "ADITElectricLineItems",
                    "expression-node": 58,
                    "template-line-number": 262,
                    "part": "4",
                    "replacement-node": 57,
                    "node-pos": 103
                }
            ],
            "name": "ADITElectricLineItems"
        },
        "rule-34": [
            {
                "expression-node": 145,
                "replacement-node": 144,
                "node-pos": 250,
                "part": null,
                "template-line-number": 694
            }
        ],
        "rule-33": [
            {
                "expression-node": 142,
                "html": true,
                "template-line-number": 679,
                "part": null,
                "replacement-node": 141,
                "node-pos": 244
            }
        ],
        "rule-13": [
            {
                "template-line-number": 184,
                "replacement-node": 45,
                "node-pos": 83,
                "part": null
            }
        ],
        "rule-36": [
            {
                "template-line-number": 711,
                "replacement-node": 150,
                "node-pos": 258,
                "part": null
            }
        ],
        "rule-25": [
            {
                "expression-node": 106,
                "replacement-node": 105,
                "node-pos": 185,
                "part": null,
                "template-line-number": 491
            }
        ],
        "rule-6": [
            {
                "template-line-number": 75,
                "replacement-node": 15,
                "node-pos": 31,
                "part": null
            }
        ],
        "rule-10": [
            {
                "expression-node": 28,
                "replacement-node": 27,
                "node-pos": 47,
                "part": null,
                "template-line-number": 102
            }
        ],
        "rule-28": [
            {
                "expression-node": 127,
                "replacement-node": 126,
                "node-pos": 217,
                "part": null,
                "template-line-number": 612
            }
        ],
        "rule-32": [
            {
                "expression-node": 139,
                "replacement-node": 138,
                "node-pos": 236,
                "part": null,
                "template-line-number": 659
            }
        ],
        "rule-14": [
            {
                "template-line-number": 276,
                "replacement-node": 60,
                "node-pos": 109,
                "part": null
            }
        ],
        "rule-11": [
            {
                "template-line-number": 113,
                "replacement-node": 30,
                "node-pos": 53,
                "part": null
            }
        ],
        "rule-31": [
            {
                "expression-node": 136,
                "replacement-node": 135,
                "node-pos": 232,
                "part": null,
                "template-line-number": 649
            }
        ],
        "rule-27": [
            {
                "template-line-number": 600,
                "replacement-node": 123,
                "node-pos": 212,
                "part": null
            }
        ],
        "rule-15": [
            {
                "expression-node": 64,
                "replacement-node": 63,
                "node-pos": 114,
                "part": null,
                "template-line-number": 288
            }
        ],
        "rule-1": [
            {
                "template-line-number": 19,
                "replacement-node": 0,
                "node-pos": 9,
                "part": null
            }
        ],
        "rule-4": [
            {
                "template-line-number": 42,
                "replacement-node": 9,
                "node-pos": 21,
                "part": null,
                "html": true
            }
        ],
        "rule-12": [
            {
                "template-line-number": 124,
                "replacement-node": 33,
                "node-pos": 58,
                "part": null,
                "html": true
            }
        ],
        "rule-7": [
            {
                "expression-node": 19,
                "replacement-node": 18,
                "node-pos": 35,
                "part": null,
                "template-line-number": 82
            }
        ],
        "rule-35": [
            {
                "template-line-number": 701,
                "replacement-node": 147,
                "node-pos": 254,
                "part": null
            }
        ],
        "rule-9": [
            {
                "expression-node": 25,
                "replacement-node": 24,
                "node-pos": 43,
                "part": null,
                "template-line-number": 96
            }
        ],
        "rule-21": [
            {
                "template-line-number": 442,
                "replacement-node": 93,
                "node-pos": 165,
                "part": null
            }
        ],
        "rule-24": [
            {
                "template-line-number": 479,
                "replacement-node": 102,
                "node-pos": 180,
                "part": null
            }
        ],
        "rule-38": {
            "subs": [
                {
                    "name": "ADITOtherLineItems",
                    "part": "1",
                    "extras": {},
                    "template-line-number": 562,
                    "replacement-node": 112,
                    "node-pos": 195
                },
                {
                    "name": "ADITOtherLineItems",
                    "expression-node": 115,
                    "template-line-number": 568,
                    "part": "2",
                    "replacement-node": 114,
                    "node-pos": 198
                },
                {
                    "name": "ADITOtherLineItems",
                    "expression-node": 118,
                    "template-line-number": 577,
                    "part": "3",
                    "replacement-node": 117,
                    "node-pos": 202
                },
                {
                    "name": "ADITOtherLineItems",
                    "expression-node": 121,
                    "template-line-number": 586,
                    "part": "4",
                    "replacement-node": 120,
                    "node-pos": 206
                }
            ],
            "name": "ADITOtherLineItems"
        },
        "rule-29": [
            {
                "expression-node": 130,
                "replacement-node": 129,
                "node-pos": 221,
                "part": null,
                "template-line-number": 622
            }
        ],
        "rule-8": [
            {
                "template-line-number": 89,
                "replacement-node": 21,
                "node-pos": 39,
                "part": null
            }
        ],
        "rule-20": [
            {
                "template-line-number": 350,
                "replacement-node": 78,
                "node-pos": 139,
                "part": null
            }
        ],
        "rule-19": [
            {
                "expression-node": 76,
                "replacement-node": 75,
                "node-pos": 133,
                "part": null,
                "template-line-number": 335
            }
        ],
        "rule-23": [
            {
                "expression-node": 100,
                "replacement-node": 99,
                "node-pos": 174,
                "part": null,
                "template-line-number": 464
            }
        ],
        "rule-40": {
            "subs": [
                {
                    "name": "ADITGasLineItems",
                    "expression-node": 85,
                    "template-line-number": 410,
                    "part": "2",
                    "replacement-node": 84,
                    "node-pos": 151
                },
                {
                    "name": "ADITGasLineItems",
                    "expression-node": 88,
                    "template-line-number": 419,
                    "part": "3",
                    "replacement-node": 87,
                    "node-pos": 155
                },
                {
                    "name": "ADITGasLineItems",
                    "expression-node": 91,
                    "template-line-number": 428,
                    "part": "4",
                    "replacement-node": 90,
                    "node-pos": 159
                }
            ],
            "name": "ADITGasLineItems"
        },
        "rule-3": [
            {
                "template-line-number": 34,
                "replacement-node": 6,
                "node-pos": 17,
                "part": null
            }
        ]
    },
    "line-numbers": {
        "ADITElectricLineItems": [
            {
                "start-number": 2,
                "line-number-node": 49,
                "template-line-number": 238
            }
        ],
        "ADITGasLineItems": [
            {
                "start-number": 10,
                "line-number-node": 82,
                "template-line-number": 404
            }
        ]
    },
    "showifs": {}
}