{
    "substitutions": {
        "rule-17": [
            {
                "node-pos": 129,
                "template-line-number": 274,
                "part": null,
                "replacement-node": 76
            }
        ],
        "rule-11": [
            {
                "node-pos": 53,
                "template-line-number": 91,
                "part": null,
                "replacement-node": 30
            }
        ],
        "rule-12": [
            {
                "node-pos": 58,
                "template-line-number": 101,
                "part": null,
                "html": true,
                "replacement-node": 33
            }
        ],
        "rule-5": [
            {
                "node-pos": 26,
                "template-line-number": 50,
                "part": null,
                "html": true,
                "replacement-node": 12
            }
        ],
        "rule-10": [
            {
                "expression-node": 28,
                "node-pos": 47,
                "template-line-number": 81,
                "part": null,
                "replacement-node": 27
            }
        ],
        "rule-14": [
            {
                "node-pos": 111,
                "template-line-number": 232,
                "part": null,
                "html": true,
                "replacement-node": 67
            }
        ],
        "rule-19": {
            "subs": [
                {
                    "part": "1",
                    "name": "ListHeadings",
                    "node-pos": 66,
                    "replacement-node": 37,
                    "extras": {},
                    "template-line-number": 124
                },
                {
                    "part": "2",
                    "name": "ListHeadings",
                    "node-pos": 70,
                    "replacement-node": 40,
                    "extras": {},
                    "template-line-number": 131
                }
            ],
            "name": "ListHeadings"
        },
        "rule-13": [
            {
                "node-pos": 106,
                "template-line-number": 221,
                "part": null,
                "html": true,
                "replacement-node": 64
            }
        ],
        "rule-15": [
            {
                "expression-node": 71,
                "node-pos": 121,
                "template-line-number": 260,
                "part": null,
                "replacement-node": 70
            }
        ],
        "rule-3": [
            {
                "node-pos": 17,
                "template-line-number": 32,
                "part": null,
                "replacement-node": 6
            }
        ],
        "rule-1": [
            {
                "node-pos": 9,
                "template-line-number": 21,
                "part": null,
                "replacement-node": 0
            }
        ],
        "rule-16": [
            {
                "node-pos": 125,
                "template-line-number": 265,
                "part": null,
                "replacement-node": 73
            }
        ],
        "rule-6": [
            {
                "node-pos": 31,
                "template-line-number": 61,
                "part": null,
                "replacement-node": 15
            }
        ],
        "rule-4": [
            {
                "node-pos": 21,
                "template-line-number": 38,
                "part": null,
                "html": true,
                "replacement-node": 9
            }
        ],
        "rule-2": [
            {
                "expression-node": 4,
                "node-pos": 13,
                "template-line-number": 26,
                "part": null,
                "replacement-node": 3
            }
        ],
        "rule-18": {
            "subs": [
                {
                    "part": "1",
                    "name": "ListLineItems",
                    "node-pos": 76,
                    "replacement-node": 44,
                    "extras": {},
                    "template-line-number": 177
                },
                {
                    "part": "2",
                    "name": "ListLineItems",
                    "node-pos": 84,
                    "replacement-node": 49,
                    "extras": {},
                    "template-line-number": 188
                },
                {
                    "part": "3",
                    "name": "ListLineItems",
                    "node-pos": 90,
                    "replacement-node": 53,
                    "extras": {},
                    "template-line-number": 199
                },
                {
                    "part": "4",
                    "name": "ListLineItems",
                    "node-pos": 94,
                    "replacement-node": 56,
                    "extras": {},
                    "template-line-number": 206
                },
                {
                    "expression-node": 59,
                    "part": "5",
                    "name": "ListLineItems",
                    "node-pos": 97,
                    "replacement-node": 58,
                    "template-line-number": 210
                },
                {
                    "part": "6",
                    "name": "ListLineItems",
                    "node-pos": 82,
                    "replacement-node": 47,
                    "extras": {},
                    "template-line-number": 184
                },
                {
                    "expression-node": 61,
                    "part": "6",
                    "name": "ListLineItems",
                    "node-pos": 99,
                    "replacement-node": 60,
                    "template-line-number": 211
                },
                {
                    "expression-node": 63,
                    "part": "7",
                    "name": "ListLineItems",
                    "node-pos": 101,
                    "replacement-node": 62,
                    "template-line-number": 212
                }
            ],
            "name": "ListLineItems"
        },
        "rule-7": [
            {
                "expression-node": 19,
                "node-pos": 35,
                "template-line-number": 66,
                "part": null,
                "replacement-node": 18
            }
        ],
        "rule-9": [
            {
                "expression-node": 25,
                "node-pos": 43,
                "template-line-number": 76,
                "part": null,
                "replacement-node": 24
            }
        ],
        "rule-8": [
            {
                "node-pos": 39,
                "template-line-number": 71,
                "part": null,
                "replacement-node": 21
            }
        ]
    },
    "line-numbers": {},
    "showifs": {}
}