{
    "showifs": {
        "rule-1": {
            "template-line-number": 17,
            "type": "showif"
        }
    },
    "substitutions": {
        "rule-15": [
            {
                "part": null,
                "replacement-node": 83,
                "template-line-number": 418,
                "node-pos": 133
            }
        ],
        "rule-11": [
            {
                "part": null,
                "replacement-node": 28,
                "expression-node": 29,
                "node-pos": 48,
                "template-line-number": 87
            }
        ],
        "rule-7": [
            {
                "part": null,
                "replacement-node": 16,
                "template-line-number": 67,
                "node-pos": 32
            }
        ],
        "rule-13": [
            {
                "html": true,
                "part": null,
                "replacement-node": 34,
                "template-line-number": 111,
                "node-pos": 59
            }
        ],
        "rule-10": [
            {
                "part": null,
                "replacement-node": 25,
                "expression-node": 26,
                "node-pos": 44,
                "template-line-number": 82
            }
        ],
        "rule-3": [
            {
                "part": null,
                "replacement-node": 4,
                "expression-node": 5,
                "node-pos": 14,
                "template-line-number": 32
            }
        ],
        "rule-18": {
            "subs": [
                {
                    "expression-node": 73,
                    "name": "movement_prior",
                    "node-pos": 117,
                    "part": "10",
                    "replacement-node": 72,
                    "template-line-number": 387
                },
                {
                    "expression-node": 77,
                    "name": "movement_prior",
                    "node-pos": 122,
                    "part": "11",
                    "replacement-node": 76,
                    "template-line-number": 398
                },
                {
                    "template-line-number": 329,
                    "name": "movement_prior",
                    "node-pos": 85,
                    "extras": {},
                    "part": "2",
                    "replacement-node": 48
                },
                {
                    "expression-node": 52,
                    "name": "movement_prior",
                    "node-pos": 89,
                    "part": "3",
                    "replacement-node": 51,
                    "template-line-number": 336
                },
                {
                    "expression-node": 55,
                    "name": "movement_prior",
                    "node-pos": 93,
                    "part": "4",
                    "replacement-node": 54,
                    "template-line-number": 343
                },
                {
                    "expression-node": 58,
                    "name": "movement_prior",
                    "node-pos": 97,
                    "part": "5",
                    "replacement-node": 57,
                    "template-line-number": 350
                },
                {
                    "expression-node": 61,
                    "name": "movement_prior",
                    "node-pos": 101,
                    "part": "6",
                    "replacement-node": 60,
                    "template-line-number": 357
                },
                {
                    "expression-node": 64,
                    "name": "movement_prior",
                    "node-pos": 105,
                    "part": "7",
                    "replacement-node": 63,
                    "template-line-number": 364
                },
                {
                    "expression-node": 67,
                    "name": "movement_prior",
                    "node-pos": 109,
                    "part": "8",
                    "replacement-node": 66,
                    "template-line-number": 371
                },
                {
                    "expression-node": 70,
                    "name": "movement_prior",
                    "node-pos": 113,
                    "part": "9",
                    "replacement-node": 69,
                    "template-line-number": 378
                }
            ],
            "name": "movement_prior"
        },
        "rule-8": [
            {
                "part": null,
                "replacement-node": 19,
                "expression-node": 20,
                "node-pos": 36,
                "template-line-number": 72
            }
        ],
        "rule-5": [
            {
                "html": true,
                "part": null,
                "replacement-node": 10,
                "template-line-number": 44,
                "node-pos": 22
            }
        ],
        "rule-16": [
            {
                "part": null,
                "replacement-node": 86,
                "template-line-number": 427,
                "node-pos": 137
            }
        ],
        "rule-14": [
            {
                "part": null,
                "replacement-node": 80,
                "expression-node": 81,
                "node-pos": 129,
                "template-line-number": 413
            }
        ],
        "rule-9": [
            {
                "part": null,
                "replacement-node": 22,
                "template-line-number": 77,
                "node-pos": 40
            }
        ],
        "rule-12": [
            {
                "part": null,
                "replacement-node": 31,
                "template-line-number": 100,
                "node-pos": 54
            }
        ],
        "rule-4": [
            {
                "part": null,
                "replacement-node": 7,
                "template-line-number": 38,
                "node-pos": 18
            }
        ],
        "rule-6": [
            {
                "html": true,
                "part": null,
                "replacement-node": 13,
                "template-line-number": 56,
                "node-pos": 27
            }
        ],
        "rule-2": [
            {
                "part": null,
                "replacement-node": 1,
                "template-line-number": 27,
                "node-pos": 10
            }
        ],
        "rule-17": {
            "subs": [
                {
                    "template-line-number": 138,
                    "name": "AOCIHeadings",
                    "node-pos": 71,
                    "extras": {},
                    "part": "1",
                    "replacement-node": 38
                },
                {
                    "template-line-number": 145,
                    "name": "AOCIHeadings",
                    "node-pos": 75,
                    "extras": {},
                    "part": "2",
                    "replacement-node": 41
                }
            ],
            "name": "AOCIHeadings"
        }
    },
    "line-numbers": {
        "movement_prior": [
            {
                "line-number-node": 45,
                "template-line-number": 326,
                "start-number": 1
            }
        ]
    }
}