{
    "substitutions": {
        "rule-1": [
            {
                "node-pos": 10,
                "part": null,
                "template-line-number": 23,
                "replacement-node": 0
            }
        ],
        "rule-3": [
            {
                "node-pos": 18,
                "part": null,
                "template-line-number": 34,
                "replacement-node": 6
            }
        ],
        "rule-9": [
            {
                "expression-node": 25,
                "part": null,
                "template-line-number": 78,
                "replacement-node": 24,
                "node-pos": 44
            }
        ],
        "rule-6": [
            {
                "node-pos": 32,
                "part": null,
                "template-line-number": 63,
                "replacement-node": 15
            }
        ],
        "rule-14": [
            {
                "node-pos": 127,
                "part": null,
                "template-line-number": 293,
                "replacement-node": 77
            }
        ],
        "rule-4": [
            {
                "node-pos": 22,
                "part": null,
                "template-line-number": 40,
                "replacement-node": 9,
                "html": true
            }
        ],
        "rule-13": [
            {
                "expression-node": 75,
                "part": null,
                "template-line-number": 286,
                "replacement-node": 74,
                "node-pos": 123
            }
        ],
        "rule-12": [
            {
                "node-pos": 59,
                "part": null,
                "template-line-number": 105,
                "replacement-node": 33,
                "html": true
            }
        ],
        "rule-8": [
            {
                "node-pos": 40,
                "part": null,
                "template-line-number": 73,
                "replacement-node": 21
            }
        ],
        "rule-5": [
            {
                "node-pos": 27,
                "part": null,
                "template-line-number": 52,
                "replacement-node": 12,
                "html": true
            }
        ],
        "rule-7": [
            {
                "expression-node": 19,
                "part": null,
                "template-line-number": 68,
                "replacement-node": 18,
                "node-pos": 36
            }
        ],
        "rule-10": [
            {
                "expression-node": 28,
                "part": null,
                "template-line-number": 83,
                "replacement-node": 27,
                "node-pos": 48
            }
        ],
        "rule-16": {
            "name": "DeferredIncomeTaxesHeadings",
            "subs": [
                {
                    "part": "1",
                    "replacement-node": 39,
                    "node-pos": 76,
                    "extras": {},
                    "template-line-number": 145,
                    "name": "DeferredIncomeTaxesHeadings"
                },
                {
                    "part": "2",
                    "replacement-node": 42,
                    "node-pos": 80,
                    "extras": {},
                    "template-line-number": 153,
                    "name": "DeferredIncomeTaxesHeadings"
                },
                {
                    "part": "3",
                    "replacement-node": 37,
                    "node-pos": 74,
                    "extras": {},
                    "template-line-number": 141,
                    "name": "DeferredIncomeTaxesHeadings"
                }
            ]
        },
        "rule-15": [
            {
                "node-pos": 131,
                "part": null,
                "template-line-number": 303,
                "replacement-node": 80
            }
        ],
        "rule-17": {
            "name": "MTSPeakLoadLineItems",
            "subs": [
                {
                    "part": "2",
                    "replacement-node": 50,
                    "node-pos": 91,
                    "extras": {},
                    "template-line-number": 230,
                    "name": "MTSPeakLoadLineItems"
                },
                {
                    "part": "3",
                    "replacement-node": 46,
                    "node-pos": 86,
                    "extras": {},
                    "template-line-number": 223,
                    "name": "MTSPeakLoadLineItems"
                },
                {
                    "expression-node": 55,
                    "part": "4",
                    "replacement-node": 54,
                    "node-pos": 96,
                    "template-line-number": 239,
                    "name": "MTSPeakLoadLineItems"
                },
                {
                    "expression-node": 59,
                    "part": "5",
                    "replacement-node": 58,
                    "node-pos": 101,
                    "template-line-number": 247,
                    "name": "MTSPeakLoadLineItems"
                },
                {
                    "expression-node": 63,
                    "part": "6",
                    "replacement-node": 62,
                    "node-pos": 106,
                    "template-line-number": 254,
                    "name": "MTSPeakLoadLineItems"
                },
                {
                    "expression-node": 67,
                    "part": "7",
                    "replacement-node": 66,
                    "node-pos": 111,
                    "template-line-number": 261,
                    "name": "MTSPeakLoadLineItems"
                },
                {
                    "expression-node": 71,
                    "part": "8",
                    "replacement-node": 70,
                    "node-pos": 116,
                    "template-line-number": 268,
                    "name": "MTSPeakLoadLineItems"
                }
            ]
        },
        "rule-11": [
            {
                "node-pos": 54,
                "part": null,
                "template-line-number": 93,
                "replacement-node": 30
            }
        ],
        "rule-2": [
            {
                "expression-node": 4,
                "part": null,
                "template-line-number": 28,
                "replacement-node": 3,
                "node-pos": 14
            }
        ]
    },
    "showifs": {},
    "line-numbers": {}
}