{
    "showifs": {},
    "line-numbers": {},
    "substitutions": {
        "rule-8": [
            {
                "node-pos": 39,
                "template-line-number": 90,
                "replacement-node": 21,
                "part": null
            }
        ],
        "rule-12": [
            {
                "node-pos": 58,
                "template-line-number": 126,
                "html": true,
                "replacement-node": 33,
                "part": null
            }
        ],
        "rule-20": [
            {
                "node-pos": 195,
                "expression-node": 108,
                "replacement-node": 107,
                "template-line-number": 477,
                "part": null
            }
        ],
        "rule-17": [
            {
                "node-pos": 180,
                "expression-node": 99,
                "replacement-node": 98,
                "template-line-number": 445,
                "part": null
            }
        ],
        "rule-26": {
            "name": "ColumnHeadings",
            "subs": [
                {
                    "node-pos": 98,
                    "template-line-number": 197,
                    "name": "ColumnHeadings",
                    "extras": {},
                    "replacement-node": 39,
                    "part": "1"
                },
                {
                    "node-pos": 102,
                    "template-line-number": 205,
                    "name": "ColumnHeadings",
                    "extras": {},
                    "replacement-node": 42,
                    "part": "2"
                },
                {
                    "node-pos": 96,
                    "template-line-number": 193,
                    "name": "ColumnHeadings",
                    "extras": {},
                    "replacement-node": 37,
                    "part": "3"
                }
            ]
        },
        "rule-6": [
            {
                "node-pos": 31,
                "template-line-number": 76,
                "replacement-node": 15,
                "part": null
            }
        ],
        "rule-13": [
            {
                "node-pos": 163,
                "template-line-number": 405,
                "replacement-node": 86,
                "part": null
            }
        ],
        "rule-4": [
            {
                "node-pos": 21,
                "template-line-number": 41,
                "html": true,
                "replacement-node": 9,
                "part": null
            }
        ],
        "rule-18": [
            {
                "node-pos": 186,
                "expression-node": 102,
                "replacement-node": 101,
                "template-line-number": 456,
                "part": null
            }
        ],
        "rule-11": [
            {
                "node-pos": 53,
                "template-line-number": 115,
                "replacement-node": 30,
                "part": null
            }
        ],
        "rule-9": [
            {
                "node-pos": 43,
                "expression-node": 25,
                "replacement-node": 24,
                "template-line-number": 97,
                "part": null
            }
        ],
        "rule-15": [
            {
                "node-pos": 172,
                "expression-node": 93,
                "replacement-node": 92,
                "template-line-number": 426,
                "part": null
            }
        ],
        "rule-25": {
            "name": "RegulatoryCommissionExpenses",
            "subs": [
                {
                    "node-pos": 108,
                    "template-line-number": 294,
                    "name": "RegulatoryCommissionExpenses",
                    "extras": {},
                    "replacement-node": 46,
                    "part": "1"
                },
                {
                    "node-pos": 145,
                    "template-line-number": 367,
                    "replacement-node": 74,
                    "name": "RegulatoryCommissionExpenses",
                    "expression-node": 75,
                    "part": "10"
                },
                {
                    "node-pos": 149,
                    "template-line-number": 375,
                    "replacement-node": 77,
                    "name": "RegulatoryCommissionExpenses",
                    "expression-node": 78,
                    "part": "11"
                },
                {
                    "node-pos": 153,
                    "template-line-number": 384,
                    "replacement-node": 80,
                    "name": "RegulatoryCommissionExpenses",
                    "expression-node": 81,
                    "part": "12"
                },
                {
                    "node-pos": 157,
                    "template-line-number": 392,
                    "replacement-node": 83,
                    "name": "RegulatoryCommissionExpenses",
                    "expression-node": 84,
                    "part": "13"
                },
                {
                    "node-pos": 113,
                    "template-line-number": 300,
                    "replacement-node": 50,
                    "name": "RegulatoryCommissionExpenses",
                    "expression-node": 51,
                    "part": "2"
                },
                {
                    "node-pos": 117,
                    "template-line-number": 309,
                    "replacement-node": 53,
                    "name": "RegulatoryCommissionExpenses",
                    "expression-node": 54,
                    "part": "3"
                },
                {
                    "node-pos": 121,
                    "template-line-number": 317,
                    "replacement-node": 56,
                    "name": "RegulatoryCommissionExpenses",
                    "expression-node": 57,
                    "part": "4"
                },
                {
                    "node-pos": 125,
                    "template-line-number": 325,
                    "replacement-node": 59,
                    "name": "RegulatoryCommissionExpenses",
                    "expression-node": 60,
                    "part": "5"
                },
                {
                    "node-pos": 129,
                    "template-line-number": 333,
                    "replacement-node": 62,
                    "name": "RegulatoryCommissionExpenses",
                    "expression-node": 63,
                    "part": "6"
                },
                {
                    "node-pos": 133,
                    "template-line-number": 341,
                    "replacement-node": 65,
                    "name": "RegulatoryCommissionExpenses",
                    "expression-node": 66,
                    "part": "7"
                },
                {
                    "node-pos": 137,
                    "template-line-number": 350,
                    "replacement-node": 68,
                    "name": "RegulatoryCommissionExpenses",
                    "expression-node": 69,
                    "part": "8"
                },
                {
                    "node-pos": 141,
                    "template-line-number": 359,
                    "replacement-node": 71,
                    "name": "RegulatoryCommissionExpenses",
                    "expression-node": 72,
                    "part": "9"
                }
            ]
        },
        "rule-1": [
            {
                "node-pos": 9,
                "template-line-number": 19,
                "replacement-node": 0,
                "part": null
            }
        ],
        "rule-23": [
            {
                "node-pos": 209,
                "template-line-number": 510,
                "replacement-node": 116,
                "part": null
            }
        ],
        "rule-7": [
            {
                "node-pos": 35,
                "expression-node": 19,
                "replacement-node": 18,
                "template-line-number": 83,
                "part": null
            }
        ],
        "rule-19": [
            {
                "node-pos": 190,
                "expression-node": 105,
                "replacement-node": 104,
                "template-line-number": 466,
                "part": null
            }
        ],
        "rule-14": [
            {
                "node-pos": 168,
                "expression-node": 90,
                "replacement-node": 89,
                "template-line-number": 417,
                "part": null
            }
        ],
        "rule-21": [
            {
                "node-pos": 199,
                "expression-node": 111,
                "replacement-node": 110,
                "template-line-number": 487,
                "part": null
            }
        ],
        "rule-16": [
            {
                "node-pos": 176,
                "expression-node": 96,
                "replacement-node": 95,
                "template-line-number": 435,
                "part": null
            }
        ],
        "rule-10": [
            {
                "node-pos": 47,
                "expression-node": 28,
                "replacement-node": 27,
                "template-line-number": 103,
                "part": null
            }
        ],
        "rule-3": [
            {
                "node-pos": 17,
                "template-line-number": 33,
                "replacement-node": 6,
                "part": null
            }
        ],
        "rule-24": [
            {
                "node-pos": 213,
                "template-line-number": 520,
                "replacement-node": 119,
                "part": null
            }
        ],
        "rule-5": [
            {
                "node-pos": 26,
                "template-line-number": 58,
                "html": true,
                "replacement-node": 12,
                "part": null
            }
        ],
        "rule-2": [
            {
                "node-pos": 13,
                "expression-node": 4,
                "replacement-node": 3,
                "template-line-number": 26,
                "part": null
            }
        ],
        "rule-22": [
            {
                "node-pos": 205,
                "expression-node": 114,
                "replacement-node": 113,
                "template-line-number": 503,
                "part": null
            }
        ]
    }
}