{
    "showifs": {},
    "line-numbers": {
        "Transactions2": [
            {
                "template-line-number": 380,
                "start-number": 26,
                "line-number-node": 83
            }
        ],
        "Transactions": [
            {
                "template-line-number": 234,
                "start-number": 3,
                "line-number-node": 53
            }
        ],
        "Transactions3": [
            {
                "template-line-number": 517,
                "start-number": 43,
                "line-number-node": 110
            }
        ]
    },
    "substitutions": {
        "rule-28": [
            {
                "replacement-node": 124,
                "expression-node": 125,
                "node-pos": 240,
                "part": null,
                "template-line-number": 558
            }
        ],
        "rule-19": [
            {
                "replacement-node": 73,
                "node-pos": 138,
                "part": null,
                "template-line-number": 295
            }
        ],
        "rule-15": [
            {
                "replacement-node": 49,
                "node-pos": 95,
                "part": null,
                "template-line-number": 178
            }
        ],
        "rule-31": [
            {
                "replacement-node": 133,
                "expression-node": 134,
                "node-pos": 256,
                "part": null,
                "template-line-number": 594
            }
        ],
        "rule-33": [
            {
                "replacement-node": 139,
                "expression-node": 140,
                "node-pos": 266,
                "part": null,
                "template-line-number": 617
            }
        ],
        "rule-39": {
            "name": "Transactions3",
            "subs": [
                {
                    "name": "Transactions3",
                    "expression-node": 113,
                    "template-line-number": 522,
                    "replacement-node": 112,
                    "part": "2",
                    "node-pos": 220
                },
                {
                    "name": "Transactions3",
                    "expression-node": 116,
                    "template-line-number": 527,
                    "replacement-node": 115,
                    "part": "3",
                    "node-pos": 224
                },
                {
                    "name": "Transactions3",
                    "expression-node": 119,
                    "template-line-number": 532,
                    "replacement-node": 118,
                    "part": "4",
                    "node-pos": 228
                }
            ]
        },
        "rule-14": [
            {
                "replacement-node": 46,
                "node-pos": 85,
                "part": null,
                "template-line-number": 160
            }
        ],
        "rule-37": {
            "name": "Transactions2",
            "subs": [
                {
                    "name": "Transactions2",
                    "expression-node": 86,
                    "template-line-number": 385,
                    "replacement-node": 85,
                    "part": "2",
                    "node-pos": 166
                },
                {
                    "name": "Transactions2",
                    "expression-node": 89,
                    "template-line-number": 390,
                    "replacement-node": 88,
                    "part": "3",
                    "node-pos": 170
                },
                {
                    "name": "Transactions2",
                    "expression-node": 92,
                    "template-line-number": 395,
                    "replacement-node": 91,
                    "part": "4",
                    "node-pos": 174
                }
            ]
        },
        "rule-17": [
            {
                "replacement-node": 67,
                "expression-node": 68,
                "node-pos": 128,
                "part": null,
                "template-line-number": 273
            }
        ],
        "rule-16": [
            {
                "replacement-node": 64,
                "node-pos": 123,
                "part": null,
                "template-line-number": 261
            }
        ],
        "rule-36": {
            "name": "ColumnHeadings",
            "subs": [
                {
                    "name": "ColumnHeadings",
                    "extras": {},
                    "template-line-number": 130,
                    "replacement-node": 37,
                    "part": "1",
                    "node-pos": 70
                },
                {
                    "name": "ColumnHeadings",
                    "extras": {},
                    "template-line-number": 137,
                    "replacement-node": 40,
                    "part": "2",
                    "node-pos": 74
                }
            ]
        },
        "rule-25": [
            {
                "replacement-node": 103,
                "node-pos": 196,
                "part": null,
                "template-line-number": 443
            }
        ],
        "rule-23": [
            {
                "replacement-node": 97,
                "expression-node": 98,
                "node-pos": 186,
                "part": null,
                "template-line-number": 421
            }
        ],
        "rule-22": [
            {
                "replacement-node": 94,
                "node-pos": 181,
                "part": null,
                "template-line-number": 408
            }
        ],
        "rule-26": [
            {
                "replacement-node": 106,
                "node-pos": 201,
                "part": null,
                "template-line-number": 455
            }
        ],
        "rule-10": [
            {
                "replacement-node": 27,
                "expression-node": 28,
                "node-pos": 48,
                "part": null,
                "template-line-number": 82
            }
        ],
        "rule-20": [
            {
                "replacement-node": 76,
                "node-pos": 143,
                "part": null,
                "template-line-number": 307
            }
        ],
        "rule-5": [
            {
                "replacement-node": 12,
                "node-pos": 27,
                "html": true,
                "part": null,
                "template-line-number": 51
            }
        ],
        "rule-27": [
            {
                "replacement-node": 121,
                "node-pos": 235,
                "part": null,
                "template-line-number": 545
            }
        ],
        "rule-21": [
            {
                "replacement-node": 79,
                "node-pos": 153,
                "part": null,
                "template-line-number": 325
            }
        ],
        "rule-4": [
            {
                "replacement-node": 9,
                "node-pos": 22,
                "html": true,
                "part": null,
                "template-line-number": 39
            }
        ],
        "rule-24": [
            {
                "replacement-node": 100,
                "expression-node": 101,
                "node-pos": 190,
                "part": null,
                "template-line-number": 430
            }
        ],
        "rule-29": [
            {
                "replacement-node": 127,
                "expression-node": 128,
                "node-pos": 244,
                "part": null,
                "template-line-number": 567
            }
        ],
        "rule-35": [
            {
                "replacement-node": 145,
                "node-pos": 274,
                "part": null,
                "template-line-number": 632
            }
        ],
        "rule-6": [
            {
                "replacement-node": 15,
                "node-pos": 32,
                "part": null,
                "template-line-number": 62
            }
        ],
        "rule-18": [
            {
                "replacement-node": 70,
                "expression-node": 71,
                "node-pos": 132,
                "part": null,
                "template-line-number": 282
            }
        ],
        "rule-11": [
            {
                "replacement-node": 30,
                "node-pos": 54,
                "part": null,
                "template-line-number": 93
            }
        ],
        "rule-8": [
            {
                "replacement-node": 21,
                "node-pos": 40,
                "part": null,
                "template-line-number": 72
            }
        ],
        "rule-38": {
            "name": "Transactions",
            "subs": [
                {
                    "name": "Transactions",
                    "expression-node": 56,
                    "template-line-number": 239,
                    "replacement-node": 55,
                    "part": "2",
                    "node-pos": 108
                },
                {
                    "name": "Transactions",
                    "expression-node": 59,
                    "template-line-number": 244,
                    "replacement-node": 58,
                    "part": "3",
                    "node-pos": 112
                },
                {
                    "name": "Transactions",
                    "expression-node": 62,
                    "template-line-number": 249,
                    "replacement-node": 61,
                    "part": "4",
                    "node-pos": 116
                }
            ]
        },
        "rule-2": [
            {
                "replacement-node": 3,
                "expression-node": 4,
                "node-pos": 14,
                "part": null,
                "template-line-number": 27
            }
        ],
        "rule-34": [
            {
                "replacement-node": 142,
                "node-pos": 270,
                "part": null,
                "template-line-number": 623
            }
        ],
        "rule-32": [
            {
                "replacement-node": 136,
                "expression-node": 137,
                "node-pos": 260,
                "part": null,
                "template-line-number": 603
            }
        ],
        "rule-9": [
            {
                "replacement-node": 24,
                "expression-node": 25,
                "node-pos": 44,
                "part": null,
                "template-line-number": 77
            }
        ],
        "rule-13": [
            {
                "replacement-node": 43,
                "node-pos": 80,
                "part": null,
                "template-line-number": 148
            }
        ],
        "rule-3": [
            {
                "replacement-node": 6,
                "node-pos": 18,
                "part": null,
                "template-line-number": 33
            }
        ],
        "rule-1": [
            {
                "replacement-node": 0,
                "node-pos": 10,
                "part": null,
                "template-line-number": 22
            }
        ],
        "rule-12": [
            {
                "replacement-node": 33,
                "node-pos": 59,
                "html": true,
                "part": null,
                "template-line-number": 104
            }
        ],
        "rule-7": [
            {
                "replacement-node": 18,
                "expression-node": 19,
                "node-pos": 36,
                "part": null,
                "template-line-number": 67
            }
        ],
        "rule-30": [
            {
                "replacement-node": 130,
                "node-pos": 251,
                "part": null,
                "template-line-number": 581
            }
        ]
    }
}