{
    "showifs": {
        "rule-1": {
            "type": "showif",
            "template-line-number": 18
        }
    },
    "line-numbers": {
        "director": [
            {
                "line-number-node": 46,
                "template-line-number": 205,
                "start-number": 1
            }
        ]
    },
    "substitutions": {
        "rule-11": [
            {
                "part": null,
                "expression-node": 29,
                "template-line-number": 88,
                "replacement-node": 28,
                "node-pos": 51
            }
        ],
        "rule-7": [
            {
                "part": null,
                "template-line-number": 68,
                "replacement-node": 16,
                "node-pos": 33
            }
        ],
        "rule-2": [
            {
                "part": null,
                "template-line-number": 28,
                "replacement-node": 1,
                "node-pos": 11
            }
        ],
        "rule-12": [
            {
                "part": null,
                "template-line-number": 99,
                "replacement-node": 31,
                "node-pos": 57
            }
        ],
        "rule-3": [
            {
                "part": null,
                "expression-node": 5,
                "template-line-number": 33,
                "replacement-node": 4,
                "node-pos": 15
            }
        ],
        "rule-10": [
            {
                "part": null,
                "expression-node": 26,
                "template-line-number": 83,
                "replacement-node": 25,
                "node-pos": 47
            }
        ],
        "rule-16": [
            {
                "part": null,
                "template-line-number": 251,
                "replacement-node": 66,
                "node-pos": 115
            }
        ],
        "rule-4": [
            {
                "part": null,
                "template-line-number": 39,
                "replacement-node": 7,
                "node-pos": 19
            }
        ],
        "rule-9": [
            {
                "part": null,
                "template-line-number": 78,
                "replacement-node": 22,
                "node-pos": 42
            }
        ],
        "rule-18": {
            "subs": [
                {
                    "template-line-number": 141,
                    "replacement-node": 39,
                    "part": "1",
                    "node-pos": 76,
                    "extras": {},
                    "name": "ListHeadings"
                },
                {
                    "template-line-number": 150,
                    "replacement-node": 42,
                    "part": "2",
                    "node-pos": 80,
                    "extras": {},
                    "name": "ListHeadings"
                },
                {
                    "template-line-number": 137,
                    "replacement-node": 37,
                    "part": "3",
                    "node-pos": 74,
                    "extras": {},
                    "name": "ListHeadings"
                }
            ],
            "name": "ListHeadings"
        },
        "rule-13": [
            {
                "part": null,
                "html": true,
                "template-line-number": 110,
                "replacement-node": 34,
                "node-pos": 62
            }
        ],
        "rule-6": [
            {
                "part": null,
                "html": true,
                "template-line-number": 57,
                "replacement-node": 13,
                "node-pos": 28
            }
        ],
        "rule-14": [
            {
                "part": null,
                "expression-node": 61,
                "template-line-number": 236,
                "replacement-node": 60,
                "node-pos": 107
            }
        ],
        "rule-8": [
            {
                "part": null,
                "expression-node": 20,
                "template-line-number": 73,
                "replacement-node": 19,
                "node-pos": 38
            }
        ],
        "rule-5": [
            {
                "part": null,
                "html": true,
                "template-line-number": 45,
                "replacement-node": 10,
                "node-pos": 23
            }
        ],
        "rule-17": {
            "subs": [
                {
                    "expression-node": 49,
                    "template-line-number": 208,
                    "replacement-node": 48,
                    "part": "2",
                    "node-pos": 89,
                    "name": "director"
                },
                {
                    "expression-node": 52,
                    "template-line-number": 213,
                    "replacement-node": 51,
                    "part": "3",
                    "node-pos": 93,
                    "name": "director"
                },
                {
                    "expression-node": 55,
                    "template-line-number": 218,
                    "replacement-node": 54,
                    "part": "4",
                    "node-pos": 97,
                    "name": "director"
                },
                {
                    "expression-node": 58,
                    "template-line-number": 223,
                    "replacement-node": 57,
                    "part": "5",
                    "node-pos": 101,
                    "name": "director"
                }
            ],
            "name": "director"
        },
        "rule-15": [
            {
                "part": null,
                "template-line-number": 241,
                "replacement-node": 63,
                "node-pos": 111
            }
        ]
    }
}