{
    "line-numbers": {},
    "showifs": {
        "rule-1": {
            "type": "showif",
            "template-line-number": 17
        }
    },
    "substitutions": {
        "rule-10": [
            {
                "expression-node": 26,
                "replacement-node": 25,
                "part": null,
                "node-pos": 44,
                "template-line-number": 79
            }
        ],
        "rule-16": [
            {
                "replacement-node": 77,
                "part": null,
                "node-pos": 131,
                "template-line-number": 345
            }
        ],
        "rule-7": [
            {
                "replacement-node": 16,
                "part": null,
                "node-pos": 32,
                "template-line-number": 66
            }
        ],
        "rule-18": {
            "name": "GAHeadings",
            "subs": [
                {
                    "replacement-node": 38,
                    "part": "1",
                    "template-line-number": 139,
                    "node-pos": 78,
                    "name": "GAHeadings",
                    "extras": {}
                },
                {
                    "replacement-node": 41,
                    "part": "2",
                    "template-line-number": 146,
                    "node-pos": 82,
                    "name": "GAHeadings",
                    "extras": {}
                }
            ]
        },
        "rule-6": [
            {
                "replacement-node": 13,
                "html": true,
                "part": null,
                "node-pos": 27,
                "template-line-number": 55
            }
        ],
        "rule-5": [
            {
                "replacement-node": 10,
                "html": true,
                "part": null,
                "node-pos": 22,
                "template-line-number": 43
            }
        ],
        "rule-4": [
            {
                "replacement-node": 7,
                "part": null,
                "node-pos": 18,
                "template-line-number": 37
            }
        ],
        "rule-3": [
            {
                "expression-node": 5,
                "replacement-node": 4,
                "part": null,
                "node-pos": 14,
                "template-line-number": 31
            }
        ],
        "rule-2": [
            {
                "replacement-node": 1,
                "part": null,
                "node-pos": 10,
                "template-line-number": 27
            }
        ],
        "rule-11": [
            {
                "expression-node": 29,
                "replacement-node": 28,
                "part": null,
                "node-pos": 48,
                "template-line-number": 84
            }
        ],
        "rule-12": [
            {
                "replacement-node": 31,
                "part": null,
                "node-pos": 54,
                "template-line-number": 94
            }
        ],
        "rule-15": [
            {
                "replacement-node": 74,
                "part": null,
                "node-pos": 127,
                "template-line-number": 336
            }
        ],
        "rule-13": [
            {
                "replacement-node": 34,
                "html": true,
                "part": null,
                "node-pos": 59,
                "template-line-number": 105
            }
        ],
        "rule-8": [
            {
                "expression-node": 20,
                "replacement-node": 19,
                "part": null,
                "node-pos": 36,
                "template-line-number": 70
            }
        ],
        "rule-17": {
            "name": "GALineItems",
            "subs": [
                {
                    "replacement-node": 45,
                    "part": "1",
                    "template-line-number": 277,
                    "node-pos": 88,
                    "name": "GALineItems",
                    "extras": {}
                },
                {
                    "expression-node": 51,
                    "replacement-node": 50,
                    "part": "2",
                    "node-pos": 96,
                    "name": "GALineItems",
                    "template-line-number": 291
                },
                {
                    "replacement-node": 55,
                    "part": "3",
                    "template-line-number": 301,
                    "node-pos": 102,
                    "name": "GALineItems",
                    "extras": {}
                },
                {
                    "expression-node": 60,
                    "replacement-node": 59,
                    "part": "4",
                    "node-pos": 107,
                    "name": "GALineItems",
                    "template-line-number": 309
                },
                {
                    "expression-node": 67,
                    "replacement-node": 66,
                    "part": "5",
                    "node-pos": 115,
                    "name": "GALineItems",
                    "template-line-number": 319
                },
                {
                    "replacement-node": 48,
                    "part": "6",
                    "template-line-number": 287,
                    "node-pos": 94,
                    "name": "GALineItems",
                    "extras": {}
                }
            ]
        },
        "rule-14": [
            {
                "expression-node": 72,
                "replacement-node": 71,
                "part": null,
                "node-pos": 123,
                "template-line-number": 331
            }
        ],
        "rule-9": [
            {
                "replacement-node": 22,
                "part": null,
                "node-pos": 40,
                "template-line-number": 75
            }
        ]
    }
}