{
    "showifs": {},
    "line-numbers": {},
    "substitutions": {
        "rule-1": [
            {
                "node-pos": 9,
                "template-line-number": 21,
                "replacement-node": 0,
                "part": null
            }
        ],
        "rule-8": [
            {
                "node-pos": 39,
                "template-line-number": 69,
                "replacement-node": 21,
                "part": null
            }
        ],
        "rule-16": {
            "subs": [
                {
                    "template-line-number": 271,
                    "node-pos": 87,
                    "extras": {},
                    "replacement-node": 44,
                    "name": "GALineItems",
                    "part": "1"
                },
                {
                    "node-pos": 95,
                    "expression-node": 50,
                    "template-line-number": 285,
                    "replacement-node": 49,
                    "name": "GALineItems",
                    "part": "2"
                },
                {
                    "template-line-number": 295,
                    "node-pos": 101,
                    "extras": {},
                    "replacement-node": 54,
                    "name": "GALineItems",
                    "part": "3"
                },
                {
                    "node-pos": 106,
                    "expression-node": 59,
                    "template-line-number": 303,
                    "replacement-node": 58,
                    "name": "GALineItems",
                    "part": "4"
                },
                {
                    "node-pos": 114,
                    "expression-node": 66,
                    "template-line-number": 313,
                    "replacement-node": 65,
                    "name": "GALineItems",
                    "part": "5"
                },
                {
                    "template-line-number": 281,
                    "node-pos": 93,
                    "extras": {},
                    "replacement-node": 47,
                    "name": "GALineItems",
                    "part": "6"
                }
            ],
            "name": "GALineItems"
        },
        "rule-15": [
            {
                "node-pos": 130,
                "template-line-number": 339,
                "replacement-node": 76,
                "part": null
            }
        ],
        "rule-5": [
            {
                "html": true,
                "node-pos": 26,
                "template-line-number": 49,
                "replacement-node": 12,
                "part": null
            }
        ],
        "rule-4": [
            {
                "html": true,
                "node-pos": 21,
                "template-line-number": 37,
                "replacement-node": 9,
                "part": null
            }
        ],
        "rule-14": [
            {
                "node-pos": 126,
                "template-line-number": 330,
                "replacement-node": 73,
                "part": null
            }
        ],
        "rule-3": [
            {
                "node-pos": 17,
                "template-line-number": 31,
                "replacement-node": 6,
                "part": null
            }
        ],
        "rule-17": {
            "subs": [
                {
                    "template-line-number": 133,
                    "node-pos": 77,
                    "extras": {},
                    "replacement-node": 37,
                    "name": "GAHeadings",
                    "part": "1"
                },
                {
                    "template-line-number": 140,
                    "node-pos": 81,
                    "extras": {},
                    "replacement-node": 40,
                    "name": "GAHeadings",
                    "part": "2"
                }
            ],
            "name": "GAHeadings"
        },
        "rule-7": [
            {
                "expression-node": 19,
                "template-line-number": 64,
                "replacement-node": 18,
                "node-pos": 35,
                "part": null
            }
        ],
        "rule-13": [
            {
                "expression-node": 71,
                "template-line-number": 325,
                "replacement-node": 70,
                "node-pos": 122,
                "part": null
            }
        ],
        "rule-9": [
            {
                "expression-node": 25,
                "template-line-number": 73,
                "replacement-node": 24,
                "node-pos": 43,
                "part": null
            }
        ],
        "rule-2": [
            {
                "expression-node": 4,
                "template-line-number": 25,
                "replacement-node": 3,
                "node-pos": 13,
                "part": null
            }
        ],
        "rule-6": [
            {
                "node-pos": 31,
                "template-line-number": 60,
                "replacement-node": 15,
                "part": null
            }
        ],
        "rule-10": [
            {
                "expression-node": 28,
                "template-line-number": 78,
                "replacement-node": 27,
                "node-pos": 47,
                "part": null
            }
        ],
        "rule-11": [
            {
                "node-pos": 53,
                "template-line-number": 88,
                "replacement-node": 30,
                "part": null
            }
        ],
        "rule-12": [
            {
                "html": true,
                "node-pos": 58,
                "template-line-number": 99,
                "replacement-node": 33,
                "part": null
            }
        ]
    }
}