{
    "css": [
        "form-template.css"
    ],
    "templates": [
        {
            "name": "Form 714 - 01.1 - Schedule - Identification and Certification",
            "rule-meta-data": "templates/t0/t0-rule-meta-data.json",
            "template": "templates/t0/t0-template.html",
            "xule-text": "templates/t0/t0-xule-text.xule",
            "xule-rule-set": "templates/t0/t0-xule-rule-set.zip"
        },
        {
            "name": "Form 714 - 02.1 - Schedule - Generating Plants Included in Reporting Balancing Authority Area",
            "rule-meta-data": "templates/t1/t1-rule-meta-data.json",
            "template": "templates/t1/t1-template.html",
            "xule-text": "templates/t1/t1-xule-text.xule",
            "xule-rule-set": "templates/t1/t1-xule-rule-set.zip"
        },
        {
            "name": "Form 714 - 02.2 - Schedule - Balancing Authority Area Monthly Capabilities at Time of Monthly Peak Demand",
            "rule-meta-data": "templates/t2/t2-rule-meta-data.json",
            "template": "templates/t2/t2-template.html",
            "xule-text": "templates/t2/t2-xule-text.xule",
            "xule-rule-set": "templates/t2/t2-xule-rule-set.zip"
        },
        {
            "name": "Form 714 - 02.3 - Schedule - Balancing Authority Area Net Energy for Load and Peak Demand Sources by Month",
            "rule-meta-data": "templates/t3/t3-rule-meta-data.json",
            "template": "templates/t3/t3-template.html",
            "xule-text": "templates/t3/t3-xule-text.xule",
            "xule-rule-set": "templates/t3/t3-xule-rule-set.zip"
        },
        {
            "name": "Form 714 - 02.4 - Schedule - Adjacent Balancing Authority Area Interconnections",
            "rule-meta-data": "templates/t4/t4-rule-meta-data.json",
            "template": "templates/t4/t4-template.html",
            "xule-text": "templates/t4/t4-xule-text.xule",
            "xule-rule-set": "templates/t4/t4-xule-rule-set.zip"
        },
        {
            "name": "Form 714 - 02.5 - Schedule - Balancing Authority Area Scheduled and Actual Interchange",
            "rule-meta-data": "templates/t5/t5-rule-meta-data.json",
            "template": "templates/t5/t5-template.html",
            "xule-text": "templates/t5/t5-xule-text.xule",
            "xule-rule-set": "templates/t5/t5-xule-rule-set.zip"
        },
        {
            "name": "Form 714 - 02.6 - Schedule - Balancing Authority Area System Lambda Data and Description of Economic Dispatch",
            "rule-meta-data": "templates/t6/t6-rule-meta-data.json",
            "template": "templates/t6/t6-template.html",
            "xule-text": "templates/t6/t6-xule-text.xule",
            "xule-rule-set": "templates/t6/t6-xule-rule-set.zip"
        },
        {
            "name": "Form 714 - 02.6b - Schedule - Balancing Authority Area System Lambda Data and Description of Economic Dispatch",
            "rule-meta-data": "templates/t7/t7-rule-meta-data.json",
            "template": "templates/t7/t7-template.html",
            "xule-text": "templates/t7/t7-xule-text.xule",
            "xule-rule-set": "templates/t7/t7-xule-rule-set.zip"
        },
        {
            "name": "Form 714 - 03.1 - Schedule - Electric Utilities That Compose the Planning Area",
            "rule-meta-data": "templates/t8/t8-rule-meta-data.json",
            "template": "templates/t8/t8-template.html",
            "xule-text": "templates/t8/t8-xule-text.xule",
            "xule-rule-set": "templates/t8/t8-xule-rule-set.zip"
        },
        {
            "name": "Form 714 - 03.2a - Schedule - Planning Area Hourly Demand and Forecast Summer and Winter Peak Demand and Annual Net Energy for Load",
            "rule-meta-data": "templates/t9/t9-rule-meta-data.json",
            "template": "templates/t9/t9-template.html",
            "xule-text": "templates/t9/t9-xule-text.xule",
            "xule-rule-set": "templates/t9/t9-xule-rule-set.zip"
        },
        {
            "name": "Form 714 - 03.2b - Schedule - Planning Area Hourly Demand and Forecast Summer and Winter Peak Demand and Annual Net Energy for Load",
            "rule-meta-data": "templates/t10/t10-rule-meta-data.json",
            "template": "templates/t10/t10-template.html",
            "xule-text": "templates/t10/t10-xule-text.xule",
            "xule-rule-set": "templates/t10/t10-xule-rule-set.zip"
        }
    ]
}