{
    "showifs": {},
    "substitutions": {
        "rule-14": [
            {
                "replacement-node": 76,
                "expression-node": 77,
                "part": null,
                "node-pos": 138,
                "template-line-number": 361
            }
        ],
        "rule-15": [
            {
                "replacement-node": 79,
                "expression-node": 80,
                "part": null,
                "node-pos": 142,
                "template-line-number": 370
            }
        ],
        "rule-12": [
            {
                "replacement-node": 33,
                "html": true,
                "part": null,
                "node-pos": 59,
                "template-line-number": 128
            }
        ],
        "rule-3": [
            {
                "replacement-node": 6,
                "part": null,
                "node-pos": 18,
                "template-line-number": 34
            }
        ],
        "rule-22": {
            "name": "SalesForResale",
            "subs": [
                {
                    "replacement-node": 70,
                    "part": "10",
                    "expression-node": 71,
                    "name": "SalesForResale",
                    "node-pos": 125,
                    "template-line-number": 333
                },
                {
                    "replacement-node": 46,
                    "part": "2",
                    "expression-node": 47,
                    "name": "SalesForResale",
                    "node-pos": 93,
                    "template-line-number": 261
                },
                {
                    "replacement-node": 49,
                    "part": "3",
                    "expression-node": 50,
                    "name": "SalesForResale",
                    "node-pos": 97,
                    "template-line-number": 270
                },
                {
                    "replacement-node": 52,
                    "part": "4",
                    "expression-node": 53,
                    "name": "SalesForResale",
                    "node-pos": 101,
                    "template-line-number": 279
                },
                {
                    "replacement-node": 55,
                    "part": "5",
                    "expression-node": 56,
                    "name": "SalesForResale",
                    "node-pos": 105,
                    "template-line-number": 288
                },
                {
                    "replacement-node": 58,
                    "part": "6",
                    "expression-node": 59,
                    "name": "SalesForResale",
                    "node-pos": 109,
                    "template-line-number": 297
                },
                {
                    "replacement-node": 61,
                    "part": "7",
                    "expression-node": 62,
                    "name": "SalesForResale",
                    "node-pos": 113,
                    "template-line-number": 306
                },
                {
                    "replacement-node": 64,
                    "part": "8",
                    "expression-node": 65,
                    "name": "SalesForResale",
                    "node-pos": 117,
                    "template-line-number": 315
                },
                {
                    "replacement-node": 67,
                    "part": "9",
                    "expression-node": 68,
                    "name": "SalesForResale",
                    "node-pos": 121,
                    "template-line-number": 324
                }
            ]
        },
        "rule-5": [
            {
                "replacement-node": 12,
                "html": true,
                "part": null,
                "node-pos": 27,
                "template-line-number": 59
            }
        ],
        "rule-19": [
            {
                "replacement-node": 91,
                "expression-node": 92,
                "part": null,
                "node-pos": 160,
                "template-line-number": 413
            }
        ],
        "rule-13": [
            {
                "replacement-node": 73,
                "expression-node": 74,
                "part": null,
                "node-pos": 134,
                "template-line-number": 352
            }
        ],
        "rule-20": [
            {
                "replacement-node": 94,
                "part": null,
                "node-pos": 164,
                "template-line-number": 420
            }
        ],
        "rule-23": {
            "name": "ColumnHeadings",
            "subs": [
                {
                    "replacement-node": 37,
                    "part": "1",
                    "extras": {},
                    "node-pos": 80,
                    "name": "ColumnHeadings",
                    "template-line-number": 169
                },
                {
                    "replacement-node": 40,
                    "part": "2",
                    "extras": {},
                    "node-pos": 84,
                    "name": "ColumnHeadings",
                    "template-line-number": 176
                }
            ]
        },
        "rule-10": [
            {
                "replacement-node": 27,
                "expression-node": 28,
                "part": null,
                "node-pos": 48,
                "template-line-number": 104
            }
        ],
        "rule-4": [
            {
                "replacement-node": 9,
                "html": true,
                "part": null,
                "node-pos": 22,
                "template-line-number": 42
            }
        ],
        "rule-7": [
            {
                "replacement-node": 18,
                "expression-node": 19,
                "part": null,
                "node-pos": 36,
                "template-line-number": 84
            }
        ],
        "rule-18": [
            {
                "replacement-node": 88,
                "expression-node": 89,
                "part": null,
                "node-pos": 154,
                "template-line-number": 397
            }
        ],
        "rule-16": [
            {
                "replacement-node": 82,
                "expression-node": 83,
                "part": null,
                "node-pos": 146,
                "template-line-number": 379
            }
        ],
        "rule-21": [
            {
                "replacement-node": 97,
                "part": null,
                "node-pos": 168,
                "template-line-number": 430
            }
        ],
        "rule-8": [
            {
                "replacement-node": 21,
                "part": null,
                "node-pos": 40,
                "template-line-number": 91
            }
        ],
        "rule-9": [
            {
                "replacement-node": 24,
                "expression-node": 25,
                "part": null,
                "node-pos": 44,
                "template-line-number": 98
            }
        ],
        "rule-6": [
            {
                "replacement-node": 15,
                "part": null,
                "node-pos": 32,
                "template-line-number": 77
            }
        ],
        "rule-1": [
            {
                "replacement-node": 0,
                "part": null,
                "node-pos": 10,
                "template-line-number": 20
            }
        ],
        "rule-2": [
            {
                "replacement-node": 3,
                "expression-node": 4,
                "part": null,
                "node-pos": 14,
                "template-line-number": 27
            }
        ],
        "rule-11": [
            {
                "replacement-node": 30,
                "html": true,
                "part": null,
                "node-pos": 54,
                "template-line-number": 116
            }
        ],
        "rule-17": [
            {
                "replacement-node": 85,
                "expression-node": 86,
                "part": null,
                "node-pos": 150,
                "template-line-number": 388
            }
        ]
    },
    "line-numbers": {
        "SalesForResale": [
            {
                "line-number-node": 44,
                "template-line-number": 256,
                "start-number": 1
            }
        ]
    }
}