{
    "showifs": {},
    "line-numbers": {},
    "substitutions": {
        "rule-18": {
            "name": "AllowanceInventryLineItems",
            "subs": [
                {
                    "template-line-number": 557,
                    "replacement-node": 46,
                    "name": "AllowanceInventryLineItems",
                    "node-pos": 100,
                    "extras": {},
                    "part": "1"
                },
                {
                    "expression-node": 77,
                    "template-line-number": 611,
                    "replacement-node": 76,
                    "name": "AllowanceInventryLineItems",
                    "node-pos": 138,
                    "part": "10"
                },
                {
                    "expression-node": 81,
                    "template-line-number": 618,
                    "replacement-node": 80,
                    "name": "AllowanceInventryLineItems",
                    "node-pos": 143,
                    "part": "11"
                },
                {
                    "expression-node": 85,
                    "template-line-number": 625,
                    "replacement-node": 84,
                    "name": "AllowanceInventryLineItems",
                    "node-pos": 148,
                    "part": "12"
                },
                {
                    "expression-node": 89,
                    "template-line-number": 632,
                    "replacement-node": 88,
                    "name": "AllowanceInventryLineItems",
                    "node-pos": 153,
                    "part": "13"
                },
                {
                    "expression-node": 93,
                    "template-line-number": 639,
                    "replacement-node": 92,
                    "name": "AllowanceInventryLineItems",
                    "node-pos": 158,
                    "part": "14"
                },
                {
                    "expression-node": 97,
                    "template-line-number": 646,
                    "replacement-node": 96,
                    "name": "AllowanceInventryLineItems",
                    "node-pos": 163,
                    "part": "15"
                },
                {
                    "template-line-number": 563,
                    "replacement-node": 49,
                    "name": "AllowanceInventryLineItems",
                    "node-pos": 104,
                    "extras": {},
                    "part": "2"
                },
                {
                    "expression-node": 53,
                    "template-line-number": 569,
                    "replacement-node": 52,
                    "name": "AllowanceInventryLineItems",
                    "node-pos": 108,
                    "part": "3"
                },
                {
                    "expression-node": 57,
                    "template-line-number": 576,
                    "replacement-node": 56,
                    "name": "AllowanceInventryLineItems",
                    "node-pos": 113,
                    "part": "4"
                },
                {
                    "expression-node": 61,
                    "template-line-number": 583,
                    "replacement-node": 60,
                    "name": "AllowanceInventryLineItems",
                    "node-pos": 118,
                    "part": "6"
                },
                {
                    "expression-node": 65,
                    "template-line-number": 590,
                    "replacement-node": 64,
                    "name": "AllowanceInventryLineItems",
                    "node-pos": 123,
                    "part": "7"
                },
                {
                    "expression-node": 69,
                    "template-line-number": 597,
                    "replacement-node": 68,
                    "name": "AllowanceInventryLineItems",
                    "node-pos": 128,
                    "part": "8"
                },
                {
                    "expression-node": 73,
                    "template-line-number": 604,
                    "replacement-node": 72,
                    "name": "AllowanceInventryLineItems",
                    "node-pos": 133,
                    "part": "9"
                }
            ]
        },
        "rule-5": [
            {
                "replacement-node": 12,
                "html": true,
                "template-line-number": 51,
                "node-pos": 26,
                "part": null
            }
        ],
        "rule-16": [
            {
                "replacement-node": 164,
                "template-line-number": 893,
                "node-pos": 251,
                "part": null
            }
        ],
        "rule-19": {
            "name": "ColumnHeadings",
            "subs": [
                {
                    "template-line-number": 159,
                    "replacement-node": 39,
                    "name": "ColumnHeadings",
                    "node-pos": 90,
                    "extras": {},
                    "part": "1"
                },
                {
                    "template-line-number": 168,
                    "replacement-node": 42,
                    "name": "ColumnHeadings",
                    "node-pos": 94,
                    "extras": {},
                    "part": "2"
                },
                {
                    "template-line-number": 155,
                    "replacement-node": 37,
                    "name": "ColumnHeadings",
                    "node-pos": 88,
                    "extras": {},
                    "part": "3"
                }
            ]
        },
        "rule-9": [
            {
                "replacement-node": 24,
                "expression-node": 25,
                "template-line-number": 77,
                "node-pos": 43,
                "part": null
            }
        ],
        "rule-4": [
            {
                "replacement-node": 9,
                "html": true,
                "template-line-number": 39,
                "node-pos": 21,
                "part": null
            }
        ],
        "rule-17": {
            "name": "AllowanceInventryLineItems2",
            "subs": [
                {
                    "template-line-number": 769,
                    "replacement-node": 101,
                    "name": "AllowanceInventryLineItems2",
                    "node-pos": 170,
                    "extras": {},
                    "part": "1"
                },
                {
                    "expression-node": 132,
                    "template-line-number": 822,
                    "replacement-node": 131,
                    "name": "AllowanceInventryLineItems2",
                    "node-pos": 208,
                    "part": "10"
                },
                {
                    "expression-node": 136,
                    "template-line-number": 829,
                    "replacement-node": 135,
                    "name": "AllowanceInventryLineItems2",
                    "node-pos": 213,
                    "part": "11"
                },
                {
                    "expression-node": 140,
                    "template-line-number": 836,
                    "replacement-node": 139,
                    "name": "AllowanceInventryLineItems2",
                    "node-pos": 218,
                    "part": "12"
                },
                {
                    "expression-node": 144,
                    "template-line-number": 843,
                    "replacement-node": 143,
                    "name": "AllowanceInventryLineItems2",
                    "node-pos": 223,
                    "part": "13"
                },
                {
                    "expression-node": 148,
                    "template-line-number": 850,
                    "replacement-node": 147,
                    "name": "AllowanceInventryLineItems2",
                    "node-pos": 228,
                    "part": "14"
                },
                {
                    "expression-node": 152,
                    "template-line-number": 857,
                    "replacement-node": 151,
                    "name": "AllowanceInventryLineItems2",
                    "node-pos": 233,
                    "part": "15"
                },
                {
                    "template-line-number": 774,
                    "replacement-node": 104,
                    "name": "AllowanceInventryLineItems2",
                    "node-pos": 174,
                    "extras": {},
                    "part": "2"
                },
                {
                    "expression-node": 108,
                    "template-line-number": 780,
                    "replacement-node": 107,
                    "name": "AllowanceInventryLineItems2",
                    "node-pos": 178,
                    "part": "3"
                },
                {
                    "expression-node": 112,
                    "template-line-number": 787,
                    "replacement-node": 111,
                    "name": "AllowanceInventryLineItems2",
                    "node-pos": 183,
                    "part": "4"
                },
                {
                    "expression-node": 116,
                    "template-line-number": 794,
                    "replacement-node": 115,
                    "name": "AllowanceInventryLineItems2",
                    "node-pos": 188,
                    "part": "6"
                },
                {
                    "expression-node": 120,
                    "template-line-number": 801,
                    "replacement-node": 119,
                    "name": "AllowanceInventryLineItems2",
                    "node-pos": 193,
                    "part": "7"
                },
                {
                    "expression-node": 124,
                    "template-line-number": 808,
                    "replacement-node": 123,
                    "name": "AllowanceInventryLineItems2",
                    "node-pos": 198,
                    "part": "8"
                },
                {
                    "expression-node": 128,
                    "template-line-number": 815,
                    "replacement-node": 127,
                    "name": "AllowanceInventryLineItems2",
                    "node-pos": 203,
                    "part": "9"
                }
            ]
        },
        "rule-3": [
            {
                "replacement-node": 6,
                "template-line-number": 33,
                "node-pos": 17,
                "part": null
            }
        ],
        "rule-11": [
            {
                "replacement-node": 30,
                "template-line-number": 92,
                "node-pos": 53,
                "part": null
            }
        ],
        "rule-6": [
            {
                "replacement-node": 15,
                "template-line-number": 62,
                "node-pos": 31,
                "part": null
            }
        ],
        "rule-10": [
            {
                "replacement-node": 27,
                "expression-node": 28,
                "template-line-number": 82,
                "node-pos": 47,
                "part": null
            }
        ],
        "rule-7": [
            {
                "replacement-node": 18,
                "expression-node": 19,
                "template-line-number": 67,
                "node-pos": 35,
                "part": null
            }
        ],
        "rule-1": [
            {
                "replacement-node": 0,
                "template-line-number": 22,
                "node-pos": 9,
                "part": null
            }
        ],
        "rule-2": [
            {
                "replacement-node": 3,
                "expression-node": 4,
                "template-line-number": 27,
                "node-pos": 13,
                "part": null
            }
        ],
        "rule-8": [
            {
                "replacement-node": 21,
                "template-line-number": 72,
                "node-pos": 39,
                "part": null
            }
        ],
        "rule-14": [
            {
                "replacement-node": 158,
                "template-line-number": 877,
                "node-pos": 244,
                "part": null
            }
        ],
        "rule-13": [
            {
                "replacement-node": 155,
                "expression-node": 156,
                "template-line-number": 872,
                "node-pos": 240,
                "part": null
            }
        ],
        "rule-15": [
            {
                "replacement-node": 161,
                "template-line-number": 886,
                "node-pos": 248,
                "part": null
            }
        ],
        "rule-12": [
            {
                "replacement-node": 33,
                "html": true,
                "template-line-number": 104,
                "node-pos": 58,
                "part": null
            }
        ]
    }
}