{
    "line-numbers": {},
    "substitutions": {
        "rule-16": [
            {
                "template-line-number": 162,
                "part": null,
                "expression-node": 46,
                "node-pos": 90,
                "replacement-node": 45
            }
        ],
        "rule-15": [
            {
                "template-line-number": 153,
                "part": null,
                "node-pos": 85,
                "replacement-node": 42
            }
        ],
        "rule-14": [
            {
                "template-line-number": 142,
                "part": null,
                "expression-node": 40,
                "node-pos": 79,
                "replacement-node": 39
            }
        ],
        "rule-22": [
            {
                "template-line-number": 227,
                "part": null,
                "html": true,
                "node-pos": 126,
                "replacement-node": 63
            }
        ],
        "rule-3": [
            {
                "template-line-number": 40,
                "part": null,
                "node-pos": 20,
                "replacement-node": 6
            }
        ],
        "rule-19": [
            {
                "template-line-number": 197,
                "part": null,
                "node-pos": 110,
                "replacement-node": 54
            }
        ],
        "rule-32": [
            {
                "template-line-number": 350,
                "part": null,
                "expression-node": 94,
                "node-pos": 189,
                "replacement-node": 93
            }
        ],
        "rule-9": [
            {
                "template-line-number": 93,
                "part": null,
                "expression-node": 25,
                "node-pos": 50,
                "replacement-node": 24
            }
        ],
        "rule-34": [
            {
                "template-line-number": 369,
                "part": null,
                "expression-node": 100,
                "node-pos": 200,
                "replacement-node": 99
            }
        ],
        "rule-6": [
            {
                "template-line-number": 71,
                "part": null,
                "expression-node": 16,
                "node-pos": 35,
                "replacement-node": 15
            }
        ],
        "rule-25": [
            {
                "template-line-number": 260,
                "part": null,
                "expression-node": 73,
                "node-pos": 142,
                "replacement-node": 72
            }
        ],
        "rule-24": [
            {
                "template-line-number": 251,
                "part": null,
                "node-pos": 136,
                "replacement-node": 69
            }
        ],
        "rule-35": [
            {
                "template-line-number": 398,
                "part": null,
                "expression-node": 103,
                "node-pos": 216,
                "replacement-node": 102
            }
        ],
        "rule-26": [
            {
                "template-line-number": 273,
                "part": null,
                "node-pos": 149,
                "replacement-node": 75
            }
        ],
        "rule-21": [
            {
                "template-line-number": 217,
                "part": null,
                "node-pos": 122,
                "replacement-node": 60
            }
        ],
        "rule-37": [
            {
                "template-line-number": 412,
                "part": null,
                "node-pos": 224,
                "replacement-node": 108
            }
        ],
        "rule-20": [
            {
                "template-line-number": 206,
                "part": null,
                "expression-node": 58,
                "node-pos": 116,
                "replacement-node": 57
            }
        ],
        "rule-23": [
            {
                "template-line-number": 239,
                "part": null,
                "html": true,
                "node-pos": 131,
                "replacement-node": 66
            }
        ],
        "rule-2": [
            {
                "template-line-number": 29,
                "part": null,
                "node-pos": 15,
                "replacement-node": 3
            }
        ],
        "rule-13": [
            {
                "template-line-number": 133,
                "part": null,
                "node-pos": 74,
                "replacement-node": 36
            }
        ],
        "rule-33": [
            {
                "template-line-number": 361,
                "part": null,
                "node-pos": 196,
                "replacement-node": 96
            }
        ],
        "rule-4": [
            {
                "template-line-number": 49,
                "part": null,
                "expression-node": 10,
                "node-pos": 25,
                "replacement-node": 9
            }
        ],
        "rule-27": [
            {
                "template-line-number": 299,
                "part": null,
                "node-pos": 161,
                "replacement-node": 78
            }
        ],
        "rule-1": [
            {
                "template-line-number": 21,
                "part": null,
                "expression-node": 1,
                "node-pos": 9,
                "replacement-node": 0
            }
        ],
        "rule-7": [
            {
                "template-line-number": 76,
                "part": null,
                "expression-node": 19,
                "node-pos": 39,
                "replacement-node": 18
            }
        ],
        "rule-18": [
            {
                "template-line-number": 184,
                "part": null,
                "expression-node": 52,
                "node-pos": 103,
                "replacement-node": 51
            }
        ],
        "rule-12": [
            {
                "template-line-number": 120,
                "part": null,
                "expression-node": 34,
                "node-pos": 67,
                "replacement-node": 33
            }
        ],
        "rule-36": [
            {
                "template-line-number": 403,
                "part": null,
                "node-pos": 220,
                "replacement-node": 105
            }
        ],
        "rule-28": [
            {
                "template-line-number": 308,
                "part": null,
                "expression-node": 82,
                "node-pos": 166,
                "replacement-node": 81
            }
        ],
        "rule-10": [
            {
                "template-line-number": 101,
                "part": null,
                "expression-node": 28,
                "node-pos": 54,
                "replacement-node": 27
            }
        ],
        "rule-5": [
            {
                "template-line-number": 61,
                "part": null,
                "node-pos": 31,
                "replacement-node": 12
            }
        ],
        "rule-31": [
            {
                "template-line-number": 341,
                "part": null,
                "node-pos": 184,
                "replacement-node": 90
            }
        ],
        "rule-17": [
            {
                "template-line-number": 175,
                "part": null,
                "node-pos": 97,
                "replacement-node": 48
            }
        ],
        "rule-8": [
            {
                "template-line-number": 84,
                "part": null,
                "node-pos": 44,
                "replacement-node": 21
            }
        ],
        "rule-29": [
            {
                "template-line-number": 319,
                "part": null,
                "node-pos": 172,
                "replacement-node": 84
            }
        ],
        "rule-11": [
            {
                "template-line-number": 111,
                "part": null,
                "node-pos": 61,
                "replacement-node": 30
            }
        ],
        "rule-30": [
            {
                "template-line-number": 328,
                "part": null,
                "expression-node": 88,
                "node-pos": 177,
                "replacement-node": 87
            }
        ]
    },
    "showifs": {}
}