{
    "showifs": {
        "rule-1": {
            "template-line-number": 18,
            "type": "showif"
        }
    },
    "substitutions": {
        "rule-2": [
            {
                "template-line-number": 31,
                "node-pos": 10,
                "replacement-node": 1,
                "part": null
            }
        ],
        "rule-18": {
            "subs": [
                {
                    "template-line-number": 133,
                    "extras": {},
                    "node-pos": 68,
                    "part": "1",
                    "name": "APHeadings",
                    "replacement-node": 38
                },
                {
                    "template-line-number": 140,
                    "extras": {},
                    "node-pos": 72,
                    "part": "2",
                    "name": "APHeadings",
                    "replacement-node": 41
                }
            ],
            "name": "APHeadings"
        },
        "rule-5": [
            {
                "template-line-number": 47,
                "html": true,
                "node-pos": 22,
                "replacement-node": 10,
                "part": null
            }
        ],
        "rule-7": [
            {
                "template-line-number": 70,
                "node-pos": 32,
                "replacement-node": 16,
                "part": null
            }
        ],
        "rule-16": [
            {
                "template-line-number": 287,
                "node-pos": 129,
                "replacement-node": 81,
                "part": null
            }
        ],
        "rule-14": [
            {
                "template-line-number": 270,
                "node-pos": 121,
                "expression-node": 76,
                "replacement-node": 75,
                "part": null
            }
        ],
        "rule-9": [
            {
                "template-line-number": 79,
                "node-pos": 40,
                "replacement-node": 22,
                "part": null
            }
        ],
        "rule-4": [
            {
                "template-line-number": 41,
                "node-pos": 18,
                "replacement-node": 7,
                "part": null
            }
        ],
        "rule-12": [
            {
                "template-line-number": 98,
                "node-pos": 54,
                "replacement-node": 31,
                "part": null
            }
        ],
        "rule-8": [
            {
                "template-line-number": 74,
                "node-pos": 36,
                "expression-node": 20,
                "replacement-node": 19,
                "part": null
            }
        ],
        "rule-15": [
            {
                "template-line-number": 277,
                "node-pos": 125,
                "replacement-node": 78,
                "part": null
            }
        ],
        "rule-6": [
            {
                "template-line-number": 59,
                "html": true,
                "node-pos": 27,
                "replacement-node": 13,
                "part": null
            }
        ],
        "rule-17": {
            "subs": [
                {
                    "template-line-number": 202,
                    "extras": {},
                    "node-pos": 78,
                    "part": "1",
                    "name": "APLineItems",
                    "replacement-node": 45
                },
                {
                    "template-line-number": 213,
                    "extras": {},
                    "node-pos": 86,
                    "part": "2",
                    "name": "APLineItems",
                    "replacement-node": 50
                },
                {
                    "template-line-number": 222,
                    "node-pos": 91,
                    "expression-node": 55,
                    "part": "3",
                    "name": "APLineItems",
                    "replacement-node": 54
                },
                {
                    "template-line-number": 228,
                    "node-pos": 95,
                    "expression-node": 58,
                    "part": "4",
                    "name": "APLineItems",
                    "replacement-node": 57
                },
                {
                    "template-line-number": 234,
                    "node-pos": 99,
                    "expression-node": 61,
                    "part": "5",
                    "name": "APLineItems",
                    "replacement-node": 60
                },
                {
                    "template-line-number": 240,
                    "node-pos": 103,
                    "expression-node": 64,
                    "part": "6",
                    "name": "APLineItems",
                    "replacement-node": 63
                },
                {
                    "template-line-number": 246,
                    "node-pos": 107,
                    "expression-node": 67,
                    "part": "7",
                    "name": "APLineItems",
                    "replacement-node": 66
                },
                {
                    "template-line-number": 209,
                    "extras": {},
                    "node-pos": 84,
                    "part": "8",
                    "name": "APLineItems",
                    "replacement-node": 48
                },
                {
                    "template-line-number": 252,
                    "node-pos": 111,
                    "expression-node": 70,
                    "part": "8",
                    "name": "APLineItems",
                    "replacement-node": 69
                },
                {
                    "template-line-number": 258,
                    "node-pos": 115,
                    "expression-node": 73,
                    "part": "9",
                    "name": "APLineItems",
                    "replacement-node": 72
                }
            ],
            "name": "APLineItems"
        },
        "rule-11": [
            {
                "template-line-number": 88,
                "node-pos": 48,
                "expression-node": 29,
                "replacement-node": 28,
                "part": null
            }
        ],
        "rule-13": [
            {
                "template-line-number": 110,
                "html": true,
                "node-pos": 59,
                "replacement-node": 34,
                "part": null
            }
        ],
        "rule-10": [
            {
                "template-line-number": 83,
                "node-pos": 44,
                "expression-node": 26,
                "replacement-node": 25,
                "part": null
            }
        ],
        "rule-3": [
            {
                "template-line-number": 35,
                "node-pos": 14,
                "expression-node": 5,
                "replacement-node": 4,
                "part": null
            }
        ]
    },
    "line-numbers": {}
}