{
    "line-numbers": {},
    "substitutions": {
        "rule-2": [
            {
                "template-line-number": 144,
                "node-pos": 85,
                "part": null,
                "expression-node": 4,
                "replacement-node": 3
            }
        ],
        "rule-1": [
            {
                "template-line-number": 19,
                "node-pos": 8,
                "part": null,
                "html": true,
                "replacement-node": 0
            }
        ],
        "rule-3": [
            {
                "template-line-number": 151,
                "node-pos": 89,
                "part": null,
                "replacement-node": 6
            }
        ],
        "rule-4": [
            {
                "template-line-number": 160,
                "node-pos": 93,
                "part": null,
                "replacement-node": 9
            }
        ]
    },
    "showifs": {}
}