{
    "showifs": {},
    "substitutions": {
        "rule-1": [
            {
                "replacement-node": 0,
                "template-line-number": 19,
                "html": true,
                "part": null,
                "node-pos": 8
            }
        ],
        "rule-4": [
            {
                "replacement-node": 9,
                "template-line-number": 160,
                "part": null,
                "node-pos": 93
            }
        ],
        "rule-2": [
            {
                "replacement-node": 3,
                "template-line-number": 144,
                "expression-node": 4,
                "part": null,
                "node-pos": 85
            }
        ],
        "rule-3": [
            {
                "replacement-node": 6,
                "template-line-number": 151,
                "part": null,
                "node-pos": 89
            }
        ]
    },
    "line-numbers": {}
}