{
    "line-numbers": {
        "MiscItems2": [
            {
                "template-line-number": 317,
                "start-number": 1,
                "line-number-node": 74
            }
        ],
        "MiscItems4": [
            {
                "template-line-number": 520,
                "start-number": 1,
                "line-number-node": 122
            }
        ],
        "MiscItems1": [
            {
                "template-line-number": 212,
                "start-number": 1,
                "line-number-node": 50
            }
        ],
        "MiscItems6": [
            {
                "template-line-number": 723,
                "start-number": 1,
                "line-number-node": 170
            }
        ],
        "MiscItems5": [
            {
                "template-line-number": 622,
                "start-number": 1,
                "line-number-node": 146
            }
        ],
        "MiscItems": [
            {
                "template-line-number": 822,
                "start-number": 1,
                "line-number-node": 194
            }
        ],
        "MiscItems3": [
            {
                "template-line-number": 418,
                "start-number": 1,
                "line-number-node": 98
            }
        ]
    },
    "showifs": {
        "rule-1": {
            "type": "showif",
            "template-line-number": 19
        }
    },
    "substitutions": {
        "rule-11": [
            {
                "node-pos": 49,
                "template-line-number": 90,
                "part": null,
                "expression-node": 29,
                "replacement-node": 28
            }
        ],
        "rule-20": [
            {
                "node-pos": 157,
                "template-line-number": 368,
                "part": null,
                "replacement-node": 94
            }
        ],
        "rule-23": [
            {
                "node-pos": 194,
                "template-line-number": 469,
                "part": null,
                "replacement-node": 118
            }
        ],
        "rule-37": {
            "subs": [
                {
                    "node-pos": 314,
                    "template-line-number": 825,
                    "expression-node": 197,
                    "name": "MiscItems",
                    "part": "2",
                    "replacement-node": 196
                },
                {
                    "node-pos": 318,
                    "template-line-number": 830,
                    "expression-node": 200,
                    "name": "MiscItems",
                    "part": "3",
                    "replacement-node": 199
                },
                {
                    "node-pos": 322,
                    "template-line-number": 835,
                    "expression-node": 203,
                    "name": "MiscItems",
                    "part": "4",
                    "replacement-node": 202
                },
                {
                    "node-pos": 326,
                    "template-line-number": 840,
                    "expression-node": 206,
                    "name": "MiscItems",
                    "part": "5",
                    "replacement-node": 205
                }
            ],
            "name": "MiscItems"
        },
        "rule-43": {
            "subs": [
                {
                    "node-pos": 167,
                    "template-line-number": 421,
                    "expression-node": 101,
                    "name": "MiscItems3",
                    "part": "2",
                    "replacement-node": 100
                },
                {
                    "node-pos": 171,
                    "template-line-number": 426,
                    "expression-node": 104,
                    "name": "MiscItems3",
                    "part": "3",
                    "replacement-node": 103
                },
                {
                    "node-pos": 175,
                    "template-line-number": 431,
                    "expression-node": 107,
                    "name": "MiscItems3",
                    "part": "4",
                    "replacement-node": 106
                },
                {
                    "node-pos": 179,
                    "template-line-number": 436,
                    "expression-node": 110,
                    "name": "MiscItems3",
                    "part": "5",
                    "replacement-node": 109
                }
            ],
            "name": "MiscItems3"
        },
        "rule-16": [
            {
                "node-pos": 115,
                "template-line-number": 251,
                "part": null,
                "expression-node": 68,
                "replacement-node": 67
            }
        ],
        "rule-10": [
            {
                "node-pos": 45,
                "template-line-number": 85,
                "part": null,
                "expression-node": 26,
                "replacement-node": 25
            }
        ],
        "rule-13": [
            {
                "node-pos": 60,
                "template-line-number": 111,
                "part": null,
                "replacement-node": 34,
                "html": true
            }
        ],
        "rule-36": {
            "subs": [
                {
                    "extras": {},
                    "node-pos": 306,
                    "template-line-number": 782,
                    "name": "MiscItemsHeader",
                    "part": "1",
                    "replacement-node": 191
                }
            ],
            "name": "MiscItemsHeader"
        },
        "rule-14": [
            {
                "node-pos": 83,
                "template-line-number": 161,
                "part": null,
                "replacement-node": 46
            }
        ],
        "rule-42": {
            "subs": [
                {
                    "extras": {},
                    "node-pos": 74,
                    "template-line-number": 142,
                    "name": "ColumnHeadings",
                    "part": "1",
                    "replacement-node": 40
                },
                {
                    "extras": {},
                    "node-pos": 78,
                    "template-line-number": 150,
                    "name": "ColumnHeadings",
                    "part": "2",
                    "replacement-node": 43
                },
                {
                    "extras": {},
                    "node-pos": 72,
                    "template-line-number": 138,
                    "name": "ColumnHeadings",
                    "part": "3",
                    "replacement-node": 38
                }
            ],
            "name": "ColumnHeadings"
        },
        "rule-33": [
            {
                "node-pos": 336,
                "template-line-number": 856,
                "part": null,
                "replacement-node": 211
            }
        ],
        "rule-39": {
            "subs": [
                {
                    "node-pos": 204,
                    "template-line-number": 523,
                    "expression-node": 125,
                    "name": "MiscItems4",
                    "part": "2",
                    "replacement-node": 124
                },
                {
                    "node-pos": 208,
                    "template-line-number": 528,
                    "expression-node": 128,
                    "name": "MiscItems4",
                    "part": "3",
                    "replacement-node": 127
                },
                {
                    "node-pos": 212,
                    "template-line-number": 533,
                    "expression-node": 131,
                    "name": "MiscItems4",
                    "part": "4",
                    "replacement-node": 130
                },
                {
                    "node-pos": 216,
                    "template-line-number": 538,
                    "expression-node": 134,
                    "name": "MiscItems4",
                    "part": "5",
                    "replacement-node": 133
                }
            ],
            "name": "MiscItems4"
        },
        "rule-22": [
            {
                "node-pos": 189,
                "template-line-number": 457,
                "part": null,
                "expression-node": 116,
                "replacement-node": 115
            }
        ],
        "rule-32": [
            {
                "node-pos": 332,
                "template-line-number": 851,
                "part": null,
                "expression-node": 209,
                "replacement-node": 208
            }
        ],
        "rule-35": {
            "subs": [
                {
                    "node-pos": 93,
                    "template-line-number": 215,
                    "expression-node": 53,
                    "name": "MiscItems1",
                    "part": "2",
                    "replacement-node": 52
                },
                {
                    "node-pos": 97,
                    "template-line-number": 220,
                    "expression-node": 56,
                    "name": "MiscItems1",
                    "part": "3",
                    "replacement-node": 55
                },
                {
                    "node-pos": 101,
                    "template-line-number": 225,
                    "expression-node": 59,
                    "name": "MiscItems1",
                    "part": "4",
                    "replacement-node": 58
                },
                {
                    "node-pos": 105,
                    "template-line-number": 230,
                    "expression-node": 62,
                    "name": "MiscItems1",
                    "part": "5",
                    "replacement-node": 61
                }
            ],
            "name": "MiscItems1"
        },
        "rule-26": [
            {
                "node-pos": 231,
                "template-line-number": 571,
                "part": null,
                "replacement-node": 142
            }
        ],
        "rule-24": [
            {
                "node-pos": 221,
                "template-line-number": 547,
                "part": null,
                "replacement-node": 136
            }
        ],
        "rule-38": {
            "subs": [
                {
                    "node-pos": 130,
                    "template-line-number": 320,
                    "expression-node": 77,
                    "name": "MiscItems2",
                    "part": "2",
                    "replacement-node": 76
                },
                {
                    "node-pos": 134,
                    "template-line-number": 325,
                    "expression-node": 80,
                    "name": "MiscItems2",
                    "part": "3",
                    "replacement-node": 79
                },
                {
                    "node-pos": 138,
                    "template-line-number": 330,
                    "expression-node": 83,
                    "name": "MiscItems2",
                    "part": "4",
                    "replacement-node": 82
                },
                {
                    "node-pos": 142,
                    "template-line-number": 335,
                    "expression-node": 86,
                    "name": "MiscItems2",
                    "part": "5",
                    "replacement-node": 85
                }
            ],
            "name": "MiscItems2"
        },
        "rule-21": [
            {
                "node-pos": 184,
                "template-line-number": 445,
                "part": null,
                "replacement-node": 112
            }
        ],
        "rule-41": {
            "subs": [
                {
                    "node-pos": 241,
                    "template-line-number": 625,
                    "expression-node": 149,
                    "name": "MiscItems5",
                    "part": "2",
                    "replacement-node": 148
                },
                {
                    "node-pos": 245,
                    "template-line-number": 630,
                    "expression-node": 152,
                    "name": "MiscItems5",
                    "part": "3",
                    "replacement-node": 151
                },
                {
                    "node-pos": 249,
                    "template-line-number": 635,
                    "expression-node": 155,
                    "name": "MiscItems5",
                    "part": "4",
                    "replacement-node": 154
                },
                {
                    "node-pos": 253,
                    "template-line-number": 640,
                    "expression-node": 158,
                    "name": "MiscItems5",
                    "part": "5",
                    "replacement-node": 157
                }
            ],
            "name": "MiscItems5"
        },
        "rule-31": [
            {
                "node-pos": 300,
                "template-line-number": 762,
                "part": null,
                "expression-node": 188,
                "replacement-node": 187
            }
        ],
        "rule-18": [
            {
                "node-pos": 147,
                "template-line-number": 344,
                "part": null,
                "replacement-node": 88
            }
        ],
        "rule-28": [
            {
                "node-pos": 263,
                "template-line-number": 661,
                "part": null,
                "expression-node": 164,
                "replacement-node": 163
            }
        ],
        "rule-30": [
            {
                "node-pos": 295,
                "template-line-number": 750,
                "part": null,
                "replacement-node": 184
            }
        ],
        "rule-19": [
            {
                "node-pos": 152,
                "template-line-number": 356,
                "part": null,
                "expression-node": 92,
                "replacement-node": 91
            }
        ],
        "rule-29": [
            {
                "node-pos": 268,
                "template-line-number": 673,
                "part": null,
                "replacement-node": 166
            }
        ],
        "rule-15": [
            {
                "node-pos": 110,
                "template-line-number": 239,
                "part": null,
                "replacement-node": 64
            }
        ],
        "rule-17": [
            {
                "node-pos": 120,
                "template-line-number": 263,
                "part": null,
                "replacement-node": 70
            }
        ],
        "rule-12": [
            {
                "node-pos": 55,
                "template-line-number": 100,
                "part": null,
                "replacement-node": 31
            }
        ],
        "rule-6": [
            {
                "node-pos": 28,
                "template-line-number": 59,
                "part": null,
                "replacement-node": 13,
                "html": true
            }
        ],
        "rule-2": [
            {
                "node-pos": 11,
                "template-line-number": 29,
                "part": null,
                "replacement-node": 1
            }
        ],
        "rule-5": [
            {
                "node-pos": 23,
                "template-line-number": 47,
                "part": null,
                "replacement-node": 10,
                "html": true
            }
        ],
        "rule-3": [
            {
                "node-pos": 15,
                "template-line-number": 35,
                "part": null,
                "expression-node": 5,
                "replacement-node": 4
            }
        ],
        "rule-8": [
            {
                "node-pos": 37,
                "template-line-number": 75,
                "part": null,
                "expression-node": 20,
                "replacement-node": 19
            }
        ],
        "rule-4": [
            {
                "node-pos": 19,
                "template-line-number": 41,
                "part": null,
                "replacement-node": 7
            }
        ],
        "rule-25": [
            {
                "node-pos": 226,
                "template-line-number": 559,
                "part": null,
                "expression-node": 140,
                "replacement-node": 139
            }
        ],
        "rule-40": {
            "subs": [
                {
                    "node-pos": 278,
                    "template-line-number": 726,
                    "expression-node": 173,
                    "name": "MiscItems6",
                    "part": "2",
                    "replacement-node": 172
                },
                {
                    "node-pos": 282,
                    "template-line-number": 731,
                    "expression-node": 176,
                    "name": "MiscItems6",
                    "part": "3",
                    "replacement-node": 175
                },
                {
                    "node-pos": 286,
                    "template-line-number": 736,
                    "expression-node": 179,
                    "name": "MiscItems6",
                    "part": "4",
                    "replacement-node": 178
                },
                {
                    "node-pos": 290,
                    "template-line-number": 741,
                    "expression-node": 182,
                    "name": "MiscItems6",
                    "part": "5",
                    "replacement-node": 181
                }
            ],
            "name": "MiscItems6"
        },
        "rule-7": [
            {
                "node-pos": 33,
                "template-line-number": 70,
                "part": null,
                "replacement-node": 16
            }
        ],
        "rule-34": [
            {
                "node-pos": 340,
                "template-line-number": 865,
                "part": null,
                "replacement-node": 214
            }
        ],
        "rule-9": [
            {
                "node-pos": 41,
                "template-line-number": 80,
                "part": null,
                "replacement-node": 22
            }
        ],
        "rule-27": [
            {
                "node-pos": 258,
                "template-line-number": 649,
                "part": null,
                "replacement-node": 160
            }
        ]
    }
}