{
    "line-numbers": {
        "DiscountedRate": [
            {
                "line-number-node": 47,
                "template-line-number": 205,
                "start-number": 1
            }
        ]
    },
    "substitutions": {
        "rule-10": [
            {
                "part": null,
                "replacement-node": 25,
                "template-line-number": 79,
                "node-pos": 44,
                "expression-node": 26
            }
        ],
        "rule-15": [
            {
                "part": null,
                "replacement-node": 67,
                "template-line-number": 258,
                "node-pos": 116,
                "expression-node": 68
            }
        ],
        "rule-14": [
            {
                "part": null,
                "replacement-node": 64,
                "template-line-number": 245,
                "node-pos": 111
            }
        ],
        "rule-21": [
            {
                "part": null,
                "replacement-node": 85,
                "template-line-number": 315,
                "node-pos": 142
            }
        ],
        "rule-6": [
            {
                "part": null,
                "html": true,
                "replacement-node": 13,
                "template-line-number": 55,
                "node-pos": 27
            }
        ],
        "rule-3": [
            {
                "part": null,
                "replacement-node": 4,
                "template-line-number": 31,
                "node-pos": 14,
                "expression-node": 5
            }
        ],
        "rule-11": [
            {
                "part": null,
                "replacement-node": 28,
                "template-line-number": 84,
                "node-pos": 48,
                "expression-node": 29
            }
        ],
        "rule-12": [
            {
                "part": null,
                "replacement-node": 31,
                "template-line-number": 94,
                "node-pos": 54
            }
        ],
        "rule-13": [
            {
                "part": null,
                "html": true,
                "replacement-node": 34,
                "template-line-number": 105,
                "node-pos": 59
            }
        ],
        "rule-19": [
            {
                "part": null,
                "replacement-node": 79,
                "template-line-number": 301,
                "node-pos": 134,
                "expression-node": 80
            }
        ],
        "rule-17": [
            {
                "part": null,
                "replacement-node": 73,
                "template-line-number": 278,
                "node-pos": 124,
                "expression-node": 74
            }
        ],
        "rule-9": [
            {
                "part": null,
                "replacement-node": 22,
                "template-line-number": 75,
                "node-pos": 40
            }
        ],
        "rule-7": [
            {
                "part": null,
                "replacement-node": 16,
                "template-line-number": 66,
                "node-pos": 32
            }
        ],
        "rule-5": [
            {
                "part": null,
                "html": true,
                "replacement-node": 10,
                "template-line-number": 43,
                "node-pos": 22
            }
        ],
        "rule-4": [
            {
                "part": null,
                "replacement-node": 7,
                "template-line-number": 37,
                "node-pos": 18
            }
        ],
        "rule-20": [
            {
                "part": null,
                "replacement-node": 82,
                "template-line-number": 306,
                "node-pos": 138
            }
        ],
        "rule-16": [
            {
                "part": null,
                "replacement-node": 70,
                "template-line-number": 268,
                "node-pos": 120,
                "expression-node": 71
            }
        ],
        "rule-8": [
            {
                "part": null,
                "replacement-node": 19,
                "template-line-number": 70,
                "node-pos": 36,
                "expression-node": 20
            }
        ],
        "rule-18": [
            {
                "part": null,
                "replacement-node": 76,
                "template-line-number": 288,
                "node-pos": 128,
                "expression-node": 77
            }
        ],
        "rule-23": {
            "name": "InvHeadings",
            "subs": [
                {
                    "name": "InvHeadings",
                    "extras": {},
                    "replacement-node": 40,
                    "node-pos": 76,
                    "part": "1",
                    "template-line-number": 140
                },
                {
                    "name": "InvHeadings",
                    "extras": {},
                    "replacement-node": 43,
                    "node-pos": 80,
                    "part": "2",
                    "template-line-number": 149
                },
                {
                    "name": "InvHeadings",
                    "extras": {},
                    "replacement-node": 38,
                    "node-pos": 74,
                    "part": "3",
                    "template-line-number": 136
                }
            ]
        },
        "rule-2": [
            {
                "part": null,
                "replacement-node": 1,
                "template-line-number": 27,
                "node-pos": 10
            }
        ],
        "rule-22": {
            "name": "DiscountedRate",
            "subs": [
                {
                    "name": "DiscountedRate",
                    "replacement-node": 49,
                    "part": "2",
                    "node-pos": 89,
                    "expression-node": 50,
                    "template-line-number": 209
                },
                {
                    "name": "DiscountedRate",
                    "replacement-node": 52,
                    "part": "3",
                    "node-pos": 93,
                    "expression-node": 53,
                    "template-line-number": 215
                },
                {
                    "name": "DiscountedRate",
                    "replacement-node": 55,
                    "part": "4",
                    "node-pos": 97,
                    "expression-node": 56,
                    "template-line-number": 221
                },
                {
                    "name": "DiscountedRate",
                    "replacement-node": 58,
                    "part": "5",
                    "node-pos": 101,
                    "expression-node": 59,
                    "template-line-number": 227
                },
                {
                    "name": "DiscountedRate",
                    "replacement-node": 61,
                    "part": "6",
                    "node-pos": 105,
                    "expression-node": 62,
                    "template-line-number": 233
                }
            ]
        }
    },
    "showifs": {
        "rule-1": {
            "type": "showif",
            "template-line-number": 17
        }
    }
}