{
    "substitutions": {
        "rule-6": [
            {
                "template-line-number": 56,
                "node-pos": 27,
                "replacement-node": 13,
                "html": true,
                "part": null
            }
        ],
        "rule-16": [
            {
                "template-line-number": 690,
                "node-pos": 192,
                "replacement-node": 98,
                "part": null
            }
        ],
        "rule-8": [
            {
                "template-line-number": 72,
                "node-pos": 36,
                "replacement-node": 19,
                "part": null,
                "expression-node": 20
            }
        ],
        "rule-11": [
            {
                "template-line-number": 87,
                "node-pos": 48,
                "replacement-node": 28,
                "part": null,
                "expression-node": 29
            }
        ],
        "rule-24": {
            "subs": [
                {
                    "template-line-number": 540,
                    "extras": {},
                    "part": "1",
                    "name": "ShipperLineItems",
                    "node-pos": 107,
                    "replacement-node": 47
                },
                {
                    "template-line-number": 546,
                    "node-pos": 110,
                    "part": "1",
                    "expression-node": 50,
                    "name": "ShipperLineItems",
                    "replacement-node": 49
                },
                {
                    "template-line-number": 604,
                    "node-pos": 146,
                    "part": "10",
                    "expression-node": 77,
                    "name": "ShipperLineItems",
                    "replacement-node": 76
                },
                {
                    "template-line-number": 610,
                    "node-pos": 150,
                    "part": "11",
                    "expression-node": 80,
                    "name": "ShipperLineItems",
                    "replacement-node": 79
                },
                {
                    "template-line-number": 616,
                    "node-pos": 154,
                    "part": "12",
                    "expression-node": 83,
                    "name": "ShipperLineItems",
                    "replacement-node": 82
                },
                {
                    "template-line-number": 623,
                    "node-pos": 158,
                    "part": "13",
                    "expression-node": 86,
                    "name": "ShipperLineItems",
                    "replacement-node": 85
                },
                {
                    "template-line-number": 629,
                    "node-pos": 162,
                    "part": "14",
                    "expression-node": 89,
                    "name": "ShipperLineItems",
                    "replacement-node": 88
                },
                {
                    "template-line-number": 635,
                    "node-pos": 166,
                    "part": "15",
                    "expression-node": 92,
                    "name": "ShipperLineItems",
                    "replacement-node": 91
                },
                {
                    "template-line-number": 553,
                    "node-pos": 114,
                    "part": "2",
                    "expression-node": 53,
                    "name": "ShipperLineItems",
                    "replacement-node": 52
                },
                {
                    "template-line-number": 559,
                    "node-pos": 118,
                    "part": "3",
                    "expression-node": 56,
                    "name": "ShipperLineItems",
                    "replacement-node": 55
                },
                {
                    "template-line-number": 565,
                    "node-pos": 122,
                    "part": "4",
                    "expression-node": 59,
                    "name": "ShipperLineItems",
                    "replacement-node": 58
                },
                {
                    "template-line-number": 571,
                    "node-pos": 126,
                    "part": "5",
                    "expression-node": 62,
                    "name": "ShipperLineItems",
                    "replacement-node": 61
                },
                {
                    "template-line-number": 580,
                    "node-pos": 130,
                    "part": "6",
                    "expression-node": 65,
                    "name": "ShipperLineItems",
                    "replacement-node": 64
                },
                {
                    "template-line-number": 586,
                    "node-pos": 134,
                    "part": "7",
                    "expression-node": 68,
                    "name": "ShipperLineItems",
                    "replacement-node": 67
                },
                {
                    "template-line-number": 592,
                    "node-pos": 138,
                    "part": "8",
                    "expression-node": 71,
                    "name": "ShipperLineItems",
                    "replacement-node": 70
                },
                {
                    "template-line-number": 598,
                    "node-pos": 142,
                    "part": "9",
                    "expression-node": 74,
                    "name": "ShipperLineItems",
                    "replacement-node": 73
                }
            ],
            "name": "ShipperLineItems"
        },
        "rule-12": [
            {
                "template-line-number": 97,
                "node-pos": 54,
                "replacement-node": 31,
                "part": null
            }
        ],
        "rule-21": [
            {
                "template-line-number": 738,
                "node-pos": 212,
                "replacement-node": 109,
                "part": null
            }
        ],
        "rule-23": {
            "subs": [
                {
                    "template-line-number": 166,
                    "extras": {},
                    "part": "1",
                    "name": "ShipperSuppliedHeadings",
                    "node-pos": 97,
                    "replacement-node": 40
                },
                {
                    "template-line-number": 175,
                    "extras": {},
                    "part": "2",
                    "name": "ShipperSuppliedHeadings",
                    "node-pos": 101,
                    "replacement-node": 43
                },
                {
                    "template-line-number": 162,
                    "extras": {},
                    "part": "3",
                    "name": "ShipperSuppliedHeadings",
                    "node-pos": 95,
                    "replacement-node": 38
                }
            ],
            "name": "ShipperSuppliedHeadings"
        },
        "rule-13": [
            {
                "template-line-number": 108,
                "node-pos": 59,
                "replacement-node": 34,
                "html": true,
                "part": null
            }
        ],
        "rule-9": [
            {
                "template-line-number": 77,
                "node-pos": 40,
                "replacement-node": 22,
                "part": null
            }
        ],
        "rule-2": [
            {
                "template-line-number": 27,
                "node-pos": 10,
                "replacement-node": 1,
                "part": null
            }
        ],
        "rule-18": [
            {
                "template-line-number": 711,
                "node-pos": 200,
                "replacement-node": 102,
                "part": null
            }
        ],
        "rule-7": [
            {
                "template-line-number": 67,
                "node-pos": 32,
                "replacement-node": 16,
                "part": null
            }
        ],
        "rule-10": [
            {
                "template-line-number": 82,
                "node-pos": 44,
                "replacement-node": 25,
                "part": null,
                "expression-node": 26
            }
        ],
        "rule-22": [
            {
                "template-line-number": 747,
                "node-pos": 216,
                "replacement-node": 112,
                "part": null
            }
        ],
        "rule-17": [
            {
                "template-line-number": 697,
                "node-pos": 195,
                "replacement-node": 100,
                "part": null,
                "expression-node": 101
            }
        ],
        "rule-15": [
            {
                "template-line-number": 677,
                "node-pos": 187,
                "replacement-node": 96,
                "part": null,
                "expression-node": 97
            }
        ],
        "rule-19": [
            {
                "template-line-number": 718,
                "node-pos": 203,
                "replacement-node": 104,
                "part": null,
                "expression-node": 105
            }
        ],
        "rule-4": [
            {
                "template-line-number": 38,
                "node-pos": 18,
                "replacement-node": 7,
                "part": null
            }
        ],
        "rule-14": [
            {
                "template-line-number": 670,
                "node-pos": 184,
                "replacement-node": 94,
                "part": null
            }
        ],
        "rule-5": [
            {
                "template-line-number": 44,
                "node-pos": 22,
                "replacement-node": 10,
                "html": true,
                "part": null
            }
        ],
        "rule-3": [
            {
                "template-line-number": 32,
                "node-pos": 14,
                "replacement-node": 4,
                "part": null,
                "expression-node": 5
            }
        ],
        "rule-20": [
            {
                "template-line-number": 733,
                "node-pos": 208,
                "replacement-node": 106,
                "part": null,
                "expression-node": 107
            }
        ]
    },
    "showifs": {
        "rule-1": {
            "type": "showif",
            "template-line-number": 17
        }
    },
    "line-numbers": {}
}