{
    "line-numbers": {
        "SectionASequence2": [
            {
                "template-line-number": 705,
                "line-number-node": 166,
                "start-number": 17,
                "sub-number": true
            }
        ],
        "SectionASequence1": [
            {
                "template-line-number": 378,
                "line-number-node": 85,
                "start-number": 9,
                "sub-number": true
            }
        ]
    },
    "substitutions": {
        "rule-7": [
            {
                "template-line-number": 70,
                "replacement-node": 16,
                "node-pos": 32,
                "part": null
            }
        ],
        "rule-24": [
            {
                "template-line-number": 460,
                "replacement-node": 114,
                "node-pos": 195,
                "part": null,
                "expression-node": 115
            }
        ],
        "rule-30": [
            {
                "template-line-number": 639,
                "replacement-node": 161,
                "node-pos": 269,
                "part": null,
                "expression-node": 162
            }
        ],
        "rule-43": [
            {
                "template-line-number": 986,
                "replacement-node": 249,
                "node-pos": 403,
                "part": null,
                "expression-node": 250
            }
        ],
        "rule-8": [
            {
                "template-line-number": 74,
                "replacement-node": 19,
                "node-pos": 36,
                "part": null,
                "expression-node": 20
            }
        ],
        "rule-41": [
            {
                "template-line-number": 964,
                "replacement-node": 243,
                "node-pos": 394,
                "part": null
            }
        ],
        "rule-48": [
            {
                "template-line-number": 1034,
                "replacement-node": 264,
                "node-pos": 425,
                "part": null
            }
        ],
        "rule-18": [
            {
                "template-line-number": 205,
                "replacement-node": 56,
                "node-pos": 103,
                "part": null,
                "expression-node": 57
            }
        ],
        "rule-54": {
            "subs": [
                {
                    "name": "APHeadings",
                    "extras": {},
                    "node-pos": 72,
                    "template-line-number": 138,
                    "replacement-node": 38,
                    "part": "1"
                },
                {
                    "name": "APHeadings",
                    "extras": {},
                    "node-pos": 76,
                    "template-line-number": 145,
                    "replacement-node": 41,
                    "part": "2"
                }
            ],
            "name": "APHeadings"
        },
        "rule-31": [
            {
                "template-line-number": 747,
                "replacement-node": 187,
                "node-pos": 307,
                "part": null
            }
        ],
        "rule-53": {
            "subs": [
                {
                    "name": "SectionASequence1",
                    "node-pos": 154,
                    "template-line-number": 382,
                    "replacement-node": 87,
                    "part": "2",
                    "expression-node": 88
                },
                {
                    "name": "SectionASequence1",
                    "node-pos": 158,
                    "template-line-number": 387,
                    "replacement-node": 90,
                    "part": "3",
                    "expression-node": 91
                },
                {
                    "name": "SectionASequence1",
                    "node-pos": 162,
                    "template-line-number": 392,
                    "replacement-node": 93,
                    "part": "4",
                    "expression-node": 94
                },
                {
                    "name": "SectionASequence1",
                    "node-pos": 166,
                    "template-line-number": 397,
                    "replacement-node": 96,
                    "part": "5",
                    "expression-node": 97
                },
                {
                    "name": "SectionASequence1",
                    "node-pos": 170,
                    "template-line-number": 402,
                    "replacement-node": 99,
                    "part": "6",
                    "expression-node": 100
                }
            ],
            "name": "SectionASequence1"
        },
        "rule-12": [
            {
                "template-line-number": 98,
                "replacement-node": 31,
                "node-pos": 54,
                "part": null
            }
        ],
        "rule-45": [
            {
                "template-line-number": 1004,
                "replacement-node": 255,
                "node-pos": 411,
                "part": null,
                "expression-node": 256
            }
        ],
        "rule-3": [
            {
                "template-line-number": 35,
                "replacement-node": 4,
                "node-pos": 14,
                "part": null,
                "expression-node": 5
            }
        ],
        "rule-20": [
            {
                "template-line-number": 420,
                "replacement-node": 102,
                "node-pos": 178,
                "part": null
            }
        ],
        "rule-9": [
            {
                "template-line-number": 79,
                "replacement-node": 22,
                "node-pos": 40,
                "part": null
            }
        ],
        "rule-35": [
            {
                "template-line-number": 790,
                "replacement-node": 202,
                "node-pos": 327,
                "part": null,
                "expression-node": 203
            }
        ],
        "rule-5": [
            {
                "html": true,
                "template-line-number": 47,
                "replacement-node": 10,
                "node-pos": 22,
                "part": null
            }
        ],
        "rule-2": [
            {
                "template-line-number": 31,
                "replacement-node": 1,
                "node-pos": 10,
                "part": null
            }
        ],
        "rule-49": {
            "subs": [
                {
                    "name": "APLineItems3",
                    "extras": {},
                    "node-pos": 361,
                    "template-line-number": 908,
                    "replacement-node": 222,
                    "part": "1"
                },
                {
                    "name": "APLineItems3",
                    "extras": {},
                    "node-pos": 369,
                    "template-line-number": 919,
                    "replacement-node": 227,
                    "part": "2"
                },
                {
                    "name": "APLineItems3",
                    "node-pos": 374,
                    "template-line-number": 929,
                    "replacement-node": 231,
                    "part": "4",
                    "expression-node": 232
                },
                {
                    "name": "APLineItems3",
                    "node-pos": 378,
                    "template-line-number": 936,
                    "replacement-node": 234,
                    "part": "5",
                    "expression-node": 235
                },
                {
                    "name": "APLineItems3",
                    "extras": {},
                    "node-pos": 367,
                    "template-line-number": 915,
                    "replacement-node": 225,
                    "part": "6"
                },
                {
                    "name": "APLineItems3",
                    "node-pos": 382,
                    "template-line-number": 943,
                    "replacement-node": 237,
                    "part": "6",
                    "expression-node": 238
                },
                {
                    "name": "APLineItems3",
                    "node-pos": 386,
                    "template-line-number": 949,
                    "replacement-node": 240,
                    "part": "7",
                    "expression-node": 241
                }
            ],
            "name": "APLineItems3"
        },
        "rule-33": [
            {
                "template-line-number": 770,
                "replacement-node": 194,
                "node-pos": 317,
                "part": null,
                "expression-node": 195
            }
        ],
        "rule-42": [
            {
                "template-line-number": 977,
                "replacement-node": 246,
                "node-pos": 399,
                "part": null,
                "expression-node": 247
            }
        ],
        "rule-21": [
            {
                "template-line-number": 433,
                "replacement-node": 105,
                "node-pos": 183,
                "part": null,
                "expression-node": 106
            }
        ],
        "rule-16": [
            {
                "template-line-number": 187,
                "replacement-node": 50,
                "node-pos": 95,
                "part": null,
                "expression-node": 51
            }
        ],
        "rule-51": {
            "subs": [
                {
                    "name": "APLineItems2",
                    "extras": {},
                    "node-pos": 212,
                    "template-line-number": 534,
                    "replacement-node": 121,
                    "part": "1"
                },
                {
                    "name": "APLineItems2",
                    "extras": {},
                    "node-pos": 220,
                    "template-line-number": 545,
                    "replacement-node": 126,
                    "part": "2"
                },
                {
                    "name": "APLineItems2",
                    "node-pos": 225,
                    "template-line-number": 555,
                    "replacement-node": 130,
                    "part": "4",
                    "expression-node": 131
                },
                {
                    "name": "APLineItems2",
                    "node-pos": 230,
                    "template-line-number": 563,
                    "replacement-node": 134,
                    "part": "5",
                    "expression-node": 135
                },
                {
                    "name": "APLineItems2",
                    "extras": {},
                    "node-pos": 218,
                    "template-line-number": 541,
                    "replacement-node": 124,
                    "part": "6"
                },
                {
                    "name": "APLineItems2",
                    "node-pos": 235,
                    "template-line-number": 571,
                    "replacement-node": 138,
                    "part": "6",
                    "expression-node": 139
                },
                {
                    "name": "APLineItems2",
                    "node-pos": 240,
                    "template-line-number": 578,
                    "replacement-node": 142,
                    "part": "7",
                    "expression-node": 143
                }
            ],
            "name": "APLineItems2"
        },
        "rule-37": [
            {
                "template-line-number": 821,
                "replacement-node": 209,
                "node-pos": 341,
                "part": null,
                "expression-node": 210
            }
        ],
        "rule-6": [
            {
                "html": true,
                "template-line-number": 59,
                "replacement-node": 13,
                "node-pos": 27,
                "part": null
            }
        ],
        "rule-17": [
            {
                "template-line-number": 196,
                "replacement-node": 53,
                "node-pos": 99,
                "part": null,
                "expression-node": 54
            }
        ],
        "rule-32": [
            {
                "template-line-number": 760,
                "replacement-node": 190,
                "node-pos": 312,
                "part": null,
                "expression-node": 191
            }
        ],
        "rule-40": [
            {
                "template-line-number": 848,
                "replacement-node": 218,
                "node-pos": 353,
                "part": null,
                "expression-node": 219
            }
        ],
        "rule-26": [
            {
                "template-line-number": 596,
                "replacement-node": 146,
                "node-pos": 249,
                "part": null
            }
        ],
        "rule-28": [
            {
                "template-line-number": 619,
                "replacement-node": 153,
                "node-pos": 259,
                "part": null,
                "expression-node": 154
            }
        ],
        "rule-36": [
            {
                "template-line-number": 808,
                "replacement-node": 206,
                "node-pos": 336,
                "part": null
            }
        ],
        "rule-23": [
            {
                "template-line-number": 451,
                "replacement-node": 111,
                "node-pos": 191,
                "part": null,
                "expression-node": 112
            }
        ],
        "rule-15": [
            {
                "template-line-number": 178,
                "replacement-node": 47,
                "node-pos": 91,
                "part": null,
                "expression-node": 48
            }
        ],
        "rule-25": [
            {
                "template-line-number": 475,
                "replacement-node": 117,
                "node-pos": 201,
                "part": null
            }
        ],
        "rule-44": [
            {
                "template-line-number": 995,
                "replacement-node": 252,
                "node-pos": 407,
                "part": null,
                "expression-node": 253
            }
        ],
        "rule-22": [
            {
                "template-line-number": 442,
                "replacement-node": 108,
                "node-pos": 187,
                "part": null,
                "expression-node": 109
            }
        ],
        "rule-38": [
            {
                "template-line-number": 830,
                "replacement-node": 212,
                "node-pos": 345,
                "part": null,
                "expression-node": 213
            }
        ],
        "rule-47": [
            {
                "template-line-number": 1025,
                "replacement-node": 261,
                "node-pos": 421,
                "part": null
            }
        ],
        "rule-14": [
            {
                "template-line-number": 165,
                "replacement-node": 44,
                "node-pos": 86,
                "part": null
            }
        ],
        "rule-34": [
            {
                "template-line-number": 780,
                "replacement-node": 198,
                "node-pos": 322,
                "part": null,
                "expression-node": 199
            }
        ],
        "rule-27": [
            {
                "template-line-number": 609,
                "replacement-node": 149,
                "node-pos": 254,
                "part": null,
                "expression-node": 150
            }
        ],
        "rule-13": [
            {
                "html": true,
                "template-line-number": 110,
                "replacement-node": 34,
                "node-pos": 59,
                "part": null
            }
        ],
        "rule-50": {
            "subs": [
                {
                    "name": "APLineItems",
                    "extras": {},
                    "node-pos": 120,
                    "template-line-number": 274,
                    "replacement-node": 63,
                    "part": "1"
                },
                {
                    "name": "APLineItems",
                    "extras": {},
                    "node-pos": 128,
                    "template-line-number": 285,
                    "replacement-node": 68,
                    "part": "2"
                },
                {
                    "name": "APLineItems",
                    "node-pos": 133,
                    "template-line-number": 295,
                    "replacement-node": 72,
                    "part": "4",
                    "expression-node": 73
                },
                {
                    "name": "APLineItems",
                    "node-pos": 137,
                    "template-line-number": 302,
                    "replacement-node": 75,
                    "part": "5",
                    "expression-node": 76
                },
                {
                    "name": "APLineItems",
                    "extras": {},
                    "node-pos": 126,
                    "template-line-number": 281,
                    "replacement-node": 66,
                    "part": "6"
                },
                {
                    "name": "APLineItems",
                    "node-pos": 141,
                    "template-line-number": 309,
                    "replacement-node": 78,
                    "part": "6",
                    "expression-node": 79
                },
                {
                    "name": "APLineItems",
                    "node-pos": 145,
                    "template-line-number": 315,
                    "replacement-node": 81,
                    "part": "7",
                    "expression-node": 82
                }
            ],
            "name": "APLineItems"
        },
        "rule-29": [
            {
                "template-line-number": 629,
                "replacement-node": 157,
                "node-pos": 264,
                "part": null,
                "expression-node": 158
            }
        ],
        "rule-52": {
            "subs": [
                {
                    "name": "SectionASequence2",
                    "node-pos": 279,
                    "template-line-number": 709,
                    "replacement-node": 168,
                    "part": "2",
                    "expression-node": 169
                },
                {
                    "name": "SectionASequence2",
                    "node-pos": 283,
                    "template-line-number": 714,
                    "replacement-node": 171,
                    "part": "3",
                    "expression-node": 172
                },
                {
                    "name": "SectionASequence2",
                    "node-pos": 288,
                    "template-line-number": 720,
                    "replacement-node": 175,
                    "part": "4",
                    "expression-node": 176
                },
                {
                    "name": "SectionASequence2",
                    "node-pos": 293,
                    "template-line-number": 726,
                    "replacement-node": 179,
                    "part": "5",
                    "expression-node": 180
                },
                {
                    "name": "SectionASequence2",
                    "node-pos": 298,
                    "template-line-number": 732,
                    "replacement-node": 183,
                    "part": "6",
                    "expression-node": 184
                }
            ],
            "name": "SectionASequence2"
        },
        "rule-4": [
            {
                "template-line-number": 41,
                "replacement-node": 7,
                "node-pos": 18,
                "part": null
            }
        ],
        "rule-19": [
            {
                "template-line-number": 218,
                "replacement-node": 59,
                "node-pos": 109,
                "part": null
            }
        ],
        "rule-46": [
            {
                "template-line-number": 1020,
                "replacement-node": 258,
                "node-pos": 417,
                "part": null,
                "expression-node": 259
            }
        ],
        "rule-39": [
            {
                "template-line-number": 839,
                "replacement-node": 215,
                "node-pos": 349,
                "part": null,
                "expression-node": 216
            }
        ],
        "rule-10": [
            {
                "template-line-number": 83,
                "replacement-node": 25,
                "node-pos": 44,
                "part": null,
                "expression-node": 26
            }
        ],
        "rule-11": [
            {
                "template-line-number": 88,
                "replacement-node": 28,
                "node-pos": 48,
                "part": null,
                "expression-node": 29
            }
        ]
    },
    "showifs": {
        "rule-1": {
            "template-line-number": 18,
            "type": "showif"
        }
    }
}