{
    "substitutions": {
        "rule-5": [
            {
                "html": true,
                "part": null,
                "template-line-number": 57,
                "node-pos": 26,
                "replacement-node": 12
            }
        ],
        "rule-9": [
            {
                "part": null,
                "template-line-number": 96,
                "expression-node": 25,
                "node-pos": 43,
                "replacement-node": 24
            }
        ],
        "rule-14": [
            {
                "part": null,
                "template-line-number": 307,
                "expression-node": 69,
                "node-pos": 118,
                "replacement-node": 68
            }
        ],
        "rule-17": [
            {
                "part": null,
                "template-line-number": 337,
                "expression-node": 78,
                "node-pos": 130,
                "replacement-node": 77
            }
        ],
        "rule-19": [
            {
                "part": null,
                "template-line-number": 363,
                "expression-node": 84,
                "node-pos": 141,
                "replacement-node": 83
            }
        ],
        "rule-24": [
            {
                "part": null,
                "template-line-number": 419,
                "expression-node": 99,
                "node-pos": 164,
                "replacement-node": 98
            }
        ],
        "rule-29": [
            {
                "part": null,
                "template-line-number": 471,
                "node-pos": 186,
                "replacement-node": 113
            }
        ],
        "rule-13": [
            {
                "part": null,
                "template-line-number": 297,
                "expression-node": 66,
                "node-pos": 114,
                "replacement-node": 65
            }
        ],
        "rule-7": [
            {
                "part": null,
                "template-line-number": 82,
                "expression-node": 19,
                "node-pos": 35,
                "replacement-node": 18
            }
        ],
        "rule-15": [
            {
                "part": null,
                "template-line-number": 317,
                "expression-node": 72,
                "node-pos": 122,
                "replacement-node": 71
            }
        ],
        "rule-11": [
            {
                "part": null,
                "template-line-number": 113,
                "node-pos": 53,
                "replacement-node": 30
            }
        ],
        "rule-2": [
            {
                "part": null,
                "template-line-number": 26,
                "expression-node": 4,
                "node-pos": 13,
                "replacement-node": 3
            }
        ],
        "rule-8": [
            {
                "part": null,
                "template-line-number": 89,
                "node-pos": 39,
                "replacement-node": 21
            }
        ],
        "rule-31": {
            "subs": [
                {
                    "node-pos": 73,
                    "name": "ColumnHeadings",
                    "replacement-node": 37,
                    "part": "1",
                    "template-line-number": 155,
                    "extras": {}
                },
                {
                    "node-pos": 77,
                    "name": "ColumnHeadings",
                    "replacement-node": 40,
                    "part": "2",
                    "template-line-number": 162,
                    "extras": {}
                }
            ],
            "name": "ColumnHeadings"
        },
        "rule-28": [
            {
                "part": null,
                "template-line-number": 464,
                "expression-node": 111,
                "node-pos": 182,
                "replacement-node": 110
            }
        ],
        "rule-3": [
            {
                "part": null,
                "template-line-number": 33,
                "node-pos": 17,
                "replacement-node": 6
            }
        ],
        "rule-21": [
            {
                "part": null,
                "template-line-number": 383,
                "expression-node": 90,
                "node-pos": 149,
                "replacement-node": 89
            }
        ],
        "rule-10": [
            {
                "part": null,
                "template-line-number": 102,
                "expression-node": 28,
                "node-pos": 47,
                "replacement-node": 27
            }
        ],
        "rule-26": [
            {
                "part": null,
                "template-line-number": 439,
                "expression-node": 105,
                "node-pos": 172,
                "replacement-node": 104
            }
        ],
        "rule-20": [
            {
                "part": null,
                "template-line-number": 373,
                "expression-node": 87,
                "node-pos": 145,
                "replacement-node": 86
            }
        ],
        "rule-6": [
            {
                "part": null,
                "template-line-number": 75,
                "node-pos": 31,
                "replacement-node": 15
            }
        ],
        "rule-12": [
            {
                "html": true,
                "part": null,
                "template-line-number": 124,
                "node-pos": 58,
                "replacement-node": 33
            }
        ],
        "rule-30": [
            {
                "part": null,
                "template-line-number": 481,
                "node-pos": 190,
                "replacement-node": 116
            }
        ],
        "rule-18": [
            {
                "part": null,
                "template-line-number": 353,
                "expression-node": 81,
                "node-pos": 137,
                "replacement-node": 80
            }
        ],
        "rule-4": [
            {
                "html": true,
                "part": null,
                "template-line-number": 41,
                "node-pos": 21,
                "replacement-node": 9
            }
        ],
        "rule-16": [
            {
                "part": null,
                "template-line-number": 327,
                "expression-node": 75,
                "node-pos": 126,
                "replacement-node": 74
            }
        ],
        "rule-23": [
            {
                "part": null,
                "template-line-number": 409,
                "expression-node": 96,
                "node-pos": 160,
                "replacement-node": 95
            }
        ],
        "rule-32": {
            "subs": [
                {
                    "expression-node": 48,
                    "node-pos": 87,
                    "name": "SalesOfElectricityByRateSchedule",
                    "replacement-node": 47,
                    "part": "2",
                    "template-line-number": 235
                },
                {
                    "expression-node": 51,
                    "node-pos": 91,
                    "name": "SalesOfElectricityByRateSchedule",
                    "replacement-node": 50,
                    "part": "3",
                    "template-line-number": 245
                },
                {
                    "expression-node": 54,
                    "node-pos": 95,
                    "name": "SalesOfElectricityByRateSchedule",
                    "replacement-node": 53,
                    "part": "4",
                    "template-line-number": 254
                },
                {
                    "expression-node": 57,
                    "node-pos": 99,
                    "name": "SalesOfElectricityByRateSchedule",
                    "replacement-node": 56,
                    "part": "5",
                    "template-line-number": 262
                },
                {
                    "expression-node": 60,
                    "node-pos": 103,
                    "name": "SalesOfElectricityByRateSchedule",
                    "replacement-node": 59,
                    "part": "6",
                    "template-line-number": 273
                },
                {
                    "expression-node": 63,
                    "node-pos": 107,
                    "name": "SalesOfElectricityByRateSchedule",
                    "replacement-node": 62,
                    "part": "7",
                    "template-line-number": 282
                }
            ],
            "name": "SalesOfElectricityByRateSchedule"
        },
        "rule-27": [
            {
                "part": null,
                "template-line-number": 449,
                "expression-node": 108,
                "node-pos": 176,
                "replacement-node": 107
            }
        ],
        "rule-22": [
            {
                "part": null,
                "template-line-number": 393,
                "expression-node": 93,
                "node-pos": 153,
                "replacement-node": 92
            }
        ],
        "rule-25": [
            {
                "part": null,
                "template-line-number": 429,
                "expression-node": 102,
                "node-pos": 168,
                "replacement-node": 101
            }
        ],
        "rule-1": [
            {
                "part": null,
                "template-line-number": 19,
                "node-pos": 9,
                "replacement-node": 0
            }
        ]
    },
    "showifs": {},
    "line-numbers": {
        "SalesOfElectricityByRateSchedule": [
            {
                "template-line-number": 227,
                "start-number": 1,
                "line-number-node": 44
            }
        ]
    }
}