{
    "showifs": {
        "rule-1": {
            "type": "showif",
            "template-line-number": 18
        }
    },
    "line-numbers": {
        "GasPlantHeldForFutureUse": [
            {
                "template-line-number": 200,
                "start-number": 1,
                "line-number-node": 47
            }
        ]
    },
    "substitutions": {
        "rule-18": [
            {
                "template-line-number": 270,
                "replacement-node": 73,
                "node-pos": 126,
                "part": null
            }
        ],
        "rule-5": [
            {
                "template-line-number": 44,
                "replacement-node": 10,
                "node-pos": 22,
                "html": true,
                "part": null
            }
        ],
        "rule-20": {
            "subs": [
                {
                    "template-line-number": 203,
                    "replacement-node": 49,
                    "node-pos": 87,
                    "expression-node": 50,
                    "name": "GasPlantHeldForFutureUse",
                    "part": "2"
                },
                {
                    "template-line-number": 208,
                    "replacement-node": 52,
                    "node-pos": 91,
                    "expression-node": 53,
                    "name": "GasPlantHeldForFutureUse",
                    "part": "3"
                },
                {
                    "template-line-number": 213,
                    "replacement-node": 55,
                    "node-pos": 95,
                    "expression-node": 56,
                    "name": "GasPlantHeldForFutureUse",
                    "part": "4"
                },
                {
                    "template-line-number": 218,
                    "replacement-node": 58,
                    "node-pos": 99,
                    "expression-node": 59,
                    "name": "GasPlantHeldForFutureUse",
                    "part": "5"
                }
            ],
            "name": "GasPlantHeldForFutureUse"
        },
        "rule-8": [
            {
                "template-line-number": 71,
                "expression-node": 20,
                "replacement-node": 19,
                "node-pos": 36,
                "part": null
            }
        ],
        "rule-12": [
            {
                "template-line-number": 95,
                "replacement-node": 31,
                "node-pos": 54,
                "part": null
            }
        ],
        "rule-19": {
            "subs": [
                {
                    "template-line-number": 139,
                    "extras": {},
                    "node-pos": 74,
                    "replacement-node": 40,
                    "name": "GasPlantInServiceHeadings",
                    "part": "1"
                },
                {
                    "template-line-number": 148,
                    "extras": {},
                    "node-pos": 78,
                    "replacement-node": 43,
                    "name": "GasPlantInServiceHeadings",
                    "part": "2"
                },
                {
                    "template-line-number": 135,
                    "extras": {},
                    "node-pos": 72,
                    "replacement-node": 38,
                    "name": "GasPlantInServiceHeadings",
                    "part": "3"
                }
            ],
            "name": "GasPlantInServiceHeadings"
        },
        "rule-4": [
            {
                "template-line-number": 38,
                "replacement-node": 7,
                "node-pos": 18,
                "part": null
            }
        ],
        "rule-7": [
            {
                "template-line-number": 67,
                "replacement-node": 16,
                "node-pos": 32,
                "part": null
            }
        ],
        "rule-10": [
            {
                "template-line-number": 80,
                "expression-node": 26,
                "replacement-node": 25,
                "node-pos": 44,
                "part": null
            }
        ],
        "rule-6": [
            {
                "template-line-number": 56,
                "replacement-node": 13,
                "node-pos": 27,
                "html": true,
                "part": null
            }
        ],
        "rule-2": [
            {
                "template-line-number": 28,
                "replacement-node": 1,
                "node-pos": 10,
                "part": null
            }
        ],
        "rule-17": [
            {
                "template-line-number": 261,
                "replacement-node": 70,
                "node-pos": 122,
                "part": null
            }
        ],
        "rule-15": [
            {
                "template-line-number": 243,
                "expression-node": 65,
                "replacement-node": 64,
                "node-pos": 112,
                "part": null
            }
        ],
        "rule-11": [
            {
                "template-line-number": 85,
                "expression-node": 29,
                "replacement-node": 28,
                "node-pos": 48,
                "part": null
            }
        ],
        "rule-13": [
            {
                "template-line-number": 106,
                "replacement-node": 34,
                "node-pos": 59,
                "html": true,
                "part": null
            }
        ],
        "rule-3": [
            {
                "template-line-number": 32,
                "expression-node": 5,
                "replacement-node": 4,
                "node-pos": 14,
                "part": null
            }
        ],
        "rule-16": [
            {
                "template-line-number": 256,
                "expression-node": 68,
                "replacement-node": 67,
                "node-pos": 118,
                "part": null
            }
        ],
        "rule-14": [
            {
                "template-line-number": 229,
                "replacement-node": 61,
                "node-pos": 105,
                "part": null
            }
        ],
        "rule-9": [
            {
                "template-line-number": 76,
                "replacement-node": 22,
                "node-pos": 40,
                "part": null
            }
        ]
    }
}