{
    "substitutions": {
        "rule-24": [
            {
                "node-pos": 211,
                "replacement-node": 114,
                "part": null,
                "template-line-number": 484
            }
        ],
        "rule-10": [
            {
                "template-line-number": 81,
                "replacement-node": 27,
                "part": null,
                "expression-node": 28,
                "node-pos": 47
            }
        ],
        "rule-16": [
            {
                "template-line-number": 298,
                "replacement-node": 72,
                "part": null,
                "expression-node": 73,
                "node-pos": 134
            }
        ],
        "rule-11": [
            {
                "node-pos": 53,
                "replacement-node": 30,
                "part": null,
                "template-line-number": 93
            }
        ],
        "rule-12": [
            {
                "node-pos": 58,
                "replacement-node": 33,
                "part": null,
                "template-line-number": 105,
                "html": true
            }
        ],
        "rule-23": [
            {
                "template-line-number": 479,
                "replacement-node": 111,
                "part": null,
                "expression-node": 112,
                "node-pos": 207
            }
        ],
        "rule-28": {
            "subs": [
                {
                    "extras": {},
                    "replacement-node": 39,
                    "part": "1",
                    "name": "ColumnHeadings",
                    "node-pos": 78,
                    "template-line-number": 148
                },
                {
                    "extras": {},
                    "replacement-node": 42,
                    "part": "2",
                    "name": "ColumnHeadings",
                    "node-pos": 82,
                    "template-line-number": 156
                },
                {
                    "extras": {},
                    "replacement-node": 37,
                    "part": "3",
                    "name": "ColumnHeadings",
                    "node-pos": 76,
                    "template-line-number": 144
                }
            ],
            "name": "ColumnHeadings"
        },
        "rule-20": [
            {
                "template-line-number": 438,
                "replacement-node": 102,
                "part": null,
                "expression-node": 103,
                "node-pos": 187
            }
        ],
        "rule-17": [
            {
                "node-pos": 141,
                "replacement-node": 75,
                "part": null,
                "template-line-number": 313
            }
        ],
        "rule-2": [
            {
                "template-line-number": 26,
                "replacement-node": 3,
                "part": null,
                "expression-node": 4,
                "node-pos": 13
            }
        ],
        "rule-5": [
            {
                "node-pos": 26,
                "replacement-node": 12,
                "part": null,
                "template-line-number": 50,
                "html": true
            }
        ],
        "rule-19": [
            {
                "template-line-number": 428,
                "replacement-node": 99,
                "part": null,
                "expression-node": 100,
                "node-pos": 182
            }
        ],
        "rule-6": [
            {
                "node-pos": 31,
                "replacement-node": 15,
                "part": null,
                "template-line-number": 61
            }
        ],
        "rule-22": [
            {
                "template-line-number": 465,
                "replacement-node": 108,
                "part": null,
                "expression-node": 109,
                "node-pos": 200
            }
        ],
        "rule-1": [
            {
                "node-pos": 9,
                "replacement-node": 0,
                "part": null,
                "template-line-number": 21
            }
        ],
        "rule-14": [
            {
                "node-pos": 124,
                "replacement-node": 66,
                "part": null,
                "template-line-number": 276
            }
        ],
        "rule-8": [
            {
                "node-pos": 39,
                "replacement-node": 21,
                "part": null,
                "template-line-number": 71
            }
        ],
        "rule-21": [
            {
                "template-line-number": 455,
                "replacement-node": 105,
                "part": null,
                "expression-node": 106,
                "node-pos": 195
            }
        ],
        "rule-13": [
            {
                "node-pos": 88,
                "replacement-node": 45,
                "part": null,
                "template-line-number": 168
            }
        ],
        "rule-9": [
            {
                "template-line-number": 76,
                "replacement-node": 24,
                "part": null,
                "expression-node": 25,
                "node-pos": 43
            }
        ],
        "rule-26": {
            "subs": [
                {
                    "replacement-node": 81,
                    "part": "2",
                    "expression-node": 82,
                    "name": "StudyCostsIncurred2",
                    "node-pos": 155,
                    "template-line-number": 385
                },
                {
                    "replacement-node": 84,
                    "part": "3",
                    "expression-node": 85,
                    "name": "StudyCostsIncurred2",
                    "node-pos": 159,
                    "template-line-number": 390
                },
                {
                    "replacement-node": 87,
                    "part": "4",
                    "expression-node": 88,
                    "name": "StudyCostsIncurred2",
                    "node-pos": 163,
                    "template-line-number": 395
                },
                {
                    "replacement-node": 90,
                    "part": "5",
                    "expression-node": 91,
                    "name": "StudyCostsIncurred2",
                    "node-pos": 167,
                    "template-line-number": 400
                },
                {
                    "replacement-node": 93,
                    "part": "6",
                    "expression-node": 94,
                    "name": "StudyCostsIncurred2",
                    "node-pos": 171,
                    "template-line-number": 405
                }
            ],
            "name": "StudyCostsIncurred2"
        },
        "rule-18": [
            {
                "node-pos": 177,
                "replacement-node": 96,
                "part": null,
                "template-line-number": 416
            }
        ],
        "rule-25": [
            {
                "node-pos": 215,
                "replacement-node": 117,
                "part": null,
                "template-line-number": 493
            }
        ],
        "rule-4": [
            {
                "node-pos": 21,
                "replacement-node": 9,
                "part": null,
                "template-line-number": 38,
                "html": true
            }
        ],
        "rule-3": [
            {
                "node-pos": 17,
                "replacement-node": 6,
                "part": null,
                "template-line-number": 32
            }
        ],
        "rule-27": {
            "subs": [
                {
                    "replacement-node": 51,
                    "part": "2",
                    "expression-node": 52,
                    "name": "StudyCostsIncurred",
                    "node-pos": 102,
                    "template-line-number": 245
                },
                {
                    "replacement-node": 54,
                    "part": "3",
                    "expression-node": 55,
                    "name": "StudyCostsIncurred",
                    "node-pos": 106,
                    "template-line-number": 250
                },
                {
                    "replacement-node": 57,
                    "part": "4",
                    "expression-node": 58,
                    "name": "StudyCostsIncurred",
                    "node-pos": 110,
                    "template-line-number": 255
                },
                {
                    "replacement-node": 60,
                    "part": "5",
                    "expression-node": 61,
                    "name": "StudyCostsIncurred",
                    "node-pos": 114,
                    "template-line-number": 260
                },
                {
                    "replacement-node": 63,
                    "part": "6",
                    "expression-node": 64,
                    "name": "StudyCostsIncurred",
                    "node-pos": 118,
                    "template-line-number": 265
                }
            ],
            "name": "StudyCostsIncurred"
        },
        "rule-7": [
            {
                "template-line-number": 66,
                "replacement-node": 18,
                "part": null,
                "expression-node": 19,
                "node-pos": 35
            }
        ],
        "rule-15": [
            {
                "template-line-number": 288,
                "replacement-node": 69,
                "part": null,
                "expression-node": 70,
                "node-pos": 129
            }
        ]
    },
    "showifs": {},
    "line-numbers": {
        "StudyCostsIncurred2": [
            {
                "line-number-node": 79,
                "template-line-number": 380,
                "start-number": 22
            }
        ],
        "StudyCostsIncurred": [
            {
                "line-number-node": 49,
                "template-line-number": 240,
                "start-number": 2
            }
        ]
    }
}