{
    "line-numbers": {
        "movement_prior": [
            {
                "line-number-node": 44,
                "template-line-number": 324,
                "start-number": 1
            }
        ]
    },
    "substitutions": {
        "rule-11": [
            {
                "node-pos": 51,
                "replacement-node": 28,
                "part": null,
                "template-line-number": 88,
                "expression-node": 29
            }
        ],
        "rule-2": [
            {
                "node-pos": 11,
                "replacement-node": 1,
                "part": null,
                "template-line-number": 28
            }
        ],
        "rule-9": [
            {
                "node-pos": 42,
                "replacement-node": 22,
                "part": null,
                "template-line-number": 78
            }
        ],
        "rule-7": [
            {
                "node-pos": 33,
                "replacement-node": 16,
                "part": null,
                "template-line-number": 68
            }
        ],
        "rule-14": [
            {
                "node-pos": 131,
                "replacement-node": 79,
                "part": null,
                "template-line-number": 392,
                "expression-node": 80
            }
        ],
        "rule-5": [
            {
                "node-pos": 23,
                "replacement-node": 10,
                "part": null,
                "template-line-number": 45,
                "html": true
            }
        ],
        "rule-18": {
            "subs": [
                {
                    "extras": {},
                    "replacement-node": 37,
                    "part": "1",
                    "template-line-number": 136,
                    "name": "AOCIHeadings",
                    "node-pos": 73
                },
                {
                    "extras": {},
                    "replacement-node": 40,
                    "part": "2",
                    "template-line-number": 143,
                    "name": "AOCIHeadings",
                    "node-pos": 77
                }
            ],
            "name": "AOCIHeadings"
        },
        "rule-10": [
            {
                "node-pos": 47,
                "replacement-node": 25,
                "part": null,
                "template-line-number": 83,
                "expression-node": 26
            }
        ],
        "rule-13": [
            {
                "node-pos": 62,
                "replacement-node": 34,
                "part": null,
                "template-line-number": 111,
                "html": true
            }
        ],
        "rule-6": [
            {
                "node-pos": 28,
                "replacement-node": 13,
                "part": null,
                "template-line-number": 57,
                "html": true
            }
        ],
        "rule-8": [
            {
                "node-pos": 38,
                "replacement-node": 19,
                "part": null,
                "template-line-number": 73,
                "expression-node": 20
            }
        ],
        "rule-17": {
            "subs": [
                {
                    "replacement-node": 71,
                    "part": "10",
                    "template-line-number": 369,
                    "name": "movement_prior",
                    "node-pos": 119,
                    "expression-node": 72
                },
                {
                    "replacement-node": 75,
                    "part": "11",
                    "template-line-number": 379,
                    "name": "movement_prior",
                    "node-pos": 124,
                    "expression-node": 76
                },
                {
                    "extras": {},
                    "replacement-node": 47,
                    "part": "2",
                    "template-line-number": 327,
                    "name": "movement_prior",
                    "node-pos": 87
                },
                {
                    "replacement-node": 50,
                    "part": "3",
                    "template-line-number": 332,
                    "name": "movement_prior",
                    "node-pos": 91,
                    "expression-node": 51
                },
                {
                    "replacement-node": 53,
                    "part": "4",
                    "template-line-number": 337,
                    "name": "movement_prior",
                    "node-pos": 95,
                    "expression-node": 54
                },
                {
                    "replacement-node": 56,
                    "part": "5",
                    "template-line-number": 342,
                    "name": "movement_prior",
                    "node-pos": 99,
                    "expression-node": 57
                },
                {
                    "replacement-node": 59,
                    "part": "6",
                    "template-line-number": 347,
                    "name": "movement_prior",
                    "node-pos": 103,
                    "expression-node": 60
                },
                {
                    "replacement-node": 62,
                    "part": "7",
                    "template-line-number": 352,
                    "name": "movement_prior",
                    "node-pos": 107,
                    "expression-node": 63
                },
                {
                    "replacement-node": 65,
                    "part": "8",
                    "template-line-number": 357,
                    "name": "movement_prior",
                    "node-pos": 111,
                    "expression-node": 66
                },
                {
                    "replacement-node": 68,
                    "part": "9",
                    "template-line-number": 362,
                    "name": "movement_prior",
                    "node-pos": 115,
                    "expression-node": 69
                }
            ],
            "name": "movement_prior"
        },
        "rule-4": [
            {
                "node-pos": 19,
                "replacement-node": 7,
                "part": null,
                "template-line-number": 39
            }
        ],
        "rule-15": [
            {
                "node-pos": 135,
                "replacement-node": 82,
                "part": null,
                "template-line-number": 397
            }
        ],
        "rule-3": [
            {
                "node-pos": 15,
                "replacement-node": 4,
                "part": null,
                "template-line-number": 33,
                "expression-node": 5
            }
        ],
        "rule-12": [
            {
                "node-pos": 57,
                "replacement-node": 31,
                "part": null,
                "template-line-number": 100
            }
        ],
        "rule-16": [
            {
                "node-pos": 139,
                "replacement-node": 85,
                "part": null,
                "template-line-number": 406
            }
        ]
    },
    "showifs": {
        "rule-1": {
            "template-line-number": 18,
            "type": "showif"
        }
    }
}