{
    "showifs": {
        "rule-1": {
            "type": "showif",
            "template-line-number": 18
        }
    },
    "line-numbers": {
        "OtherDeferredCharges": [
            {
                "start-number": 1,
                "template-line-number": 191,
                "line-number-node": 47
            }
        ]
    },
    "substitutions": {
        "rule-4": [
            {
                "replacement-node": 7,
                "node-pos": 19,
                "template-line-number": 40,
                "part": null
            }
        ],
        "rule-11": [
            {
                "replacement-node": 28,
                "node-pos": 49,
                "template-line-number": 89,
                "expression-node": 29,
                "part": null
            }
        ],
        "rule-2": [
            {
                "replacement-node": 1,
                "node-pos": 11,
                "template-line-number": 28,
                "part": null
            }
        ],
        "rule-5": [
            {
                "html": true,
                "replacement-node": 10,
                "node-pos": 23,
                "template-line-number": 46,
                "part": null
            }
        ],
        "rule-16": [
            {
                "replacement-node": 61,
                "node-pos": 107,
                "template-line-number": 244,
                "expression-node": 62,
                "part": null
            }
        ],
        "rule-15": [
            {
                "replacement-node": 58,
                "node-pos": 101,
                "template-line-number": 230,
                "expression-node": 59,
                "part": null
            }
        ],
        "rule-20": {
            "name": "OtherDeferredCharges",
            "subs": [
                {
                    "name": "OtherDeferredCharges",
                    "part": "2",
                    "expression-node": 50,
                    "node-pos": 86,
                    "template-line-number": 196,
                    "replacement-node": 49
                },
                {
                    "name": "OtherDeferredCharges",
                    "part": "3",
                    "expression-node": 53,
                    "node-pos": 90,
                    "template-line-number": 204,
                    "replacement-node": 52
                }
            ]
        },
        "rule-8": [
            {
                "replacement-node": 19,
                "node-pos": 37,
                "template-line-number": 74,
                "expression-node": 20,
                "part": null
            }
        ],
        "rule-13": [
            {
                "html": true,
                "replacement-node": 34,
                "node-pos": 60,
                "template-line-number": 110,
                "part": null
            }
        ],
        "rule-12": [
            {
                "replacement-node": 31,
                "node-pos": 55,
                "template-line-number": 99,
                "part": null
            }
        ],
        "rule-9": [
            {
                "replacement-node": 22,
                "node-pos": 41,
                "template-line-number": 79,
                "part": null
            }
        ],
        "rule-7": [
            {
                "replacement-node": 16,
                "node-pos": 33,
                "template-line-number": 69,
                "part": null
            }
        ],
        "rule-3": [
            {
                "replacement-node": 4,
                "node-pos": 15,
                "template-line-number": 34,
                "expression-node": 5,
                "part": null
            }
        ],
        "rule-14": [
            {
                "replacement-node": 55,
                "node-pos": 96,
                "template-line-number": 218,
                "part": null
            }
        ],
        "rule-17": [
            {
                "replacement-node": 64,
                "node-pos": 111,
                "template-line-number": 249,
                "part": null
            }
        ],
        "rule-6": [
            {
                "html": true,
                "replacement-node": 13,
                "node-pos": 28,
                "template-line-number": 58,
                "part": null
            }
        ],
        "rule-18": [
            {
                "replacement-node": 67,
                "node-pos": 115,
                "template-line-number": 258,
                "part": null
            }
        ],
        "rule-19": {
            "name": "ColumnHeadings",
            "subs": [
                {
                    "name": "ColumnHeadings",
                    "part": "1",
                    "extras": {},
                    "node-pos": 73,
                    "template-line-number": 140,
                    "replacement-node": 40
                },
                {
                    "name": "ColumnHeadings",
                    "part": "2",
                    "extras": {},
                    "node-pos": 77,
                    "template-line-number": 148,
                    "replacement-node": 43
                },
                {
                    "name": "ColumnHeadings",
                    "part": "3",
                    "extras": {},
                    "node-pos": 71,
                    "template-line-number": 136,
                    "replacement-node": 38
                }
            ]
        },
        "rule-10": [
            {
                "replacement-node": 25,
                "node-pos": 45,
                "template-line-number": 84,
                "expression-node": 26,
                "part": null
            }
        ]
    }
}