{
    "line-numbers": {
        "RegionalTransmissionServiceRevenues": [
            {
                "template-line-number": 195,
                "start-number": 1,
                "line-number-node": 44
            }
        ]
    },
    "substitutions": {
        "rule-8": [
            {
                "template-line-number": 72,
                "replacement-node": 21,
                "part": null,
                "node-pos": 39
            }
        ],
        "rule-14": [
            {
                "template-line-number": 243,
                "replacement-node": 64,
                "part": null,
                "node-pos": 108,
                "expression-node": 65
            }
        ],
        "rule-6": [
            {
                "template-line-number": 62,
                "replacement-node": 15,
                "part": null,
                "node-pos": 31
            }
        ],
        "rule-10": [
            {
                "template-line-number": 82,
                "replacement-node": 27,
                "part": null,
                "node-pos": 47,
                "expression-node": 28
            }
        ],
        "rule-3": [
            {
                "template-line-number": 33,
                "replacement-node": 6,
                "part": null,
                "node-pos": 17
            }
        ],
        "rule-7": [
            {
                "template-line-number": 67,
                "replacement-node": 18,
                "part": null,
                "node-pos": 35,
                "expression-node": 19
            }
        ],
        "rule-21": {
            "name": "RegionalTransmissionServiceRevenues",
            "subs": [
                {
                    "replacement-node": 46,
                    "part": "2",
                    "template-line-number": 198,
                    "name": "RegionalTransmissionServiceRevenues",
                    "node-pos": 81,
                    "expression-node": 47
                },
                {
                    "replacement-node": 49,
                    "part": "3",
                    "template-line-number": 203,
                    "name": "RegionalTransmissionServiceRevenues",
                    "node-pos": 85,
                    "expression-node": 50
                },
                {
                    "replacement-node": 52,
                    "part": "4",
                    "template-line-number": 208,
                    "name": "RegionalTransmissionServiceRevenues",
                    "node-pos": 89,
                    "expression-node": 53
                },
                {
                    "replacement-node": 55,
                    "part": "5",
                    "template-line-number": 213,
                    "name": "RegionalTransmissionServiceRevenues",
                    "node-pos": 93,
                    "expression-node": 56
                },
                {
                    "replacement-node": 58,
                    "part": "6",
                    "template-line-number": 218,
                    "name": "RegionalTransmissionServiceRevenues",
                    "node-pos": 97,
                    "expression-node": 59
                }
            ]
        },
        "rule-4": [
            {
                "template-line-number": 39,
                "replacement-node": 9,
                "part": null,
                "html": true,
                "node-pos": 21
            }
        ],
        "rule-1": [
            {
                "template-line-number": 22,
                "replacement-node": 0,
                "part": null,
                "node-pos": 9
            }
        ],
        "rule-17": [
            {
                "template-line-number": 270,
                "replacement-node": 73,
                "part": null,
                "node-pos": 120,
                "expression-node": 74
            }
        ],
        "rule-9": [
            {
                "template-line-number": 77,
                "replacement-node": 24,
                "part": null,
                "node-pos": 43,
                "expression-node": 25
            }
        ],
        "rule-18": [
            {
                "template-line-number": 284,
                "replacement-node": 76,
                "part": null,
                "node-pos": 126,
                "expression-node": 77
            }
        ],
        "rule-5": [
            {
                "template-line-number": 51,
                "replacement-node": 12,
                "part": null,
                "html": true,
                "node-pos": 26
            }
        ],
        "rule-12": [
            {
                "template-line-number": 103,
                "replacement-node": 33,
                "part": null,
                "html": true,
                "node-pos": 58
            }
        ],
        "rule-2": [
            {
                "template-line-number": 27,
                "replacement-node": 3,
                "part": null,
                "node-pos": 13,
                "expression-node": 4
            }
        ],
        "rule-22": {
            "name": "ColumnHeadings",
            "subs": [
                {
                    "replacement-node": 37,
                    "part": "1",
                    "node-pos": 68,
                    "template-line-number": 129,
                    "name": "ColumnHeadings",
                    "extras": {}
                },
                {
                    "replacement-node": 40,
                    "part": "2",
                    "node-pos": 72,
                    "template-line-number": 136,
                    "name": "ColumnHeadings",
                    "extras": {}
                }
            ]
        },
        "rule-15": [
            {
                "template-line-number": 252,
                "replacement-node": 67,
                "part": null,
                "node-pos": 112,
                "expression-node": 68
            }
        ],
        "rule-19": [
            {
                "template-line-number": 291,
                "replacement-node": 79,
                "part": null,
                "node-pos": 130
            }
        ],
        "rule-11": [
            {
                "template-line-number": 92,
                "replacement-node": 30,
                "part": null,
                "node-pos": 53
            }
        ],
        "rule-13": [
            {
                "template-line-number": 230,
                "replacement-node": 61,
                "part": null,
                "node-pos": 103
            }
        ],
        "rule-16": [
            {
                "template-line-number": 261,
                "replacement-node": 70,
                "part": null,
                "node-pos": 116,
                "expression-node": 71
            }
        ],
        "rule-20": [
            {
                "template-line-number": 301,
                "replacement-node": 82,
                "part": null,
                "node-pos": 134
            }
        ]
    },
    "showifs": {}
}