{
    "substitutions": {
        "rule-1": [
            {
                "part": null,
                "template-line-number": 19,
                "node-pos": 9,
                "replacement-node": 0
            }
        ],
        "rule-25": [
            {
                "part": null,
                "template-line-number": 453,
                "expression-node": 101,
                "node-pos": 179,
                "replacement-node": 100
            }
        ],
        "rule-18": [
            {
                "part": null,
                "template-line-number": 363,
                "expression-node": 80,
                "node-pos": 143,
                "replacement-node": 79
            }
        ],
        "rule-8": [
            {
                "part": null,
                "template-line-number": 90,
                "node-pos": 39,
                "replacement-node": 21
            }
        ],
        "rule-11": [
            {
                "part": null,
                "template-line-number": 115,
                "node-pos": 53,
                "replacement-node": 30
            }
        ],
        "rule-21": [
            {
                "part": null,
                "template-line-number": 394,
                "expression-node": 89,
                "node-pos": 155,
                "replacement-node": 88
            }
        ],
        "rule-17": [
            {
                "part": null,
                "template-line-number": 353,
                "expression-node": 77,
                "node-pos": 139,
                "replacement-node": 76
            }
        ],
        "rule-15": [
            {
                "part": null,
                "template-line-number": 327,
                "expression-node": 71,
                "node-pos": 128,
                "replacement-node": 70
            }
        ],
        "rule-16": [
            {
                "part": null,
                "template-line-number": 341,
                "node-pos": 134,
                "replacement-node": 73
            }
        ],
        "rule-2": [
            {
                "part": null,
                "template-line-number": 26,
                "expression-node": 4,
                "node-pos": 13,
                "replacement-node": 3
            }
        ],
        "rule-24": [
            {
                "part": null,
                "template-line-number": 439,
                "expression-node": 98,
                "node-pos": 173,
                "replacement-node": 97
            }
        ],
        "rule-10": [
            {
                "part": null,
                "template-line-number": 103,
                "expression-node": 28,
                "node-pos": 47,
                "replacement-node": 27
            }
        ],
        "rule-26": [
            {
                "part": null,
                "template-line-number": 458,
                "node-pos": 183,
                "replacement-node": 103
            }
        ],
        "rule-3": [
            {
                "part": null,
                "template-line-number": 33,
                "node-pos": 17,
                "replacement-node": 6
            }
        ],
        "rule-27": [
            {
                "part": null,
                "template-line-number": 467,
                "node-pos": 187,
                "replacement-node": 106
            }
        ],
        "rule-20": [
            {
                "part": null,
                "template-line-number": 384,
                "expression-node": 86,
                "node-pos": 151,
                "replacement-node": 85
            }
        ],
        "rule-9": [
            {
                "part": null,
                "template-line-number": 97,
                "expression-node": 25,
                "node-pos": 43,
                "replacement-node": 24
            }
        ],
        "rule-29": {
            "subs": [
                {
                    "part": "2",
                    "template-line-number": 238,
                    "node-pos": 90,
                    "name": "MiscellaneousDeferredDebits",
                    "expression-node": 47,
                    "replacement-node": 46
                },
                {
                    "part": "3",
                    "template-line-number": 248,
                    "node-pos": 94,
                    "name": "MiscellaneousDeferredDebits",
                    "expression-node": 50,
                    "replacement-node": 49
                },
                {
                    "part": "4",
                    "template-line-number": 257,
                    "node-pos": 98,
                    "name": "MiscellaneousDeferredDebits",
                    "expression-node": 53,
                    "replacement-node": 52
                },
                {
                    "part": "5",
                    "template-line-number": 265,
                    "node-pos": 102,
                    "name": "MiscellaneousDeferredDebits",
                    "expression-node": 56,
                    "replacement-node": 55
                },
                {
                    "part": "6",
                    "template-line-number": 275,
                    "node-pos": 106,
                    "name": "MiscellaneousDeferredDebits",
                    "expression-node": 59,
                    "replacement-node": 58
                },
                {
                    "part": "7",
                    "template-line-number": 284,
                    "node-pos": 110,
                    "name": "MiscellaneousDeferredDebits",
                    "expression-node": 62,
                    "replacement-node": 61
                }
            ],
            "name": "MiscellaneousDeferredDebits"
        },
        "rule-19": [
            {
                "part": null,
                "template-line-number": 373,
                "expression-node": 83,
                "node-pos": 147,
                "replacement-node": 82
            }
        ],
        "rule-22": [
            {
                "part": null,
                "template-line-number": 408,
                "node-pos": 161,
                "replacement-node": 91
            }
        ],
        "rule-5": [
            {
                "part": null,
                "template-line-number": 58,
                "node-pos": 26,
                "html": true,
                "replacement-node": 12
            }
        ],
        "rule-13": [
            {
                "part": null,
                "template-line-number": 296,
                "node-pos": 116,
                "replacement-node": 64
            }
        ],
        "rule-7": [
            {
                "part": null,
                "template-line-number": 83,
                "expression-node": 19,
                "node-pos": 35,
                "replacement-node": 18
            }
        ],
        "rule-4": [
            {
                "part": null,
                "template-line-number": 41,
                "node-pos": 21,
                "html": true,
                "replacement-node": 9
            }
        ],
        "rule-14": [
            {
                "part": null,
                "template-line-number": 308,
                "expression-node": 68,
                "node-pos": 121,
                "replacement-node": 67
            }
        ],
        "rule-12": [
            {
                "part": null,
                "template-line-number": 126,
                "node-pos": 58,
                "html": true,
                "replacement-node": 33
            }
        ],
        "rule-23": [
            {
                "part": null,
                "template-line-number": 420,
                "expression-node": 95,
                "node-pos": 166,
                "replacement-node": 94
            }
        ],
        "rule-28": {
            "subs": [
                {
                    "part": "1",
                    "template-line-number": 164,
                    "node-pos": 77,
                    "name": "ColumnHeadings",
                    "extras": {},
                    "replacement-node": 37
                },
                {
                    "part": "2",
                    "template-line-number": 171,
                    "node-pos": 81,
                    "name": "ColumnHeadings",
                    "extras": {},
                    "replacement-node": 40
                }
            ],
            "name": "ColumnHeadings"
        },
        "rule-6": [
            {
                "part": null,
                "template-line-number": 76,
                "node-pos": 31,
                "replacement-node": 15
            }
        ]
    },
    "showifs": {},
    "line-numbers": {
        "MiscellaneousDeferredDebits": [
            {
                "start-number": 1,
                "template-line-number": 233,
                "line-number-node": 44
            }
        ]
    }
}