{
    "line-numbers": {
        "movement_prior": [
            {
                "template-line-number": 318,
                "start-number": 1,
                "line-number-node": 43
            }
        ]
    },
    "showifs": {},
    "substitutions": {
        "rule-7": [
            {
                "expression-node": 19,
                "part": null,
                "template-line-number": 67,
                "node-pos": 37,
                "replacement-node": 18
            }
        ],
        "rule-11": [
            {
                "template-line-number": 94,
                "part": null,
                "node-pos": 56,
                "replacement-node": 30
            }
        ],
        "rule-2": [
            {
                "expression-node": 4,
                "part": null,
                "template-line-number": 27,
                "node-pos": 14,
                "replacement-node": 3
            }
        ],
        "rule-6": [
            {
                "template-line-number": 62,
                "part": null,
                "node-pos": 32,
                "replacement-node": 15
            }
        ],
        "rule-3": [
            {
                "template-line-number": 33,
                "part": null,
                "node-pos": 18,
                "replacement-node": 6
            }
        ],
        "rule-16": {
            "name": "AOCIHeadings",
            "subs": [
                {
                    "template-line-number": 130,
                    "part": "1",
                    "extras": {},
                    "name": "AOCIHeadings",
                    "node-pos": 72,
                    "replacement-node": 36
                },
                {
                    "template-line-number": 137,
                    "part": "2",
                    "extras": {},
                    "name": "AOCIHeadings",
                    "node-pos": 76,
                    "replacement-node": 39
                }
            ]
        },
        "rule-13": [
            {
                "expression-node": 79,
                "part": null,
                "template-line-number": 386,
                "node-pos": 130,
                "replacement-node": 78
            }
        ],
        "rule-12": [
            {
                "html": true,
                "template-line-number": 105,
                "part": null,
                "node-pos": 61,
                "replacement-node": 33
            }
        ],
        "rule-10": [
            {
                "expression-node": 28,
                "part": null,
                "template-line-number": 82,
                "node-pos": 50,
                "replacement-node": 27
            }
        ],
        "rule-9": [
            {
                "expression-node": 25,
                "part": null,
                "template-line-number": 77,
                "node-pos": 46,
                "replacement-node": 24
            }
        ],
        "rule-5": [
            {
                "html": true,
                "template-line-number": 51,
                "part": null,
                "node-pos": 27,
                "replacement-node": 12
            }
        ],
        "rule-15": [
            {
                "template-line-number": 401,
                "part": null,
                "node-pos": 138,
                "replacement-node": 84
            }
        ],
        "rule-1": [
            {
                "template-line-number": 22,
                "part": null,
                "node-pos": 10,
                "replacement-node": 0
            }
        ],
        "rule-17": {
            "name": "movement_prior",
            "subs": [
                {
                    "template-line-number": 363,
                    "part": "10",
                    "name": "movement_prior",
                    "expression-node": 71,
                    "node-pos": 118,
                    "replacement-node": 70
                },
                {
                    "template-line-number": 373,
                    "part": "11",
                    "name": "movement_prior",
                    "expression-node": 75,
                    "node-pos": 123,
                    "replacement-node": 74
                },
                {
                    "template-line-number": 321,
                    "part": "2",
                    "extras": {},
                    "name": "movement_prior",
                    "node-pos": 86,
                    "replacement-node": 46
                },
                {
                    "template-line-number": 326,
                    "part": "3",
                    "name": "movement_prior",
                    "expression-node": 50,
                    "node-pos": 90,
                    "replacement-node": 49
                },
                {
                    "template-line-number": 331,
                    "part": "4",
                    "name": "movement_prior",
                    "expression-node": 53,
                    "node-pos": 94,
                    "replacement-node": 52
                },
                {
                    "template-line-number": 336,
                    "part": "5",
                    "name": "movement_prior",
                    "expression-node": 56,
                    "node-pos": 98,
                    "replacement-node": 55
                },
                {
                    "template-line-number": 341,
                    "part": "6",
                    "name": "movement_prior",
                    "expression-node": 59,
                    "node-pos": 102,
                    "replacement-node": 58
                },
                {
                    "template-line-number": 346,
                    "part": "7",
                    "name": "movement_prior",
                    "expression-node": 62,
                    "node-pos": 106,
                    "replacement-node": 61
                },
                {
                    "template-line-number": 351,
                    "part": "8",
                    "name": "movement_prior",
                    "expression-node": 65,
                    "node-pos": 110,
                    "replacement-node": 64
                },
                {
                    "template-line-number": 356,
                    "part": "9",
                    "name": "movement_prior",
                    "expression-node": 68,
                    "node-pos": 114,
                    "replacement-node": 67
                }
            ]
        },
        "rule-14": [
            {
                "template-line-number": 391,
                "part": null,
                "node-pos": 134,
                "replacement-node": 81
            }
        ],
        "rule-8": [
            {
                "template-line-number": 72,
                "part": null,
                "node-pos": 41,
                "replacement-node": 21
            }
        ],
        "rule-4": [
            {
                "html": true,
                "template-line-number": 39,
                "part": null,
                "node-pos": 22,
                "replacement-node": 9
            }
        ]
    }
}