{
    "line-numbers": {
        "CapitalStockLineItems": [
            {
                "start-number": 1,
                "line-number-node": 45,
                "template-line-number": 200
            }
        ],
        "LongTermDebtLineItems": [
            {
                "start-number": 16,
                "line-number-node": 74,
                "template-line-number": 345
            }
        ]
    },
    "showifs": {
        "rule-1": {
            "template-line-number": 17,
            "type": "showif"
        }
    },
    "substitutions": {
        "rule-10": [
            {
                "template-line-number": 79,
                "expression-node": 26,
                "node-pos": 44,
                "part": null,
                "replacement-node": 25
            }
        ],
        "rule-2": [
            {
                "template-line-number": 27,
                "node-pos": 10,
                "part": null,
                "replacement-node": 1
            }
        ],
        "rule-7": [
            {
                "template-line-number": 66,
                "node-pos": 32,
                "part": null,
                "replacement-node": 16
            }
        ],
        "rule-22": {
            "name": "LongTermDebtHeadings",
            "subs": [
                {
                    "template-line-number": 277,
                    "name": "LongTermDebtHeadings",
                    "node-pos": 118,
                    "replacement-node": 67,
                    "extras": {},
                    "part": "1"
                },
                {
                    "template-line-number": 284,
                    "name": "LongTermDebtHeadings",
                    "node-pos": 122,
                    "replacement-node": 70,
                    "extras": {},
                    "part": "2"
                }
            ]
        },
        "rule-23": {
            "name": "LongTermDebtLineItems",
            "subs": [
                {
                    "template-line-number": 350,
                    "name": "LongTermDebtLineItems",
                    "node-pos": 132,
                    "replacement-node": 77,
                    "part": "2",
                    "expression-node": 78
                },
                {
                    "template-line-number": 358,
                    "name": "LongTermDebtLineItems",
                    "node-pos": 136,
                    "replacement-node": 80,
                    "part": "3",
                    "expression-node": 81
                },
                {
                    "template-line-number": 366,
                    "name": "LongTermDebtLineItems",
                    "node-pos": 140,
                    "replacement-node": 83,
                    "part": "4",
                    "expression-node": 84
                },
                {
                    "template-line-number": 374,
                    "name": "LongTermDebtLineItems",
                    "node-pos": 144,
                    "replacement-node": 86,
                    "part": "5",
                    "expression-node": 87
                },
                {
                    "template-line-number": 382,
                    "name": "LongTermDebtLineItems",
                    "node-pos": 148,
                    "replacement-node": 89,
                    "part": "6",
                    "expression-node": 90
                },
                {
                    "template-line-number": 390,
                    "name": "LongTermDebtLineItems",
                    "node-pos": 152,
                    "replacement-node": 92,
                    "part": "7",
                    "expression-node": 93
                }
            ]
        },
        "rule-14": [
            {
                "template-line-number": 402,
                "node-pos": 158,
                "part": null,
                "replacement-node": 95
            }
        ],
        "rule-16": [
            {
                "template-line-number": 426,
                "expression-node": 102,
                "node-pos": 170,
                "part": null,
                "replacement-node": 101
            }
        ],
        "rule-8": [
            {
                "template-line-number": 70,
                "expression-node": 20,
                "node-pos": 36,
                "part": null,
                "replacement-node": 19
            }
        ],
        "rule-17": [
            {
                "template-line-number": 439,
                "expression-node": 105,
                "node-pos": 176,
                "part": null,
                "replacement-node": 104
            }
        ],
        "rule-11": [
            {
                "template-line-number": 84,
                "expression-node": 29,
                "node-pos": 48,
                "part": null,
                "replacement-node": 28
            }
        ],
        "rule-5": [
            {
                "html": true,
                "template-line-number": 43,
                "node-pos": 22,
                "part": null,
                "replacement-node": 10
            }
        ],
        "rule-13": [
            {
                "html": true,
                "template-line-number": 105,
                "node-pos": 59,
                "part": null,
                "replacement-node": 34
            }
        ],
        "rule-20": {
            "name": "CPHeadings",
            "subs": [
                {
                    "template-line-number": 132,
                    "name": "CPHeadings",
                    "node-pos": 70,
                    "replacement-node": 38,
                    "extras": {},
                    "part": "1"
                },
                {
                    "template-line-number": 139,
                    "name": "CPHeadings",
                    "node-pos": 74,
                    "replacement-node": 41,
                    "extras": {},
                    "part": "2"
                }
            ]
        },
        "rule-3": [
            {
                "template-line-number": 31,
                "expression-node": 5,
                "node-pos": 14,
                "part": null,
                "replacement-node": 4
            }
        ],
        "rule-15": [
            {
                "template-line-number": 416,
                "expression-node": 99,
                "node-pos": 165,
                "part": null,
                "replacement-node": 98
            }
        ],
        "rule-18": [
            {
                "template-line-number": 444,
                "node-pos": 180,
                "part": null,
                "replacement-node": 107
            }
        ],
        "rule-21": {
            "name": "CapitalStockLineItems",
            "subs": [
                {
                    "template-line-number": 205,
                    "name": "CapitalStockLineItems",
                    "node-pos": 84,
                    "replacement-node": 48,
                    "part": "2",
                    "expression-node": 49
                },
                {
                    "template-line-number": 213,
                    "name": "CapitalStockLineItems",
                    "node-pos": 88,
                    "replacement-node": 51,
                    "part": "3",
                    "expression-node": 52
                },
                {
                    "template-line-number": 221,
                    "name": "CapitalStockLineItems",
                    "node-pos": 92,
                    "replacement-node": 54,
                    "part": "4",
                    "expression-node": 55
                },
                {
                    "template-line-number": 229,
                    "name": "CapitalStockLineItems",
                    "node-pos": 96,
                    "replacement-node": 57,
                    "part": "5",
                    "expression-node": 58
                },
                {
                    "template-line-number": 237,
                    "name": "CapitalStockLineItems",
                    "node-pos": 100,
                    "replacement-node": 60,
                    "part": "6",
                    "expression-node": 61
                },
                {
                    "template-line-number": 245,
                    "name": "CapitalStockLineItems",
                    "node-pos": 104,
                    "replacement-node": 63,
                    "part": "7",
                    "expression-node": 64
                }
            ]
        },
        "rule-4": [
            {
                "template-line-number": 37,
                "node-pos": 18,
                "part": null,
                "replacement-node": 7
            }
        ],
        "rule-12": [
            {
                "template-line-number": 94,
                "node-pos": 54,
                "part": null,
                "replacement-node": 31
            }
        ],
        "rule-19": [
            {
                "template-line-number": 453,
                "node-pos": 184,
                "part": null,
                "replacement-node": 110
            }
        ],
        "rule-9": [
            {
                "template-line-number": 75,
                "node-pos": 40,
                "part": null,
                "replacement-node": 22
            }
        ],
        "rule-6": [
            {
                "html": true,
                "template-line-number": 55,
                "node-pos": 27,
                "part": null,
                "replacement-node": 13
            }
        ]
    }
}