{
    "substitutions": {
        "rule-3": [
            {
                "replacement-node": 6,
                "template-line-number": 32,
                "part": null,
                "node-pos": 18
            }
        ],
        "rule-7": [
            {
                "replacement-node": 18,
                "template-line-number": 66,
                "part": null,
                "expression-node": 19,
                "node-pos": 37
            }
        ],
        "rule-15": [
            {
                "replacement-node": 76,
                "template-line-number": 301,
                "part": null,
                "node-pos": 132
            }
        ],
        "rule-1": [
            {
                "replacement-node": 0,
                "template-line-number": 21,
                "part": null,
                "node-pos": 9
            }
        ],
        "rule-12": [
            {
                "replacement-node": 33,
                "template-line-number": 102,
                "part": null,
                "html": true,
                "node-pos": 61
            }
        ],
        "rule-18": {
            "name": "FactorsDepChargesLineItems",
            "subs": [
                {
                    "replacement-node": 65,
                    "part": "2",
                    "expression-node": 66,
                    "node-pos": 115,
                    "name": "FactorsDepChargesLineItems",
                    "template-line-number": 275
                },
                {
                    "replacement-node": 67,
                    "part": "3",
                    "expression-node": 68,
                    "node-pos": 118,
                    "name": "FactorsDepChargesLineItems",
                    "template-line-number": 279
                },
                {
                    "replacement-node": 70,
                    "part": "4",
                    "expression-node": 71,
                    "node-pos": 122,
                    "name": "FactorsDepChargesLineItems",
                    "template-line-number": 285
                }
            ]
        },
        "rule-13": [
            {
                "replacement-node": 36,
                "template-line-number": 118,
                "part": null,
                "node-pos": 71
            }
        ],
        "rule-9": [
            {
                "replacement-node": 24,
                "template-line-number": 76,
                "part": null,
                "expression-node": 25,
                "node-pos": 46
            }
        ],
        "rule-6": [
            {
                "replacement-node": 15,
                "template-line-number": 61,
                "part": null,
                "node-pos": 32
            }
        ],
        "rule-19": {
            "name": "GasChargesLineItems",
            "subs": [
                {
                    "replacement-node": 52,
                    "part": "2",
                    "extras": {},
                    "node-pos": 97,
                    "name": "GasChargesLineItems",
                    "template-line-number": 206
                },
                {
                    "replacement-node": 49,
                    "part": "3",
                    "extras": {},
                    "node-pos": 93,
                    "name": "GasChargesLineItems",
                    "template-line-number": 199
                },
                {
                    "replacement-node": 55,
                    "part": "4",
                    "expression-node": 56,
                    "node-pos": 101,
                    "name": "GasChargesLineItems",
                    "template-line-number": 213
                },
                {
                    "replacement-node": 58,
                    "part": "5",
                    "expression-node": 59,
                    "node-pos": 105,
                    "name": "GasChargesLineItems",
                    "template-line-number": 219
                }
            ]
        },
        "rule-4": [
            {
                "replacement-node": 9,
                "template-line-number": 38,
                "part": null,
                "html": true,
                "node-pos": 22
            }
        ],
        "rule-2": [
            {
                "replacement-node": 3,
                "template-line-number": 26,
                "part": null,
                "expression-node": 4,
                "node-pos": 14
            }
        ],
        "rule-17": {
            "name": "InvHeadings",
            "subs": [
                {
                    "replacement-node": 42,
                    "part": "1",
                    "extras": {},
                    "node-pos": 83,
                    "name": "InvHeadings",
                    "template-line-number": 148
                },
                {
                    "replacement-node": 45,
                    "part": "2",
                    "extras": {},
                    "node-pos": 87,
                    "name": "InvHeadings",
                    "template-line-number": 157
                },
                {
                    "replacement-node": 40,
                    "part": "3",
                    "extras": {},
                    "node-pos": 81,
                    "name": "InvHeadings",
                    "template-line-number": 144
                }
            ]
        },
        "rule-14": [
            {
                "replacement-node": 73,
                "template-line-number": 296,
                "part": null,
                "expression-node": 74,
                "node-pos": 128
            }
        ],
        "rule-11": [
            {
                "replacement-node": 30,
                "template-line-number": 91,
                "part": null,
                "node-pos": 56
            }
        ],
        "rule-16": [
            {
                "replacement-node": 79,
                "template-line-number": 310,
                "part": null,
                "node-pos": 136
            }
        ],
        "rule-10": [
            {
                "replacement-node": 27,
                "template-line-number": 81,
                "part": null,
                "expression-node": 28,
                "node-pos": 50
            }
        ],
        "rule-8": [
            {
                "replacement-node": 21,
                "template-line-number": 71,
                "part": null,
                "node-pos": 41
            }
        ],
        "rule-5": [
            {
                "replacement-node": 12,
                "template-line-number": 50,
                "part": null,
                "html": true,
                "node-pos": 27
            }
        ]
    },
    "showifs": {},
    "line-numbers": {
        "FactorsDepChargesLineItems": [
            {
                "template-line-number": 269,
                "start-rule": "rule-20",
                "line-number-node": 62
            }
        ]
    }
}