{
    "substitutions": {
        "rule-20": {
            "subs": [
                {
                    "replacement-node": 53,
                    "template-line-number": 212,
                    "extras": {},
                    "name": "GasChargesLineItems",
                    "part": "2",
                    "node-pos": 98
                },
                {
                    "replacement-node": 50,
                    "template-line-number": 205,
                    "extras": {},
                    "name": "GasChargesLineItems",
                    "part": "3",
                    "node-pos": 94
                },
                {
                    "replacement-node": 56,
                    "template-line-number": 219,
                    "name": "GasChargesLineItems",
                    "part": "4",
                    "node-pos": 102,
                    "expression-node": 57
                },
                {
                    "replacement-node": 59,
                    "template-line-number": 225,
                    "name": "GasChargesLineItems",
                    "part": "5",
                    "node-pos": 106,
                    "expression-node": 60
                }
            ],
            "name": "GasChargesLineItems"
        },
        "rule-14": [
            {
                "replacement-node": 37,
                "template-line-number": 124,
                "node-pos": 72,
                "part": null
            }
        ],
        "rule-16": [
            {
                "replacement-node": 77,
                "template-line-number": 307,
                "node-pos": 133,
                "part": null
            }
        ],
        "rule-19": {
            "subs": [
                {
                    "replacement-node": 43,
                    "template-line-number": 154,
                    "extras": {},
                    "name": "InvHeadings",
                    "part": "1",
                    "node-pos": 84
                },
                {
                    "replacement-node": 46,
                    "template-line-number": 163,
                    "extras": {},
                    "name": "InvHeadings",
                    "part": "2",
                    "node-pos": 88
                },
                {
                    "replacement-node": 41,
                    "template-line-number": 150,
                    "extras": {},
                    "name": "InvHeadings",
                    "part": "3",
                    "node-pos": 82
                }
            ],
            "name": "InvHeadings"
        },
        "rule-13": [
            {
                "replacement-node": 34,
                "template-line-number": 108,
                "html": true,
                "node-pos": 62,
                "part": null
            }
        ],
        "rule-12": [
            {
                "replacement-node": 31,
                "template-line-number": 97,
                "node-pos": 57,
                "part": null
            }
        ],
        "rule-3": [
            {
                "replacement-node": 4,
                "template-line-number": 32,
                "node-pos": 15,
                "expression-node": 5,
                "part": null
            }
        ],
        "rule-5": [
            {
                "replacement-node": 10,
                "template-line-number": 44,
                "html": true,
                "node-pos": 23,
                "part": null
            }
        ],
        "rule-17": [
            {
                "replacement-node": 80,
                "template-line-number": 316,
                "node-pos": 137,
                "part": null
            }
        ],
        "rule-2": [
            {
                "replacement-node": 1,
                "template-line-number": 27,
                "node-pos": 10,
                "part": null
            }
        ],
        "rule-15": [
            {
                "replacement-node": 74,
                "template-line-number": 302,
                "node-pos": 129,
                "expression-node": 75,
                "part": null
            }
        ],
        "rule-8": [
            {
                "replacement-node": 19,
                "template-line-number": 72,
                "node-pos": 38,
                "expression-node": 20,
                "part": null
            }
        ],
        "rule-7": [
            {
                "replacement-node": 16,
                "template-line-number": 67,
                "node-pos": 33,
                "part": null
            }
        ],
        "rule-6": [
            {
                "replacement-node": 13,
                "template-line-number": 56,
                "html": true,
                "node-pos": 28,
                "part": null
            }
        ],
        "rule-18": {
            "subs": [
                {
                    "replacement-node": 66,
                    "template-line-number": 281,
                    "name": "FactorsDepChargesLineItems",
                    "part": "2",
                    "node-pos": 116,
                    "expression-node": 67
                },
                {
                    "replacement-node": 68,
                    "template-line-number": 285,
                    "name": "FactorsDepChargesLineItems",
                    "part": "3",
                    "node-pos": 119,
                    "expression-node": 69
                },
                {
                    "replacement-node": 71,
                    "template-line-number": 291,
                    "name": "FactorsDepChargesLineItems",
                    "part": "4",
                    "node-pos": 123,
                    "expression-node": 72
                }
            ],
            "name": "FactorsDepChargesLineItems"
        },
        "rule-9": [
            {
                "replacement-node": 22,
                "template-line-number": 77,
                "node-pos": 42,
                "part": null
            }
        ],
        "rule-10": [
            {
                "replacement-node": 25,
                "template-line-number": 82,
                "node-pos": 47,
                "expression-node": 26,
                "part": null
            }
        ],
        "rule-11": [
            {
                "replacement-node": 28,
                "template-line-number": 87,
                "node-pos": 51,
                "expression-node": 29,
                "part": null
            }
        ],
        "rule-4": [
            {
                "replacement-node": 7,
                "template-line-number": 38,
                "node-pos": 19,
                "part": null
            }
        ]
    },
    "line-numbers": {
        "FactorsDepChargesLineItems": [
            {
                "line-number-node": 63,
                "template-line-number": 275,
                "start-rule": "rule-21"
            }
        ]
    },
    "showifs": {
        "rule-1": {
            "template-line-number": 17,
            "type": "showif"
        }
    }
}