{
    "line-numbers": {
        "movement_prior": [
            {
                "line-number-node": 45,
                "start-number": 1,
                "template-line-number": 326
            }
        ]
    },
    "showifs": {
        "rule-1": {
            "type": "showif",
            "template-line-number": 17
        }
    },
    "substitutions": {
        "rule-15": [
            {
                "part": null,
                "node-pos": 133,
                "template-line-number": 418,
                "replacement-node": 83
            }
        ],
        "rule-18": {
            "subs": [
                {
                    "extras": {},
                    "part": "1",
                    "node-pos": 71,
                    "replacement-node": 38,
                    "template-line-number": 138,
                    "name": "AOCIHeadings"
                },
                {
                    "extras": {},
                    "part": "2",
                    "node-pos": 75,
                    "replacement-node": 41,
                    "template-line-number": 145,
                    "name": "AOCIHeadings"
                }
            ],
            "name": "AOCIHeadings"
        },
        "rule-12": [
            {
                "part": null,
                "node-pos": 54,
                "template-line-number": 100,
                "replacement-node": 31
            }
        ],
        "rule-3": [
            {
                "node-pos": 14,
                "part": null,
                "expression-node": 5,
                "template-line-number": 32,
                "replacement-node": 4
            }
        ],
        "rule-5": [
            {
                "html": true,
                "part": null,
                "node-pos": 22,
                "template-line-number": 44,
                "replacement-node": 10
            }
        ],
        "rule-9": [
            {
                "part": null,
                "node-pos": 40,
                "template-line-number": 77,
                "replacement-node": 22
            }
        ],
        "rule-10": [
            {
                "node-pos": 44,
                "part": null,
                "expression-node": 26,
                "template-line-number": 82,
                "replacement-node": 25
            }
        ],
        "rule-4": [
            {
                "part": null,
                "node-pos": 18,
                "template-line-number": 38,
                "replacement-node": 7
            }
        ],
        "rule-16": [
            {
                "part": null,
                "node-pos": 137,
                "template-line-number": 427,
                "replacement-node": 86
            }
        ],
        "rule-8": [
            {
                "node-pos": 36,
                "part": null,
                "expression-node": 20,
                "template-line-number": 72,
                "replacement-node": 19
            }
        ],
        "rule-2": [
            {
                "part": null,
                "node-pos": 10,
                "template-line-number": 27,
                "replacement-node": 1
            }
        ],
        "rule-17": {
            "subs": [
                {
                    "part": "10",
                    "expression-node": 73,
                    "replacement-node": 72,
                    "node-pos": 117,
                    "template-line-number": 387,
                    "name": "movement_prior"
                },
                {
                    "part": "11",
                    "expression-node": 77,
                    "replacement-node": 76,
                    "node-pos": 122,
                    "template-line-number": 398,
                    "name": "movement_prior"
                },
                {
                    "extras": {},
                    "part": "2",
                    "node-pos": 85,
                    "replacement-node": 48,
                    "template-line-number": 329,
                    "name": "movement_prior"
                },
                {
                    "part": "3",
                    "expression-node": 52,
                    "replacement-node": 51,
                    "node-pos": 89,
                    "template-line-number": 336,
                    "name": "movement_prior"
                },
                {
                    "part": "4",
                    "expression-node": 55,
                    "replacement-node": 54,
                    "node-pos": 93,
                    "template-line-number": 343,
                    "name": "movement_prior"
                },
                {
                    "part": "5",
                    "expression-node": 58,
                    "replacement-node": 57,
                    "node-pos": 97,
                    "template-line-number": 350,
                    "name": "movement_prior"
                },
                {
                    "part": "6",
                    "expression-node": 61,
                    "replacement-node": 60,
                    "node-pos": 101,
                    "template-line-number": 357,
                    "name": "movement_prior"
                },
                {
                    "part": "7",
                    "expression-node": 64,
                    "replacement-node": 63,
                    "node-pos": 105,
                    "template-line-number": 364,
                    "name": "movement_prior"
                },
                {
                    "part": "8",
                    "expression-node": 67,
                    "replacement-node": 66,
                    "node-pos": 109,
                    "template-line-number": 371,
                    "name": "movement_prior"
                },
                {
                    "part": "9",
                    "expression-node": 70,
                    "replacement-node": 69,
                    "node-pos": 113,
                    "template-line-number": 378,
                    "name": "movement_prior"
                }
            ],
            "name": "movement_prior"
        },
        "rule-14": [
            {
                "node-pos": 129,
                "part": null,
                "expression-node": 81,
                "template-line-number": 413,
                "replacement-node": 80
            }
        ],
        "rule-7": [
            {
                "part": null,
                "node-pos": 32,
                "template-line-number": 67,
                "replacement-node": 16
            }
        ],
        "rule-13": [
            {
                "html": true,
                "part": null,
                "node-pos": 59,
                "template-line-number": 111,
                "replacement-node": 34
            }
        ],
        "rule-6": [
            {
                "html": true,
                "part": null,
                "node-pos": 27,
                "template-line-number": 56,
                "replacement-node": 13
            }
        ],
        "rule-11": [
            {
                "node-pos": 48,
                "part": null,
                "expression-node": 29,
                "template-line-number": 87,
                "replacement-node": 28
            }
        ]
    }
}