{
    "line-numbers": {
        "TaxableIncomeLineItems": [
            {
                "start-number": 5,
                "line-number-node": 56,
                "template-line-number": 244
            }
        ],
        "TaxableIncomeLineItems3": [
            {
                "start-number": 15,
                "line-number-node": 96,
                "template-line-number": 442
            }
        ],
        "TaxableIncomeLineItems2": [
            {
                "start-number": 10,
                "line-number-node": 76,
                "template-line-number": 342
            }
        ],
        "TaxableIncomeLineItems5": [
            {
                "start-number": 29,
                "line-number-node": 142,
                "template-line-number": 666
            }
        ],
        "TaxableIncomeLineItems4": [
            {
                "start-number": 20,
                "line-number-node": 116,
                "template-line-number": 542
            }
        ]
    },
    "substitutions": {
        "rule-1": [
            {
                "node-pos": 9,
                "part": null,
                "replacement-node": 0,
                "template-line-number": 21
            }
        ],
        "rule-8": [
            {
                "node-pos": 39,
                "part": null,
                "replacement-node": 21,
                "template-line-number": 69
            }
        ],
        "rule-25": [
            {
                "node-pos": 204,
                "part": null,
                "replacement-node": 112,
                "template-line-number": 495
            }
        ],
        "rule-11": [
            {
                "node-pos": 53,
                "part": null,
                "replacement-node": 30,
                "template-line-number": 88
            }
        ],
        "rule-31": [
            {
                "expression-node": 153,
                "node-pos": 272,
                "part": null,
                "replacement-node": 152,
                "template-line-number": 691
            }
        ],
        "rule-20": [
            {
                "node-pos": 159,
                "part": null,
                "replacement-node": 86,
                "template-line-number": 367
            }
        ],
        "rule-4": [
            {
                "node-pos": 21,
                "html": true,
                "part": null,
                "replacement-node": 9,
                "template-line-number": 37
            }
        ],
        "rule-22": [
            {
                "node-pos": 170,
                "part": null,
                "replacement-node": 92,
                "template-line-number": 395
            }
        ],
        "rule-23": [
            {
                "node-pos": 193,
                "part": null,
                "replacement-node": 106,
                "template-line-number": 467
            }
        ],
        "rule-14": [
            {
                "expression-node": 47,
                "node-pos": 84,
                "part": null,
                "replacement-node": 46,
                "template-line-number": 156
            }
        ],
        "rule-18": [
            {
                "expression-node": 70,
                "node-pos": 130,
                "part": null,
                "replacement-node": 69,
                "template-line-number": 281
            }
        ],
        "rule-12": [
            {
                "node-pos": 58,
                "html": true,
                "part": null,
                "replacement-node": 33,
                "template-line-number": 99
            }
        ],
        "rule-36": {
            "name": "Headings",
            "subs": [
                {
                    "node-pos": 69,
                    "name": "Headings",
                    "part": "1",
                    "replacement-node": 37,
                    "extras": {},
                    "template-line-number": 125
                },
                {
                    "node-pos": 73,
                    "name": "Headings",
                    "part": "2",
                    "replacement-node": 40,
                    "extras": {},
                    "template-line-number": 132
                }
            ]
        },
        "rule-37": {
            "name": "TaxableIncomeLineItems5",
            "subs": [
                {
                    "expression-node": 146,
                    "name": "TaxableIncomeLineItems5",
                    "node-pos": 261,
                    "part": "2",
                    "replacement-node": 145,
                    "template-line-number": 669
                },
                {
                    "expression-node": 150,
                    "name": "TaxableIncomeLineItems5",
                    "node-pos": 266,
                    "part": "4",
                    "replacement-node": 149,
                    "template-line-number": 680
                }
            ]
        },
        "rule-17": [
            {
                "node-pos": 125,
                "part": null,
                "replacement-node": 66,
                "template-line-number": 269
            }
        ],
        "rule-26": [
            {
                "node-pos": 227,
                "part": null,
                "replacement-node": 126,
                "template-line-number": 567
            }
        ],
        "rule-39": {
            "name": "TaxableIncomeLineItems2",
            "subs": [
                {
                    "expression-node": 80,
                    "name": "TaxableIncomeLineItems2",
                    "node-pos": 148,
                    "part": "2",
                    "replacement-node": 79,
                    "template-line-number": 345
                },
                {
                    "expression-node": 84,
                    "name": "TaxableIncomeLineItems2",
                    "node-pos": 153,
                    "part": "4",
                    "replacement-node": 83,
                    "template-line-number": 356
                }
            ]
        },
        "rule-21": [
            {
                "expression-node": 90,
                "node-pos": 164,
                "part": null,
                "replacement-node": 89,
                "template-line-number": 379
            }
        ],
        "rule-15": [
            {
                "node-pos": 90,
                "part": null,
                "replacement-node": 49,
                "template-line-number": 169
            }
        ],
        "rule-30": [
            {
                "node-pos": 249,
                "part": null,
                "replacement-node": 138,
                "template-line-number": 619
            }
        ],
        "rule-34": {
            "name": "TaxableIncomeLineItems",
            "subs": [
                {
                    "expression-node": 60,
                    "name": "TaxableIncomeLineItems",
                    "node-pos": 114,
                    "part": "2",
                    "replacement-node": 59,
                    "template-line-number": 247
                },
                {
                    "expression-node": 64,
                    "name": "TaxableIncomeLineItems",
                    "node-pos": 119,
                    "part": "4",
                    "replacement-node": 63,
                    "template-line-number": 258
                }
            ]
        },
        "rule-16": [
            {
                "node-pos": 102,
                "part": null,
                "replacement-node": 52,
                "template-line-number": 196
            }
        ],
        "rule-28": [
            {
                "node-pos": 238,
                "part": null,
                "replacement-node": 132,
                "template-line-number": 593
            }
        ],
        "rule-32": [
            {
                "node-pos": 276,
                "part": null,
                "replacement-node": 155,
                "template-line-number": 696
            }
        ],
        "rule-6": [
            {
                "node-pos": 31,
                "part": null,
                "replacement-node": 15,
                "template-line-number": 60
            }
        ],
        "rule-5": [
            {
                "node-pos": 26,
                "html": true,
                "part": null,
                "replacement-node": 12,
                "template-line-number": 49
            }
        ],
        "rule-19": [
            {
                "node-pos": 136,
                "part": null,
                "replacement-node": 72,
                "template-line-number": 295
            }
        ],
        "rule-33": [
            {
                "node-pos": 280,
                "part": null,
                "replacement-node": 158,
                "template-line-number": 705
            }
        ],
        "rule-35": {
            "name": "TaxableIncomeLineItems4",
            "subs": [
                {
                    "expression-node": 120,
                    "name": "TaxableIncomeLineItems4",
                    "node-pos": 216,
                    "part": "2",
                    "replacement-node": 119,
                    "template-line-number": 545
                },
                {
                    "expression-node": 124,
                    "name": "TaxableIncomeLineItems4",
                    "node-pos": 221,
                    "part": "4",
                    "replacement-node": 123,
                    "template-line-number": 556
                }
            ]
        },
        "rule-9": [
            {
                "expression-node": 25,
                "node-pos": 43,
                "part": null,
                "replacement-node": 24,
                "template-line-number": 73
            }
        ],
        "rule-38": {
            "name": "TaxableIncomeLineItems3",
            "subs": [
                {
                    "expression-node": 100,
                    "name": "TaxableIncomeLineItems3",
                    "node-pos": 182,
                    "part": "2",
                    "replacement-node": 99,
                    "template-line-number": 445
                },
                {
                    "expression-node": 104,
                    "name": "TaxableIncomeLineItems3",
                    "node-pos": 187,
                    "part": "4",
                    "replacement-node": 103,
                    "template-line-number": 456
                }
            ]
        },
        "rule-2": [
            {
                "expression-node": 4,
                "node-pos": 13,
                "part": null,
                "replacement-node": 3,
                "template-line-number": 25
            }
        ],
        "rule-7": [
            {
                "expression-node": 19,
                "node-pos": 35,
                "part": null,
                "replacement-node": 18,
                "template-line-number": 64
            }
        ],
        "rule-24": [
            {
                "expression-node": 110,
                "node-pos": 198,
                "part": null,
                "replacement-node": 109,
                "template-line-number": 479
            }
        ],
        "rule-10": [
            {
                "expression-node": 28,
                "node-pos": 47,
                "part": null,
                "replacement-node": 27,
                "template-line-number": 78
            }
        ],
        "rule-29": [
            {
                "expression-node": 136,
                "node-pos": 243,
                "part": null,
                "replacement-node": 135,
                "template-line-number": 605
            }
        ],
        "rule-13": [
            {
                "node-pos": 79,
                "part": null,
                "replacement-node": 43,
                "template-line-number": 144
            }
        ],
        "rule-3": [
            {
                "node-pos": 17,
                "part": null,
                "replacement-node": 6,
                "template-line-number": 31
            }
        ],
        "rule-27": [
            {
                "expression-node": 130,
                "node-pos": 232,
                "part": null,
                "replacement-node": 129,
                "template-line-number": 579
            }
        ]
    },
    "showifs": {}
}