{
    "substitutions": {
        "rule-23": [
            {
                "replacement-node": 106,
                "template-line-number": 467,
                "part": null,
                "node-pos": 193
            }
        ],
        "rule-2": [
            {
                "replacement-node": 3,
                "template-line-number": 25,
                "part": null,
                "node-pos": 13,
                "expression-node": 4
            }
        ],
        "rule-20": [
            {
                "replacement-node": 86,
                "template-line-number": 367,
                "part": null,
                "node-pos": 159
            }
        ],
        "rule-9": [
            {
                "replacement-node": 24,
                "template-line-number": 73,
                "part": null,
                "node-pos": 43,
                "expression-node": 25
            }
        ],
        "rule-33": [
            {
                "replacement-node": 158,
                "template-line-number": 705,
                "part": null,
                "node-pos": 280
            }
        ],
        "rule-3": [
            {
                "replacement-node": 6,
                "template-line-number": 31,
                "part": null,
                "node-pos": 17
            }
        ],
        "rule-28": [
            {
                "replacement-node": 132,
                "template-line-number": 593,
                "part": null,
                "node-pos": 238
            }
        ],
        "rule-37": {
            "name": "TaxableIncomeLineItems2",
            "subs": [
                {
                    "template-line-number": 345,
                    "expression-node": 80,
                    "replacement-node": 79,
                    "name": "TaxableIncomeLineItems2",
                    "part": "2",
                    "node-pos": 148
                },
                {
                    "template-line-number": 356,
                    "expression-node": 84,
                    "replacement-node": 83,
                    "name": "TaxableIncomeLineItems2",
                    "part": "4",
                    "node-pos": 153
                }
            ]
        },
        "rule-21": [
            {
                "replacement-node": 89,
                "template-line-number": 379,
                "part": null,
                "node-pos": 164,
                "expression-node": 90
            }
        ],
        "rule-17": [
            {
                "replacement-node": 66,
                "template-line-number": 269,
                "part": null,
                "node-pos": 125
            }
        ],
        "rule-22": [
            {
                "replacement-node": 92,
                "template-line-number": 395,
                "part": null,
                "node-pos": 170
            }
        ],
        "rule-25": [
            {
                "replacement-node": 112,
                "template-line-number": 495,
                "part": null,
                "node-pos": 204
            }
        ],
        "rule-35": {
            "name": "TaxableIncomeLineItems4",
            "subs": [
                {
                    "template-line-number": 545,
                    "expression-node": 120,
                    "replacement-node": 119,
                    "name": "TaxableIncomeLineItems4",
                    "part": "2",
                    "node-pos": 216
                },
                {
                    "template-line-number": 556,
                    "expression-node": 124,
                    "replacement-node": 123,
                    "name": "TaxableIncomeLineItems4",
                    "part": "4",
                    "node-pos": 221
                }
            ]
        },
        "rule-1": [
            {
                "replacement-node": 0,
                "template-line-number": 21,
                "part": null,
                "node-pos": 9
            }
        ],
        "rule-7": [
            {
                "replacement-node": 18,
                "template-line-number": 64,
                "part": null,
                "node-pos": 35,
                "expression-node": 19
            }
        ],
        "rule-36": {
            "name": "Headings",
            "subs": [
                {
                    "template-line-number": 125,
                    "extras": {},
                    "replacement-node": 37,
                    "name": "Headings",
                    "part": "1",
                    "node-pos": 69
                },
                {
                    "template-line-number": 132,
                    "extras": {},
                    "replacement-node": 40,
                    "name": "Headings",
                    "part": "2",
                    "node-pos": 73
                }
            ]
        },
        "rule-10": [
            {
                "replacement-node": 27,
                "template-line-number": 78,
                "part": null,
                "node-pos": 47,
                "expression-node": 28
            }
        ],
        "rule-31": [
            {
                "replacement-node": 152,
                "template-line-number": 691,
                "part": null,
                "node-pos": 272,
                "expression-node": 153
            }
        ],
        "rule-38": {
            "name": "TaxableIncomeLineItems",
            "subs": [
                {
                    "template-line-number": 247,
                    "expression-node": 60,
                    "replacement-node": 59,
                    "name": "TaxableIncomeLineItems",
                    "part": "2",
                    "node-pos": 114
                },
                {
                    "template-line-number": 258,
                    "expression-node": 64,
                    "replacement-node": 63,
                    "name": "TaxableIncomeLineItems",
                    "part": "4",
                    "node-pos": 119
                }
            ]
        },
        "rule-15": [
            {
                "replacement-node": 49,
                "template-line-number": 169,
                "part": null,
                "node-pos": 90
            }
        ],
        "rule-34": {
            "name": "TaxableIncomeLineItems3",
            "subs": [
                {
                    "template-line-number": 445,
                    "expression-node": 100,
                    "replacement-node": 99,
                    "name": "TaxableIncomeLineItems3",
                    "part": "2",
                    "node-pos": 182
                },
                {
                    "template-line-number": 456,
                    "expression-node": 104,
                    "replacement-node": 103,
                    "name": "TaxableIncomeLineItems3",
                    "part": "4",
                    "node-pos": 187
                }
            ]
        },
        "rule-27": [
            {
                "replacement-node": 129,
                "template-line-number": 579,
                "part": null,
                "node-pos": 232,
                "expression-node": 130
            }
        ],
        "rule-4": [
            {
                "replacement-node": 9,
                "template-line-number": 37,
                "part": null,
                "node-pos": 21,
                "html": true
            }
        ],
        "rule-30": [
            {
                "replacement-node": 138,
                "template-line-number": 619,
                "part": null,
                "node-pos": 249
            }
        ],
        "rule-39": {
            "name": "TaxableIncomeLineItems5",
            "subs": [
                {
                    "template-line-number": 669,
                    "expression-node": 146,
                    "replacement-node": 145,
                    "name": "TaxableIncomeLineItems5",
                    "part": "2",
                    "node-pos": 261
                },
                {
                    "template-line-number": 680,
                    "expression-node": 150,
                    "replacement-node": 149,
                    "name": "TaxableIncomeLineItems5",
                    "part": "4",
                    "node-pos": 266
                }
            ]
        },
        "rule-24": [
            {
                "replacement-node": 109,
                "template-line-number": 479,
                "part": null,
                "node-pos": 198,
                "expression-node": 110
            }
        ],
        "rule-32": [
            {
                "replacement-node": 155,
                "template-line-number": 696,
                "part": null,
                "node-pos": 276
            }
        ],
        "rule-5": [
            {
                "replacement-node": 12,
                "template-line-number": 49,
                "part": null,
                "node-pos": 26,
                "html": true
            }
        ],
        "rule-12": [
            {
                "replacement-node": 33,
                "template-line-number": 99,
                "part": null,
                "node-pos": 58,
                "html": true
            }
        ],
        "rule-13": [
            {
                "replacement-node": 43,
                "template-line-number": 144,
                "part": null,
                "node-pos": 79
            }
        ],
        "rule-11": [
            {
                "replacement-node": 30,
                "template-line-number": 88,
                "part": null,
                "node-pos": 53
            }
        ],
        "rule-19": [
            {
                "replacement-node": 72,
                "template-line-number": 295,
                "part": null,
                "node-pos": 136
            }
        ],
        "rule-26": [
            {
                "replacement-node": 126,
                "template-line-number": 567,
                "part": null,
                "node-pos": 227
            }
        ],
        "rule-8": [
            {
                "replacement-node": 21,
                "template-line-number": 69,
                "part": null,
                "node-pos": 39
            }
        ],
        "rule-29": [
            {
                "replacement-node": 135,
                "template-line-number": 605,
                "part": null,
                "node-pos": 243,
                "expression-node": 136
            }
        ],
        "rule-6": [
            {
                "replacement-node": 15,
                "template-line-number": 60,
                "part": null,
                "node-pos": 31
            }
        ],
        "rule-18": [
            {
                "replacement-node": 69,
                "template-line-number": 281,
                "part": null,
                "node-pos": 130,
                "expression-node": 70
            }
        ],
        "rule-16": [
            {
                "replacement-node": 52,
                "template-line-number": 196,
                "part": null,
                "node-pos": 102
            }
        ],
        "rule-14": [
            {
                "replacement-node": 46,
                "template-line-number": 156,
                "part": null,
                "node-pos": 84,
                "expression-node": 47
            }
        ]
    },
    "line-numbers": {
        "TaxableIncomeLineItems2": [
            {
                "template-line-number": 342,
                "start-number": 10,
                "line-number-node": 76
            }
        ],
        "TaxableIncomeLineItems3": [
            {
                "template-line-number": 442,
                "start-number": 15,
                "line-number-node": 96
            }
        ],
        "TaxableIncomeLineItems5": [
            {
                "template-line-number": 666,
                "start-number": 29,
                "line-number-node": 142
            }
        ],
        "TaxableIncomeLineItems": [
            {
                "template-line-number": 244,
                "start-number": 5,
                "line-number-node": 56
            }
        ],
        "TaxableIncomeLineItems4": [
            {
                "template-line-number": 542,
                "start-number": 20,
                "line-number-node": 116
            }
        ]
    },
    "showifs": {}
}