{
    "substitutions": {
        "rule-39": {
            "name": "Headings",
            "subs": [
                {
                    "name": "Headings",
                    "template-line-number": 125,
                    "extras": {},
                    "part": "1",
                    "node-pos": 69,
                    "replacement-node": 37
                },
                {
                    "name": "Headings",
                    "template-line-number": 132,
                    "extras": {},
                    "part": "2",
                    "node-pos": 73,
                    "replacement-node": 40
                }
            ]
        },
        "rule-2": [
            {
                "part": null,
                "expression-node": 4,
                "node-pos": 13,
                "template-line-number": 25,
                "replacement-node": 3
            }
        ],
        "rule-21": [
            {
                "part": null,
                "expression-node": 90,
                "node-pos": 164,
                "template-line-number": 379,
                "replacement-node": 89
            }
        ],
        "rule-11": [
            {
                "part": null,
                "template-line-number": 88,
                "node-pos": 53,
                "replacement-node": 30
            }
        ],
        "rule-14": [
            {
                "part": null,
                "expression-node": 47,
                "node-pos": 84,
                "template-line-number": 156,
                "replacement-node": 46
            }
        ],
        "rule-16": [
            {
                "part": null,
                "template-line-number": 196,
                "node-pos": 102,
                "replacement-node": 52
            }
        ],
        "rule-1": [
            {
                "part": null,
                "template-line-number": 21,
                "node-pos": 9,
                "replacement-node": 0
            }
        ],
        "rule-37": {
            "name": "TaxableIncomeLineItems3",
            "subs": [
                {
                    "name": "TaxableIncomeLineItems3",
                    "template-line-number": 445,
                    "expression-node": 100,
                    "part": "2",
                    "node-pos": 182,
                    "replacement-node": 99
                },
                {
                    "name": "TaxableIncomeLineItems3",
                    "template-line-number": 456,
                    "expression-node": 104,
                    "part": "4",
                    "node-pos": 187,
                    "replacement-node": 103
                }
            ]
        },
        "rule-13": [
            {
                "part": null,
                "template-line-number": 144,
                "node-pos": 79,
                "replacement-node": 43
            }
        ],
        "rule-17": [
            {
                "part": null,
                "template-line-number": 269,
                "node-pos": 125,
                "replacement-node": 66
            }
        ],
        "rule-8": [
            {
                "part": null,
                "template-line-number": 69,
                "node-pos": 39,
                "replacement-node": 21
            }
        ],
        "rule-9": [
            {
                "part": null,
                "expression-node": 25,
                "node-pos": 43,
                "template-line-number": 73,
                "replacement-node": 24
            }
        ],
        "rule-32": [
            {
                "part": null,
                "template-line-number": 696,
                "node-pos": 276,
                "replacement-node": 155
            }
        ],
        "rule-28": [
            {
                "part": null,
                "template-line-number": 593,
                "node-pos": 238,
                "replacement-node": 132
            }
        ],
        "rule-36": {
            "name": "TaxableIncomeLineItems2",
            "subs": [
                {
                    "name": "TaxableIncomeLineItems2",
                    "template-line-number": 345,
                    "expression-node": 80,
                    "part": "2",
                    "node-pos": 148,
                    "replacement-node": 79
                },
                {
                    "name": "TaxableIncomeLineItems2",
                    "template-line-number": 356,
                    "expression-node": 84,
                    "part": "4",
                    "node-pos": 153,
                    "replacement-node": 83
                }
            ]
        },
        "rule-35": {
            "name": "TaxableIncomeLineItems5",
            "subs": [
                {
                    "name": "TaxableIncomeLineItems5",
                    "template-line-number": 669,
                    "expression-node": 146,
                    "part": "2",
                    "node-pos": 261,
                    "replacement-node": 145
                },
                {
                    "name": "TaxableIncomeLineItems5",
                    "template-line-number": 680,
                    "expression-node": 150,
                    "part": "4",
                    "node-pos": 266,
                    "replacement-node": 149
                }
            ]
        },
        "rule-30": [
            {
                "part": null,
                "template-line-number": 619,
                "node-pos": 249,
                "replacement-node": 138
            }
        ],
        "rule-6": [
            {
                "part": null,
                "template-line-number": 60,
                "node-pos": 31,
                "replacement-node": 15
            }
        ],
        "rule-24": [
            {
                "part": null,
                "expression-node": 110,
                "node-pos": 198,
                "template-line-number": 479,
                "replacement-node": 109
            }
        ],
        "rule-5": [
            {
                "part": null,
                "template-line-number": 49,
                "html": true,
                "node-pos": 26,
                "replacement-node": 12
            }
        ],
        "rule-38": {
            "name": "TaxableIncomeLineItems",
            "subs": [
                {
                    "name": "TaxableIncomeLineItems",
                    "template-line-number": 247,
                    "expression-node": 60,
                    "part": "2",
                    "node-pos": 114,
                    "replacement-node": 59
                },
                {
                    "name": "TaxableIncomeLineItems",
                    "template-line-number": 258,
                    "expression-node": 64,
                    "part": "4",
                    "node-pos": 119,
                    "replacement-node": 63
                }
            ]
        },
        "rule-10": [
            {
                "part": null,
                "expression-node": 28,
                "node-pos": 47,
                "template-line-number": 78,
                "replacement-node": 27
            }
        ],
        "rule-20": [
            {
                "part": null,
                "template-line-number": 367,
                "node-pos": 159,
                "replacement-node": 86
            }
        ],
        "rule-7": [
            {
                "part": null,
                "expression-node": 19,
                "node-pos": 35,
                "template-line-number": 64,
                "replacement-node": 18
            }
        ],
        "rule-22": [
            {
                "part": null,
                "template-line-number": 395,
                "node-pos": 170,
                "replacement-node": 92
            }
        ],
        "rule-12": [
            {
                "part": null,
                "template-line-number": 99,
                "html": true,
                "node-pos": 58,
                "replacement-node": 33
            }
        ],
        "rule-25": [
            {
                "part": null,
                "template-line-number": 495,
                "node-pos": 204,
                "replacement-node": 112
            }
        ],
        "rule-29": [
            {
                "part": null,
                "expression-node": 136,
                "node-pos": 243,
                "template-line-number": 605,
                "replacement-node": 135
            }
        ],
        "rule-26": [
            {
                "part": null,
                "template-line-number": 567,
                "node-pos": 227,
                "replacement-node": 126
            }
        ],
        "rule-15": [
            {
                "part": null,
                "template-line-number": 169,
                "node-pos": 90,
                "replacement-node": 49
            }
        ],
        "rule-4": [
            {
                "part": null,
                "template-line-number": 37,
                "html": true,
                "node-pos": 21,
                "replacement-node": 9
            }
        ],
        "rule-3": [
            {
                "part": null,
                "template-line-number": 31,
                "node-pos": 17,
                "replacement-node": 6
            }
        ],
        "rule-27": [
            {
                "part": null,
                "expression-node": 130,
                "node-pos": 232,
                "template-line-number": 579,
                "replacement-node": 129
            }
        ],
        "rule-31": [
            {
                "part": null,
                "expression-node": 153,
                "node-pos": 272,
                "template-line-number": 691,
                "replacement-node": 152
            }
        ],
        "rule-18": [
            {
                "part": null,
                "expression-node": 70,
                "node-pos": 130,
                "template-line-number": 281,
                "replacement-node": 69
            }
        ],
        "rule-33": [
            {
                "part": null,
                "template-line-number": 705,
                "node-pos": 280,
                "replacement-node": 158
            }
        ],
        "rule-19": [
            {
                "part": null,
                "template-line-number": 295,
                "node-pos": 136,
                "replacement-node": 72
            }
        ],
        "rule-34": {
            "name": "TaxableIncomeLineItems4",
            "subs": [
                {
                    "name": "TaxableIncomeLineItems4",
                    "template-line-number": 545,
                    "expression-node": 120,
                    "part": "2",
                    "node-pos": 216,
                    "replacement-node": 119
                },
                {
                    "name": "TaxableIncomeLineItems4",
                    "template-line-number": 556,
                    "expression-node": 124,
                    "part": "4",
                    "node-pos": 221,
                    "replacement-node": 123
                }
            ]
        },
        "rule-23": [
            {
                "part": null,
                "template-line-number": 467,
                "node-pos": 193,
                "replacement-node": 106
            }
        ]
    },
    "line-numbers": {
        "TaxableIncomeLineItems": [
            {
                "start-number": 5,
                "line-number-node": 56,
                "template-line-number": 244
            }
        ],
        "TaxableIncomeLineItems2": [
            {
                "start-number": 10,
                "line-number-node": 76,
                "template-line-number": 342
            }
        ],
        "TaxableIncomeLineItems5": [
            {
                "start-number": 29,
                "line-number-node": 142,
                "template-line-number": 666
            }
        ],
        "TaxableIncomeLineItems4": [
            {
                "start-number": 20,
                "line-number-node": 116,
                "template-line-number": 542
            }
        ],
        "TaxableIncomeLineItems3": [
            {
                "start-number": 15,
                "line-number-node": 96,
                "template-line-number": 442
            }
        ]
    },
    "showifs": {}
}