{
    "substitutions": {
        "rule-4": [
            {
                "part": null,
                "replacement-node": 7,
                "node-pos": 18,
                "template-line-number": 37
            }
        ],
        "rule-8": [
            {
                "part": null,
                "expression-node": 20,
                "replacement-node": 19,
                "node-pos": 36,
                "template-line-number": 70
            }
        ],
        "rule-2": [
            {
                "part": null,
                "replacement-node": 1,
                "node-pos": 10,
                "template-line-number": 27
            }
        ],
        "rule-3": [
            {
                "part": null,
                "expression-node": 5,
                "replacement-node": 4,
                "node-pos": 14,
                "template-line-number": 31
            }
        ],
        "rule-15": [
            {
                "part": null,
                "expression-node": 68,
                "replacement-node": 67,
                "node-pos": 113,
                "template-line-number": 250
            }
        ],
        "rule-23": {
            "subs": [
                {
                    "name": "InvHeadings",
                    "extras": {},
                    "part": "1",
                    "template-line-number": 137,
                    "replacement-node": 40,
                    "node-pos": 73
                },
                {
                    "name": "InvHeadings",
                    "extras": {},
                    "part": "2",
                    "template-line-number": 146,
                    "replacement-node": 43,
                    "node-pos": 77
                },
                {
                    "name": "InvHeadings",
                    "extras": {},
                    "part": "3",
                    "template-line-number": 133,
                    "replacement-node": 38,
                    "node-pos": 71
                }
            ],
            "name": "InvHeadings"
        },
        "rule-22": {
            "subs": [
                {
                    "name": "ExchangeAndImbalanceTransactions",
                    "expression-node": 50,
                    "part": "2",
                    "template-line-number": 203,
                    "replacement-node": 49,
                    "node-pos": 86
                },
                {
                    "name": "ExchangeAndImbalanceTransactions",
                    "expression-node": 53,
                    "part": "3",
                    "template-line-number": 209,
                    "replacement-node": 52,
                    "node-pos": 90
                },
                {
                    "name": "ExchangeAndImbalanceTransactions",
                    "expression-node": 56,
                    "part": "4",
                    "template-line-number": 215,
                    "replacement-node": 55,
                    "node-pos": 94
                },
                {
                    "name": "ExchangeAndImbalanceTransactions",
                    "expression-node": 59,
                    "part": "5",
                    "template-line-number": 221,
                    "replacement-node": 58,
                    "node-pos": 98
                },
                {
                    "name": "ExchangeAndImbalanceTransactions",
                    "expression-node": 62,
                    "part": "6",
                    "template-line-number": 227,
                    "replacement-node": 61,
                    "node-pos": 102
                }
            ],
            "name": "ExchangeAndImbalanceTransactions"
        },
        "rule-6": [
            {
                "part": null,
                "html": true,
                "replacement-node": 13,
                "node-pos": 27,
                "template-line-number": 55
            }
        ],
        "rule-11": [
            {
                "part": null,
                "expression-node": 29,
                "replacement-node": 28,
                "node-pos": 48,
                "template-line-number": 84
            }
        ],
        "rule-17": [
            {
                "part": null,
                "expression-node": 74,
                "replacement-node": 73,
                "node-pos": 121,
                "template-line-number": 270
            }
        ],
        "rule-16": [
            {
                "part": null,
                "expression-node": 71,
                "replacement-node": 70,
                "node-pos": 117,
                "template-line-number": 260
            }
        ],
        "rule-19": [
            {
                "part": null,
                "expression-node": 80,
                "replacement-node": 79,
                "node-pos": 131,
                "template-line-number": 293
            }
        ],
        "rule-14": [
            {
                "part": null,
                "replacement-node": 64,
                "node-pos": 108,
                "template-line-number": 237
            }
        ],
        "rule-18": [
            {
                "part": null,
                "expression-node": 77,
                "replacement-node": 76,
                "node-pos": 125,
                "template-line-number": 280
            }
        ],
        "rule-5": [
            {
                "part": null,
                "html": true,
                "replacement-node": 10,
                "node-pos": 22,
                "template-line-number": 43
            }
        ],
        "rule-20": [
            {
                "part": null,
                "replacement-node": 82,
                "node-pos": 135,
                "template-line-number": 298
            }
        ],
        "rule-9": [
            {
                "part": null,
                "replacement-node": 22,
                "node-pos": 40,
                "template-line-number": 75
            }
        ],
        "rule-7": [
            {
                "part": null,
                "replacement-node": 16,
                "node-pos": 32,
                "template-line-number": 66
            }
        ],
        "rule-10": [
            {
                "part": null,
                "expression-node": 26,
                "replacement-node": 25,
                "node-pos": 44,
                "template-line-number": 79
            }
        ],
        "rule-21": [
            {
                "part": null,
                "replacement-node": 85,
                "node-pos": 139,
                "template-line-number": 307
            }
        ],
        "rule-13": [
            {
                "part": null,
                "html": true,
                "replacement-node": 34,
                "node-pos": 59,
                "template-line-number": 105
            }
        ],
        "rule-12": [
            {
                "part": null,
                "replacement-node": 31,
                "node-pos": 54,
                "template-line-number": 94
            }
        ]
    },
    "line-numbers": {
        "ExchangeAndImbalanceTransactions": [
            {
                "template-line-number": 199,
                "line-number-node": 47,
                "start-number": 1
            }
        ]
    },
    "showifs": {
        "rule-1": {
            "template-line-number": 17,
            "type": "showif"
        }
    }
}