{
    "showifs": {},
    "substitutions": {
        "rule-17": [
            {
                "replacement-node": 75,
                "template-line-number": 274,
                "node-pos": 124,
                "part": null,
                "expression-node": 76
            }
        ],
        "rule-7": [
            {
                "replacement-node": 18,
                "template-line-number": 64,
                "node-pos": 35,
                "part": null,
                "expression-node": 19
            }
        ],
        "rule-8": [
            {
                "replacement-node": 21,
                "node-pos": 39,
                "part": null,
                "template-line-number": 69
            }
        ],
        "rule-2": [
            {
                "replacement-node": 3,
                "template-line-number": 25,
                "node-pos": 13,
                "part": null,
                "expression-node": 4
            }
        ],
        "rule-21": {
            "subs": [
                {
                    "replacement-node": 48,
                    "name": "ExchangeAndImbalanceTransactions",
                    "part": "2",
                    "template-line-number": 197,
                    "node-pos": 85,
                    "expression-node": 49
                },
                {
                    "replacement-node": 51,
                    "name": "ExchangeAndImbalanceTransactions",
                    "part": "3",
                    "template-line-number": 203,
                    "node-pos": 89,
                    "expression-node": 52
                },
                {
                    "replacement-node": 54,
                    "name": "ExchangeAndImbalanceTransactions",
                    "part": "4",
                    "template-line-number": 209,
                    "node-pos": 93,
                    "expression-node": 55
                },
                {
                    "replacement-node": 57,
                    "name": "ExchangeAndImbalanceTransactions",
                    "part": "5",
                    "template-line-number": 215,
                    "node-pos": 97,
                    "expression-node": 58
                },
                {
                    "replacement-node": 60,
                    "name": "ExchangeAndImbalanceTransactions",
                    "part": "6",
                    "template-line-number": 221,
                    "node-pos": 101,
                    "expression-node": 61
                }
            ],
            "name": "ExchangeAndImbalanceTransactions"
        },
        "rule-3": [
            {
                "replacement-node": 6,
                "node-pos": 17,
                "part": null,
                "template-line-number": 31
            }
        ],
        "rule-20": [
            {
                "replacement-node": 84,
                "node-pos": 138,
                "part": null,
                "template-line-number": 301
            }
        ],
        "rule-5": [
            {
                "replacement-node": 12,
                "node-pos": 26,
                "part": null,
                "html": true,
                "template-line-number": 49
            }
        ],
        "rule-13": [
            {
                "replacement-node": 63,
                "node-pos": 107,
                "part": null,
                "template-line-number": 231
            }
        ],
        "rule-19": [
            {
                "replacement-node": 81,
                "node-pos": 134,
                "part": null,
                "template-line-number": 292
            }
        ],
        "rule-18": [
            {
                "replacement-node": 78,
                "template-line-number": 287,
                "node-pos": 130,
                "part": null,
                "expression-node": 79
            }
        ],
        "rule-4": [
            {
                "replacement-node": 9,
                "node-pos": 21,
                "part": null,
                "html": true,
                "template-line-number": 37
            }
        ],
        "rule-14": [
            {
                "replacement-node": 66,
                "template-line-number": 244,
                "node-pos": 112,
                "part": null,
                "expression-node": 67
            }
        ],
        "rule-10": [
            {
                "replacement-node": 27,
                "template-line-number": 78,
                "node-pos": 47,
                "part": null,
                "expression-node": 28
            }
        ],
        "rule-9": [
            {
                "replacement-node": 24,
                "template-line-number": 73,
                "node-pos": 43,
                "part": null,
                "expression-node": 25
            }
        ],
        "rule-15": [
            {
                "replacement-node": 69,
                "template-line-number": 254,
                "node-pos": 116,
                "part": null,
                "expression-node": 70
            }
        ],
        "rule-6": [
            {
                "replacement-node": 15,
                "node-pos": 31,
                "part": null,
                "template-line-number": 60
            }
        ],
        "rule-11": [
            {
                "replacement-node": 30,
                "node-pos": 53,
                "part": null,
                "template-line-number": 88
            }
        ],
        "rule-16": [
            {
                "replacement-node": 72,
                "template-line-number": 264,
                "node-pos": 120,
                "part": null,
                "expression-node": 73
            }
        ],
        "rule-22": {
            "subs": [
                {
                    "replacement-node": 39,
                    "name": "InvHeadings",
                    "part": "1",
                    "template-line-number": 131,
                    "extras": {},
                    "node-pos": 72
                },
                {
                    "replacement-node": 42,
                    "name": "InvHeadings",
                    "part": "2",
                    "template-line-number": 140,
                    "extras": {},
                    "node-pos": 76
                },
                {
                    "replacement-node": 37,
                    "name": "InvHeadings",
                    "part": "3",
                    "template-line-number": 127,
                    "extras": {},
                    "node-pos": 70
                }
            ],
            "name": "InvHeadings"
        },
        "rule-12": [
            {
                "replacement-node": 33,
                "node-pos": 58,
                "part": null,
                "html": true,
                "template-line-number": 99
            }
        ],
        "rule-1": [
            {
                "replacement-node": 0,
                "node-pos": 9,
                "part": null,
                "template-line-number": 21
            }
        ]
    },
    "line-numbers": {
        "ExchangeAndImbalanceTransactions": [
            {
                "line-number-node": 46,
                "template-line-number": 193,
                "start-number": 1
            }
        ]
    }
}