{
    "substitutions": {
        "rule-16": {
            "name": "ShipperSuppliedHeadings",
            "subs": [
                {
                    "name": "ShipperSuppliedHeadings",
                    "replacement-node": 39,
                    "part": "1",
                    "node-pos": 96,
                    "extras": {},
                    "template-line-number": 160
                },
                {
                    "name": "ShipperSuppliedHeadings",
                    "replacement-node": 42,
                    "part": "2",
                    "node-pos": 100,
                    "extras": {},
                    "template-line-number": 169
                },
                {
                    "name": "ShipperSuppliedHeadings",
                    "replacement-node": 37,
                    "part": "3",
                    "node-pos": 94,
                    "extras": {},
                    "template-line-number": 156
                }
            ]
        },
        "rule-14": [
            {
                "node-pos": 175,
                "replacement-node": 96,
                "part": null,
                "template-line-number": 653
            }
        ],
        "rule-17": {
            "name": "ShipperLineItems",
            "subs": [
                {
                    "name": "ShipperLineItems",
                    "replacement-node": 46,
                    "part": "1",
                    "node-pos": 106,
                    "extras": {},
                    "template-line-number": 534
                },
                {
                    "expression-node": 49,
                    "name": "ShipperLineItems",
                    "replacement-node": 48,
                    "part": "1",
                    "node-pos": 109,
                    "template-line-number": 540
                },
                {
                    "expression-node": 76,
                    "name": "ShipperLineItems",
                    "replacement-node": 75,
                    "part": "10",
                    "node-pos": 145,
                    "template-line-number": 597
                },
                {
                    "expression-node": 79,
                    "name": "ShipperLineItems",
                    "replacement-node": 78,
                    "part": "11",
                    "node-pos": 149,
                    "template-line-number": 603
                },
                {
                    "expression-node": 82,
                    "name": "ShipperLineItems",
                    "replacement-node": 81,
                    "part": "12",
                    "node-pos": 153,
                    "template-line-number": 609
                },
                {
                    "expression-node": 85,
                    "name": "ShipperLineItems",
                    "replacement-node": 84,
                    "part": "13",
                    "node-pos": 157,
                    "template-line-number": 616
                },
                {
                    "expression-node": 88,
                    "name": "ShipperLineItems",
                    "replacement-node": 87,
                    "part": "14",
                    "node-pos": 161,
                    "template-line-number": 622
                },
                {
                    "expression-node": 91,
                    "name": "ShipperLineItems",
                    "replacement-node": 90,
                    "part": "15",
                    "node-pos": 165,
                    "template-line-number": 628
                },
                {
                    "expression-node": 52,
                    "name": "ShipperLineItems",
                    "replacement-node": 51,
                    "part": "2",
                    "node-pos": 113,
                    "template-line-number": 547
                },
                {
                    "expression-node": 55,
                    "name": "ShipperLineItems",
                    "replacement-node": 54,
                    "part": "3",
                    "node-pos": 117,
                    "template-line-number": 553
                },
                {
                    "expression-node": 58,
                    "name": "ShipperLineItems",
                    "replacement-node": 57,
                    "part": "4",
                    "node-pos": 121,
                    "template-line-number": 559
                },
                {
                    "expression-node": 61,
                    "name": "ShipperLineItems",
                    "replacement-node": 60,
                    "part": "5",
                    "node-pos": 125,
                    "template-line-number": 565
                },
                {
                    "expression-node": 64,
                    "name": "ShipperLineItems",
                    "replacement-node": 63,
                    "part": "6",
                    "node-pos": 129,
                    "template-line-number": 573
                },
                {
                    "expression-node": 67,
                    "name": "ShipperLineItems",
                    "replacement-node": 66,
                    "part": "7",
                    "node-pos": 133,
                    "template-line-number": 579
                },
                {
                    "expression-node": 70,
                    "name": "ShipperLineItems",
                    "replacement-node": 69,
                    "part": "8",
                    "node-pos": 137,
                    "template-line-number": 585
                },
                {
                    "expression-node": 73,
                    "name": "ShipperLineItems",
                    "replacement-node": 72,
                    "part": "9",
                    "node-pos": 141,
                    "template-line-number": 591
                }
            ]
        },
        "rule-2": [
            {
                "expression-node": 4,
                "node-pos": 13,
                "replacement-node": 3,
                "part": null,
                "template-line-number": 26
            }
        ],
        "rule-5": [
            {
                "node-pos": 26,
                "replacement-node": 12,
                "part": null,
                "html": true,
                "template-line-number": 50
            }
        ],
        "rule-6": [
            {
                "node-pos": 31,
                "replacement-node": 15,
                "part": null,
                "template-line-number": 61
            }
        ],
        "rule-15": [
            {
                "node-pos": 179,
                "replacement-node": 99,
                "part": null,
                "template-line-number": 662
            }
        ],
        "rule-10": [
            {
                "expression-node": 28,
                "node-pos": 47,
                "replacement-node": 27,
                "part": null,
                "template-line-number": 81
            }
        ],
        "rule-4": [
            {
                "node-pos": 21,
                "replacement-node": 9,
                "part": null,
                "html": true,
                "template-line-number": 38
            }
        ],
        "rule-7": [
            {
                "expression-node": 19,
                "node-pos": 35,
                "replacement-node": 18,
                "part": null,
                "template-line-number": 66
            }
        ],
        "rule-12": [
            {
                "node-pos": 58,
                "replacement-node": 33,
                "part": null,
                "html": true,
                "template-line-number": 102
            }
        ],
        "rule-13": [
            {
                "expression-node": 94,
                "node-pos": 171,
                "replacement-node": 93,
                "part": null,
                "template-line-number": 648
            }
        ],
        "rule-9": [
            {
                "expression-node": 25,
                "node-pos": 43,
                "replacement-node": 24,
                "part": null,
                "template-line-number": 76
            }
        ],
        "rule-3": [
            {
                "node-pos": 17,
                "replacement-node": 6,
                "part": null,
                "template-line-number": 32
            }
        ],
        "rule-11": [
            {
                "node-pos": 53,
                "replacement-node": 30,
                "part": null,
                "template-line-number": 91
            }
        ],
        "rule-1": [
            {
                "node-pos": 9,
                "replacement-node": 0,
                "part": null,
                "template-line-number": 21
            }
        ],
        "rule-8": [
            {
                "node-pos": 39,
                "replacement-node": 21,
                "part": null,
                "template-line-number": 71
            }
        ]
    },
    "line-numbers": {},
    "showifs": {}
}