{
    "line-numbers": {},
    "substitutions": {
        "rule-4": [
            {
                "part": null,
                "node-pos": 19,
                "template-line-number": 39,
                "replacement-node": 7
            }
        ],
        "rule-9": [
            {
                "part": null,
                "node-pos": 41,
                "template-line-number": 78,
                "replacement-node": 22
            }
        ],
        "rule-16": [
            {
                "part": null,
                "node-pos": 123,
                "template-line-number": 390,
                "replacement-node": 69
            }
        ],
        "rule-11": [
            {
                "part": null,
                "node-pos": 50,
                "expression-node": 29,
                "template-line-number": 88,
                "replacement-node": 28
            }
        ],
        "rule-15": [
            {
                "part": null,
                "node-pos": 119,
                "template-line-number": 380,
                "replacement-node": 66
            }
        ],
        "rule-2": [
            {
                "part": null,
                "node-pos": 11,
                "template-line-number": 28,
                "replacement-node": 1
            }
        ],
        "rule-5": [
            {
                "part": null,
                "node-pos": 23,
                "template-line-number": 45,
                "replacement-node": 10,
                "html": true
            }
        ],
        "rule-18": {
            "subs": [
                {
                    "part": "1",
                    "node-pos": 89,
                    "name": "RELineItems",
                    "template-line-number": 326,
                    "extras": {},
                    "replacement-node": 45
                },
                {
                    "part": "2",
                    "node-pos": 97,
                    "name": "RELineItems",
                    "template-line-number": 337,
                    "extras": {},
                    "replacement-node": 50
                },
                {
                    "part": "4",
                    "node-pos": 102,
                    "expression-node": 55,
                    "name": "RELineItems",
                    "template-line-number": 347,
                    "replacement-node": 54
                },
                {
                    "part": "4",
                    "node-pos": 107,
                    "expression-node": 59,
                    "name": "RELineItems",
                    "template-line-number": 358,
                    "replacement-node": 58
                },
                {
                    "part": "6",
                    "node-pos": 95,
                    "name": "RELineItems",
                    "template-line-number": 333,
                    "extras": {},
                    "replacement-node": 48
                }
            ],
            "name": "RELineItems"
        },
        "rule-6": [
            {
                "part": null,
                "node-pos": 28,
                "template-line-number": 57,
                "replacement-node": 13,
                "html": true
            }
        ],
        "rule-8": [
            {
                "part": null,
                "node-pos": 37,
                "expression-node": 20,
                "template-line-number": 73,
                "replacement-node": 19
            }
        ],
        "rule-7": [
            {
                "part": null,
                "node-pos": 33,
                "template-line-number": 68,
                "replacement-node": 16
            }
        ],
        "rule-12": [
            {
                "part": null,
                "node-pos": 56,
                "template-line-number": 98,
                "replacement-node": 31
            }
        ],
        "rule-3": [
            {
                "part": null,
                "node-pos": 15,
                "expression-node": 5,
                "template-line-number": 33,
                "replacement-node": 4
            }
        ],
        "rule-17": {
            "subs": [
                {
                    "part": "1",
                    "node-pos": 79,
                    "name": "REHeadings",
                    "template-line-number": 143,
                    "extras": {},
                    "replacement-node": 38
                },
                {
                    "part": "2",
                    "node-pos": 83,
                    "name": "REHeadings",
                    "template-line-number": 151,
                    "extras": {},
                    "replacement-node": 41
                }
            ],
            "name": "REHeadings"
        },
        "rule-14": [
            {
                "part": null,
                "node-pos": 115,
                "expression-node": 64,
                "template-line-number": 375,
                "replacement-node": 63
            }
        ],
        "rule-13": [
            {
                "part": null,
                "node-pos": 61,
                "template-line-number": 109,
                "replacement-node": 34,
                "html": true
            }
        ],
        "rule-10": [
            {
                "part": null,
                "node-pos": 46,
                "expression-node": 26,
                "template-line-number": 83,
                "replacement-node": 25
            }
        ]
    },
    "showifs": {
        "rule-1": {
            "template-line-number": 18,
            "type": "showif"
        }
    }
}