{
    "showifs": {
        "rule-1": {
            "type": "showif",
            "template-line-number": 17
        }
    },
    "line-numbers": {
        "TransmissionAndCompressionOfGasByOthers": [
            {
                "start-number": 1,
                "line-number-node": 47,
                "template-line-number": 200
            }
        ]
    },
    "substitutions": {
        "rule-6": [
            {
                "template-line-number": 55,
                "replacement-node": 13,
                "part": null,
                "node-pos": 27,
                "html": true
            }
        ],
        "rule-14": [
            {
                "template-line-number": 230,
                "replacement-node": 61,
                "part": null,
                "node-pos": 106
            }
        ],
        "rule-17": [
            {
                "expression-node": 71,
                "template-line-number": 267,
                "replacement-node": 70,
                "part": null,
                "node-pos": 122
            }
        ],
        "rule-4": [
            {
                "template-line-number": 37,
                "replacement-node": 7,
                "part": null,
                "node-pos": 18
            }
        ],
        "rule-19": [
            {
                "template-line-number": 281,
                "replacement-node": 76,
                "part": null,
                "node-pos": 130
            }
        ],
        "rule-15": [
            {
                "expression-node": 65,
                "template-line-number": 244,
                "replacement-node": 64,
                "part": null,
                "node-pos": 112
            }
        ],
        "rule-11": [
            {
                "expression-node": 29,
                "template-line-number": 84,
                "replacement-node": 28,
                "part": null,
                "node-pos": 48
            }
        ],
        "rule-21": {
            "subs": [
                {
                    "expression-node": 50,
                    "part": "2",
                    "node-pos": 88,
                    "replacement-node": 49,
                    "template-line-number": 203,
                    "name": "TransmissionAndCompressionOfGasByOthers"
                },
                {
                    "extras": {},
                    "part": "3",
                    "node-pos": 92,
                    "replacement-node": 52,
                    "template-line-number": 208,
                    "name": "TransmissionAndCompressionOfGasByOthers"
                },
                {
                    "expression-node": 56,
                    "part": "4",
                    "node-pos": 96,
                    "replacement-node": 55,
                    "template-line-number": 214,
                    "name": "TransmissionAndCompressionOfGasByOthers"
                },
                {
                    "expression-node": 59,
                    "part": "5",
                    "node-pos": 100,
                    "replacement-node": 58,
                    "template-line-number": 220,
                    "name": "TransmissionAndCompressionOfGasByOthers"
                }
            ],
            "name": "TransmissionAndCompressionOfGasByOthers"
        },
        "rule-16": [
            {
                "expression-node": 68,
                "template-line-number": 254,
                "replacement-node": 67,
                "part": null,
                "node-pos": 116
            }
        ],
        "rule-5": [
            {
                "template-line-number": 43,
                "replacement-node": 10,
                "part": null,
                "node-pos": 22,
                "html": true
            }
        ],
        "rule-8": [
            {
                "expression-node": 20,
                "template-line-number": 70,
                "replacement-node": 19,
                "part": null,
                "node-pos": 36
            }
        ],
        "rule-9": [
            {
                "template-line-number": 75,
                "replacement-node": 22,
                "part": null,
                "node-pos": 40
            }
        ],
        "rule-10": [
            {
                "expression-node": 26,
                "template-line-number": 79,
                "replacement-node": 25,
                "part": null,
                "node-pos": 44
            }
        ],
        "rule-20": {
            "subs": [
                {
                    "extras": {},
                    "part": "1",
                    "node-pos": 75,
                    "replacement-node": 40,
                    "template-line-number": 139,
                    "name": "InvHeadings"
                },
                {
                    "extras": {},
                    "part": "2",
                    "node-pos": 79,
                    "replacement-node": 43,
                    "template-line-number": 148,
                    "name": "InvHeadings"
                },
                {
                    "extras": {},
                    "part": "3",
                    "node-pos": 73,
                    "replacement-node": 38,
                    "template-line-number": 135,
                    "name": "InvHeadings"
                }
            ],
            "name": "InvHeadings"
        },
        "rule-2": [
            {
                "template-line-number": 27,
                "replacement-node": 1,
                "part": null,
                "node-pos": 10
            }
        ],
        "rule-18": [
            {
                "template-line-number": 272,
                "replacement-node": 73,
                "part": null,
                "node-pos": 126
            }
        ],
        "rule-3": [
            {
                "expression-node": 5,
                "template-line-number": 31,
                "replacement-node": 4,
                "part": null,
                "node-pos": 14
            }
        ],
        "rule-7": [
            {
                "template-line-number": 66,
                "replacement-node": 16,
                "part": null,
                "node-pos": 32
            }
        ],
        "rule-13": [
            {
                "template-line-number": 105,
                "replacement-node": 34,
                "part": null,
                "node-pos": 59,
                "html": true
            }
        ],
        "rule-12": [
            {
                "template-line-number": 94,
                "replacement-node": 31,
                "part": null,
                "node-pos": 54
            }
        ]
    }
}