{
    "substitutions": {
        "rule-3": [
            {
                "part": null,
                "node-pos": 18,
                "replacement-node": 6,
                "template-line-number": 34
            }
        ],
        "rule-20": [
            {
                "part": null,
                "node-pos": 146,
                "replacement-node": 87,
                "template-line-number": 319
            }
        ],
        "rule-5": [
            {
                "part": null,
                "html": true,
                "node-pos": 27,
                "replacement-node": 12,
                "template-line-number": 52
            }
        ],
        "rule-12": [
            {
                "part": null,
                "html": true,
                "node-pos": 59,
                "replacement-node": 33,
                "template-line-number": 104
            }
        ],
        "rule-8": [
            {
                "part": null,
                "node-pos": 40,
                "replacement-node": 21,
                "template-line-number": 73
            }
        ],
        "rule-4": [
            {
                "part": null,
                "html": true,
                "node-pos": 22,
                "replacement-node": 9,
                "template-line-number": 40
            }
        ],
        "rule-16": [
            {
                "part": null,
                "template-line-number": 280,
                "node-pos": 128,
                "replacement-node": 75,
                "expression-node": 76
            }
        ],
        "rule-1": [
            {
                "part": null,
                "node-pos": 10,
                "replacement-node": 0,
                "template-line-number": 23
            }
        ],
        "rule-9": [
            {
                "part": null,
                "template-line-number": 78,
                "node-pos": 44,
                "replacement-node": 24,
                "expression-node": 25
            }
        ],
        "rule-6": [
            {
                "part": null,
                "node-pos": 32,
                "replacement-node": 15,
                "template-line-number": 63
            }
        ],
        "rule-7": [
            {
                "part": null,
                "template-line-number": 68,
                "node-pos": 36,
                "replacement-node": 18,
                "expression-node": 19
            }
        ],
        "rule-2": [
            {
                "part": null,
                "template-line-number": 28,
                "node-pos": 14,
                "replacement-node": 3,
                "expression-node": 4
            }
        ],
        "rule-22": {
            "subs": [
                {
                    "node-pos": 88,
                    "expression-node": 49,
                    "part": "2",
                    "name": "OtherRegulatoryAssets",
                    "replacement-node": 48,
                    "template-line-number": 210
                },
                {
                    "node-pos": 92,
                    "expression-node": 52,
                    "part": "3",
                    "name": "OtherRegulatoryAssets",
                    "replacement-node": 51,
                    "template-line-number": 215
                },
                {
                    "node-pos": 96,
                    "expression-node": 55,
                    "part": "4",
                    "name": "OtherRegulatoryAssets",
                    "replacement-node": 54,
                    "template-line-number": 220
                },
                {
                    "node-pos": 100,
                    "expression-node": 58,
                    "part": "5",
                    "name": "OtherRegulatoryAssets",
                    "replacement-node": 57,
                    "template-line-number": 225
                },
                {
                    "node-pos": 104,
                    "expression-node": 61,
                    "part": "6",
                    "name": "OtherRegulatoryAssets",
                    "replacement-node": 60,
                    "template-line-number": 230
                },
                {
                    "node-pos": 108,
                    "expression-node": 64,
                    "part": "7",
                    "name": "OtherRegulatoryAssets",
                    "replacement-node": 63,
                    "template-line-number": 235
                }
            ],
            "name": "OtherRegulatoryAssets"
        },
        "rule-13": [
            {
                "part": null,
                "node-pos": 114,
                "replacement-node": 66,
                "template-line-number": 247
            }
        ],
        "rule-10": [
            {
                "part": null,
                "template-line-number": 83,
                "node-pos": 48,
                "replacement-node": 27,
                "expression-node": 28
            }
        ],
        "rule-15": [
            {
                "part": null,
                "template-line-number": 268,
                "node-pos": 123,
                "replacement-node": 72,
                "expression-node": 73
            }
        ],
        "rule-17": [
            {
                "part": null,
                "template-line-number": 290,
                "node-pos": 132,
                "replacement-node": 78,
                "expression-node": 79
            }
        ],
        "rule-21": {
            "subs": [
                {
                    "name": "LongTermDebtHeadings",
                    "html": true,
                    "node-pos": 75,
                    "part": "1",
                    "extras": {},
                    "replacement-node": 39,
                    "template-line-number": 138
                },
                {
                    "name": "LongTermDebtHeadings",
                    "node-pos": 79,
                    "part": "2",
                    "extras": {},
                    "replacement-node": 42,
                    "template-line-number": 147
                },
                {
                    "name": "LongTermDebtHeadings",
                    "node-pos": 73,
                    "part": "3",
                    "extras": {},
                    "replacement-node": 37,
                    "template-line-number": 134
                }
            ],
            "name": "LongTermDebtHeadings"
        },
        "rule-14": [
            {
                "part": null,
                "template-line-number": 259,
                "node-pos": 119,
                "replacement-node": 69,
                "expression-node": 70
            }
        ],
        "rule-11": [
            {
                "part": null,
                "node-pos": 54,
                "replacement-node": 30,
                "template-line-number": 93
            }
        ],
        "rule-19": [
            {
                "part": null,
                "node-pos": 142,
                "replacement-node": 84,
                "template-line-number": 309
            }
        ],
        "rule-18": [
            {
                "part": null,
                "template-line-number": 304,
                "node-pos": 138,
                "replacement-node": 81,
                "expression-node": 82
            }
        ]
    },
    "line-numbers": {
        "OtherRegulatoryAssets": [
            {
                "line-number-node": 46,
                "start-number": 1,
                "template-line-number": 207
            }
        ]
    },
    "showifs": {}
}