{
    "showifs": {},
    "substitutions": {
        "rule-17": [
            {
                "template-line-number": 219,
                "part": null,
                "node-pos": 107,
                "replacement-node": 57
            }
        ],
        "rule-39": [
            {
                "template-line-number": 533,
                "part": null,
                "node-pos": 238,
                "replacement-node": 123
            }
        ],
        "rule-18": [
            {
                "template-line-number": 233,
                "part": null,
                "expression-node": 61,
                "replacement-node": 60,
                "node-pos": 112
            }
        ],
        "rule-46": [
            {
                "template-line-number": 626,
                "part": null,
                "node-pos": 278,
                "replacement-node": 144
            }
        ],
        "rule-2": [
            {
                "template-line-number": 28,
                "part": null,
                "expression-node": 4,
                "replacement-node": 3,
                "node-pos": 14
            }
        ],
        "rule-31": [
            {
                "template-line-number": 425,
                "part": null,
                "node-pos": 193,
                "replacement-node": 99
            }
        ],
        "rule-30": [
            {
                "template-line-number": 408,
                "part": null,
                "expression-node": 97,
                "replacement-node": 96,
                "node-pos": 185
            }
        ],
        "rule-10": [
            {
                "template-line-number": 83,
                "part": null,
                "expression-node": 28,
                "replacement-node": 27,
                "node-pos": 48
            }
        ],
        "rule-55": {
            "name": "DividendsPaid1",
            "subs": [
                {
                    "part": "2",
                    "replacement-node": 174,
                    "template-line-number": 814,
                    "name": "DividendsPaid1",
                    "node-pos": 338,
                    "expression-node": 175
                },
                {
                    "part": "3",
                    "replacement-node": 177,
                    "template-line-number": 823,
                    "name": "DividendsPaid1",
                    "node-pos": 342,
                    "expression-node": 178
                },
                {
                    "part": "4",
                    "replacement-node": 180,
                    "template-line-number": 832,
                    "name": "DividendsPaid1",
                    "node-pos": 346,
                    "expression-node": 181
                },
                {
                    "part": "5",
                    "replacement-node": 183,
                    "template-line-number": 841,
                    "name": "DividendsPaid1",
                    "node-pos": 350,
                    "expression-node": 184
                },
                {
                    "part": "6",
                    "replacement-node": 186,
                    "template-line-number": 850,
                    "name": "DividendsPaid1",
                    "node-pos": 354,
                    "expression-node": 187
                }
            ]
        },
        "rule-43": [
            {
                "template-line-number": 585,
                "part": null,
                "node-pos": 260,
                "replacement-node": 135
            }
        ],
        "rule-11": [
            {
                "template-line-number": 93,
                "part": null,
                "node-pos": 54,
                "replacement-node": 30
            }
        ],
        "rule-54": [
            {
                "template-line-number": 881,
                "part": null,
                "node-pos": 368,
                "replacement-node": 195
            }
        ],
        "rule-45": [
            {
                "template-line-number": 610,
                "part": null,
                "expression-node": 142,
                "replacement-node": 141,
                "node-pos": 270
            }
        ],
        "rule-14": [
            {
                "template-line-number": 175,
                "part": null,
                "node-pos": 89,
                "replacement-node": 48
            }
        ],
        "rule-15": [
            {
                "template-line-number": 188,
                "part": null,
                "node-pos": 94,
                "replacement-node": 51
            }
        ],
        "rule-9": [
            {
                "template-line-number": 78,
                "part": null,
                "expression-node": 25,
                "replacement-node": 24,
                "node-pos": 44
            }
        ],
        "rule-48": [
            {
                "template-line-number": 655,
                "part": null,
                "node-pos": 291,
                "replacement-node": 150
            }
        ],
        "rule-52": [
            {
                "template-line-number": 866,
                "part": null,
                "expression-node": 190,
                "replacement-node": 189,
                "node-pos": 360
            }
        ],
        "rule-7": [
            {
                "template-line-number": 68,
                "part": null,
                "expression-node": 19,
                "replacement-node": 18,
                "node-pos": 36
            }
        ],
        "rule-27": [
            {
                "template-line-number": 363,
                "part": null,
                "node-pos": 167,
                "replacement-node": 87
            }
        ],
        "rule-33": [
            {
                "template-line-number": 453,
                "part": null,
                "node-pos": 204,
                "replacement-node": 105
            }
        ],
        "rule-41": [
            {
                "template-line-number": 559,
                "part": null,
                "expression-node": 130,
                "replacement-node": 129,
                "node-pos": 249
            }
        ],
        "rule-16": [
            {
                "template-line-number": 202,
                "part": null,
                "expression-node": 55,
                "replacement-node": 54,
                "node-pos": 99
            }
        ],
        "rule-47": [
            {
                "template-line-number": 639,
                "part": null,
                "expression-node": 148,
                "replacement-node": 147,
                "node-pos": 283
            }
        ],
        "rule-5": [
            {
                "template-line-number": 52,
                "part": null,
                "html": true,
                "node-pos": 27,
                "replacement-node": 12
            }
        ],
        "rule-22": [
            {
                "template-line-number": 293,
                "part": null,
                "expression-node": 73,
                "replacement-node": 72,
                "node-pos": 138
            }
        ],
        "rule-13": [
            {
                "template-line-number": 162,
                "part": null,
                "node-pos": 84,
                "replacement-node": 45
            }
        ],
        "rule-51": [
            {
                "template-line-number": 697,
                "part": null,
                "expression-node": 160,
                "replacement-node": 159,
                "node-pos": 309
            }
        ],
        "rule-8": [
            {
                "template-line-number": 73,
                "part": null,
                "node-pos": 40,
                "replacement-node": 21
            }
        ],
        "rule-28": [
            {
                "template-line-number": 377,
                "part": null,
                "expression-node": 91,
                "replacement-node": 90,
                "node-pos": 172
            }
        ],
        "rule-35": [
            {
                "template-line-number": 479,
                "part": null,
                "expression-node": 112,
                "replacement-node": 111,
                "node-pos": 215
            }
        ],
        "rule-42": [
            {
                "template-line-number": 573,
                "part": null,
                "node-pos": 255,
                "replacement-node": 132
            }
        ],
        "rule-12": [
            {
                "template-line-number": 104,
                "part": null,
                "html": true,
                "node-pos": 59,
                "replacement-node": 33
            }
        ],
        "rule-4": [
            {
                "template-line-number": 40,
                "part": null,
                "html": true,
                "node-pos": 22,
                "replacement-node": 9
            }
        ],
        "rule-29": [
            {
                "template-line-number": 394,
                "part": null,
                "node-pos": 180,
                "replacement-node": 93
            }
        ],
        "rule-3": [
            {
                "template-line-number": 34,
                "part": null,
                "node-pos": 18,
                "replacement-node": 6
            }
        ],
        "rule-34": [
            {
                "template-line-number": 465,
                "part": null,
                "node-pos": 209,
                "replacement-node": 108
            }
        ],
        "rule-44": [
            {
                "template-line-number": 597,
                "part": null,
                "node-pos": 265,
                "replacement-node": 138
            }
        ],
        "rule-26": [
            {
                "template-line-number": 346,
                "part": null,
                "expression-node": 85,
                "replacement-node": 84,
                "node-pos": 159
            }
        ],
        "rule-32": [
            {
                "template-line-number": 439,
                "part": null,
                "expression-node": 103,
                "replacement-node": 102,
                "node-pos": 198
            }
        ],
        "rule-53": [
            {
                "template-line-number": 872,
                "part": null,
                "node-pos": 364,
                "replacement-node": 192
            }
        ],
        "rule-19": [
            {
                "template-line-number": 249,
                "part": null,
                "node-pos": 120,
                "replacement-node": 63
            }
        ],
        "rule-56": {
            "name": "ColumnHeadings2",
            "subs": [
                {
                    "part": "1",
                    "extras": {},
                    "replacement-node": 165,
                    "template-line-number": 739,
                    "name": "ColumnHeadings2",
                    "node-pos": 325
                },
                {
                    "part": "2",
                    "extras": {},
                    "replacement-node": 168,
                    "template-line-number": 747,
                    "name": "ColumnHeadings2",
                    "node-pos": 329
                },
                {
                    "part": "3",
                    "extras": {},
                    "replacement-node": 163,
                    "template-line-number": 735,
                    "name": "ColumnHeadings2",
                    "node-pos": 323
                }
            ]
        },
        "rule-36": [
            {
                "template-line-number": 493,
                "part": null,
                "node-pos": 221,
                "replacement-node": 114
            }
        ],
        "rule-37": [
            {
                "template-line-number": 505,
                "part": null,
                "node-pos": 226,
                "replacement-node": 117
            }
        ],
        "rule-50": [
            {
                "template-line-number": 684,
                "part": null,
                "node-pos": 304,
                "replacement-node": 156
            }
        ],
        "rule-24": [
            {
                "template-line-number": 319,
                "part": null,
                "node-pos": 149,
                "replacement-node": 78
            }
        ],
        "rule-6": [
            {
                "template-line-number": 63,
                "part": null,
                "node-pos": 32,
                "replacement-node": 15
            }
        ],
        "rule-38": [
            {
                "template-line-number": 519,
                "part": null,
                "expression-node": 121,
                "replacement-node": 120,
                "node-pos": 232
            }
        ],
        "rule-20": [
            {
                "template-line-number": 263,
                "part": null,
                "expression-node": 67,
                "replacement-node": 66,
                "node-pos": 125
            }
        ],
        "rule-21": [
            {
                "template-line-number": 279,
                "part": null,
                "node-pos": 133,
                "replacement-node": 69
            }
        ],
        "rule-1": [
            {
                "template-line-number": 23,
                "part": null,
                "node-pos": 10,
                "replacement-node": 0
            }
        ],
        "rule-23": [
            {
                "template-line-number": 307,
                "part": null,
                "node-pos": 144,
                "replacement-node": 75
            }
        ],
        "rule-49": [
            {
                "template-line-number": 668,
                "part": null,
                "expression-node": 154,
                "replacement-node": 153,
                "node-pos": 296
            }
        ],
        "rule-25": [
            {
                "template-line-number": 332,
                "part": null,
                "node-pos": 154,
                "replacement-node": 81
            }
        ],
        "rule-57": {
            "name": "ColumnHeading",
            "subs": [
                {
                    "part": "1",
                    "extras": {},
                    "replacement-node": 39,
                    "template-line-number": 142,
                    "name": "ColumnHeading",
                    "node-pos": 74
                },
                {
                    "part": "2",
                    "extras": {},
                    "replacement-node": 42,
                    "template-line-number": 151,
                    "name": "ColumnHeading",
                    "node-pos": 78
                },
                {
                    "part": "3",
                    "extras": {},
                    "replacement-node": 37,
                    "template-line-number": 138,
                    "name": "ColumnHeading",
                    "node-pos": 72
                }
            ]
        },
        "rule-40": [
            {
                "template-line-number": 545,
                "part": null,
                "node-pos": 243,
                "replacement-node": 126
            }
        ]
    },
    "line-numbers": {
        "DividendsPaid1": [
            {
                "line-number-node": 172,
                "start-number": 1,
                "template-line-number": 808
            }
        ]
    }
}