{
    "line-numbers": {
        "MilesOfPipeline1": [
            {
                "template-line-number": 313,
                "start-number": 1,
                "line-number-node": 47
            }
        ],
        "MilesOfPipeline4": [
            {
                "template-line-number": 1368,
                "start-number": 1,
                "line-number-node": 272
            }
        ],
        "MilesOfPipeline2": [
            {
                "template-line-number": 657,
                "start-number": 1,
                "line-number-node": 122
            }
        ],
        "MilesOfPipeline3": [
            {
                "template-line-number": 1013,
                "start-number": 1,
                "line-number-node": 197
            }
        ]
    },
    "showifs": {
        "rule-1": {
            "template-line-number": 15,
            "type": "showif"
        }
    },
    "substitutions": {
        "rule-51": [
            {
                "expression-node": 350,
                "node-pos": 561,
                "template-line-number": 1648,
                "part": null,
                "replacement-node": 349
            }
        ],
        "rule-26": [
            {
                "expression-node": 179,
                "node-pos": 303,
                "template-line-number": 845,
                "part": null,
                "replacement-node": 178
            }
        ],
        "rule-9": [
            {
                "node-pos": 41,
                "template-line-number": 95,
                "part": null,
                "replacement-node": 22
            }
        ],
        "rule-40": [
            {
                "expression-node": 269,
                "node-pos": 435,
                "template-line-number": 1261,
                "part": null,
                "replacement-node": 268
            }
        ],
        "rule-48": [
            {
                "expression-node": 341,
                "node-pos": 543,
                "template-line-number": 1604,
                "part": null,
                "replacement-node": 340
            }
        ],
        "rule-50": [
            {
                "expression-node": 347,
                "node-pos": 556,
                "template-line-number": 1637,
                "part": null,
                "replacement-node": 346
            }
        ],
        "rule-64": {
            "subs": [
                {
                    "part": "10",
                    "node-pos": 255,
                    "expression-node": 149,
                    "template-line-number": 736,
                    "name": "MilesOfPipeline2",
                    "replacement-node": 148
                },
                {
                    "part": "11",
                    "node-pos": 259,
                    "expression-node": 152,
                    "template-line-number": 745,
                    "name": "MilesOfPipeline2",
                    "replacement-node": 151
                },
                {
                    "part": "12",
                    "node-pos": 263,
                    "expression-node": 155,
                    "template-line-number": 754,
                    "name": "MilesOfPipeline2",
                    "replacement-node": 154
                },
                {
                    "part": "13",
                    "node-pos": 267,
                    "expression-node": 158,
                    "template-line-number": 763,
                    "name": "MilesOfPipeline2",
                    "replacement-node": 157
                },
                {
                    "part": "14",
                    "node-pos": 271,
                    "expression-node": 161,
                    "template-line-number": 772,
                    "name": "MilesOfPipeline2",
                    "replacement-node": 160
                },
                {
                    "part": "15",
                    "node-pos": 275,
                    "expression-node": 164,
                    "template-line-number": 781,
                    "name": "MilesOfPipeline2",
                    "replacement-node": 163
                },
                {
                    "part": "16",
                    "node-pos": 279,
                    "expression-node": 167,
                    "template-line-number": 790,
                    "name": "MilesOfPipeline2",
                    "replacement-node": 166
                },
                {
                    "part": "2",
                    "node-pos": 223,
                    "expression-node": 125,
                    "template-line-number": 663,
                    "name": "MilesOfPipeline2",
                    "replacement-node": 124
                },
                {
                    "part": "3",
                    "node-pos": 227,
                    "expression-node": 128,
                    "template-line-number": 672,
                    "name": "MilesOfPipeline2",
                    "replacement-node": 127
                },
                {
                    "part": "4",
                    "node-pos": 231,
                    "expression-node": 131,
                    "template-line-number": 681,
                    "name": "MilesOfPipeline2",
                    "replacement-node": 130
                },
                {
                    "part": "5",
                    "node-pos": 235,
                    "expression-node": 134,
                    "template-line-number": 691,
                    "name": "MilesOfPipeline2",
                    "replacement-node": 133
                },
                {
                    "part": "6",
                    "node-pos": 239,
                    "expression-node": 137,
                    "template-line-number": 700,
                    "name": "MilesOfPipeline2",
                    "replacement-node": 136
                },
                {
                    "part": "7",
                    "node-pos": 243,
                    "expression-node": 140,
                    "template-line-number": 709,
                    "name": "MilesOfPipeline2",
                    "replacement-node": 139
                },
                {
                    "part": "8",
                    "node-pos": 247,
                    "expression-node": 143,
                    "template-line-number": 718,
                    "name": "MilesOfPipeline2",
                    "replacement-node": 142
                },
                {
                    "part": "9",
                    "node-pos": 251,
                    "expression-node": 146,
                    "template-line-number": 727,
                    "name": "MilesOfPipeline2",
                    "replacement-node": 145
                }
            ],
            "name": "MilesOfPipeline2"
        },
        "rule-13": [
            {
                "node-pos": 60,
                "template-line-number": 130,
                "part": null,
                "replacement-node": 34,
                "html": true
            }
        ],
        "rule-2": [
            {
                "node-pos": 11,
                "template-line-number": 25,
                "part": null,
                "replacement-node": 1
            }
        ],
        "rule-42": [
            {
                "expression-node": 323,
                "node-pos": 517,
                "template-line-number": 1530,
                "part": null,
                "replacement-node": 322
            }
        ],
        "rule-31": [
            {
                "expression-node": 194,
                "node-pos": 323,
                "template-line-number": 905,
                "part": null,
                "replacement-node": 193
            }
        ],
        "rule-15": [
            {
                "expression-node": 98,
                "node-pos": 181,
                "template-line-number": 474,
                "part": null,
                "replacement-node": 97
            }
        ],
        "rule-5": [
            {
                "node-pos": 23,
                "template-line-number": 48,
                "part": null,
                "replacement-node": 10,
                "html": true
            }
        ],
        "rule-46": [
            {
                "expression-node": 335,
                "node-pos": 535,
                "template-line-number": 1580,
                "part": null,
                "replacement-node": 334
            }
        ],
        "rule-37": [
            {
                "expression-node": 260,
                "node-pos": 423,
                "template-line-number": 1225,
                "part": null,
                "replacement-node": 259
            }
        ],
        "rule-63": {
            "subs": [
                {
                    "part": "10",
                    "node-pos": 479,
                    "expression-node": 299,
                    "template-line-number": 1446,
                    "name": "MilesOfPipeline4",
                    "replacement-node": 298
                },
                {
                    "part": "11",
                    "node-pos": 483,
                    "expression-node": 302,
                    "template-line-number": 1455,
                    "name": "MilesOfPipeline4",
                    "replacement-node": 301
                },
                {
                    "part": "12",
                    "node-pos": 487,
                    "expression-node": 305,
                    "template-line-number": 1464,
                    "name": "MilesOfPipeline4",
                    "replacement-node": 304
                },
                {
                    "part": "13",
                    "node-pos": 491,
                    "expression-node": 308,
                    "template-line-number": 1473,
                    "name": "MilesOfPipeline4",
                    "replacement-node": 307
                },
                {
                    "part": "14",
                    "node-pos": 495,
                    "expression-node": 311,
                    "template-line-number": 1482,
                    "name": "MilesOfPipeline4",
                    "replacement-node": 310
                },
                {
                    "part": "15",
                    "node-pos": 499,
                    "expression-node": 314,
                    "template-line-number": 1491,
                    "name": "MilesOfPipeline4",
                    "replacement-node": 313
                },
                {
                    "part": "16",
                    "node-pos": 503,
                    "expression-node": 317,
                    "template-line-number": 1500,
                    "name": "MilesOfPipeline4",
                    "replacement-node": 316
                },
                {
                    "part": "2",
                    "node-pos": 447,
                    "expression-node": 275,
                    "template-line-number": 1373,
                    "name": "MilesOfPipeline4",
                    "replacement-node": 274
                },
                {
                    "part": "3",
                    "node-pos": 451,
                    "expression-node": 278,
                    "template-line-number": 1382,
                    "name": "MilesOfPipeline4",
                    "replacement-node": 277
                },
                {
                    "part": "4",
                    "node-pos": 455,
                    "expression-node": 281,
                    "template-line-number": 1391,
                    "name": "MilesOfPipeline4",
                    "replacement-node": 280
                },
                {
                    "part": "5",
                    "node-pos": 459,
                    "expression-node": 284,
                    "template-line-number": 1401,
                    "name": "MilesOfPipeline4",
                    "replacement-node": 283
                },
                {
                    "part": "6",
                    "node-pos": 463,
                    "expression-node": 287,
                    "template-line-number": 1410,
                    "name": "MilesOfPipeline4",
                    "replacement-node": 286
                },
                {
                    "part": "7",
                    "node-pos": 467,
                    "expression-node": 290,
                    "template-line-number": 1419,
                    "name": "MilesOfPipeline4",
                    "replacement-node": 289
                },
                {
                    "part": "8",
                    "node-pos": 471,
                    "expression-node": 293,
                    "template-line-number": 1428,
                    "name": "MilesOfPipeline4",
                    "replacement-node": 292
                },
                {
                    "part": "9",
                    "node-pos": 475,
                    "expression-node": 296,
                    "template-line-number": 1437,
                    "name": "MilesOfPipeline4",
                    "replacement-node": 295
                }
            ],
            "name": "MilesOfPipeline4"
        },
        "rule-43": [
            {
                "expression-node": 326,
                "node-pos": 522,
                "template-line-number": 1543,
                "part": null,
                "replacement-node": 325
            }
        ],
        "rule-36": [
            {
                "expression-node": 257,
                "node-pos": 419,
                "template-line-number": 1213,
                "part": null,
                "replacement-node": 256
            }
        ],
        "rule-58": [
            {
                "expression-node": 371,
                "node-pos": 591,
                "template-line-number": 1727,
                "part": null,
                "replacement-node": 370
            }
        ],
        "rule-62": {
            "subs": [
                {
                    "part": "10",
                    "node-pos": 143,
                    "expression-node": 74,
                    "template-line-number": 391,
                    "name": "MilesOfPipeline1",
                    "replacement-node": 73
                },
                {
                    "part": "11",
                    "node-pos": 147,
                    "expression-node": 77,
                    "template-line-number": 400,
                    "name": "MilesOfPipeline1",
                    "replacement-node": 76
                },
                {
                    "part": "12",
                    "node-pos": 151,
                    "expression-node": 80,
                    "template-line-number": 409,
                    "name": "MilesOfPipeline1",
                    "replacement-node": 79
                },
                {
                    "part": "13",
                    "node-pos": 155,
                    "expression-node": 83,
                    "template-line-number": 418,
                    "name": "MilesOfPipeline1",
                    "replacement-node": 82
                },
                {
                    "part": "14",
                    "node-pos": 159,
                    "expression-node": 86,
                    "template-line-number": 427,
                    "name": "MilesOfPipeline1",
                    "replacement-node": 85
                },
                {
                    "part": "15",
                    "node-pos": 163,
                    "expression-node": 89,
                    "template-line-number": 436,
                    "name": "MilesOfPipeline1",
                    "replacement-node": 88
                },
                {
                    "part": "16",
                    "node-pos": 167,
                    "expression-node": 92,
                    "template-line-number": 445,
                    "name": "MilesOfPipeline1",
                    "replacement-node": 91
                },
                {
                    "part": "2",
                    "node-pos": 111,
                    "expression-node": 50,
                    "template-line-number": 318,
                    "name": "MilesOfPipeline1",
                    "replacement-node": 49
                },
                {
                    "part": "3",
                    "node-pos": 115,
                    "expression-node": 53,
                    "template-line-number": 327,
                    "name": "MilesOfPipeline1",
                    "replacement-node": 52
                },
                {
                    "part": "4",
                    "node-pos": 119,
                    "expression-node": 56,
                    "template-line-number": 336,
                    "name": "MilesOfPipeline1",
                    "replacement-node": 55
                },
                {
                    "part": "5",
                    "node-pos": 123,
                    "expression-node": 59,
                    "template-line-number": 346,
                    "name": "MilesOfPipeline1",
                    "replacement-node": 58
                },
                {
                    "part": "6",
                    "node-pos": 127,
                    "expression-node": 62,
                    "template-line-number": 355,
                    "name": "MilesOfPipeline1",
                    "replacement-node": 61
                },
                {
                    "part": "7",
                    "node-pos": 131,
                    "expression-node": 65,
                    "template-line-number": 364,
                    "name": "MilesOfPipeline1",
                    "replacement-node": 64
                },
                {
                    "part": "8",
                    "node-pos": 135,
                    "expression-node": 68,
                    "template-line-number": 373,
                    "name": "MilesOfPipeline1",
                    "replacement-node": 67
                },
                {
                    "part": "9",
                    "node-pos": 139,
                    "expression-node": 71,
                    "template-line-number": 382,
                    "name": "MilesOfPipeline1",
                    "replacement-node": 70
                }
            ],
            "name": "MilesOfPipeline1"
        },
        "rule-57": [
            {
                "expression-node": 368,
                "node-pos": 587,
                "template-line-number": 1716,
                "part": null,
                "replacement-node": 367
            }
        ],
        "rule-30": [
            {
                "expression-node": 191,
                "node-pos": 319,
                "template-line-number": 893,
                "part": null,
                "replacement-node": 190
            }
        ],
        "rule-27": [
            {
                "expression-node": 182,
                "node-pos": 307,
                "template-line-number": 857,
                "part": null,
                "replacement-node": 181
            }
        ],
        "rule-3": [
            {
                "expression-node": 5,
                "node-pos": 15,
                "template-line-number": 33,
                "part": null,
                "replacement-node": 4
            }
        ],
        "rule-6": [
            {
                "node-pos": 28,
                "template-line-number": 64,
                "part": null,
                "replacement-node": 13,
                "html": true
            }
        ],
        "rule-25": [
            {
                "expression-node": 176,
                "node-pos": 298,
                "template-line-number": 832,
                "part": null,
                "replacement-node": 175
            }
        ],
        "rule-52": [
            {
                "expression-node": 353,
                "node-pos": 566,
                "template-line-number": 1660,
                "part": null,
                "replacement-node": 352
            }
        ],
        "rule-49": [
            {
                "expression-node": 344,
                "node-pos": 547,
                "template-line-number": 1616,
                "part": null,
                "replacement-node": 343
            }
        ],
        "rule-39": [
            {
                "expression-node": 266,
                "node-pos": 431,
                "template-line-number": 1249,
                "part": null,
                "replacement-node": 265
            }
        ],
        "rule-4": [
            {
                "node-pos": 19,
                "template-line-number": 40,
                "part": null,
                "replacement-node": 7
            }
        ],
        "rule-44": [
            {
                "expression-node": 329,
                "node-pos": 527,
                "template-line-number": 1556,
                "part": null,
                "replacement-node": 328
            }
        ],
        "rule-53": [
            {
                "expression-node": 356,
                "node-pos": 571,
                "template-line-number": 1672,
                "part": null,
                "replacement-node": 355
            }
        ],
        "rule-38": [
            {
                "expression-node": 263,
                "node-pos": 427,
                "template-line-number": 1237,
                "part": null,
                "replacement-node": 262
            }
        ],
        "rule-60": [
            {
                "node-pos": 601,
                "template-line-number": 1747,
                "part": null,
                "replacement-node": 376
            }
        ],
        "rule-28": [
            {
                "expression-node": 185,
                "node-pos": 311,
                "template-line-number": 869,
                "part": null,
                "replacement-node": 184
            }
        ],
        "rule-7": [
            {
                "node-pos": 33,
                "template-line-number": 81,
                "part": null,
                "replacement-node": 16
            }
        ],
        "rule-45": [
            {
                "expression-node": 332,
                "node-pos": 531,
                "template-line-number": 1568,
                "part": null,
                "replacement-node": 331
            }
        ],
        "rule-19": [
            {
                "expression-node": 110,
                "node-pos": 199,
                "template-line-number": 520,
                "part": null,
                "replacement-node": 109
            }
        ],
        "rule-23": [
            {
                "expression-node": 170,
                "node-pos": 288,
                "template-line-number": 806,
                "part": null,
                "replacement-node": 169
            }
        ],
        "rule-32": [
            {
                "expression-node": 245,
                "node-pos": 400,
                "template-line-number": 1162,
                "part": null,
                "replacement-node": 244
            }
        ],
        "rule-65": {
            "subs": [
                {
                    "part": "10",
                    "node-pos": 367,
                    "expression-node": 224,
                    "template-line-number": 1091,
                    "name": "MilesOfPipeline3",
                    "replacement-node": 223
                },
                {
                    "part": "11",
                    "node-pos": 371,
                    "expression-node": 227,
                    "template-line-number": 1100,
                    "name": "MilesOfPipeline3",
                    "replacement-node": 226
                },
                {
                    "part": "12",
                    "node-pos": 375,
                    "expression-node": 230,
                    "template-line-number": 1109,
                    "name": "MilesOfPipeline3",
                    "replacement-node": 229
                },
                {
                    "part": "13",
                    "node-pos": 379,
                    "expression-node": 233,
                    "template-line-number": 1118,
                    "name": "MilesOfPipeline3",
                    "replacement-node": 232
                },
                {
                    "part": "14",
                    "node-pos": 383,
                    "expression-node": 236,
                    "template-line-number": 1127,
                    "name": "MilesOfPipeline3",
                    "replacement-node": 235
                },
                {
                    "part": "15",
                    "node-pos": 387,
                    "expression-node": 239,
                    "template-line-number": 1136,
                    "name": "MilesOfPipeline3",
                    "replacement-node": 238
                },
                {
                    "part": "16",
                    "node-pos": 391,
                    "expression-node": 242,
                    "template-line-number": 1145,
                    "name": "MilesOfPipeline3",
                    "replacement-node": 241
                },
                {
                    "part": "2",
                    "node-pos": 335,
                    "expression-node": 200,
                    "template-line-number": 1018,
                    "name": "MilesOfPipeline3",
                    "replacement-node": 199
                },
                {
                    "part": "3",
                    "node-pos": 339,
                    "expression-node": 203,
                    "template-line-number": 1027,
                    "name": "MilesOfPipeline3",
                    "replacement-node": 202
                },
                {
                    "part": "4",
                    "node-pos": 343,
                    "expression-node": 206,
                    "template-line-number": 1036,
                    "name": "MilesOfPipeline3",
                    "replacement-node": 205
                },
                {
                    "part": "5",
                    "node-pos": 347,
                    "expression-node": 209,
                    "template-line-number": 1046,
                    "name": "MilesOfPipeline3",
                    "replacement-node": 208
                },
                {
                    "part": "6",
                    "node-pos": 351,
                    "expression-node": 212,
                    "template-line-number": 1055,
                    "name": "MilesOfPipeline3",
                    "replacement-node": 211
                },
                {
                    "part": "7",
                    "node-pos": 355,
                    "expression-node": 215,
                    "template-line-number": 1064,
                    "name": "MilesOfPipeline3",
                    "replacement-node": 214
                },
                {
                    "part": "8",
                    "node-pos": 359,
                    "expression-node": 218,
                    "template-line-number": 1073,
                    "name": "MilesOfPipeline3",
                    "replacement-node": 217
                },
                {
                    "part": "9",
                    "node-pos": 363,
                    "expression-node": 221,
                    "template-line-number": 1082,
                    "name": "MilesOfPipeline3",
                    "replacement-node": 220
                }
            ],
            "name": "MilesOfPipeline3"
        },
        "rule-59": [
            {
                "expression-node": 374,
                "node-pos": 597,
                "template-line-number": 1742,
                "part": null,
                "replacement-node": 373
            }
        ],
        "rule-56": [
            {
                "expression-node": 365,
                "node-pos": 583,
                "template-line-number": 1705,
                "part": null,
                "replacement-node": 364
            }
        ],
        "rule-8": [
            {
                "expression-node": 20,
                "node-pos": 37,
                "template-line-number": 88,
                "part": null,
                "replacement-node": 19
            }
        ],
        "rule-34": [
            {
                "expression-node": 251,
                "node-pos": 410,
                "template-line-number": 1188,
                "part": null,
                "replacement-node": 250
            }
        ],
        "rule-14": [
            {
                "expression-node": 95,
                "node-pos": 176,
                "template-line-number": 462,
                "part": null,
                "replacement-node": 94
            }
        ],
        "rule-35": [
            {
                "expression-node": 254,
                "node-pos": 415,
                "template-line-number": 1201,
                "part": null,
                "replacement-node": 253
            }
        ],
        "rule-17": [
            {
                "expression-node": 104,
                "node-pos": 191,
                "template-line-number": 498,
                "part": null,
                "replacement-node": 103
            }
        ],
        "rule-16": [
            {
                "expression-node": 101,
                "node-pos": 186,
                "template-line-number": 486,
                "part": null,
                "replacement-node": 100
            }
        ],
        "rule-29": [
            {
                "expression-node": 188,
                "node-pos": 315,
                "template-line-number": 881,
                "part": null,
                "replacement-node": 187
            }
        ],
        "rule-21": [
            {
                "expression-node": 116,
                "node-pos": 207,
                "template-line-number": 542,
                "part": null,
                "replacement-node": 115
            }
        ],
        "rule-47": [
            {
                "expression-node": 338,
                "node-pos": 539,
                "template-line-number": 1592,
                "part": null,
                "replacement-node": 337
            }
        ],
        "rule-18": [
            {
                "expression-node": 107,
                "node-pos": 195,
                "template-line-number": 509,
                "part": null,
                "replacement-node": 106
            }
        ],
        "rule-20": [
            {
                "expression-node": 113,
                "node-pos": 203,
                "template-line-number": 531,
                "part": null,
                "replacement-node": 112
            }
        ],
        "rule-10": [
            {
                "expression-node": 26,
                "node-pos": 45,
                "template-line-number": 102,
                "part": null,
                "replacement-node": 25
            }
        ],
        "rule-11": [
            {
                "expression-node": 29,
                "node-pos": 49,
                "template-line-number": 108,
                "part": null,
                "replacement-node": 28
            }
        ],
        "rule-55": [
            {
                "expression-node": 362,
                "node-pos": 579,
                "template-line-number": 1694,
                "part": null,
                "replacement-node": 361
            }
        ],
        "rule-12": [
            {
                "node-pos": 55,
                "template-line-number": 119,
                "part": null,
                "replacement-node": 31
            }
        ],
        "rule-66": {
            "subs": [
                {
                    "part": "1",
                    "node-pos": 95,
                    "extras": {},
                    "template-line-number": 203,
                    "name": "ColumnHeadings",
                    "replacement-node": 40
                },
                {
                    "part": "2",
                    "node-pos": 99,
                    "extras": {},
                    "template-line-number": 211,
                    "name": "ColumnHeadings",
                    "replacement-node": 43
                },
                {
                    "part": "3",
                    "node-pos": 93,
                    "extras": {},
                    "template-line-number": 199,
                    "name": "ColumnHeadings",
                    "replacement-node": 38
                }
            ],
            "name": "ColumnHeadings"
        },
        "rule-22": [
            {
                "expression-node": 119,
                "node-pos": 211,
                "template-line-number": 553,
                "part": null,
                "replacement-node": 118
            }
        ],
        "rule-41": [
            {
                "expression-node": 320,
                "node-pos": 512,
                "template-line-number": 1517,
                "part": null,
                "replacement-node": 319
            }
        ],
        "rule-54": [
            {
                "expression-node": 359,
                "node-pos": 575,
                "template-line-number": 1683,
                "part": null,
                "replacement-node": 358
            }
        ],
        "rule-61": [
            {
                "node-pos": 605,
                "template-line-number": 1756,
                "part": null,
                "replacement-node": 379
            }
        ],
        "rule-33": [
            {
                "expression-node": 248,
                "node-pos": 405,
                "template-line-number": 1175,
                "part": null,
                "replacement-node": 247
            }
        ],
        "rule-24": [
            {
                "expression-node": 173,
                "node-pos": 293,
                "template-line-number": 819,
                "part": null,
                "replacement-node": 172
            }
        ]
    }
}