{
    "substitutions": {
        "rule-38": [
            {
                "node-pos": 201,
                "part": null,
                "replacement-node": 111,
                "template-line-number": 441
            }
        ],
        "rule-39": [
            {
                "node-pos": 205,
                "template-line-number": 451,
                "part": null,
                "replacement-node": 114,
                "expression-node": 115
            }
        ],
        "rule-61": [
            {
                "node-pos": 317,
                "template-line-number": 707,
                "part": null,
                "replacement-node": 180,
                "expression-node": 181
            }
        ],
        "rule-52": [
            {
                "node-pos": 270,
                "template-line-number": 601,
                "part": null,
                "replacement-node": 153,
                "expression-node": 154
            }
        ],
        "rule-48": [
            {
                "node-pos": 249,
                "part": null,
                "replacement-node": 141,
                "template-line-number": 552
            }
        ],
        "rule-57": [
            {
                "node-pos": 296,
                "part": null,
                "replacement-node": 168,
                "template-line-number": 660
            }
        ],
        "rule-1": [
            {
                "node-pos": 9,
                "part": null,
                "replacement-node": 0,
                "template-line-number": 21
            }
        ],
        "rule-8": [
            {
                "node-pos": 40,
                "part": null,
                "replacement-node": 21,
                "template-line-number": 92
            }
        ],
        "rule-70": [
            {
                "node-pos": 361,
                "part": null,
                "replacement-node": 207,
                "template-line-number": 810
            }
        ],
        "rule-54": [
            {
                "node-pos": 280,
                "template-line-number": 624,
                "part": null,
                "replacement-node": 159,
                "expression-node": 160
            }
        ],
        "rule-45": [
            {
                "node-pos": 233,
                "template-line-number": 516,
                "part": null,
                "replacement-node": 132,
                "expression-node": 133
            }
        ],
        "rule-18": [
            {
                "node-pos": 106,
                "part": null,
                "replacement-node": 51,
                "template-line-number": 221
            }
        ],
        "rule-59": [
            {
                "node-pos": 307,
                "template-line-number": 684,
                "part": null,
                "replacement-node": 174,
                "expression-node": 175
            }
        ],
        "rule-64": [
            {
                "node-pos": 333,
                "part": null,
                "replacement-node": 189,
                "template-line-number": 743
            }
        ],
        "rule-51": [
            {
                "node-pos": 266,
                "part": null,
                "replacement-node": 150,
                "template-line-number": 591
            }
        ],
        "rule-62": [
            {
                "node-pos": 323,
                "part": null,
                "replacement-node": 183,
                "template-line-number": 720
            }
        ],
        "rule-69": [
            {
                "node-pos": 357,
                "part": null,
                "replacement-node": 204,
                "template-line-number": 800
            }
        ],
        "rule-41": [
            {
                "node-pos": 214,
                "template-line-number": 472,
                "part": null,
                "replacement-node": 120,
                "expression-node": 121
            }
        ],
        "rule-60": [
            {
                "node-pos": 313,
                "part": null,
                "replacement-node": 177,
                "template-line-number": 697
            }
        ],
        "rule-42": [
            {
                "node-pos": 220,
                "part": null,
                "replacement-node": 123,
                "template-line-number": 485
            }
        ],
        "rule-49": [
            {
                "node-pos": 253,
                "template-line-number": 562,
                "part": null,
                "replacement-node": 144,
                "expression-node": 145
            }
        ],
        "rule-19": [
            {
                "node-pos": 110,
                "template-line-number": 231,
                "part": null,
                "replacement-node": 54,
                "expression-node": 55
            }
        ],
        "rule-26": [
            {
                "node-pos": 144,
                "part": null,
                "replacement-node": 75,
                "template-line-number": 309
            }
        ],
        "rule-50": [
            {
                "node-pos": 259,
                "part": null,
                "replacement-node": 147,
                "template-line-number": 577
            }
        ],
        "rule-66": [
            {
                "node-pos": 343,
                "part": null,
                "replacement-node": 195,
                "template-line-number": 766
            }
        ],
        "rule-44": [
            {
                "node-pos": 229,
                "part": null,
                "replacement-node": 129,
                "template-line-number": 506
            }
        ],
        "rule-32": [
            {
                "node-pos": 172,
                "part": null,
                "replacement-node": 93,
                "template-line-number": 374
            }
        ],
        "rule-40": [
            {
                "node-pos": 210,
                "part": null,
                "replacement-node": 117,
                "template-line-number": 462
            }
        ],
        "rule-55": [
            {
                "node-pos": 286,
                "part": null,
                "replacement-node": 162,
                "template-line-number": 637
            }
        ],
        "rule-47": [
            {
                "node-pos": 243,
                "template-line-number": 539,
                "part": null,
                "replacement-node": 138,
                "expression-node": 139
            }
        ],
        "rule-24": [
            {
                "node-pos": 134,
                "part": null,
                "replacement-node": 69,
                "template-line-number": 286
            }
        ],
        "rule-36": [
            {
                "node-pos": 191,
                "part": null,
                "replacement-node": 105,
                "template-line-number": 418
            }
        ],
        "rule-30": [
            {
                "node-pos": 163,
                "part": null,
                "replacement-node": 87,
                "template-line-number": 353
            }
        ],
        "rule-25": [
            {
                "node-pos": 138,
                "template-line-number": 296,
                "part": null,
                "replacement-node": 72,
                "expression-node": 73
            }
        ],
        "rule-17": [
            {
                "node-pos": 100,
                "template-line-number": 208,
                "part": null,
                "replacement-node": 48,
                "expression-node": 49
            }
        ],
        "rule-13": [
            {
                "node-pos": 77,
                "part": null,
                "replacement-node": 36,
                "template-line-number": 160
            }
        ],
        "rule-2": [
            {
                "node-pos": 14,
                "template-line-number": 28,
                "part": null,
                "replacement-node": 3,
                "expression-node": 4
            }
        ],
        "rule-29": [
            {
                "node-pos": 157,
                "template-line-number": 340,
                "part": null,
                "replacement-node": 84,
                "expression-node": 85
            }
        ],
        "rule-67": [
            {
                "node-pos": 347,
                "template-line-number": 776,
                "part": null,
                "replacement-node": 198,
                "expression-node": 199
            }
        ],
        "rule-12": [
            {
                "node-pos": 59,
                "html": true,
                "part": null,
                "replacement-node": 33,
                "template-line-number": 127
            }
        ],
        "rule-27": [
            {
                "node-pos": 148,
                "template-line-number": 319,
                "part": null,
                "replacement-node": 78,
                "expression-node": 79
            }
        ],
        "rule-22": [
            {
                "node-pos": 125,
                "part": null,
                "replacement-node": 63,
                "template-line-number": 265
            }
        ],
        "rule-6": [
            {
                "node-pos": 32,
                "part": null,
                "replacement-node": 15,
                "template-line-number": 78
            }
        ],
        "rule-46": [
            {
                "node-pos": 239,
                "part": null,
                "replacement-node": 135,
                "template-line-number": 529
            }
        ],
        "rule-15": [
            {
                "node-pos": 90,
                "part": null,
                "replacement-node": 42,
                "template-line-number": 186
            }
        ],
        "rule-43": [
            {
                "node-pos": 224,
                "template-line-number": 495,
                "part": null,
                "replacement-node": 126,
                "expression-node": 127
            }
        ],
        "rule-34": [
            {
                "node-pos": 182,
                "part": null,
                "replacement-node": 99,
                "template-line-number": 397
            }
        ],
        "rule-11": [
            {
                "node-pos": 54,
                "html": true,
                "part": null,
                "replacement-node": 30,
                "template-line-number": 115
            }
        ],
        "rule-20": [
            {
                "node-pos": 115,
                "part": null,
                "replacement-node": 57,
                "template-line-number": 242
            }
        ],
        "rule-53": [
            {
                "node-pos": 276,
                "part": null,
                "replacement-node": 156,
                "template-line-number": 614
            }
        ],
        "rule-63": [
            {
                "node-pos": 327,
                "template-line-number": 730,
                "part": null,
                "replacement-node": 186,
                "expression-node": 187
            }
        ],
        "rule-16": [
            {
                "node-pos": 96,
                "part": null,
                "replacement-node": 45,
                "template-line-number": 198
            }
        ],
        "rule-56": [
            {
                "node-pos": 290,
                "template-line-number": 647,
                "part": null,
                "replacement-node": 165,
                "expression-node": 166
            }
        ],
        "rule-65": [
            {
                "node-pos": 337,
                "template-line-number": 753,
                "part": null,
                "replacement-node": 192,
                "expression-node": 193
            }
        ],
        "rule-58": [
            {
                "node-pos": 303,
                "part": null,
                "replacement-node": 171,
                "template-line-number": 674
            }
        ],
        "rule-33": [
            {
                "node-pos": 176,
                "template-line-number": 384,
                "part": null,
                "replacement-node": 96,
                "expression-node": 97
            }
        ],
        "rule-10": [
            {
                "node-pos": 48,
                "template-line-number": 105,
                "part": null,
                "replacement-node": 27,
                "expression-node": 28
            }
        ],
        "rule-14": [
            {
                "node-pos": 83,
                "part": null,
                "replacement-node": 39,
                "template-line-number": 172
            }
        ],
        "rule-9": [
            {
                "node-pos": 44,
                "template-line-number": 99,
                "part": null,
                "replacement-node": 24,
                "expression-node": 25
            }
        ],
        "rule-21": [
            {
                "node-pos": 119,
                "template-line-number": 252,
                "part": null,
                "replacement-node": 60,
                "expression-node": 61
            }
        ],
        "rule-28": [
            {
                "node-pos": 153,
                "part": null,
                "replacement-node": 81,
                "template-line-number": 330
            }
        ],
        "rule-7": [
            {
                "node-pos": 36,
                "template-line-number": 85,
                "part": null,
                "replacement-node": 18,
                "expression-node": 19
            }
        ],
        "rule-37": [
            {
                "node-pos": 195,
                "template-line-number": 428,
                "part": null,
                "replacement-node": 108,
                "expression-node": 109
            }
        ],
        "rule-4": [
            {
                "node-pos": 22,
                "html": true,
                "part": null,
                "replacement-node": 9,
                "template-line-number": 43
            }
        ],
        "rule-31": [
            {
                "node-pos": 167,
                "template-line-number": 363,
                "part": null,
                "replacement-node": 90,
                "expression-node": 91
            }
        ],
        "rule-23": [
            {
                "node-pos": 129,
                "template-line-number": 275,
                "part": null,
                "replacement-node": 66,
                "expression-node": 67
            }
        ],
        "rule-5": [
            {
                "node-pos": 27,
                "html": true,
                "part": null,
                "replacement-node": 12,
                "template-line-number": 60
            }
        ],
        "rule-35": [
            {
                "node-pos": 186,
                "template-line-number": 407,
                "part": null,
                "replacement-node": 102,
                "expression-node": 103
            }
        ],
        "rule-3": [
            {
                "node-pos": 18,
                "part": null,
                "replacement-node": 6,
                "template-line-number": 35
            }
        ],
        "rule-68": [
            {
                "node-pos": 353,
                "template-line-number": 793,
                "part": null,
                "replacement-node": 201,
                "expression-node": 202
            }
        ]
    },
    "showifs": {},
    "line-numbers": {}
}