{
    "line-numbers": {
        "SalesForResale": [
            {
                "start-number": 1,
                "line-number-node": 44,
                "template-line-number": 295
            }
        ]
    },
    "showifs": {},
    "substitutions": {
        "rule-10": [
            {
                "expression-node": 28,
                "replacement-node": 27,
                "template-line-number": 102,
                "node-pos": 47,
                "part": null
            }
        ],
        "rule-30": [
            {
                "replacement-node": 154,
                "template-line-number": 645,
                "node-pos": 241,
                "part": null
            }
        ],
        "rule-13": [
            {
                "expression-node": 104,
                "replacement-node": 103,
                "template-line-number": 482,
                "node-pos": 170,
                "part": null
            }
        ],
        "rule-2": [
            {
                "expression-node": 4,
                "replacement-node": 3,
                "template-line-number": 25,
                "node-pos": 13,
                "part": null
            }
        ],
        "rule-5": [
            {
                "replacement-node": 12,
                "html": true,
                "template-line-number": 57,
                "node-pos": 26,
                "part": null
            }
        ],
        "rule-26": [
            {
                "expression-node": 143,
                "replacement-node": 142,
                "template-line-number": 600,
                "node-pos": 223,
                "part": null
            }
        ],
        "rule-20": [
            {
                "expression-node": 125,
                "replacement-node": 124,
                "template-line-number": 545,
                "node-pos": 198,
                "part": null
            }
        ],
        "rule-23": [
            {
                "expression-node": 134,
                "replacement-node": 133,
                "template-line-number": 572,
                "node-pos": 210,
                "part": null
            }
        ],
        "rule-24": [
            {
                "expression-node": 137,
                "replacement-node": 136,
                "template-line-number": 581,
                "node-pos": 214,
                "part": null
            }
        ],
        "rule-32": {
            "name": "SalesForResale",
            "subs": [
                {
                    "expression-node": 71,
                    "replacement-node": 70,
                    "node-pos": 121,
                    "name": "SalesForResale",
                    "template-line-number": 372,
                    "part": "10"
                },
                {
                    "expression-node": 74,
                    "replacement-node": 73,
                    "node-pos": 125,
                    "name": "SalesForResale",
                    "template-line-number": 381,
                    "part": "11"
                },
                {
                    "expression-node": 77,
                    "replacement-node": 76,
                    "node-pos": 129,
                    "name": "SalesForResale",
                    "template-line-number": 390,
                    "part": "12"
                },
                {
                    "expression-node": 80,
                    "replacement-node": 79,
                    "node-pos": 133,
                    "name": "SalesForResale",
                    "template-line-number": 400,
                    "part": "13"
                },
                {
                    "expression-node": 83,
                    "replacement-node": 82,
                    "node-pos": 137,
                    "name": "SalesForResale",
                    "template-line-number": 409,
                    "part": "14"
                },
                {
                    "expression-node": 86,
                    "replacement-node": 85,
                    "node-pos": 141,
                    "name": "SalesForResale",
                    "template-line-number": 418,
                    "part": "15"
                },
                {
                    "expression-node": 89,
                    "replacement-node": 88,
                    "node-pos": 145,
                    "name": "SalesForResale",
                    "template-line-number": 427,
                    "part": "16"
                },
                {
                    "expression-node": 92,
                    "replacement-node": 91,
                    "node-pos": 149,
                    "name": "SalesForResale",
                    "template-line-number": 436,
                    "part": "17"
                },
                {
                    "expression-node": 95,
                    "replacement-node": 94,
                    "node-pos": 153,
                    "name": "SalesForResale",
                    "template-line-number": 446,
                    "part": "18"
                },
                {
                    "expression-node": 98,
                    "replacement-node": 97,
                    "node-pos": 157,
                    "name": "SalesForResale",
                    "template-line-number": 455,
                    "part": "19"
                },
                {
                    "expression-node": 47,
                    "replacement-node": 46,
                    "node-pos": 89,
                    "name": "SalesForResale",
                    "template-line-number": 300,
                    "part": "2"
                },
                {
                    "expression-node": 101,
                    "replacement-node": 100,
                    "node-pos": 161,
                    "name": "SalesForResale",
                    "template-line-number": 464,
                    "part": "20"
                },
                {
                    "expression-node": 50,
                    "replacement-node": 49,
                    "node-pos": 93,
                    "name": "SalesForResale",
                    "template-line-number": 309,
                    "part": "3"
                },
                {
                    "expression-node": 53,
                    "replacement-node": 52,
                    "node-pos": 97,
                    "name": "SalesForResale",
                    "template-line-number": 318,
                    "part": "4"
                },
                {
                    "expression-node": 56,
                    "replacement-node": 55,
                    "node-pos": 101,
                    "name": "SalesForResale",
                    "template-line-number": 327,
                    "part": "5"
                },
                {
                    "expression-node": 59,
                    "replacement-node": 58,
                    "node-pos": 105,
                    "name": "SalesForResale",
                    "template-line-number": 336,
                    "part": "6"
                },
                {
                    "expression-node": 62,
                    "replacement-node": 61,
                    "node-pos": 109,
                    "name": "SalesForResale",
                    "template-line-number": 345,
                    "part": "7"
                },
                {
                    "expression-node": 65,
                    "replacement-node": 64,
                    "node-pos": 113,
                    "name": "SalesForResale",
                    "template-line-number": 354,
                    "part": "8"
                },
                {
                    "expression-node": 68,
                    "replacement-node": 67,
                    "node-pos": 117,
                    "name": "SalesForResale",
                    "template-line-number": 363,
                    "part": "9"
                }
            ]
        },
        "rule-28": [
            {
                "expression-node": 149,
                "replacement-node": 148,
                "template-line-number": 628,
                "node-pos": 233,
                "part": null
            }
        ],
        "rule-21": [
            {
                "expression-node": 128,
                "replacement-node": 127,
                "template-line-number": 554,
                "node-pos": 202,
                "part": null
            }
        ],
        "rule-6": [
            {
                "replacement-node": 15,
                "template-line-number": 75,
                "node-pos": 31,
                "part": null
            }
        ],
        "rule-14": [
            {
                "expression-node": 107,
                "replacement-node": 106,
                "template-line-number": 491,
                "node-pos": 174,
                "part": null
            }
        ],
        "rule-11": [
            {
                "replacement-node": 30,
                "html": true,
                "template-line-number": 114,
                "node-pos": 53,
                "part": null
            }
        ],
        "rule-9": [
            {
                "expression-node": 25,
                "replacement-node": 24,
                "template-line-number": 96,
                "node-pos": 43,
                "part": null
            }
        ],
        "rule-17": [
            {
                "expression-node": 116,
                "replacement-node": 115,
                "template-line-number": 518,
                "node-pos": 186,
                "part": null
            }
        ],
        "rule-8": [
            {
                "replacement-node": 21,
                "template-line-number": 89,
                "node-pos": 39,
                "part": null
            }
        ],
        "rule-31": {
            "name": "ISHeadings",
            "subs": [
                {
                    "replacement-node": 37,
                    "extras": {},
                    "node-pos": 76,
                    "name": "ISHeadings",
                    "template-line-number": 166,
                    "part": "1"
                },
                {
                    "replacement-node": 40,
                    "extras": {},
                    "node-pos": 80,
                    "name": "ISHeadings",
                    "template-line-number": 173,
                    "part": "2"
                }
            ]
        },
        "rule-7": [
            {
                "expression-node": 19,
                "replacement-node": 18,
                "template-line-number": 82,
                "node-pos": 35,
                "part": null
            }
        ],
        "rule-16": [
            {
                "expression-node": 113,
                "replacement-node": 112,
                "template-line-number": 509,
                "node-pos": 182,
                "part": null
            }
        ],
        "rule-1": [
            {
                "replacement-node": 0,
                "template-line-number": 18,
                "node-pos": 9,
                "part": null
            }
        ],
        "rule-12": [
            {
                "replacement-node": 33,
                "html": true,
                "template-line-number": 129,
                "node-pos": 58,
                "part": null
            }
        ],
        "rule-3": [
            {
                "replacement-node": 6,
                "template-line-number": 32,
                "node-pos": 17,
                "part": null
            }
        ],
        "rule-19": [
            {
                "expression-node": 122,
                "replacement-node": 121,
                "template-line-number": 536,
                "node-pos": 194,
                "part": null
            }
        ],
        "rule-18": [
            {
                "expression-node": 119,
                "replacement-node": 118,
                "template-line-number": 527,
                "node-pos": 190,
                "part": null
            }
        ],
        "rule-25": [
            {
                "expression-node": 140,
                "replacement-node": 139,
                "template-line-number": 591,
                "node-pos": 219,
                "part": null
            }
        ],
        "rule-15": [
            {
                "expression-node": 110,
                "replacement-node": 109,
                "template-line-number": 500,
                "node-pos": 178,
                "part": null
            }
        ],
        "rule-22": [
            {
                "expression-node": 131,
                "replacement-node": 130,
                "template-line-number": 563,
                "node-pos": 206,
                "part": null
            }
        ],
        "rule-29": [
            {
                "replacement-node": 151,
                "template-line-number": 635,
                "node-pos": 237,
                "part": null
            }
        ],
        "rule-4": [
            {
                "replacement-node": 9,
                "html": true,
                "template-line-number": 40,
                "node-pos": 21,
                "part": null
            }
        ],
        "rule-27": [
            {
                "expression-node": 146,
                "replacement-node": 145,
                "template-line-number": 609,
                "node-pos": 227,
                "part": null
            }
        ]
    }
}