{
    "substitutions": {
        "rule-17": {
            "name": "CFLineItems",
            "subs": [
                {
                    "node-pos": 82,
                    "part": "1",
                    "name": "CFLineItems",
                    "extras": {},
                    "replacement-node": 44,
                    "template-line-number": 303
                },
                {
                    "node-pos": 90,
                    "part": "2",
                    "template-line-number": 314,
                    "name": "CFLineItems",
                    "replacement-node": 49,
                    "expression-node": 50
                },
                {
                    "node-pos": 96,
                    "part": "4",
                    "template-line-number": 326,
                    "name": "CFLineItems",
                    "replacement-node": 54,
                    "expression-node": 55
                },
                {
                    "node-pos": 102,
                    "part": "5",
                    "template-line-number": 337,
                    "name": "CFLineItems",
                    "replacement-node": 59,
                    "expression-node": 60
                },
                {
                    "node-pos": 88,
                    "part": "6",
                    "name": "CFLineItems",
                    "extras": {},
                    "replacement-node": 47,
                    "template-line-number": 310
                }
            ]
        },
        "rule-15": [
            {
                "replacement-node": 70,
                "node-pos": 118,
                "part": null,
                "template-line-number": 370
            }
        ],
        "rule-10": [
            {
                "replacement-node": 27,
                "node-pos": 48,
                "expression-node": 28,
                "part": null,
                "template-line-number": 81
            }
        ],
        "rule-9": [
            {
                "replacement-node": 24,
                "node-pos": 44,
                "expression-node": 25,
                "part": null,
                "template-line-number": 76
            }
        ],
        "rule-14": [
            {
                "replacement-node": 67,
                "node-pos": 114,
                "part": null,
                "template-line-number": 360
            }
        ],
        "rule-6": [
            {
                "replacement-node": 15,
                "node-pos": 31,
                "part": null,
                "template-line-number": 61
            }
        ],
        "rule-4": [
            {
                "html": true,
                "replacement-node": 9,
                "node-pos": 21,
                "part": null,
                "template-line-number": 38
            }
        ],
        "rule-13": [
            {
                "replacement-node": 64,
                "node-pos": 110,
                "expression-node": 65,
                "part": null,
                "template-line-number": 355
            }
        ],
        "rule-2": [
            {
                "replacement-node": 3,
                "node-pos": 13,
                "expression-node": 4,
                "part": null,
                "template-line-number": 26
            }
        ],
        "rule-11": [
            {
                "replacement-node": 30,
                "node-pos": 54,
                "part": null,
                "template-line-number": 91
            }
        ],
        "rule-1": [
            {
                "replacement-node": 0,
                "node-pos": 9,
                "part": null,
                "template-line-number": 21
            }
        ],
        "rule-16": {
            "name": "ISHeadings",
            "subs": [
                {
                    "node-pos": 72,
                    "part": "1",
                    "name": "ISHeadings",
                    "extras": {},
                    "replacement-node": 37,
                    "template-line-number": 130
                },
                {
                    "node-pos": 76,
                    "part": "2",
                    "name": "ISHeadings",
                    "extras": {},
                    "replacement-node": 40,
                    "template-line-number": 137
                }
            ]
        },
        "rule-7": [
            {
                "replacement-node": 18,
                "node-pos": 35,
                "expression-node": 19,
                "part": null,
                "template-line-number": 66
            }
        ],
        "rule-3": [
            {
                "replacement-node": 6,
                "node-pos": 17,
                "part": null,
                "template-line-number": 32
            }
        ],
        "rule-5": [
            {
                "html": true,
                "replacement-node": 12,
                "node-pos": 26,
                "part": null,
                "template-line-number": 50
            }
        ],
        "rule-12": [
            {
                "html": true,
                "replacement-node": 33,
                "node-pos": 59,
                "part": null,
                "template-line-number": 102
            }
        ],
        "rule-8": [
            {
                "replacement-node": 21,
                "node-pos": 39,
                "part": null,
                "template-line-number": 71
            }
        ]
    },
    "showifs": {},
    "line-numbers": {}
}