{
    "substitutions": {
        "rule-6": [
            {
                "part": null,
                "template-line-number": 62,
                "replacement-node": 15,
                "node-pos": 31
            }
        ],
        "rule-7": [
            {
                "part": null,
                "template-line-number": 67,
                "expression-node": 19,
                "replacement-node": 18,
                "node-pos": 35
            }
        ],
        "rule-5": [
            {
                "part": null,
                "template-line-number": 51,
                "html": true,
                "replacement-node": 12,
                "node-pos": 26
            }
        ],
        "rule-17": {
            "name": "OPCHeadings",
            "subs": [
                {
                    "template-line-number": 132,
                    "extras": {},
                    "node-pos": 71,
                    "part": "1",
                    "name": "OPCHeadings",
                    "replacement-node": 37
                },
                {
                    "template-line-number": 139,
                    "extras": {},
                    "node-pos": 75,
                    "part": "2",
                    "name": "OPCHeadings",
                    "replacement-node": 40
                }
            ]
        },
        "rule-8": [
            {
                "part": null,
                "template-line-number": 72,
                "replacement-node": 21,
                "node-pos": 39
            }
        ],
        "rule-14": [
            {
                "part": null,
                "template-line-number": 327,
                "replacement-node": 60,
                "node-pos": 105
            }
        ],
        "rule-15": [
            {
                "part": null,
                "template-line-number": 337,
                "replacement-node": 63,
                "node-pos": 109
            }
        ],
        "rule-9": [
            {
                "part": null,
                "template-line-number": 77,
                "expression-node": 25,
                "replacement-node": 24,
                "node-pos": 43
            }
        ],
        "rule-1": [
            {
                "part": null,
                "template-line-number": 22,
                "replacement-node": 0,
                "node-pos": 9
            }
        ],
        "rule-10": [
            {
                "part": null,
                "template-line-number": 82,
                "expression-node": 28,
                "replacement-node": 27,
                "node-pos": 47
            }
        ],
        "rule-12": [
            {
                "part": null,
                "template-line-number": 103,
                "html": true,
                "replacement-node": 33,
                "node-pos": 58
            }
        ],
        "rule-13": [
            {
                "part": null,
                "template-line-number": 320,
                "expression-node": 58,
                "replacement-node": 57,
                "node-pos": 101
            }
        ],
        "rule-3": [
            {
                "part": null,
                "template-line-number": 33,
                "replacement-node": 6,
                "node-pos": 17
            }
        ],
        "rule-4": [
            {
                "part": null,
                "template-line-number": 39,
                "html": true,
                "replacement-node": 9,
                "node-pos": 21
            }
        ],
        "rule-16": {
            "name": "OPCLineItems",
            "subs": [
                {
                    "template-line-number": 285,
                    "extras": {},
                    "node-pos": 81,
                    "part": "1",
                    "name": "OPCLineItems",
                    "replacement-node": 44
                },
                {
                    "template-line-number": 296,
                    "expression-node": 49,
                    "node-pos": 88,
                    "part": "2",
                    "name": "OPCLineItems",
                    "replacement-node": 48
                },
                {
                    "template-line-number": 306,
                    "expression-node": 54,
                    "node-pos": 94,
                    "part": "5",
                    "name": "OPCLineItems",
                    "replacement-node": 53
                },
                {
                    "template-line-number": 292,
                    "extras": {},
                    "node-pos": 86,
                    "part": "6",
                    "name": "OPCLineItems",
                    "replacement-node": 46
                }
            ]
        },
        "rule-2": [
            {
                "part": null,
                "template-line-number": 27,
                "expression-node": 4,
                "replacement-node": 3,
                "node-pos": 13
            }
        ],
        "rule-11": [
            {
                "part": null,
                "template-line-number": 92,
                "replacement-node": 30,
                "node-pos": 53
            }
        ]
    },
    "line-numbers": {},
    "showifs": {}
}