{
    "showifs": {
        "rule-1": {
            "template-line-number": 17,
            "type": "showif"
        }
    },
    "substitutions": {
        "rule-7": [
            {
                "part": null,
                "template-line-number": 66,
                "node-pos": 32,
                "replacement-node": 16
            }
        ],
        "rule-18": [
            {
                "part": null,
                "template-line-number": 361,
                "expression-node": 98,
                "replacement-node": 97,
                "node-pos": 158
            }
        ],
        "rule-11": [
            {
                "part": null,
                "template-line-number": 84,
                "expression-node": 29,
                "replacement-node": 28,
                "node-pos": 48
            }
        ],
        "rule-12": [
            {
                "part": null,
                "template-line-number": 94,
                "node-pos": 54,
                "replacement-node": 31
            }
        ],
        "rule-20": [
            {
                "part": null,
                "template-line-number": 383,
                "expression-node": 104,
                "replacement-node": 103,
                "node-pos": 168
            }
        ],
        "rule-27": {
            "subs": [
                {
                    "part": "1",
                    "template-line-number": 142,
                    "name": "InvHeadings",
                    "extras": {},
                    "replacement-node": 40,
                    "node-pos": 78
                },
                {
                    "part": "2",
                    "template-line-number": 151,
                    "name": "InvHeadings",
                    "extras": {},
                    "replacement-node": 43,
                    "node-pos": 82
                },
                {
                    "part": "3",
                    "template-line-number": 138,
                    "name": "InvHeadings",
                    "extras": {},
                    "replacement-node": 38,
                    "node-pos": 76
                }
            ],
            "name": "InvHeadings"
        },
        "rule-9": [
            {
                "part": null,
                "template-line-number": 75,
                "node-pos": 40,
                "replacement-node": 22
            }
        ],
        "rule-13": [
            {
                "html": true,
                "part": null,
                "template-line-number": 105,
                "node-pos": 59,
                "replacement-node": 34
            }
        ],
        "rule-26": {
            "subs": [
                {
                    "part": "10",
                    "template-line-number": 289,
                    "name": "RegulatoryCommissionExpenses",
                    "replacement-node": 73,
                    "expression-node": 74,
                    "node-pos": 123
                },
                {
                    "part": "11",
                    "template-line-number": 295,
                    "name": "RegulatoryCommissionExpenses",
                    "replacement-node": 76,
                    "expression-node": 77,
                    "node-pos": 127
                },
                {
                    "part": "12",
                    "template-line-number": 301,
                    "name": "RegulatoryCommissionExpenses",
                    "replacement-node": 79,
                    "expression-node": 80,
                    "node-pos": 131
                },
                {
                    "part": "13",
                    "template-line-number": 307,
                    "name": "RegulatoryCommissionExpenses",
                    "replacement-node": 82,
                    "expression-node": 83,
                    "node-pos": 135
                },
                {
                    "part": "2",
                    "template-line-number": 241,
                    "name": "RegulatoryCommissionExpenses",
                    "replacement-node": 49,
                    "expression-node": 50,
                    "node-pos": 91
                },
                {
                    "part": "3",
                    "template-line-number": 247,
                    "name": "RegulatoryCommissionExpenses",
                    "replacement-node": 52,
                    "expression-node": 53,
                    "node-pos": 95
                },
                {
                    "part": "4",
                    "template-line-number": 253,
                    "name": "RegulatoryCommissionExpenses",
                    "replacement-node": 55,
                    "expression-node": 56,
                    "node-pos": 99
                },
                {
                    "part": "5",
                    "template-line-number": 259,
                    "name": "RegulatoryCommissionExpenses",
                    "replacement-node": 58,
                    "expression-node": 59,
                    "node-pos": 103
                },
                {
                    "part": "6",
                    "template-line-number": 265,
                    "name": "RegulatoryCommissionExpenses",
                    "replacement-node": 61,
                    "expression-node": 62,
                    "node-pos": 107
                },
                {
                    "part": "7",
                    "template-line-number": 271,
                    "name": "RegulatoryCommissionExpenses",
                    "replacement-node": 64,
                    "expression-node": 65,
                    "node-pos": 111
                },
                {
                    "part": "8",
                    "template-line-number": 277,
                    "name": "RegulatoryCommissionExpenses",
                    "replacement-node": 67,
                    "expression-node": 68,
                    "node-pos": 115
                },
                {
                    "part": "9",
                    "template-line-number": 283,
                    "name": "RegulatoryCommissionExpenses",
                    "replacement-node": 70,
                    "expression-node": 71,
                    "node-pos": 119
                }
            ],
            "name": "RegulatoryCommissionExpenses"
        },
        "rule-6": [
            {
                "html": true,
                "part": null,
                "template-line-number": 55,
                "node-pos": 27,
                "replacement-node": 13
            }
        ],
        "rule-19": [
            {
                "part": null,
                "template-line-number": 373,
                "expression-node": 101,
                "replacement-node": 100,
                "node-pos": 164
            }
        ],
        "rule-23": [
            {
                "part": null,
                "template-line-number": 418,
                "expression-node": 113,
                "replacement-node": 112,
                "node-pos": 183
            }
        ],
        "rule-14": [
            {
                "part": null,
                "template-line-number": 318,
                "node-pos": 141,
                "replacement-node": 85
            }
        ],
        "rule-16": [
            {
                "part": null,
                "template-line-number": 341,
                "expression-node": 92,
                "replacement-node": 91,
                "node-pos": 150
            }
        ],
        "rule-8": [
            {
                "part": null,
                "template-line-number": 70,
                "expression-node": 20,
                "replacement-node": 19,
                "node-pos": 36
            }
        ],
        "rule-3": [
            {
                "part": null,
                "template-line-number": 31,
                "expression-node": 5,
                "replacement-node": 4,
                "node-pos": 14
            }
        ],
        "rule-4": [
            {
                "part": null,
                "template-line-number": 37,
                "node-pos": 18,
                "replacement-node": 7
            }
        ],
        "rule-10": [
            {
                "part": null,
                "template-line-number": 79,
                "expression-node": 26,
                "replacement-node": 25,
                "node-pos": 44
            }
        ],
        "rule-2": [
            {
                "part": null,
                "template-line-number": 27,
                "node-pos": 10,
                "replacement-node": 1
            }
        ],
        "rule-5": [
            {
                "html": true,
                "part": null,
                "template-line-number": 43,
                "node-pos": 22,
                "replacement-node": 10
            }
        ],
        "rule-21": [
            {
                "part": null,
                "template-line-number": 394,
                "expression-node": 107,
                "replacement-node": 106,
                "node-pos": 173
            }
        ],
        "rule-22": [
            {
                "part": null,
                "template-line-number": 404,
                "expression-node": 110,
                "replacement-node": 109,
                "node-pos": 177
            }
        ],
        "rule-17": [
            {
                "part": null,
                "template-line-number": 351,
                "expression-node": 95,
                "replacement-node": 94,
                "node-pos": 154
            }
        ],
        "rule-25": [
            {
                "part": null,
                "template-line-number": 432,
                "node-pos": 191,
                "replacement-node": 118
            }
        ],
        "rule-15": [
            {
                "part": null,
                "template-line-number": 331,
                "expression-node": 89,
                "replacement-node": 88,
                "node-pos": 146
            }
        ],
        "rule-24": [
            {
                "part": null,
                "template-line-number": 423,
                "node-pos": 187,
                "replacement-node": 115
            }
        ]
    },
    "line-numbers": {
        "RegulatoryCommissionExpenses": [
            {
                "start-number": 1,
                "template-line-number": 237,
                "line-number-node": 47
            }
        ]
    }
}