{
    "showifs": {
        "rule-1": {
            "type": "showif",
            "template-line-number": 16
        }
    },
    "line-numbers": {},
    "substitutions": {
        "rule-14": [
            {
                "replacement-node": 37,
                "expression-node": 38,
                "part": null,
                "node-pos": 70,
                "html": true,
                "template-line-number": 121
            }
        ],
        "rule-4": [
            {
                "replacement-node": 7,
                "part": null,
                "node-pos": 18,
                "template-line-number": 36
            }
        ],
        "rule-9": [
            {
                "replacement-node": 22,
                "part": null,
                "node-pos": 40,
                "template-line-number": 74
            }
        ],
        "rule-21": [
            {
                "replacement-node": 58,
                "part": null,
                "node-pos": 100,
                "template-line-number": 179
            }
        ],
        "rule-16": [
            {
                "replacement-node": 43,
                "expression-node": 44,
                "part": null,
                "node-pos": 78,
                "html": true,
                "template-line-number": 137
            }
        ],
        "rule-2": [
            {
                "replacement-node": 1,
                "part": null,
                "node-pos": 10,
                "template-line-number": 26
            }
        ],
        "rule-19": [
            {
                "replacement-node": 52,
                "expression-node": 53,
                "part": null,
                "node-pos": 90,
                "html": true,
                "template-line-number": 161
            }
        ],
        "rule-5": [
            {
                "replacement-node": 10,
                "html": true,
                "part": null,
                "node-pos": 22,
                "template-line-number": 42
            }
        ],
        "rule-18": [
            {
                "replacement-node": 49,
                "expression-node": 50,
                "part": null,
                "node-pos": 86,
                "html": true,
                "template-line-number": 153
            }
        ],
        "rule-17": [
            {
                "replacement-node": 46,
                "expression-node": 47,
                "part": null,
                "node-pos": 82,
                "html": true,
                "template-line-number": 145
            }
        ],
        "rule-11": [
            {
                "replacement-node": 28,
                "expression-node": 29,
                "part": null,
                "node-pos": 48,
                "template-line-number": 83
            }
        ],
        "rule-20": [
            {
                "replacement-node": 55,
                "expression-node": 56,
                "part": null,
                "node-pos": 96,
                "template-line-number": 174
            }
        ],
        "rule-15": [
            {
                "replacement-node": 40,
                "expression-node": 41,
                "part": null,
                "node-pos": 74,
                "html": true,
                "template-line-number": 129
            }
        ],
        "rule-13": [
            {
                "replacement-node": 34,
                "html": true,
                "part": null,
                "node-pos": 59,
                "template-line-number": 104
            }
        ],
        "rule-10": [
            {
                "replacement-node": 25,
                "expression-node": 26,
                "part": null,
                "node-pos": 44,
                "template-line-number": 78
            }
        ],
        "rule-12": [
            {
                "replacement-node": 31,
                "part": null,
                "node-pos": 54,
                "template-line-number": 93
            }
        ],
        "rule-7": [
            {
                "replacement-node": 16,
                "part": null,
                "node-pos": 32,
                "template-line-number": 65
            }
        ],
        "rule-8": [
            {
                "replacement-node": 19,
                "expression-node": 20,
                "part": null,
                "node-pos": 36,
                "template-line-number": 69
            }
        ],
        "rule-22": [
            {
                "replacement-node": 61,
                "part": null,
                "node-pos": 104,
                "template-line-number": 188
            }
        ],
        "rule-3": [
            {
                "replacement-node": 4,
                "expression-node": 5,
                "part": null,
                "node-pos": 14,
                "template-line-number": 30
            }
        ],
        "rule-6": [
            {
                "replacement-node": 13,
                "html": true,
                "part": null,
                "node-pos": 27,
                "template-line-number": 54
            }
        ]
    }
}