{
    "line-numbers": {
        "GasPlantInServiceLineItems": [
            {
                "start-number": 1,
                "template-line-number": 199,
                "line-number-node": 45
            }
        ]
    },
    "showifs": {
        "rule-1": {
            "template-line-number": 17,
            "type": "showif"
        }
    },
    "substitutions": {
        "rule-2": [
            {
                "part": null,
                "template-line-number": 27,
                "node-pos": 10,
                "replacement-node": 1
            }
        ],
        "rule-3": [
            {
                "part": null,
                "template-line-number": 32,
                "expression-node": 5,
                "node-pos": 14,
                "replacement-node": 4
            }
        ],
        "rule-5": [
            {
                "part": null,
                "template-line-number": 44,
                "node-pos": 22,
                "replacement-node": 10,
                "html": true
            }
        ],
        "rule-4": [
            {
                "part": null,
                "template-line-number": 38,
                "node-pos": 18,
                "replacement-node": 7
            }
        ],
        "rule-16": [
            {
                "part": null,
                "template-line-number": 290,
                "node-pos": 134,
                "replacement-node": 79
            }
        ],
        "rule-7": [
            {
                "part": null,
                "template-line-number": 67,
                "node-pos": 32,
                "replacement-node": 16
            }
        ],
        "rule-6": [
            {
                "part": null,
                "template-line-number": 56,
                "node-pos": 27,
                "replacement-node": 13,
                "html": true
            }
        ],
        "rule-12": [
            {
                "part": null,
                "template-line-number": 98,
                "node-pos": 54,
                "replacement-node": 31
            }
        ],
        "rule-15": [
            {
                "part": null,
                "template-line-number": 280,
                "node-pos": 130,
                "replacement-node": 76
            }
        ],
        "rule-18": {
            "subs": [
                {
                    "template-line-number": 214,
                    "extras": {},
                    "node-pos": 94,
                    "part": "2",
                    "replacement-node": 50,
                    "name": "GasPlantInServiceLineItems"
                },
                {
                    "template-line-number": 225,
                    "expression-node": 56,
                    "node-pos": 100,
                    "part": "2",
                    "replacement-node": 55,
                    "name": "GasPlantInServiceLineItems"
                },
                {
                    "template-line-number": 233,
                    "expression-node": 59,
                    "node-pos": 104,
                    "part": "3",
                    "replacement-node": 58,
                    "name": "GasPlantInServiceLineItems"
                },
                {
                    "template-line-number": 241,
                    "expression-node": 62,
                    "node-pos": 108,
                    "part": "4",
                    "replacement-node": 61,
                    "name": "GasPlantInServiceLineItems"
                },
                {
                    "template-line-number": 249,
                    "expression-node": 65,
                    "node-pos": 112,
                    "part": "5",
                    "replacement-node": 64,
                    "name": "GasPlantInServiceLineItems"
                },
                {
                    "template-line-number": 210,
                    "extras": {},
                    "node-pos": 92,
                    "part": "6",
                    "replacement-node": 48,
                    "name": "GasPlantInServiceLineItems"
                },
                {
                    "template-line-number": 257,
                    "expression-node": 68,
                    "node-pos": 116,
                    "part": "6",
                    "replacement-node": 67,
                    "name": "GasPlantInServiceLineItems"
                },
                {
                    "template-line-number": 265,
                    "expression-node": 71,
                    "node-pos": 120,
                    "part": "7",
                    "replacement-node": 70,
                    "name": "GasPlantInServiceLineItems"
                }
            ],
            "name": "GasPlantInServiceLineItems"
        },
        "rule-10": [
            {
                "part": null,
                "template-line-number": 82,
                "expression-node": 26,
                "node-pos": 44,
                "replacement-node": 25
            }
        ],
        "rule-8": [
            {
                "part": null,
                "template-line-number": 72,
                "expression-node": 20,
                "node-pos": 36,
                "replacement-node": 19
            }
        ],
        "rule-11": [
            {
                "part": null,
                "template-line-number": 87,
                "expression-node": 29,
                "node-pos": 48,
                "replacement-node": 28
            }
        ],
        "rule-14": [
            {
                "part": null,
                "template-line-number": 275,
                "expression-node": 74,
                "node-pos": 126,
                "replacement-node": 73
            }
        ],
        "rule-13": [
            {
                "part": null,
                "template-line-number": 109,
                "node-pos": 59,
                "replacement-node": 34,
                "html": true
            }
        ],
        "rule-9": [
            {
                "part": null,
                "template-line-number": 77,
                "node-pos": 40,
                "replacement-node": 22
            }
        ],
        "rule-17": {
            "subs": [
                {
                    "template-line-number": 141,
                    "extras": {},
                    "node-pos": 76,
                    "part": "1",
                    "replacement-node": 38,
                    "name": "GasPlantInServiceHeadings"
                },
                {
                    "template-line-number": 148,
                    "extras": {},
                    "node-pos": 80,
                    "part": "2",
                    "replacement-node": 41,
                    "name": "GasPlantInServiceHeadings"
                }
            ],
            "name": "GasPlantInServiceHeadings"
        }
    }
}