{
    "substitutions": {
        "rule-14": [
            {
                "replacement-node": 66,
                "template-line-number": 246,
                "node-pos": 116,
                "part": null
            }
        ],
        "rule-16": {
            "subs": [
                {
                    "replacement-node": 37,
                    "extras": {},
                    "node-pos": 75,
                    "part": "1",
                    "template-line-number": 134,
                    "name": "ColumnHeadings"
                },
                {
                    "replacement-node": 40,
                    "extras": {},
                    "node-pos": 79,
                    "part": "2",
                    "template-line-number": 141,
                    "name": "ColumnHeadings"
                }
            ],
            "name": "ColumnHeadings"
        },
        "rule-3": [
            {
                "replacement-node": 6,
                "template-line-number": 33,
                "node-pos": 18,
                "part": null
            }
        ],
        "rule-12": [
            {
                "replacement-node": 33,
                "template-line-number": 103,
                "html": true,
                "node-pos": 59,
                "part": null
            }
        ],
        "rule-7": [
            {
                "replacement-node": 18,
                "template-line-number": 67,
                "expression-node": 19,
                "node-pos": 36,
                "part": null
            }
        ],
        "rule-5": [
            {
                "replacement-node": 12,
                "template-line-number": 51,
                "html": true,
                "node-pos": 27,
                "part": null
            }
        ],
        "rule-6": [
            {
                "replacement-node": 15,
                "template-line-number": 62,
                "node-pos": 32,
                "part": null
            }
        ],
        "rule-8": [
            {
                "replacement-node": 21,
                "template-line-number": 72,
                "node-pos": 40,
                "part": null
            }
        ],
        "rule-9": [
            {
                "replacement-node": 24,
                "template-line-number": 77,
                "expression-node": 25,
                "node-pos": 44,
                "part": null
            }
        ],
        "rule-4": [
            {
                "replacement-node": 9,
                "template-line-number": 39,
                "html": true,
                "node-pos": 22,
                "part": null
            }
        ],
        "rule-15": [
            {
                "replacement-node": 69,
                "template-line-number": 255,
                "node-pos": 120,
                "part": null
            }
        ],
        "rule-10": [
            {
                "replacement-node": 27,
                "template-line-number": 82,
                "expression-node": 28,
                "node-pos": 48,
                "part": null
            }
        ],
        "rule-11": [
            {
                "replacement-node": 30,
                "template-line-number": 92,
                "node-pos": 54,
                "part": null
            }
        ],
        "rule-2": [
            {
                "replacement-node": 3,
                "template-line-number": 27,
                "expression-node": 4,
                "node-pos": 14,
                "part": null
            }
        ],
        "rule-13": [
            {
                "replacement-node": 63,
                "template-line-number": 241,
                "expression-node": 64,
                "node-pos": 112,
                "part": null
            }
        ],
        "rule-1": [
            {
                "replacement-node": 0,
                "template-line-number": 22,
                "node-pos": 10,
                "part": null
            }
        ],
        "rule-17": {
            "subs": [
                {
                    "replacement-node": 44,
                    "extras": {},
                    "node-pos": 85,
                    "part": "1",
                    "template-line-number": 187,
                    "name": "CostOfServiceAnalysisLineItems"
                },
                {
                    "replacement-node": 49,
                    "extras": {},
                    "node-pos": 93,
                    "part": "2",
                    "template-line-number": 198,
                    "name": "CostOfServiceAnalysisLineItems"
                },
                {
                    "replacement-node": 53,
                    "expression-node": 54,
                    "node-pos": 98,
                    "part": "4",
                    "template-line-number": 207,
                    "name": "CostOfServiceAnalysisLineItems"
                },
                {
                    "replacement-node": 58,
                    "expression-node": 59,
                    "node-pos": 104,
                    "part": "5",
                    "template-line-number": 222,
                    "name": "CostOfServiceAnalysisLineItems"
                },
                {
                    "replacement-node": 47,
                    "extras": {},
                    "node-pos": 91,
                    "part": "6",
                    "template-line-number": 194,
                    "name": "CostOfServiceAnalysisLineItems"
                }
            ],
            "name": "CostOfServiceAnalysisLineItems"
        }
    },
    "showifs": {},
    "line-numbers": {}
}