{
    "substitutions": {
        "rule-1": [
            {
                "part": null,
                "replacement-node": 0,
                "template-line-number": 23,
                "node-pos": 10
            }
        ],
        "rule-2": [
            {
                "part": null,
                "replacement-node": 3,
                "expression-node": 4,
                "template-line-number": 28,
                "node-pos": 15
            }
        ],
        "rule-3": [
            {
                "part": null,
                "replacement-node": 6,
                "template-line-number": 34,
                "node-pos": 19
            }
        ],
        "rule-4": [
            {
                "part": null,
                "replacement-node": 9,
                "template-line-number": 40,
                "node-pos": 23,
                "html": true
            }
        ],
        "rule-5": [
            {
                "part": null,
                "replacement-node": 12,
                "template-line-number": 52,
                "node-pos": 28,
                "html": true
            }
        ],
        "rule-6": [
            {
                "part": null,
                "replacement-node": 15,
                "template-line-number": 63,
                "node-pos": 33
            }
        ],
        "rule-7": [
            {
                "part": null,
                "replacement-node": 18,
                "expression-node": 19,
                "template-line-number": 68,
                "node-pos": 38
            }
        ],
        "rule-8": [
            {
                "part": null,
                "replacement-node": 21,
                "template-line-number": 73,
                "node-pos": 42
            }
        ],
        "rule-9": [
            {
                "part": null,
                "replacement-node": 24,
                "expression-node": 25,
                "template-line-number": 78,
                "node-pos": 47
            }
        ],
        "rule-10": [
            {
                "part": null,
                "replacement-node": 27,
                "expression-node": 28,
                "template-line-number": 83,
                "node-pos": 51
            }
        ],
        "rule-11": [
            {
                "part": null,
                "replacement-node": 30,
                "template-line-number": 93,
                "node-pos": 57
            }
        ],
        "rule-12": [
            {
                "part": null,
                "replacement-node": 33,
                "template-line-number": 104,
                "node-pos": 62,
                "html": true
            }
        ],
        "rule-13": [
            {
                "part": null,
                "replacement-node": 88,
                "template-line-number": 299,
                "node-pos": 142
            }
        ],
        "rule-14": [
            {
                "part": null,
                "replacement-node": 91,
                "template-line-number": 308,
                "node-pos": 146
            }
        ],
        "rule-15": {
            "name": "MTSPeakLoadHeadings",
            "subs": [
                {
                    "name": "MTSPeakLoadHeadings",
                    "part": "1",
                    "replacement-node": 37,
                    "template-line-number": 132,
                    "extras": {},
                    "node-pos": 75
                },
                {
                    "name": "MTSPeakLoadHeadings",
                    "part": "2",
                    "replacement-node": 40,
                    "template-line-number": 139,
                    "extras": {},
                    "node-pos": 79
                }
            ]
        },
        "rule-16": {
            "name": "MTSPeakLoadLineItems",
            "subs": [
                {
                    "name": "MTSPeakLoadLineItems",
                    "part": "10",
                    "replacement-node": 76,
                    "expression-node": 77,
                    "template-line-number": 267,
                    "node-pos": 125
                },
                {
                    "name": "MTSPeakLoadLineItems",
                    "part": "11",
                    "replacement-node": 80,
                    "expression-node": 81,
                    "template-line-number": 274,
                    "node-pos": 130
                },
                {
                    "name": "MTSPeakLoadLineItems",
                    "part": "12",
                    "replacement-node": 84,
                    "expression-node": 85,
                    "template-line-number": 281,
                    "node-pos": 135
                },
                {
                    "name": "MTSPeakLoadLineItems",
                    "part": "2",
                    "replacement-node": 48,
                    "template-line-number": 215,
                    "extras": {},
                    "node-pos": 90
                },
                {
                    "name": "MTSPeakLoadLineItems",
                    "part": "3",
                    "replacement-node": 44,
                    "template-line-number": 208,
                    "extras": {},
                    "node-pos": 85
                },
                {
                    "name": "MTSPeakLoadLineItems",
                    "part": "4",
                    "replacement-node": 52,
                    "expression-node": 53,
                    "template-line-number": 224,
                    "node-pos": 95
                },
                {
                    "name": "MTSPeakLoadLineItems",
                    "part": "5",
                    "replacement-node": 56,
                    "expression-node": 57,
                    "template-line-number": 232,
                    "node-pos": 100
                },
                {
                    "name": "MTSPeakLoadLineItems",
                    "part": "6",
                    "replacement-node": 60,
                    "expression-node": 61,
                    "template-line-number": 239,
                    "node-pos": 105
                },
                {
                    "name": "MTSPeakLoadLineItems",
                    "part": "7",
                    "replacement-node": 64,
                    "expression-node": 65,
                    "template-line-number": 246,
                    "node-pos": 110
                },
                {
                    "name": "MTSPeakLoadLineItems",
                    "part": "8",
                    "replacement-node": 68,
                    "expression-node": 69,
                    "template-line-number": 253,
                    "node-pos": 115
                },
                {
                    "name": "MTSPeakLoadLineItems",
                    "part": "9",
                    "replacement-node": 72,
                    "expression-node": 73,
                    "template-line-number": 260,
                    "node-pos": 120
                }
            ]
        }
    },
    "line-numbers": {},
    "showifs": {},
    "footnotes": {},
    "standard-rules": [
        "rule-1",
        "rule-2",
        "rule-3",
        "rule-4",
        "rule-5",
        "rule-6",
        "rule-7",
        "rule-8",
        "rule-9",
        "rule-10",
        "rule-11",
        "rule-12",
        "rule-13",
        "rule-14",
        "rule-15",
        "rule-16"
    ],
    "footnote-rules": []
}