{
    "line-numbers": {
        "formula": [
            {
                "line-number-node": 54,
                "template-line-number": 233,
                "start-number": 1
            }
        ]
    },
    "showifs": {},
    "substitutions": {
        "rule-14": [
            {
                "replacement-node": 39,
                "node-pos": 67,
                "html": true,
                "template-line-number": 128,
                "part": null
            }
        ],
        "rule-15": [
            {
                "replacement-node": 42,
                "node-pos": 73,
                "html": true,
                "template-line-number": 142,
                "part": null
            }
        ],
        "rule-3": [
            {
                "replacement-node": 6,
                "node-pos": 17,
                "template-line-number": 32,
                "part": null
            }
        ],
        "rule-17": [
            {
                "replacement-node": 65,
                "node-pos": 113,
                "template-line-number": 264,
                "part": null
            }
        ],
        "rule-16": [
            {
                "replacement-node": 62,
                "node-pos": 109,
                "expression-node": 63,
                "template-line-number": 257,
                "part": null
            }
        ],
        "rule-20": {
            "name": "formula",
            "subs": [
                {
                    "expression-node": 57,
                    "name": "formula",
                    "part": "2",
                    "replacement-node": 56,
                    "node-pos": 99,
                    "template-line-number": 236
                },
                {
                    "expression-node": 60,
                    "name": "formula",
                    "part": "3",
                    "replacement-node": 59,
                    "node-pos": 103,
                    "template-line-number": 241
                }
            ]
        },
        "rule-13": [
            {
                "replacement-node": 36,
                "node-pos": 62,
                "html": true,
                "template-line-number": 116,
                "part": null
            }
        ],
        "rule-1": [
            {
                "replacement-node": 0,
                "node-pos": 9,
                "template-line-number": 21,
                "part": null
            }
        ],
        "rule-2": [
            {
                "replacement-node": 3,
                "node-pos": 13,
                "expression-node": 4,
                "template-line-number": 26,
                "part": null
            }
        ],
        "rule-12": [
            {
                "replacement-node": 33,
                "node-pos": 58,
                "template-line-number": 105,
                "part": null
            }
        ],
        "rule-18": [
            {
                "replacement-node": 68,
                "node-pos": 117,
                "template-line-number": 274,
                "part": null
            }
        ],
        "rule-9": [
            {
                "replacement-node": 24,
                "node-pos": 43,
                "expression-node": 25,
                "template-line-number": 76,
                "part": null
            }
        ],
        "rule-19": {
            "name": "InvHeadings",
            "subs": [
                {
                    "extras": {},
                    "name": "InvHeadings",
                    "part": "1",
                    "replacement-node": 47,
                    "node-pos": 86,
                    "template-line-number": 172
                },
                {
                    "extras": {},
                    "name": "InvHeadings",
                    "part": "2",
                    "replacement-node": 50,
                    "node-pos": 90,
                    "template-line-number": 181
                },
                {
                    "extras": {},
                    "name": "InvHeadings",
                    "part": "3",
                    "replacement-node": 45,
                    "node-pos": 84,
                    "template-line-number": 168
                }
            ]
        },
        "rule-4": [
            {
                "replacement-node": 9,
                "node-pos": 21,
                "html": true,
                "template-line-number": 38,
                "part": null
            }
        ],
        "rule-7": [
            {
                "replacement-node": 18,
                "node-pos": 35,
                "expression-node": 19,
                "template-line-number": 66,
                "part": null
            }
        ],
        "rule-11": [
            {
                "replacement-node": 30,
                "node-pos": 53,
                "template-line-number": 93,
                "part": null
            }
        ],
        "rule-8": [
            {
                "replacement-node": 21,
                "node-pos": 39,
                "template-line-number": 71,
                "part": null
            }
        ],
        "rule-10": [
            {
                "replacement-node": 27,
                "node-pos": 47,
                "expression-node": 28,
                "template-line-number": 81,
                "part": null
            }
        ],
        "rule-5": [
            {
                "replacement-node": 12,
                "node-pos": 26,
                "html": true,
                "template-line-number": 50,
                "part": null
            }
        ],
        "rule-6": [
            {
                "replacement-node": 15,
                "node-pos": 31,
                "template-line-number": 61,
                "part": null
            }
        ]
    }
}