{
    "substitutions": {
        "rule-19": {
            "name": "formula",
            "subs": [
                {
                    "part": "2",
                    "replacement-node": 56,
                    "template-line-number": 236,
                    "name": "formula",
                    "node-pos": 99,
                    "expression-node": 57
                },
                {
                    "part": "3",
                    "replacement-node": 59,
                    "template-line-number": 241,
                    "name": "formula",
                    "node-pos": 103,
                    "expression-node": 60
                }
            ]
        },
        "rule-3": [
            {
                "part": null,
                "node-pos": 17,
                "replacement-node": 6,
                "template-line-number": 32
            }
        ],
        "rule-9": [
            {
                "part": null,
                "node-pos": 43,
                "replacement-node": 24,
                "expression-node": 25,
                "template-line-number": 76
            }
        ],
        "rule-14": [
            {
                "part": null,
                "node-pos": 67,
                "replacement-node": 39,
                "html": true,
                "template-line-number": 128
            }
        ],
        "rule-13": [
            {
                "part": null,
                "node-pos": 62,
                "replacement-node": 36,
                "html": true,
                "template-line-number": 116
            }
        ],
        "rule-18": [
            {
                "part": null,
                "node-pos": 117,
                "replacement-node": 68,
                "template-line-number": 274
            }
        ],
        "rule-20": {
            "name": "InvHeadings",
            "subs": [
                {
                    "part": "1",
                    "replacement-node": 47,
                    "template-line-number": 172,
                    "name": "InvHeadings",
                    "node-pos": 86,
                    "extras": {}
                },
                {
                    "part": "2",
                    "replacement-node": 50,
                    "template-line-number": 181,
                    "name": "InvHeadings",
                    "node-pos": 90,
                    "extras": {}
                },
                {
                    "part": "3",
                    "replacement-node": 45,
                    "template-line-number": 168,
                    "name": "InvHeadings",
                    "node-pos": 84,
                    "extras": {}
                }
            ]
        },
        "rule-17": [
            {
                "part": null,
                "node-pos": 113,
                "replacement-node": 65,
                "template-line-number": 264
            }
        ],
        "rule-8": [
            {
                "part": null,
                "node-pos": 39,
                "replacement-node": 21,
                "template-line-number": 71
            }
        ],
        "rule-5": [
            {
                "part": null,
                "node-pos": 26,
                "replacement-node": 12,
                "html": true,
                "template-line-number": 50
            }
        ],
        "rule-16": [
            {
                "part": null,
                "node-pos": 109,
                "replacement-node": 62,
                "expression-node": 63,
                "template-line-number": 257
            }
        ],
        "rule-7": [
            {
                "part": null,
                "node-pos": 35,
                "replacement-node": 18,
                "expression-node": 19,
                "template-line-number": 66
            }
        ],
        "rule-11": [
            {
                "part": null,
                "node-pos": 53,
                "replacement-node": 30,
                "template-line-number": 93
            }
        ],
        "rule-6": [
            {
                "part": null,
                "node-pos": 31,
                "replacement-node": 15,
                "template-line-number": 61
            }
        ],
        "rule-2": [
            {
                "part": null,
                "node-pos": 13,
                "replacement-node": 3,
                "expression-node": 4,
                "template-line-number": 26
            }
        ],
        "rule-1": [
            {
                "part": null,
                "node-pos": 9,
                "replacement-node": 0,
                "template-line-number": 21
            }
        ],
        "rule-10": [
            {
                "part": null,
                "node-pos": 47,
                "replacement-node": 27,
                "expression-node": 28,
                "template-line-number": 81
            }
        ],
        "rule-12": [
            {
                "part": null,
                "node-pos": 58,
                "replacement-node": 33,
                "template-line-number": 105
            }
        ],
        "rule-15": [
            {
                "part": null,
                "node-pos": 73,
                "replacement-node": 42,
                "html": true,
                "template-line-number": 142
            }
        ],
        "rule-4": [
            {
                "part": null,
                "node-pos": 21,
                "replacement-node": 9,
                "html": true,
                "template-line-number": 38
            }
        ]
    },
    "line-numbers": {
        "formula": [
            {
                "template-line-number": 233,
                "start-number": 1,
                "line-number-node": 54
            }
        ]
    },
    "showifs": {}
}