{
    "line-numbers": {},
    "substitutions": {
        "rule-4": [
            {
                "template-line-number": 39,
                "html": true,
                "node-pos": 21,
                "replacement-node": 9,
                "part": null
            }
        ],
        "rule-14": [
            {
                "html": true,
                "node-pos": 84,
                "replacement-node": 39,
                "template-line-number": 141,
                "part": null,
                "expression-node": 40
            }
        ],
        "rule-5": [
            {
                "template-line-number": 51,
                "html": true,
                "node-pos": 26,
                "replacement-node": 12,
                "part": null
            }
        ],
        "rule-26": [
            {
                "html": true,
                "node-pos": 144,
                "replacement-node": 75,
                "template-line-number": 273,
                "part": null,
                "expression-node": 76
            }
        ],
        "rule-29": [
            {
                "template-line-number": 304,
                "node-pos": 158,
                "replacement-node": 84,
                "part": null
            }
        ],
        "rule-8": [
            {
                "template-line-number": 72,
                "node-pos": 39,
                "replacement-node": 21,
                "part": null
            }
        ],
        "rule-22": [
            {
                "html": true,
                "node-pos": 124,
                "replacement-node": 63,
                "template-line-number": 229,
                "part": null,
                "expression-node": 64
            }
        ],
        "rule-12": [
            {
                "template-line-number": 103,
                "html": true,
                "node-pos": 58,
                "replacement-node": 33,
                "part": null
            }
        ],
        "rule-25": [
            {
                "html": true,
                "node-pos": 139,
                "replacement-node": 72,
                "template-line-number": 262,
                "part": null,
                "expression-node": 73
            }
        ],
        "rule-16": [
            {
                "html": true,
                "node-pos": 94,
                "replacement-node": 45,
                "template-line-number": 163,
                "part": null,
                "expression-node": 46
            }
        ],
        "rule-1": [
            {
                "template-line-number": 22,
                "node-pos": 9,
                "replacement-node": 0,
                "part": null
            }
        ],
        "rule-7": [
            {
                "template-line-number": 67,
                "expression-node": 19,
                "node-pos": 35,
                "replacement-node": 18,
                "part": null
            }
        ],
        "rule-13": [
            {
                "html": true,
                "node-pos": 79,
                "replacement-node": 36,
                "template-line-number": 130,
                "part": null,
                "expression-node": 37
            }
        ],
        "rule-9": [
            {
                "template-line-number": 77,
                "expression-node": 25,
                "node-pos": 43,
                "replacement-node": 24,
                "part": null
            }
        ],
        "rule-21": [
            {
                "html": true,
                "node-pos": 119,
                "replacement-node": 60,
                "template-line-number": 218,
                "part": null,
                "expression-node": 61
            }
        ],
        "rule-19": [
            {
                "html": true,
                "node-pos": 109,
                "replacement-node": 54,
                "template-line-number": 196,
                "part": null,
                "expression-node": 55
            }
        ],
        "rule-18": [
            {
                "html": true,
                "node-pos": 104,
                "replacement-node": 51,
                "template-line-number": 185,
                "part": null,
                "expression-node": 52
            }
        ],
        "rule-3": [
            {
                "template-line-number": 33,
                "node-pos": 17,
                "replacement-node": 6,
                "part": null
            }
        ],
        "rule-15": [
            {
                "html": true,
                "node-pos": 89,
                "replacement-node": 42,
                "template-line-number": 152,
                "part": null,
                "expression-node": 43
            }
        ],
        "rule-6": [
            {
                "template-line-number": 62,
                "node-pos": 31,
                "replacement-node": 15,
                "part": null
            }
        ],
        "rule-20": [
            {
                "html": true,
                "node-pos": 114,
                "replacement-node": 57,
                "template-line-number": 207,
                "part": null,
                "expression-node": 58
            }
        ],
        "rule-23": [
            {
                "html": true,
                "node-pos": 129,
                "replacement-node": 66,
                "template-line-number": 240,
                "part": null,
                "expression-node": 67
            }
        ],
        "rule-28": [
            {
                "template-line-number": 294,
                "node-pos": 154,
                "replacement-node": 81,
                "part": null
            }
        ],
        "rule-11": [
            {
                "template-line-number": 92,
                "node-pos": 53,
                "replacement-node": 30,
                "part": null
            }
        ],
        "rule-2": [
            {
                "template-line-number": 27,
                "expression-node": 4,
                "node-pos": 13,
                "replacement-node": 3,
                "part": null
            }
        ],
        "rule-17": [
            {
                "html": true,
                "node-pos": 99,
                "replacement-node": 48,
                "template-line-number": 174,
                "part": null,
                "expression-node": 49
            }
        ],
        "rule-10": [
            {
                "template-line-number": 82,
                "expression-node": 28,
                "node-pos": 47,
                "replacement-node": 27,
                "part": null
            }
        ],
        "rule-27": [
            {
                "template-line-number": 287,
                "expression-node": 79,
                "node-pos": 150,
                "replacement-node": 78,
                "part": null
            }
        ],
        "rule-24": [
            {
                "html": true,
                "node-pos": 134,
                "replacement-node": 69,
                "template-line-number": 251,
                "part": null,
                "expression-node": 70
            }
        ]
    },
    "showifs": {}
}